t_s,phase,torque_step_Nm,mode,velocity_rps_out,orbis_unwrapped_output_rev,q_current_A,bus_voltage_V,fet_temp_C,fault,bissc_crc_delta
0.0,escalate,1.0,0,5.080663640910643e-07,0.0,0.14136338233947754,24.0,33.0,0,0.0
0.0178,escalate,1.0,10,5.080663640910643e-07,0.0,0.011323320679366589,24.0,33.0,0,0.0
0.0202,escalate,1.0,10,5.080663640910643e-07,0.0,0.1194237768650055,24.0,33.0,0,0.0
0.031,escalate,1.0,10,5.080663640910643e-07,0.0,0.011323317885398865,24.0,33.0,0,0.0
0.0411,escalate,1.0,10,5.080663640910643e-07,0.0,0.07961586117744446,24.0,33.0,0,0.0
0.051,escalate,1.0,10,5.080663640910643e-07,0.0,-9.064838879524473e-10,24.0,33.0,0,0.0
0.061,escalate,1.0,10,5.080663640910643e-07,0.0,0.03980793058872223,24.0,33.0,0,0.0
0.071,escalate,1.0,10,5.080663640910643e-07,0.0,-0.03980793058872223,24.0,33.0,0,0.0
0.081,escalate,1.0,10,5.080663640910643e-07,0.0,-0.011323320679366589,24.0,33.0,0,0.0
0.091,escalate,1.0,10,5.080663640910643e-07,0.0,-0.03980793058872223,24.0,33.0,0,0.0
0.1011,escalate,1.0,10,5.080663640910643e-07,0.0,-1.8129677759048946e-09,24.0,33.0,0,0.0
0.1106,escalate,1.0,10,5.080663640910643e-07,0.0,0.07961586117744446,24.0,33.0,0,0.0
0.1208,escalate,1.0,10,5.080663640910643e-07,0.0,0.011323317885398865,24.0,33.0,0,0.0
0.1304,escalate,1.0,10,5.080663640910643e-07,0.0,-0.09093917906284332,24.0,33.0,0,0.0
0.1404,escalate,1.0,10,5.080663640910643e-07,0.0,0.0171612948179245,24.0,33.0,0,0.0
0.1506,escalate,1.0,10,5.080663640910643e-07,0.0,-0.06245456263422966,24.0,33.0,0,0.0
0.1611,escalate,1.0,10,5.080663640910643e-07,0.0,0.028484610840678215,24.0,33.0,0,0.0
0.171,escalate,1.0,10,5.080663640910643e-07,0.0,0.028484610840678215,24.0,33.0,0,0.0
0.181,escalate,1.0,10,5.080663640910643e-07,0.0,-0.03980793058872223,24.0,33.0,0,0.0
0.191,escalate,1.0,10,5.080663640910643e-07,0.0,0.011323319748044014,24.0,33.0,0,0.0
0.201,escalate,1.0,10,5.080663640910643e-07,0.0,-0.10226249694824219,24.0,33.0,0,0.0
0.2209,escalate,1.0,10,5.080663640910643e-07,0.0,0.011323317885398865,24.0,33.0,0,0.0
0.2224,escalate,1.0,10,5.080663640910643e-07,0.0,0.09093917906284332,24.0,33.0,0,0.0
0.2307,escalate,1.0,10,5.080663640910643e-07,0.0,0.028484612703323364,24.0,33.0,0,0.0
0.241,escalate,1.0,10,5.080663640910643e-07,0.0,0.011323316022753716,24.0,33.0,0,0.0
0.2508,escalate,1.0,10,5.080663640910643e-07,0.0,-0.11358581483364105,24.0,33.0,0,0.0
0.2611,escalate,1.0,10,5.080663640910643e-07,0.0,-0.051131248474121094,24.0,33.0,0,0.0
0.271,escalate,1.0,10,5.080663640910643e-07,0.0,-0.03980793058872223,24.0,33.0,0,0.0
0.281,escalate,1.0,10,5.080663640910643e-07,0.0,0.13074710965156555,24.0,33.0,0,0.0
0.2903,escalate,1.0,10,5.080663640910643e-07,0.0,0.03980793058872223,24.0,33.0,0,0.0
0.3011,escalate,1.0,10,5.080663640910643e-07,0.0,0.051131248474121094,24.0,33.0,0,0.0
0.311,escalate,1.0,10,5.080663640910643e-07,0.0,0.0682925432920456,24.0,33.0,0,0.0
0.3211,escalate,1.0,10,5.080663640910643e-07,0.0,-0.03980793058872223,24.0,33.0,0,0.0
0.3302,escalate,1.0,10,5.080663640910643e-07,0.0,0.15339374542236328,24.0,33.0,0,0.0
0.3405,escalate,1.0,10,5.080663640910643e-07,0.0,-0.06245456635951996,24.0,33.0,0,0.0
0.3511,escalate,1.0,10,5.080663640910643e-07,0.0,0.11358581483364105,24.0,33.0,0,0.0
0.361,escalate,1.0,10,5.080663640910643e-07,0.0,0.03980793058872223,24.0,33.0,0,0.0
0.371,escalate,1.0,10,5.080663640910643e-07,0.0,0.0171612910926342,24.0,33.0,0,0.0
0.381,escalate,1.0,10,5.080663640910643e-07,0.0,-0.03980793058872223,24.0,33.0,0,0.0
0.3911,escalate,1.0,10,5.080663640910643e-07,0.0,-9.064838879524473e-10,24.0,33.0,0,0.0
0.401,escalate,1.0,10,5.080663640910643e-07,0.0,0.03980793058872223,24.0,33.0,0,0.0
0.411,escalate,1.0,10,5.080663640910643e-07,0.0,1.2657658032821928e-08,24.0,33.0,0,0.0
0.4299,escalate,1.0,10,5.080663640910643e-07,0.0,0.21584831178188324,24.0,33.0,0,0.0
0.4313,escalate,1.0,10,5.080663640910643e-07,0.0,0.07961586117744446,24.0,33.0,0,0.0
0.441,escalate,1.0,10,5.080663640910643e-07,0.0,0.09093917906284332,24.0,33.0,0,0.0
0.451,escalate,1.0,10,5.080663640910643e-07,0.0,-0.03980793058872223,24.0,33.0,0,0.0
0.4605,escalate,1.0,10,5.080663640910643e-07,0.0,0.22168628871440887,24.0,33.0,0,0.0
0.4711,escalate,1.0,10,5.080663640910643e-07,0.0,0.028484612703323364,24.0,33.0,0,0.0
0.481,escalate,1.0,10,5.080663640910643e-07,0.0,0.03980793058872223,24.0,33.0,0,0.0
0.491,escalate,1.0,10,5.080663640910643e-07,0.0,-9.064838879524473e-10,24.0,33.0,0,0.0
0.501,escalate,1.0,10,5.080663640910643e-07,0.0,0.3977266550064087,24.0,33.0,0,0.0
0.5108,escalate,1.0,10,5.080663640910643e-07,0.0,0.09093917906284332,24.0,33.0,0,0.0
0.521,escalate,1.0,10,5.080663640910643e-07,0.0,0.10226249694824219,24.0,33.0,0,0.0
0.531,escalate,1.0,10,5.080663640910643e-07,0.0,0.15339374542236328,24.0,33.0,0,0.0
0.541,escalate,1.0,10,5.080663640910643e-07,0.0,0.028484610840678215,24.0,33.0,0,0.0
0.551,escalate,1.0,10,5.080663640910643e-07,0.0,0.10226249694824219,24.0,33.0,0,0.0
0.561,escalate,1.0,10,5.080663640910643e-07,0.0,0.1932016909122467,24.0,33.0,0,0.0
0.571,escalate,1.0,10,5.080663640910643e-07,0.0,0.09093917906284332,24.0,33.0,0,0.0
0.581,escalate,1.0,10,5.080663640910643e-07,0.0,0.12490913271903992,24.0,33.0,0,0.0
0.591,escalate,1.0,10,5.080663640910643e-07,0.0,0.2669795751571655,24.0,33.0,0,0.0
0.601,escalate,1.0,10,5.080663640910643e-07,0.0,0.11358581483364105,24.0,33.0,0,0.0
0.611,escalate,1.0,10,5.080663640910643e-07,0.0,0.02264663577079773,24.0,33.0,0,0.0
0.6294,escalate,1.0,10,5.080663640910643e-07,0.0,-9.064838879524473e-10,24.0,33.0,0,0.0
0.6306,escalate,1.0,10,5.080663640910643e-07,0.0,0.06245456263422966,24.0,33.0,0,0.0
0.6411,escalate,1.0,10,5.080663640910643e-07,0.0,-0.07413052022457123,24.0,33.0,0,0.0
0.651,escalate,1.0,10,5.080663640910643e-07,0.0,0.10226251929998398,24.0,33.0,0,0.0
0.661,escalate,1.0,10,5.080663640910643e-07,0.0,0.03980793058872223,24.0,33.0,0,0.0
0.671,escalate,1.0,10,5.080663640910643e-07,0.0,0.1760403960943222,24.0,33.0,0,0.0
0.681,escalate,1.0,10,5.080663640910643e-07,0.0,-0.011323319748044014,24.0,33.0,0,0.0
0.6911,escalate,1.0,10,5.080663640910643e-07,0.0,-0.011323319748044014,24.0,33.0,0,0.0
0.701,escalate,1.0,10,5.080663640910643e-07,0.0,0.20452499389648438,24.0,33.0,0,0.0
0.711,escalate,1.0,10,5.080663640910643e-07,0.0,0.028484612703323364,24.0,33.0,0,0.0
0.721,escalate,1.0,10,5.080663640910643e-07,0.0,0.09093917906284332,24.0,33.0,0,0.0
0.7322,escalate,1.0,10,5.080663640910643e-07,0.0,0.11358581483364105,24.0,33.0,0,0.0
0.7404,escalate,1.0,10,5.080663640910643e-07,0.0,0.2669795751571655,24.0,33.0,0,0.0
0.751,escalate,1.0,10,5.080663640910643e-07,0.0,0.10226249694824219,24.0,33.0,0,0.0
0.761,escalate,1.0,10,5.080663640910643e-07,0.0,0.19320166110992432,24.0,33.0,0,0.0
0.7709,escalate,1.0,10,5.080663640910643e-07,0.0,0.09093917906284332,24.0,33.0,0,0.0
0.7805,escalate,1.0,10,5.080663640910643e-07,0.0,-0.03980793058872223,24.0,33.0,0,0.0
0.7907,escalate,1.0,10,5.080663640910643e-07,0.0,0.03980793058872223,24.0,33.0,0,0.0
0.801,escalate,1.0,10,5.080663640910643e-07,0.0,0.10226249694824219,24.0,33.0,0,0.0
0.811,escalate,1.0,10,5.080663640910643e-07,0.0,0.10226249694824219,24.0,33.0,0,0.0
0.8295,escalate,1.0,10,5.080663640910643e-07,0.0,0.25565624237060547,24.0,33.0,0,0.0
0.8307,escalate,1.0,10,5.080663640910643e-07,0.0,0.051131248474121094,24.0,33.0,0,0.0
0.8409,escalate,1.0,10,5.080663640910643e-07,0.0,0.15339374542236328,24.0,33.0,0,0.0
0.851,escalate,1.0,10,5.080663640910643e-07,0.0,0.1932016909122467,24.0,33.0,0,0.0
0.861,escalate,1.0,10,5.080663640910643e-07,0.0,0.14207041263580322,24.0,33.0,0,0.0
0.871,escalate,1.0,10,5.080663640910643e-07,0.0,0.011323316022753716,24.0,33.0,0,0.0
0.881,escalate,1.0,10,5.080663640910643e-07,0.0,0.13074710965156555,24.0,33.0,0,0.0
0.891,escalate,1.0,10,5.080663640910643e-07,0.0,0.15339374542236328,24.0,33.0,0,0.0
0.901,escalate,1.0,10,5.080663640910643e-07,0.0,0.14790840446949005,24.0,33.0,0,0.0
0.911,escalate,1.0,10,5.080663640910643e-07,0.0,0.15339374542236328,24.0,33.0,0,0.0
0.921,escalate,1.0,10,5.080663640910643e-07,0.0,0.15339374542236328,24.0,33.0,0,0.0
0.931,escalate,1.0,10,5.080663640910643e-07,0.0,0.18187835812568665,24.0,33.0,0,0.0
0.941,escalate,1.0,10,5.080663640910643e-07,0.0,0.20452499389648438,24.0,33.0,0,0.0
0.9508,escalate,1.0,10,5.080663640910643e-07,0.0,0.1932016909122467,24.0,33.0,0,0.0
0.961,escalate,1.0,10,5.080663640910643e-07,0.0,0.22168628871440887,24.0,33.0,0,0.0
0.971,escalate,1.0,10,5.080663640910643e-07,0.0,0.14207042753696442,24.0,33.0,0,0.0
0.981,escalate,1.0,10,5.080663640910643e-07,0.0,0.10226249694824219,24.0,33.0,0,0.0
0.991,escalate,1.0,10,5.080663640910643e-07,0.0,0.2728175222873688,24.0,33.0,0,0.0
1.001,escalate,1.0,10,5.080663640910643e-07,0.0,0.14207042753696442,24.0,33.0,0,0.0
1.011,escalate,1.0,10,5.080663640910643e-07,0.0,0.18187835812568665,24.0,33.0,0,0.0
1.0286,escalate,1.0,10,5.080663640910643e-07,0.0,0.16471706330776215,24.0,33.0,0,0.0
1.0301,escalate,1.0,10,5.080663640910643e-07,0.0,0.21584831178188324,24.0,33.0,0,0.0
1.041,escalate,1.0,10,5.080663640910643e-07,0.0,0.11358581483364105,24.0,33.0,0,0.0
1.0506,escalate,1.0,10,5.080663640910643e-07,0.0,0.09093917906284332,24.0,33.0,0,0.0
1.061,escalate,1.0,10,5.080663640910643e-07,0.0,0.07377788424491882,24.0,33.0,0,0.0
1.071,escalate,1.0,10,5.080663640910643e-07,0.0,0.15923172235488892,24.0,33.0,0,0.0
1.081,escalate,1.0,10,5.080663640910643e-07,0.0,0.2443329393863678,24.0,33.0,0,0.0
1.091,escalate,1.0,10,5.080663640910643e-07,0.0,0.20452499389648438,24.0,33.0,0,0.0
1.101,escalate,1.0,10,5.080663640910643e-07,0.0,0.18187837302684784,24.0,33.0,0,0.0
1.1106,escalate,1.0,10,5.080663640910643e-07,0.0,0.07961586117744446,24.0,33.0,0,0.0
1.121,escalate,1.0,10,5.080663640910643e-07,0.0,0.4148879647254944,24.0,33.0,0,0.0
1.131,escalate,1.0,10,5.080663640910643e-07,0.0,0.22168627381324768,24.0,33.0,0,0.0
1.141,escalate,1.0,10,5.080663640910643e-07,0.0,0.19320166110992432,24.0,33.0,0,0.0
1.151,escalate,1.0,10,5.080663640910643e-07,0.0,0.10226249694824219,24.0,33.0,0,0.0
1.161,escalate,1.0,10,5.080663640910643e-07,0.0,0.1932016909122467,24.0,33.0,0,0.0
1.171,escalate,1.0,10,5.080663640910643e-07,0.0,-1.8129677759048946e-09,24.0,33.0,0,0.0
1.1806,escalate,1.0,10,5.080663640910643e-07,0.0,0.28414085507392883,24.0,33.0,0,0.0
1.1911,escalate,1.0,10,5.080663640910643e-07,0.0,0.14207042753696442,24.0,33.0,0,0.0
1.201,escalate,1.0,10,5.080663640910643e-07,0.0,0.11358582973480225,24.0,33.0,0,0.0
1.211,escalate,1.0,10,5.080663640910643e-07,0.0,0.18187835812568665,24.0,33.0,0,0.0
1.221,escalate,1.0,10,5.080663640910643e-07,0.0,0.14207042753696442,24.0,33.0,0,0.0
1.2399,escalate,1.0,10,5.080663640910643e-07,0.0,0.23300960659980774,24.0,33.0,0,0.0
1.2413,escalate,1.0,10,5.080663640910643e-07,0.0,0.1932016909122467,24.0,33.0,0,0.0
1.251,escalate,1.0,10,5.080663640910643e-07,0.0,0.23300960659980774,24.0,33.0,102,0.0
1.261,escalate,1.0,10,5.080663640910643e-07,0.0,0.23300960659980774,24.0,33.0,102,0.0
1.271,escalate,1.0,10,5.080663640910643e-07,0.0,0.16471706330776215,24.0,33.0,102,0.0
1.281,escalate,1.0,10,5.080663640910643e-07,0.0,0.22168627381324768,24.0,33.0,102,0.0
1.291,escalate,1.0,10,5.080663640910643e-07,0.0,0.1932016909122467,24.0,33.0,102,0.0
1.301,escalate,1.0,10,5.080663640910643e-07,0.0,0.20452499389648438,24.0,33.0,102,0.0
1.3111,escalate,1.0,10,5.080663640910643e-07,0.0,0.1932016909122467,24.0,33.0,102,0.0
1.321,escalate,1.0,10,5.080663640910643e-07,0.0,0.09093917906284332,24.0,33.0,102,0.0
1.331,escalate,1.0,10,5.080663640910643e-07,0.0,0.2954641878604889,24.0,33.0,102,0.0
1.341,escalate,1.0,10,5.080663640910643e-07,0.0,0.18187835812568665,24.0,33.0,102,0.0
1.351,escalate,1.0,10,5.080663640910643e-07,0.0,0.2954641580581665,24.0,33.0,102,0.0
1.361,escalate,1.0,10,5.080663640910643e-07,0.0,0.15339374542236328,24.0,33.0,102,0.0
1.371,escalate,1.0,10,5.080663640910643e-07,0.0,0.3126254677772522,24.0,33.0,102,0.0
1.381,escalate,1.0,10,5.080663640910643e-07,0.0,0.1420704424381256,24.0,33.0,102,0.0
1.391,escalate,1.0,10,5.080663640910643e-07,0.0,0.18187835812568665,24.0,33.0,102,0.0
1.4003,escalate,1.0,10,5.080663640910643e-07,0.0,0.18187835812568665,24.0,33.0,102,0.0
1.4111,escalate,1.0,10,5.080663640910643e-07,0.0,0.2728175222873688,24.0,33.0,102,0.0
1.421,escalate,1.0,10,5.080663640910643e-07,0.0,0.17055504024028778,24.0,33.0,102,0.0
1.4392,escalate,1.0,10,5.080663640910643e-07,0.0,0.15923172235488892,24.0,33.0,102,0.0
1.4407,escalate,1.0,10,5.080663640910643e-07,0.0,0.15339374542236328,24.0,33.0,102,0.0
1.451,escalate,1.0,10,5.080663640910643e-07,0.0,0.23300960659980774,24.0,33.0,102,0.0
1.461,escalate,1.0,10,5.080663640910643e-07,0.0,0.28414085507392883,24.0,33.0,102,0.0
1.471,escalate,1.0,10,5.080663640910643e-07,0.0,0.2728175222873688,24.0,33.0,102,0.0
1.481,escalate,1.0,10,5.080663640910643e-07,0.0,0.22168628871440887,24.0,33.0,102,0.0
1.491,escalate,1.0,10,5.080663640910643e-07,0.0,0.20452499389648438,24.0,33.0,102,0.0
1.501,escalate,1.0,10,5.080663640910643e-07,0.0,0.18187835812568665,24.0,33.0,102,0.0
1.5107,escalate,1.0,10,5.080663640910643e-07,0.0,0.18187835812568665,24.0,33.0,102,0.0
1.521,escalate,1.0,10,5.080663640910643e-07,0.0,0.23300962150096893,24.0,33.0,102,0.0
1.531,escalate,1.0,10,5.080663640910643e-07,0.0,0.2954641878604889,24.0,33.0,102,0.0
1.541,escalate,1.0,10,5.080663640910643e-07,0.0,0.21584831178188324,24.0,33.0,102,0.0
1.551,escalate,1.0,10,5.080663640910643e-07,0.0,0.23300960659980774,24.0,33.0,102,0.0
1.561,escalate,1.0,10,5.080663640910643e-07,0.0,0.32394877076148987,24.0,33.0,102,0.0
1.571,escalate,1.0,10,5.080663640910643e-07,0.0,0.14207042753696442,24.0,33.0,102,0.0
1.581,escalate,1.0,10,5.080663640910643e-07,0.0,0.22168630361557007,24.0,33.0,102,0.0
1.591,escalate,1.0,10,5.080663640910643e-07,0.0,0.25017091631889343,24.0,33.0,102,0.0
1.601,escalate,1.0,10,5.080663640910643e-07,0.0,0.15923172235488892,24.0,33.0,102,0.0
1.611,escalate,1.0,10,5.080663640910643e-07,0.0,0.23300960659980774,24.0,33.0,102,0.0
1.621,escalate,1.0,10,5.080663640910643e-07,0.0,0.20452499389648438,24.0,33.0,102,0.0
1.6309,escalate,1.0,10,5.080663640910643e-07,0.0,0.15339374542236328,24.0,33.0,102,0.0
1.6496,escalate,1.0,10,5.080663640910643e-07,0.0,0.20452499389648438,24.0,33.0,102,0.0
1.6509,escalate,1.0,10,5.080663640910643e-07,0.0,0.21584831178188324,24.0,33.0,102,0.0
1.661,escalate,1.0,10,5.080663640910643e-07,0.0,0.1932016909122467,24.0,33.0,102,0.0
1.671,escalate,1.0,10,5.080663640910643e-07,0.0,0.3126254677772522,24.0,33.0,102,0.0
1.681,escalate,1.0,10,5.080663640910643e-07,0.0,0.2728175222873688,24.0,33.0,102,0.0
1.6907,escalate,1.0,10,5.080663640910643e-07,0.0,0.49450382590293884,24.0,33.0,102,0.0
1.701,escalate,1.0,10,5.080663640910643e-07,0.0,0.11358581483364105,24.0,33.0,102,0.0
1.711,escalate,1.0,10,5.080663640910643e-07,0.0,0.07961586117744446,24.0,33.0,102,0.0
1.721,escalate,1.0,10,5.080663640910643e-07,0.0,0.2728175222873688,24.0,33.0,102,0.0
1.731,escalate,1.0,10,5.080663640910643e-07,0.0,0.06245456263422966,24.0,33.0,102,0.0
1.7412,escalate,1.0,10,5.080663640910643e-07,0.0,0.16471704840660095,24.0,33.0,102,0.0
1.751,escalate,1.0,10,5.080663640910643e-07,0.0,0.2443329095840454,24.0,33.0,102,0.0
1.761,escalate,1.0,10,5.080663640910643e-07,0.0,0.1932016909122467,24.0,33.0,102,0.0
1.7711,escalate,1.0,10,5.080663640910643e-07,0.0,0.1932016909122467,24.0,33.0,102,0.0
1.781,escalate,1.0,10,5.080663640910643e-07,0.0,0.1932016909122467,24.0,33.0,102,0.0
1.7905,escalate,1.0,10,5.080663640910643e-07,0.0,0.14207042753696442,24.0,33.0,102,0.0
1.8002,escalate,1.0,10,5.080663640910643e-07,0.0,0.18187835812568665,24.0,33.0,102,0.0
1.8111,escalate,1.0,10,5.080663640910643e-07,0.0,0.22168627381324768,24.0,33.0,102,0.0
1.821,escalate,1.0,10,5.080663640910643e-07,0.0,0.06245456635951996,24.0,33.0,102,0.0
1.831,escalate,1.0,10,5.080663640910643e-07,0.0,0.07961586117744446,24.0,33.0,102,0.0
1.8508,escalate,1.0,10,5.080663640910643e-07,0.0,0.23300960659980774,24.0,33.0,102,0.0
1.8525,escalate,1.0,10,5.080663640910643e-07,0.0,0.5171504616737366,24.0,33.0,102,0.0
1.8608,escalate,1.0,10,5.080663640910643e-07,0.0,0.2954641878604889,24.0,33.0,102,0.0
1.871,escalate,1.0,10,5.080663640910643e-07,0.0,0.2669795751571655,24.0,33.0,102,0.0
1.8811,escalate,1.0,10,0.00010720545833464712,1e-06,0.2726888060569763,24.0,33.0,102,0.0
1.891,escalate,1.0,10,1.821957266656682e-05,1e-06,0.24449650943279266,24.0,33.0,102,0.0
1.901,escalate,1.0,10,-4.126080239075236e-05,1e-06,0.06279417127370834,24.0,33.0,102,0.0
1.911,escalate,1.0,10,-2.0447778297238983e-05,-0.0,0.2841417193412781,24.0,33.0,102,0.0
1.921,escalate,1.0,10,-5.121610229252838e-07,-0.0,0.26149505376815796,24.0,33.0,102,0.0
1.931,escalate,1.0,10,-5.121610229252838e-07,-0.0,0.22168684005737305,24.0,33.0,102,0.0
1.9405,escalate,1.0,10,-5.121610229252838e-07,-0.0,0.22168682515621185,24.0,33.0,102,0.0
1.9508,escalate,1.0,10,-5.121610229252838e-07,-0.0,0.2728179693222046,24.0,33.0,102,0.0
1.9611,escalate,1.0,10,-5.121610229252838e-07,-0.0,0.15339335799217224,24.0,33.0,102,0.0
1.9709,escalate,1.0,10,-5.121610229252838e-07,-0.0,0.18187865614891052,24.0,33.0,102,0.0
1.981,escalate,1.0,10,-5.121610229252838e-07,-0.0,0.2045244574546814,24.0,33.0,102,0.0
1.991,escalate,1.0,10,-5.121610229252838e-07,-0.0,0.25565558671951294,24.0,33.0,102,0.0
2.0011,escalate,1.0,10,-5.121610229252838e-07,-0.0,0.11358516663312912,24.0,33.0,102,0.0
2.011,escalate,1.0,10,-5.121610229252838e-07,-0.0,0.2443326711654663,24.0,33.0,102,0.0
2.0202,escalate,1.0,10,-5.121610229252838e-07,-0.0,0.07961639761924744,24.0,33.0,102,0.0
2.0311,escalate,1.0,10,-5.121610229252838e-07,-0.0,0.23300974071025848,24.0,33.0,102,0.0
2.0511,escalate,1.0,10,-5.121610229252838e-07,-0.0,0.0682934820652008,24.0,33.0,102,0.0
2.0526,escalate,1.0,10,-5.121610229252838e-07,-0.0,0.16471628844738007,24.0,33.0,102,0.0
2.0608,escalate,1.0,10,-5.121610229252838e-07,-0.0,0.16471627354621887,24.0,33.0,102,0.0
2.0702,escalate,1.0,10,-5.121610229252838e-07,-0.0,0.19320157170295715,24.0,33.0,102,0.0
2.0811,escalate,1.0,10,-5.121610229252838e-07,-0.0,0.1705557107925415,24.0,33.0,102,0.0
2.0907,escalate,1.0,10,-5.121610229252838e-07,-0.0,0.10226224362850189,24.0,33.0,102,0.0
2.101,escalate,1.0,10,-5.121610229252838e-07,-0.0,0.2728179693222046,24.0,33.0,102,0.0
2.111,escalate,1.0,10,-5.121610229252838e-07,-0.0,0.16471627354621887,24.0,33.0,102,0.0
2.1211,escalate,1.0,10,0.00010789925727294758,1e-06,0.272452175617218,24.0,33.0,102,0.0
2.1309,escalate,1.0,10,2.977104486490134e-06,1e-06,0.14205074310302734,24.0,33.0,102,0.0
2.141,escalate,1.0,10,-0.00022080380585975945,0.0,0.261430025100708,24.0,33.0,102,0.0
2.1511,escalate,1.0,10,-9.755605788086541e-06,-0.0,0.19320076704025269,24.0,33.0,102,0.0
2.161,escalate,1.0,10,-5.52981077817094e-07,-0.0,0.0682934820652008,24.0,33.0,102,0.0
2.171,escalate,1.0,10,-5.52981077817094e-07,-0.0,0.13074752688407898,24.0,33.0,102,0.0
2.181,escalate,1.0,10,-5.52981077817094e-07,-0.0,0.23300975561141968,24.0,33.0,102,0.0
2.191,escalate,1.0,10,-5.52981077817094e-07,-0.0,0.2728179693222046,24.0,33.0,102,0.0
2.201,escalate,1.0,10,-5.52981077817094e-07,-0.0,0.2728179693222046,24.0,33.0,102,0.0
2.211,escalate,1.0,10,-5.52981077817094e-07,-0.0,0.22168684005737305,24.0,33.0,102,0.0
2.2209,escalate,1.0,10,-5.52981077817094e-07,-0.0,0.18187862634658813,24.0,33.0,102,0.0
2.2311,escalate,1.0,10,-5.52981077817094e-07,-0.0,0.14207042753696442,24.0,33.0,102,0.0
2.2513,escalate,1.0,10,-5.52981077817094e-07,-0.0,0.22168682515621185,24.0,33.0,102,0.0
2.2527,escalate,1.0,10,-5.52981077817094e-07,-0.0,0.1420704424381256,24.0,33.0,102,0.0
2.2608,escalate,1.0,10,-5.52981077817094e-07,-0.0,0.26149502396583557,24.0,33.0,102,0.0
2.271,escalate,1.0,10,-5.52981077817094e-07,-0.0,0.1420704424381256,24.0,33.0,102,0.0
2.2811,escalate,1.0,10,-5.52981077817094e-07,-0.0,0.18187862634658813,24.0,33.0,102,0.0
2.2904,escalate,1.0,10,-5.52981077817094e-07,-0.0,0.1705557107925415,24.0,33.0,102,0.0
2.3011,escalate,1.0,10,-5.52981077817094e-07,-0.0,0.22168682515621185,24.0,33.0,102,0.0
2.311,escalate,1.0,10,-5.52981077817094e-07,-0.0,0.23300975561141968,24.0,33.0,102,0.0
2.321,escalate,1.0,10,-5.52981077817094e-07,-0.0,0.16471627354621887,24.0,33.0,102,0.0
2.331,escalate,1.0,10,-5.52981077817094e-07,-0.0,0.2443326711654663,24.0,33.0,102,0.0
2.341,escalate,1.0,10,-5.52981077817094e-07,-0.0,0.18187862634658813,24.0,33.0,102,0.0
2.3505,escalate,1.0,10,-5.52981077817094e-07,-0.0,0.13074752688407898,24.0,33.0,102,0.0
2.361,escalate,1.0,10,-5.52981077817094e-07,-0.0,0.2841408848762512,24.0,33.0,102,0.0
2.371,escalate,1.0,10,-5.52981077817094e-07,-0.0,0.19320157170295715,24.0,33.0,102,0.0
2.381,escalate,1.0,10,-5.52981077817094e-07,-0.0,0.19320157170295715,24.0,33.0,102,0.0
2.391,escalate,1.0,10,-5.52981077817094e-07,-0.0,0.21036390960216522,24.0,33.0,102,0.0
2.401,escalate,1.0,10,-5.52981077817094e-07,-0.0,0.23300974071025848,24.0,33.0,102,0.0
2.411,escalate,1.0,10,-5.52981077817094e-07,-0.0,0.10810168087482452,24.0,33.0,102,0.0
2.421,escalate,1.0,10,-5.52981077817094e-07,-0.0,0.29546380043029785,24.0,33.0,102,0.0
2.431,escalate,1.0,10,-5.52981077817094e-07,-0.0,0.07961639761924744,24.0,33.0,102,0.0
2.441,escalate,1.0,10,-5.52981077817094e-07,-0.0,0.19320157170295715,24.0,33.0,102,0.0
2.4586,escalate,1.0,10,-5.52981077817094e-07,-0.0,0.33527201414108276,24.0,33.0,102,0.0
2.4601,escalate,1.0,10,-5.52981077817094e-07,-0.0,0.2841408848762512,24.0,33.0,102,0.0
2.471,escalate,1.0,10,-5.52981077817094e-07,-0.0,0.1420704424381256,24.0,33.0,102,0.0
2.481,escalate,1.0,10,-5.52981077817094e-07,-0.0,0.011322914622724056,24.0,33.0,102,0.0
2.491,escalate,1.0,10,-5.52981077817094e-07,-0.0,0.1420704424381256,24.0,33.0,102,0.0
2.5011,escalate,2.0,10,-5.52981077817094e-07,-0.0,0.1705557107925415,24.0,33.0,102,0.0
2.5121,escalate,2.0,10,-5.52981077817094e-07,-0.0,0.36375731229782104,24.0,33.0,102,0.0
2.5221,escalate,2.0,10,-5.52981077817094e-07,-0.0,0.5796046853065491,23.5,33.0,102,0.0
2.5321,escalate,2.0,10,-5.52981077817094e-07,-0.0,0.33527201414108276,24.0,33.0,102,0.0
2.5421,escalate,2.0,10,-5.52981077817094e-07,-0.0,0.6307357549667358,24.0,33.0,102,0.0
2.5521,escalate,2.0,10,-5.52981077817094e-07,-0.0,0.2841408848762512,24.0,33.0,102,0.0
2.5621,escalate,2.0,10,-5.52981077817094e-07,-0.0,0.2728179693222046,24.0,33.0,102,0.0
2.5721,escalate,2.0,10,0.0002163718600058928,1e-06,0.3237465023994446,24.0,33.0,102,0.0
2.5821,escalate,2.0,10,1.1383931450836826e-05,1e-06,0.7102525234222412,24.0,33.0,102,0.0
2.5921,escalate,2.0,10,5.081018912278523e-07,1e-06,0.3120976686477661,24.0,33.0,102,0.0
2.6021,escalate,2.0,10,5.081018912278523e-07,1e-06,0.22810953855514526,24.0,33.0,102,0.0
2.6121,escalate,2.0,10,5.081018912278523e-07,1e-06,0.32371020317077637,24.0,33.0,102,0.0
2.6221,escalate,2.0,10,5.081018912278523e-07,1e-06,0.3469352722167969,24.0,33.0,102,0.0
2.6321,escalate,2.0,10,5.081018912278523e-07,1e-06,0.37493130564689636,24.0,33.0,102,0.0
2.6421,escalate,2.0,10,5.081018912278523e-07,1e-06,0.3633187711238861,24.0,33.0,102,0.0
2.6606,escalate,2.0,10,5.081018912278523e-07,1e-06,0.3353227376937866,24.0,33.0,102,0.0
2.6619,escalate,2.0,10,5.081018912278523e-07,1e-06,0.2444930374622345,24.0,33.0,102,0.0
2.6721,escalate,2.0,10,5.081018912278523e-07,1e-06,0.20488445460796356,24.0,33.0,102,0.0
2.6822,escalate,2.0,10,5.081018912278523e-07,1e-06,0.3469352722167969,24.0,33.0,102,0.0
2.6913,escalate,2.0,10,5.081018912278523e-07,1e-06,0.5914283394813538,24.0,33.0,102,0.0
2.7021,escalate,2.0,10,5.081018912278523e-07,1e-06,0.1700468510389328,24.0,33.0,102,0.0
2.7121,escalate,2.0,10,5.081018912278523e-07,1e-06,0.3865438401699066,24.0,33.0,102,0.0
2.7222,escalate,2.0,10,5.081018912278523e-07,1e-06,0.4145398736000061,24.0,33.0,102,0.0
2.7321,escalate,2.0,10,5.081018912278523e-07,1e-06,0.20488446950912476,24.0,33.0,102,0.0
2.7415,escalate,2.0,10,5.081018912278523e-07,1e-06,0.40292733907699585,24.0,33.0,102,0.0
2.7517,escalate,2.0,10,5.081018912278523e-07,1e-06,0.6426494717597961,24.0,33.0,102,0.0
2.7618,escalate,2.0,10,5.081018912278523e-07,1e-06,0.32371020317077637,24.0,33.0,102,0.0
2.7716,escalate,2.0,10,5.081018912278523e-07,1e-06,0.3865438401699066,24.0,33.0,102,0.0
2.7821,escalate,2.0,10,5.081018912278523e-07,1e-06,0.2444930374622345,24.0,33.0,102,0.0
2.7915,escalate,2.0,10,5.081018912278523e-07,1e-06,0.6938705444335938,24.0,33.0,102,0.0
2.8021,escalate,2.0,10,5.081018912278523e-07,1e-06,0.6822580695152283,24.0,33.0,102,0.0
2.812,escalate,2.0,10,5.081018912278523e-07,1e-06,0.6194243431091309,24.0,33.0,102,0.0
2.8221,escalate,2.0,10,5.081018912278523e-07,1e-06,0.1700468510389328,24.0,33.0,102,0.0
2.8314,escalate,2.0,10,5.081018912278523e-07,1e-06,0.42615240812301636,24.0,33.0,102,0.0
2.8422,escalate,2.0,10,5.081018912278523e-07,1e-06,0.39815637469291687,24.0,33.0,102,0.0
2.8625,escalate,2.0,10,1.5283545735655935e-06,2e-06,0.295955628156662,24.0,33.0,102,0.0
2.8639,escalate,2.0,10,7.325620003939548e-07,2e-06,0.31975793838500977,24.0,33.0,102,0.0
2.8719,escalate,2.0,10,-6.946043140487745e-05,1e-06,0.33531925082206726,24.0,33.0,102,0.0
2.8821,escalate,2.0,10,-1.3691751519218087e-06,1e-06,0.556591808795929,24.0,33.0,102,0.0
2.8913,escalate,2.0,10,-5.121677304487093e-07,1e-06,0.30732592940330505,24.0,33.0,102,0.0
2.9021,escalate,2.0,10,-5.121677304487093e-07,1e-06,0.323710560798645,24.0,33.0,102,0.0
2.912,escalate,2.0,10,-5.121677304487093e-07,1e-06,0.5845879316329956,24.0,33.0,102,0.0
2.9221,escalate,2.0,10,-0.00021007082250434905,-0.0,0.31268513202667236,24.0,33.0,102,0.0
2.9321,escalate,2.0,10,-6.286778898356715e-06,-0.0,0.4886631667613983,24.0,33.0,102,0.0
2.9418,escalate,2.0,10,-5.529925601877039e-07,-0.0,0.49998825788497925,24.0,33.0,102,0.0
2.9522,escalate,2.0,10,9.153448627330363e-05,1e-06,0.3469676673412323,24.0,33.0,102,0.0
2.962,escalate,2.0,10,2.222100874860189e-06,1e-06,0.5798163414001465,24.0,33.0,102,0.0
2.9721,escalate,2.0,10,5.488960255206621e-07,1e-06,0.6194243431091309,24.0,33.0,102,0.0
2.9821,escalate,2.0,10,5.488960255206621e-07,1e-06,0.47737357020378113,24.0,33.0,102,0.0
2.9921,escalate,2.0,10,5.488960255206621e-07,1e-06,0.4145399034023285,24.0,33.0,102,0.0
3.0021,escalate,2.0,10,5.488960255206621e-07,1e-06,0.5682032704353333,24.0,33.0,102,0.0
3.0122,escalate,2.0,10,5.488960255206621e-07,1e-06,0.42615243792533875,24.0,33.0,102,0.0
3.0216,escalate,2.0,10,5.488960255206621e-07,1e-06,0.221267968416214,24.0,33.0,102,0.0
3.0321,escalate,2.0,10,5.488960255206621e-07,1e-06,0.3353227376937866,24.0,33.0,102,0.0
3.0421,escalate,2.0,10,5.488960255206621e-07,1e-06,0.23288050293922424,24.0,33.0,102,0.0
3.0521,escalate,2.0,10,5.488960255206621e-07,1e-06,0.3865438401699066,24.0,33.0,102,0.0
3.073,escalate,2.0,10,2.1484347598743625e-05,2e-06,0.2721436321735382,24.0,33.0,102,0.0
3.0745,escalate,2.0,10,1.230212910741102e-05,2e-06,0.3353637456893921,24.0,33.0,102,0.0
3.0815,escalate,2.0,10,6.305074293777579e-07,2e-06,0.39857417345046997,24.0,33.0,102,0.0
3.0921,escalate,2.0,10,5.488876695380895e-07,2e-06,0.5681074261665344,24.0,33.0,102,0.0
3.102,escalate,2.0,10,5.488876695380895e-07,2e-06,0.3747711777687073,24.0,33.0,102,0.0
3.1121,escalate,2.0,10,5.488876695380895e-07,2e-06,0.33536311984062195,24.0,33.0,102,0.0
3.1221,escalate,2.0,10,5.488876695380895e-07,2e-06,0.272152304649353,24.0,33.0,102,0.0
3.1321,escalate,2.0,10,5.488876695380895e-07,2e-06,0.33536311984062195,24.0,33.0,102,0.0
3.142,escalate,2.0,10,5.488876695380895e-07,2e-06,0.4379819631576538,24.0,33.0,102,0.0
3.1521,escalate,2.0,10,5.488876695380895e-07,2e-06,0.2959551215171814,24.0,33.0,102,0.0
3.1621,escalate,2.0,10,5.488876695380895e-07,2e-06,0.580008864402771,24.0,33.0,102,0.0
3.1721,escalate,2.0,10,5.488876695380895e-07,2e-06,0.32346171140670776,24.0,33.0,102,0.0
3.1821,escalate,2.0,10,5.488876695380895e-07,2e-06,0.26025086641311646,24.0,33.0,102,0.0
3.1921,escalate,2.0,10,5.488876695380895e-07,2e-06,0.3747711181640625,24.0,33.0,102,0.0
3.2021,escalate,2.0,10,5.488876695380895e-07,2e-06,0.272152304649353,24.0,33.0,102,0.0
3.2121,escalate,2.0,10,5.488876695380895e-07,2e-06,0.24464569985866547,24.0,33.0,102,0.0
3.2221,escalate,2.0,10,-0.00013557240890804678,1e-06,0.2725316882133484,24.0,33.0,102,0.0
3.2321,escalate,2.0,10,-3.185216201018193e-06,1e-06,0.5402053594589233,24.0,33.0,102,0.0
3.2414,escalate,2.0,10,-5.325744609763206e-07,1e-06,0.6426486372947693,24.0,33.0,102,0.0
3.2521,escalate,2.0,10,-5.325744609763206e-07,1e-06,0.23288068175315857,24.0,33.0,102,0.0
3.2707,escalate,2.0,10,-5.325744609763206e-07,1e-06,0.37493154406547546,24.0,33.0,102,0.0
3.272,escalate,2.0,10,-5.325744609763206e-07,1e-06,0.37699875235557556,24.0,33.0,102,0.0
3.2821,escalate,2.0,10,1.8933746105176397e-05,2e-06,0.23274105787277222,24.0,33.0,102,0.0
3.2914,escalate,2.0,10,5.284979920361366e-07,2e-06,0.272152304649353,24.0,33.0,102,0.0
3.3021,escalate,2.0,10,-3.081348040723242e-05,2e-06,0.27216416597366333,24.0,33.0,102,0.0
3.3121,escalate,2.0,10,-1.9978491764049977e-05,1e-06,0.3865405321121216,24.0,33.0,102,0.0
3.3221,escalate,2.0,10,-5.325925371835183e-07,1e-06,0.40976792573928833,24.0,33.0,102,0.0
3.3321,escalate,2.0,10,-5.325925371835183e-07,1e-06,0.37493154406547546,24.0,33.0,102,0.0
3.3415,escalate,2.0,10,-5.325925371835183e-07,1e-06,0.34693479537963867,24.0,33.0,102,0.0
3.3522,escalate,2.0,10,-5.325925371835183e-07,1e-06,0.4541492462158203,24.0,33.0,102,0.0
3.362,escalate,2.0,10,-5.325925371835183e-07,1e-06,0.4889856278896332,24.0,33.0,102,0.0
3.3721,escalate,2.0,10,-5.325925371835183e-07,1e-06,0.30732595920562744,24.0,33.0,102,0.0
3.3823,escalate,2.0,10,-5.325925371835183e-07,1e-06,0.4261525571346283,24.0,33.0,102,0.0
3.3921,escalate,2.0,10,-5.325925371835183e-07,1e-06,0.5402066707611084,24.0,33.0,102,0.0
3.402,escalate,2.0,10,-5.325925371835183e-07,1e-06,0.4541492164134979,24.0,33.0,102,0.0
3.4121,escalate,2.0,10,-5.325925371835183e-07,1e-06,0.3817712068557739,24.0,33.0,102,0.0
3.4221,escalate,2.0,10,-5.325925371835183e-07,1e-06,0.2724895477294922,24.0,33.0,102,0.0
3.432,escalate,2.0,10,-5.325925371835183e-07,1e-06,0.40292829275131226,24.0,33.0,102,0.0
3.4421,escalate,2.0,10,-5.325925371835183e-07,1e-06,0.14682328701019287,24.0,33.0,102,0.0
3.4521,escalate,2.0,10,-5.325925371835183e-07,1e-06,0.6822575330734253,24.0,33.0,102,0.0
3.4621,escalate,2.0,10,-5.325925371835183e-07,1e-06,0.3981558084487915,24.0,33.0,102,0.0
3.4804,escalate,2.0,10,-5.325925371835183e-07,1e-06,0.22126856446266174,24.0,33.0,102,0.0
3.4816,escalate,2.0,10,-5.325925371835183e-07,1e-06,0.323710560798645,24.0,33.0,102,0.0
3.4921,escalate,2.0,10,-5.325925371835183e-07,1e-06,0.4029282331466675,24.0,33.0,102,0.0
3.5021,escalate,2.0,10,-5.325925371835183e-07,1e-06,0.5914276242256165,24.0,33.0,102,0.0
3.5121,escalate,2.0,10,-5.325925371835183e-07,1e-06,0.5518187880516052,24.0,33.0,102,0.0
3.5221,escalate,2.0,10,-5.325925371835183e-07,1e-06,0.43299219012260437,24.0,33.0,102,0.0
3.5321,escalate,2.0,10,-5.325925371835183e-07,1e-06,0.5285944938659668,24.0,33.0,102,0.0
3.5421,escalate,2.0,10,-5.325925371835183e-07,1e-06,0.19327181577682495,24.0,33.0,102,0.0
3.5521,escalate,2.0,10,-5.325925371835183e-07,1e-06,0.3517072796821594,24.0,33.0,102,0.0
3.5621,escalate,2.0,10,-5.325925371835183e-07,1e-06,0.37493154406547546,24.0,33.0,102,0.0
3.5721,escalate,2.0,10,-5.325925371835183e-07,1e-06,0.3865436911582947,24.0,33.0,102,0.0
3.5821,escalate,2.0,10,-5.325925371835183e-07,1e-06,0.568203330039978,24.0,33.0,102,0.0
3.5921,escalate,2.0,10,-5.325925371835183e-07,1e-06,0.2841016948223114,24.0,33.0,102,0.0
3.6021,escalate,2.0,10,-5.325925371835183e-07,1e-06,0.18165969848632812,24.0,33.0,102,0.0
3.6121,escalate,2.0,10,-5.325925371835183e-07,1e-06,0.33532267808914185,24.0,33.0,102,0.0
3.6222,escalate,2.0,10,-5.325925371835183e-07,1e-06,0.3517072796821594,24.0,33.0,102,0.0
3.632,escalate,2.0,10,-5.325925371835183e-07,1e-06,0.47737354040145874,24.0,33.0,102,0.0
3.6421,escalate,2.0,10,-5.325925371835183e-07,1e-06,0.563430905342102,24.0,33.0,102,0.0
3.6514,escalate,2.0,10,-5.325925371835183e-07,1e-06,0.323710560798645,24.0,33.0,102,0.0
3.6621,escalate,2.0,10,-5.325925371835183e-07,1e-06,0.2957138419151306,24.0,33.0,102,0.0
3.6809,escalate,2.0,10,-5.325925371835183e-07,1e-06,0.5005977749824524,24.0,33.0,102,0.0
3.6823,escalate,2.0,10,-5.325925371835183e-07,1e-06,0.20488396286964417,24.0,33.0,102,0.0
3.6915,escalate,2.0,10,-5.325925371835183e-07,1e-06,0.23288068175315857,24.0,33.0,102,0.0
3.702,escalate,2.0,10,-5.325925371835183e-07,1e-06,0.3004862666130066,24.0,33.0,102,0.0
3.7121,escalate,2.0,10,-5.325925371835183e-07,1e-06,0.27932924032211304,24.0,33.0,102,0.0
3.7221,escalate,2.0,10,-5.325925371835183e-07,1e-06,0.4309249818325043,24.0,33.0,102,0.0
3.7315,escalate,2.0,10,-5.325925371835183e-07,1e-06,0.4145403802394867,24.0,33.0,102,0.0
3.7421,escalate,2.0,10,-5.325925371835183e-07,1e-06,0.4937581419944763,24.0,33.0,102,0.0
3.752,escalate,2.0,10,-5.325925371835183e-07,1e-06,0.323710560798645,24.0,33.0,102,0.0
3.7621,escalate,2.0,10,-5.325925371835183e-07,1e-06,0.4425371289253235,24.0,33.0,102,0.0
3.7721,escalate,2.0,10,-5.325925371835183e-07,1e-06,0.4377647042274475,24.0,33.0,102,0.0
3.7822,escalate,2.0,10,-5.325925371835183e-07,1e-06,0.2724895477294922,24.0,33.0,102,0.0
3.7921,escalate,2.0,10,-5.325925371835183e-07,1e-06,0.3701590895652771,24.0,33.0,102,0.0
3.8016,escalate,2.0,10,-5.325925371835183e-07,1e-06,0.34693479537963867,24.0,33.0,102,0.0
3.8113,escalate,2.0,10,-5.325925371835183e-07,1e-06,0.4377647042274475,24.0,33.0,102,0.0
3.822,escalate,2.0,10,-5.325925371835183e-07,1e-06,0.4261525571346283,24.0,33.0,102,0.0
3.8311,escalate,2.0,10,-5.325925371835183e-07,1e-06,0.30732592940330505,24.0,33.0,102,0.0
3.8413,escalate,2.0,10,-5.325925371835183e-07,1e-06,0.19327181577682495,24.0,33.0,102,0.0
3.8521,escalate,2.0,10,-5.325925371835183e-07,1e-06,0.47737348079681396,24.0,33.0,102,0.0
3.8614,escalate,2.0,10,-5.325925371835183e-07,1e-06,0.31893807649612427,24.0,33.0,102,0.0
3.8721,escalate,2.0,10,-5.325925371835183e-07,1e-06,0.3120983839035034,24.0,33.0,102,0.0
3.8907,escalate,2.0,10,-5.325925371835183e-07,1e-06,0.5914276838302612,24.0,33.0,102,0.0
3.8921,escalate,2.0,10,-5.325925371835183e-07,1e-06,0.37493154406547546,24.0,33.0,102,0.0
3.9012,escalate,2.0,10,-5.325925371835183e-07,1e-06,0.51698237657547,24.0,33.0,102,0.0
3.9121,escalate,2.0,10,-5.325925371835183e-07,1e-06,0.556591272354126,24.0,33.0,102,0.0
3.9221,escalate,2.0,10,0.00022855355928186327,2e-06,0.38667580485343933,24.0,33.0,102,0.0
3.9321,escalate,2.0,10,8.629231160739437e-06,2e-06,0.3747694194316864,24.0,33.0,102,0.0
3.9415,escalate,2.0,10,5.488769829753437e-07,2e-06,0.3078565299510956,24.0,33.0,102,0.0
3.9522,escalate,2.0,10,5.488769829753437e-07,2e-06,0.46178480982780457,24.0,33.0,102,0.0
3.9617,escalate,2.0,10,5.488769829753437e-07,2e-06,0.41047534346580505,24.0,33.0,102,0.0
3.9716,escalate,2.0,10,-0.0001939305366249755,2e-06,0.0953013226389885,24.0,33.0,102,0.0
3.9822,escalate,2.0,10,-1.0490204658708535e-05,1e-06,0.10243990272283554,24.0,33.0,102,0.0
3.9921,escalate,2.0,10,-5.12191945745144e-07,1e-06,0.5798155069351196,24.0,33.0,102,0.0
4.0021,escalate,2.0,10,-5.12191945745144e-07,1e-06,0.47737348079681396,24.0,33.0,102,0.0
4.0122,escalate,2.0,10,-5.12191945745144e-07,1e-06,0.3865436911582947,24.0,33.0,102,0.0
4.022,escalate,2.0,10,-5.12191945745144e-07,1e-06,0.4261525571346283,24.0,33.0,102,0.0
4.0321,escalate,2.0,10,-5.12191945745144e-07,1e-06,0.47737348079681396,24.0,33.0,102,0.0
4.0421,escalate,2.0,10,-5.12191945745144e-07,1e-06,0.30732595920562744,24.0,33.0,102,0.0
4.0517,escalate,2.0,10,-5.12191945745144e-07,1e-06,0.284101665019989,24.0,33.0,102,0.0
4.0618,escalate,2.0,10,-5.12191945745144e-07,1e-06,0.2724895477294922,24.0,33.0,102,0.0
4.0721,escalate,2.0,10,-5.12191945745144e-07,1e-06,0.2724895477294922,24.0,33.0,102,0.0
4.0821,escalate,2.0,10,0.0002220444002887234,3e-06,0.3353661000728607,24.0,33.0,102,0.0
4.1016,escalate,2.0,10,5.284856570142438e-07,2e-06,0.272152304649353,24.0,33.0,102,0.0
4.103,escalate,2.0,10,5.284856570142438e-07,2e-06,0.32346171140670776,24.0,33.0,102,0.0
4.112,escalate,2.0,10,5.284856570142438e-07,2e-06,0.3747711181640625,24.0,33.0,102,0.0
4.1221,escalate,2.0,10,5.284856570142438e-07,2e-06,0.32346171140670776,24.0,33.0,102,0.0
4.1321,escalate,2.0,10,5.284856570142438e-07,2e-06,0.31156033277511597,24.0,33.0,102,0.0
4.1413,escalate,2.0,10,5.284856570142438e-07,2e-06,0.2840537130832672,24.0,33.0,102,0.0
4.1521,escalate,2.0,10,5.284856570142438e-07,2e-06,0.47739002108573914,24.0,33.0,102,0.0
4.1621,escalate,2.0,10,5.284856570142438e-07,2e-06,0.2840537130832672,24.0,33.0,102,0.0
4.1721,escalate,2.0,10,5.284856570142438e-07,2e-06,0.13012543320655823,24.0,33.0,102,0.0
4.1822,escalate,2.0,10,5.284856570142438e-07,2e-06,0.35916590690612793,24.0,33.0,102,0.0
4.1915,escalate,2.0,10,5.284856570142438e-07,2e-06,0.20523768663406372,24.0,33.0,102,0.0
4.2021,escalate,2.0,10,5.284856570142438e-07,2e-06,0.34726452827453613,24.0,33.0,102,0.0
4.2121,escalate,2.0,10,5.284856570142438e-07,2e-06,0.41417914628982544,24.0,33.0,102,0.0
4.2221,escalate,2.0,10,5.284856570142438e-07,2e-06,0.3866725564002991,24.0,33.0,102,0.0
4.2322,escalate,2.0,10,-4.964729305356741e-05,1e-06,0.6706401109695435,24.0,33.0,102,0.0
4.2415,escalate,2.0,10,-1.450840272809728e-06,1e-06,0.5682035684585571,24.0,33.0,102,0.0
4.2522,escalate,2.0,10,-5.12213205183798e-07,1e-06,0.4145404100418091,24.0,33.0,102,0.0
4.2613,escalate,2.0,10,-5.12213205183798e-07,1e-06,0.37493154406547546,24.0,33.0,102,0.0
4.2722,escalate,2.0,10,0.00019390598754398525,2e-06,0.5799615383148193,24.0,33.0,102,0.0
4.2821,escalate,2.0,10,1.2812240129278507e-05,2e-06,0.3628632426261902,24.0,33.0,102,0.0
4.3025,escalate,2.0,10,5.48874822925427e-07,2e-06,0.3866725564002991,24.0,33.0,102,0.0
4.3039,escalate,2.0,10,5.48874822925427e-07,2e-06,0.580008864402771,24.0,33.0,102,0.0
4.3119,escalate,2.0,10,5.48874822925427e-07,2e-06,0.3115603029727936,24.0,33.0,102,0.0
4.3221,escalate,2.0,10,5.48874822925427e-07,2e-06,0.20523767173290253,24.0,33.0,102,0.0
4.3321,escalate,2.0,10,5.48874822925427e-07,2e-06,0.24464568495750427,24.0,33.0,102,0.0
4.3414,escalate,2.0,10,5.48874822925427e-07,2e-06,0.5562059879302979,24.0,33.0,102,0.0
4.3521,escalate,2.0,10,-0.00022421142784878612,1e-06,0.4377414584159851,24.0,33.0,102,0.0
4.3621,escalate,2.0,10,-7.143779384932714e-06,1e-06,0.4261530339717865,24.0,33.0,102,0.0
4.3716,escalate,2.0,10,-5.121752906234178e-07,1e-06,0.47737348079681396,24.0,33.0,102,0.0
4.3822,escalate,2.0,10,-5.121752906234178e-07,1e-06,0.3004862666130066,24.0,33.0,102,0.0
4.3921,escalate,2.0,10,-5.121752906234178e-07,1e-06,0.3865436911582947,24.0,33.0,102,0.0
4.4013,escalate,2.0,10,-5.121752906234178e-07,1e-06,0.36331939697265625,24.0,33.0,102,0.0
4.4114,escalate,2.0,10,2.613671495055314e-05,2e-06,0.2483215630054474,24.0,33.0,102,0.0
4.4221,escalate,2.0,10,5.489335421771102e-07,2e-06,0.2959551215171814,24.0,33.0,102,0.0
4.4316,escalate,2.0,10,5.489335421771102e-07,2e-06,0.33536311984062195,24.0,33.0,102,0.0
4.4421,escalate,2.0,10,-2.4202259737649e-05,1e-06,0.3865397572517395,24.0,33.0,102,0.0
4.452,escalate,2.0,10,-5.529449822461174e-07,1e-06,0.33532270789146423,24.0,33.0,102,0.0
4.4621,escalate,2.0,10,5.394862819230184e-05,3e-06,0.46547171473503113,24.0,33.0,102,0.0
4.4721,escalate,2.0,10,9.570266001901473e-07,2e-06,0.68262779712677,24.0,33.0,102,0.0
4.4821,escalate,2.0,10,5.285229462970165e-07,2e-06,0.3078565299510956,24.0,33.0,102,0.0
4.4913,escalate,2.0,10,5.285229462970165e-07,2e-06,0.6313182711601257,24.0,33.0,102,0.0
4.5096,escalate,2.0,10,5.285229462970165e-07,2e-06,0.5406007766723633,24.0,33.0,102,0.0
4.5111,escalate,2.0,10,5.285229462970165e-07,2e-06,0.272152304649353,24.0,33.0,102,0.0
4.5221,escalate,2.0,10,5.285229462970165e-07,2e-06,0.426080584526062,24.0,33.0,102,0.0
4.5318,escalate,2.0,10,5.285229462970165e-07,2e-06,0.25654709339141846,24.0,33.0,102,0.0
4.5421,escalate,2.0,10,5.285229462970165e-07,2e-06,0.6194168329238892,24.0,33.0,102,0.0
4.552,escalate,2.0,10,5.285229462970165e-07,2e-06,0.3628697097301483,24.0,33.0,102,0.0
4.562,escalate,2.0,10,5.285229462970165e-07,2e-06,0.272152304649353,24.0,33.0,102,0.0
4.572,escalate,2.0,10,-0.00016746530309319496,1e-06,0.6541424989700317,24.0,33.0,102,0.0
4.5821,escalate,2.0,10,-4.348290076450212e-06,1e-06,-0.4562076926231384,24.0,33.0,102,0.0
4.5913,escalate,2.0,10,-5.121623303239176e-07,1e-06,0.34693479537963867,24.0,33.0,102,0.0
4.6022,escalate,2.0,10,-5.121623303239176e-07,1e-06,0.29571378231048584,24.0,33.0,102,0.0
4.6121,escalate,2.0,10,3.41558588843327e-05,2e-06,0.6588159799575806,24.0,33.0,102,0.0
4.6223,escalate,2.0,10,5.285323823045474e-07,2e-06,0.3866725564002991,24.0,33.0,102,0.0
4.6321,escalate,2.0,10,5.285323823045474e-07,2e-06,0.6075154542922974,24.0,33.0,102,0.0
4.6421,escalate,2.0,10,5.285323823045474e-07,2e-06,0.33536311984062195,24.0,33.0,102,0.0
4.6521,escalate,2.0,10,5.285323823045474e-07,2e-06,0.42608052492141724,24.0,33.0,102,0.0
4.6621,escalate,2.0,10,5.285323823045474e-07,2e-06,0.3747711777687073,24.0,33.0,102,0.0
4.6721,escalate,2.0,10,5.285323823045474e-07,2e-06,0.40227770805358887,24.0,33.0,102,0.0
4.6821,escalate,2.0,10,5.285323823045474e-07,2e-06,0.2840537130832672,24.0,33.0,102,0.0
4.6916,escalate,2.0,10,5.285323823045474e-07,2e-06,0.33536311984062195,24.0,33.0,102,0.0
4.7114,escalate,2.0,10,5.285323823045474e-07,2e-06,0.3591659665107727,24.0,33.0,102,0.0
4.713,escalate,2.0,10,5.285323823045474e-07,2e-06,0.580008864402771,24.0,33.0,102,0.0
4.722,escalate,2.0,10,5.285323823045474e-07,2e-06,0.3747711181640625,24.0,33.0,102,0.0
4.7322,escalate,2.0,10,5.285323823045474e-07,2e-06,0.4416857361793518,24.0,33.0,102,0.0
4.7413,escalate,2.0,10,5.285323823045474e-07,2e-06,0.3628697395324707,24.0,33.0,102,0.0
4.7522,escalate,2.0,10,5.285323823045474e-07,2e-06,0.6707262396812439,24.0,33.0,102,0.0
4.762,escalate,2.0,10,5.285323823045474e-07,2e-06,0.6707262396812439,24.0,33.0,102,0.0
4.7721,escalate,2.0,10,5.285323823045474e-07,2e-06,0.5286993980407715,24.0,33.0,102,0.0
4.7821,escalate,2.0,10,5.285323823045474e-07,2e-06,0.33536311984062195,24.0,33.0,102,0.0
4.7914,escalate,2.0,10,5.285323823045474e-07,2e-06,0.3747711777687073,24.0,33.0,102,0.0
4.8021,escalate,2.0,10,5.285323823045474e-07,2e-06,0.2959551215171814,24.0,33.0,102,0.0
4.8122,escalate,2.0,10,5.285323823045474e-07,2e-06,0.6670224666595459,24.0,33.0,102,0.0
4.822,escalate,2.0,10,5.285323823045474e-07,2e-06,0.32346171140670776,24.0,33.0,102,0.0
4.8316,escalate,2.0,10,5.285323823045474e-07,2e-06,0.5167980194091797,24.0,33.0,102,0.0
4.8422,escalate,2.0,10,5.285323823045474e-07,2e-06,0.18143486976623535,24.0,33.0,102,0.0
4.8517,escalate,2.0,10,5.285323823045474e-07,2e-06,0.6945290565490723,24.0,33.0,102,0.0
4.862,escalate,2.0,10,5.285323823045474e-07,2e-06,0.3747711777687073,24.0,33.0,102,0.0
4.8714,escalate,2.0,10,5.285323823045474e-07,2e-06,2.032899626414064e-09,24.0,33.0,102,0.0
4.8822,escalate,2.0,10,5.285323823045474e-07,2e-06,0.3591659665107727,24.0,33.0,102,0.0
4.8921,escalate,2.0,10,5.285323823045474e-07,2e-06,0.0751122385263443,24.0,33.0,102,0.0
4.9119,escalate,2.0,10,5.285323823045474e-07,2e-06,0.2327442765235901,24.0,33.0,102,0.0
4.9134,escalate,2.0,10,5.285323823045474e-07,2e-06,0.32346171140670776,24.0,33.0,102,0.0
4.922,escalate,2.0,10,5.285323823045474e-07,2e-06,0.25654709339141846,24.0,33.0,102,0.0
4.9321,escalate,2.0,10,5.285323823045474e-07,2e-06,0.5919102430343628,24.0,33.0,102,0.0
4.9414,escalate,2.0,10,5.285323823045474e-07,2e-06,0.4141791760921478,24.0,33.0,102,0.0
4.9522,escalate,2.0,10,5.285323823045474e-07,2e-06,0.6313182711601257,24.0,33.0,102,0.0
4.9617,escalate,2.0,10,5.285323823045474e-07,2e-06,0.41417914628982544,24.0,33.0,102,0.0
4.9721,escalate,2.0,10,5.285323823045474e-07,2e-06,0.32346171140670776,24.0,33.0,102,0.0
4.9822,escalate,2.0,10,5.285323823045474e-07,2e-06,0.6194168329238892,24.0,33.0,102,0.0
4.9915,escalate,2.0,10,5.285323823045474e-07,2e-06,0.3628697097301483,24.0,33.0,102,0.0
5.0023,escalate,3.0,10,5.285323823045474e-07,2e-06,0.33536311984062195,24.0,33.0,102,0.0
5.0135,escalate,3.0,10,5.285323823045474e-07,2e-06,0.5919102430343628,24.0,33.0,102,0.0
5.023,escalate,3.0,10,5.285323823045474e-07,2e-06,0.47738999128341675,24.0,33.0,102,0.0
5.0325,escalate,3.0,10,5.285323823045474e-07,2e-06,0.5286993980407715,24.0,33.0,102,0.0
5.0434,escalate,3.0,10,5.285323823045474e-07,2e-06,0.6075154542922974,24.0,33.0,102,0.0
5.0533,escalate,3.0,10,5.285323823045474e-07,2e-06,0.749542236328125,24.0,33.0,102,0.0
5.0633,escalate,3.0,10,3.966521398979239e-05,4e-06,0.7073983550071716,24.0,33.0,102,0.0
5.0733,escalate,3.0,10,6.713902962474094e-07,4e-06,0.45037612318992615,24.0,33.0,102,0.0
5.0831,escalate,3.0,10,-3.044615368708037e-05,2e-06,0.6469428539276123,24.0,33.0,102,0.0
5.0933,escalate,3.0,10,-5.529309987650777e-07,2e-06,0.658825159072876,24.0,33.0,102,0.0
5.113,escalate,3.0,10,-5.529309987650777e-07,2e-06,0.4416869580745697,24.0,33.0,102,0.0
5.1143,escalate,3.0,10,-5.529309987650777e-07,2e-06,0.591909646987915,24.0,33.0,102,0.0
5.1231,escalate,3.0,10,-5.529309987650777e-07,2e-06,0.6826272010803223,24.0,33.0,102,0.0
5.133,escalate,3.0,10,-5.529309987650777e-07,2e-06,0.7852458357810974,24.0,33.0,102,0.0
5.1433,escalate,3.0,10,-5.529309987650777e-07,2e-06,0.6863324046134949,24.0,33.0,102,0.0
5.1531,escalate,3.0,10,-5.529309987650777e-07,2e-06,0.6038106679916382,24.0,33.0,102,0.0
5.1633,escalate,3.0,10,2.234142266388517e-05,4e-06,0.41379600763320923,24.0,33.0,102,0.0
5.1733,escalate,3.0,10,5.081453764432808e-07,4e-06,0.501772403717041,24.0,33.0,102,0.0
5.1831,escalate,3.0,10,5.081453764432808e-07,4e-06,0.7979597449302673,24.0,33.0,102,0.0
5.1933,escalate,3.0,10,5.081453764432808e-07,4e-06,0.311013400554657,24.0,33.0,102,0.0
5.2029,escalate,3.0,10,5.081453764432808e-07,4e-06,0.37459975481033325,24.0,33.0,102,0.0
5.2133,escalate,3.0,10,5.081453764432808e-07,4e-06,0.6464070081710815,24.0,33.0,102,0.0
5.2234,escalate,3.0,10,5.081453764432808e-07,4e-06,0.5044083595275879,24.0,33.0,102,0.0
5.2332,escalate,3.0,10,5.081453764432808e-07,4e-06,0.7857696413993835,24.0,33.0,102,0.0
5.2426,escalate,3.0,10,5.081453764432808e-07,4e-06,0.5165984034538269,24.0,33.0,102,0.0
5.2533,escalate,3.0,10,5.081453764432808e-07,4e-06,0.6707870960235596,24.0,33.0,102,0.0
5.2633,escalate,3.0,10,5.081453764432808e-07,4e-06,0.7465634346008301,24.0,33.0,102,0.0
5.2733,escalate,3.0,10,5.081453764432808e-07,4e-06,0.722183346748352,24.0,33.0,102,0.0
5.283,escalate,3.0,10,5.081453764432808e-07,4e-06,0.6193908452987671,24.0,33.0,102,0.0
5.2933,escalate,3.0,10,5.081453764432808e-07,4e-06,0.6978031992912292,24.0,33.0,102,0.0
5.3114,escalate,3.0,10,5.081453764432808e-07,4e-06,0.41380593180656433,24.0,33.0,102,0.0
5.3126,escalate,3.0,10,5.081453764432808e-07,4e-06,0.32320350408554077,24.0,33.0,102,0.0
5.3233,escalate,3.0,10,5.081453764432808e-07,4e-06,0.5409785509109497,24.0,33.0,102,0.0
5.333,escalate,3.0,10,5.081453764432808e-07,4e-06,0.32320350408554077,24.0,33.0,102,0.0
5.3433,escalate,3.0,10,5.081453764432808e-07,4e-06,0.6315809488296509,24.0,33.0,102,0.0
5.3533,escalate,3.0,10,5.081453764432808e-07,4e-06,0.697803258895874,24.0,33.0,102,0.0
5.3633,escalate,3.0,10,5.081453764432808e-07,4e-06,0.5558045506477356,24.0,33.0,102,0.0
5.3733,escalate,3.0,10,5.081453764432808e-07,4e-06,0.4773922562599182,24.0,33.0,102,0.0
5.383,escalate,3.0,10,5.081453764432808e-07,4e-06,0.5409785509109497,24.0,33.0,102,0.0
5.3933,escalate,3.0,10,5.081453764432808e-07,4e-06,0.5679946541786194,24.0,33.0,102,0.0
5.4035,escalate,3.0,10,5.081453764432808e-07,4e-06,0.6315809488296509,24.0,33.0,102,0.0
5.4132,escalate,3.0,10,5.081453764432808e-07,4e-06,0.6315809488296509,24.0,33.0,102,0.0
5.4233,escalate,3.0,10,5.081453764432808e-07,4e-06,0.7613896131515503,24.0,33.0,102,0.0
5.4331,escalate,3.0,10,5.081453764432808e-07,4e-06,0.722183346748352,24.0,33.0,102,0.0
5.4433,escalate,3.0,10,5.081453764432808e-07,4e-06,0.7126292586326599,24.0,33.0,102,0.0
5.4532,escalate,3.0,10,5.081453764432808e-07,4e-06,0.7343734502792358,24.0,33.0,102,0.0
5.4633,escalate,3.0,10,5.081453764432808e-07,4e-06,0.4773922562599182,24.0,33.0,102,0.0
5.4733,escalate,3.0,10,5.081453764432808e-07,4e-06,0.8101497888565063,24.0,33.0,102,0.0
5.483,escalate,3.0,10,5.081453764432808e-07,4e-06,0.6193908452987671,24.0,33.0,102,0.0
5.4927,escalate,3.0,10,5.081453764432808e-07,4e-06,0.6437709927558899,24.0,33.0,102,0.0
5.5033,escalate,3.0,10,7.98017208580859e-05,5e-06,0.5413690805435181,24.0,33.0,102,0.0
5.521,escalate,3.0,10,4.877539367953432e-07,5e-06,0.36193859577178955,24.0,33.0,102,0.0
5.5223,escalate,3.0,10,4.877539367953432e-07,5e-06,0.7098304033279419,24.0,33.0,102,0.0
5.533,escalate,3.0,10,4.877539367953432e-07,5e-06,0.38689500093460083,24.0,33.0,102,0.0
5.5433,escalate,3.0,10,4.877539367953432e-07,5e-06,0.4649014472961426,24.0,33.0,102,0.0
5.5533,escalate,3.0,10,4.877539367953432e-07,5e-06,0.5928206443786621,24.0,33.0,102,0.0
5.5633,escalate,3.0,10,4.877539367953432e-07,5e-06,0.7223085761070251,24.0,33.0,102,0.0
5.5733,escalate,3.0,10,4.877539367953432e-07,5e-06,0.8003150224685669,24.0,33.0,102,0.0
5.583,escalate,3.0,10,4.877539367953432e-07,5e-06,0.6708270907402039,24.0,33.0,102,0.0
5.5933,escalate,3.0,10,-2.038648926827591e-05,4e-06,0.7221793532371521,24.0,33.0,102,0.0
5.6033,escalate,3.0,10,-5.120880928188853e-07,4e-06,0.7613896727561951,24.0,33.0,102,0.0
5.6133,escalate,3.0,10,-5.120880928188853e-07,4e-06,0.1690158247947693,24.0,33.0,102,0.0
5.6233,escalate,3.0,10,-5.120880928188853e-07,4e-06,0.682976484298706,24.0,33.0,102,0.0
5.6331,escalate,3.0,10,-5.120880928188853e-07,4e-06,0.3502211570739746,24.0,33.0,102,0.0
5.6433,escalate,3.0,10,-5.120880928188853e-07,4e-06,0.6856145858764648,24.0,33.0,102,0.0
5.6533,escalate,3.0,10,-5.120880928188853e-07,4e-06,0.7613896727561951,24.0,33.0,102,0.0
5.6633,escalate,3.0,10,2.2096579414210282e-05,5e-06,0.7737950086593628,24.0,33.0,102,0.0
5.6733,escalate,3.0,10,-0.00011971775529673323,4e-06,0.3746206760406494,24.0,33.0,102,0.0
5.683,escalate,3.0,10,-3.062764562855591e-06,4e-06,0.6193910241127014,24.0,33.0,102,0.0
5.6933,escalate,3.0,10,-5.32552235199546e-07,4e-06,0.6167527437210083,24.0,33.0,102,0.0
5.7033,escalate,3.0,10,0.00016923648945521563,5e-06,0.683348536491394,24.0,33.0,102,0.0
5.7124,escalate,3.0,10,6.099059191910783e-06,5e-06,0.3744156062602997,24.0,33.0,102,0.0
5.732,escalate,3.0,10,5.081067229184555e-07,5e-06,0.6458711624145508,24.0,33.0,102,0.0
5.7335,escalate,3.0,10,5.081067229184555e-07,5e-06,0.6849004030227661,24.0,33.0,102,0.0
5.7433,escalate,3.0,10,0.00015774853818584234,5e-06,0.5038476586341858,24.0,33.0,102,0.0
5.7532,escalate,3.0,10,4.181012172921328e-06,5e-06,0.6833066344261169,24.0,33.0,102,0.0
5.7633,escalate,3.0,10,5.489333148034348e-07,5e-06,0.594389796257019,24.0,33.0,102,0.0
5.7733,escalate,3.0,10,5.489333148034348e-07,5e-06,0.37441694736480713,24.0,33.0,102,0.0
5.783,escalate,3.0,10,5.489333148034348e-07,5e-06,0.4649016857147217,24.0,33.0,102,0.0
5.7933,escalate,3.0,10,5.489333148034348e-07,5e-06,0.7098305225372314,24.0,33.0,102,0.0
5.8033,escalate,3.0,10,5.489333148034348e-07,5e-06,0.4649016857147217,24.0,33.0,102,0.0
5.8134,escalate,3.0,10,5.489333148034348e-07,5e-06,0.4773796498775482,24.0,33.0,102,0.0
5.8224,escalate,3.0,10,5.489333148034348e-07,5e-06,0.400942325592041,24.0,33.0,102,0.0
5.8325,escalate,3.0,10,0.0001987828582059592,6e-06,0.21910491585731506,24.0,33.0,102,0.0
5.8434,escalate,3.0,10,3.9973820094019175e-06,6e-06,0.46458542346954346,24.0,33.0,102,0.0
5.8533,escalate,3.0,10,5.489479804055009e-07,6e-06,0.6448131799697876,24.0,33.0,102,0.0
5.8633,escalate,3.0,10,5.489479804055009e-07,6e-06,0.5289175510406494,24.0,33.0,102,0.0
5.8733,escalate,3.0,10,5.489479804055009e-07,6e-06,0.6448131799697876,24.0,33.0,102,0.0
5.8831,escalate,3.0,10,5.489479804055009e-07,6e-06,0.7224116325378418,24.0,33.0,102,0.0
5.8933,escalate,3.0,10,0.00015913617971818894,5e-06,0.6973266005516052,23.5,33.0,102,0.0
5.9033,escalate,3.0,10,5.895147751289187e-06,5e-06,0.5803433656692505,24.0,33.0,102,0.0
5.9133,escalate,3.0,10,5.082449092697061e-07,5e-06,0.6458711624145508,24.0,33.0,102,0.0
5.9321,escalate,3.0,10,5.082449092697061e-07,5e-06,0.6833052039146423,24.0,33.0,102,0.0
5.9334,escalate,3.0,10,5.082449092697061e-07,5e-06,0.9032780528068542,24.0,33.0,102,0.0
5.9433,escalate,3.0,10,5.082449092697061e-07,5e-06,0.6318237781524658,24.0,33.0,102,0.0
5.9533,escalate,3.0,10,5.082449092697061e-07,5e-06,0.7347866296768188,24.0,33.0,102,0.0
5.9633,escalate,3.0,10,5.082449092697061e-07,5e-06,0.6193457841873169,24.0,33.0,102,0.0
5.9733,escalate,3.0,10,5.082449092697061e-07,5e-06,0.5678644180297852,24.0,33.0,102,0.0
5.983,escalate,3.0,10,5.082449092697061e-07,5e-06,0.4508543014526367,24.0,33.0,102,0.0
5.9924,escalate,3.0,10,5.082449092697061e-07,5e-06,0.6708271503448486,24.0,33.0,102,0.0
6.0033,escalate,3.0,10,5.082449092697061e-07,5e-06,0.5803424119949341,24.0,33.0,102,0.0
6.0133,escalate,3.0,10,5.082449092697061e-07,5e-06,0.6973525285720825,24.0,33.0,102,0.0
6.0235,escalate,3.0,10,0.00022632963373325765,6e-06,0.6320605278015137,24.0,33.0,102,0.0
6.0332,escalate,3.0,10,1.0506678336241748e-05,6e-06,0.6192806363105774,24.0,33.0,102,0.0
6.0433,escalate,3.0,10,5.490710464073345e-07,6e-06,0.6320474743843079,24.0,33.0,102,0.0
6.0532,escalate,3.0,10,5.490710464073345e-07,6e-06,0.6968802213668823,24.0,33.0,102,0.0
6.0633,escalate,3.0,10,-3.0792907637078315e-05,6e-06,0.5804779529571533,24.0,33.0,102,0.0
6.0724,escalate,3.0,10,-3.04460154438857e-05,5e-06,0.6832932829856873,24.0,33.0,102,0.0
6.0826,escalate,3.0,10,-5.527908797375858e-07,5e-06,0.748834490776062,24.0,33.0,102,0.0
6.0934,escalate,3.0,10,-5.527908797375858e-07,5e-06,0.7098308801651001,24.0,33.0,102,0.0
6.1033,escalate,3.0,10,-5.527908797375858e-07,5e-06,0.3619396388530731,24.0,33.0,102,0.0
6.1132,escalate,3.0,10,-5.527908797375858e-07,5e-06,0.7223083972930908,24.0,33.0,102,0.0
6.1233,escalate,3.0,10,-5.527908797375858e-07,5e-06,0.6833047270774841,24.0,33.0,102,0.0
6.1427,escalate,3.0,10,-5.527908797375858e-07,5e-06,0.5023349523544312,24.0,33.0,102,0.0
6.144,escalate,3.0,10,-5.527908797375858e-07,5e-06,0.6833047270774841,24.0,33.0,102,0.0
6.1528,escalate,3.0,10,-5.527908797375858e-07,5e-06,0.7347860336303711,24.0,33.0,102,0.0
6.1633,escalate,3.0,10,-5.527908797375858e-07,5e-06,0.5678646564483643,24.0,33.0,102,0.0
6.1733,escalate,3.0,10,-5.527908797375858e-07,5e-06,0.6318235397338867,24.0,33.0,102,0.0
6.183,escalate,3.0,10,-5.527908797375858e-07,5e-06,0.3884657025337219,24.0,33.0,102,0.0
6.1934,escalate,3.0,10,-5.527908797375858e-07,5e-06,0.4134208858013153,24.0,33.0,102,0.0
6.2033,escalate,3.0,10,-5.527908797375858e-07,5e-06,0.5429095029830933,24.0,33.0,102,0.0
6.2133,escalate,3.0,10,-5.527908797375858e-07,5e-06,0.5413385629653931,24.0,33.0,102,0.0
6.2233,escalate,3.0,10,-5.527908797375858e-07,5e-06,0.4258984923362732,24.0,33.0,102,0.0
6.233,escalate,3.0,10,-5.527908797375858e-07,5e-06,0.6583495736122131,24.0,33.0,102,0.0
6.2433,escalate,3.0,10,-5.527908797375858e-07,5e-06,0.7223083972930908,24.0,33.0,102,0.0
6.2533,escalate,3.0,10,0.00012616184540092945,5e-06,0.631925106048584,24.0,33.0,102,0.0
6.2635,escalate,3.0,10,1.2812463864975143e-05,6e-06,0.5161481499671936,24.0,33.0,102,0.0
6.2732,escalate,3.0,10,-0.0002023983543040231,5e-06,0.6708338260650635,24.0,33.0,102,0.0
6.283,escalate,3.0,10,-1.4407718481379561e-05,5e-06,0.5803394317626953,24.0,33.0,102,0.0
6.2934,escalate,3.0,10,-5.323628897713206e-07,5e-06,0.5678646564483643,24.0,33.0,102,0.0
6.3028,escalate,3.0,10,-5.323628897713206e-07,5e-06,0.6973532438278198,24.0,33.0,102,0.0
6.3134,escalate,3.0,10,-5.323628897713206e-07,5e-06,0.59281986951828,24.0,33.0,102,0.0
6.3233,escalate,3.0,10,-5.323628897713206e-07,5e-06,0.6708271503448486,24.0,33.0,102,0.0
6.3333,escalate,3.0,10,-5.323628897713206e-07,5e-06,0.59281986951828,24.0,33.0,102,0.0
6.3522,escalate,3.0,10,-5.323628897713206e-07,5e-06,0.4898573160171509,24.0,33.0,102,0.0
6.3535,escalate,3.0,10,-5.323628897713206e-07,5e-06,0.6318235397338867,24.0,33.0,102,0.0
6.3632,escalate,3.0,10,-5.323628897713206e-07,5e-06,0.5553870797157288,24.0,33.0,102,0.0
6.3727,escalate,3.0,10,-5.323628897713206e-07,5e-06,0.6318235397338867,24.0,33.0,102,0.0
6.3834,escalate,3.0,10,-5.323628897713206e-07,5e-06,0.6193459033966064,24.0,33.0,102,0.0
6.3933,escalate,3.0,10,2.1545767594943754e-05,6e-06,0.5932592749595642,24.0,33.0,102,0.0
6.4029,escalate,3.0,10,5.286895543576975e-07,6e-06,0.36095482110977173,24.0,33.0,102,0.0
6.4133,escalate,3.0,10,5.286895543576975e-07,6e-06,0.5804824829101562,24.0,33.0,102,0.0
6.4233,escalate,3.0,10,5.286895543576975e-07,6e-06,0.8255416750907898,24.0,33.0,102,0.0
6.433,escalate,3.0,10,5.286895543576975e-07,6e-06,0.6968802213668823,24.0,33.0,102,0.0
6.4433,escalate,3.0,10,5.286895543576975e-07,6e-06,0.5161517858505249,24.0,33.0,102,0.0
6.4533,escalate,3.0,10,5.286895543576975e-07,6e-06,0.709143877029419,24.0,33.0,102,0.0
6.4633,escalate,3.0,10,-0.0001186769368359819,5e-06,0.6832675337791443,24.0,33.0,102,0.0
6.4733,escalate,3.0,10,-2.613685182950576e-06,5e-06,0.7488355040550232,24.0,33.0,102,0.0
6.4831,escalate,3.0,10,-5.527865596377524e-07,5e-06,0.4524245262145996,24.0,33.0,102,0.0
6.4933,escalate,3.0,10,-5.527865596377524e-07,5e-06,0.6318235397338867,24.0,33.0,102,0.0
6.5033,escalate,3.0,10,-5.527865596377524e-07,5e-06,0.6052974462509155,24.0,33.0,102,0.0
6.5133,escalate,3.0,10,-5.527865596377524e-07,5e-06,0.5538161993026733,24.0,33.0,102,0.0
6.5233,escalate,3.0,10,-5.527865596377524e-07,5e-06,0.8252708911895752,24.0,33.0,102,0.0
6.533,escalate,3.0,10,-5.527865596377524e-07,5e-06,0.28393232822418213,24.0,33.0,102,0.0
6.5433,escalate,3.0,10,-5.527865596377524e-07,5e-06,0.6833047270774841,24.0,33.0,102,0.0
6.563,escalate,3.0,10,-5.527865596377524e-07,5e-06,0.6833047270774841,24.0,33.0,102,0.0
6.5644,escalate,3.0,10,-5.527865596377524e-07,5e-06,0.6209167838096619,24.0,33.0,102,0.0
6.5732,escalate,3.0,10,-5.527865596377524e-07,5e-06,0.3619396388530731,24.0,33.0,102,0.0
6.5828,escalate,3.0,10,-5.527865596377524e-07,5e-06,0.6443011164665222,24.0,33.0,102,0.0
6.5927,escalate,3.0,10,-5.527865596377524e-07,5e-06,0.6318235397338867,24.0,33.0,102,0.0
6.6033,escalate,3.0,10,-5.527865596377524e-07,5e-06,0.6583495736122131,24.0,33.0,102,0.0
6.6133,escalate,3.0,10,-5.527865596377524e-07,5e-06,0.7862672209739685,24.0,33.0,102,0.0
6.6233,escalate,3.0,10,-5.527865596377524e-07,5e-06,0.6052974462509155,24.0,33.0,102,0.0
6.633,escalate,3.0,10,-5.527865596377524e-07,5e-06,0.5678646564483643,24.0,33.0,102,0.0
6.6433,escalate,3.0,10,-5.527865596377524e-07,5e-06,0.7347859740257263,24.0,33.0,102,0.0
6.6533,escalate,3.0,10,-5.527865596377524e-07,5e-06,0.4134209156036377,24.0,33.0,102,0.0
6.6633,escalate,3.0,10,-5.527865596377524e-07,5e-06,0.3229359984397888,24.0,33.0,102,0.0
6.6733,escalate,3.0,10,-5.527865596377524e-07,5e-06,0.3619396388530731,24.0,33.0,102,0.0
6.683,escalate,3.0,10,-5.527865596377524e-07,5e-06,0.748834490776062,24.0,33.0,102,0.0
6.6933,escalate,3.0,10,-5.527865596377524e-07,5e-06,0.6052974462509155,24.0,33.0,102,0.0
6.7033,escalate,3.0,10,0.00022404429910238832,6e-06,0.5932770371437073,24.0,33.0,102,0.0
6.7133,escalate,3.0,10,-0.00022135450853966177,5e-06,0.6833116412162781,24.0,33.0,102,0.0
6.7233,escalate,3.0,10,-9.102423064177856e-06,5e-06,0.7737873792648315,24.0,33.0,102,0.0
6.733,escalate,3.0,10,-5.527565463125939e-07,5e-06,0.47737976908683777,24.0,33.0,102,0.0
6.7433,escalate,3.0,10,-5.527565463125939e-07,5e-06,0.47737976908683777,24.0,33.0,102,0.0
6.7533,escalate,3.0,10,-5.527565463125939e-07,5e-06,0.6193459033966064,24.0,33.0,102,0.0
6.7716,escalate,3.0,10,-5.527565463125939e-07,5e-06,0.6957823634147644,24.0,33.0,102,0.0
6.7729,escalate,3.0,10,-5.527565463125939e-07,5e-06,0.5039058327674866,24.0,33.0,102,0.0
6.783,escalate,3.0,10,-5.527565463125939e-07,5e-06,0.606868326663971,24.0,33.0,102,0.0
6.7933,escalate,3.0,10,-5.527565463125939e-07,5e-06,0.773789644241333,24.0,33.0,102,0.0
6.8033,escalate,3.0,10,-5.527565463125939e-07,5e-06,0.4773797392845154,24.0,33.0,102,0.0
6.8133,escalate,3.0,10,-5.527565463125939e-07,5e-06,0.7223083972930908,24.0,33.0,102,0.0
6.8234,escalate,3.0,10,-5.527565463125939e-07,5e-06,0.4649021327495575,24.0,33.0,102,0.0
6.8328,escalate,3.0,10,-5.527565463125939e-07,5e-06,0.4383760690689087,24.0,33.0,102,0.0
6.8434,escalate,3.0,10,-5.527565463125939e-07,5e-06,0.6957823634147644,24.0,33.0,102,0.0
6.8529,escalate,3.0,10,-5.527565463125939e-07,5e-06,0.5678646564483643,24.0,33.0,102,0.0
6.8633,escalate,3.0,10,-5.527565463125939e-07,5e-06,0.4274693429470062,24.0,33.0,102,0.0
6.8728,escalate,3.0,10,-5.527565463125939e-07,5e-06,0.6318235397338867,24.0,33.0,102,0.0
6.8834,escalate,3.0,10,-5.527565463125939e-07,5e-06,0.6443011164665222,24.0,33.0,102,0.0
6.8929,escalate,3.0,10,-5.527565463125939e-07,5e-06,0.7082599401473999,24.0,33.0,102,0.0
6.9033,escalate,3.0,10,-5.527565463125939e-07,5e-06,0.5678646564483643,24.0,33.0,102,0.0
6.9133,escalate,3.0,10,-5.527565463125939e-07,5e-06,0.7597411870956421,24.0,33.0,102,0.0
6.9233,escalate,3.0,10,-5.527565463125939e-07,5e-06,0.606868326663971,24.0,33.0,102,0.0
6.933,escalate,3.0,10,-5.527565463125939e-07,5e-06,0.5803422927856445,24.0,33.0,102,0.0
6.9433,escalate,3.0,10,-5.527565463125939e-07,5e-06,0.59281986951828,24.0,33.0,102,0.0
6.9533,escalate,3.0,10,0.0002239627210656181,6e-06,0.8255195617675781,24.0,33.0,102,0.0
6.9634,escalate,3.0,10,8.976390745374374e-06,6e-06,0.5677151083946228,24.0,33.0,102,0.0
6.9821,escalate,3.0,10,5.491535262081015e-07,6e-06,0.5421852469444275,24.0,33.0,102,0.0
6.9835,escalate,3.0,10,5.491535262081015e-07,6e-06,0.6968802213668823,24.0,33.0,102,0.0
6.9933,escalate,3.0,10,5.491535262081015e-07,6e-06,0.7744786143302917,24.0,33.0,102,0.0
7.0033,escalate,3.0,10,5.491535262081015e-07,6e-06,0.5804824829101562,24.0,33.0,102,0.0
7.0134,escalate,3.0,10,5.491535262081015e-07,6e-06,0.6708466410636902,24.0,33.0,102,0.0
7.0233,escalate,3.0,10,5.491535262081015e-07,6e-06,0.6320474147796631,24.0,33.0,102,0.0
7.0333,escalate,3.0,10,5.491535262081015e-07,6e-06,0.7224116325378418,24.0,33.0,102,0.0
7.0425,escalate,3.0,10,5.491535262081015e-07,6e-06,0.3742225766181946,24.0,33.0,102,0.0
7.0533,escalate,3.0,10,5.491535262081015e-07,6e-06,0.6836124658584595,24.0,33.0,102,0.0
7.0632,escalate,3.0,10,5.491535262081015e-07,6e-06,0.7224116325378418,24.0,33.0,102,0.0
7.0733,escalate,3.0,10,5.491535262081015e-07,6e-06,0.5932482481002808,24.0,33.0,102,0.0
7.0833,escalate,3.0,10,5.491535262081015e-07,6e-06,0.7867423892021179,24.0,33.0,102,0.0
7.0933,escalate,3.0,10,5.491535262081015e-07,6e-06,0.6580809354782104,24.0,33.0,102,0.0
7.1029,escalate,3.0,10,5.491535262081015e-07,6e-06,0.6320474743843079,24.0,33.0,102,0.0
7.1125,escalate,3.0,10,5.491535262081015e-07,6e-06,0.6065160036087036,24.0,33.0,102,0.0
7.1234,escalate,3.0,10,5.491535262081015e-07,6e-06,0.7356793880462646,24.0,33.0,102,0.0
7.133,escalate,3.0,10,5.491535262081015e-07,6e-06,0.32265758514404297,24.0,33.0,102,0.0
7.1433,escalate,3.0,10,5.491535262081015e-07,6e-06,0.7096459269523621,24.0,33.0,102,0.0
7.1533,escalate,3.0,10,5.491535262081015e-07,6e-06,0.6315454840660095,24.0,33.0,102,0.0
7.1633,escalate,3.0,10,5.491535262081015e-07,6e-06,0.6320474147796631,24.0,33.0,102,0.0
7.1733,escalate,3.0,10,5.491535262081015e-07,6e-06,0.7351774573326111,24.0,33.0,102,0.0
7.1917,escalate,3.0,10,5.491535262081015e-07,6e-06,0.6453151702880859,24.0,33.0,102,0.0
7.193,escalate,3.0,10,5.491535262081015e-07,6e-06,0.5416831970214844,24.0,33.0,102,0.0
7.2033,escalate,3.0,10,5.491535262081015e-07,6e-06,0.6836124658584595,24.0,33.0,102,0.0
7.2133,escalate,3.0,10,5.491535262081015e-07,6e-06,0.7229136824607849,24.0,33.0,102,0.0
7.223,escalate,3.0,10,5.491535262081015e-07,6e-06,0.3874903619289398,24.0,33.0,102,0.0
7.233,escalate,3.0,10,5.491535262081015e-07,6e-06,0.800010085105896,24.0,33.0,102,0.0
7.2433,escalate,3.0,10,5.491535262081015e-07,6e-06,0.670846700668335,24.0,33.0,102,0.0
7.2533,escalate,3.0,10,5.491535262081015e-07,6e-06,0.4130218029022217,24.0,33.0,102,0.0
7.2633,escalate,3.0,10,5.491535262081015e-07,6e-06,0.49011826515197754,24.0,33.0,102,0.0
7.2733,escalate,3.0,10,5.491535262081015e-07,6e-06,0.6320474743843079,24.0,33.0,102,0.0
7.283,escalate,3.0,10,5.491535262081015e-07,6e-06,0.7867423892021179,24.0,33.0,102,0.0
7.2934,escalate,3.0,10,5.491535262081015e-07,6e-06,0.7351773977279663,24.0,33.0,102,0.0
7.3032,escalate,3.0,10,5.491535262081015e-07,6e-06,0.7096459269523621,24.0,33.0,102,0.0
7.3133,escalate,3.0,10,5.491535262081015e-07,6e-06,0.5289174914360046,24.0,33.0,102,0.0
7.3233,escalate,3.0,10,5.491535262081015e-07,6e-06,0.7612108588218689,24.0,33.0,102,0.0
7.3333,escalate,3.0,10,5.491535262081015e-07,6e-06,0.4518210291862488,24.0,33.0,102,0.0
7.3433,escalate,3.0,10,5.491535262081015e-07,6e-06,0.5804824829101562,24.0,33.0,102,0.0
7.3533,escalate,3.0,10,5.491535262081015e-07,6e-06,0.6320474743843079,24.0,33.0,102,0.0
7.3633,escalate,3.0,10,-7.452060526702553e-05,5e-06,0.6583701968193054,24.0,33.0,102,0.0
7.3724,escalate,3.0,10,2.925887929450255e-05,5e-06,0.5538816452026367,24.0,33.0,102,0.0
7.3831,escalate,3.0,10,1.4057214684726205e-05,6e-06,0.6580761075019836,24.0,33.0,102,0.0
7.4018,escalate,3.0,10,5.287444082568982e-07,6e-06,0.7224116325378418,24.0,33.0,102,0.0
7.403,escalate,3.0,10,5.287444082568982e-07,6e-06,0.4257875382900238,24.0,33.0,102,0.0
7.4133,escalate,3.0,10,5.287444082568982e-07,6e-06,0.36145684123039246,24.0,33.0,102,0.0
7.4225,escalate,3.0,10,5.287444082568982e-07,6e-06,0.7739766836166382,24.0,33.0,102,0.0
7.4329,escalate,3.0,10,5.287444082568982e-07,6e-06,0.4906202554702759,24.0,33.0,102,0.0
7.4432,escalate,3.0,10,5.287444082568982e-07,6e-06,0.5156497955322266,24.0,33.0,102,0.0
7.4533,escalate,3.0,10,5.287444082568982e-07,6e-06,0.554951012134552,24.0,33.0,102,0.0
7.4633,escalate,3.0,10,5.287444082568982e-07,6e-06,0.6060140132904053,24.0,33.0,102,0.0
7.4733,escalate,3.0,10,5.287444082568982e-07,6e-06,0.43905529379844666,24.0,33.0,102,0.0
7.4833,escalate,3.0,10,5.287444082568982e-07,6e-06,0.45182105898857117,24.0,33.0,102,0.0
7.4933,escalate,3.0,10,5.287444082568982e-07,6e-06,0.5416832566261292,24.0,33.0,102,0.0
7.5034,escalate,4.0,10,5.287444082568982e-07,6e-06,0.7744786143302917,24.0,33.0,102,0.0
7.5144,escalate,4.0,10,5.287444082568982e-07,6e-06,0.800010085105896,24.0,33.0,102,0.0
7.5244,escalate,4.0,10,5.287444082568982e-07,6e-06,0.825541615486145,24.0,33.0,102,0.0
7.5344,escalate,4.0,10,5.287444082568982e-07,6e-06,0.7224116325378418,24.0,33.0,102,0.0
7.5444,escalate,4.0,10,5.287444082568982e-07,6e-06,0.8255416750907898,24.0,33.0,102,0.0
7.5544,escalate,4.0,10,5.287444082568982e-07,6e-06,0.7479431629180908,24.0,33.0,102,0.0
7.5644,escalate,4.0,10,5.287444082568982e-07,6e-06,0.7867423892021179,24.0,33.0,102,0.0
7.5745,escalate,4.0,10,5.287444082568982e-07,6e-06,0.7612108588218689,24.0,33.0,102,0.0
7.5843,escalate,4.0,10,5.287444082568982e-07,6e-06,0.9419392943382263,24.0,33.0,102,0.0
7.6027,escalate,4.0,10,5.287444082568982e-07,6e-06,0.8383073210716248,24.0,33.0,102,0.0
7.6039,escalate,4.0,10,5.287444082568982e-07,6e-06,0.8515750765800476,24.0,33.0,102,0.0
7.6144,escalate,4.0,10,5.287444082568982e-07,6e-06,0.7351773977279663,24.0,33.0,102,0.0
7.6244,escalate,4.0,10,5.287444082568982e-07,6e-06,0.5416832566261292,24.0,33.0,102,0.0
7.6344,escalate,4.0,10,0.0001302224991377443,7e-06,0.851296067237854,24.0,33.0,102,0.0
7.6444,escalate,4.0,10,2.8549268336064415e-06,7e-06,0.7224935293197632,24.0,33.0,102,0.0
7.6546,escalate,4.0,10,5.083589371679409e-07,7e-06,0.8643814921379089,24.0,33.0,102,0.0
7.6638,escalate,4.0,10,5.083589371679409e-07,7e-06,0.8127343654632568,24.0,33.0,102,0.0
7.6744,escalate,4.0,10,5.083589371679409e-07,7e-06,0.9029754400253296,24.0,33.0,102,0.0
7.6844,escalate,4.0,10,5.083589371679409e-07,7e-06,0.7610872983932495,24.0,33.0,102,0.0
7.6944,escalate,4.0,10,5.083589371679409e-07,7e-06,0.7349810004234314,24.0,33.0,102,0.0
7.7043,escalate,4.0,10,5.083589371679409e-07,7e-06,0.7871936559677124,24.0,33.0,102,0.0
7.7145,escalate,4.0,10,5.083589371679409e-07,7e-06,0.8257875442504883,24.0,33.0,102,0.0
7.7244,escalate,4.0,10,5.083589371679409e-07,7e-06,0.928516149520874,24.0,33.0,102,0.0
7.7344,escalate,4.0,10,5.083589371679409e-07,7e-06,0.8513283133506775,24.0,33.0,102,0.0
7.7444,escalate,4.0,10,5.083589371679409e-07,7e-06,0.6963871717453003,24.0,33.0,102,0.0
7.7544,escalate,4.0,10,5.083589371679409e-07,7e-06,0.8127344846725464,24.0,33.0,102,0.0
7.7644,escalate,4.0,10,5.083589371679409e-07,7e-06,0.7871936559677124,24.0,33.0,102,0.0
7.7744,escalate,4.0,10,5.083589371679409e-07,7e-06,0.7871936559677124,24.0,33.0,102,0.0
7.7843,escalate,4.0,10,5.083589371679409e-07,7e-06,0.8643814921379089,24.0,33.0,102,0.0
7.803,escalate,4.0,10,5.083589371679409e-07,7e-06,0.7480341792106628,24.0,33.0,102,0.0
7.8043,escalate,4.0,10,5.083589371679409e-07,7e-06,0.7871936559677124,24.0,33.0,102,0.0
7.8144,escalate,4.0,10,5.083589371679409e-07,7e-06,0.7871936559677124,24.0,33.0,102,0.0
7.8244,escalate,4.0,10,5.083589371679409e-07,7e-06,0.6708464026451111,24.0,33.0,102,0.0
7.8344,escalate,4.0,10,5.083589371679409e-07,7e-06,0.8774346113204956,24.0,33.0,102,0.0
7.8445,escalate,4.0,10,5.083589371679409e-07,7e-06,0.7349810600280762,24.0,33.0,102,0.0
7.8544,escalate,4.0,10,5.083589371679409e-07,7e-06,0.7610873579978943,24.0,33.0,102,0.0
7.8639,escalate,4.0,10,5.083589371679409e-07,7e-06,0.838275134563446,24.0,33.0,102,0.0
7.8737,escalate,4.0,10,5.083589371679409e-07,7e-06,0.8388407230377197,24.0,33.0,102,0.0
7.8845,escalate,4.0,10,5.083589371679409e-07,7e-06,0.8127343654632568,24.0,33.0,102,0.0
7.8941,escalate,4.0,10,5.083589371679409e-07,7e-06,0.7094402313232422,24.0,33.0,102,0.0
7.9039,escalate,4.0,10,5.083589371679409e-07,7e-06,0.7871936559677124,24.0,33.0,102,0.0
7.9144,escalate,4.0,10,5.083589371679409e-07,7e-06,0.8774346709251404,24.0,33.0,102,0.0
7.9245,escalate,4.0,10,5.083589371679409e-07,7e-06,0.7480341792106628,24.0,33.0,102,0.0
7.9338,escalate,4.0,10,5.083589371679409e-07,7e-06,0.7866281270980835,24.0,33.0,102,0.0
7.944,escalate,4.0,10,5.083589371679409e-07,7e-06,0.6838995218276978,24.0,33.0,102,0.0
7.9544,escalate,4.0,10,5.083589371679409e-07,7e-06,0.8127343654632568,24.0,33.0,102,0.0
7.9644,escalate,4.0,10,5.083589371679409e-07,7e-06,0.916028618812561,24.0,33.0,102,0.0
7.9738,escalate,4.0,10,5.083589371679409e-07,7e-06,0.6838995218276978,24.0,33.0,102,0.0
7.9839,escalate,4.0,10,0.0001845812366809696,9e-06,0.8643950819969177,24.0,33.0,102,0.0
7.9944,escalate,4.0,10,3.936381290259305e-06,9e-06,0.91612309217453,24.0,33.0,102,0.0
8.015,escalate,4.0,10,5.083520022708399e-07,9e-06,0.8643951416015625,24.0,33.0,102,0.0
8.0164,escalate,4.0,10,5.083520022708399e-07,9e-06,0.710845410823822,24.0,33.0,102,0.0
8.0241,escalate,4.0,10,5.083520022708399e-07,9e-06,0.812667727470398,24.0,33.0,102,0.0
8.0344,escalate,4.0,10,5.083520022708399e-07,9e-06,0.8126676082611084,24.0,33.0,102,0.0
8.0445,escalate,4.0,10,5.083520022708399e-07,9e-06,0.8910753726959229,24.0,33.0,102,0.0
8.0543,escalate,4.0,10,5.083520022708399e-07,9e-06,0.7092125415802002,24.0,33.0,102,0.0
8.0641,escalate,4.0,10,5.083520022708399e-07,9e-06,0.6708251237869263,24.0,33.0,102,0.0
8.0745,escalate,4.0,10,5.083520022708399e-07,9e-06,0.7859874963760376,24.0,33.0,102,0.0
8.0842,escalate,4.0,10,5.083520022708399e-07,9e-06,0.9428028464317322,24.0,33.0,102,0.0
8.0943,escalate,4.0,10,5.083520022708399e-07,9e-06,0.8260077238082886,24.0,33.0,102,0.0
8.1044,escalate,4.0,10,5.083520022708399e-07,9e-06,0.812667727470398,24.0,33.0,102,0.0
8.1143,escalate,4.0,10,5.083520022708399e-07,9e-06,0.812667727470398,24.0,33.0,102,0.0
8.1236,escalate,4.0,10,5.083520022708399e-07,9e-06,0.7742801904678345,24.0,33.0,102,0.0
8.1345,escalate,4.0,10,5.083520022708399e-07,9e-06,0.8643951416015625,24.0,33.0,102,0.0
8.1444,escalate,4.0,10,5.083520022708399e-07,9e-06,0.7225526571273804,24.0,33.0,102,0.0
8.1543,escalate,4.0,10,5.083520022708399e-07,9e-06,0.6324377059936523,24.0,33.0,102,0.0
8.1644,escalate,4.0,10,5.083520022708399e-07,9e-06,0.7476000189781189,24.0,33.0,102,0.0
8.1744,escalate,4.0,10,5.083520022708399e-07,9e-06,0.6841652393341064,24.0,33.0,102,0.0
8.1844,escalate,4.0,10,5.083520022708399e-07,9e-06,0.7609400749206543,24.0,33.0,102,0.0
8.1944,escalate,4.0,10,5.083520022708399e-07,9e-06,0.8894425630569458,24.0,33.0,102,0.0
8.2044,escalate,4.0,10,5.083520022708399e-07,9e-06,0.7358927726745605,24.0,33.0,102,0.0
8.2226,escalate,4.0,10,5.083520022708399e-07,9e-06,0.7092125415802002,24.0,33.0,102,0.0
8.2239,escalate,4.0,10,5.083520022708399e-07,9e-06,0.799327552318573,24.0,34.0,102,0.0
8.2344,escalate,4.0,10,5.083520022708399e-07,9e-06,0.7225526571273804,24.0,33.0,102,0.0
8.2444,escalate,4.0,10,5.083520022708399e-07,9e-06,0.6591179370880127,24.0,33.0,102,0.0
8.2544,escalate,4.0,10,5.083520022708399e-07,9e-06,0.7609400749206543,24.0,33.0,102,0.0
8.2644,escalate,4.0,10,5.083520022708399e-07,9e-06,0.7876203060150146,24.0,33.0,102,0.0
8.2744,escalate,4.0,10,5.083520022708399e-07,9e-06,0.7609400749206543,24.0,34.0,102,0.0
8.2844,escalate,4.0,10,5.083520022708399e-07,9e-06,0.8126676082611084,24.0,33.0,102,0.0
8.2944,escalate,4.0,10,5.083520022708399e-07,9e-06,0.7609400749206543,24.0,33.0,102,0.0
8.3044,escalate,4.0,10,5.083520022708399e-07,9e-06,0.8377150297164917,24.0,33.0,102,0.0
8.3144,escalate,4.0,10,5.083520022708399e-07,9e-06,0.8894425630569458,24.0,33.0,102,0.0
8.3237,escalate,4.0,10,5.083520022708399e-07,9e-06,0.8009604215621948,24.0,33.0,102,0.0
8.3345,escalate,4.0,10,5.083520022708399e-07,9e-06,0.785987377166748,24.0,33.0,102,0.0
8.3439,escalate,4.0,10,5.083520022708399e-07,9e-06,0.9027826189994812,24.0,33.0,102,0.0
8.3545,escalate,4.0,10,5.083520022708399e-07,9e-06,0.8377150297164917,24.0,33.0,102,0.0
8.364,escalate,4.0,10,5.083520022708399e-07,9e-06,0.7358927726745605,24.0,33.0,102,0.0
8.3745,escalate,4.0,10,5.083520022708399e-07,9e-06,0.812667727470398,24.0,33.0,102,0.0
8.3844,escalate,4.0,10,5.083520022708399e-07,9e-06,0.812667727470398,24.0,33.0,102,0.0
8.3944,escalate,4.0,10,5.083520022708399e-07,9e-06,0.7609400749206543,24.0,33.0,102,0.0
8.4044,escalate,4.0,10,5.083520022708399e-07,9e-06,0.799327552318573,24.0,33.0,102,0.0
8.4145,escalate,4.0,10,5.083520022708399e-07,9e-06,0.864395260810852,24.0,33.0,102,0.0
8.4341,escalate,4.0,10,5.083520022708399e-07,9e-06,0.9161226749420166,24.0,33.0,102,0.0
8.4355,escalate,4.0,10,5.083520022708399e-07,9e-06,0.7358927726745605,24.0,33.0,102,0.0
8.4442,escalate,4.0,10,5.083520022708399e-07,9e-06,0.7876202464103699,24.0,33.0,102,0.0
8.4544,escalate,4.0,10,5.9458201576489955e-05,1e-05,0.7852785587310791,24.0,33.0,102,0.0
8.4644,escalate,4.0,10,1.181715333586908e-06,1e-05,0.7743966579437256,24.0,33.0,102,0.0
8.4744,escalate,4.0,10,5.083524001747719e-07,1e-05,0.8262030482292175,24.0,34.0,102,0.0
8.4844,escalate,4.0,10,5.083524001747719e-07,1e-05,0.7743965983390808,24.0,33.0,102,0.0
8.4944,escalate,4.0,10,-8.402928506257012e-05,9e-06,0.940880298614502,24.0,33.0,102,0.0
8.5044,escalate,4.0,10,-1.7101086996262893e-05,9e-06,0.6591013669967651,24.0,34.0,102,0.0
8.5144,escalate,4.0,10,-5.52686231003463e-07,9e-06,0.7342614531517029,24.0,34.0,102,0.0
8.5244,escalate,4.0,10,-5.52686231003463e-07,9e-06,0.7859888076782227,24.0,33.0,102,0.0
8.5344,escalate,4.0,10,-5.52686231003463e-07,9e-06,0.8777348399162292,24.0,33.0,102,0.0
8.5444,escalate,4.0,10,-5.52686231003463e-07,9e-06,0.7742800116539001,24.0,34.0,102,0.0
8.5544,escalate,4.0,10,-5.52686231003463e-07,9e-06,0.7859888076782227,24.0,33.0,102,0.0
8.564,escalate,4.0,10,-5.52686231003463e-07,9e-06,0.7609404921531677,24.0,33.0,102,0.0
8.5745,escalate,4.0,10,0.0002023743581958115,1e-05,0.785475492477417,24.0,33.0,102,0.0
8.5844,escalate,4.0,10,1.2832972061005421e-05,1e-05,0.7362217903137207,24.0,34.0,102,0.0
8.5936,escalate,4.0,10,5.492010473062692e-07,1e-05,0.798949658870697,24.0,34.0,102,0.0
8.6044,escalate,4.0,10,5.492010473062692e-07,1e-05,0.9161893129348755,24.0,34.0,102,0.0
8.6144,escalate,4.0,10,5.492010473062692e-07,1e-05,0.6571569442749023,24.0,34.0,102,0.0
8.6245,escalate,4.0,10,5.492010473062692e-07,1e-05,0.7607699632644653,24.0,34.0,102,0.0
8.6443,escalate,4.0,10,5.492010473062692e-07,1e-05,0.7743965983390808,24.0,34.0,102,0.0
8.646,escalate,4.0,10,5.492010473062692e-07,1e-05,0.9025626182556152,24.0,34.0,102,0.0
8.6545,escalate,4.0,10,5.492010473062692e-07,1e-05,0.7471432089805603,24.0,33.0,102,0.0
8.6644,escalate,4.0,10,5.492010473062692e-07,1e-05,0.9161893129348755,24.0,33.0,102,0.0
8.6739,escalate,4.0,10,5.492010473062692e-07,1e-05,0.7362167835235596,24.0,33.0,102,0.0
8.6844,escalate,4.0,10,5.492010473062692e-07,1e-05,0.7607698440551758,24.0,34.0,102,0.0
8.6944,escalate,4.0,10,5.492010473062692e-07,1e-05,0.8452304601669312,24.0,33.0,102,0.0
8.7043,escalate,4.0,10,5.492010473062692e-07,1e-05,0.6707836985588074,24.0,33.0,102,0.0
8.7144,escalate,4.0,10,5.492010473062692e-07,1e-05,0.5917237997055054,24.0,34.0,102,0.0
8.7244,escalate,4.0,10,5.492010473062692e-07,1e-05,0.878009557723999,24.0,34.0,102,0.0
8.7344,escalate,4.0,10,5.492010473062692e-07,1e-05,0.850756049156189,24.0,33.0,102,0.0
8.7445,escalate,4.0,10,5.492010473062692e-07,1e-05,0.888935923576355,24.0,34.0,102,0.0
8.7538,escalate,4.0,10,5.492010473062692e-07,1e-05,0.8507561087608337,24.0,33.0,102,0.0
8.7645,escalate,4.0,10,5.492010473062692e-07,1e-05,0.7225901484489441,24.0,33.0,102,0.0
8.7744,escalate,4.0,10,5.492010473062692e-07,1e-05,0.8125762939453125,24.0,34.0,102,0.0
8.7838,escalate,4.0,10,5.492010473062692e-07,1e-05,0.6844103336334229,24.0,34.0,102,0.0
8.7946,escalate,4.0,10,5.492010473062692e-07,1e-05,0.9925488233566284,24.0,33.0,102,0.0
8.8043,escalate,4.0,10,5.492010473062692e-07,1e-05,0.7743965983390808,24.0,33.0,102,0.0
8.8144,escalate,4.0,10,5.492010473062692e-07,1e-05,0.87530916929245,24.0,33.0,102,0.0
8.8245,escalate,4.0,10,5.492010473062692e-07,1e-05,0.7607699632644653,24.0,33.0,102,0.0
8.8439,escalate,4.0,10,5.492010473062692e-07,1e-05,0.8125762939453125,24.0,33.0,102,0.0
8.8453,escalate,4.0,10,5.492010473062692e-07,1e-05,0.7607698440551758,24.0,34.0,102,0.0
8.8543,escalate,4.0,10,0.00014228187501430511,1.1e-05,0.6567630767822266,24.0,33.0,102,0.0
8.8642,escalate,4.0,10,3.344690640005865e-06,1.1e-05,0.7226061224937439,24.0,33.0,102,0.0
8.8744,escalate,4.0,10,5.084044687464484e-07,1.1e-05,0.6428965926170349,24.0,34.0,102,0.0
8.8844,escalate,4.0,10,5.084044687464484e-07,1.1e-05,0.8124608397483826,24.0,33.0,102,0.0
8.8944,escalate,4.0,10,5.084044687464484e-07,1.1e-05,0.9301413893699646,24.0,33.0,102,0.0
8.9038,escalate,4.0,10,5.084044687464484e-07,1.1e-05,0.7605770826339722,24.0,33.0,102,0.0
8.9144,escalate,4.0,10,5.084044687464484e-07,1.1e-05,0.6428966522216797,24.0,34.0,102,0.0
8.9244,escalate,4.0,10,5.084044687464484e-07,1.1e-05,0.7086932063102722,24.0,33.0,102,0.0
8.9344,escalate,4.0,10,5.084044687464484e-07,1.1e-05,0.7124606370925903,24.0,33.0,102,0.0
8.9445,escalate,4.0,10,5.084044687464484e-07,1.1e-05,0.7846352458000183,24.0,34.0,102,0.0
8.9542,escalate,4.0,10,5.084044687464484e-07,1.1e-05,0.7226060628890991,24.0,33.0,102,0.0
8.9644,escalate,4.0,10,5.084044687464484e-07,1.1e-05,0.6188384294509888,24.0,34.0,102,0.0
8.9744,escalate,4.0,10,5.084044687464484e-07,1.1e-05,0.7605770826339722,24.0,33.0,102,0.0
8.9844,escalate,4.0,10,5.084044687464484e-07,1.1e-05,0.9023157358169556,24.0,34.0,102,0.0
8.9944,escalate,4.0,10,5.084044687464484e-07,1.1e-05,0.9023157358169556,24.0,33.0,102,0.0
9.0044,escalate,4.0,10,5.084044687464484e-07,1.1e-05,0.670722246170044,24.0,34.0,102,0.0
9.0144,escalate,4.0,10,5.084044687464484e-07,1.1e-05,0.7605770826339722,24.0,33.0,102,0.0
9.0245,escalate,4.0,10,5.084044687464484e-07,1.1e-05,0.8124608397483826,24.0,33.0,102,0.0
9.0344,escalate,4.0,10,-5.893116758670658e-05,1.1e-05,0.8401830196380615,24.0,33.0,102,0.0
9.0532,escalate,4.0,10,-5.11843609274365e-07,1e-05,0.9679956436157227,24.0,33.0,102,0.0
9.0545,escalate,4.0,10,0.00017584797751624137,1.1e-05,0.7744616270065308,24.0,33.0,102,0.0
9.0644,escalate,4.0,10,1.4383804227691144e-05,1.1e-05,0.8124586939811707,24.0,34.0,102,0.0
9.0744,escalate,4.0,10,5.492587433764129e-07,1.1e-05,0.6846351027488708,24.0,33.0,102,0.0
9.0844,escalate,4.0,10,5.492587433764129e-07,1.1e-05,0.8782575130462646,24.0,33.0,102,0.0
9.0944,escalate,4.0,10,5.492587433764129e-07,1.1e-05,0.8605772852897644,24.0,33.0,102,0.0
9.1042,escalate,4.0,10,5.492587433764129e-07,1.1e-05,0.8263736963272095,24.0,33.0,102,0.0
9.1146,escalate,4.0,10,5.492587433764129e-07,1.1e-05,0.7744898796081543,24.0,33.0,102,0.0
9.1241,escalate,4.0,10,5.492587433764129e-07,1.1e-05,0.8124608397483826,24.0,34.0,102,0.0
9.1344,escalate,4.0,10,5.492587433764129e-07,1.1e-05,0.7365188598632812,24.0,33.0,102,0.0
9.1444,escalate,4.0,10,5.492587433764129e-07,1.1e-05,0.8124608397483826,24.0,33.0,102,0.0
9.1544,escalate,4.0,10,5.492587433764129e-07,1.1e-05,0.670722246170044,24.0,34.0,102,0.0
9.1643,escalate,4.0,10,5.492587433764129e-07,1.1e-05,0.5808674097061157,24.0,33.0,102,0.0
9.1744,escalate,4.0,10,5.492587433764129e-07,1.1e-05,0.6985478401184082,24.0,33.0,102,0.0
9.1844,escalate,4.0,10,7.906749669928104e-05,1.2e-05,0.7887876033782959,24.0,34.0,102,0.0
9.1944,escalate,4.0,10,1.6920027974265395e-06,1.2e-05,0.6848387718200684,24.0,34.0,102,0.0
9.2044,escalate,4.0,10,5.085164502816042e-07,1.2e-05,0.9256033897399902,24.0,33.0,102,0.0
9.2143,escalate,4.0,10,5.085164502816042e-07,1.2e-05,0.7225995063781738,24.0,34.0,102,0.0
9.2237,escalate,4.0,10,5.085164502816042e-07,1.2e-05,0.7603606581687927,24.0,34.0,102,0.0
9.2345,escalate,4.0,10,5.085164502816042e-07,1.2e-05,0.8123201727867126,24.0,34.0,102,0.0
9.2527,escalate,4.0,10,5.085164502816042e-07,1.2e-05,0.7981216907501221,24.0,33.0,102,0.0
9.2539,escalate,4.0,10,5.085164502816042e-07,1.2e-05,0.590588390827179,24.0,34.0,102,0.0
9.2644,escalate,4.0,10,5.085164502816042e-07,1.2e-05,0.8123201727867126,24.0,33.0,102,0.0
9.2744,escalate,4.0,10,5.085164502816042e-07,1.2e-05,0.8500813245773315,24.0,34.0,102,0.0
9.2846,escalate,4.0,10,5.085164502816042e-07,1.2e-05,0.7225995063781738,24.0,34.0,102,0.0
9.2943,escalate,4.0,10,5.085164502816042e-07,1.2e-05,0.7367980480194092,24.0,34.0,102,0.0
9.3039,escalate,4.0,10,5.085164502816042e-07,1.2e-05,0.6328789591789246,24.0,34.0,102,0.0
9.3145,escalate,4.0,10,5.085164502816042e-07,1.2e-05,0.760360598564148,24.0,34.0,102,0.0
9.3237,escalate,4.0,10,5.085164502816042e-07,1.2e-05,0.7745591402053833,24.0,33.0,102,0.0
9.3345,escalate,4.0,10,5.085164502816042e-07,1.2e-05,0.7887576818466187,24.0,34.0,102,0.0
9.3444,escalate,4.0,10,5.085164502816042e-07,1.2e-05,0.8358827829360962,24.0,34.0,102,0.0
9.3543,escalate,4.0,10,5.085164502816042e-07,1.2e-05,0.8878422975540161,24.0,34.0,102,0.0
9.3644,escalate,4.0,10,5.085164502816042e-07,1.2e-05,0.8123201727867126,24.0,34.0,102,0.0
9.3744,escalate,4.0,10,5.085164502816042e-07,1.2e-05,0.826518714427948,24.0,33.0,102,0.0
9.3844,escalate,4.0,10,5.085164502816042e-07,1.2e-05,0.9020408391952515,24.0,34.0,102,0.0
9.3946,escalate,4.0,10,5.085164502816042e-07,1.2e-05,0.8358827829360962,24.0,34.0,102,0.0
9.4043,escalate,4.0,10,5.085164502816042e-07,1.2e-05,0.802956223487854,24.0,34.0,102,0.0
9.4137,escalate,4.0,10,9.547304944135249e-05,1.2e-05,0.8123077154159546,24.0,34.0,102,0.0
9.4243,escalate,4.0,10,2.018476607190678e-06,1.2e-05,0.7367986440658569,24.0,33.0,102,0.0
9.4344,escalate,4.0,10,5.289161890686955e-07,1.2e-05,0.760360598564148,24.0,34.0,102,0.0
9.4444,escalate,4.0,10,5.289161890686955e-07,1.2e-05,0.7745591402053833,24.0,33.0,102,0.0
9.4628,escalate,4.0,10,5.289161890686955e-07,1.2e-05,0.8407172560691833,24.0,34.0,102,0.0
9.4641,escalate,4.0,10,5.289161890686955e-07,1.2e-05,0.760360598564148,24.0,34.0,102,0.0
9.4744,escalate,4.0,10,5.289161890686955e-07,1.2e-05,0.7651951313018799,24.0,34.0,102,0.0
9.4843,escalate,4.0,10,5.289161890686955e-07,1.2e-05,0.9398018717765808,24.0,34.0,102,0.0
9.4944,escalate,4.0,10,5.289161890686955e-07,1.2e-05,0.6848385334014893,24.0,34.0,102,0.0
9.5044,escalate,4.0,10,5.289161890686955e-07,1.2e-05,0.8642797470092773,24.0,34.0,102,0.0
9.5144,escalate,4.0,10,5.289161890686955e-07,1.2e-05,0.7745591998100281,24.0,34.0,102,0.0
9.5244,escalate,4.0,10,5.289161890686955e-07,1.2e-05,0.9162393808364868,24.0,34.0,102,0.0
9.5344,escalate,4.0,10,5.289161890686955e-07,1.2e-05,0.7367980480194092,24.0,34.0,102,0.0
9.5444,escalate,4.0,10,5.289161890686955e-07,1.2e-05,0.7509965896606445,24.0,34.0,102,0.0
9.5544,escalate,4.0,10,5.289161890686955e-07,1.2e-05,0.850081205368042,24.0,34.0,102,0.0
9.5644,escalate,4.0,10,5.289161890686955e-07,1.2e-05,0.7981216311454773,24.0,34.0,102,0.0
9.5744,escalate,4.0,10,5.289161890686955e-07,1.2e-05,0.7603606581687927,24.0,34.0,102,0.0
9.5838,escalate,4.0,10,5.289161890686955e-07,1.2e-05,0.7367980480194092,24.0,34.0,102,0.0
9.5944,escalate,4.0,10,5.289161890686955e-07,1.2e-05,0.9256033897399902,24.0,34.0,102,0.0
9.6044,escalate,4.0,10,5.289161890686955e-07,1.2e-05,0.8642797470092773,24.0,34.0,102,0.0
9.6144,escalate,4.0,10,5.289161890686955e-07,1.2e-05,0.826518714427948,24.0,34.0,102,0.0
9.6244,escalate,4.0,10,5.289161890686955e-07,1.2e-05,0.8878422975540161,24.0,34.0,102,0.0
9.6344,escalate,4.0,10,5.289161890686955e-07,1.2e-05,0.7367980480194092,24.0,34.0,102,0.0
9.6444,escalate,4.0,10,5.289161890686955e-07,1.2e-05,0.7887576818466187,24.0,34.0,102,0.0
9.6626,escalate,4.0,10,5.289161890686955e-07,1.2e-05,0.9681988954544067,24.0,34.0,102,0.0
9.6639,escalate,4.0,10,5.289161890686955e-07,1.2e-05,0.7509965896606445,24.0,34.0,102,0.0
9.6744,escalate,4.0,10,5.289161890686955e-07,1.2e-05,0.9162392616271973,24.0,34.0,102,0.0
9.6844,escalate,4.0,10,5.289161890686955e-07,1.2e-05,0.8878422975540161,24.0,34.0,102,0.0
9.6944,escalate,4.0,10,5.289161890686955e-07,1.2e-05,0.892676830291748,24.0,34.0,102,0.0
9.7044,escalate,4.0,10,5.289161890686955e-07,1.2e-05,0.6706399917602539,24.0,34.0,102,0.0
9.7144,escalate,4.0,10,9.161656635114923e-05,1.4e-05,0.7976273894309998,24.0,34.0,102,0.0
9.7244,escalate,4.0,10,-2.5385314074810594e-05,1.2e-05,0.7603675127029419,24.0,34.0,102,0.0
9.7345,escalate,4.0,10,-5.321085723153374e-07,1.2e-05,0.8265184760093689,24.0,34.0,102,0.0
9.7444,escalate,4.0,10,-5.321085723153374e-07,1.2e-05,0.7745590209960938,24.0,34.0,102,0.0
9.7544,escalate,4.0,10,-5.321085723153374e-07,1.2e-05,0.8265185356140137,24.0,34.0,102,0.0
9.7645,escalate,4.0,10,-5.321085723153374e-07,1.2e-05,0.7367977499961853,24.0,34.0,102,0.0
9.7739,escalate,4.0,10,-5.321085723153374e-07,1.2e-05,0.7887572050094604,24.0,34.0,102,0.0
9.7845,escalate,4.0,10,-5.321085723153374e-07,1.2e-05,0.6990363597869873,24.0,34.0,102,0.0
9.794,escalate,4.0,10,-5.321085723153374e-07,1.2e-05,0.6706401109695435,24.0,34.0,102,0.0
9.8045,escalate,4.0,10,-5.321085723153374e-07,1.2e-05,0.7745590209960938,24.0,34.0,102,0.0
9.8143,escalate,4.0,10,-5.321085723153374e-07,1.2e-05,0.7461627721786499,24.0,34.0,102,0.0
9.8244,escalate,4.0,10,-5.321085723153374e-07,1.2e-05,0.7367977499961853,24.0,34.0,102,0.0
9.8344,escalate,4.0,10,-5.321085723153374e-07,1.2e-05,0.8123204112052917,24.0,34.0,102,0.0
9.8444,escalate,4.0,10,4.11959808843676e-05,1.3e-05,0.7080721855163574,24.0,34.0,102,0.0
9.8545,escalate,4.0,10,5.697638698620722e-07,1.3e-05,0.6646357774734497,24.0,34.0,102,0.0
9.8743,escalate,4.0,10,5.085490215606114e-07,1.3e-05,0.7687033414840698,24.0,34.0,102,0.0
9.8757,escalate,4.0,10,5.085490215606114e-07,1.3e-05,0.7746047973632812,24.0,34.0,102,0.0
9.8843,escalate,4.0,10,-0.00016913808940444142,1.2e-05,0.8406590223312378,24.0,34.0,102,0.0
9.8937,escalate,4.0,10,-5.082448751636548e-06,1.2e-05,0.9020430445671082,24.0,34.0,102,0.0
9.9045,escalate,4.0,10,-5.321485332387965e-07,1.2e-05,0.7461632490158081,24.0,34.0,102,0.0
9.9144,escalate,4.0,10,-5.321485332387965e-07,1.2e-05,0.802954912185669,24.0,34.0,102,0.0
9.9244,escalate,4.0,10,-5.321485332387965e-07,1.2e-05,0.878477931022644,24.0,34.0,102,0.0
9.9344,escalate,4.0,10,-5.321485332387965e-07,1.2e-05,0.7603611946105957,24.0,34.0,102,0.0
9.9444,escalate,4.0,10,-5.321485332387965e-07,1.2e-05,0.7603611350059509,24.0,34.0,102,0.0
9.9545,escalate,4.0,10,-5.321485332387965e-07,1.2e-05,0.439238965511322,24.0,34.0,102,0.0
9.9637,escalate,4.0,10,-5.321485332387965e-07,1.2e-05,0.8265185356140137,24.0,34.0,102,0.0
9.9745,escalate,4.0,10,5.011289249523543e-05,1.3e-05,0.8641828894615173,24.0,34.0,102,0.0
9.9843,escalate,4.0,10,1.0390277793703717e-06,1.3e-05,0.8266392946243286,24.0,34.0,102,0.0
9.9944,escalate,4.0,10,5.49309334019199e-07,1.3e-05,0.6185035705566406,24.0,34.0,102,0.0
10.0047,escalate,5.0,10,5.49309334019199e-07,1.3e-05,0.7370549440383911,24.0,34.0,102,0.0
10.0157,escalate,5.0,10,5.49309334019199e-07,1.3e-05,1.0347737073898315,24.0,34.0,102,0.0
10.0257,escalate,5.0,10,5.49309334019199e-07,1.3e-05,1.043355941772461,24.0,34.0,102,0.0
10.0357,escalate,5.0,10,5.49309334019199e-07,1.3e-05,0.9017385244369507,24.0,34.0,102,0.0
10.0457,escalate,5.0,10,5.49309334019199e-07,1.3e-05,1.0723236799240112,24.0,34.0,102,0.0
10.0557,escalate,5.0,10,0.00022894171706866473,1.5e-05,1.0351594686508179,24.0,34.0,102,0.0
10.0765,escalate,5.0,10,5.289345494929876e-07,1.5e-05,0.9978216886520386,24.0,34.0,102,0.0
10.0781,escalate,5.0,10,5.289345494929876e-07,1.5e-05,0.9535154700279236,24.0,34.0,102,0.0
10.0854,escalate,5.0,10,5.289345494929876e-07,1.5e-05,0.9387468695640564,24.0,34.0,102,0.0
10.0957,escalate,5.0,10,5.289345494929876e-07,1.5e-05,0.9387468695640564,24.0,34.0,102,0.0
10.1056,escalate,5.0,10,0.00015470861399080604,1.6e-05,0.9380974769592285,24.0,34.0,102,0.0
10.1156,escalate,5.0,10,3.5488947105477564e-06,1.6e-05,0.8940356969833374,24.0,34.0,102,0.0
10.1256,escalate,5.0,10,5.493689059221651e-07,1.6e-05,1.0355132818222046,24.0,34.0,102,0.0
10.1357,escalate,5.0,10,5.493689059221651e-07,1.6e-05,0.96828293800354,24.0,34.0,102,0.0
10.1457,escalate,5.0,10,5.493689059221651e-07,1.6e-05,0.8940340280532837,24.0,34.0,102,0.0
10.1557,escalate,5.0,10,5.493689059221651e-07,1.6e-05,0.9161055088043213,24.0,34.0,102,0.0
10.1656,escalate,5.0,10,5.493689059221651e-07,1.6e-05,0.9682830572128296,24.0,34.0,102,0.0
10.1747,escalate,5.0,10,5.493689059221651e-07,1.6e-05,0.9161055088043213,24.0,34.0,102,0.0
10.1857,escalate,5.0,10,5.493689059221651e-07,1.6e-05,0.9612643718719482,24.0,34.0,102,0.0
10.1956,escalate,5.0,10,5.493689059221651e-07,1.6e-05,0.9241399765014648,24.0,34.0,102,0.0
10.2057,escalate,5.0,10,5.493689059221651e-07,1.6e-05,1.0505661964416504,24.0,34.0,102,0.0
10.2157,escalate,5.0,10,5.493689059221651e-07,1.6e-05,0.9983888864517212,24.0,34.0,102,0.0
10.2257,escalate,5.0,10,0.00019047848763875663,1.7e-05,0.9006147384643555,24.0,34.0,102,0.0
10.2357,escalate,5.0,10,5.079275069874711e-06,1.7e-05,0.8944342136383057,24.0,34.0,102,0.0
10.2457,escalate,5.0,10,5.085694851914013e-07,1.7e-05,0.9835885763168335,24.0,34.0,102,0.0
10.2557,escalate,5.0,10,5.085694851914013e-07,1.7e-05,0.9160048961639404,24.0,34.0,102,0.0
10.2657,escalate,5.0,10,5.085694851914013e-07,1.7e-05,0.9620155096054077,24.0,34.0,102,0.0
10.2844,escalate,5.0,10,5.085694851914013e-07,1.7e-05,0.9160048365592957,24.0,34.0,102,0.0
10.2857,escalate,5.0,10,5.085694851914013e-07,1.7e-05,0.8790949583053589,23.5,34.0,102,0.0
10.2957,escalate,5.0,10,5.085694851914013e-07,1.7e-05,0.9006680250167847,24.0,34.0,102,0.0
10.3057,escalate,5.0,10,5.085694851914013e-07,1.7e-05,1.088082194328308,24.0,34.0,102,0.0
10.3154,escalate,5.0,10,5.085694851914013e-07,1.7e-05,1.0727453231811523,24.0,34.0,102,0.0
10.3257,escalate,5.0,10,5.085694851914013e-07,1.7e-05,1.0420715808868408,24.0,34.0,102,0.0
10.3356,escalate,5.0,10,-8.54370737215504e-05,1.6e-05,1.0425734519958496,24.0,34.0,102,0.0
10.3451,escalate,5.0,10,-2.1237326564005343e-06,1.6e-05,1.109762191772461,24.0,34.0,102,0.0
10.355,escalate,5.0,10,-5.117425985190494e-07,1.6e-05,1.013440489768982,24.0,34.0,102,0.0
10.3654,escalate,5.0,10,-5.117425985190494e-07,1.6e-05,0.9983879327774048,24.0,34.0,102,0.0
10.3757,escalate,5.0,10,-5.117425985190494e-07,1.6e-05,0.8639282584190369,24.0,34.0,102,0.0
10.3857,escalate,5.0,10,-5.117425985190494e-07,1.6e-05,1.0204601287841797,24.0,34.0,102,0.0
10.3958,escalate,5.0,10,-5.117425985190494e-07,1.6e-05,0.9010530710220337,24.0,34.0,102,0.0
10.4056,escalate,5.0,10,-5.117425985190494e-07,1.6e-05,0.9462106227874756,24.0,34.0,102,0.0
10.4157,escalate,5.0,10,-5.117425985190494e-07,1.6e-05,0.9983879327774048,24.0,34.0,102,0.0
10.4257,escalate,5.0,10,0.00016329904610756785,1.7e-05,0.9621161222457886,24.0,34.0,102,0.0
10.4356,escalate,5.0,10,4.936382538289763e-06,1.7e-05,1.0358374118804932,24.0,34.0,102,0.0
10.4457,escalate,5.0,10,5.085121301817708e-07,1.7e-05,0.952914834022522,24.0,34.0,102,0.0
10.4557,escalate,5.0,10,5.085121301817708e-07,1.7e-05,0.8881956338882446,24.0,34.0,102,0.0
10.4647,escalate,5.0,10,5.085121301817708e-07,1.7e-05,1.0295991897583008,24.0,34.0,102,0.0
10.4757,escalate,5.0,10,5.085121301817708e-07,1.7e-05,0.9529147148132324,24.0,34.0,102,0.0
10.4944,escalate,5.0,10,5.085121301817708e-07,1.7e-05,1.1312282085418701,24.0,34.0,102,0.0
10.4956,escalate,5.0,10,5.085121301817708e-07,1.7e-05,0.9989253878593445,24.0,34.0,102,0.0
10.5057,escalate,5.0,10,5.085121301817708e-07,1.7e-05,0.9375779032707214,24.0,34.0,102,0.0
10.5157,escalate,5.0,10,5.085121301817708e-07,1.7e-05,1.0943183898925781,24.0,34.0,102,0.0
10.5257,escalate,5.0,10,5.085121301817708e-07,1.7e-05,0.9466785788536072,24.0,34.0,102,0.0
10.5357,escalate,5.0,10,5.085121301817708e-07,1.7e-05,0.9313417673110962,24.0,34.0,102,0.0
10.5456,escalate,5.0,10,5.085121301817708e-07,1.7e-05,1.1431934833526611,24.0,34.0,102,0.0
10.5557,escalate,5.0,10,5.085121301817708e-07,1.7e-05,1.057408332824707,24.0,34.0,102,0.0
10.5657,escalate,5.0,10,5.085121301817708e-07,1.7e-05,0.9375779032707214,24.0,34.0,102,0.0
10.5757,escalate,5.0,10,5.085121301817708e-07,1.7e-05,0.968251645565033,24.0,34.0,102,0.0
10.5853,escalate,5.0,10,5.085121301817708e-07,1.7e-05,1.0727453231811523,24.0,34.0,102,0.0
10.5957,escalate,5.0,10,5.085121301817708e-07,1.7e-05,1.020498514175415,24.0,34.0,102,0.0
10.6056,escalate,5.0,10,5.085121301817708e-07,1.7e-05,0.9313417673110962,24.0,34.0,102,0.0
10.6159,escalate,5.0,10,5.085121301817708e-07,1.7e-05,1.014262318611145,24.0,34.0,102,0.0
10.6252,escalate,5.0,10,5.085121301817708e-07,1.7e-05,0.946678638458252,24.0,34.0,102,0.0
10.6353,escalate,5.0,10,-0.00022863890626467764,1.6e-05,1.0425269603729248,24.0,34.0,102,0.0
10.6458,escalate,5.0,10,-7.89838577475166e-06,1.6e-05,1.005410075187683,24.0,34.0,102,0.0
10.6556,escalate,5.0,10,-5.526090376406501e-07,1.6e-05,0.9682828187942505,24.0,34.0,102,0.0
10.6654,escalate,5.0,10,2.3219146896735765e-05,1.7e-05,0.9097869396209717,24.0,34.0,102,0.0
10.6749,escalate,5.0,10,5.084572194391512e-07,1.7e-05,0.968251645565033,24.0,34.0,102,0.0
10.6855,escalate,5.0,10,5.084572194391512e-07,1.7e-05,0.8790949583053589,24.0,34.0,102,0.0
10.705,escalate,5.0,10,5.084572194391512e-07,1.7e-05,0.8944317698478699,24.0,34.0,102,0.0
10.7063,escalate,5.0,10,5.084572194391512e-07,1.7e-05,0.952914834022522,24.0,34.0,102,0.0
10.7155,escalate,5.0,10,5.084572194391512e-07,1.7e-05,0.8790949583053589,24.0,34.0,102,0.0
10.7257,escalate,5.0,10,5.084572194391512e-07,1.7e-05,1.0727453231811523,24.0,34.0,102,0.0
10.7354,escalate,5.0,10,5.084572194391512e-07,1.7e-05,0.9989253878593445,24.0,34.0,102,0.0
10.7457,escalate,5.0,10,5.084572194391512e-07,1.7e-05,0.9835885763168335,24.0,34.0,102,0.0
10.7557,escalate,5.0,10,5.084572194391512e-07,1.7e-05,1.0727453231811523,24.0,34.0,102,0.0
10.7654,escalate,5.0,10,5.084572194391512e-07,1.7e-05,1.0420715808868408,24.0,34.0,102,0.0
10.7754,escalate,5.0,10,5.084572194391512e-07,1.7e-05,0.952914834022522,24.0,34.0,102,0.0
10.7858,escalate,5.0,10,5.084572194391512e-07,1.7e-05,0.8790950179100037,24.0,34.0,102,0.0
10.7957,escalate,5.0,10,5.084572194391512e-07,1.7e-05,0.8575218915939331,24.0,34.0,102,0.0
10.8056,escalate,5.0,10,5.084572194391512e-07,1.7e-05,0.9313417673110962,24.0,34.0,102,0.0
10.8157,escalate,5.0,10,5.084572194391512e-07,1.7e-05,0.9313417673110962,24.0,34.0,102,0.0
10.8257,escalate,5.0,10,5.084572194391512e-07,1.7e-05,1.0358352661132812,24.0,34.0,102,0.0
10.8357,escalate,5.0,10,5.084572194391512e-07,1.7e-05,0.9898247122764587,24.0,34.0,102,0.0
10.8455,escalate,5.0,10,0.00013820095045957714,1.8e-05,1.0048480033874512,24.0,34.0,102,0.0
10.8554,escalate,5.0,10,3.77325545741769e-06,1.8e-05,0.9213268756866455,24.0,34.0,102,0.0
10.8652,escalate,5.0,10,5.084652912046295e-07,1.8e-05,1.0048856735229492,24.0,34.0,102,0.0
10.8757,escalate,5.0,10,5.084652912046295e-07,1.8e-05,0.9681915640830994,24.0,34.0,102,0.0
10.8857,escalate,5.0,10,5.084652912046295e-07,1.8e-05,1.072821021080017,24.0,34.0,102,0.0
10.9057,escalate,5.0,10,5.084652912046295e-07,1.8e-05,0.9369505643844604,24.0,34.0,102,0.0
10.9071,escalate,5.0,10,5.084652912046295e-07,1.8e-05,0.947117805480957,24.0,34.0,102,0.0
10.9154,escalate,5.0,10,5.084652912046295e-07,1.8e-05,0.9525710940361023,24.0,34.0,102,0.0
10.9259,escalate,5.0,10,5.084652912046295e-07,1.8e-05,1.0259594917297363,24.0,34.0,102,0.0
10.9354,escalate,5.0,10,5.084652912046295e-07,1.8e-05,1.0415799617767334,24.0,34.0,102,0.0
10.9454,escalate,5.0,10,5.084652912046295e-07,1.8e-05,1.036126732826233,24.0,34.0,102,0.0
10.9557,escalate,5.0,10,5.084652912046295e-07,1.8e-05,0.8791825771331787,24.0,34.0,102,0.0
10.9657,escalate,5.0,10,5.084652912046295e-07,1.8e-05,0.9002563953399658,24.0,34.0,102,0.0
10.9751,escalate,5.0,10,5.084652912046295e-07,1.8e-05,0.93149733543396,24.0,34.0,102,0.0
10.9858,escalate,5.0,10,5.084652912046295e-07,1.8e-05,0.8791826963424683,24.0,34.0,102,0.0
10.9957,escalate,5.0,10,5.084652912046295e-07,1.8e-05,0.93149733543396,24.0,34.0,102,0.0
11.0056,escalate,5.0,10,5.084652912046295e-07,1.8e-05,0.9002563953399658,24.0,34.0,102,0.0
11.0156,escalate,5.0,10,5.084652912046295e-07,1.8e-05,1.0048856735229492,24.0,34.0,102,0.0
11.0254,escalate,5.0,10,5.084652912046295e-07,1.8e-05,1.072821021080017,24.0,34.0,102,0.0
11.0353,escalate,5.0,10,5.084652912046295e-07,1.8e-05,0.9838120341300964,24.0,34.0,102,0.0
11.0457,escalate,5.0,10,5.084652912046295e-07,1.8e-05,0.9104236364364624,24.0,34.0,102,0.0
11.0556,escalate,5.0,10,5.084652912046295e-07,1.8e-05,0.9158768653869629,24.0,34.0,102,0.0
11.0656,escalate,5.0,10,5.084652912046295e-07,1.8e-05,0.9158768653869629,24.0,34.0,102,0.0
11.0756,escalate,5.0,10,5.084652912046295e-07,1.8e-05,0.9525710344314575,24.0,34.0,102,0.0
11.0856,escalate,5.0,10,5.084652912046295e-07,1.8e-05,0.9158768653869629,24.0,34.0,102,0.0
11.0955,escalate,5.0,10,5.084652912046295e-07,1.8e-05,0.8112474679946899,24.0,34.0,102,0.0
11.1145,escalate,5.0,10,5.084652912046295e-07,1.8e-05,0.9681915640830994,24.0,34.0,102,0.0
11.1157,escalate,5.0,10,5.084652912046295e-07,1.8e-05,1.036126732826233,24.0,34.0,102,0.0
11.1258,escalate,5.0,10,5.084652912046295e-07,1.8e-05,1.0361268520355225,24.0,34.0,102,0.0
11.1354,escalate,5.0,10,5.084652912046295e-07,1.8e-05,0.9838120341300964,24.0,34.0,102,0.0
11.1455,escalate,5.0,10,5.084652912046295e-07,1.8e-05,0.9892653822898865,24.0,34.0,102,0.0
11.1557,escalate,5.0,10,5.084652912046295e-07,1.8e-05,0.9525710940361023,24.0,34.0,102,0.0
11.1656,escalate,5.0,10,5.084652912046295e-07,1.8e-05,0.9681915044784546,24.0,34.0,102,0.0
11.1757,escalate,5.0,10,5.084652912046295e-07,1.8e-05,1.1251356601715088,24.0,34.0,102,0.0
11.1857,escalate,5.0,10,5.084652912046295e-07,1.8e-05,1.0048857927322388,24.0,34.0,102,0.0
11.1954,escalate,5.0,10,5.084652912046295e-07,1.8e-05,0.9525710940361023,24.0,34.0,102,0.0
11.2056,escalate,5.0,10,5.084652912046295e-07,1.8e-05,1.0048857927322388,24.0,34.0,102,0.0
11.2158,escalate,5.0,10,5.084652912046295e-07,1.8e-05,1.05720055103302,24.0,34.0,102,0.0
11.2251,escalate,5.0,10,5.084652912046295e-07,1.8e-05,1.1095151901245117,24.0,34.0,102,0.0
11.2349,escalate,5.0,10,5.084652912046295e-07,1.8e-05,1.161829948425293,24.0,34.0,102,0.0
11.245,escalate,5.0,10,5.084652912046295e-07,1.8e-05,0.9525710940361023,24.0,34.0,102,0.0
11.2557,escalate,5.0,10,5.084652912046295e-07,1.8e-05,0.9681915640830994,24.0,34.0,102,0.0
11.2657,escalate,5.0,10,5.084652912046295e-07,1.8e-05,0.9260441064834595,24.0,34.0,102,0.0
11.2756,escalate,5.0,10,5.084652912046295e-07,1.8e-05,1.05720055103302,24.0,34.0,102,0.0
11.2857,escalate,5.0,10,5.084652912046295e-07,1.8e-05,0.9681915044784546,24.0,34.0,102,0.0
11.2955,escalate,5.0,10,5.084652912046295e-07,1.8e-05,0.9525710940361023,24.0,34.0,102,0.0
11.3151,escalate,5.0,10,5.084652912046295e-07,1.8e-05,0.7956269979476929,23.5,34.0,102,0.0
11.3165,escalate,5.0,10,5.084652912046295e-07,1.8e-05,1.1040619611740112,24.0,34.0,102,0.0
11.3256,escalate,5.0,10,5.084652912046295e-07,1.8e-05,0.9158768653869629,24.0,34.0,102,0.0
11.3357,escalate,5.0,10,5.084652912046295e-07,1.8e-05,0.9213300943374634,24.0,34.0,102,0.0
11.3456,escalate,5.0,10,5.084652912046295e-07,1.8e-05,0.9369505643844604,24.0,34.0,102,0.0
11.3551,escalate,5.0,10,5.084652912046295e-07,1.8e-05,0.9681915640830994,24.0,34.0,102,0.0
11.3657,escalate,5.0,10,1.7526177543913946e-05,2e-05,0.9886628985404968,24.0,34.0,102,0.0
11.3757,escalate,5.0,10,5.492732952916413e-07,2e-05,0.9475274085998535,24.0,34.0,102,0.0
11.3857,escalate,5.0,10,5.492732952916413e-07,2e-05,1.0045793056488037,24.0,34.0,102,0.0
11.3958,escalate,5.0,10,5.492732952916413e-07,2e-05,1.0045791864395142,24.0,34.0,102,0.0
11.4056,escalate,5.0,10,5.492732952916413e-07,2e-05,0.9681016802787781,24.0,34.0,102,0.0
11.4148,escalate,5.0,10,5.492732952916413e-07,2e-05,1.056960105895996,24.0,34.0,102,0.0
11.4254,escalate,5.0,10,5.492732952916413e-07,2e-05,1.056960105895996,24.0,34.0,102,0.0
11.4349,escalate,5.0,10,5.492732952916413e-07,2e-05,1.0363858938217163,24.0,34.0,102,0.0
11.4455,escalate,5.0,10,5.492732952916413e-07,2e-05,0.9269531965255737,24.0,34.0,102,0.0
11.4557,escalate,5.0,10,5.492732952916413e-07,2e-05,0.8474365472793579,24.0,34.0,102,0.0
11.4657,escalate,5.0,10,5.492732952916413e-07,2e-05,0.8792431354522705,24.0,34.0,102,0.0
11.4748,escalate,5.0,10,5.492732952916413e-07,2e-05,0.9316241145133972,24.0,34.0,102,0.0
11.4857,escalate,5.0,10,5.492732952916413e-07,2e-05,0.8315331339836121,24.0,34.0,102,0.0
11.4957,escalate,5.0,10,5.492732952916413e-07,2e-05,0.8062880039215088,24.0,34.0,102,0.0
11.5131,escalate,5.0,10,5.492732952916413e-07,2e-05,1.1046701669692993,24.0,34.0,102,0.0
11.5147,escalate,5.0,10,5.492732952916413e-07,2e-05,0.9521983861923218,24.0,34.0,102,0.0
11.5257,escalate,5.0,10,5.492732952916413e-07,2e-05,0.9952374696731567,24.0,34.0,102,0.0
11.5357,escalate,5.0,10,5.492732952916413e-07,2e-05,1.0045793056488037,24.0,34.0,102,0.0
11.5456,escalate,5.0,10,5.492732952916413e-07,2e-05,1.0158116817474365,24.0,34.0,102,0.0
11.5555,escalate,5.0,10,5.492732952916413e-07,2e-05,1.0728634595870972,24.0,34.0,102,0.0
11.5657,escalate,5.0,10,5.492732952916413e-07,2e-05,1.0410568714141846,24.0,34.0,102,0.0
11.5757,escalate,5.0,10,5.492732952916413e-07,2e-05,1.0045793056488037,24.0,34.0,102,0.0
11.5857,escalate,5.0,10,5.492732952916413e-07,2e-05,0.8792431354522705,24.0,34.0,102,0.0
11.5955,escalate,5.0,10,9.741146641317755e-05,2.1e-05,0.9720129370689392,24.0,34.0,102,0.0
11.6057,escalate,5.0,10,-1.1775336133723613e-05,2e-05,0.9316223859786987,24.0,34.0,102,0.0
11.6157,escalate,5.0,10,-5.322175979927124e-07,2e-05,0.9362959265708923,24.0,34.0,102,0.0
11.6254,escalate,5.0,10,-5.322175979927124e-07,2e-05,0.7651374340057373,24.0,34.0,102,0.0
11.6357,escalate,5.0,10,-5.322175979927124e-07,2e-05,1.0045796632766724,24.0,34.0,102,0.0
11.6457,escalate,5.0,10,-5.322175979927124e-07,2e-05,1.0934383869171143,24.0,34.0,102,0.0
11.6557,escalate,5.0,10,-5.322175979927124e-07,2e-05,0.8586682081222534,24.0,34.0,102,0.0
11.6657,escalate,5.0,10,-5.322175979927124e-07,2e-05,0.9316238760948181,24.0,34.0,102,0.0
11.6757,escalate,5.0,10,3.9583890611538664e-05,2.1e-05,1.0566741228103638,24.0,34.0,102,0.0
11.6847,escalate,5.0,10,1.0593795423119445e-06,2.1e-05,1.085172176361084,24.0,34.0,102,0.0
11.695,escalate,5.0,10,5.084462486593111e-07,2.1e-05,0.9479086399078369,24.0,34.0,102,0.0
11.7057,escalate,5.0,10,5.084462486593111e-07,2.1e-05,0.8430174589157104,24.0,34.0,102,0.0
11.7242,escalate,5.0,10,5.084462486593111e-07,2.1e-05,0.8792771697044373,24.0,34.0,102,0.0
11.7255,escalate,5.0,10,5.084462486593111e-07,2.1e-05,0.9679824709892273,24.0,34.0,102,0.0
11.7357,escalate,5.0,10,5.084462486593111e-07,2.1e-05,0.9841684103012085,24.0,34.0,102,0.0
11.7457,escalate,5.0,10,5.084462486593111e-07,2.1e-05,0.879277229309082,24.0,34.0,102,0.0
11.7556,escalate,5.0,10,5.084462486593111e-07,2.1e-05,1.0527998208999634,24.0,34.0,102,0.0
11.7657,escalate,5.0,10,5.084462486593111e-07,2.1e-05,1.036613941192627,24.0,34.0,102,0.0
11.7756,escalate,5.0,10,5.084462486593111e-07,2.1e-05,0.826831579208374,24.0,34.0,102,0.0
11.7857,escalate,5.0,10,5.084462486593111e-07,2.1e-05,0.9479086399078369,24.0,34.0,102,0.0
11.7958,escalate,5.0,10,5.084462486593111e-07,2.1e-05,0.9155368804931641,24.0,34.0,102,0.0
11.8054,escalate,5.0,10,5.084462486593111e-07,2.1e-05,0.9679825305938721,24.0,34.0,102,0.0
11.8157,escalate,5.0,10,5.084462486593111e-07,2.1e-05,0.8592033386230469,24.0,34.0,102,0.0
11.8256,escalate,5.0,10,5.084462486593111e-07,2.1e-05,0.879277229309082,24.0,34.0,102,0.0
11.8357,escalate,5.0,10,5.084462486593111e-07,2.1e-05,0.9640945196151733,24.0,34.0,102,0.0
11.8456,escalate,5.0,10,5.084462486593111e-07,2.1e-05,1.036613941192627,24.0,34.0,102,0.0
11.8559,escalate,5.0,10,5.084462486593111e-07,2.1e-05,1.0728737115859985,24.0,34.0,102,0.0
11.8656,escalate,5.0,10,5.084462486593111e-07,2.1e-05,0.8954631090164185,24.0,34.0,102,0.0
11.8757,escalate,5.0,10,5.084462486593111e-07,2.1e-05,0.838495671749115,24.0,34.0,102,0.0
11.8851,escalate,5.0,10,5.084462486593111e-07,2.1e-05,0.9880563616752625,24.0,34.0,102,0.0
11.8951,escalate,5.0,10,0.00020998547552153468,2.2e-05,0.9153697490692139,24.0,34.0,102,0.0
11.9048,escalate,5.0,10,1.4057308362680487e-05,2.2e-05,1.0007766485214233,24.0,34.0,102,0.0
11.9158,escalate,5.0,10,5.492415766639169e-07,2.2e-05,0.9317934513092041,24.0,34.0,102,0.0
11.9358,escalate,5.0,10,5.492415766639169e-07,2.2e-05,0.9843021631240845,24.0,34.0,102,0.0
11.9372,escalate,5.0,10,5.492415766639169e-07,2.2e-05,0.9513663649559021,24.0,34.0,102,0.0
11.9455,escalate,5.0,10,5.492415766639169e-07,2.2e-05,0.9286885261535645,24.0,34.0,102,0.0
11.9557,escalate,5.0,10,-4.6565768570872024e-05,2.1e-05,1.1497950553894043,24.0,34.0,102,0.0
11.9651,escalate,5.0,10,-1.1647962310235016e-06,2.1e-05,0.9880582690238953,24.0,34.0,102,0.0
11.9757,escalate,5.0,10,-5.526480890694074e-07,2.1e-05,0.9841681718826294,24.0,34.0,102,0.0
11.9851,escalate,5.0,10,2.7136846256325953e-05,2.2e-05,1.017259120941162,24.0,34.0,102,0.0
11.9958,escalate,5.0,10,5.084135068500473e-07,2.2e-05,0.9482613801956177,24.0,34.0,102,0.0
12.0056,escalate,5.0,10,5.084135068500473e-07,2.2e-05,0.9678342342376709,24.0,34.0,102,0.0
12.0157,escalate,5.0,10,5.084135068500473e-07,2.2e-05,0.9317934513092041,24.0,34.0,102,0.0
12.0251,escalate,5.0,10,5.084135068500473e-07,2.2e-05,1.0203429460525513,24.0,34.0,102,0.0
12.0357,escalate,5.0,10,5.084135068500473e-07,2.2e-05,1.0172380208969116,24.0,34.0,102,0.0
12.0448,escalate,5.0,10,5.084135068500473e-07,2.2e-05,1.0172380208969116,24.0,34.0,102,0.0
12.0557,escalate,5.0,10,5.084135068500473e-07,2.2e-05,0.8988577127456665,24.0,34.0,102,0.0
12.0657,escalate,5.0,10,5.084135068500473e-07,2.2e-05,0.9513663649559021,24.0,34.0,102,0.0
12.0757,escalate,5.0,10,5.084135068500473e-07,2.2e-05,1.0368108749389648,24.0,34.0,102,0.0
12.0857,escalate,5.0,10,5.084135068500473e-07,2.2e-05,0.9678342342376709,24.0,34.0,102,0.0
12.0958,escalate,5.0,10,5.084135068500473e-07,2.2e-05,1.0203429460525513,24.0,34.0,102,0.0
12.1056,escalate,5.0,10,5.084135068500473e-07,2.2e-05,0.8792847990989685,24.0,34.0,102,0.0
12.1154,escalate,5.0,10,5.084135068500473e-07,2.2e-05,0.9647293090820312,24.0,34.0,102,0.0
12.1252,escalate,5.0,10,5.084135068500473e-07,2.2e-05,0.9874071478843689,24.0,34.0,102,0.0
12.144,escalate,5.0,10,5.084135068500473e-07,2.2e-05,0.9843022227287292,24.0,34.0,102,0.0
12.1453,escalate,5.0,10,5.084135068500473e-07,2.2e-05,1.023447871208191,24.0,34.0,102,0.0
12.1553,escalate,5.0,10,5.084135068500473e-07,2.2e-05,1.0038750171661377,24.0,34.0,102,0.0
12.1657,escalate,5.0,10,5.084135068500473e-07,2.2e-05,0.9482614398002625,24.0,34.0,102,0.0
12.1756,escalate,5.0,10,-2.0753546777996235e-05,2.1e-05,1.0042511224746704,24.0,34.0,102,0.0
12.1857,escalate,5.0,10,-5.526662789634429e-07,2.1e-05,1.072873592376709,24.0,34.0,102,0.0
12.1958,escalate,5.0,10,0.00022765608446206897,2.2e-05,0.829845666885376,24.0,34.0,102,0.0
12.2055,escalate,5.0,10,9.77223135123495e-06,2.2e-05,1.056379795074463,24.0,34.0,102,0.0
12.2156,escalate,5.0,10,5.492017862707144e-07,2.2e-05,0.8957526683807373,24.0,34.0,102,0.0
12.225,escalate,5.0,10,5.492017862707144e-07,2.2e-05,0.9678342342376709,24.0,34.0,102,0.0
12.2352,escalate,5.0,10,5.492017862707144e-07,2.2e-05,0.8236711025238037,24.0,34.0,102,0.0
12.2451,escalate,5.0,10,5.492017862707144e-07,2.2e-05,0.9317934513092041,24.0,34.0,102,0.0
12.2555,escalate,5.0,10,5.492017862707144e-07,2.2e-05,1.0038750171661377,24.0,34.0,102,0.0
12.2656,escalate,5.0,10,5.492017862707144e-07,2.2e-05,1.056383728981018,24.0,34.0,102,0.0
12.2758,escalate,5.0,10,5.492017862707144e-07,2.2e-05,1.0399158000946045,24.0,34.0,102,0.0
12.2853,escalate,5.0,10,5.492017862707144e-07,2.2e-05,1.0038750171661377,24.0,34.0,102,0.0
12.2959,escalate,5.0,10,5.492017862707144e-07,2.2e-05,0.9874070882797241,24.0,34.0,102,0.0
12.3056,escalate,5.0,10,5.492017862707144e-07,2.2e-05,0.9678342342376709,24.0,34.0,102,0.0
12.3157,escalate,5.0,10,5.492017862707144e-07,2.2e-05,0.8267760276794434,24.0,34.0,102,0.0
12.3257,escalate,5.0,10,5.492017862707144e-07,2.2e-05,1.0501737594604492,24.0,34.0,102,0.0
12.3433,escalate,5.0,10,5.492017862707144e-07,2.2e-05,1.0368108749389648,24.0,34.0,102,0.0
12.3447,escalate,5.0,10,5.492017862707144e-07,2.2e-05,0.9122205972671509,24.0,34.0,102,0.0
12.3557,escalate,5.0,10,5.492017862707144e-07,2.2e-05,1.023447871208191,24.0,34.0,102,0.0
12.3657,escalate,5.0,10,5.492017862707144e-07,2.2e-05,0.9678342342376709,24.0,34.0,102,0.0
12.3756,escalate,5.0,10,5.492017862707144e-07,2.2e-05,1.0203429460525513,24.0,34.0,102,0.0
12.3857,escalate,5.0,10,0.00016935922030825168,2.3e-05,0.9150511026382446,24.0,34.0,102,0.0
12.3957,escalate,5.0,10,4.364936103229411e-06,2.3e-05,0.8792652487754822,24.0,34.0,102,0.0
12.4053,escalate,5.0,10,5.492131549544865e-07,2.3e-05,0.9509068727493286,24.0,34.0,102,0.0
12.4157,escalate,5.0,10,5.492131549544865e-07,2.3e-05,0.948585033416748,24.0,34.0,102,0.0
12.4257,escalate,5.0,10,5.492131549544865e-07,2.3e-05,1.0918679237365723,24.0,34.0,102,0.0
12.4356,escalate,5.0,10,5.492131549544865e-07,2.3e-05,1.0034770965576172,24.0,34.0,102,0.0
12.4457,escalate,5.0,10,5.492131549544865e-07,2.3e-05,0.8769435882568359,24.0,34.0,102,0.0
12.4557,escalate,5.0,10,5.492131549544865e-07,2.3e-05,1.0225483179092407,24.0,34.0,102,0.0
12.4658,escalate,5.0,10,5.492131549544865e-07,2.3e-05,1.0034770965576172,24.0,34.0,102,0.0
12.4756,escalate,5.0,10,5.492131549544865e-07,2.3e-05,1.0369759798049927,24.0,34.0,102,0.0
12.4857,escalate,5.0,10,5.492131549544865e-07,2.3e-05,1.0369759798049927,24.0,34.0,102,0.0
12.4957,escalate,5.0,10,5.492131549544865e-07,2.3e-05,0.9318355917930603,24.0,34.0,102,0.0
12.5058,escalate,6.0,10,5.492131549544865e-07,2.3e-05,0.9509068727493286,24.0,34.0,102,0.0
12.5164,escalate,6.0,10,0.00021002624998800457,2.4e-05,1.0370850563049316,24.0,34.0,102,0.0
12.5268,escalate,6.0,10,1.0098748134623747e-05,2.4e-05,1.1253390312194824,24.0,34.0,102,0.0
12.5452,escalate,6.0,10,7.894499140093103e-05,2.6e-05,1.2133221626281738,24.0,34.0,102,0.0
12.5465,escalate,6.0,10,4.968432040186599e-05,2.6e-05,1.0552542209625244,24.0,34.0,102,0.0
12.5569,escalate,6.0,10,2.364763531659264e-05,2.7e-05,1.054882287979126,24.0,34.0,102,0.0
12.5663,escalate,6.0,10,5.492523769135005e-07,2.7e-05,1.1603076457977295,24.0,34.0,102,0.0
12.5768,escalate,6.0,10,0.0001865402446128428,2.8e-05,1.15993070602417,24.0,34.0,102,0.0
12.5868,escalate,6.0,10,5.324036919773789e-06,2.8e-05,1.0730652809143066,24.0,34.0,102,0.0
12.5968,escalate,6.0,10,5.288771376399382e-07,2.8e-05,1.250144124031067,24.0,34.0,102,0.0
12.6068,escalate,6.0,10,5.288771376399382e-07,2.8e-05,1.2485218048095703,24.0,34.0,102,0.0
12.6163,escalate,6.0,10,5.288771376399382e-07,2.8e-05,1.1079919338226318,24.0,34.0,102,0.0
12.6269,escalate,6.0,10,-8.99057267815806e-05,2.9e-05,1.2140052318572998,24.0,34.0,102,0.0
12.6368,escalate,6.0,10,-2.184901404689299e-06,2.9e-05,1.1248873472213745,24.0,34.0,102,0.0
12.6468,escalate,6.0,10,-5.116965553497721e-07,2.9e-05,1.1777408123016357,24.0,34.0,102,0.0
12.6568,escalate,6.0,10,-5.116965553497721e-07,2.9e-05,1.1942968368530273,24.0,34.0,102,0.0
12.6663,escalate,6.0,10,-5.116965553497721e-07,2.9e-05,1.1611847877502441,24.0,34.0,102,0.0
12.6767,escalate,6.0,10,-5.116965553497721e-07,2.9e-05,1.1958894729614258,24.0,34.0,102,0.0
12.6869,escalate,6.0,10,5.3275762184057385e-05,3.1e-05,1.3018450736999512,24.0,34.0,102,0.0
12.6966,escalate,6.0,10,1.2023776889691362e-06,3.1e-05,1.2994542121887207,24.0,34.0,102,0.0
12.7069,escalate,6.0,10,5.086098440187925e-07,3.1e-05,1.3042089939117432,24.0,34.0,102,0.0
12.7164,escalate,6.0,10,5.086098440187925e-07,3.1e-05,1.1591660976409912,24.0,34.0,102,0.0
12.7268,escalate,6.0,10,5.086098440187925e-07,3.1e-05,1.269731044769287,24.0,34.0,102,0.0
12.7368,escalate,6.0,10,5.086098440187925e-07,3.1e-05,1.230499029159546,24.0,34.0,102,0.0
12.7548,escalate,6.0,10,5.086098440187925e-07,3.1e-05,1.1062606573104858,24.0,34.0,102,0.0
12.7561,escalate,6.0,10,5.086098440187925e-07,3.1e-05,1.230499029159546,24.0,34.0,102,0.0
12.7665,escalate,6.0,10,5.086098440187925e-07,3.1e-05,1.2489266395568848,24.0,34.0,102,0.0
12.7768,escalate,6.0,10,5.086098440187925e-07,3.1e-05,1.1775935888290405,24.0,34.0,102,0.0
12.7868,escalate,6.0,10,5.086098440187925e-07,3.1e-05,1.1775935888290405,24.0,34.0,102,0.0
12.7968,escalate,6.0,10,5.086098440187925e-07,3.1e-05,1.1591660976409912,24.0,34.0,102,0.0
12.8068,escalate,6.0,10,5.086098440187925e-07,3.1e-05,1.1086376905441284,24.0,34.0,102,0.0
12.8163,escalate,6.0,10,5.086098440187925e-07,3.1e-05,1.0878331661224365,24.0,34.0,102,0.0
12.8268,escalate,6.0,10,5.086098440187925e-07,3.1e-05,1.090210199356079,24.0,34.0,102,0.0
12.8368,escalate,6.0,10,5.086098440187925e-07,3.1e-05,1.0741597414016724,24.0,34.0,102,0.0
12.8468,escalate,6.0,10,5.086098440187925e-07,3.1e-05,1.2673540115356445,24.0,34.0,102,0.0
12.8568,escalate,6.0,10,5.086098440187925e-07,3.1e-05,1.0533552169799805,24.0,34.0,102,0.0
12.8664,escalate,6.0,10,5.086098440187925e-07,3.1e-05,1.3547375202178955,24.0,34.0,102,0.0
12.8769,escalate,6.0,10,5.086098440187925e-07,3.1e-05,1.2120715379714966,24.0,34.0,102,0.0
12.8869,escalate,6.0,10,5.086098440187925e-07,3.1e-05,1.299454927444458,24.0,34.0,102,0.0
12.8968,escalate,6.0,10,2.903472341131419e-05,3.2e-05,1.1431620121002197,24.0,34.0,102,0.0
12.9068,escalate,6.0,10,5.086320129521482e-07,3.2e-05,1.2116618156433105,24.0,34.0,102,0.0
12.9168,escalate,6.0,10,5.086320129521482e-07,3.2e-05,1.1089106798171997,24.0,34.0,102,0.0
12.9268,escalate,6.0,10,5.086320129521482e-07,3.2e-05,1.3238942623138428,24.0,34.0,102,0.0
12.9368,escalate,6.0,10,5.086320129521482e-07,3.2e-05,1.0714998245239258,24.0,34.0,102,0.0
12.9549,escalate,6.0,10,5.086320129521482e-07,3.2e-05,1.1587059497833252,24.0,34.0,102,0.0
12.9561,escalate,6.0,10,5.086320129521482e-07,3.2e-05,1.1400004625320435,24.0,34.0,102,0.0
12.9668,escalate,6.0,10,5.086320129521482e-07,3.2e-05,1.1431610584259033,24.0,34.0,102,0.0
12.9768,escalate,6.0,10,5.086320129521482e-07,3.2e-05,1.1961168050765991,24.0,34.0,102,0.0
12.9868,escalate,6.0,10,3.81353784177918e-05,3.3e-05,1.1961777210235596,24.0,34.0,102,0.0
12.9968,escalate,6.0,10,6.107117087594816e-07,3.3e-05,1.1961756944656372,24.0,34.0,102,0.0
13.0068,escalate,6.0,10,5.494969173014397e-07,3.3e-05,1.10520601272583,24.0,34.0,102,0.0
13.0163,escalate,6.0,10,5.494969173014397e-07,3.3e-05,1.0711841583251953,24.0,34.0,102,0.0
13.0268,escalate,6.0,10,5.494969173014397e-07,3.3e-05,1.2642192840576172,24.0,34.0,102,0.0
13.0368,escalate,6.0,10,5.494969173014397e-07,3.3e-05,1.1431713104248047,24.0,34.0,102,0.0
13.0466,escalate,6.0,10,5.494969173014397e-07,3.3e-05,1.272106409072876,24.0,34.0,102,0.0
13.0568,escalate,6.0,10,5.494969173014397e-07,3.3e-05,1.2910890579223633,24.0,34.0,102,0.0
13.0668,escalate,6.0,10,5.494969173014397e-07,3.3e-05,1.052201509475708,24.0,34.0,102,0.0
13.0768,escalate,6.0,10,5.494969173014397e-07,3.3e-05,1.2112149000167847,24.0,34.0,102,0.0
13.0868,escalate,6.0,10,5.494969173014397e-07,3.3e-05,1.347301959991455,24.0,34.0,102,0.0
13.0968,escalate,6.0,10,6.025432958267629e-05,3.4e-05,1.2057551145553589,24.0,34.0,102,0.0
13.1069,escalate,6.0,10,9.167827101919102e-07,3.4e-05,-0.3470209538936615,24.0,34.0,102,0.0
13.1168,escalate,6.0,10,5.494938477568212e-07,3.4e-05,1.2299903631210327,24.0,34.0,102,0.0
13.1268,escalate,6.0,10,5.494938477568212e-07,3.4e-05,1.2924937009811401,24.0,34.0,102,0.0
13.1359,escalate,6.0,10,5.494938477568212e-07,3.4e-05,1.2587014436721802,24.0,34.0,102,0.0
13.1468,escalate,6.0,10,5.494938477568212e-07,3.4e-05,1.123887538909912,24.0,34.0,102,0.0
13.1656,escalate,6.0,10,5.494938477568212e-07,3.4e-05,1.2107312679290771,24.0,34.0,102,0.0
13.1669,escalate,6.0,10,5.494938477568212e-07,3.4e-05,1.1816649436950684,24.0,34.0,102,0.0
13.1768,escalate,6.0,10,5.494938477568212e-07,3.4e-05,1.2924937009811401,24.0,34.0,102,0.0
13.1868,escalate,6.0,10,5.494938477568212e-07,3.4e-05,1.2972196340560913,24.0,34.0,102,0.0
13.1968,escalate,6.0,10,5.494938477568212e-07,3.4e-05,1.070836067199707,24.0,34.0,102,0.0
13.2068,escalate,6.0,10,5.494938477568212e-07,3.4e-05,1.2637827396392822,24.0,34.0,102,0.0
13.2162,escalate,6.0,10,5.494938477568212e-07,3.4e-05,1.225264549255371,24.0,34.0,102,0.0
13.226,escalate,6.0,10,5.494938477568212e-07,3.4e-05,1.070836067199707,24.0,34.0,102,0.0
13.2369,escalate,6.0,10,5.494938477568212e-07,3.4e-05,1.1286134719848633,24.0,34.0,102,0.0
13.2468,escalate,6.0,10,5.494938477568212e-07,3.4e-05,0.979266345500946,24.0,34.0,102,0.0
13.2568,escalate,6.0,10,5.494938477568212e-07,3.4e-05,1.037043809890747,24.0,34.0,102,0.0
13.2663,escalate,6.0,10,5.494938477568212e-07,3.4e-05,1.2830418348312378,24.0,34.0,102,0.0
13.2764,escalate,6.0,10,5.494938477568212e-07,3.4e-05,1.070836067199707,24.0,34.0,102,0.0
13.2868,escalate,6.0,10,5.494938477568212e-07,3.4e-05,1.1769388914108276,24.0,34.0,102,0.0
13.2968,escalate,6.0,10,5.494938477568212e-07,3.4e-05,1.1718575954437256,24.0,34.0,102,0.0
13.307,escalate,6.0,10,5.494938477568212e-07,3.4e-05,1.104628324508667,24.0,34.0,102,0.0
13.3168,escalate,6.0,10,5.494938477568212e-07,3.4e-05,1.0900951623916626,24.0,34.0,102,0.0
13.3259,escalate,6.0,10,5.494938477568212e-07,3.4e-05,1.123887538909912,24.0,34.0,102,0.0
13.3362,escalate,6.0,10,5.494938477568212e-07,3.4e-05,1.2107312679290771,24.0,34.0,102,0.0
13.3469,escalate,6.0,10,0.00019460040493868291,3.5e-05,1.1625711917877197,24.0,34.0,102,0.0
13.3672,escalate,6.0,10,5.086797045805724e-07,3.5e-05,1.3304314613342285,24.0,34.0,102,0.0
13.3687,escalate,6.0,10,5.086797045805724e-07,3.5e-05,1.1571142673492432,24.0,34.0,102,0.0
13.3764,escalate,6.0,10,5.086797045805724e-07,3.5e-05,1.1961846351623535,24.0,34.0,102,0.0
13.3867,escalate,6.0,10,5.086797045805724e-07,3.5e-05,1.1040172576904297,24.0,34.0,102,0.0
13.3968,escalate,6.0,10,5.086797045805724e-07,3.5e-05,1.3469575643539429,24.0,34.0,102,0.0
13.4068,escalate,6.0,10,5.086797045805724e-07,3.5e-05,1.1235525608062744,24.0,34.0,102,0.0
13.4164,escalate,6.0,10,5.086797045805724e-07,3.5e-05,1.0368940830230713,24.0,34.0,102,0.0
13.4268,escalate,6.0,10,5.086797045805724e-07,3.5e-05,1.3078871965408325,24.0,34.0,102,0.0
13.4368,escalate,6.0,10,5.086797045805724e-07,3.5e-05,1.1766494512557983,24.0,34.0,102,0.0
13.4468,escalate,6.0,10,5.086797045805724e-07,3.5e-05,1.2157198190689087,24.0,34.0,102,0.0
13.4568,escalate,6.0,10,5.086797045805724e-07,3.5e-05,1.056429147720337,24.0,34.0,102,0.0
13.4668,escalate,6.0,10,5.086797045805724e-07,3.5e-05,1.1430877447128296,24.0,34.0,102,0.0
13.4764,escalate,6.0,10,5.086797045805724e-07,3.5e-05,1.1040173768997192,24.0,34.0,102,0.0
13.4868,escalate,6.0,10,5.086797045805724e-07,3.5e-05,1.0509204864501953,24.0,34.0,102,0.0
13.4968,escalate,6.0,10,5.086797045805724e-07,3.5e-05,1.190675973892212,24.0,34.0,102,0.0
13.5068,escalate,6.0,10,5.086797045805724e-07,3.5e-05,0.09267666190862656,24.0,34.0,102,0.0
13.5163,escalate,6.0,10,5.086797045805724e-07,3.5e-05,1.1235525608062744,24.0,34.0,102,0.0
13.5268,escalate,6.0,10,5.086797045805724e-07,3.5e-05,1.0509204864501953,24.0,34.0,102,0.0
13.5368,escalate,6.0,10,5.086797045805724e-07,3.5e-05,0.8971384763717651,24.0,34.0,102,0.0
13.5468,escalate,6.0,10,5.086797045805724e-07,3.5e-05,1.07045578956604,24.0,34.0,102,0.0
13.5568,escalate,6.0,10,5.086797045805724e-07,3.5e-05,1.210211157798767,24.0,34.0,102,0.0
13.575,escalate,6.0,10,5.086797045805724e-07,3.5e-05,1.2242376804351807,24.0,34.0,102,0.0
13.5763,escalate,6.0,10,5.086797045805724e-07,3.5e-05,1.1571142673492432,24.0,34.0,102,0.0
13.5868,escalate,6.0,10,5.086797045805724e-07,3.5e-05,1.0899908542633057,24.0,34.0,102,0.0
13.5968,escalate,6.0,10,5.086797045805724e-07,3.5e-05,1.1766494512557983,24.0,34.0,102,0.0
13.606,escalate,6.0,10,5.086797045805724e-07,3.5e-05,1.2828433513641357,24.0,34.0,102,0.0
13.6168,escalate,6.0,10,5.086797045805724e-07,3.5e-05,1.1040172576904297,24.0,34.0,102,0.0
13.6268,escalate,6.0,10,5.086797045805724e-07,3.5e-05,1.366492748260498,24.0,34.0,102,0.0
13.6368,escalate,6.0,10,3.1850657251197845e-05,3.6e-05,1.0899821519851685,24.0,34.0,102,0.0
13.6468,escalate,6.0,10,1.8893531887442805e-05,3.7e-05,1.2096409797668457,24.0,34.0,102,0.0
13.6568,escalate,6.0,10,5.494977131093037e-07,3.7e-05,1.1826152801513672,24.0,34.0,102,0.0
13.6668,escalate,6.0,10,5.494977131093037e-07,3.7e-05,1.2420474290847778,24.0,34.0,102,0.0
13.677,escalate,6.0,10,5.494977131093037e-07,3.7e-05,1.1898432970046997,24.0,34.0,102,0.0
13.6867,escalate,6.0,10,5.494977131093037e-07,3.7e-05,1.2294646501541138,24.0,34.0,102,0.0
13.6968,escalate,6.0,10,5.494977131093037e-07,3.7e-05,1.1763240098953247,24.0,34.0,102,0.0
13.706,escalate,6.0,10,5.494977131093037e-07,3.7e-05,1.070042610168457,24.0,34.0,102,0.0
13.7169,escalate,6.0,10,5.494977131093037e-07,3.7e-05,1.2096539735794067,24.0,34.0,102,0.0
13.7268,escalate,6.0,10,5.494977131093037e-07,3.7e-05,1.3879503011703491,24.0,34.0,102,0.0
13.736,escalate,6.0,10,8.841315138852224e-05,3.8e-05,1.1298868656158447,24.0,34.0,102,0.0
13.7469,escalate,6.0,10,1.4269281791712274e-06,3.8e-05,1.2622418403625488,24.0,34.0,102,0.0
13.756,escalate,6.0,10,5.495159030033392e-07,3.8e-05,1.069596529006958,24.0,34.0,102,0.0
13.7662,escalate,6.0,10,5.495159030033392e-07,3.8e-05,1.3165614604949951,24.0,34.0,102,0.0
13.7842,escalate,6.0,10,5.495159030033392e-07,3.8e-05,1.1759624481201172,24.0,34.0,102,0.0
13.7859,escalate,6.0,10,5.495159030033392e-07,3.8e-05,1.1428651809692383,24.0,34.0,102,0.0
13.7969,escalate,6.0,10,5.495159030033392e-07,3.8e-05,1.0896821022033691,24.0,34.0,102,0.0
13.8068,escalate,6.0,10,5.495159030033392e-07,3.8e-05,1.2362191677093506,24.0,34.0,102,0.0
13.8164,escalate,6.0,10,5.495159030033392e-07,3.8e-05,1.1227796077728271,24.0,34.0,102,0.0
13.8268,escalate,6.0,10,5.495159030033392e-07,3.8e-05,1.1499388217926025,24.0,34.0,102,0.0
13.8368,escalate,6.0,10,5.495159030033392e-07,3.8e-05,1.2291454076766968,24.0,34.0,102,0.0
13.8468,escalate,6.0,10,5.495159030033392e-07,3.8e-05,1.2031219005584717,24.0,34.0,102,0.0
13.8568,escalate,6.0,10,5.495159030033392e-07,3.8e-05,1.4229272603988647,24.0,34.0,102,0.0
13.8663,escalate,6.0,10,5.495159030033392e-07,3.8e-05,1.0565848350524902,24.0,34.0,102,0.0
13.8768,escalate,6.0,10,5.495159030033392e-07,3.8e-05,1.296475887298584,24.0,34.0,102,0.0
13.8868,escalate,6.0,10,5.495159030033392e-07,3.8e-05,1.2232074737548828,24.0,34.0,102,0.0
13.8968,escalate,6.0,10,5.495159030033392e-07,3.8e-05,1.0695966482162476,24.0,34.0,102,0.0
13.9068,escalate,6.0,10,4.442012868821621e-05,3.9e-05,1.069093942642212,24.0,34.0,102,0.0
13.9164,escalate,6.0,10,7.127661660888407e-07,3.9e-05,1.1630613803863525,24.0,34.0,102,0.0
13.9269,escalate,6.0,10,5.291217348712962e-07,3.9e-05,1.1427017450332642,24.0,34.0,102,0.0
13.9369,escalate,6.0,10,5.291217348712962e-07,3.9e-05,1.2773641347885132,24.0,34.0,102,0.0
13.9462,escalate,6.0,10,5.291217348712962e-07,3.9e-05,1.2445003986358643,24.0,34.0,102,0.0
13.9568,escalate,6.0,10,5.291217348712962e-07,3.9e-05,1.175565481185913,24.0,34.0,102,0.0
13.9669,escalate,6.0,10,5.291217348712962e-07,3.9e-05,1.1630613803863525,24.0,34.0,102,0.0
13.9855,escalate,6.0,10,5.291217348712962e-07,3.9e-05,1.1223418712615967,24.0,34.0,102,0.0
13.9868,escalate,6.0,10,5.291217348712962e-07,3.9e-05,1.175565481185913,24.0,34.0,102,0.0
13.9968,escalate,6.0,10,5.291217348712962e-07,3.9e-05,1.1630613803863525,24.0,34.0,102,0.0
14.0068,escalate,6.0,10,5.291217348712962e-07,3.9e-05,1.188069462776184,24.0,34.0,102,0.0
14.0164,escalate,6.0,10,5.291217348712962e-07,3.9e-05,1.3023722171783447,24.0,34.0,102,0.0
14.0265,escalate,6.0,10,5.291217348712962e-07,3.9e-05,1.2852197885513306,24.0,34.0,102,0.0
14.0369,escalate,6.0,10,5.291217348712962e-07,3.9e-05,1.158413052558899,24.0,34.0,102,0.0
14.0468,escalate,6.0,10,5.291217348712962e-07,3.9e-05,1.1427017450332642,24.0,34.0,102,0.0
14.0567,escalate,6.0,10,5.291217348712962e-07,3.9e-05,1.1098380088806152,24.0,34.0,102,0.0
14.0664,escalate,6.0,10,5.291217348712962e-07,3.9e-05,1.1223419904708862,24.0,34.0,102,0.0
14.0768,escalate,6.0,10,5.291217348712962e-07,3.9e-05,1.1427016258239746,24.0,34.0,102,0.0
14.0868,escalate,6.0,10,5.291217348712962e-07,3.9e-05,1.1709171533584595,24.0,34.0,102,0.0
14.0968,escalate,6.0,10,5.291217348712962e-07,3.9e-05,1.1301976442337036,24.0,34.0,102,0.0
14.1068,escalate,6.0,10,5.291217348712962e-07,3.9e-05,1.1552057266235352,24.0,34.0,102,0.0
14.1166,escalate,6.0,10,5.291217348712962e-07,3.9e-05,1.1427016258239746,24.0,34.0,102,0.0
14.1269,escalate,6.0,10,5.291217348712962e-07,3.9e-05,1.150557279586792,24.0,34.0,102,0.0
14.1368,escalate,6.0,10,5.291217348712962e-07,3.9e-05,1.1098378896713257,24.0,34.0,102,0.0
14.1468,escalate,6.0,10,5.291217348712962e-07,3.9e-05,1.1098380088806152,24.0,34.0,102,0.0
14.1568,escalate,6.0,10,5.291217348712962e-07,3.9e-05,1.0894782543182373,24.0,34.0,102,0.0
14.1668,escalate,6.0,10,0.00020296646107453853,4e-05,1.0275821685791016,24.0,34.0,102,0.0
14.1768,escalate,6.0,10,1.2343580237939022e-05,4e-05,1.0153374671936035,24.0,34.0,102,0.0
14.1952,escalate,6.0,10,5.495281811818131e-07,4e-05,1.0978796482086182,24.0,34.0,102,0.0
14.1965,escalate,6.0,10,5.495281811818131e-07,4e-05,1.0239837169647217,24.0,34.0,102,0.0
14.2068,escalate,6.0,10,5.495281811818131e-07,4e-05,1.2456716299057007,24.0,34.0,102,0.0
14.2164,escalate,6.0,10,5.495281811818131e-07,4e-05,1.0892419815063477,24.0,34.0,102,0.0
14.2268,escalate,6.0,10,5.495281811818131e-07,4e-05,1.0566128492355347,24.0,34.0,102,0.0
14.2366,escalate,6.0,10,5.495281811818131e-07,4e-05,1.1271508932113647,24.0,34.0,102,0.0
14.2468,escalate,6.0,10,5.495281811818131e-07,4e-05,1.3402009010314941,24.0,34.0,102,0.0
14.2568,escalate,6.0,10,5.495281811818131e-07,4e-05,1.0892419815063477,24.0,34.0,102,0.0
14.2661,escalate,6.0,10,0.00015909585636109114,4.2e-05,1.1650736331939697,24.0,34.0,102,0.0
14.2768,escalate,6.0,10,3.2838074730534572e-06,4.2e-05,1.0032777786254883,24.0,34.0,102,0.0
14.2868,escalate,6.0,10,5.291411753205466e-07,4.2e-05,1.3857970237731934,24.0,34.0,102,0.0
14.2968,escalate,6.0,10,5.291411753205466e-07,4.2e-05,1.1746649742126465,24.0,34.0,102,0.0
14.3068,escalate,6.0,10,3.187111724400893e-05,4.2e-05,1.216483235359192,24.0,34.0,102,0.0
14.3164,escalate,6.0,10,1.966897616512142e-05,4.3e-05,1.2691080570220947,24.0,34.0,102,0.0
14.3268,escalate,6.0,10,5.087449039820058e-07,4.3e-05,1.1843615770339966,24.0,34.0,102,0.0
14.3368,escalate,6.0,10,5.087449039820058e-07,4.3e-05,1.2690768241882324,24.0,34.0,102,0.0
14.3461,escalate,6.0,10,5.087449039820058e-07,4.3e-05,1.2063175439834595,24.0,34.0,102,0.0
14.3569,escalate,6.0,10,5.087449039820058e-07,4.3e-05,1.1529818773269653,24.0,34.0,102,0.0
14.3668,escalate,6.0,10,5.087449039820058e-07,4.3e-05,1.057288646697998,24.0,34.0,102,0.0
14.3762,escalate,6.0,10,5.087449039820058e-07,4.3e-05,1.1098471879959106,24.0,34.0,102,0.0
14.3868,escalate,6.0,10,0.00021716830087825656,4.4e-05,1.2273896932601929,24.0,34.0,102,0.0
14.4076,escalate,6.0,10,5.087449039820058e-07,4.4e-05,1.2808736562728882,24.0,34.0,102,0.0
14.4091,escalate,6.0,10,5.087449039820058e-07,4.4e-05,1.2704046964645386,24.0,34.0,102,0.0
14.4165,escalate,6.0,10,5.087449039820058e-07,4.4e-05,1.0883325338363647,24.0,34.0,102,0.0
14.4268,escalate,6.0,10,5.087449039820058e-07,4.4e-05,1.2060534954071045,24.0,34.0,102,0.0
14.4368,escalate,6.0,10,5.087449039820058e-07,4.4e-05,1.2489542961120605,24.0,34.0,102,0.0
14.4468,escalate,6.0,10,5.087449039820058e-07,4.4e-05,1.2269912958145142,24.0,34.0,102,0.0
14.4568,escalate,6.0,10,5.087449039820058e-07,4.4e-05,1.1097829341888428,24.0,34.0,102,0.0
14.4668,escalate,6.0,10,5.087449039820058e-07,4.4e-05,1.1631526947021484,24.0,34.0,102,0.0
14.4768,escalate,6.0,10,5.087449039820058e-07,4.4e-05,1.1736215353012085,24.0,34.0,102,0.0
14.4868,escalate,6.0,10,0.00016738024714868516,4.5e-05,1.0879100561141968,24.0,34.0,102,0.0
14.4968,escalate,6.0,10,-1.8141407053917646e-05,4.4e-05,1.1202653646469116,24.0,34.0,102,0.0
14.5068,escalate,6.0,10,-5.115446128911572e-07,4.4e-05,1.1631525754928589,24.0,34.0,102,0.0
14.5163,escalate,6.0,10,-5.115446128911572e-07,4.4e-05,1.1846026182174683,24.0,34.0,102,0.0
14.5264,escalate,6.0,10,-5.115446128911572e-07,4.4e-05,1.1097829341888428,24.0,34.0,102,0.0
14.5368,escalate,6.0,10,-5.115446128911572e-07,4.4e-05,1.152172327041626,24.0,34.0,102,0.0
14.5468,escalate,6.0,10,0.00022702384740114212,4.5e-05,1.1413509845733643,24.0,34.0,102,0.0
14.5568,escalate,6.0,10,8.446251740679145e-06,4.5e-05,1.044511079788208,24.0,34.0,102,0.0
14.5663,escalate,6.0,10,5.495422215062717e-07,4.5e-05,1.1947675943374634,24.0,34.0,102,0.0
14.5768,escalate,6.0,10,5.495422215062717e-07,4.5e-05,1.0227982997894287,24.0,34.0,102,0.0
14.5868,escalate,6.0,10,5.495422215062717e-07,4.5e-05,1.1748493909835815,24.0,34.0,102,0.0
14.5968,escalate,6.0,10,5.495422215062717e-07,4.5e-05,1.2481697797775269,24.0,34.0,102,0.0
14.6155,escalate,6.0,10,5.495422215062717e-07,4.5e-05,1.1513245105743408,24.0,34.0,102,0.0
14.6172,escalate,6.0,10,5.495422215062717e-07,4.5e-05,1.3567776679992676,24.0,34.0,102,0.0
14.6268,escalate,6.0,10,5.495422215062717e-07,4.5e-05,1.1513243913650513,24.0,34.0,102,0.0
14.6368,escalate,6.0,10,5.495422215062717e-07,4.5e-05,1.2047266960144043,24.0,34.0,102,0.0
14.6468,escalate,6.0,10,5.495422215062717e-07,4.5e-05,1.0662415027618408,24.0,34.0,102,0.0
14.6568,escalate,6.0,10,0.00014446553541347384,4.6e-05,0.9930716753005981,24.0,34.0,102,0.0
14.6669,escalate,6.0,10,1.3282252439239528e-05,4.6e-05,1.2164174318313599,24.0,34.0,102,0.0
14.6768,escalate,6.0,10,5.087630370326224e-07,4.6e-05,1.2698521614074707,24.0,34.0,102,0.0
14.6862,escalate,6.0,10,5.087630370326224e-07,4.6e-05,1.216418981552124,24.0,34.0,102,0.0
14.6967,escalate,6.0,10,5.087630370326224e-07,4.6e-05,0.9901434779167175,24.0,34.0,102,0.0
14.7069,escalate,6.0,10,5.087630370326224e-07,4.6e-05,1.17243492603302,24.0,34.0,102,0.0
14.7168,escalate,6.0,10,5.087630370326224e-07,4.6e-05,1.1220957040786743,24.0,34.0,102,0.0
14.7268,escalate,6.0,10,5.087630370326224e-07,4.6e-05,1.1944270133972168,24.0,34.0,102,0.0
14.7368,escalate,6.0,10,5.087630370326224e-07,4.6e-05,1.056119680404663,24.0,34.0,102,0.0
14.7469,escalate,6.0,10,5.087630370326224e-07,4.6e-05,1.0341275930404663,24.0,34.0,102,0.0
14.7568,escalate,6.0,10,5.087630370326224e-07,4.6e-05,1.2793011665344238,24.0,34.0,102,0.0
14.7668,escalate,6.0,10,2.8198253858136013e-05,4.8e-05,1.1004588603973389,24.0,34.0,102,0.0
14.7768,escalate,6.0,10,5.087621843813395e-07,4.8e-05,1.153910517692566,24.0,34.0,102,0.0
14.7871,escalate,6.0,10,5.087621843813395e-07,4.8e-05,1.1628495454788208,24.0,34.0,102,0.0
14.7968,escalate,6.0,10,5.087621843813395e-07,4.8e-05,1.1940503120422363,24.0,34.0,102,0.0
14.8194,escalate,6.0,10,5.087621843813395e-07,4.8e-05,1.269774317741394,24.0,34.0,102,0.0
14.8212,escalate,6.0,10,5.087621843813395e-07,4.8e-05,1.247512698173523,24.0,34.0,102,0.0
14.8262,escalate,6.0,10,5.087621843813395e-07,4.8e-05,1.2518961429595947,24.0,34.0,102,0.0
14.8369,escalate,6.0,10,5.087621843813395e-07,4.8e-05,1.1316488981246948,24.0,34.0,102,0.0
14.8468,escalate,6.0,10,5.087621843813395e-07,4.8e-05,1.2206953763961792,24.0,34.0,102,0.0
14.8568,escalate,6.0,10,5.087621843813395e-07,4.8e-05,1.2119284868240356,24.0,34.0,102,0.0
14.8668,escalate,6.0,10,2.474983557476662e-05,4.9e-05,1.0782290697097778,24.0,34.0,102,0.0
14.8761,escalate,6.0,10,5.49589060483413e-07,4.9e-05,0.9712487459182739,24.0,34.0,102,0.0
14.8861,escalate,6.0,10,5.49589060483413e-07,4.9e-05,1.0641266107559204,24.0,34.0,102,0.0
14.8971,escalate,6.0,10,5.49589060483413e-07,4.9e-05,1.0415959358215332,24.0,34.0,102,0.0
14.9065,escalate,6.0,10,5.49589060483413e-07,4.9e-05,1.1626780033111572,24.0,34.0,102,0.0
14.9169,escalate,6.0,10,5.49589060483413e-07,4.9e-05,1.0415959358215332,24.0,34.0,102,0.0
14.9263,escalate,6.0,10,5.49589060483413e-07,4.9e-05,1.0782287120819092,24.0,34.0,102,0.0
14.936,escalate,6.0,10,5.49589060483413e-07,4.9e-05,1.2612295150756836,24.0,34.0,102,0.0
14.9469,escalate,6.0,10,5.49589060483413e-07,4.9e-05,1.055698037147522,24.0,34.0,102,0.0
14.9568,escalate,6.0,10,5.49589060483413e-07,4.9e-05,1.2218416929244995,24.0,34.0,102,0.0
14.9668,escalate,6.0,10,5.49589060483413e-07,4.9e-05,1.1626780033111572,24.0,34.0,102,0.0
14.9768,escalate,6.0,10,5.49589060483413e-07,4.9e-05,1.2161680459976196,24.0,34.0,102,0.0
14.9868,escalate,6.0,10,5.49589060483413e-07,4.9e-05,1.1936373710632324,24.0,34.0,102,0.0
14.9968,escalate,6.0,10,5.49589060483413e-07,4.9e-05,1.213413119316101,24.0,34.0,102,0.0
15.0074,escalate,7.0,10,4.282860754756257e-05,5e-05,1.2001917362213135,24.0,34.0,102,0.0
15.0273,escalate,7.0,10,0.000261569453869015,5.9e-05,1.3661432266235352,24.0,34.0,102,0.0
15.0288,escalate,7.0,10,0.00015168890240602195,5.9e-05,1.2220948934555054,24.0,34.0,102,0.0
15.0384,escalate,7.0,10,0.00041946288547478616,6.3e-05,1.5032905340194702,24.0,34.0,102,0.0
15.048,escalate,7.0,10,0.0003074397100135684,6.5e-05,1.3148863315582275,24.0,34.0,102,0.0
15.0584,escalate,7.0,10,0.00039538502460345626,6.9e-05,1.262337565422058,24.0,34.0,102,0.0
15.071,escalate,7.0,10,0.00026993549545295537,7.1e-05,1.4774339199066162,24.0,34.0,102,0.0
15.0775,escalate,7.0,10,0.0004822692135348916,7.3e-05,1.3128172159194946,24.0,34.0,102,0.0
15.0884,escalate,7.0,10,0.00021412796922959387,7.4e-05,1.4240436553955078,24.0,34.0,102,0.0
15.0984,escalate,7.0,10,0.00018392869969829917,7.6e-05,1.4016337394714355,24.0,34.0,102,0.0
15.1084,escalate,7.0,10,4.65095854451647e-06,7.6e-05,1.2319319248199463,24.0,34.0,102,0.0
15.1184,escalate,7.0,10,0.00044835623702965677,7.9e-05,1.382385492324829,24.0,34.0,102,0.0
15.1284,escalate,7.0,10,0.00028381095035001636,8.6e-05,1.2156223058700562,24.0,34.0,102,0.0
15.1384,escalate,7.0,10,0.0002503876748960465,8.7e-05,1.4299901723861694,24.0,34.0,102,0.0
15.1484,escalate,7.0,10,2.156680784537457e-05,8.8e-05,1.4220904111862183,24.0,34.0,102,0.0
15.1584,escalate,7.0,10,0.0005814986070618033,9.2e-05,1.4082207679748535,24.0,34.0,102,0.0
15.1684,escalate,7.0,10,3.9278282201848924e-05,9.3e-05,1.4184246063232422,24.0,34.0,102,0.0
15.1784,escalate,7.0,10,6.109356718297931e-07,9.3e-05,1.3015921115875244,24.0,34.0,102,0.0
15.1884,escalate,7.0,10,0.00044235741370357573,9.7e-05,1.4413117170333862,24.0,34.0,102,0.0
15.1984,escalate,7.0,10,0.0006026381743140519,0.000101,1.3555881977081299,24.0,34.0,102,0.0
15.2084,escalate,7.0,10,0.0008711873088032007,0.000109,1.4072626829147339,24.0,34.0,102,0.0
15.2262,escalate,7.0,10,0.0001184086941066198,0.000116,1.266387701034546,24.0,34.0,102,0.0
15.2274,escalate,7.0,10,0.0002019873063545674,0.000117,1.26641845703125,24.0,34.0,102,0.0
15.2384,escalate,7.0,10,0.00024059347924776375,0.000118,1.314677119255066,24.0,34.0,102,0.0
15.2484,escalate,7.0,10,9.507620234217029e-06,0.000118,1.355250358581543,24.0,34.0,102,0.0
15.2584,escalate,7.0,10,8.790339052211493e-05,0.00012,1.371174693107605,24.0,34.0,102,0.0
15.2684,escalate,7.0,10,0.00012248959683347493,0.000123,1.4748504161834717,24.0,34.0,102,0.0
15.2784,escalate,7.0,10,2.2025203634257196e-06,0.000123,1.3927754163742065,24.0,34.0,102,0.0
15.2883,escalate,7.0,10,0.00025320364511571825,0.000126,1.3931597471237183,24.0,34.0,102,0.0
15.2985,escalate,7.0,10,4.814396561414469e-06,0.000126,1.3844261169433594,24.0,34.0,102,0.0
15.3085,escalate,7.0,10,7.130051926651504e-07,0.000126,1.3035274744033813,24.0,34.0,102,0.0
15.3184,escalate,7.0,10,7.130051926651504e-07,0.000126,1.4075722694396973,24.0,34.0,102,0.0
15.3284,escalate,7.0,10,7.130051926651504e-07,0.000126,1.3699897527694702,24.0,34.0,102,0.0
15.3384,escalate,7.0,10,7.130051926651504e-07,0.000126,1.4307150840759277,24.0,34.0,102,0.0
15.3484,escalate,7.0,10,7.130051926651504e-07,0.000126,1.341110110282898,24.0,34.0,102,0.0
15.3584,escalate,7.0,10,0.0002299624466104433,0.000127,1.289350986480713,24.0,34.0,102,0.0
15.3677,escalate,7.0,10,1.1262386578891892e-05,0.000127,1.2940540313720703,24.0,34.0,102,0.0
15.3785,escalate,7.0,10,7.130362860152673e-07,0.000127,1.4215853214263916,24.0,34.0,102,0.0
15.3875,escalate,7.0,10,7.130362860152673e-07,0.000127,1.5113213062286377,24.0,34.0,102,0.0
15.3985,escalate,7.0,10,7.130362860152673e-07,0.000127,1.4074187278747559,24.0,34.0,102,0.0
15.4083,escalate,7.0,10,7.130362860152673e-07,0.000127,1.327134609222412,24.0,34.0,102,0.0
15.4178,escalate,7.0,10,7.130362860152673e-07,0.000127,1.2279471158981323,24.0,34.0,102,0.0
15.4368,escalate,7.0,10,2.447497536195442e-06,0.000128,1.3414547443389893,24.0,34.0,102,0.0
15.4381,escalate,7.0,10,1.6517050198672223e-06,0.000128,1.445211410522461,24.0,34.0,102,0.0
15.4484,escalate,7.0,10,4.846062802243978e-05,0.000129,1.3933756351470947,24.0,34.0,102,0.0
15.4584,escalate,7.0,10,9.171383794637222e-07,0.000129,1.2761483192443848,24.0,34.0,102,0.0
15.4684,escalate,7.0,10,6.72279099944717e-07,0.000129,1.355189323425293,24.0,34.0,102,0.0
15.4784,escalate,7.0,10,6.72279099944717e-07,0.000129,1.3933749198913574,24.0,34.0,102,0.0
15.4884,escalate,7.0,10,6.72279099944717e-07,0.000129,1.3033850193023682,24.0,34.0,102,0.0
15.4976,escalate,7.0,10,6.72279099944717e-07,0.000129,1.4833649396896362,24.0,34.0,102,0.0
15.5074,escalate,7.0,10,6.72279099944717e-07,0.000129,1.3415707349777222,24.0,34.0,102,0.0
15.5184,escalate,7.0,10,0.0001847451931098476,0.00013,1.4317035675048828,24.0,34.0,102,0.0
15.5284,escalate,7.0,10,1.3894723451812752e-05,0.000131,1.316602349281311,24.0,34.0,102,0.0
15.5384,escalate,7.0,10,7.131365009627189e-07,0.000131,1.368337869644165,24.0,34.0,102,0.0
15.5484,escalate,7.0,10,7.131365009627189e-07,0.000131,1.30326509475708,24.0,34.0,102,0.0
15.5584,escalate,7.0,10,0.00015226063260342926,0.000132,1.277509331703186,24.0,34.0,102,0.0
15.5684,escalate,7.0,10,3.6107028336118674e-06,0.000132,1.3933424949645996,24.0,34.0,102,0.0
15.5784,escalate,7.0,10,7.132018708944088e-07,0.000132,1.3286219835281372,24.0,34.0,102,0.0
15.5884,escalate,7.0,10,7.132018708944088e-07,0.000132,1.3161780834197998,24.0,34.0,102,0.0
15.5982,escalate,7.0,10,7.132018708944088e-07,0.000132,1.4966461658477783,24.0,34.0,102,0.0
15.6084,escalate,7.0,10,7.132018708944088e-07,0.000132,1.36782968044281,24.0,34.0,102,0.0
15.6184,escalate,7.0,10,7.132018708944088e-07,0.000132,1.3286219835281372,24.0,34.0,102,0.0
15.637,escalate,7.0,10,7.132018708944088e-07,0.000132,1.3031086921691895,24.0,34.0,102,0.0
15.6385,escalate,7.0,10,7.132018708944088e-07,0.000132,1.4064120054244995,24.0,34.0,102,0.0
15.6484,escalate,7.0,10,7.132018708944088e-07,0.000132,1.3161780834197998,24.0,34.0,102,0.0
15.6584,escalate,7.0,10,7.132018708944088e-07,0.000132,1.4705075025558472,24.0,34.0,102,0.0
15.6684,escalate,7.0,10,7.132018708944088e-07,0.000132,1.3672044277191162,24.0,34.0,102,0.0
15.6784,escalate,7.0,10,0.0001780525199137628,0.000133,1.432060956954956,24.0,34.0,102,0.0
15.6884,escalate,7.0,10,4.77382991448394e-06,0.000133,1.3676824569702148,24.0,34.0,102,0.0
15.6984,escalate,7.0,10,7.33653109818988e-07,0.000133,1.3029155731201172,24.0,34.0,102,0.0
15.7084,escalate,7.0,10,7.33653109818988e-07,0.000133,1.3548858165740967,24.0,34.0,102,0.0
15.7184,escalate,7.0,10,7.33653109818988e-07,0.000133,1.3676798343658447,24.0,34.0,102,0.0
15.7285,escalate,7.0,10,7.33653109818988e-07,0.000133,1.277327537536621,24.0,34.0,102,0.0
15.7376,escalate,7.0,10,0.00015995334251783788,0.000134,1.354311227798462,24.0,34.0,102,0.0
15.7484,escalate,7.0,10,1.0936167200270575e-05,0.000134,1.2386776208877563,24.0,34.0,102,0.0
15.7584,escalate,7.0,10,6.316755047919287e-07,0.000134,1.2776505947113037,24.0,34.0,102,0.0
15.7684,escalate,7.0,10,6.316755047919287e-07,0.000134,1.4571670293807983,24.0,34.0,102,0.0
15.7784,escalate,7.0,10,6.316755047919287e-07,0.000134,1.3931554555892944,24.0,34.0,102,0.0
15.7885,escalate,7.0,10,3.401417416171171e-05,0.000136,1.3146429061889648,24.0,34.0,102,0.0
15.7982,escalate,7.0,10,8.561614777136128e-07,0.000135,1.3171077966690063,24.0,34.0,102,0.0
15.8084,escalate,7.0,10,7.337318379541102e-07,0.000135,1.2901803255081177,24.0,34.0,102,0.0
15.8178,escalate,7.0,10,7.337318379541102e-07,0.000135,1.277937889099121,24.0,34.0,102,0.0
15.8284,escalate,7.0,10,0.00021920932340435684,0.000137,1.3808525800704956,24.0,34.0,102,0.0
15.8494,escalate,7.0,10,6.725312005073647e-07,0.000137,1.392812967300415,24.0,34.0,102,0.0
15.8507,escalate,7.0,10,6.725312005073647e-07,0.000137,1.3295178413391113,24.0,34.0,102,0.0
15.8581,escalate,7.0,10,6.725312005073647e-07,0.000137,1.4202096462249756,24.0,34.0,102,0.0
15.8684,escalate,7.0,10,6.725312005073647e-07,0.000137,1.432175874710083,23.5,34.0,102,0.0
15.8784,escalate,7.0,10,6.725312005073647e-07,0.000137,1.317551612854004,24.0,34.0,102,0.0
15.8879,escalate,7.0,10,6.725312005073647e-07,0.000137,1.4202097654342651,24.0,34.0,102,0.0
15.8984,escalate,7.0,10,6.725312005073647e-07,0.000137,1.392812967300415,24.0,34.0,102,0.0
15.9083,escalate,7.0,10,6.725312005073647e-07,0.000137,1.4441421031951904,24.0,34.0,102,0.0
15.9184,escalate,7.0,10,6.713145558023825e-05,0.000138,1.369226336479187,24.0,34.0,102,0.0
15.9284,escalate,7.0,10,1.5091990235305275e-06,0.000138,1.3808932304382324,24.0,34.0,102,0.0
15.9384,escalate,7.0,10,6.52191658900847e-07,0.000138,1.4204487800598145,24.0,34.0,102,0.0
15.9484,escalate,7.0,10,6.52191658900847e-07,0.000138,1.4321383237838745,24.0,34.0,102,0.0
15.9584,escalate,7.0,10,0.00016062689246609807,0.000139,1.3411282300949097,24.0,34.0,102,0.0
15.9684,escalate,7.0,10,3.9986516640055925e-06,0.000139,1.3809025287628174,24.0,34.0,102,0.0
15.9784,escalate,7.0,10,7.338619525398826e-07,0.000139,1.397823691368103,24.0,34.0,102,0.0
15.9884,escalate,7.0,10,7.338619525398826e-07,0.000139,1.2785841226577759,24.0,34.0,102,0.0
15.998,escalate,7.0,10,7.338619525398826e-07,0.000139,1.3809022903442383,24.0,34.0,102,0.0
16.0084,escalate,7.0,10,7.338619525398826e-07,0.000139,1.4662994146347046,24.0,34.0,102,0.0
16.0184,escalate,7.0,10,0.00012257174239493906,0.000141,1.4208250045776367,24.0,34.0,102,0.0
16.0278,escalate,7.0,10,0.00016240218246821314,0.000141,1.340802550315857,24.0,34.0,102,0.0
16.0382,escalate,7.0,10,1.2446245818864554e-05,0.000142,1.3298202753067017,24.0,34.0,102,0.0
16.0578,escalate,7.0,10,7.338133514167566e-07,0.000142,1.267979383468628,24.0,34.0,102,0.0
16.0592,escalate,7.0,10,7.338133514167566e-07,0.000142,1.3699463605880737,24.0,34.0,102,0.0
16.0683,escalate,7.0,10,7.338133514167566e-07,0.000142,1.3298205137252808,24.0,34.0,102,0.0
16.0781,escalate,7.0,10,7.338133514167566e-07,0.000142,1.3005521297454834,24.0,34.0,102,0.0
16.0879,escalate,7.0,10,7.338133514167566e-07,0.000142,1.3808039426803589,24.0,34.0,102,0.0
16.0984,escalate,7.0,10,7.338133514167566e-07,0.000142,1.4827711582183838,24.0,34.0,102,0.0
16.1084,escalate,7.0,10,7.338133514167566e-07,0.000142,1.3222672939300537,24.0,34.0,102,0.0
16.1186,escalate,7.0,10,7.338133514167566e-07,0.000142,1.2896945476531982,24.0,34.0,102,0.0
16.1283,escalate,7.0,10,8.76996637089178e-05,0.000143,1.4210145473480225,24.0,34.0,102,0.0
16.1384,escalate,7.0,10,1.9581391370593337e-06,0.000143,1.47190260887146,24.0,34.0,102,0.0
16.1484,escalate,7.0,10,6.522232069983147e-07,0.000143,1.4507427215576172,24.0,34.0,102,0.0
16.1584,escalate,7.0,10,6.522232069983147e-07,0.000143,1.4613226652145386,24.0,34.0,102,0.0
16.1684,escalate,7.0,10,6.522232069983147e-07,0.000143,1.2491743564605713,24.0,34.0,102,0.0
16.1784,escalate,7.0,10,6.522232069983147e-07,0.000143,1.3595354557037354,24.0,34.0,102,0.0
16.1884,escalate,7.0,10,6.522232069983147e-07,0.000143,1.3403816223144531,24.0,34.0,102,0.0
16.1984,escalate,7.0,10,6.522232069983147e-07,0.000143,1.4210089445114136,24.0,34.0,102,0.0
16.2084,escalate,7.0,10,6.522232069983147e-07,0.000143,1.3000679016113281,24.0,34.0,102,0.0
16.2184,escalate,7.0,10,6.522232069983147e-07,0.000143,1.4210089445114136,24.0,34.0,102,0.0
16.228,escalate,7.0,10,6.522232069983147e-07,0.000143,1.4401628971099854,24.0,34.0,102,0.0
16.2375,escalate,7.0,10,3.956449290853925e-05,0.000144,1.4210522174835205,24.0,34.0,102,0.0
16.2484,escalate,7.0,10,6.930989115971897e-07,0.000144,1.3702486753463745,24.0,34.0,102,0.0
16.2693,escalate,7.0,10,6.930989115971897e-07,0.000144,1.2995493412017822,24.0,34.0,102,0.0
16.2708,escalate,7.0,10,6.930989115971897e-07,0.000144,1.461551547050476,24.0,34.0,102,0.0
16.2781,escalate,7.0,10,6.930989115971897e-07,0.000144,1.3805503845214844,24.0,34.0,102,0.0
16.2884,escalate,7.0,10,6.930989115971897e-07,0.000144,1.2384452819824219,24.0,34.0,102,0.0
16.2984,escalate,7.0,10,0.00010118741192854941,0.000145,1.3496341705322266,24.0,34.0,102,0.0
16.3085,escalate,7.0,10,1.7949934090211173e-06,0.000145,1.319633960723877,24.0,34.0,102,0.0
16.3179,escalate,7.0,10,6.931267648724315e-07,0.000145,1.2382607460021973,24.0,34.0,102,0.0
16.3279,escalate,7.0,10,-0.00012593985593412071,0.000145,1.350254774093628,24.0,34.0,102,0.0
16.3385,escalate,7.0,10,-3.102164328083745e-06,0.000145,1.2789472341537476,24.0,34.0,102,0.0
16.3484,escalate,7.0,10,-6.331670761028363e-07,0.000145,1.3096094131469727,24.0,34.0,102,0.0
16.3584,escalate,7.0,10,-6.331670761028363e-07,0.000145,1.4310762882232666,24.0,34.0,102,0.0
16.3684,escalate,7.0,10,-6.331670761028363e-07,0.000145,1.3903902769088745,24.0,34.0,102,0.0
16.3784,escalate,7.0,10,-6.331670761028363e-07,0.000145,1.3296568393707275,24.0,34.0,102,0.0
16.3884,escalate,7.0,10,-6.331670761028363e-07,0.000145,1.3396806716918945,24.0,34.0,102,0.0
16.3984,escalate,7.0,10,0.0001845008082455024,0.000147,1.380111575126648,24.0,34.0,102,0.0
16.4083,escalate,7.0,10,-0.00019725508172996342,0.000146,1.3196685314178467,24.0,34.0,102,0.0
16.4184,escalate,7.0,10,-1.2325185707595665e-05,0.000145,1.5425300598144531,24.0,34.0,102,0.0
16.4284,escalate,7.0,10,-6.943738526388188e-07,0.000145,1.37034273147583,24.0,34.0,102,0.0
16.4379,escalate,7.0,10,3.405523966648616e-05,0.000147,1.4015454053878784,24.0,34.0,102,0.0
16.4484,escalate,7.0,10,7.135831765481271e-07,0.000146,1.3197834491729736,24.0,34.0,102,0.0
16.4575,escalate,7.0,10,7.135831765481271e-07,0.000146,1.3917807340621948,24.0,34.0,102,0.0
16.4752,escalate,7.0,10,7.135831765481271e-07,0.000146,1.370398759841919,24.0,34.0,102,0.0
16.4775,escalate,7.0,10,7.135831765481271e-07,0.000146,1.4112695455551147,24.0,34.0,102,0.0
16.4884,escalate,7.0,10,1.993509431486018e-05,0.000148,1.2693824768066406,24.0,34.0,102,0.0
16.4984,escalate,7.0,10,-2.0140199922025204e-05,0.000146,1.4112638235092163,24.0,34.0,102,0.0
16.5084,escalate,7.0,10,-7.147049814193451e-07,0.000146,1.3490180969238281,24.0,34.0,102,0.0
16.5184,escalate,7.0,10,-7.147049814193451e-07,0.000146,1.4521396160125732,24.0,34.0,102,0.0
16.5284,escalate,7.0,10,-7.147049814193451e-07,0.000146,1.522245168685913,24.0,34.0,102,0.0
16.5384,escalate,7.0,10,-7.147049814193451e-07,0.000146,1.4229044914245605,24.0,34.0,102,0.0
16.5484,escalate,7.0,10,-7.147049814193451e-07,0.000146,1.3411635160446167,24.0,34.0,102,0.0
16.5584,escalate,7.0,10,-7.147049814193451e-07,0.000146,1.2905482053756714,24.0,34.0,102,0.0
16.5684,escalate,7.0,10,6.158157339086756e-05,0.000148,1.3798635005950928,24.0,34.0,102,0.0
16.5784,escalate,7.0,10,1.3258080571176833e-06,0.000148,1.3704180717468262,24.0,34.0,102,0.0
16.5884,escalate,7.0,10,6.932550604688004e-07,0.000148,1.461991548538208,24.0,34.0,102,0.0
16.5984,escalate,7.0,10,6.932550604688004e-07,0.000148,1.4304025173187256,24.0,34.0,102,0.0
16.6084,escalate,7.0,10,6.932550604688004e-07,0.000148,1.4114717245101929,24.0,34.0,102,0.0
16.6184,escalate,7.0,10,6.932550604688004e-07,0.000148,1.3893482685089111,24.0,34.0,102,0.0
16.6284,escalate,7.0,10,6.932550604688004e-07,0.000148,1.4398679733276367,24.0,34.0,102,0.0
16.6384,escalate,7.0,10,6.932550604688004e-07,0.000148,1.4525259733200073,24.0,34.0,102,0.0
16.6484,escalate,7.0,10,6.932550604688004e-07,0.000148,1.461991548538208,24.0,34.0,102,0.0
16.6584,escalate,7.0,10,6.932550604688004e-07,0.000148,1.4525260925292969,24.0,34.0,102,0.0
16.6762,escalate,7.0,10,6.932550604688004e-07,0.000148,1.3798828125,24.0,34.0,102,0.0
16.6774,escalate,7.0,10,6.932550604688004e-07,0.000148,1.1462152004241943,24.0,34.0,102,0.0
16.6884,escalate,7.0,10,1.285459438804537e-05,0.000149,1.429999589920044,24.0,34.0,102,0.0
16.6984,escalate,7.0,10,7.136589488254685e-07,0.000149,1.4804285764694214,24.0,34.0,102,0.0
16.7084,escalate,7.0,10,5.407261414802633e-05,0.00015,1.2696977853775024,24.0,34.0,102,0.0
16.7185,escalate,7.0,10,8.769582109380281e-07,0.00015,1.4384760856628418,24.0,34.0,102,0.0
16.7283,escalate,7.0,10,6.320989314190228e-07,0.00015,1.287503957748413,24.0,34.0,102,0.0
16.7384,escalate,7.0,10,6.320989314190228e-07,0.00015,1.5449169874191284,24.0,34.0,102,0.0
16.7484,escalate,7.0,10,6.320989314190228e-07,0.00015,1.269690752029419,24.0,34.0,102,0.0
16.758,escalate,7.0,10,6.320989314190228e-07,0.00015,1.3378281593322754,24.0,34.0,102,0.0
16.7684,escalate,7.0,10,6.320989314190228e-07,0.00015,1.4206637144088745,24.0,34.0,102,0.0
16.7785,escalate,7.0,10,6.320989314190228e-07,0.00015,1.4206637144088745,24.0,34.0,102,0.0
16.7884,escalate,7.0,10,6.320989314190228e-07,0.00015,1.4353617429733276,24.0,34.0,102,0.0
16.7984,escalate,7.0,10,3.407575059100054e-05,0.000151,1.4534475803375244,24.0,34.0,102,0.0
16.8084,escalate,7.0,10,6.932831411177176e-07,0.000151,1.3702430725097656,24.0,34.0,102,0.0
16.8184,escalate,7.0,10,6.932831411177176e-07,0.000151,1.453438639640808,24.0,34.0,102,0.0
16.8283,escalate,7.0,10,6.932831411177176e-07,0.000151,1.4032139778137207,24.0,34.0,102,0.0
16.8385,escalate,7.0,10,6.932831411177176e-07,0.000151,1.4534385204315186,24.0,34.0,102,0.0
16.8484,escalate,7.0,10,6.932831411177176e-07,0.000151,1.3286452293395996,24.0,34.0,102,0.0
16.8584,escalate,7.0,10,6.932831411177176e-07,0.000151,1.4204676151275635,24.0,34.0,102,0.0
16.8684,escalate,7.0,10,6.932831411177176e-07,0.000151,1.411840796470642,24.0,34.0,102,0.0
16.8875,escalate,7.0,10,6.932831411177176e-07,0.000151,1.378869891166687,24.0,34.0,102,0.0
16.8888,escalate,7.0,10,6.932831411177176e-07,0.000151,1.3945872783660889,24.0,34.0,102,0.0
16.8983,escalate,7.0,10,6.932831411177176e-07,0.000151,1.337272047996521,24.0,34.0,102,0.0
16.908,escalate,7.0,10,6.932831411177176e-07,0.000151,1.311391830444336,24.0,34.0,102,0.0
16.9184,escalate,7.0,10,6.932831411177176e-07,0.000151,1.3702430725097656,24.0,34.0,102,0.0
16.9285,escalate,7.0,10,6.932831411177176e-07,0.000151,1.4032139778137207,24.0,34.0,102,0.0
16.9384,escalate,7.0,10,6.932831411177176e-07,0.000151,1.3529895544052124,24.0,34.0,102,0.0
16.9484,escalate,7.0,10,6.932831411177176e-07,0.000151,1.311391830444336,24.0,34.0,102,0.0
16.9584,escalate,7.0,10,6.0336948081385344e-05,0.000153,1.3617699146270752,24.0,34.0,102,0.0
16.9684,escalate,7.0,10,1.325888661085628e-06,0.000153,1.4536612033843994,24.0,34.0,102,0.0
16.9784,escalate,7.0,10,7.137405759749527e-07,0.000153,1.2698614597320557,24.0,34.0,102,0.0
16.9884,escalate,7.0,10,7.137405759749527e-07,0.000153,1.328331708908081,24.0,34.0,102,0.0
16.9982,escalate,7.0,10,0.00021808751625940204,0.000154,1.2779340744018555,24.0,34.0,102,0.0
17.0077,escalate,7.0,10,9.263443644158542e-06,0.000154,1.3199130296707153,24.0,34.0,102,0.0
17.0185,escalate,7.0,10,6.729671326866082e-07,0.000154,1.3037813901901245,24.0,34.0,102,0.0
17.0283,escalate,7.0,10,6.729671326866082e-07,0.000154,1.3618687391281128,24.0,34.0,102,0.0
17.0379,escalate,7.0,10,6.729671326866082e-07,0.000154,1.2698938846588135,24.0,34.0,102,0.0
17.0484,escalate,7.0,10,-0.00023565691662952304,0.000153,1.2698582410812378,24.0,34.0,102,0.0
17.0584,escalate,7.0,10,3.568784813978709e-05,0.000154,1.3618720769882202,24.0,34.0,102,0.0
17.0684,escalate,7.0,10,6.933913141438097e-07,0.000154,1.3699352741241455,24.0,34.0,102,0.0
17.0873,escalate,7.0,10,6.933913141438097e-07,0.000154,1.5119308233261108,24.0,34.0,102,0.0
17.0886,escalate,7.0,10,6.933913141438097e-07,0.000154,1.3199145793914795,24.0,34.0,102,0.0
17.0984,escalate,7.0,10,6.933913141438097e-07,0.000154,1.4118894338607788,24.0,34.0,102,0.0
17.1079,escalate,7.0,10,6.933913141438097e-07,0.000154,1.3538020849227905,24.0,34.0,102,0.0
17.1184,escalate,7.0,10,6.933913141438097e-07,0.000154,1.4118894338607788,24.0,34.0,102,0.0
17.1284,escalate,7.0,10,6.933913141438097e-07,0.000154,1.3199145793914795,24.0,34.0,102,0.0
17.1384,escalate,7.0,10,6.933913141438097e-07,0.000154,1.31991446018219,24.0,34.0,102,0.0
17.1484,escalate,7.0,10,6.933913141438097e-07,0.000154,1.336047649383545,24.0,34.0,102,0.0
17.158,escalate,7.0,10,6.933913141438097e-07,0.000154,1.3457355499267578,24.0,34.0,102,0.0
17.1684,escalate,7.0,10,-1.8181197447120212e-05,0.000153,1.3116321563720703,24.0,34.0,102,0.0
17.1784,escalate,7.0,10,-7.145757763282745e-07,0.000153,1.4369663000106812,24.0,34.0,102,0.0
17.1884,escalate,7.0,10,0.00012220474309287965,0.000154,1.3118700981140137,24.0,34.0,102,0.0
17.1984,escalate,7.0,10,2.652261173352599e-06,0.000154,1.4280211925506592,24.0,34.0,102,0.0
17.2079,escalate,7.0,10,7.137920761124406e-07,0.000154,1.3618686199188232,24.0,34.0,102,0.0
17.2184,escalate,7.0,10,7.137920761124406e-07,0.000154,1.3279809951782227,24.0,34.0,102,0.0
17.2284,escalate,7.0,10,7.137920761124406e-07,0.000154,1.4280226230621338,24.0,34.0,102,0.0
17.2386,escalate,7.0,10,7.137920761124406e-07,0.000154,1.1956734657287598,24.0,34.0,102,0.0
17.2484,escalate,7.0,10,7.137920761124406e-07,0.000154,1.2618272304534912,24.0,34.0,102,0.0
17.2584,escalate,7.0,10,0.000126102109788917,0.000155,1.3275442123413086,24.0,34.0,102,0.0
17.2684,escalate,7.0,10,2.937953922810266e-06,0.000155,1.3962836265563965,24.0,34.0,102,0.0
17.2784,escalate,7.0,10,6.526008746732259e-07,0.000155,1.39628267288208,24.0,34.0,102,0.0
17.2992,escalate,7.0,10,6.526008746732259e-07,0.000155,1.438413381576538,24.0,34.0,102,0.0
17.3007,escalate,7.0,10,6.526008746732259e-07,0.000155,1.453985571861267,24.0,34.0,102,0.0
17.3081,escalate,7.0,10,6.526008746732259e-07,0.000155,1.361938238143921,24.0,34.0,102,0.0
17.3184,escalate,7.0,10,6.526008746732259e-07,0.000155,1.2776768207550049,24.0,34.0,102,0.0
17.3284,escalate,7.0,10,6.526008746732259e-07,0.000155,1.4773439168930054,24.0,34.0,102,0.0
17.3384,escalate,7.0,10,0.00016499398043379188,0.000156,1.3619701862335205,24.0,34.0,102,0.0
17.3484,escalate,7.0,10,4.162313416600227e-06,0.000156,1.3694723844528198,24.0,34.0,102,0.0
17.3581,escalate,7.0,10,6.526644256155123e-07,0.000156,1.3817585706710815,24.0,34.0,102,0.0
17.3675,escalate,7.0,10,6.526644256155123e-07,0.000156,1.2773566246032715,24.0,34.0,102,0.0
17.3785,escalate,7.0,10,6.526644256155123e-07,0.000156,1.346958041191101,24.0,34.0,102,0.0
17.3885,escalate,7.0,10,6.526644256155123e-07,0.000156,1.361968755722046,24.0,34.0,102,0.0
17.3984,escalate,7.0,10,6.526644256155123e-07,0.000156,1.4690965414047241,24.0,34.0,102,0.0
17.4079,escalate,7.0,10,6.526644256155123e-07,0.000156,1.3271679878234863,24.0,34.0,102,0.0
17.4184,escalate,7.0,10,6.526644256155123e-07,0.000156,1.5462031364440918,24.0,34.0,102,0.0
17.4284,escalate,7.0,10,6.526644256155123e-07,0.000156,1.361968755722046,24.0,34.0,102,0.0
17.4384,escalate,7.0,10,0.000163198375958018,0.000158,1.3475865125656128,24.0,34.0,102,0.0
17.4483,escalate,7.0,10,4.1215384953829926e-06,0.000157,1.3619626760482788,24.0,34.0,102,0.0
17.4579,escalate,7.0,10,6.935092642379459e-07,0.000157,1.3122581243515015,24.0,34.0,102,0.0
17.4684,escalate,7.0,10,6.935092642379459e-07,0.000157,1.3972182273864746,24.0,34.0,102,0.0
17.4784,escalate,7.0,10,6.935092642379459e-07,0.000157,1.3764114379882812,24.0,34.0,102,0.0
17.4971,escalate,7.0,10,6.935092642379459e-07,0.000157,1.3764114379882812,24.0,34.0,102,0.0
17.4985,escalate,7.0,10,6.935092642379459e-07,0.000157,1.5038517713546753,24.0,34.0,102,0.0
17.5085,escalate,8.0,10,6.935092642379459e-07,0.000157,1.2272979021072388,24.0,34.0,102,0.0
17.5196,escalate,8.0,10,6.935092642379459e-07,0.000157,1.6954455375671387,24.0,34.0,102,0.0
17.5295,escalate,8.0,10,3.162744906148873e-05,0.000159,1.5464195013046265,24.0,34.0,102,0.0
17.5395,escalate,8.0,10,6.527644131892885e-07,0.000159,1.602956771850586,24.0,34.0,102,0.0
17.5496,escalate,8.0,10,6.527644131892885e-07,0.000159,1.674376368522644,24.0,34.0,102,0.0
17.5595,escalate,8.0,10,6.527644131892885e-07,0.000159,1.5394737720489502,24.0,34.0,102,0.0
17.5695,escalate,8.0,10,6.527644131892885e-07,0.000159,1.6386665105819702,24.0,34.0,102,0.0
17.5795,escalate,8.0,10,7.360042218351737e-05,0.00016,1.5959376096725464,24.0,34.0,102,0.0
17.5895,escalate,8.0,10,1.6322252349709743e-06,0.00016,1.5464590787887573,24.0,34.0,102,0.0
17.5996,escalate,8.0,10,2.0404837414389476e-05,0.000161,1.5098308324813843,24.0,34.0,102,0.0
17.6095,escalate,8.0,10,6.936737122487102e-07,0.000161,1.5400769710540771,24.0,34.0,102,0.0
17.6195,escalate,8.0,10,6.936737122487102e-07,0.000161,1.6452093124389648,24.0,34.0,102,0.0
17.6295,escalate,8.0,10,6.936737122487102e-07,0.000161,1.6452093124389648,24.0,34.0,102,0.0
17.6395,escalate,8.0,10,6.936737122487102e-07,0.000161,1.527315616607666,24.0,34.0,102,0.0
17.6496,escalate,8.0,10,6.936737122487102e-07,0.000161,1.5958335399627686,24.0,34.0,102,0.0
17.6595,escalate,8.0,10,0.00022902486671227962,0.000162,1.6449388265609741,24.0,35.0,102,0.0
17.6695,escalate,8.0,10,9.243341082765255e-06,0.000162,1.5403170585632324,24.0,34.0,102,0.0
17.6795,escalate,8.0,10,6.732695396749477e-07,0.000162,1.54031503200531,24.0,34.0,102,0.0
17.7001,escalate,8.0,10,6.732695396749477e-07,0.000162,1.6327433586120605,24.0,35.0,102,0.0
17.7017,escalate,8.0,10,6.732695396749477e-07,0.000162,1.589578628540039,24.0,34.0,102,0.0
17.7093,escalate,8.0,10,6.732695396749477e-07,0.000162,1.546413779258728,24.0,35.0,102,0.0
17.7196,escalate,8.0,10,6.732695396749477e-07,0.000162,1.6266446113586426,24.0,34.0,102,0.0
17.7295,escalate,8.0,10,6.0378140915418044e-05,0.000164,1.4046895503997803,24.0,34.0,102,0.0
17.7395,escalate,8.0,10,1.3058638614893425e-06,0.000164,1.5954761505126953,24.0,34.0,102,0.0
17.7491,escalate,8.0,10,6.937156626918295e-07,0.000164,1.4913595914840698,24.0,34.0,102,0.0
17.7588,escalate,8.0,10,6.937156626918295e-07,0.000164,1.6329922676086426,24.0,34.0,102,0.0
17.7696,escalate,8.0,10,6.937156626918295e-07,0.000164,1.6388094425201416,24.0,34.0,102,0.0
17.7795,escalate,8.0,10,2.1241534341243096e-05,0.000165,1.540663719177246,24.0,35.0,102,0.0
17.7897,escalate,8.0,10,0.00022676003572996706,0.000166,1.5076472759246826,24.0,34.0,102,0.0
17.7991,escalate,8.0,10,1.3814200428896584e-05,0.000166,1.5355223417282104,24.0,34.0,102,0.0
17.8095,escalate,8.0,10,6.734227326887776e-07,0.000166,1.5460224151611328,24.0,34.0,102,0.0
17.8195,escalate,8.0,10,6.734227326887776e-07,0.000166,1.633353590965271,24.0,35.0,102,0.0
17.8295,escalate,8.0,10,6.734227326887776e-07,0.000166,1.4971039295196533,24.0,35.0,102,0.0
17.8395,escalate,8.0,10,6.734227326887776e-07,0.000166,1.5023568868637085,24.0,35.0,102,0.0
17.8497,escalate,8.0,10,6.734227326887776e-07,0.000166,1.5407694578170776,24.0,34.0,102,0.0
17.8593,escalate,8.0,10,-8.251750841736794e-05,0.000165,1.6008141040802002,24.0,34.0,102,0.0
17.8695,escalate,8.0,10,-1.775192345121468e-06,0.000165,1.5572681427001953,24.0,35.0,102,0.0
17.8789,escalate,8.0,10,-7.345404924308241e-07,0.000165,1.491625189781189,24.0,35.0,102,0.0
17.8896,escalate,8.0,10,-7.345404924308241e-07,0.000165,1.5026960372924805,24.0,35.0,102,0.0
17.9088,escalate,8.0,10,-7.345404924308241e-07,0.000165,1.4860897064208984,24.0,34.0,102,0.0
17.9102,escalate,8.0,10,-7.345404924308241e-07,0.000165,1.4860897064208984,24.0,34.0,102,0.0
17.9194,escalate,8.0,10,-7.345404924308241e-07,0.000165,1.5841598510742188,24.0,34.0,102,0.0
17.9295,escalate,8.0,10,0.00015442458970937878,0.000166,1.5844676494598389,24.0,34.0,102,0.0
17.9397,escalate,8.0,10,3.2444663702335674e-06,0.000166,1.540769338607788,24.0,34.0,102,0.0
17.9495,escalate,8.0,10,7.142542699511978e-07,0.000166,1.6491116285324097,24.0,34.0,102,0.0
17.9595,escalate,8.0,10,7.142542699511978e-07,0.000166,1.5460221767425537,24.0,34.0,102,0.0
17.9691,escalate,8.0,10,7.142542699511978e-07,0.000166,1.6281007528305054,24.0,35.0,102,0.0
17.9789,escalate,8.0,10,7.142542699511978e-07,0.000166,1.4481853246688843,24.0,35.0,102,0.0
17.9896,escalate,8.0,10,7.142542699511978e-07,0.000166,1.589687705039978,24.0,35.0,102,0.0
17.9996,escalate,8.0,10,0.00014628306962549686,0.000167,1.555640697479248,24.0,34.0,102,0.0
18.0095,escalate,8.0,10,3.5913903957407456e-06,0.000167,1.4920344352722168,24.0,35.0,102,0.0
18.0186,escalate,8.0,10,7.142942308746569e-07,0.000167,1.5796940326690674,24.0,35.0,102,0.0
18.0293,escalate,8.0,10,-0.00020925245189573616,0.000166,1.6489620208740234,24.0,34.0,102,0.0
18.0396,escalate,8.0,10,-1.0467629181221128e-05,0.000166,1.5844314098358154,24.0,34.0,102,0.0
18.0495,escalate,8.0,10,-6.936670615687035e-07,0.000166,1.5460224151611328,24.0,35.0,102,0.0
18.0595,escalate,8.0,10,-6.936670615687035e-07,0.000166,1.40451979637146,24.0,34.0,102,0.0
18.0696,escalate,8.0,10,-6.936670615687035e-07,0.000166,1.540769100189209,24.0,34.0,102,0.0
18.0795,escalate,8.0,10,-6.936670615687035e-07,0.000166,1.5949411392211914,24.0,34.0,102,0.0
18.0895,escalate,8.0,10,-6.936670615687035e-07,0.000166,1.6822718381881714,24.0,34.0,102,0.0
18.0996,escalate,8.0,10,-6.936670615687035e-07,0.000166,1.6386065483093262,24.0,34.0,102,0.0
18.1183,escalate,8.0,10,-6.936670615687035e-07,0.000166,1.6333531141281128,24.0,35.0,102,0.0
18.1196,escalate,8.0,10,-6.936670615687035e-07,0.000166,1.57918119430542,24.0,34.0,102,0.0
18.1295,escalate,8.0,10,-6.936670615687035e-07,0.000166,1.540769100189209,24.0,34.0,102,0.0
18.1395,escalate,8.0,10,-6.936670615687035e-07,0.000166,1.628099799156189,24.0,34.0,102,0.0
18.1495,escalate,8.0,10,-6.936670615687035e-07,0.000166,1.5512759685516357,24.0,35.0,102,0.0
18.1595,escalate,8.0,10,-6.936670615687035e-07,0.000166,1.546022653579712,24.0,34.0,102,0.0
18.1695,escalate,8.0,10,-6.936670615687035e-07,0.000166,1.4918506145477295,24.0,35.0,102,0.0
18.1795,escalate,8.0,10,-6.936670615687035e-07,0.000166,1.5460224151611328,24.0,34.0,102,0.0
18.1895,escalate,8.0,10,-6.936670615687035e-07,0.000166,1.507610559463501,24.0,35.0,102,0.0
18.199,escalate,8.0,10,-6.936670615687035e-07,0.000166,1.7801092863082886,24.0,35.0,102,0.0
18.2096,escalate,8.0,10,-6.936670615687035e-07,0.000166,1.5460224151611328,24.0,35.0,102,0.0
18.2195,escalate,8.0,10,-6.936670615687035e-07,0.000166,1.4324250221252441,24.0,35.0,102,0.0
18.2295,escalate,8.0,10,-6.936670615687035e-07,0.000166,1.6386065483093262,24.0,35.0,102,0.0
18.2395,escalate,8.0,10,-6.936670615687035e-07,0.000166,1.57918119430542,24.0,35.0,102,0.0
18.2495,escalate,8.0,10,-6.936670615687035e-07,0.000166,1.5949411392211914,24.0,35.0,102,0.0
18.2595,escalate,8.0,10,-6.936670615687035e-07,0.000166,1.540769100189209,24.0,34.0,102,0.0
18.2695,escalate,8.0,10,-0.00018776609795168042,0.000165,1.5352472066879272,24.0,35.0,102,0.0
18.2796,escalate,8.0,10,4.268717020750046e-05,0.000166,1.497099757194519,24.0,34.0,102,0.0
18.2895,escalate,8.0,10,9.590818308424787e-07,0.000166,1.5407695770263672,24.0,35.0,102,0.0
18.299,escalate,8.0,10,6.530077030220127e-07,0.000166,1.6875250339508057,24.0,35.0,102,0.0
18.3096,escalate,8.0,10,6.530077030220127e-07,0.000166,1.5076097249984741,24.0,34.0,102,0.0
18.3293,escalate,8.0,10,6.530077030220127e-07,0.000166,1.6980308294296265,24.0,34.0,102,0.0
18.3306,escalate,8.0,10,6.530077030220127e-07,0.000166,1.5460224151611328,24.0,35.0,102,0.0
18.3394,escalate,8.0,10,6.530077030220127e-07,0.000166,1.5460224151611328,24.0,34.0,102,0.0
18.3496,escalate,8.0,10,6.530077030220127e-07,0.000166,1.5460224151611328,24.0,34.0,102,0.0
18.3595,escalate,8.0,10,0.0001302855380345136,0.000167,1.5408399105072021,24.0,35.0,102,0.0
18.3696,escalate,8.0,10,2.8771537472493947e-06,0.000167,1.5358651876449585,24.0,35.0,102,0.0
18.379,escalate,8.0,10,7.142302251850197e-07,0.000167,1.6384356021881104,24.0,35.0,102,0.0
18.3896,escalate,8.0,10,7.142302251850197e-07,0.000167,1.5458048582077026,24.0,35.0,102,0.0
18.3987,escalate,8.0,10,7.142302251850197e-07,0.000167,1.589634895324707,24.0,34.0,102,0.0
18.4095,escalate,8.0,10,7.142302251850197e-07,0.000167,1.4970042705535889,24.0,35.0,102,0.0
18.4193,escalate,8.0,10,7.142302251850197e-07,0.000167,1.5995758771896362,24.0,35.0,102,0.0
18.4292,escalate,8.0,10,7.142302251850197e-07,0.000167,1.5995758771896362,24.0,35.0,102,0.0
18.4396,escalate,8.0,10,7.142302251850197e-07,0.000167,1.5995758771896362,24.0,35.0,102,0.0
18.4495,escalate,8.0,10,0.00022880060714669526,0.000169,1.6288594007492065,24.0,35.0,102,0.0
18.4595,escalate,8.0,10,-0.00021580247266683728,0.000167,1.6234853267669678,24.0,35.0,102,0.0
18.4695,escalate,8.0,10,-7.95781579654431e-06,0.000167,1.5069525241851807,24.0,35.0,102,0.0
18.4795,escalate,8.0,10,-6.73254305638693e-07,0.000167,1.5408341884613037,24.0,35.0,102,0.0
18.4895,escalate,8.0,10,-6.73254305638693e-07,0.000167,1.5846638679504395,24.0,35.0,102,0.0
18.4991,escalate,8.0,10,-6.73254305638693e-07,0.000167,1.6673524379730225,24.0,35.0,102,0.0
18.5096,escalate,8.0,10,2.9281176466611214e-05,0.000168,1.5502146482467651,24.0,35.0,102,0.0
18.5195,escalate,8.0,10,6.938710725989949e-07,0.000168,1.3995006084442139,24.0,35.0,102,0.0
18.5378,escalate,8.0,10,6.938710725989949e-07,0.000168,1.594226598739624,24.0,35.0,102,0.0
18.5391,escalate,8.0,10,6.938710725989949e-07,0.000168,1.457558035850525,24.0,35.0,102,0.0
18.5496,escalate,8.0,10,3.7953957416902995e-06,0.000167,1.5507752895355225,24.0,35.0,102,0.0
18.559,escalate,8.0,10,0.00011196199193364009,0.000169,1.443521499633789,24.0,35.0,102,0.0
18.5696,escalate,8.0,10,2.101840209434158e-06,0.000168,1.6335324048995972,24.0,35.0,102,0.0
18.5795,escalate,8.0,10,6.734946396136365e-07,0.000168,1.6382200717926025,24.0,35.0,102,0.0
18.5895,escalate,8.0,10,6.734946396136365e-07,0.000168,1.584850549697876,24.0,35.0,102,0.0
18.5995,escalate,8.0,10,6.734946396136365e-07,0.000168,1.5408570766448975,24.0,35.0,102,0.0
18.6095,escalate,8.0,10,6.734946396136365e-07,0.000168,1.5361689329147339,24.0,35.0,102,0.0
18.6197,escalate,8.0,10,6.734946396136365e-07,0.000168,1.5314810276031494,24.0,35.0,102,0.0
18.6292,escalate,8.0,10,6.734946396136365e-07,0.000168,1.603602647781372,24.0,35.0,102,0.0
18.6396,escalate,8.0,10,6.734946396136365e-07,0.000168,1.584850549697876,24.0,35.0,102,0.0
18.6495,escalate,8.0,10,6.734946396136365e-07,0.000168,1.740270972251892,24.0,35.0,102,0.0
18.6595,escalate,8.0,10,6.734946396136365e-07,0.000168,1.584850549697876,24.0,35.0,102,0.0
18.6695,escalate,8.0,10,0.00022957603505346924,0.00017,1.5805882215499878,24.0,35.0,102,0.0
18.6795,escalate,8.0,10,-9.504603804089129e-05,0.000168,1.4921631813049316,24.0,35.0,102,0.0
18.6895,escalate,8.0,10,-2.1627820387948304e-06,0.000168,1.5015537738800049,24.0,35.0,102,0.0
18.6996,escalate,8.0,10,-6.732217343596858e-07,0.000168,1.5455458164215088,24.0,35.0,102,0.0
18.7095,escalate,8.0,10,-6.732217343596858e-07,0.000168,1.540857195854187,24.0,35.0,102,0.0
18.7195,escalate,8.0,10,-6.732217343596858e-07,0.000168,1.677525281906128,24.0,35.0,102,0.0
18.7389,escalate,8.0,10,-6.732217343596858e-07,0.000168,1.5455458164215088,24.0,35.0,102,0.0
18.7404,escalate,8.0,10,-6.732217343596858e-07,0.000168,1.5361685752868652,24.0,35.0,102,0.0
18.7488,escalate,8.0,10,-6.732217343596858e-07,0.000168,1.5895389318466187,24.0,35.0,102,0.0
18.759,escalate,8.0,10,-6.732217343596858e-07,0.000168,1.4481823444366455,24.0,35.0,102,0.0
18.7696,escalate,8.0,10,-6.732217343596858e-07,0.000168,1.59422767162323,24.0,35.0,102,0.0
18.7795,escalate,8.0,10,-6.732217343596858e-07,0.000168,1.487486720085144,24.0,35.0,102,0.0
18.7895,escalate,8.0,10,-6.732217343596858e-07,0.000168,1.5361685752868652,24.0,34.0,102,0.0
18.7996,escalate,8.0,10,-6.732217343596858e-07,0.000168,1.540857195854187,24.0,35.0,102,0.0
18.8096,escalate,8.0,10,-6.732217343596858e-07,0.000168,1.5989162921905518,24.0,34.0,102,0.0
18.8195,escalate,8.0,10,-6.732217343596858e-07,0.000168,1.5361685752868652,24.0,35.0,102,0.0
18.8292,escalate,8.0,10,-6.732217343596858e-07,0.000168,1.4968640804290771,24.0,34.0,102,0.0
18.8396,escalate,8.0,10,-6.732217343596858e-07,0.000168,1.59422767162323,24.0,35.0,102,0.0
18.8495,escalate,8.0,10,-6.732217343596858e-07,0.000168,1.6429094076156616,24.0,35.0,102,0.0
18.8589,escalate,8.0,10,-6.732217343596858e-07,0.000168,1.5848503112792969,24.0,35.0,102,0.0
18.8695,escalate,8.0,10,-6.732217343596858e-07,0.000168,1.4481823444366455,24.0,34.0,102,0.0
18.8798,escalate,8.0,10,-6.732217343596858e-07,0.000168,1.5455459356307983,24.0,35.0,102,0.0
18.8895,escalate,8.0,10,-6.732217343596858e-07,0.000168,1.6335320472717285,24.0,34.0,102,0.0
18.8996,escalate,8.0,10,-6.732217343596858e-07,0.000168,1.4968640804290771,24.0,34.0,102,0.0
18.9097,escalate,8.0,10,-6.732217343596858e-07,0.000168,1.7795772552490234,24.0,34.0,102,0.0
18.9195,escalate,8.0,10,-6.732217343596858e-07,0.000168,1.540857195854187,24.0,35.0,102,0.0
18.9296,escalate,8.0,10,-6.732217343596858e-07,0.000168,1.5942275524139404,24.0,35.0,102,0.0
18.9503,escalate,8.0,10,4.444208389031701e-05,0.00017,1.6291627883911133,24.0,35.0,102,0.0
18.9516,escalate,8.0,10,2.681222395040095e-05,0.00017,1.5981873273849487,24.0,35.0,102,0.0
18.9588,escalate,8.0,10,1.5713247876192327e-06,0.00017,1.439310073852539,24.0,35.0,102,0.0
18.9695,escalate,8.0,10,6.939124546079256e-07,0.00017,1.545242190361023,24.0,35.0,102,0.0
18.9787,escalate,8.0,10,6.939124546079256e-07,0.00017,1.545242190361023,24.0,34.0,102,0.0
18.9889,escalate,8.0,10,6.939124546079256e-07,0.00017,1.5364311933517456,24.0,35.0,102,0.0
18.9996,escalate,8.0,10,6.939124546079256e-07,0.00017,1.5849922895431519,24.0,35.0,102,0.0
19.0095,escalate,8.0,10,6.939124546079256e-07,0.00017,1.545242190361023,24.0,35.0,102,0.0
19.0197,escalate,8.0,10,6.939124546079256e-07,0.00017,1.4481201171875,24.0,35.0,102,0.0
19.0286,escalate,8.0,10,6.939124546079256e-07,0.00017,1.6379588842391968,24.0,35.0,102,0.0
19.0396,escalate,8.0,10,6.939124546079256e-07,0.00017,1.5320258140563965,24.0,35.0,102,0.0
19.0489,escalate,8.0,10,6.939124546079256e-07,0.00017,1.4966812133789062,24.0,35.0,102,0.0
19.0596,escalate,8.0,10,6.939124546079256e-07,0.00017,1.5893977880477905,24.0,35.0,102,0.0
19.0695,escalate,8.0,10,6.939124546079256e-07,0.00017,1.4966812133789062,24.0,35.0,102,0.0
19.0793,escalate,8.0,10,6.939124546079256e-07,0.00017,1.5320258140563965,24.0,35.0,102,0.0
19.0896,escalate,8.0,10,6.939124546079256e-07,0.00017,1.7394864559173584,24.0,35.0,102,0.0
19.0996,escalate,8.0,10,6.939124546079256e-07,0.00017,1.5364313125610352,24.0,35.0,102,0.0
19.1095,escalate,8.0,10,6.939124546079256e-07,0.00017,1.4966812133789062,24.0,35.0,102,0.0
19.1195,escalate,8.0,10,6.939124546079256e-07,0.00017,1.6291478872299194,24.0,34.0,102,0.0
19.1295,escalate,8.0,10,6.939124546079256e-07,0.00017,1.5364313125610352,24.0,35.0,102,0.0
19.1396,escalate,8.0,10,6.939124546079256e-07,0.00017,1.5893977880477905,24.0,35.0,102,0.0
19.1582,escalate,8.0,10,6.939124546079256e-07,0.00017,1.4922757148742676,24.0,35.0,102,0.0
19.1595,escalate,8.0,10,6.939124546079256e-07,0.00017,1.4966812133789062,24.0,35.0,102,0.0
19.1695,escalate,8.0,10,6.939124546079256e-07,0.00017,1.4922757148742676,24.0,35.0,102,0.0
19.1795,escalate,8.0,10,6.939124546079256e-07,0.00017,1.5452423095703125,24.0,35.0,102,0.0
19.1895,escalate,8.0,10,6.939124546079256e-07,0.00017,1.5849922895431519,24.0,35.0,102,0.0
19.1996,escalate,8.0,10,6.939124546079256e-07,0.00017,1.5364311933517456,24.0,35.0,102,0.0
19.2094,escalate,8.0,10,6.939124546079256e-07,0.00017,1.4922757148742676,24.0,35.0,102,0.0
19.2189,escalate,8.0,10,6.939124546079256e-07,0.00017,1.5938032865524292,24.0,35.0,102,0.0
19.2296,escalate,8.0,10,6.939124546079256e-07,0.00017,1.5805867910385132,24.0,35.0,102,0.0
19.2395,escalate,8.0,10,6.939124546079256e-07,0.00017,1.6777088642120361,24.0,35.0,102,0.0
19.2495,escalate,8.0,10,6.939124546079256e-07,0.00017,1.4481201171875,24.0,35.0,102,0.0
19.2597,escalate,8.0,10,6.939124546079256e-07,0.00017,1.6821143627166748,24.0,35.0,102,0.0
19.2695,escalate,8.0,10,6.939124546079256e-07,0.00017,1.6379588842391968,24.0,35.0,102,0.0
19.2794,escalate,8.0,10,6.939124546079256e-07,0.00017,1.7218644618988037,24.0,35.0,102,0.0
19.2895,escalate,8.0,10,6.939124546079256e-07,0.00017,1.5364313125610352,24.0,35.0,102,0.0
19.2987,escalate,8.0,10,6.939124546079256e-07,0.00017,1.6335532665252686,24.0,35.0,102,0.0
19.3096,escalate,8.0,10,6.939124546079256e-07,0.00017,1.6379588842391968,24.0,35.0,102,0.0
19.319,escalate,8.0,10,6.939124546079256e-07,0.00017,1.642364263534546,24.0,35.0,102,0.0
19.3295,escalate,8.0,10,6.939124546079256e-07,0.00017,1.4966812133789062,24.0,35.0,102,0.0
19.3395,escalate,8.0,10,6.939124546079256e-07,0.00017,1.6777088642120361,24.0,35.0,102,0.0
19.3496,escalate,8.0,10,6.939124546079256e-07,0.00017,1.501086711883545,24.0,35.0,102,0.0
19.3692,escalate,8.0,10,6.939124546079256e-07,0.00017,1.633553385734558,24.0,35.0,102,0.0
19.3707,escalate,8.0,10,6.939124546079256e-07,0.00017,1.5408366918563843,24.0,35.0,102,0.0
19.3788,escalate,8.0,10,6.939124546079256e-07,0.00017,1.5761812925338745,24.0,35.0,102,0.0
19.3895,escalate,8.0,10,6.939124546079256e-07,0.00017,1.5364313125610352,24.0,35.0,102,0.0
19.3993,escalate,8.0,10,6.939124546079256e-07,0.00017,1.7130534648895264,24.0,35.0,102,0.0
19.409,escalate,8.0,10,6.939124546079256e-07,0.00017,1.5849922895431519,24.0,35.0,102,0.0
19.4194,escalate,8.0,10,6.939124546079256e-07,0.00017,1.6688979864120483,24.0,35.0,102,0.0
19.4295,escalate,8.0,10,6.939124546079256e-07,0.00017,1.4966812133789062,24.0,35.0,102,0.0
19.4396,escalate,8.0,10,6.939124546079256e-07,0.00017,1.5982087850570679,23.5,35.0,102,0.0
19.4489,escalate,8.0,10,6.939124546079256e-07,0.00017,1.5408366918563843,24.0,35.0,102,0.0
19.4596,escalate,8.0,10,6.939124546079256e-07,0.00017,1.4481201171875,24.0,35.0,102,0.0
19.4695,escalate,8.0,10,6.939124546079256e-07,0.00017,1.4922757148742676,24.0,35.0,102,0.0
19.4795,escalate,8.0,10,6.939124546079256e-07,0.00017,1.5849922895431519,24.0,35.0,102,0.0
19.4895,escalate,8.0,10,6.939124546079256e-07,0.00017,1.620336890220642,24.0,35.0,102,0.0
19.4994,escalate,8.0,10,6.939124546079256e-07,0.00017,1.5320258140563965,24.0,35.0,102,0.0
19.5095,escalate,8.0,10,6.939124546079256e-07,0.00017,1.5893977880477905,24.0,35.0,102,0.0
19.5195,escalate,8.0,10,6.939124546079256e-07,0.00017,1.6291478872299194,24.0,35.0,102,0.0
19.5295,escalate,8.0,10,6.939124546079256e-07,0.00017,1.5540531873703003,24.0,35.0,102,0.0
19.5395,escalate,8.0,10,6.939124546079256e-07,0.00017,1.4393093585968018,24.0,35.0,102,0.0
19.5496,escalate,8.0,10,6.939124546079256e-07,0.00017,1.4525256156921387,24.0,35.0,102,0.0
19.5595,escalate,8.0,10,6.939124546079256e-07,0.00017,1.6953308582305908,24.0,35.0,102,0.0
19.5778,escalate,8.0,10,6.939124546079256e-07,0.00017,1.4966812133789062,24.0,35.0,102,0.0
19.5793,escalate,8.0,10,6.939124546079256e-07,0.00017,1.501086711883545,24.0,35.0,102,0.0
19.5896,escalate,8.0,10,6.939124546079256e-07,0.00017,1.5320258140563965,24.0,35.0,102,0.0
19.5995,escalate,8.0,10,6.939124546079256e-07,0.00017,1.5893977880477905,24.0,35.0,102,0.0
19.6095,escalate,8.0,10,6.939124546079256e-07,0.00017,1.633553385734558,24.0,35.0,102,0.0
19.6195,escalate,8.0,10,6.939124546079256e-07,0.00017,1.545242190361023,24.0,35.0,102,0.0
19.6297,escalate,8.0,10,6.939124546079256e-07,0.00017,1.5320258140563965,24.0,35.0,102,0.0
19.6395,escalate,8.0,10,6.939124546079256e-07,0.00017,1.6247423887252808,24.0,35.0,102,0.0
19.6496,escalate,8.0,10,6.939124546079256e-07,0.00017,1.5408366918563843,24.0,35.0,102,0.0
19.659,escalate,8.0,10,-5.3379186283564195e-05,0.000168,1.5942516326904297,24.0,35.0,102,0.0
19.6696,escalate,8.0,10,0.0002274947037221864,0.00017,1.6335546970367432,24.0,35.0,102,0.0
19.6795,escalate,8.0,10,1.059028636518633e-05,0.00017,1.4966790676116943,24.0,35.0,102,0.0
19.6895,escalate,8.0,10,6.938942647138902e-07,0.00017,1.5364313125610352,24.0,35.0,102,0.0
19.6992,escalate,8.0,10,6.938942647138902e-07,0.00017,1.6247423887252808,24.0,35.0,102,0.0
19.7097,escalate,8.0,10,6.938942647138902e-07,0.00017,1.5805867910385132,24.0,35.0,102,0.0
19.7192,escalate,8.0,10,6.938942647138902e-07,0.00017,1.6688979864120483,24.0,35.0,102,0.0
19.7296,escalate,8.0,10,6.938942647138902e-07,0.00017,1.633553385734558,24.0,35.0,102,0.0
19.7395,escalate,8.0,10,6.938942647138902e-07,0.00017,1.5496476888656616,24.0,35.0,102,0.0
19.7495,escalate,8.0,10,6.938942647138902e-07,0.00017,1.5849922895431519,24.0,35.0,102,0.0
19.7593,escalate,8.0,10,2.2343550881487317e-05,0.000171,1.5892071723937988,24.0,35.0,102,0.0
19.7696,escalate,8.0,10,7.143228231143439e-07,0.000171,1.6376512050628662,24.0,35.0,102,0.0
19.788,escalate,8.0,10,-0.00020002938981633633,0.00017,1.5760862827301025,24.0,35.0,102,0.0
19.7894,escalate,8.0,10,-0.00013881463382858783,0.00017,1.545285701751709,24.0,35.0,102,0.0
19.7997,escalate,8.0,10,-2.7341304758010665e-06,0.00017,1.589399814605713,24.0,35.0,102,0.0
19.8096,escalate,8.0,10,-6.93636650339613e-07,0.00017,1.456932783126831,24.0,35.0,102,0.0
19.819,escalate,8.0,10,-6.93636650339613e-07,0.00017,1.4127776622772217,24.0,35.0,102,0.0
19.8296,escalate,8.0,10,-6.93636650339613e-07,0.00017,1.5805861949920654,24.0,35.0,102,0.0
19.8395,escalate,8.0,10,-6.93636650339613e-07,0.00017,1.536431074142456,24.0,35.0,102,0.0
19.8487,escalate,8.0,10,-6.93636650339613e-07,0.00017,1.6291474103927612,24.0,35.0,102,0.0
19.8587,escalate,8.0,10,-6.93636650339613e-07,0.00017,1.5893983840942383,24.0,35.0,102,0.0
19.8696,escalate,8.0,10,-6.93636650339613e-07,0.00017,1.5849922895431519,24.0,35.0,102,0.0
19.8796,escalate,8.0,10,-6.93636650339613e-07,0.00017,1.6335535049438477,24.0,35.0,102,0.0
19.8895,escalate,8.0,10,-6.93636650339613e-07,0.00017,1.6379597187042236,24.0,35.0,102,0.0
19.8997,escalate,8.0,10,-6.93636650339613e-07,0.00017,1.5893983840942383,24.0,35.0,102,0.0
19.9095,escalate,8.0,10,-6.93636650339613e-07,0.00017,1.6247414350509644,24.0,35.0,102,0.0
19.9195,escalate,8.0,10,-6.93636650339613e-07,0.00017,1.540837049484253,24.0,35.0,102,0.0
19.9295,escalate,8.0,10,-6.93636650339613e-07,0.00017,1.4481205940246582,24.0,35.0,102,0.0
19.9395,escalate,8.0,10,-6.93636650339613e-07,0.00017,1.540837049484253,24.0,35.0,102,0.0
19.9495,escalate,8.0,10,-6.93636650339613e-07,0.00017,1.6379597187042236,24.0,35.0,102,0.0
19.9592,escalate,8.0,10,-6.93636650339613e-07,0.00017,1.4966819286346436,24.0,35.0,102,0.0
19.9695,escalate,8.0,10,-6.93636650339613e-07,0.00017,1.395153284072876,24.0,35.0,102,0.0
19.9796,escalate,8.0,10,-6.93636650339613e-07,0.00017,1.5805861949920654,24.0,35.0,102,0.0
19.9995,escalate,8.0,10,-6.93636650339613e-07,0.00017,1.5452431440353394,24.0,35.0,102,0.0
20.0013,escalate,8.0,10,-6.93636650339613e-07,0.00017,1.5849922895431519,24.0,35.0,102,0.0
