t_s,leg,tgt_deg,pos_deg,vel_rps,torque_Nm,iq_A,bus_V,fet_C,fault
0.001,1,80.0,0.0,-9.517859325569589e-06,0.0,-0.9612636566162109,23.654146194458008,37.0,0
0.007,1,80.0,0.0,-9.517859325569589e-06,0.0,0.053519584238529205,23.61825180053711,37.0,0
0.012,1,80.0,0.0,-9.517859325569589e-06,0.0,0.09919397532939911,23.636198043823242,37.0,0
0.017,1,80.0,0.0,-9.517859325569589e-06,0.0,-0.007845189422369003,23.636198043823242,37.0,0
0.021,1,80.0,0.0,-9.517859325569589e-06,-0.2734563648700714,-0.053519584238529205,23.61825180053711,37.0,0
0.027,1,80.0,0.0,-9.517859325569589e-06,0.8203690648078918,0.16055874526500702,23.636198043823242,37.0,0
0.032,1,80.0,0.0,-9.517859325569589e-06,0.5869975090026855,0.11488436162471771,23.600303649902344,37.0,0
0.037,1,80.0,0.0,-9.517859325569589e-06,0.5469127297401428,0.10703916847705841,23.61825180053711,37.0,0
0.042,1,80.0,0.0,-9.517859325569589e-06,0.6635985970497131,0.12987636029720306,23.636198043823242,37.0,0
0.046,1,80.0,0.0,-9.517859325569589e-06,1.5240525007247925,0.2982802987098694,23.61825180053711,37.0,0
0.052,1,80.0,0.0,-9.517859325569589e-06,1.0938254594802856,0.21407833695411682,23.61825180053711,37.0,0
0.057,1,80.0,0.0,0.00040331471245735884,1.403559684753418,0.27469801902770996,23.636198043823242,37.0,0
0.062,1,80.0,0.0,0.00032085838029161096,1.1274759769439697,0.22066423296928406,23.636198043823242,37.0,0
0.067,1,80.0,0.0,0.0004444511141628027,3.835698127746582,0.7507046461105347,23.61825180053711,37.0,0
0.072,1,80.0,0.0055,0.0006080169696360826,1.9192378520965576,0.3756241202354431,23.61825180053711,37.0,0
0.077,1,80.0,0.0055,0.000561677326913923,1.920262336730957,0.37582463026046753,23.61825180053711,37.0,0
0.082,1,80.0,0.011,0.001569333951920271,2.059891700744629,0.4031522274017334,23.636198043823242,37.0,0
0.087,1,80.0,0.011,0.0023638405837118626,2.4954771995544434,0.48840293288230896,23.61825180053711,37.0,0
0.092,1,80.0,0.0165,0.002519510220736265,2.72623348236084,0.5335654616355896,23.636198043823242,37.0,0
0.097,1,80.0,0.022,0.003482357831671834,2.695523500442505,0.5275550484657288,23.636198043823242,37.0,0
0.102,1,80.0,0.033,0.004399172496050596,3.1646151542663574,0.6193634271621704,23.636198043823242,37.0,0
0.107,1,80.0,0.0439,0.005358225200325251,3.1481542587280273,0.6161417961120605,23.61825180053711,37.0,0
0.112,1,80.0,0.0494,0.004442513920366764,6.363063812255859,1.2453486919403076,23.61825180053711,37.0,0
0.117,1,80.0,0.0604,0.004691841080784798,3.5657060146331787,0.697862982749939,23.61825180053711,37.0,0
0.122,1,80.0,0.0714,0.005884918384253979,3.630268096923828,0.7104988098144531,23.61825180053711,37.0,0
0.127,1,80.0,0.0824,0.007329038344323635,3.2282629013061523,0.6318202614784241,23.636198043823242,37.0,0
0.132,1,80.0,0.0989,0.008069552481174469,3.430020332336426,0.6713073253631592,23.61825180053711,37.0,0
0.137,1,80.0,0.1154,0.009245488792657852,2.882148027420044,0.5640802979469299,23.61825180053711,37.0,0
0.142,1,80.0,0.1373,0.01051208097487688,3.3634140491485596,0.7021123170852661,23.61825180053711,37.0,0
0.147,1,80.0,0.1593,0.011655022390186787,2.813823938369751,0.5507082343101501,23.636198043823242,37.0,0
0.152,1,80.0,0.1813,0.012827775441110134,3.593940258026123,0.7033888697624207,23.61825180053711,37.0,0
0.157,1,80.0,0.2087,0.014191031455993652,3.5020880699157715,0.6854120492935181,23.61825180053711,37.0,0
0.162,1,80.0,0.2307,0.014597433619201183,3.1110305786132812,0.60887610912323,23.636198043823242,37.0,0
0.167,1,80.0,0.2637,0.015392919071018696,2.6130802631378174,0.5114196538925171,23.61825180053711,37.0,0
0.172,1,80.0,0.2911,0.016006354242563248,2.6135780811309814,0.5115171074867249,23.636198043823242,37.0,0
0.177,1,80.0,0.3186,0.015124130994081497,3.563998222351074,0.6975287795066833,23.61825180053711,37.0,0
0.182,1,80.0,0.3461,0.014958666637539864,2.6057486534118652,0.5099847316741943,23.61825180053711,37.0,0
0.187,1,80.0,0.368,0.014717048034071922,3.1593799591064453,0.6183388233184814,23.636198043823242,37.0,0
0.192,1,80.0,0.3955,0.013183984905481339,2.895954132080078,0.5667823553085327,23.636198043823242,37.0,0
0.196,1,80.0,0.412,0.01214204728603363,3.0833868980407715,0.6034657955169678,23.61825180053711,37.0,0
0.202,1,80.0,0.4285,0.009891367517411709,5.838440895080566,1.1426719427108765,23.636198043823242,37.0,0
0.207,1,80.0,0.4449,0.0073027764447033405,5.8789567947387695,1.1506015062332153,23.61825180053711,37.0,0
0.212,1,80.0,0.4504,0.0059638861566782,6.57505989074707,1.286839485168457,23.600303649902344,37.0,0
0.217,1,80.0,0.4724,0.009847903624176979,6.063285827636719,1.1866774559020996,23.61825180053711,37.0,0
0.222,1,80.0,0.5054,0.016347013413906097,4.431499004364014,0.867311954498291,23.61825180053711,37.0,0
0.227,1,80.0,0.5438,0.020797759294509888,4.297582149505615,0.8411023616790771,23.61825180053711,37.0,0
0.232,1,80.0,0.5933,0.027370018884539604,3.887134075164795,0.7607713937759399,23.636198043823242,37.0,0
0.237,1,80.0,0.6482,0.028137285262346268,4.341421127319336,0.8496822714805603,23.636198043823242,37.0,0
0.242,1,80.0,0.6976,0.028289644047617912,3.4941658973693848,0.683861494064331,23.636198043823242,37.0,0
0.246,1,80.0,0.7416,0.027423398569226265,3.5789377689361572,0.7004526853561401,23.636198043823242,37.0,0
0.252,1,80.0,0.7965,0.02705972082912922,3.9055070877075195,0.7643672823905945,23.61825180053711,37.0,0
0.257,1,80.0,0.8459,0.02715582586824894,2.611586809158325,0.5111273527145386,23.61825180053711,37.0,0
0.261,1,80.0,0.8899,0.026572687551379204,3.848475217819214,0.7532052397727966,23.61825180053711,37.0,0
0.267,1,80.0,0.9393,0.025483854115009308,5.508909225463867,1.0781774520874023,23.636198043823242,37.0,0
0.271,1,80.0,0.9723,0.022204028442502022,4.661104679107666,0.9122492074966431,23.61825180053711,37.0,0
0.277,1,80.0,1.0052,0.017451254650950432,7.055395126342773,1.3808484077453613,23.636198043823242,37.0,0
0.282,1,80.0,1.0272,0.015049309469759464,7.511807441711426,1.4701751470565796,23.654146194458008,37.0,0
0.287,1,80.0,1.0657,0.018940187990665436,6.019875526428223,1.1781814098358154,23.61825180053711,37.0,0
0.292,1,80.0,1.1151,0.026164812967181206,5.455019474029541,1.0676305294036865,23.636198043823242,37.0,0
0.297,1,80.0,1.1646,0.028013810515403748,4.689314365386963,0.9177703857421875,23.61825180053711,37.0,0
0.302,1,80.0,1.2195,0.02984786219894886,4.48665714263916,0.8781072497367859,23.61825180053711,37.0,0
0.307,1,80.0,1.2799,0.03201008588075638,4.784381866455078,0.9363764524459839,23.61825180053711,37.0,0
0.312,1,80.0,1.3403,0.031896963715553284,3.9851977825164795,0.7799639701843262,23.61825180053711,37.0,0
0.317,1,80.0,1.3953,0.030538903549313545,3.4892730712890625,0.6829039454460144,23.61825180053711,37.0,0
0.321,1,80.0,1.4392,0.026709305122494698,5.555118083953857,1.0872212648391724,23.636198043823242,37.0,0
0.327,1,80.0,1.4777,0.02235301025211811,7.293523788452148,1.4274537563323975,23.636198043823242,37.0,0
0.331,1,80.0,1.5051,0.019283203408122063,7.150860786437988,1.3995325565338135,23.61825180053711,37.0,0
0.337,1,80.0,1.5491,0.02321932092308998,6.880595684051514,1.346637487411499,23.600303649902344,37.0,0
0.342,1,80.0,1.6095,0.031168242916464806,5.724408149719238,1.1203539371490479,23.61825180053711,37.0,0
0.346,1,80.0,1.6754,0.03561244532465935,4.803414821624756,0.9401015639305115,23.636198043823242,37.0,0
0.352,1,80.0,1.7468,0.037049755454063416,4.353953838348389,0.8521351218223572,23.600303649902344,37.0,0
0.357,1,80.0,1.8237,0.04119601473212242,4.534219741821289,0.887415885925293,23.636198043823242,37.0,0
0.362,1,80.0,1.8951,0.04006055369973183,4.081122875213623,0.7987379431724548,23.61825180053711,37.0,0
0.367,1,80.0,1.9611,0.036489833146333694,5.479764938354492,1.0724735260009766,23.636198043823242,37.0,0
0.371,1,80.0,2.005,0.028847593814134598,4.925996780395508,0.9640926718711853,23.61825180053711,37.0,0
0.377,1,80.0,2.049,0.024027178063988686,7.18023681640625,1.4052817821502686,23.654146194458008,37.0,0
0.382,1,80.0,2.0984,0.03052493929862976,7.84844446182251,1.5360602140426636,23.600303649902344,37.0,0
0.387,1,80.0,2.1808,0.03961203247308731,4.407478332519531,0.8626106977462769,23.636198043823242,37.0,0
0.392,1,80.0,2.2577,0.04200020805001259,4.792803764343262,0.9380246996879578,23.636198043823242,37.0,0
0.396,1,80.0,2.3291,0.04176636040210724,4.566933631896973,0.8938185572624207,23.636198043823242,37.0,0
0.402,1,80.0,2.4225,0.04784608632326126,2.8496811389923096,0.5577260255813599,23.636198043823242,37.0,0
0.407,1,80.0,2.5104,0.04927269369363785,2.6187925338745117,0.5125375986099243,23.636198043823242,37.0,0
0.412,1,80.0,2.5928,0.044120434671640396,3.396090507507324,0.6646666526794434,23.636198043823242,37.0,0
0.417,1,80.0,2.6587,0.03959714248776436,4.042619705200195,0.7912023067474365,23.61825180053711,37.0,0
0.421,1,80.0,2.7301,0.04256509616971016,3.827444076538086,0.7490891814231873,23.61825180053711,37.0,0
0.427,1,80.0,2.829,0.04807296022772789,2.7833926677703857,0.5447523593902588,23.61825180053711,37.0,0
0.432,1,80.0,2.9169,0.050639621913433075,1.848371148109436,0.3617544174194336,23.654146194458008,37.0,0
0.437,1,80.0,3.0103,0.04919776692986488,2.383838653564453,0.46655353903770447,23.61825180053711,37.0,0
0.442,1,80.0,3.0927,0.04794745519757271,1.9004000425338745,0.37193724513053894,23.636198043823242,37.0,0
0.447,1,80.0,3.175,0.04558456316590309,2.642226457595825,0.5171239972114563,23.61825180053711,37.0,0
0.452,1,80.0,3.2465,0.041791629046201706,2.1247570514678955,0.4158473610877991,23.636198043823242,37.0,0
0.457,1,80.0,3.3234,0.04362930729985237,2.0687613487243652,0.4048881232738495,23.61825180053711,37.0,0
0.462,1,80.0,3.4113,0.04836462810635567,1.6462193727493286,0.32219022512435913,23.61825180053711,37.0,0
0.467,1,80.0,3.5046,0.049277327954769135,2.045905351638794,0.4004148840904236,23.61825180053711,37.0,0
0.471,1,80.0,3.576,0.04655394330620766,1.9789539575576782,0.3873114585876465,23.61825180053711,37.0,0
0.477,1,80.0,3.6639,0.04390114173293114,2.6014034748077393,0.5091342926025391,23.61825180053711,37.0,0
0.482,1,80.0,3.7354,0.04280894994735718,2.8612961769104004,0.5599992871284485,23.636198043823242,37.0,0
0.487,1,80.0,3.8123,0.04221797734498978,3.015925645828247,0.5902626514434814,23.654146194458008,37.0,0
0.492,1,80.0,3.8947,0.044037654995918274,3.4000706672668457,0.6654456853866577,23.61825180053711,37.0,0
0.497,1,80.0,3.988,0.04959821701049805,2.632887363433838,0.515296220779419,23.61825180053711,37.0,0
0.502,1,80.0,4.0814,0.052718326449394226,1.8009294271469116,0.3524693250656128,23.61825180053711,37.0,0
0.507,1,80.0,4.1693,0.04867963865399361,2.601245641708374,0.5091034173965454,23.61825180053711,37.0,0
0.512,1,80.0,4.2462,0.04518456757068634,1.9981602430343628,0.3910704255104065,23.61825180053711,37.0,0
0.517,1,80.0,4.3286,0.04570777341723442,3.162242889404297,0.6188991665840149,23.636198043823242,37.0,0
0.522,1,80.0,4.422,0.05065314099192619,2.501269578933716,0.4895365834236145,23.636198043823242,37.0,0
0.527,1,80.0,4.5154,0.04992492124438286,3.104325294494629,0.6075637936592102,23.61825180053711,37.0,0
0.532,1,80.0,4.6033,0.049589335918426514,2.385899066925049,0.46695682406425476,23.636198043823242,37.0,0
0.536,1,80.0,4.6857,0.04899684339761734,3.4252376556396484,0.6703711748123169,23.636198043823242,37.0,0
0.542,1,80.0,4.7736,0.04605737701058388,3.3706064224243164,0.659679114818573,23.61825180053711,37.0,0
0.546,1,80.0,4.845,0.04483320191502571,3.9549026489257812,0.7740347385406494,23.61825180053711,37.0,0
0.552,1,80.0,4.9384,0.0485537089407444,4.736465930938721,0.9269986152648926,23.61825180053711,37.0,0
0.557,1,80.0,5.0317,0.05133345350623131,2.851864814758301,0.5581533908843994,23.636198043823242,37.0,0
0.562,1,80.0,5.1251,0.05143796280026436,3.1161954402923584,0.6098869442939758,23.636198043823242,37.0,0
0.567,1,80.0,5.213,0.04793022945523262,3.76251220703125,0.7363809943199158,23.61825180053711,37.0,0
0.571,1,80.0,5.2899,0.04761834070086479,3.3223133087158203,0.6502273678779602,23.61825180053711,37.0,0
0.577,1,80.0,5.3833,0.047427576035261154,3.15049147605896,0.6879967451095581,23.636198043823242,37.0,0
0.582,1,80.0,5.4712,0.049001168459653854,4.729137897491455,0.9255644083023071,23.636198043823242,37.0,0
0.587,1,80.0,5.5646,0.051633771508932114,4.603888988494873,0.9010512232780457,23.61825180053711,37.0,0
0.592,1,80.0,5.6525,0.04850335791707039,3.1548495292663574,0.6174522042274475,23.636198043823242,37.0,0
0.596,1,80.0,5.7294,0.046636562794446945,3.4914872646331787,0.6833373308181763,23.61825180053711,37.0,0
0.602,1,80.0,5.8173,0.047617170959711075,3.5034048557281494,0.6856697797775269,23.636198043823242,37.0,0
0.607,1,80.0,5.9052,0.048450667411088943,4.041879653930664,0.7910574674606323,23.61825180053711,37.0,0
0.612,1,80.0,6.004,0.052460603415966034,3.4363973140716553,0.6725553870201111,23.636198043823242,37.0,0
0.617,1,80.0,6.1029,0.055374614894390106,4.138312816619873,0.8099309206008911,23.636198043823242,37.0,0
0.622,1,80.0,6.1963,0.05151663348078728,3.5027916431427,0.6855497360229492,23.636198043823242,37.0,0
0.627,1,80.0,6.2787,0.04695742577314377,3.869227409362793,0.7572667598724365,23.636198043823242,37.0,0
0.631,1,80.0,6.3556,0.04771856218576431,2.9273369312286377,0.5729244947433472,23.636198043823242,37.0,0
0.636,1,80.0,6.4545,0.05189194530248642,3.3167707920074463,0.6491426229476929,23.61825180053711,37.0,0
0.642,1,80.0,6.5588,0.05442659556865692,3.092388868331909,0.6052276492118835,23.61825180053711,37.0,0
0.646,1,80.0,6.6522,0.05495685338973999,3.298534393310547,0.6455734968185425,23.61825180053711,37.0,0
0.651,1,80.0,6.7401,0.05012117698788643,2.821298599243164,0.5521711707115173,23.61825180053711,37.0,0
0.657,1,80.0,6.8225,0.04540395736694336,3.5564894676208496,0.6960592269897461,23.61825180053711,37.0,0
0.662,1,80.0,6.9104,0.04783689230680466,3.567610025405884,0.6982356309890747,23.61825180053711,37.0,0
0.667,1,80.0,7.0038,0.05179227888584137,3.112619400024414,0.6091870665550232,23.636198043823242,37.0,0
0.671,1,80.0,7.0917,0.05141917243599892,2.9041621685028076,0.568388819694519,23.636198043823242,37.0,0
0.677,1,80.0,7.1796,0.046617913991212845,3.2245941162109375,0.6311022043228149,23.636198043823242,37.0,0
0.682,1,80.0,7.2565,0.044172149151563644,4.4806342124938965,0.876928448677063,23.636198043823242,37.0,0
0.687,1,80.0,7.3334,0.04369940236210823,5.256190776824951,1.0287166833877563,23.600303649902344,37.0,0
0.692,1,80.0,7.4213,0.04504521191120148,5.25453519821167,1.0283926725387573,23.61825180053711,37.0,0
0.697,1,80.0,7.4982,0.04453983157873154,5.20875883102417,1.0194334983825684,23.61825180053711,37.0,0
0.702,1,80.0,7.5806,0.04544631019234657,5.553024768829346,1.0868115425109863,23.61825180053711,37.0,0
0.707,1,80.0,7.6575,0.04293398931622505,4.790365695953369,0.9375475645065308,23.61825180053711,37.0,0
0.712,1,80.0,7.7234,0.03773709759116173,8.128813743591309,1.5909327268600464,23.61825180053711,37.0,0
0.717,1,80.0,7.8003,0.04238293692469597,6.477627277374268,1.2677704095840454,23.61825180053711,37.0,0
0.722,1,80.0,7.8937,0.048511017113924026,5.534628391265869,1.0832111835479736,23.61825180053711,37.0,0
0.727,1,80.0,7.9871,0.052097171545028687,5.030409336090088,0.9845277667045593,23.636198043823242,37.0,0
0.732,1,80.0,8.0914,0.056388214230537415,2.8834481239318848,0.5643347501754761,23.636198043823242,37.0,0
0.737,1,80.0,8.1903,0.05667371302843094,6.030163764953613,1.1801949739456177,23.636198043823242,37.0,0
0.742,1,80.0,8.2782,0.04893578961491585,5.291164875030518,1.0355616807937622,23.61825180053711,37.0,0
0.747,1,80.0,8.3606,0.046237677335739136,5.899285316467285,1.1545801162719727,23.61825180053711,37.0,0
0.752,1,80.0,8.443,0.04736831411719322,5.646923065185547,1.1051889657974243,23.61825180053711,37.0,0
0.757,1,80.0,8.5309,0.049208760261535645,5.488234996795654,1.0741312503814697,23.61825180053711,37.0,0
0.762,1,80.0,8.6243,0.05056093633174896,5.66990852355957,1.1096875667572021,23.636198043823242,37.0,0
0.767,1,80.0,8.7012,0.04450380802154541,7.000592231750488,1.3701226711273193,23.636198043823242,37.0,0
0.772,1,80.0,8.7671,0.03710263594985008,7.663868427276611,1.4999358654022217,23.61825180053711,37.0,0
0.777,1,80.0,8.844,0.041886813938617706,7.122834205627441,1.3940472602844238,23.61825180053711,37.0,0
0.782,1,80.0,8.9319,0.04873603209853172,6.183820724487305,1.161369800567627,23.61825180053711,37.0,0
0.787,1,80.0,9.0363,0.054173264652490616,6.391097545623779,1.2508352994918823,23.61825180053711,37.0,0
0.792,1,80.0,9.1516,0.061459168791770935,3.8543429374694824,0.7543536424636841,23.636198043823242,37.0,0
0.797,1,80.0,9.256,0.058801520615816116,4.469833850860596,0.8748146295547485,23.654146194458008,37.0,0
0.802,1,80.0,9.3384,0.049264319241046906,5.13702392578125,1.0053938627243042,23.636198043823242,37.0,0
0.807,1,80.0,9.4263,0.04829338937997818,5.931019306182861,1.1607909202575684,23.61825180053711,37.0,0
0.812,1,80.0,9.5197,0.052333083003759384,4.614652633666992,0.9031578898429871,23.636198043823242,37.0,0
0.817,1,80.0,9.624,0.055630724877119064,4.057479381561279,0.7941105365753174,23.636198043823242,37.0,0
0.822,1,80.0,9.7339,0.06063539907336235,2.8552775382995605,0.5588213205337524,23.636198043823242,37.0,0
0.827,1,80.0,9.8383,0.05649980530142784,3.164876699447632,0.6194146275520325,23.636198043823242,37.0,0
0.832,1,80.0,9.9261,0.052081622183322906,3.1629693508148193,0.7798188924789429,23.636198043823242,37.0,0
0.837,1,80.0,10.025,0.053964756429195404,2.8749096393585205,0.5626636743545532,23.654146194458008,37.0,0
0.842,1,80.0,10.1349,0.05867279693484306,2.4216136932373047,0.473946750164032,23.636198043823242,37.0,0
0.846,1,80.0,10.2393,0.06042911857366562,1.6159366369247437,0.31626343727111816,23.636198043823242,37.0,0
0.852,1,80.0,10.3491,0.056922730058431625,2.998234987258911,0.5868002772331238,23.61825180053711,37.0,0
0.856,1,80.0,10.426,0.05064821243286133,2.612823009490967,0.5113692879676819,23.636198043823242,37.0,0
0.862,1,80.0,10.5249,0.05015850439667702,3.055300712585449,0.5979689359664917,23.636198043823242,37.0,0
0.867,1,80.0,10.6238,0.054256096482276917,1.4496128559112549,0.28371134400367737,23.61825180053711,37.0,0
0.871,1,80.0,10.7172,0.05569078400731087,2.3704609870910645,0.46393537521362305,23.61825180053711,37.0,0
0.877,1,80.0,10.816,0.052193526178598404,2.1280274391174316,0.4164873957633972,23.636198043823242,37.0,0
0.882,1,80.0,10.9039,0.04907554015517235,2.132981538772583,0.4174569845199585,23.61825180053711,37.0,0
0.887,1,80.0,10.9863,0.047256484627723694,3.0811076164245605,0.6030197143554688,23.61825180053711,37.0,0
0.892,1,80.0,11.0742,0.04801757633686066,3.6293673515319824,0.7103224992752075,23.636198043823242,37.0,0
0.897,1,80.0,11.1676,0.05081448331475258,2.69877028465271,0.5281904935836792,23.636198043823242,37.0,0
0.902,1,80.0,11.2665,0.05366012454032898,2.469163179397583,0.4832528829574585,23.61825180053711,37.0,0
0.907,1,80.0,11.3544,0.051664285361766815,2.7413201332092285,0.5365181565284729,23.636198043823242,37.0,0
0.912,1,80.0,11.4423,0.048174113035202026,3.0178756713867188,0.5906442403793335,23.636198043823242,37.0,0
0.917,1,80.0,11.5247,0.04674290493130684,3.1617581844329834,0.6188042759895325,23.636198043823242,37.0,0
0.922,1,80.0,11.6125,0.04927414655685425,2.487323045730591,0.48680704832077026,23.61825180053711,37.0,0
0.927,1,80.0,11.7114,0.05174635723233223,2.36944317817688,0.4637361466884613,23.636198043823242,37.0,0
0.932,1,80.0,11.7993,0.051124051213264465,2.9041669368743896,0.5683897733688354,23.61825180053711,37.0,0
0.937,1,80.0,11.8817,0.04734526947140694,2.575662851333618,0.504096508026123,23.636198043823242,37.0,0
0.942,1,80.0,11.9586,0.043435342609882355,4.1374616622924805,0.8097643256187439,23.61825180053711,37.0,0
0.947,1,80.0,12.0355,0.04351295903325081,3.6636743545532227,0.7170369625091553,23.61825180053711,37.0,0
0.952,1,80.0,12.1289,0.048150964081287384,3.330393075942993,0.6518087387084961,23.636198043823242,37.0,0
0.957,1,80.0,12.2223,0.051727134734392166,2.778090238571167,0.5437146425247192,23.636198043823242,37.0,0
0.962,1,80.0,12.3157,0.05119102820754051,2.606215000152588,0.5100759863853455,23.636198043823242,37.0,0
0.967,1,80.0,12.3981,0.048508595675230026,2.626631736755371,0.5140718817710876,23.61825180053711,37.0,0
0.972,1,80.0,12.486,0.04784062132239342,3.3259947299957275,0.6509478688240051,23.636198043823242,37.0,0
0.977,1,80.0,12.5629,0.045134808868169785,3.837484121322632,0.7510541677474976,23.61825180053711,37.0,0
0.982,1,80.0,12.6562,0.04880242794752121,4.27616024017334,0.8369097113609314,23.636198043823242,37.0,0
0.987,1,80.0,12.7496,0.052535537630319595,5.131324291229248,1.0042784214019775,23.61825180053711,37.0,0
0.992,1,80.0,12.843,0.05249158293008804,2.8623790740966797,0.560211181640625,23.636198043823242,37.0,0
0.997,1,80.0,12.9309,0.04868501052260399,3.6178529262542725,0.7080689668655396,23.61825180053711,37.0,0
1.002,1,80.0,13.0078,0.04620787501335144,4.201174259185791,0.8222337961196899,23.636198043823242,37.0,0
1.007,1,80.0,13.0957,0.04615682363510132,3.7941765785217285,0.7425781488418579,23.636198043823242,37.0,0
1.012,1,80.0,13.1836,0.0501471646130085,4.0324296951293945,0.789207935333252,23.636198043823242,37.0,0
1.017,1,80.0,13.2825,0.052869390696287155,3.437739610671997,0.6728180646896362,23.636198043823242,37.0,0
1.022,1,80.0,13.3759,0.05248947814106941,3.0149378776550293,0.5900692939758301,23.636198043823242,37.0,0
1.027,1,80.0,13.4637,0.04944956302642822,3.567382335662842,0.6981911063194275,23.61825180053711,37.0,0
1.032,1,80.0,13.5461,0.047420527786016464,3.5651297569274902,0.6977502107620239,23.636198043823242,37.0,0
1.037,1,80.0,13.6395,0.04936777055263519,3.69234037399292,0.7226473093032837,23.61825180053711,37.0,0
1.042,1,80.0,13.7384,0.05347724258899689,2.596067190170288,0.5080899000167847,23.636198043823242,37.0,0
1.047,1,80.0,13.8373,0.05477168783545494,2.893665075302124,0.5663343667984009,23.636198043823242,37.0,0
1.052,1,80.0,13.9307,0.05395007133483887,2.1416006088256836,0.4191438853740692,23.636198043823242,37.0,0
1.057,1,80.0,14.0186,0.04941733554005623,2.850433588027954,0.5578733086585999,23.61825180053711,37.0,0
1.062,1,80.0,14.101,0.04638964682817459,4.305841445922852,0.842718780040741,23.636198043823242,37.0,0
1.067,1,80.0,14.1888,0.04971299692988396,3.566348075866699,0.6979886889457703,23.61825180053711,37.0,0
1.072,1,80.0,14.2877,0.05156705901026726,4.383989334106445,0.8580135703086853,23.61825180053711,37.0,0
1.077,1,80.0,14.3701,0.048600468784570694,3.6536307334899902,0.7150712013244629,23.636198043823242,37.0,0
1.082,1,80.0,14.458,0.046404581516981125,3.549659252166748,0.6947224140167236,23.61825180053711,37.0,0
1.087,1,80.0,14.5404,0.04639661684632301,3.7806081771850586,0.7399227023124695,23.636198043823242,37.0,0
1.092,1,80.0,14.6118,0.04300101846456528,4.933223247528076,0.9655069708824158,23.61825180053711,37.0,0
1.097,1,80.0,14.6942,0.0458439439535141,4.1526713371276855,0.8127410411834717,23.636198043823242,37.0,0
1.102,1,80.0,14.7876,0.0491706058382988,4.199429988861084,0.821892499923706,23.61825180053711,37.0,0
1.107,1,80.0,14.859,0.042262762784957886,7.017114162445068,1.3733562231063843,23.636198043823242,37.0,0
1.112,1,80.0,14.9084,0.031121429055929184,8.850408554077148,1.7321598529815674,23.61825180053711,37.0,0
1.117,1,80.0,14.9799,0.03764753416180611,7.3762946128845215,1.4436533451080322,23.61825180053711,37.0,0
1.122,1,80.0,15.0787,0.05069540813565254,4.283906936645508,0.838425874710083,23.636198043823242,37.0,0
1.127,1,80.0,15.1721,0.049699168652296066,5.978935718536377,1.1701688766479492,23.61825180053711,37.0,0
1.132,1,80.0,15.2545,0.048895835876464844,6.307485580444336,1.234471082687378,23.636198043823242,37.0,0
1.137,1,80.0,15.3424,0.04812146723270416,6.047693729400635,1.1836258172988892,23.636198043823242,37.0,0
1.142,1,80.0,15.4138,0.04098295047879219,6.87036657333374,1.3446354866027832,23.61825180053711,37.0,0
1.147,1,80.0,15.4852,0.040610089898109436,8.178333282470703,1.600624442100525,23.61825180053711,37.0,0
1.152,1,80.0,15.5731,0.04794318601489067,11.67823314666748,2.2856082916259766,23.61825180053711,37.0,0
1.157,1,80.0,15.672,0.052743710577487946,5.745120048522949,1.1244075298309326,23.61825180053711,37.0,0
1.162,1,80.0,15.7764,0.05788453295826912,4.0711870193481445,0.7967934012413025,23.636198043823242,37.0,0
1.167,1,80.0,15.8752,0.05358145013451576,5.601531505584717,1.0963051319122314,23.636198043823242,37.0,0
1.172,1,80.0,15.9467,0.042798466980457306,7.130232334136963,1.3954951763153076,23.636198043823242,37.0,0
1.177,1,80.0,16.0126,0.0392722561955452,8.36864948272705,1.6378722190856934,23.600303649902344,37.0,0
1.182,1,80.0,16.106,0.04881918802857399,6.926024913787842,1.3555285930633545,23.636198043823242,37.0,0
1.187,1,80.0,16.2048,0.05440527945756912,5.729067802429199,1.1212658882141113,23.61825180053711,37.0,0
1.192,1,80.0,16.3202,0.06140518933534622,3.8259685039520264,0.7488003969192505,23.636198043823242,37.0,0
1.197,1,80.0,16.4246,0.058902982622385025,3.5897703170776367,0.702572762966156,23.636198043823242,37.0,0
1.202,1,80.0,16.5125,0.05077523738145828,5.627664089202881,1.1014196872711182,23.636198043823242,37.0,0
1.207,1,80.0,16.6003,0.049907393753528595,5.782577991485596,1.1317386627197266,23.61825180053711,37.0,0
1.212,1,80.0,16.6937,0.05211999639868736,4.950229167938232,0.9688352942466736,23.636198043823242,37.0,0
1.217,1,80.0,16.7981,0.05549575388431549,4.042377948760986,0.7911549806594849,23.61825180053711,37.0,0
1.222,1,80.0,16.908,0.05992758646607399,3.085765838623047,0.6039314270019531,23.636198043823242,37.0,0
1.227,1,80.0,17.0068,0.05647727847099304,3.1839396953582764,0.6231455206871033,23.636198043823242,37.0,0
1.232,1,80.0,17.0947,0.05079610273241997,5.002926826477051,0.9791491031646729,23.636198043823242,37.0,0
1.237,1,80.0,17.1936,0.05368757247924805,3.8536219596862793,0.7542126178741455,23.636198043823242,37.0,0
1.242,1,80.0,17.3035,0.05950997397303581,2.2459380626678467,0.4395643174648285,23.636198043823242,37.0,0
1.247,1,80.0,17.4133,0.06138625368475914,1.6281462907791138,0.31865304708480835,23.61825180053711,37.0,0
1.252,1,80.0,17.5177,0.058108508586883545,2.131669282913208,0.41720014810562134,23.636198043823242,37.0,0
1.257,1,80.0,17.6166,0.054979391396045685,2.4547810554504395,0.4804380536079407,23.636198043823242,37.0,0
1.262,1,80.0,17.71,0.052422504872083664,2.9123659133911133,0.5699943900108337,23.61825180053711,37.0,0
1.267,1,80.0,17.8088,0.05487745627760887,1.8110908269882202,0.3544580936431885,23.61825180053711,37.0,0
1.272,1,80.0,17.9077,0.05580106005072594,1.6274323463439941,0.31851333379745483,23.61825180053711,37.0,0
1.277,1,80.0,18.0011,0.0521131306886673,2.384561538696289,0.46669504046440125,23.61825180053711,37.0,0
1.282,1,80.0,18.089,0.0496729277074337,3.0895767211914062,0.6046772599220276,23.636198043823242,37.0,0
1.287,1,80.0,18.1769,0.04906531795859337,3.3209421634674072,0.6499589681625366,23.61825180053711,37.0,0
1.292,1,80.0,18.2648,0.04971547797322273,3.113358736038208,0.6093317866325378,23.636198043823242,37.0,0
1.297,1,80.0,18.3582,0.05131454020738602,2.2946560382843018,0.44909918308258057,23.636198043823242,37.0,0
1.302,1,80.0,18.457,0.05426289513707161,1.8583625555038452,0.3637098968029022,23.636198043823242,37.0,0
1.307,1,80.0,18.5504,0.05098973214626312,2.614931344985962,0.5117819309234619,23.636198043823242,37.0,0
1.312,1,80.0,18.6273,0.04575183242559433,3.260716438293457,0.638171911239624,23.636198043823242,37.0,0
1.317,1,80.0,18.7042,0.04539274051785469,4.000959396362305,0.7830487489700317,23.61825180053711,37.0,0
1.322,1,80.0,18.8031,0.05128227174282074,2.1888439655303955,0.42839011549949646,23.636198043823242,37.0,0
1.327,1,80.0,18.902,0.05294474586844444,2.8182945251464844,0.5515831708908081,23.636198043823242,37.0,0
1.332,1,80.0,18.9954,0.05228031426668167,2.862705945968628,0.5602751970291138,23.61825180053711,37.0,0
1.337,1,80.0,19.0833,0.049595754593610764,2.9681220054626465,0.5809067487716675,23.61825180053711,37.0,0
1.342,1,80.0,19.1602,0.04477294906973839,3.426440477371216,0.6706066131591797,23.636198043823242,37.0,0
1.347,1,80.0,19.2316,0.04070695489645004,4.389174461364746,0.8590283393859863,23.636198043823242,37.0,0
1.352,1,80.0,19.314,0.04491877928376198,3.7087745666503906,0.7258636951446533,23.61825180053711,37.0,0
1.357,1,80.0,19.4073,0.05172065272927284,3.3225412368774414,0.650272011756897,23.636198043823242,37.0,0
1.362,1,80.0,19.5062,0.05216158926486969,3.4923148155212402,0.6834992170333862,23.61825180053711,37.0,0
1.367,1,80.0,19.5941,0.04955259710550308,4.095136642456055,0.8014807105064392,23.61825180053711,37.0,0
1.371,1,80.0,19.6655,0.04585772752761841,4.491744041442871,0.8791028261184692,23.61825180053711,37.0,0
1.377,1,80.0,19.7479,0.042304325848817825,4.761242866516113,0.9318478107452393,23.636198043823242,37.0,0
1.382,1,80.0,19.8303,0.04659346118569374,4.334033966064453,0.8482365608215332,23.61825180053711,37.0,0
1.387,1,80.0,19.9347,0.05424201488494873,3.081831216812134,0.6031613349914551,23.636198043823242,37.0,0
1.392,1,80.0,20.0391,0.05616389214992523,1.764862298965454,0.38623496890068054,23.61825180053711,37.0,0
1.397,1,80.0,20.127,0.050302956253290176,3.574977397918701,0.699677586555481,23.636198043823242,37.0,0
1.402,1,80.0,20.2039,0.045473549515008926,4.73245096206665,0.9262127876281738,23.636198043823242,37.0,0
1.407,1,80.0,20.2863,0.047159645706415176,4.256466388702393,0.8330553770065308,23.61825180053711,37.0,0
1.412,1,80.0,20.3796,0.050209298729896545,3.323686122894287,0.6504960656166077,23.636198043823242,37.0,0
1.417,1,80.0,20.4785,0.05368708819150925,5.469393253326416,1.0704436302185059,23.636198043823242,37.0,0
1.422,1,80.0,20.5719,0.053041089326143265,2.888322591781616,0.565288782119751,23.61825180053711,37.0,0
1.427,1,80.0,20.6543,0.04644475877285004,4.416546821594238,0.8643855452537537,23.61825180053711,37.0,0
1.432,1,80.0,20.7312,0.044320248067379,4.680568695068359,0.9160586595535278,23.636198043823242,37.0,0
1.437,1,80.0,20.8191,0.04880226403474808,3.772463321685791,0.7383285760879517,23.636198043823242,37.0,0
1.442,1,80.0,20.9235,0.05430327355861664,3.291210651397705,0.6441400647163391,23.636198043823242,37.0,0
1.447,1,80.0,21.0223,0.05549433082342148,2.054203510284424,0.40203893184661865,23.61825180053711,37.0,0
1.452,1,80.0,21.1157,0.0532059483230114,2.9041128158569336,0.5683791637420654,23.61825180053711,37.0,0
1.457,1,80.0,21.2036,0.04942644014954567,3.372265100479126,0.660003662109375,23.636198043823242,37.0,0
1.462,1,80.0,21.297,0.050423383712768555,2.8635611534118652,0.5604425668716431,23.61825180053711,37.0,0
1.467,1,80.0,21.3959,0.05420296639204025,2.634617328643799,0.5156347751617432,23.636198043823242,37.0,0
1.472,1,80.0,21.4948,0.05401606485247612,3.0263495445251465,0.5923027396202087,23.61825180053711,37.0,0
1.477,1,80.0,21.5771,0.04805190488696098,3.840688705444336,0.7516813278198242,23.636198043823242,37.0,0
1.482,1,80.0,21.6541,0.045029181987047195,4.268708229064941,0.8354512453079224,23.636198043823242,37.0,0
1.487,1,80.0,21.7365,0.045139379799366,4.820488929748535,0.943443238735199,23.636198043823242,37.0,0
1.492,1,80.0,21.8188,0.045390911400318146,4.74965238571167,0.9295793771743774,23.61825180053711,37.0,0
1.497,1,80.0,21.9012,0.04615015909075737,4.5174078941345215,0.8841255903244019,23.61825180053711,37.0,0
1.502,1,80.0,21.9891,0.04738539084792137,4.923924446105957,0.9636870622634888,23.61825180053711,37.0,0
1.507,1,80.0,22.066,0.04303760826587677,6.5535688400268555,1.2826333045959473,23.636198043823242,37.0,0
1.512,1,80.0,22.121,0.03502098098397255,5.868994235992432,1.1486515998840332,23.61825180053711,37.0,0
1.517,1,80.0,22.1869,0.03674258291721344,7.172823905944824,1.4038310050964355,23.61825180053711,37.0,0
1.522,1,80.0,22.2748,0.04461950808763504,6.403977394104004,1.2533559799194336,23.61825180053711,37.0,0
1.527,1,80.0,22.3682,0.04992418736219406,5.030914306640625,0.9846266508102417,23.600303649902344,37.0,0
1.532,1,80.0,22.467,0.05353713780641556,3.5642881393432617,0.6975855231285095,23.600303649902344,37.0,0
1.537,1,80.0,22.5549,0.05059878155589104,4.4877777099609375,0.8783265352249146,23.654146194458008,37.0,0
1.542,1,80.0,22.6208,0.037708528339862823,6.866782188415527,1.3439339399337769,23.61825180053711,37.0,0
1.547,1,80.0,22.6703,0.03250177577137947,8.815351486206055,1.7252987623214722,23.61825180053711,37.0,0
1.552,1,80.0,22.7527,0.04292365536093712,7.424806594848633,1.4531478881835938,23.61825180053711,37.0,0
1.557,1,80.0,22.8516,0.05208831652998924,6.0561957359313965,1.1852898597717285,23.61825180053711,37.0,0
1.562,1,80.0,22.9614,0.05840257555246353,5.316867828369141,1.040592074394226,23.636198043823242,37.0,0
1.567,1,80.0,23.0658,0.05822267383337021,5.931390762329102,1.1608636379241943,23.61825180053711,37.0,0
1.572,1,80.0,23.1482,0.046908795833587646,7.615509510040283,1.490471363067627,23.636198043823242,37.0,0
1.577,1,80.0,23.2141,0.039986807852983475,7.648073196411133,1.4968445301055908,23.61825180053711,37.0,0
1.582,1,80.0,23.2965,0.04628121852874756,7.661096096038818,1.499393343925476,23.61825180053711,37.0,0
1.587,1,80.0,23.3954,0.05210379883646965,5.742762565612793,1.123946189880371,23.61825180053711,37.0,0
1.592,1,80.0,23.4998,0.05833172798156738,5.697244644165039,1.1150376796722412,23.636198043823242,37.0,0
1.597,1,80.0,23.6096,0.0584559291601181,4.487740516662598,0.878319263458252,23.636198043823242,37.0,0
1.602,1,80.0,23.692,0.04973752796649933,5.385830402374268,1.0540891885757446,23.636198043823242,37.0,0
1.607,1,80.0,23.7799,0.04847492650151253,6.43095588684082,1.2586361169815063,23.61825180053711,37.0,0
1.612,1,80.0,23.8788,0.05344371497631073,5.596552848815918,1.0953307151794434,23.636198043823242,37.0,0
1.617,1,80.0,23.9777,0.05660110339522362,4.640624523162842,0.9082409143447876,23.636198043823242,37.0,0
1.621,1,80.0,24.082,0.06044226512312889,4.583351135253906,0.8970317244529724,23.636198043823242,37.0,0
1.627,1,80.0,24.1974,0.058687787503004074,3.564375638961792,0.6976026296615601,23.636198043823242,37.0,0
1.632,1,80.0,24.2908,0.05232921615242958,4.048290252685547,0.7923121452331543,23.636198043823242,37.0,0
1.637,1,80.0,24.3787,0.05131024122238159,3.8381667137145996,0.7511876821517944,23.654146194458008,37.0,0
1.642,1,80.0,24.483,0.05729620158672333,3.1201305389404297,0.6106570959091187,23.636198043823242,37.0,0
1.647,1,80.0,24.5984,0.062369927763938904,2.0857999324798584,0.40822285413742065,23.61825180053711,37.0,0
1.652,1,80.0,24.7083,0.060634858906269073,2.0605287551879883,0.4032769203186035,23.636198043823242,37.0,0
1.657,1,80.0,24.7961,0.052968211472034454,2.4931418895721436,0.4879458546638489,23.636198043823242,37.0,0
1.662,1,80.0,24.8895,0.051183294504880905,2.772127151489258,0.5425475239753723,23.636198043823242,37.0,0
1.667,1,80.0,24.9994,0.05800555273890495,1.7629966735839844,0.3450453281402588,23.636198043823242,37.0,0
1.671,1,80.0,25.0983,0.05932721495628357,1.5906081199645996,0.3113062381744385,23.636198043823242,37.0,0
1.677,1,80.0,25.1971,0.05166206881403923,2.4465978145599365,0.4788364768028259,23.61825180053711,37.0,0
1.682,1,80.0,25.285,0.04934900626540184,2.880849599838257,0.5638262033462524,23.61825180053711,37.0,0
1.687,1,80.0,25.3674,0.04867655038833618,3.315906286239624,0.6489734053611755,23.636198043823242,37.0,0
1.692,1,80.0,25.4608,0.04949050769209862,2.8514585494995117,0.558073878288269,23.636198043823242,37.0,0
1.697,1,80.0,25.5542,0.05325944349169731,2.4797537326812744,0.4853256344795227,23.636198043823242,37.0,0
1.702,1,80.0,25.6531,0.05504342541098595,2.1735219955444336,0.42539137601852417,23.636198043823242,37.0,0
1.707,1,80.0,25.7465,0.050504349172115326,2.344733953475952,0.45890021324157715,23.636198043823242,37.0,0
1.711,1,80.0,25.8234,0.046830590814352036,3.341935157775879,0.6540676951408386,23.636198043823242,37.0,0
1.717,1,80.0,25.9058,0.04565906524658203,3.159834146499634,0.6184276938438416,23.636198043823242,37.0,0
1.722,1,80.0,25.9937,0.047933418303728104,2.8712098598480225,0.561939537525177,23.636198043823242,37.0,0
1.727,1,80.0,26.087,0.05151839554309845,2.4681735038757324,0.4830591678619385,23.636198043823242,37.0,0
1.732,1,80.0,26.1914,0.05435558035969734,1.704200029373169,0.33353790640830994,23.636198043823242,37.0,0
1.737,1,80.0,26.2793,0.050472233444452286,2.514303207397461,0.4920874834060669,23.636198043823242,37.0,0
1.742,1,80.0,26.3507,0.043259523808956146,3.7946383953094482,0.7426685690879822,23.636198043823242,37.0,0
1.746,1,80.0,26.4166,0.039784353226423264,4.939133644104004,0.9666637778282166,23.61825180053711,37.0,0
1.752,1,80.0,26.5045,0.04398270323872566,4.206799507141113,0.8233348727226257,23.61825180053711,37.0,0
1.757,1,80.0,26.5924,0.048758070915937424,4.248815059661865,0.8315578699111938,23.61825180053711,37.0,0
1.762,1,80.0,26.6858,0.05031268298625946,3.001742362976074,0.587486743927002,23.61825180053711,37.0,0
1.766,1,80.0,26.7682,0.04905115067958832,4.141727924346924,0.8105992674827576,23.636198043823242,37.0,0
1.772,1,80.0,26.8561,0.04704255610704422,4.4595112800598145,0.8727943897247314,23.61825180053711,37.0,0
1.777,1,80.0,26.9275,0.04280050843954086,5.0824666023254395,0.9947161674499512,23.636198043823242,37.0,0
1.782,1,80.0,27.0044,0.043776024132966995,6.171722888946533,1.3995020389556885,23.61825180053711,37.0,0
1.787,1,80.0,27.1033,0.05150328204035759,4.416593551635742,0.8643946647644043,23.61825180053711,37.0,0
1.792,1,80.0,27.2076,0.05568891018629074,3.114804267883301,0.5681229829788208,23.636198043823242,37.0,0
1.797,1,80.0,27.301,0.05252571031451225,3.7941179275512695,0.742566704750061,23.636198043823242,37.0,0
1.802,1,80.0,27.3834,0.04740495607256889,4.132045745849609,0.8087043762207031,23.61825180053711,37.0,0
1.807,1,80.0,27.4658,0.046274323016405106,4.778330326080322,0.9351921081542969,23.636198043823242,37.0,0
1.812,1,80.0,27.5537,0.04931717738509178,4.060458183288574,0.7946935892105103,23.61825180053711,37.0,0
1.817,1,80.0,27.6526,0.053353313356637955,3.320037841796875,0.6497820615768433,23.61825180053711,37.0,0
1.821,1,80.0,27.7405,0.05361579731106758,3.3360390663146973,0.6529137492179871,23.61825180053711,37.0,0
1.827,1,80.0,27.8394,0.049000099301338196,4.616480827331543,0.9035157561302185,23.636198043823242,37.0,0
1.832,1,80.0,27.9163,0.047241028398275375,4.276998519897461,0.8370737433433533,23.61825180053711,37.0,0
1.837,1,80.0,28.0042,0.046976689249277115,5.037016868591309,0.985821008682251,23.61825180053711,37.0,0
1.842,1,80.0,28.0975,0.051771536469459534,5.021576404571533,0.9827989935874939,23.61825180053711,37.0,0
1.847,1,80.0,28.1964,0.054296888411045074,3.747429370880127,0.7334290742874146,23.636198043823242,37.0,0
1.852,1,80.0,28.2843,0.050259530544281006,4.3865861892700195,0.8585218191146851,23.636198043823242,37.0,0
1.857,1,80.0,28.3667,0.04737840220332146,3.983252763748169,0.7795833349227905,23.61825180053711,37.0,0
1.862,1,80.0,28.4546,0.04717246815562248,4.104751110076904,0.8033623695373535,23.654146194458008,37.0,0
1.867,1,80.0,28.5425,0.050787925720214844,4.534130573272705,0.8873984813690186,23.636198043823242,37.0,0
1.872,1,80.0,28.6523,0.058214135468006134,2.824317455291748,0.552761971950531,23.636198043823242,37.0,0
1.877,1,80.0,28.7567,0.05661911517381668,2.8446877002716064,0.5567487478256226,23.61825180053711,37.0,0
1.882,1,80.0,28.8336,0.04602270945906639,4.878349781036377,0.9547674655914307,23.61825180053711,37.0,0
1.887,1,80.0,28.905,0.04206981882452965,5.577376842498779,1.0915776491165161,23.61825180053711,37.0,0
1.892,1,80.0,28.9874,0.044494517147541046,3.973787546157837,0.7777308225631714,23.61825180053711,37.0,0
1.896,1,80.0,29.0698,0.04944801703095436,4.102484703063965,0.8029187917709351,23.636198043823242,37.0,0
1.902,1,80.0,29.1797,0.0552574098110199,2.828678607940674,0.5536155104637146,23.636198043823242,37.0,0
1.907,1,80.0,29.2731,0.0514516718685627,5.66057014465332,1.1078598499298096,23.61825180053711,37.0,0
1.912,1,80.0,29.3335,0.03800191357731819,7.567836284637451,1.4811409711837769,23.636198043823242,37.0,0
1.917,1,80.0,29.3994,0.03626757860183716,6.5821213722229,1.2882215976715088,23.61825180053711,37.0,0
1.921,1,80.0,29.4708,0.04163944721221924,6.891239643096924,1.3487205505371094,23.61825180053711,37.0,0
1.926,1,80.0,29.5532,0.04408841207623482,6.725792407989502,1.3163402080535889,23.61825180053711,37.0,0
1.932,1,80.0,29.6466,0.04948468506336212,6.660036087036133,1.3034706115722656,23.61825180053711,37.0,0
1.937,1,80.0,29.7455,0.05125923827290535,5.068809986114502,0.9920433759689331,23.636198043823242,37.0,0
1.942,1,80.0,29.8114,0.04144655913114548,6.398961544036865,1.2523744106292725,23.61825180053711,37.0,0
1.947,1,80.0,29.8608,0.030178211629390717,9.680767059326172,1.8946735858917236,23.61825180053711,37.0,0
1.952,1,80.0,29.9323,0.03715626522898674,9.070305824279785,1.7751970291137695,23.636198043823242,37.0,0
1.957,1,80.0,30.0146,0.045073531568050385,8.196187019348145,1.604118824005127,23.61825180053711,37.0,0
1.962,1,80.0,30.1135,0.05294395983219147,6.822222709655762,1.3352129459381104,23.636198043823242,37.0,0
1.967,1,80.0,30.2234,0.05828738957643509,5.782675266265869,1.1317577362060547,23.636198043823242,37.0,0
1.972,1,80.0,30.3113,0.05073140934109688,7.577545166015625,1.4830411672592163,23.61825180053711,37.0,0
1.977,1,80.0,30.3772,0.039431095123291016,7.904551029205322,1.5470411777496338,23.61825180053711,37.0,0
1.982,1,80.0,30.4541,0.043438155204057693,7.985103130340576,1.562806487083435,23.61825180053711,37.0,0
1.987,1,80.0,30.5475,0.05012359470129013,7.247993469238281,1.418542742729187,23.636198043823242,37.0,0
1.992,1,80.0,30.6519,0.05582214891910553,6.211350917816162,1.215656042098999,23.636198043823242,37.0,0
1.996,1,80.0,30.7617,0.061054110527038574,3.9664652347564697,0.7762977480888367,23.636198043823242,37.0,0
2.002,1,80.0,30.8606,0.05323433876037598,6.834024906158447,1.3375228643417358,23.61825180053711,37.0,0
2.007,1,80.0,30.9375,0.04586247727274895,7.190467357635498,1.4072840213775635,23.600303649902344,37.0,0
2.012,1,80.0,31.0309,0.051940687000751495,6.658817291259766,1.303231954574585,23.636198043823242,37.0,0
2.017,1,80.0,31.1407,0.05765724554657936,5.225941181182861,1.022796392440796,23.61825180053711,37.0,0
2.022,1,80.0,31.2561,0.06350932270288467,3.1542253494262695,0.6173299551010132,23.636198043823242,37.0,0
2.027,1,80.0,31.3715,0.06202320754528046,5.745194911956787,1.1244221925735474,23.636198043823242,37.0,0
2.032,1,80.0,31.4594,0.053624480962753296,4.759913444519043,0.9315876364707947,23.636198043823242,37.0,0
2.037,1,80.0,31.5527,0.05160892382264137,5.013734340667725,0.9812642931938171,23.636198043823242,37.0,0
2.042,1,80.0,31.6516,0.05569004267454147,3.576796054840088,0.7000335454940796,23.61825180053711,37.0,0
2.046,1,80.0,31.7615,0.061919987201690674,2.430870294570923,0.4757584035396576,23.636198043823242,37.0,0
2.052,1,80.0,31.8823,0.06286551058292389,2.568895101547241,0.5027719140052795,23.636198043823242,37.0,0
2.057,1,80.0,31.9812,0.055280521512031555,2.8508734703063965,0.5579594373703003,23.636198043823242,37.0,0
2.062,1,80.0,32.0636,0.04989731311798096,3.0927133560180664,0.6052911281585693,23.61825180053711,37.0,0
2.067,1,80.0,32.168,0.055033471435308456,2.904322624206543,0.5684202313423157,23.636198043823242,37.0,0
2.072,1,80.0,32.2778,0.06091088056564331,1.5218688249588013,0.29785293340682983,23.636198043823242,37.0,0
2.077,1,80.0,32.3822,0.05779523774981499,1.9804514646530151,0.3876045346260071,23.61825180053711,37.0,0
2.082,1,80.0,32.4701,0.05080977827310562,1.9748419523239136,0.38650667667388916,23.654146194458008,37.0,0
2.087,1,80.0,32.5525,0.04755914956331253,3.3820278644561768,0.6619144082069397,23.636198043823242,37.0,0
2.092,1,80.0,32.6404,0.04781925678253174,3.4276325702667236,0.6708399057388306,23.636198043823242,37.0,0
2.097,1,80.0,32.7338,0.05119125545024872,1.8891416788101196,0.3697338104248047,23.61825180053711,37.0,0
2.102,1,80.0,32.8381,0.057127125561237335,1.4516984224319458,0.28411951661109924,23.61825180053711,37.0,0
2.107,1,80.0,32.937,0.0553552620112896,2.3365817070007324,0.4573046565055847,23.61825180053711,37.0,0
2.112,1,80.0,33.0194,0.04744246229529381,3.0397043228149414,0.5949164628982544,23.636198043823242,37.0,0
2.117,1,80.0,33.0963,0.045123036950826645,3.492892265319824,0.6836122274398804,23.636198043823242,37.0,0
2.122,1,80.0,33.1842,0.047871220856904984,2.903555393218994,0.5682700276374817,23.61825180053711,37.0,0
2.127,1,80.0,33.2776,0.05056566745042801,2.1576199531555176,0.42227911949157715,23.61825180053711,37.0,0
2.132,1,80.0,33.3765,0.052530769258737564,2.743873119354248,0.537017822265625,23.636198043823242,37.0,0
2.137,1,80.0,33.4698,0.05235961824655533,2.570225477218628,0.5030323266983032,23.61825180053711,37.0,0
2.142,1,80.0,33.5468,0.04647370055317879,3.291175603866577,0.6441332101821899,23.61825180053711,37.0,0
2.147,1,80.0,33.6182,0.04080042615532875,4.039244651794434,0.7905417680740356,23.636198043823242,37.0,0
2.152,1,80.0,33.6951,0.04214463010430336,4.647459506988525,0.9095786809921265,23.61825180053711,37.0,0
2.157,1,80.0,33.783,0.0487043522298336,3.8709752559661865,0.7576088309288025,23.61825180053711,37.0,0
2.162,1,80.0,33.8763,0.049771685153245926,5.0785136222839355,0.9939424991607666,23.61825180053711,37.0,0
2.167,1,80.0,33.9587,0.04740666598081589,3.693861246109009,0.7229449152946472,23.636198043823242,37.0,0
2.172,1,80.0,34.0411,0.04470042511820793,5.229106903076172,1.0234159231185913,23.636198043823242,37.0,0
2.177,1,80.0,34.1125,0.042050376534461975,5.211672782897949,1.0200037956237793,23.61825180053711,37.0,0
2.182,1,80.0,34.1949,0.04372488707304001,5.748575210571289,1.1250838041305542,23.61825180053711,37.0,0
2.187,1,80.0,34.2828,0.04943357780575752,3.6609201431274414,0.7043394446372986,23.636198043823242,37.0,0
2.192,1,80.0,34.3817,0.05375155434012413,2.4982388019561768,0.5738904476165771,23.636198043823242,37.0,0
2.196,1,80.0,34.4751,0.054029788821935654,4.07224702835083,0.7970008254051208,23.636198043823242,37.0,0
2.202,1,80.0,34.5685,0.04922902584075928,4.202083587646484,0.8224117755889893,23.636198043823242,37.0,0
2.207,1,80.0,34.6509,0.04644167795777321,4.583804607391357,0.897120475769043,23.61825180053711,37.0,0
2.212,1,80.0,34.7388,0.048617009073495865,4.398364543914795,0.8608269691467285,23.636198043823242,37.0,0
2.217,1,80.0,34.8376,0.05442507937550545,3.336085319519043,0.6529227495193481,23.636198043823242,37.0,0
2.222,1,80.0,34.942,0.05635713040828705,3.08621883392334,0.6040200591087341,23.61825180053711,37.0,0
2.227,1,80.0,35.0299,0.049945540726184845,4.061185836791992,0.7948359847068787,23.61825180053711,37.0,0
2.232,1,80.0,35.1013,0.043956294655799866,4.748406410217285,0.9293355941772461,23.636198043823242,37.0,0
2.237,1,80.0,35.1892,0.046604204922914505,4.741771221160889,0.9280368685722351,23.61825180053711,37.0,0
2.242,1,80.0,35.2881,0.05336758494377136,3.4874002933502197,0.6825374364852905,23.61825180053711,37.0,0
2.247,1,80.0,35.387,0.05344655364751816,3.0470597743988037,0.6899906396865845,23.654146194458008,37.0,0
2.252,1,80.0,35.4694,0.04919390007853508,3.956054925918579,0.7742602825164795,23.636198043823242,37.0,0
2.257,1,80.0,35.5518,0.046804871410131454,3.9504847526550293,0.7731701135635376,23.636198043823242,37.0,0
2.262,1,80.0,35.6342,0.046209916472435,4.822187423706055,0.892384946346283,23.636198043823242,37.0,0
2.267,1,80.0,35.722,0.048202332109212875,4.413142204284668,0.8637192249298096,23.61825180053711,37.0,0
2.271,1,80.0,35.8154,0.05351857841014862,3.3220627307891846,0.6501783132553101,23.636198043823242,37.0,0
2.277,1,80.0,35.9308,0.05669868364930153,2.239828109741211,0.4383685290813446,23.61825180053711,37.0,0
2.282,1,80.0,36.0242,0.05384521186351776,3.0499274730682373,0.5969172716140747,23.61825180053711,37.0,0
2.287,1,80.0,36.1011,0.04591448977589607,4.935850620269775,0.9660211801528931,23.636198043823242,37.0,0
2.292,1,80.0,36.178,0.04342593625187874,5.235866069793701,1.0247387886047363,23.61825180053711,37.0,0
2.297,1,80.0,36.2659,0.0470748171210289,4.416508197784424,0.8643779754638672,23.61825180053711,37.0,0
2.302,1,80.0,36.3593,0.05258824676275253,4.2583818435668945,0.8334302306175232,23.61825180053711,37.0,0
2.307,1,80.0,36.4526,0.05007195845246315,4.905635833740234,0.9601077437400818,23.61825180053711,37.0,0
2.312,1,80.0,36.524,0.04294127970933914,5.284336566925049,1.0342252254486084,23.636198043823242,37.0,0
2.317,1,80.0,36.5955,0.04100066050887108,6.695438861846924,1.3103995323181152,23.61825180053711,37.0,0
2.322,1,80.0,36.6779,0.04451010003685951,5.753039836883545,1.1259576082229614,23.61825180053711,37.0,0
2.327,1,80.0,36.7603,0.04641816020011902,5.453790664672852,1.067389965057373,23.61825180053711,37.0,0
2.332,1,80.0,36.8536,0.049322061240673065,4.462004661560059,0.8732823133468628,23.61825180053711,37.0,0
2.337,1,80.0,36.936,0.045248206704854965,6.667251110076904,1.3048826456069946,23.61825180053711,37.0,0
2.342,1,80.0,36.991,0.0343177504837513,9.537035942077637,1.8665432929992676,23.61825180053711,37.0,0
2.347,1,80.0,37.0569,0.036983903497457504,8.454089164733887,1.6545941829681396,23.600303649902344,37.0,0
2.352,1,80.0,37.1393,0.04415228217840195,7.939084529876709,1.5537998676300049,23.61825180053711,37.0,0
2.357,1,80.0,37.2272,0.04720444977283478,6.545886993408203,1.2811299562454224,23.61825180053711,37.0,0
2.362,1,80.0,37.3206,0.0518372468650341,6.1106367111206055,1.1959447860717773,23.636198043823242,37.0,0
2.367,1,80.0,37.4194,0.05325175076723099,5.904965877532959,1.1556918621063232,23.636198043823242,37.0,0
2.372,1,80.0,37.4908,0.0432298369705677,7.628714084625244,1.4930557012557983,23.61825180053711,37.0,0
2.377,1,80.0,37.5513,0.03760181739926338,9.273150444030762,1.8148969411849976,23.61825180053711,37.0,0
2.382,1,80.0,37.6392,0.04633992537856102,8.085184097290039,1.5823938846588135,23.61825180053711,37.0,0
2.387,1,80.0,37.7435,0.053778622299432755,6.4861321449279785,1.269434928894043,23.636198043823242,37.0,0
2.392,1,80.0,37.8534,0.058283913880586624,6.237814426422119,1.2208353281021118,23.61825180053711,37.0,0
2.397,1,80.0,37.9578,0.05920138582587242,5.471887588500977,1.0709317922592163,23.636198043823242,37.0,0
2.402,1,80.0,38.0402,0.04918491840362549,8.076957702636719,1.580783724784851,23.636198043823242,37.0,0
2.407,1,80.0,38.1116,0.041487958282232285,7.742513179779053,1.51532781124115,23.61825180053711,37.0,0
2.412,1,80.0,38.205,0.050502099096775055,5.695829391479492,1.1147606372833252,23.61825180053711,37.0,0
2.417,1,80.0,38.3093,0.0592840276658535,5.570375919342041,1.0902074575424194,23.61825180053711,37.0,0
2.422,1,80.0,38.4302,0.06418535858392715,4.555202484130859,0.8915225267410278,23.636198043823242,37.0,0
2.427,1,80.0,38.551,0.06484169512987137,4.13770055770874,0.8098110556602478,23.636198043823242,37.0,0
2.432,1,80.0,38.6499,0.05620257556438446,4.010883331298828,0.7849910259246826,23.636198043823242,37.0,0
2.437,1,80.0,38.7378,0.05246730521321297,4.4807963371276855,0.8769601583480835,23.61825180053711,37.0,0
2.442,1,80.0,38.8422,0.05631745606660843,3.876950263977051,0.7587782740592957,23.61825180053711,37.0,0
2.447,1,80.0,38.9575,0.061834316700696945,2.817746877670288,0.551476001739502,23.636198043823242,37.0,0
2.452,1,80.0,39.0674,0.06207426264882088,2.600363254547119,0.5089307427406311,23.636198043823242,37.0,0
2.457,1,80.0,39.1663,0.054870519787073135,3.947958469390869,0.772675633430481,23.636198043823242,37.0,0
2.462,1,80.0,39.2487,0.05053156241774559,3.797142505645752,0.7431586980819702,23.654146194458008,37.0,0
2.467,1,80.0,39.3475,0.053491540253162384,2.626311779022217,0.5140092372894287,23.636198043823242,37.0,0
2.472,1,80.0,39.4574,0.05898115411400795,1.159200668334961,0.2268732488155365,23.636198043823242,37.0,0
2.477,1,80.0,39.5618,0.05843249708414078,2.3433804512023926,0.45863527059555054,23.636198043823242,37.0,0
2.482,1,80.0,39.6606,0.05422147735953331,2.1687047481536865,0.4579114317893982,23.636198043823242,37.0,0
2.487,1,80.0,39.7485,0.051104314625263214,2.425461769104004,0.47469985485076904,23.636198043823242,37.0,0
2.492,1,80.0,39.8364,0.049389202147722244,2.9682304859161377,0.5809279680252075,23.636198043823242,37.0,0
2.497,1,80.0,39.9298,0.05154281482100487,2.8194334506988525,0.5518060922622681,23.61825180053711,37.0,0
2.502,1,80.0,40.0287,0.05429210513830185,1.9863651990890503,0.388761967420578,23.636198043823242,37.0,0
2.507,1,80.0,40.1221,0.05170118808746338,1.8797552585601807,0.36789676547050476,23.636198043823242,37.0,0
2.512,1,80.0,40.21,0.04860531538724899,2.609853982925415,0.5107882022857666,23.61825180053711,37.0,0
2.517,1,80.0,40.2924,0.04784570634365082,3.61832594871521,0.7081615328788757,23.61825180053711,37.0,0
2.522,1,80.0,40.3802,0.0486709401011467,2.9422457218170166,0.5758423805236816,23.61825180053711,37.0,0
2.527,1,80.0,40.4736,0.05159841477870941,2.4819915294647217,0.4857636094093323,23.636198043823242,37.0,0
2.531,1,80.0,40.567,0.05475599691271782,2.6179308891296387,0.5123689770698547,23.636198043823242,37.0,0
2.537,1,80.0,40.6659,0.04986231401562691,2.444477081298828,0.4784214198589325,23.61825180053711,37.0,0
2.542,1,80.0,40.7373,0.04312795028090477,4.143708229064941,0.8109868764877319,23.61825180053711,37.0,0
2.547,1,80.0,40.8087,0.040720243006944656,4.679779529571533,0.9159042239189148,23.61825180053711,37.0,0
2.552,1,80.0,40.8911,0.04536387696862221,4.152248382568359,0.8126583099365234,23.636198043823242,37.0,0
2.557,1,80.0,40.9845,0.05066440999507904,3.1217458248138428,0.6109732389450073,23.636198043823242,37.0,0
2.562,1,80.0,41.0779,0.05052568390965462,4.532613754272461,0.8871016502380371,23.61825180053711,37.0,0
2.567,1,80.0,41.1548,0.04444030299782753,4.291682720184326,0.8399477005004883,23.636198043823242,37.0,0
2.572,1,80.0,41.2207,0.039693936705589294,5.07603120803833,0.9934567213058472,23.636198043823242,37.0,0
2.577,1,80.0,41.2921,0.03928729146718979,5.979796409606934,1.1703373193740845,23.636198043823242,37.0,0
2.582,1,80.0,41.369,0.0422324500977993,5.468056678771973,1.0701820850372314,23.600303649902344,37.0,0
2.587,1,80.0,41.4679,0.0517604760825634,5.338099479675293,1.0447474718093872,23.61825180053711,37.0,0
2.592,1,80.0,41.5723,0.05724453181028366,3.0154240131378174,0.5901644229888916,23.61825180053711,37.0,0
2.597,1,80.0,41.6656,0.05194798484444618,4.518131732940674,0.8842672109603882,23.61825180053711,37.0,0
2.602,1,80.0,41.748,0.046267375349998474,4.840213298797607,0.9473035335540771,23.61825180053711,37.0,0
2.607,1,80.0,41.825,0.04600152373313904,5.126115322113037,1.0032589435577393,23.61825180053711,37.0,0
2.612,1,80.0,41.9238,0.05167810246348381,3.5770998001098633,0.7000929713249207,23.636198043823242,37.0,0
2.617,1,80.0,42.0282,0.055880624800920486,3.5529098510742188,0.6953586339950562,23.61825180053711,37.0,0
2.622,1,80.0,42.1326,0.057113807648420334,3.327303409576416,0.651203989982605,23.61825180053711,37.0,0
2.627,1,80.0,42.2205,0.050043195486068726,4.038114547729492,0.7903205752372742,23.636198043823242,37.0,0
2.632,1,80.0,42.2919,0.0435127392411232,5.503373622894287,1.0770940780639648,23.61825180053711,37.0,0
2.637,1,80.0,42.3688,0.04402276873588562,5.139500141143799,1.0058785676956177,23.61825180053711,37.0,0
2.642,1,80.0,42.4677,0.050963230431079865,4.021623611450195,0.7870930433273315,23.61825180053711,37.0,0
2.647,1,80.0,42.572,0.056654591113328934,3.58805775642395,0.702237606048584,23.636198043823242,37.0,0
2.652,1,80.0,42.6654,0.05354126915335655,3.2322444915771484,0.6325994729995728,23.61825180053711,37.0,0
2.657,1,80.0,42.7423,0.04589363932609558,4.783977508544922,0.9362973570823669,23.636198043823242,37.0,0
2.662,1,80.0,42.8192,0.043524120002985,5.227688312530518,1.0231382846832275,23.61825180053711,37.0,0
2.667,1,80.0,42.9016,0.04532695561647415,5.246514320373535,1.026822805404663,23.61825180053711,37.0,0
2.672,1,80.0,42.995,0.051585495471954346,3.577436923980713,0.700158953666687,23.61825180053711,37.0,0
2.677,1,80.0,43.0994,0.05433054640889168,3.0532476902008057,0.5975671410560608,23.61825180053711,37.0,0
2.682,1,80.0,43.1873,0.048561062663793564,4.1062211990356445,0.8036500215530396,23.636198043823242,37.0,0
2.687,1,80.0,43.2751,0.049103252589702606,3.563284158706665,0.6973890066146851,23.636198043823242,37.0,0
2.692,1,80.0,43.3685,0.053229011595249176,3.5935943126678467,0.7033211588859558,23.61825180053711,37.0,0
2.696,1,80.0,43.4564,0.05178789794445038,3.6808462142944336,0.7203977108001709,23.61825180053711,37.0,0
2.702,1,80.0,43.5498,0.048044603317976,5.295048236846924,1.0363216400146484,23.61825180053711,37.0,0
2.707,1,80.0,43.6267,0.043545134365558624,6.531515121459961,1.2783170938491821,23.61825180053711,37.0,0
2.712,1,80.0,43.6871,0.03694489598274231,7.834206581115723,1.5332735776901245,23.636198043823242,37.0,0
2.717,1,80.0,43.7476,0.03431094437837601,7.41896390914917,1.4520044326782227,23.61825180053711,37.0,0
2.722,1,80.0,43.83,0.04581553861498833,6.150282859802246,1.2037041187286377,23.600303649902344,37.0,0
2.727,1,80.0,43.9398,0.055565886199474335,4.87354040145874,0.9538261890411377,23.61825180053711,37.0,0
2.732,1,80.0,44.0442,0.055383577942848206,5.190720558166504,1.015903115272522,23.61825180053711,37.0,0
2.737,1,80.0,44.1266,0.048114240169525146,6.319534778594971,1.2368292808532715,23.636198043823242,37.0,0
2.742,1,80.0,44.1815,0.03454597294330597,8.67078685760498,1.6970051527023315,23.61825180053711,37.0,0
2.747,1,80.0,44.231,0.030497893691062927,9.914758682250977,1.94046950340271,23.636198043823242,37.0,0
2.752,1,80.0,44.3079,0.039767708629369736,9.084805488586426,1.7780349254608154,23.636198043823242,37.0,0
2.757,1,80.0,44.3958,0.04758299142122269,7.366628170013428,1.4417613744735718,23.61825180053711,37.0,0
2.762,1,80.0,44.5001,0.054694872349500656,5.9807047843933105,1.1705150604248047,23.61825180053711,37.0,0
2.767,1,80.0,44.6045,0.05583389103412628,6.03543758392334,1.1812270879745483,23.636198043823242,37.0,0
2.772,1,80.0,44.6704,0.04167037829756737,8.32448673248291,1.629228949546814,23.636198043823242,37.0,0
2.777,1,80.0,44.7198,0.0314440093934536,11.414918899536133,2.2340736389160156,23.61825180053711,37.0,0
2.782,1,80.0,44.8022,0.04225870966911316,8.439717292785645,1.651781439781189,23.600303649902344,37.0,0
2.787,1,80.0,44.9011,0.05151139199733734,7.097809791564941,1.38914954662323,23.636198043823242,37.0,0
2.792,1,80.0,45.0,0.0558810830116272,6.900038719177246,1.3504427671432495,23.61825180053711,37.0,0
2.797,1,80.0,45.1154,0.06201272830367088,6.114839553833008,1.1967673301696777,23.61825180053711,37.0,0
2.802,1,80.0,45.2142,0.05432001128792763,7.711283206939697,1.5092155933380127,23.636198043823242,37.0,0
2.807,1,80.0,45.2802,0.041123513132333755,9.477591514587402,1.8549091815948486,23.61825180053711,37.0,0
2.812,1,80.0,45.3625,0.04712452366948128,8.08266830444336,1.5819014310836792,23.636198043823242,37.0,0
2.817,1,80.0,45.4724,0.05699364095926285,6.068336009979248,1.1876659393310547,23.636198043823242,37.0,0
2.822,1,80.0,45.5878,0.06321244686841965,4.569951057434082,0.8944090604782104,23.636198043823242,37.0,0
2.827,1,80.0,45.7141,0.06740744411945343,4.810159206390381,0.9414215087890625,23.636198043823242,37.0,0
2.832,1,80.0,45.8185,0.059153418987989426,4.152618408203125,0.8127307295799255,23.636198043823242,37.0,0
2.837,1,80.0,45.9119,0.05397197604179382,5.328509330749512,1.0428705215454102,23.636198043823242,37.0,0
2.842,1,80.0,46.0107,0.05539969727396965,4.54256010055542,0.8890482783317566,23.636198043823242,37.0,0
2.847,1,80.0,46.1261,0.06201149895787239,3.081845998764038,0.6031642556190491,23.636198043823242,37.0,0
2.852,1,80.0,46.2415,0.06484035402536392,2.4555907249450684,0.48059651255607605,23.636198043823242,37.0,0
2.857,1,80.0,46.3458,0.059032730758190155,2.6727986335754395,0.5231074094772339,23.636198043823242,37.0,0
2.862,1,80.0,46.4337,0.05120568722486496,2.9448118209838867,0.5763445496559143,23.61825180053711,37.0,0
2.867,1,80.0,46.5271,0.05244816839694977,3.5016157627105713,0.6853195428848267,23.636198043823242,37.0,0
2.871,1,80.0,46.6315,0.05864384397864342,2.3752753734588623,0.46487757563591003,23.636198043823242,37.0,0
2.877,1,80.0,46.7468,0.05767400562763214,1.991837501525879,0.3898329734802246,23.636198043823242,37.0,0
2.882,1,80.0,46.8347,0.05251526087522507,2.8883094787597656,0.5652862191200256,23.636198043823242,37.0,0
2.887,1,80.0,46.9281,0.05239815637469292,3.0695760250091553,0.6007628440856934,23.636198043823242,37.0,0
2.892,1,80.0,47.027,0.05361584946513176,2.1857266426086426,0.42778003215789795,23.636198043823242,37.0,0
2.896,1,80.0,47.1204,0.05491943284869194,0.8016112446784973,0.15688754618167877,23.61825180053711,37.0,0
2.902,1,80.0,47.2247,0.0554264672100544,2.382394552230835,0.46627092361450195,23.636198043823242,37.0,0
2.907,1,80.0,47.3181,0.05195998027920723,2.3920702934265137,0.4681646525859833,23.61825180053711,37.0,0
2.912,1,80.0,47.4005,0.04674552008509636,3.0970709323883057,0.6061440110206604,23.61825180053711,37.0,0
2.917,1,80.0,47.4829,0.047630250453948975,3.0874149799346924,0.6042541861534119,23.61825180053711,37.0,0
2.921,1,80.0,47.5708,0.05009029433131218,2.382221221923828,0.46623700857162476,23.636198043823242,37.0,0
2.927,1,80.0,47.6697,0.05240628123283386,1.7134931087493896,0.3353567123413086,23.636198043823242,37.0,0
2.932,1,80.0,47.7686,0.052872929722070694,2.181894063949585,0.42702990770339966,23.61825180053711,37.0,0
2.937,1,80.0,47.8564,0.04942856356501579,2.7371163368225098,0.5356953740119934,23.61825180053711,37.0,0
2.942,1,80.0,47.9279,0.0431644469499588,4.223720550537109,0.8266464471817017,23.61825180053711,37.0,0
2.947,1,80.0,47.9993,0.03966148942708969,5.003851890563965,0.9793300628662109,23.636198043823242,37.0,0
2.952,1,80.0,48.0762,0.04412844404578209,4.037110805511475,0.7901241779327393,23.61825180053711,37.0,0
2.957,1,80.0,48.1696,0.050646185874938965,3.5468106269836426,0.6941648721694946,23.61825180053711,37.0,0
2.962,1,80.0,48.2739,0.052293963730335236,2.7404944896698,0.5363565683364868,23.636198043823242,37.0,0
2.967,1,80.0,48.3563,0.04757685959339142,4.203799724578857,0.8227477073669434,23.61825180053711,37.0,0
2.972,1,80.0,48.4222,0.040791381150484085,5.2685866355896,1.0311427116394043,23.636198043823242,37.0,0
2.977,1,80.0,48.4882,0.03780592978000641,5.9418625831604,1.1629130840301514,23.61825180053711,37.0,0
2.982,1,80.0,48.5651,0.04170439764857292,5.233114719390869,1.0242003202438354,23.61825180053711,37.0,0
2.987,1,80.0,48.6584,0.05015747994184494,4.286672592163086,0.8389672040939331,23.636198043823242,37.0,0
2.992,1,80.0,48.7628,0.05474932864308357,4.933996677398682,0.96565842628479,23.636198043823242,37.0,0
2.996,1,80.0,48.8452,0.05166393145918846,3.503730058670044,0.685733437538147,23.636198043823242,37.0,0
3.002,1,80.0,48.9331,0.045767683535814285,5.027789115905762,0.9840149283409119,23.636198043823242,37.0,0
3.007,1,80.0,49.01,0.044840406626462936,5.342348098754883,1.045578956604004,23.61825180053711,37.0,0
3.012,1,80.0,49.1034,0.05066788196563721,4.058511734008789,0.7943126559257507,23.61825180053711,37.0,0
3.017,1,80.0,49.2078,0.05634082853794098,3.163771390914917,0.6191982626914978,23.636198043823242,37.0,0
3.022,1,80.0,49.3176,0.059292662888765335,2.9517621994018555,0.5777048468589783,23.61825180053711,37.0,0
3.027,1,80.0,49.411,0.05214773118495941,3.3999640941619873,0.6654248237609863,23.61825180053711,37.0,0
3.032,1,80.0,49.4769,0.041338928043842316,5.396642684936523,1.0372495651245117,23.636198043823242,37.0,0
3.037,1,80.0,49.5483,0.040081825107336044,6.876198768615723,1.345776915550232,23.600303649902344,37.0,0
3.042,1,80.0,49.6362,0.04870900511741638,4.828301429748535,0.9449722170829773,23.61825180053711,37.0,0
3.047,1,80.0,49.7461,0.056832458823919296,3.5771000385284424,0.7000930309295654,23.636198043823242,37.0,0
3.052,1,80.0,49.845,0.05546951666474342,4.035239219665527,0.7897578477859497,23.636198043823242,37.0,0
3.056,1,80.0,49.9219,0.04845331609249115,5.360654354095459,1.0491617918014526,23.636198043823242,37.0,0
3.062,1,80.0,50.0043,0.044056203216314316,5.644861698150635,1.104785442352295,23.61825180053711,37.0,0
3.067,1,80.0,50.0812,0.042964428663253784,4.946891784667969,0.9681820869445801,23.600303649902344,37.0,0
3.072,1,80.0,50.1746,0.04948783665895462,5.905186176300049,1.1557350158691406,23.61825180053711,37.0,0
3.077,1,80.0,50.2734,0.054283950477838516,4.9884772300720215,0.9763211011886597,23.636198043823242,37.0,0
3.081,1,80.0,50.3558,0.04869573190808296,4.0612382888793945,0.79484623670578,23.636198043823242,37.0,0
3.087,1,80.0,50.4327,0.042099107056856155,5.739969730377197,1.1233996152877808,23.636198043823242,37.0,0
3.092,1,80.0,50.5151,0.047414567321538925,5.749006748199463,1.1251683235168457,23.61825180053711,37.0,0
3.096,1,80.0,50.614,0.05378751456737518,4.150736331939697,0.8123623728752136,23.636198043823242,37.0,0
3.102,1,80.0,50.7294,0.05817439407110214,3.1532745361328125,0.6171439290046692,23.636198043823242,37.0,0
3.107,1,80.0,50.8282,0.057808585464954376,2.871657609939575,0.5620271563529968,23.636198043823242,37.0,0
3.112,1,80.0,50.9106,0.04639996960759163,4.413739204406738,0.8638360500335693,23.636198043823242,37.0,0
3.117,1,80.0,50.9711,0.03775864094495773,7.210643768310547,1.411232829093933,23.61825180053711,37.0,0
3.122,1,80.0,51.048,0.04304391145706177,6.331023693084717,1.2390778064727783,23.61825180053711,37.0,0
3.127,1,80.0,51.1414,0.04943833872675896,5.341762542724609,1.0454643964767456,23.636198043823242,37.0,0
3.132,1,80.0,51.2457,0.05616540461778641,3.091904401779175,0.6051328182220459,23.636198043823242,37.0,0
3.137,1,80.0,51.3501,0.05594341456890106,4.983611106872559,0.9753686189651489,23.636198043823242,37.0,0
3.142,1,80.0,51.4215,0.042177051305770874,8.082967758178711,1.5819600820541382,23.636198043823242,37.0,0
3.147,1,80.0,51.4655,0.029780566692352295,8.232320785522461,1.611190676689148,23.600303649902344,37.0,0
3.152,1,80.0,51.5314,0.03502459451556206,9.123498916625977,1.7856078147888184,23.61825180053711,37.0,0
3.156,1,80.0,51.6083,0.04315751791000366,7.885329246520996,1.5432791709899902,23.61825180053711,37.0,0
3.162,1,80.0,51.7017,0.0489085428416729,7.05279541015625,1.3803396224975586,23.61825180053711,37.0,0
3.167,1,80.0,51.806,0.05316360294818878,6.653849124908447,1.3022596836090088,23.61825180053711,37.0,0
3.171,1,80.0,51.8774,0.046446751803159714,8.234955787658691,1.611706256866455,23.636198043823242,37.0,0
3.177,1,80.0,51.9379,0.033708810806274414,10.03919792175293,1.9648239612579346,23.61825180053711,37.0,0
3.182,1,80.0,52.0093,0.039520468562841415,9.159158706665039,1.7925870418548584,23.61825180053711,37.0,0
3.187,1,80.0,52.0972,0.04766914248466492,7.909242630004883,1.547959327697754,23.61825180053711,37.0,0
3.192,1,80.0,52.196,0.05214966833591461,7.775415420532227,1.5217673778533936,23.61825180053711,37.0,0
3.196,1,80.0,52.2949,0.058739978820085526,6.877022743225098,1.3459382057189941,23.61825180053711,37.0,0
3.202,1,80.0,52.4103,0.056097328662872314,6.478575706481934,1.267956018447876,23.654146194458008,37.0,0
3.207,1,80.0,52.4762,0.04291105642914772,9.290637016296387,1.818319320678711,23.61825180053711,37.0,0
3.212,1,80.0,52.5586,0.045118290930986404,8.840777397155762,1.7302749156951904,23.61825180053711,37.0,0
3.217,1,80.0,52.663,0.05545734614133835,5.7291579246521,1.2627437114715576,23.636198043823242,37.0,0
3.221,1,80.0,52.7728,0.06261494755744934,5.024792194366455,0.8849784731864929,23.636198043823242,37.0,0
3.227,1,80.0,52.9102,0.0676647424697876,3.3098127841949463,0.6477808356285095,23.636198043823242,37.0,0
3.231,1,80.0,53.0035,0.060643043369054794,4.082620143890381,0.7990310192108154,23.636198043823242,37.0,0
3.237,1,80.0,53.1024,0.052950434386730194,5.391880989074707,1.0552732944488525,23.636198043823242,37.0,0
3.242,1,80.0,53.1958,0.053842272609472275,4.121853828430176,0.8067096471786499,23.61825180053711,37.0,0
3.246,1,80.0,53.3002,0.06016993895173073,3.199859380722046,0.6262612342834473,23.636198043823242,37.0,0
3.252,1,80.0,53.4265,0.06352464109659195,2.0409579277038574,0.3994465470314026,23.636198043823242,37.0,0
3.257,1,80.0,53.5309,0.05941726639866829,2.465362787246704,0.4825090765953064,23.636198043823242,37.0,0
3.262,1,80.0,53.6243,0.05340132489800453,3.841998815536499,0.751937747001648,23.636198043823242,37.0,0
3.267,1,80.0,53.7231,0.05408283695578575,2.409576177597046,0.4715908169746399,23.61825180053711,37.0,0
3.272,1,80.0,53.833,0.05975284054875374,1.6505157947540283,0.32303109765052795,23.636198043823242,37.0,0
3.277,1,80.0,53.9374,0.05841865390539169,1.6589041948318481,0.3246728479862213,23.654146194458008,37.0,0
3.282,1,80.0,54.0253,0.05262962356209755,3.2355074882507324,0.6332381367683411,23.61825180053711,37.0,0
3.287,1,80.0,54.1132,0.049413032829761505,3.688999652862549,0.7219934463500977,23.636198043823242,37.0,0
3.292,1,80.0,54.2065,0.050414007157087326,2.857520341873169,0.5592603087425232,23.61825180053711,37.0,0
3.297,1,80.0,54.3054,0.0541825033724308,1.6457982063293457,0.32210779190063477,23.636198043823242,37.0,0
3.302,1,80.0,54.4098,0.05873148888349533,0.5517173409461975,0.10797949880361557,23.61825180053711,37.0,0
3.307,1,80.0,54.5087,0.05460505932569504,1.4243332147598267,0.27876371145248413,23.61825180053711,37.0,0
3.312,1,80.0,54.5856,0.04549917206168175,4.060567378997803,0.7947148680686951,23.61825180053711,37.0,0
3.317,1,80.0,54.6625,0.044172339141368866,4.152833938598633,0.8127729296684265,23.61825180053711,37.0,0
3.322,1,80.0,54.7504,0.04837019741535187,3.63038969039917,0.7105225920677185,23.61825180053711,37.0,0
3.327,1,80.0,54.8492,0.053145818412303925,2.850449562072754,0.557876467704773,23.61825180053711,37.0,0
3.332,1,80.0,54.9536,0.056493520736694336,1.3007729053497314,0.254581093788147,23.61825180053711,37.0,0
3.337,1,80.0,55.047,0.0516347773373127,2.962127208709717,0.5797334313392639,23.636198043823242,37.0,0
3.342,1,80.0,55.1239,0.04438610374927521,3.626567840576172,0.7097746133804321,23.61825180053711,37.0,0
3.347,1,80.0,55.1898,0.03982744738459587,4.759494781494141,0.9315056204795837,23.636198043823242,37.0,0
3.352,1,80.0,55.2722,0.04387496039271355,4.976197242736816,0.7430810332298279,23.61825180053711,37.0,0
3.357,1,80.0,55.3656,0.05037253350019455,3.717475414276123,0.7275665998458862,23.636198043823242,37.0,0
3.362,1,80.0,55.459,0.05159181356430054,5.015348434448242,0.9815801978111267,23.61825180053711,37.0,0
3.367,1,80.0,55.5469,0.047706011682748795,4.042637825012207,0.7912058234214783,23.61825180053711,37.0,0
3.372,1,80.0,55.6183,0.04159126803278923,5.460956573486328,1.068792462348938,23.636198043823242,37.0,0
3.377,1,80.0,55.6842,0.03895841911435127,6.445721626281738,1.2615259885787964,23.636198043823242,37.0,0
3.382,1,80.0,55.7556,0.03970487415790558,6.211432456970215,1.2156720161437988,23.600303649902344,37.0,0
3.387,1,80.0,55.849,0.04853583872318268,5.377758502960205,1.0525093078613281,23.61825180053711,37.0,0
3.391,1,80.0,55.9369,0.05286935344338417,3.5729269981384277,0.699276328086853,23.636198043823242,37.0,0
3.397,1,80.0,56.0303,0.04576464369893074,6.116231441497803,1.1970397233963013,23.61825180053711,37.0,0
3.402,1,80.0,56.0907,0.03815050050616264,6.79466438293457,1.3298194408416748,23.61825180053711,37.0,0
3.407,1,80.0,56.1731,0.043950341641902924,5.479529857635498,1.07242751121521,23.61825180053711,37.0,0
3.412,1,80.0,56.272,0.052139416337013245,4.249892234802246,0.8317686915397644,23.61825180053711,37.0,0
3.417,1,80.0,56.3763,0.057619985193014145,4.394512176513672,0.8600730299949646,23.61825180053711,37.0,0
3.422,1,80.0,56.4862,0.06069421023130417,2.194532871246338,0.42950356006622314,23.636198043823242,37.0,0
3.427,1,80.0,56.5906,0.058266542851924896,3.3251266479492188,0.6507779955863953,23.636198043823242,37.0,0
3.432,1,80.0,56.673,0.04759717732667923,4.52777624130249,0.88615483045578,23.61825180053711,37.0,0
3.437,1,80.0,56.7444,0.04219890013337135,5.394937515258789,1.0558714866638184,23.61825180053711,37.0,0
3.442,1,80.0,56.8323,0.047508418560028076,4.534117221832275,0.8873958587646484,23.61825180053711,37.0,0
3.447,1,80.0,56.9312,0.05342645198106766,3.117375373840332,0.6101179122924805,23.636198043823242,37.0,0
3.452,1,80.0,57.0245,0.05176936835050583,4.679234981536865,0.9157976508140564,23.636198043823242,37.0,0
3.457,1,80.0,57.0959,0.04470406845211983,5.29606294631958,1.03652024269104,23.636198043823242,37.0,0
3.462,1,80.0,57.1783,0.044793691486120224,5.89626407623291,1.1539888381958008,23.636198043823242,37.0,0
3.467,1,80.0,57.2607,0.04665498808026314,5.216479778289795,1.020944595336914,23.61825180053711,37.0,0
3.472,1,80.0,57.3541,0.05060531571507454,4.300356864929199,0.841645359992981,23.61825180053711,37.0,0
3.477,1,80.0,57.4585,0.055598244071006775,3.164824962615967,0.6194044351577759,23.636198043823242,37.0,0
3.482,1,80.0,57.5519,0.05126018449664116,5.075442790985107,0.9933415651321411,23.636198043823242,37.0,0
3.487,1,80.0,57.6178,0.04218704625964165,6.654671669006348,1.3024206161499023,23.61825180053711,37.0,0
3.492,1,80.0,57.6947,0.042929213494062424,6.4630584716796875,1.2649190425872803,23.61825180053711,37.0,0
3.497,1,80.0,57.7826,0.047048840671777725,4.650867462158203,0.9102456569671631,23.61825180053711,37.0,0
3.502,1,80.0,57.876,0.050910886377096176,4.126571178436279,0.8076328635215759,23.61825180053711,37.0,0
3.507,1,80.0,57.9968,0.062310561537742615,2.8649706840515137,0.5607184171676636,23.61825180053711,37.0,0
3.512,1,80.0,58.1122,0.06284583359956741,2.9655115604400635,0.5803958177566528,23.654146194458008,37.0,0
3.517,1,80.0,58.1836,0.04589815065264702,5.188760280609131,1.0155194997787476,23.636198043823242,37.0,0
3.522,1,80.0,58.244,0.036900926381349564,7.006325721740723,1.3712447881698608,23.61825180053711,37.0,0
3.527,1,80.0,58.3264,0.043603766709566116,5.943096160888672,1.1631544828414917,23.61825180053711,37.0,0
3.532,1,80.0,58.4253,0.05301486700773239,4.415273666381836,0.8641363978385925,23.636198043823242,37.0,0
3.536,1,80.0,58.5187,0.054949015378952026,3.84147047996521,0.7518343329429626,23.636198043823242,37.0,0
3.542,1,80.0,58.6121,0.04856438189744949,6.769900798797607,1.3249727487564087,23.636198043823242,37.0,0
3.547,1,80.0,58.6725,0.037441328167915344,7.179305076599121,1.4050993919372559,23.61825180053711,37.0,0
3.552,1,80.0,58.7439,0.03950279951095581,7.8016462326049805,1.5269010066986084,23.61825180053711,37.0,0
3.557,1,80.0,58.8263,0.04446118697524071,7.035668849945068,1.3769876956939697,23.636198043823242,37.0,0
3.561,1,80.0,58.9032,0.04564417153596878,7.466858863830566,1.4613780975341797,23.61825180053711,37.0,0
3.567,1,80.0,58.9966,0.04710524529218674,7.715333461761475,1.5100083351135254,23.61825180053711,37.0,0
3.571,1,80.0,59.068,0.04306698217988014,8.865344047546387,1.735082983970642,23.636198043823242,37.0,0
3.577,1,80.0,59.1284,0.03486064448952675,10.48249626159668,2.051584243774414,23.61825180053711,37.0,0
3.582,1,80.0,59.1998,0.0414351150393486,8.831220626831055,1.7284045219421387,23.600303649902344,37.0,0
3.587,1,80.0,59.2877,0.046943943947553635,8.243847846984863,1.6134467124938965,23.61825180053711,37.0,0
3.591,1,80.0,59.3756,0.049697402864694595,7.807257175445557,1.5279991626739502,23.61825180053711,37.0,0
3.596,1,80.0,59.48,0.05698880925774574,5.701372146606445,1.1158454418182373,23.61825180053711,37.0,0
3.602,1,80.0,59.5844,0.05421988666057587,8.541611671447754,1.6717236042022705,23.636198043823242,37.0,0
3.607,1,80.0,59.6503,0.04166744276881218,9.097647666931152,1.780548334121704,23.61825180053711,37.0,0
3.612,1,80.0,59.7272,0.043832749128341675,8.724431037902832,1.707504153251648,23.61825180053711,37.0,0
3.617,1,80.0,59.8315,0.053119778633117676,7.069849967956543,1.383677363395691,23.636198043823242,37.0,0
3.622,1,80.0,59.9469,0.06024516746401787,5.224386215209961,1.0224920511245728,23.61825180053711,37.0,0
3.627,1,80.0,60.0677,0.06669207662343979,4.954091548919678,0.9695912599563599,23.61825180053711,37.0,0
3.632,1,80.0,60.1831,0.06468166410923004,3.539177894592285,0.6926710605621338,23.654146194458008,37.0,0
3.637,1,80.0,60.282,0.05676315724849701,5.2491254806518555,1.0273338556289673,23.636198043823242,37.0,0
3.642,1,80.0,60.3754,0.05483708158135414,5.481563568115234,1.07282555103302,23.61825180053711,37.0,0
3.647,1,80.0,60.4907,0.061763789504766464,3.0307633876800537,0.5931665897369385,23.636198043823242,37.0,0
3.652,1,80.0,60.6116,0.06616677343845367,1.9229962825775146,0.3763597011566162,23.636198043823242,37.0,0
3.657,1,80.0,60.7159,0.05947270616889,3.23405385017395,0.5809723734855652,23.636198043823242,37.0,0
3.662,1,80.0,60.8038,0.0508425310254097,3.818361759185791,0.7473115921020508,23.636198043823242,37.0,0
3.667,1,80.0,60.8972,0.0519758015871048,3.131044626235962,0.6127931475639343,23.61825180053711,37.0,0
3.672,1,80.0,61.0126,0.06119467690587044,2.0151846408843994,0.3944023549556732,23.636198043823242,37.0,0
3.677,1,80.0,61.1224,0.06090746819972992,1.7129709720611572,0.3352545201778412,23.636198043823242,37.0,0
3.682,1,80.0,61.2103,0.05282130464911461,3.272857904434204,0.531379222869873,23.61825180053711,37.0,0
3.687,1,80.0,61.2982,0.04864700138568878,3.292056083679199,0.6443055868148804,23.636198043823242,37.0,0
3.692,1,80.0,61.3861,0.04954815283417702,3.7697222232818604,0.7377921342849731,23.61825180053711,37.0,0
3.697,1,80.0,61.4795,0.05194753035902977,2.8330466747283936,0.554470419883728,23.636198043823242,37.0,0
3.702,1,80.0,61.5839,0.0580257922410965,1.1124868392944336,0.21773064136505127,23.636198043823242,37.0,0
3.707,1,80.0,61.6937,0.05998717620968819,1.877535343170166,0.36746227741241455,23.654146194458008,37.0,0
3.712,1,80.0,61.7926,0.0535380095243454,2.410982847213745,0.47186610102653503,23.636198043823242,37.0,0
3.717,1,80.0,61.864,0.04359482601284981,3.162870168685913,0.6190218925476074,23.61825180053711,37.0,0
3.722,1,80.0,61.9464,0.046451617032289505,3.5015807151794434,0.6853126883506775,23.61825180053711,37.0,0
3.727,1,80.0,62.0398,0.05131927877664566,3.1169509887695312,0.44836151599884033,23.61825180053711,37.0,0
3.732,1,80.0,62.1387,0.05342739820480347,1.6494430303573608,0.32282114028930664,23.61825180053711,37.0,0
3.737,1,80.0,62.2375,0.05366748198866844,2.176229953765869,0.42592141032218933,23.61825180053711,37.0,0
3.742,1,80.0,62.3199,0.047454919666051865,2.9043054580688477,0.5792297124862671,23.636198043823242,37.0,0
3.747,1,80.0,62.3859,0.0401587188243866,4.277568817138672,0.8371853828430176,23.636198043823242,37.0,0
3.752,1,80.0,62.4573,0.0405820794403553,5.128634929656982,1.0037519931793213,23.61825180053711,37.0,0
3.757,1,80.0,62.5562,0.05037068575620651,3.3419113159179688,0.6540629863739014,23.636198043823242,37.0,0
3.762,1,80.0,62.655,0.053986143320798874,2.9676337242126465,0.5808111429214478,23.636198043823242,37.0,0
3.767,1,80.0,62.7374,0.047776512801647186,3.6921322345733643,0.7226065397262573,23.636198043823242,37.0,0
3.771,1,80.0,62.7979,0.040555134415626526,5.245010852813721,1.0265285968780518,23.636198043823242,37.0,0
3.777,1,80.0,62.8748,0.039184533059597015,5.673924446105957,1.1861099004745483,23.61825180053711,37.0,0
3.782,1,80.0,62.9462,0.041064679622650146,5.960959434509277,1.166650652885437,23.636198043823242,37.0,0
3.787,1,80.0,63.0396,0.04832656681537628,4.408360481262207,0.8627833724021912,23.61825180053711,37.0,0
3.792,1,80.0,63.1384,0.05241583287715912,2.8577723503112793,0.5593096017837524,23.636198043823242,37.0,0
3.797,1,80.0,63.2208,0.04683854058384895,4.993616580963135,0.9773268699645996,23.636198043823242,37.0,0
3.802,1,80.0,63.2758,0.03553597256541252,6.922061920166016,1.354753017425537,23.61825180053711,37.0,0
3.807,1,80.0,63.3417,0.03751811012625694,7.265242099761963,1.4219186305999756,23.600303649902344,37.0,0
3.812,1,80.0,63.4351,0.048351287841796875,5.768877983093262,1.1290574073791504,23.61825180053711,37.0,0
3.817,1,80.0,63.5449,0.05716010928153992,4.276797771453857,0.8370345830917358,23.61825180053711,37.0,0
3.822,1,80.0,63.6603,0.06176921725273132,3.410576581954956,0.6675018668174744,23.636198043823242,37.0,0
3.827,1,80.0,63.7701,0.05963234230875969,3.213744640350342,0.6289788484573364,23.636198043823242,37.0,0
3.832,1,80.0,63.858,0.05180567130446434,4.296551704406738,0.8409006595611572,23.636198043823242,37.0,0
3.837,1,80.0,63.9349,0.04564975947141647,4.577441692352295,0.8958751559257507,23.636198043823242,37.0,0
3.842,1,80.0,64.0228,0.04781799390912056,4.4967546463012695,0.880083441734314,23.636198043823242,37.0,0
3.847,1,80.0,64.1217,0.05412335693836212,5.081790447235107,0.9945838451385498,23.61825180053711,37.0,0
3.852,1,80.0,64.2151,0.050476301461458206,3.9803049564361572,0.7790063619613647,23.636198043823242,37.0,0
3.857,1,80.0,64.2755,0.038689881563186646,7.615121364593506,1.4903953075408936,23.636198043823242,37.0,0
3.862,1,80.0,64.3359,0.03543643653392792,8.092949867248535,1.583913803100586,23.61825180053711,37.0,0
3.867,1,80.0,64.4238,0.04734857752919197,6.184967041015625,1.2511186599731445,23.61825180053711,37.0,0
3.872,1,80.0,64.5282,0.05302036181092262,4.41653299331665,0.8643828630447388,23.61825180053711,37.0,0
3.877,1,80.0,64.6271,0.05731077119708061,3.711272716522217,0.7263526916503906,23.636198043823242,37.0,0
3.882,1,80.0,64.7369,0.05662307143211365,3.503058433532715,0.6856019496917725,23.636198043823242,37.0,0
3.887,1,80.0,64.8083,0.04406999051570892,6.172406196594238,1.2080340385437012,23.636198043823242,37.0,0
3.892,1,80.0,64.8798,0.04083625599741936,6.8448872566223145,1.339648723602295,23.61825180053711,37.0,0
3.896,1,80.0,64.9567,0.04621544107794762,6.148646831512451,1.2033839225769043,23.61825180053711,37.0,0
3.902,1,80.0,65.0555,0.04980606958270073,5.566463470458984,1.0894417762756348,23.61825180053711,37.0,0
3.907,1,80.0,65.1599,0.05666813254356384,3.424014091491699,0.6701318025588989,23.636198043823242,37.0,0
3.912,1,80.0,65.2698,0.05726779252290726,6.355062961578369,1.2437827587127686,23.61825180053711,37.0,0
3.917,1,80.0,65.3522,0.05038493499159813,5.028654098510742,0.9843913912773132,23.636198043823242,37.0,0
3.921,1,80.0,65.4291,0.04761234298348427,6.032382488250732,1.1806292533874512,23.61825180053711,37.0,0
3.927,1,80.0,65.5225,0.04849836602807045,5.1226630210876465,1.0025832653045654,23.636198043823242,37.0,0
3.932,1,80.0,65.6213,0.051453813910484314,4.945763111114502,0.9679612517356873,23.61825180053711,37.0,0
3.937,1,80.0,65.7147,0.05350510776042938,5.726696968078613,1.1208019256591797,23.61825180053711,37.0,0
3.942,1,80.0,65.7971,0.045745883136987686,6.737972259521484,1.3187237977981567,23.636198043823242,37.0,0
3.947,1,80.0,65.8521,0.03512413799762726,7.731815338134766,1.5132341384887695,23.61825180053711,37.0,0
3.952,1,80.0,65.929,0.042723398655653,6.532336711883545,1.2784779071807861,23.61825180053711,37.0,0
3.957,1,80.0,66.0278,0.0519263930618763,5.563754081726074,1.0889114141464233,23.61825180053711,37.0,0
3.961,1,80.0,66.1157,0.053440194576978683,5.57031774520874,1.090196132659912,23.636198043823242,37.0,0
3.967,1,80.0,66.2146,0.04902243986725807,6.726218223571777,1.3164234161376953,23.636198043823242,37.0,0
3.972,1,80.0,66.2695,0.03686439245939255,10.109631538391113,1.9786090850830078,23.61825180053711,37.0,0
3.977,1,80.0,66.3135,0.027067085728049278,10.190596580505371,1.994455099105835,23.61825180053711,37.0,0
3.982,1,80.0,66.3794,0.03657698258757591,10.19031047821045,1.994399070739746,23.61825180053711,37.0,0
3.987,1,80.0,66.4728,0.046956319361925125,8.997261047363281,1.7609012126922607,23.61825180053711,37.0,0
3.992,1,80.0,66.5771,0.05358710139989853,7.0916643142700195,1.3879468441009521,23.61825180053711,37.0,0
3.996,1,80.0,66.665,0.05777302756905556,7.406850337982178,1.4496334791183472,23.61825180053711,37.0,0
4.002,1,80.0,66.7804,0.0533624030649662,6.653972148895264,1.302283763885498,23.636198043823242,37.0,0
4.007,1,80.0,66.8353,0.038344934582710266,9.665515899658203,2.024167060852051,23.61825180053711,37.0,0
4.012,1,80.0,66.9012,0.03862461820244789,10.091302871704102,1.9750217199325562,23.61825180053711,37.0,0
4.017,1,80.0,66.9946,0.04939310625195503,8.432756423950195,1.650418996810913,23.61825180053711,37.0,0
4.021,1,80.0,67.0935,0.05720570310950279,6.323317527770996,1.2375695705413818,23.636198043823242,37.0,0
4.027,1,80.0,67.2253,0.06489789485931396,4.73788595199585,0.9272764921188354,23.636198043823242,37.0,0
4.032,1,80.0,67.3407,0.06504566967487335,5.1577606201171875,1.0094523429870605,23.636198043823242,37.0,0
4.037,1,80.0,67.4341,0.053782399743795395,5.18612813949585,1.0150043964385986,23.636198043823242,37.0,0
4.042,1,80.0,67.5275,0.05421113967895508,4.806738376617432,0.9407519698143005,23.61825180053711,37.0,0
4.047,1,80.0,67.6483,0.06268160045146942,3.8103466033935547,0.745742917060852,23.636198043823242,37.0,0
4.052,1,80.0,67.7747,0.0685577392578125,2.580920696258545,0.5051255226135254,23.636198043823242,37.0,0
4.057,1,80.0,67.89,0.06358873844146729,3.3386149406433105,0.6534178256988525,23.654146194458008,37.0,0
4.062,1,80.0,67.9779,0.05343868210911751,4.0585222244262695,0.7943146228790283,23.636198043823242,37.0,0
4.067,1,80.0,68.0658,0.05155995115637779,4.044090747833252,0.7914901971817017,23.636198043823242,37.0,0
4.072,1,80.0,68.1812,0.05967129021883011,3.152735471725464,0.6170384287834167,23.636198043823242,37.0,0
4.077,1,80.0,68.2965,0.06512998789548874,1.597408413887024,0.31263718008995056,23.636198043823242,37.0,0
4.082,1,80.0,68.3954,0.05558096244931221,3.545003652572632,0.693811297416687,23.61825180053711,37.0,0
4.086,1,80.0,68.4723,0.04826940968632698,3.576902389526367,0.7000542879104614,23.636198043823242,37.0,0
4.092,1,80.0,68.5602,0.04878080263733864,2.9030513763427734,0.5681713819503784,23.636198043823242,37.0,0
4.097,1,80.0,68.6591,0.052312109619379044,3.5644114017486572,0.6976096630096436,23.636198043823242,37.0,0
4.102,1,80.0,68.7634,0.05676072835922241,2.3191285133361816,0.45388883352279663,23.636198043823242,37.0,0
4.107,1,80.0,68.8678,0.05749004706740379,2.6240532398223877,0.5135672092437744,23.61825180053711,37.0,0
4.112,1,80.0,68.9612,0.05210437998175621,2.583815813064575,0.5056921243667603,23.636198043823242,37.0,0
4.117,1,80.0,69.0436,0.047983042895793915,3.0038340091705322,0.5878961086273193,23.61825180053711,37.0,0
4.122,1,80.0,69.1315,0.04857855290174484,2.3392410278320312,0.4578251540660858,23.61825180053711,37.0,0
4.127,1,80.0,69.2249,0.051482465118169785,2.5149357318878174,0.4922112822532654,23.636198043823242,37.0,0
4.132,1,80.0,69.3237,0.05428268015384674,1.8482800722122192,0.36173659563064575,23.61825180053711,37.0,0
4.137,1,80.0,69.4226,0.054101113229990005,1.9085490703582764,0.37353214621543884,23.61825180053711,37.0,0
4.142,1,80.0,69.505,0.04818115010857582,3.3264589309692383,0.6510387063026428,23.636198043823242,37.0,0
4.146,1,80.0,69.5709,0.04156310483813286,4.485350608825684,0.8778514862060547,23.61825180053711,37.0,0
4.152,1,80.0,69.6478,0.043043892830610275,4.29673433303833,0.8409364223480225,23.61825180053711,37.0,0
4.157,1,80.0,69.7412,0.04975451901555061,2.8634040355682373,0.560411810874939,23.61825180053711,37.0,0
4.162,1,80.0,69.8456,0.054398760199546814,2.9289090633392334,0.5732321739196777,23.636198043823242,37.0,0
4.167,1,80.0,69.9335,0.050622548907995224,3.370152711868286,0.6595902442932129,23.636198043823242,37.0,0
4.171,1,80.0,69.9994,0.0430816113948822,4.050211429595947,0.7926881313323975,23.636198043823242,37.0,0
4.177,1,80.0,70.0708,0.03764132782816887,6.241230487823486,1.2215039730072021,23.61825180053711,37.0,0
4.182,1,80.0,70.1367,0.0371868833899498,6.7534027099609375,1.2686553001403809,23.58235740661621,37.0,0
4.187,1,80.0,70.2191,0.04473540186882019,5.325746536254883,1.0423297882080078,23.61825180053711,37.0,0
4.192,1,80.0,70.318,0.05303894355893135,3.4266579151153564,0.6706492304801941,23.636198043823242,37.0,0
4.196,1,80.0,70.4059,0.051447492092847824,3.8384246826171875,0.751238226890564,23.636198043823242,37.0,0
4.202,1,80.0,70.4773,0.04036541283130646,6.287933826446533,1.2306444644927979,23.636198043823242,37.0,0
4.207,1,80.0,70.5487,0.039115652441978455,7.150994300842285,1.3995585441589355,23.61825180053711,37.0,0
4.212,1,80.0,70.6256,0.044065359979867935,6.4875407218933105,1.269710659980774,23.61825180053711,37.0,0
4.217,1,80.0,70.719,0.049144357442855835,5.104634761810303,0.9990547895431519,23.61825180053711,37.0,0
4.221,1,80.0,70.8179,0.057667288929224014,5.030248165130615,0.9844962954521179,23.61825180053711,37.0,0
4.227,1,80.0,70.9442,0.06110364943742752,2.643756628036499,0.5174234509468079,23.636198043823242,37.0,0
4.232,1,80.0,71.0376,0.055977173149585724,3.75510835647583,0.7349319458007812,23.636198043823242,37.0,0
4.237,1,80.0,71.12,0.0488375648856163,5.339916229248047,0.9243506789207458,23.636198043823242,37.0,0
4.242,1,80.0,71.2079,0.04905562475323677,4.3554606437683105,0.8524300456047058,23.600303649902344,37.0,0
4.246,1,80.0,71.3013,0.05471503734588623,3.3235137462615967,0.65046226978302,23.61825180053711,37.0,0
4.252,1,80.0,71.4111,0.054970186203718185,3.384944438934326,0.6624852418899536,23.636198043823242,37.0,0
4.257,1,80.0,71.488,0.04563310369849205,4.8040924072265625,0.9402340650558472,23.61825180053711,37.0,0
4.262,1,80.0,71.554,0.038838259875774384,6.785289287567139,1.3279845714569092,23.61825180053711,37.0,0
4.267,1,80.0,71.6309,0.04166968911886215,6.41773796081543,1.2560491561889648,23.61825180053711,37.0,0
4.271,1,80.0,71.7078,0.045403193682432175,4.997644901275635,0.9781153202056885,23.600303649902344,37.0,0
4.277,1,80.0,71.8121,0.05201500281691551,4.074380397796631,0.7974183559417725,23.636198043823242,37.0,0
4.282,1,80.0,71.911,0.05478423088788986,3.31335711479187,0.6484744548797607,23.61825180053711,37.0,0
4.287,1,80.0,71.9934,0.04656749963760376,5.248359680175781,1.027184009552002,23.636198043823242,37.0,0
4.292,1,80.0,72.0648,0.04177682846784592,7.100027084350586,1.3895834684371948,23.600303649902344,37.0,0
4.296,1,80.0,72.1472,0.04810166358947754,5.879053115844727,1.1506203413009644,23.636198043823242,37.0,0
4.302,1,80.0,72.2461,0.04972005635499954,5.70543098449707,1.1166398525238037,23.61825180053711,37.0,0
4.307,1,80.0,72.3395,0.053139280527830124,4.759196758270264,0.9314473867416382,23.61825180053711,37.0,0
4.312,1,80.0,72.4329,0.05120673403143883,4.930178165435791,0.9649109840393066,23.636198043823242,37.0,0
4.317,1,80.0,72.4933,0.038150351494550705,8.708686828613281,1.7044227123260498,23.636198043823242,37.0,0
4.322,1,80.0,72.5537,0.03355337679386139,8.799163818359375,1.722130537033081,23.600303649902344,37.0,0
4.327,1,80.0,72.6416,0.047849781811237335,6.925798416137695,1.3554843664169312,23.600303649902344,37.0,0
4.332,1,80.0,72.7625,0.06168811768293381,4.059088706970215,0.7944254875183105,23.636198043823242,37.0,0
4.337,1,80.0,72.8723,0.06300295144319534,2.6851863861083984,0.5255318880081177,23.636198043823242,37.0,0
4.342,1,80.0,72.9767,0.05445591360330582,6.598597049713135,1.2914459705352783,23.636198043823242,37.0,0
4.346,1,80.0,73.0316,0.038576312363147736,8.1225004196167,1.5896971225738525,23.61825180053711,37.0,0
4.352,1,80.0,73.0865,0.0322486087679863,9.359651565551758,1.8318265676498413,23.600303649902344,37.0,0
4.356,1,80.0,73.1689,0.04451807215809822,7.4703521728515625,1.4620617628097534,23.61825180053711,37.0,0
4.362,1,80.0,73.2843,0.058605801314115524,5.4501166343688965,1.0666708946228027,23.61825180053711,37.0,0
4.367,1,80.0,73.4052,0.06330960243940353,2.719456434249878,0.5322390794754028,23.636198043823242,37.0,0
4.372,1,80.0,73.4985,0.05337314307689667,5.334684371948242,1.044079065322876,23.654146194458008,37.0,0
4.377,1,80.0,73.548,0.03358594328165054,9.272051811218262,1.814681887626648,23.61825180053711,37.0,0
4.382,1,80.0,73.5974,0.03111567720770836,9.754075050354004,1.909021258354187,23.600303649902344,37.0,0
4.387,1,80.0,73.6798,0.0408795028924942,8.794421195983887,1.7212022542953491,23.600303649902344,37.0,0
4.392,1,80.0,73.7677,0.0473787859082222,8.008644104003906,1.5674136877059937,23.61825180053711,37.0,0
4.397,1,80.0,73.8666,0.05509651452302933,7.851066589355469,1.5365734100341797,23.636198043823242,37.0,0
4.402,1,80.0,73.9655,0.05418086796998978,6.0678606033325195,1.1875728368759155,23.61825180053711,37.0,0
4.407,1,80.0,74.0314,0.03940856456756592,8.928665161132812,1.7474759817123413,23.636198043823242,37.0,0
4.412,1,80.0,74.0918,0.03720783814787865,10.762001991271973,2.106287956237793,23.61825180053711,37.0,0
4.417,1,80.0,74.1797,0.04537995532155037,9.288470268249512,1.8178952932357788,23.61825180053711,37.0,0
4.421,1,80.0,74.2731,0.052602749317884445,7.921217441558838,1.5503029823303223,23.61825180053711,37.0,0
4.427,1,80.0,74.3939,0.06259691715240479,5.394880771636963,1.0558604001998901,23.61825180053711,37.0,0
4.432,1,80.0,74.5203,0.06758395582437515,4.888296127319336,0.9567140936851501,23.654146194458008,37.0,0
4.437,1,80.0,74.6246,0.05833207815885544,5.028929710388184,0.9842381477355957,23.636198043823242,37.0,0
4.442,1,80.0,74.718,0.05490650236606598,6.273375511169434,1.2277952432632446,23.636198043823242,37.0,0
4.446,1,80.0,74.8279,0.06189828738570213,4.127401351928711,0.8077954053878784,23.61825180053711,37.0,0
4.452,1,80.0,74.9707,0.0704490914940834,1.932930588722229,0.37830397486686707,23.636198043823242,37.0,0
4.457,1,80.0,75.0861,0.06576023250818253,2.0382425785064697,0.39891517162323,23.654146194458008,37.0,0
4.462,1,80.0,75.174,0.05347810313105583,5.007014751434326,0.9799491167068481,23.636198043823242,37.0,0
4.467,1,80.0,75.2563,0.048529189079999924,4.60530424118042,0.9013282060623169,23.61825180053711,37.0,0
4.472,1,80.0,75.3607,0.0562153086066246,2.897165060043335,0.5670193433761597,23.636198043823242,37.0,0
4.477,1,80.0,75.4761,0.061707980930805206,1.5201082229614258,0.2975083589553833,23.636198043823242,37.0,0
4.482,1,80.0,75.575,0.05771426111459732,2.5133259296417236,0.49189621210098267,23.61825180053711,37.0,0
4.487,1,80.0,75.6628,0.04966231808066368,3.052172899246216,0.5973567962646484,23.636198043823242,37.0,0
4.492,1,80.0,75.7452,0.046598274260759354,3.5991477966308594,0.7044081091880798,23.61825180053711,37.0,0
4.497,1,80.0,75.8331,0.04816519469022751,3.152048110961914,0.6169039011001587,23.61825180053711,37.0,0
4.502,1,80.0,75.932,0.053665705025196075,1.961296558380127,0.3838556408882141,23.636198043823242,37.0,0
4.506,1,80.0,76.0254,0.05548415705561638,1.9062831401824951,0.37308868765830994,23.61825180053711,37.0,0
4.512,1,80.0,76.1133,0.04841165617108345,2.390852212905884,0.4679262340068817,23.654146194458008,37.0,0
4.517,1,80.0,76.1792,0.04007799178361893,4.86934757232666,0.9530054926872253,23.61825180053711,37.0,0
4.522,1,80.0,76.2506,0.03957070782780647,4.242393493652344,0.83030104637146,23.61825180053711,37.0,0
4.527,1,80.0,76.333,0.043665725737810135,3.2828047275543213,0.6424949169158936,23.61825180053711,37.0,0
4.532,1,80.0,76.4264,0.0503719300031662,1.896607518196106,0.3711950182914734,23.61825180053711,37.0,0
4.537,1,80.0,76.5253,0.05371485650539398,1.5685091018676758,0.3069811463356018,23.636198043823242,37.0,0
4.542,1,80.0,76.6077,0.046966299414634705,1.9783987998962402,0.38720282912254333,23.61825180053711,37.0,0
4.547,1,80.0,76.6681,0.03870609775185585,3.8550310134887695,0.7544883489608765,23.61825180053711,37.0,0
4.552,1,80.0,76.7285,0.031720638275146484,5.590404033660889,1.0941272974014282,23.636198043823242,37.0,0
4.557,1,80.0,76.7834,0.03217534348368645,5.0219035148620605,0.9828630685806274,23.61825180053711,37.0,0
4.562,1,80.0,76.8549,0.03794055059552193,3.628828287124634,0.7102169990539551,23.636198043823242,37.0,0
4.567,1,80.0,76.9373,0.04454171657562256,3.000096559524536,0.5871646404266357,23.636198043823242,37.0,0
4.572,1,80.0,77.0251,0.04658593237400055,2.422088623046875,0.4740396738052368,23.636198043823242,37.0,0
4.577,1,80.0,77.0966,0.040323156863451004,4.681440353393555,0.916229248046875,23.61825180053711,37.0,0
4.582,1,80.0,77.146,0.03186008334159851,4.140257358551025,0.810311496257782,23.61825180053711,37.0,0
4.587,1,80.0,77.1954,0.028934387490153313,5.007929801940918,0.9801281690597534,23.61825180053711,37.0,0
4.592,1,80.0,77.2559,0.03279593959450722,4.688456058502197,0.9176023006439209,23.61825180053711,37.0,0
4.596,1,80.0,77.3108,0.03233719617128372,5.264140605926514,1.0302726030349731,23.61825180053711,37.0,0
4.602,1,80.0,77.3712,0.030787119641900063,5.235694408416748,1.024705171585083,23.61825180053711,37.0,0
4.607,1,80.0,77.4316,0.035364873707294464,4.4907002449035645,0.8788985013961792,23.61825180053711,37.0,0
4.612,1,80.0,77.514,0.040976788848638535,4.791865825653076,0.9378411769866943,23.636198043823242,37.0,0
4.617,1,80.0,77.58,0.038897931575775146,4.66428804397583,0.9128722548484802,23.61825180053711,37.0,0
4.622,1,80.0,77.6294,0.030105654150247574,3.909803628921509,0.7652081251144409,23.61825180053711,37.0,0
4.627,1,80.0,77.6678,0.02323661744594574,6.748763561248779,1.3208359479904175,23.636198043823242,37.0,0
4.632,1,80.0,77.7173,0.026129376143217087,6.40463399887085,1.2534844875335693,23.61825180053711,37.0,0
4.637,1,80.0,77.7722,0.030648373067378998,5.670694351196289,1.1098413467407227,23.61825180053711,37.0,0
4.642,1,80.0,77.8271,0.02948577143251896,6.3830485343933105,1.2492599487304688,23.61825180053711,37.0,0
4.647,1,80.0,77.8766,0.030129866674542427,5.45864725112915,1.068340539932251,23.600303649902344,37.0,0
4.651,1,80.0,77.9425,0.03588294982910156,4.681400299072266,0.9162213802337646,23.636198043823242,37.0,0
4.657,1,80.0,78.0194,0.03962048143148422,2.7877609729766846,0.545607328414917,23.636198043823242,37.0,0
4.662,1,80.0,78.0908,0.03819992393255234,5.079916000366211,0.994217038154602,23.636198043823242,37.0,0
4.667,1,80.0,78.1512,0.03442578390240669,3.7840678691864014,0.7405997514724731,23.636198043823242,37.0,0
4.671,1,80.0,78.2007,0.0315103754401207,3.8208155632019043,0.7477918863296509,23.636198043823242,37.0,0
4.676,1,80.0,78.2556,0.030936909839510918,3.920921802520752,0.7673841714859009,23.636198043823242,37.0,0
4.682,1,80.0,78.3105,0.029925160109996796,4.304210662841797,0.8423995971679688,23.636198043823242,37.0,0
4.687,1,80.0,78.3655,0.02904439903795719,3.6961429119110107,0.7233915328979492,23.61825180053711,37.0,0
4.692,1,80.0,78.4204,0.0316779762506485,3.59734845161438,0.7040559649467468,23.61825180053711,37.0,0
4.697,1,80.0,78.4918,0.03675929829478264,2.011701822280884,0.39372071623802185,23.636198043823242,37.0,0
4.702,1,80.0,78.5577,0.03661508113145828,2.6423704624176025,0.5171521902084351,23.61825180053711,37.0,0
4.707,1,80.0,78.6127,0.03174067288637161,3.3821358680725098,0.661935567855835,23.636198043823242,37.0,0
4.712,1,80.0,78.6511,0.02384605072438717,3.778275489807129,0.73946613073349,23.61825180053711,37.0,0
4.717,1,80.0,78.6841,0.01840883120894432,6.465386390686035,1.2653746604919434,23.636198043823242,37.0,0
4.722,1,80.0,78.7061,0.015723703429102898,6.203132629394531,1.2140476703643799,23.636198043823242,37.0,0
4.727,1,80.0,78.739,0.017001377418637276,5.76026725769043,1.127372145652771,23.61825180053711,37.0,0
4.732,1,80.0,78.772,0.017606176435947418,6.1755571365356445,1.2086507081985474,23.61825180053711,37.0,0
4.737,1,80.0,78.7994,0.016108009964227676,6.201274871826172,1.2136839628219604,23.636198043823242,37.0,0
4.742,1,80.0,78.8269,0.015675105154514313,6.656868934631348,1.3028507232666016,23.61825180053711,37.0,0
4.747,1,80.0,78.8544,0.01665845885872841,6.720366954803467,1.3152782917022705,23.600303649902344,37.0,0
4.752,1,80.0,78.8928,0.01903408393263817,6.1184186935424805,1.1974678039550781,23.636198043823242,37.0,0
4.757,1,80.0,78.9368,0.02424725703895092,4.79394006729126,0.9382471442222595,23.61825180053711,37.0,0
4.762,1,80.0,78.9917,0.027639534324407578,4.276491165161133,0.836974561214447,23.636198043823242,37.0,0
4.767,1,80.0,79.0411,0.026943402364850044,3.9014906883239746,0.7635811567306519,23.636198043823242,37.0,0
4.772,1,80.0,79.0741,0.02228851057589054,5.938797473907471,1.1623132228851318,23.61825180053711,37.0,0
4.777,1,80.0,79.1016,0.01666189543902874,4.938433647155762,0.9665267467498779,23.636198043823242,37.0,0
4.782,1,80.0,79.1235,0.012239865027368069,5.603164196014404,1.0966246128082275,23.61825180053711,37.0,0
4.787,1,80.0,79.1345,0.008748541586101055,6.738842487335205,1.3188941478729248,23.636198043823242,37.0,0
4.792,1,80.0,79.151,0.00806991197168827,7.561863422393799,1.4799718856811523,23.636198043823242,37.0,0
4.797,1,80.0,79.173,0.012475664727389812,8.04636287689209,1.5747959613800049,23.636198043823242,37.0,0
4.802,1,80.0,79.2004,0.013731423765420914,6.561033248901367,1.2840943336486816,23.636198043823242,37.0,0
4.807,1,80.0,79.2224,0.013951796106994152,6.828036308288574,1.3363507986068726,23.61825180053711,37.0,0
4.812,1,80.0,79.2664,0.021508637815713882,5.931471824645996,1.1608794927597046,23.61825180053711,37.0,0
4.817,1,80.0,79.3103,0.02394009567797184,4.94968318939209,0.9687284827232361,23.61825180053711,37.0,0
4.822,1,80.0,79.3433,0.019092123955488205,5.462719917297363,1.0691375732421875,23.636198043823242,37.0,0
4.827,1,80.0,79.3707,0.01545804738998413,6.277410507202148,1.2285850048065186,23.636198043823242,37.0,0
4.832,1,80.0,79.3982,0.016751760616898537,5.200180530548096,1.0177545547485352,23.61825180053711,37.0,0
4.837,1,80.0,79.4366,0.019909465685486794,5.053038597106934,0.9889566898345947,23.61825180053711,37.0,0
4.842,1,80.0,79.4751,0.019877763465046883,4.116480350494385,0.8056579828262329,23.636198043823242,37.0,0
4.846,1,80.0,79.5026,0.017989657819271088,4.356095790863037,0.8525543212890625,23.61825180053711,37.0,0
4.852,1,80.0,79.5355,0.01766766794025898,3.36116361618042,0.6578309535980225,23.636198043823242,37.0,0
4.857,1,80.0,79.563,0.014456094242632389,5.618810176849365,1.099686861038208,23.61825180053711,37.0,0
4.862,1,80.0,79.574,0.009263123385608196,5.480080604553223,1.0725352764129639,23.61825180053711,37.0,0
4.867,1,80.0,79.5795,0.00481525668874383,5.760970115661621,1.1275097131729126,23.636198043823242,37.0,0
5.887,2,-80.0,79.6729,-7.247382654895773e-06,7.3705925941467285,1.4425373077392578,23.61825180053711,37.0,0
5.893,2,-80.0,79.6729,-7.247382654895773e-06,8.767509460449219,1.715935230255127,23.61825180053711,37.0,0
5.898,2,-80.0,79.6729,-7.247382654895773e-06,7.410408020019531,1.4503297805786133,23.61825180053711,37.0,0
5.903,2,-80.0,79.6729,-7.247382654895773e-06,8.136438369750977,1.5924251079559326,23.61825180053711,37.0,0
5.907,2,-80.0,79.6729,-7.247382654895773e-06,6.7395219802856445,1.3190271854400635,23.636198043823242,37.0,0
5.912,2,-80.0,79.6729,-7.247382654895773e-06,6.273882865905762,1.5012924671173096,23.636198043823242,37.0,0
5.917,2,-80.0,79.6729,-7.247382654895773e-06,6.439314842224121,1.2602720260620117,23.61825180053711,37.0,0
5.922,2,-80.0,79.6729,-7.247382654895773e-06,6.684377670288086,1.308234691619873,23.636198043823242,37.0,0
5.927,2,-80.0,79.6729,-7.247382654895773e-06,6.423985958099365,1.2572720050811768,23.61825180053711,37.0,0
5.932,2,-80.0,79.6729,-7.247382654895773e-06,5.808243751525879,1.1367619037628174,23.600303649902344,37.0,0
5.937,2,-80.0,79.6729,-7.247382654895773e-06,7.165345668792725,1.402367353439331,23.636198043823242,37.0,0
5.942,2,-80.0,79.6729,-0.00017901610408443958,5.195247650146484,1.016789197921753,23.636198043823242,37.0,0
5.947,2,-80.0,79.6729,-3.075387212447822e-05,4.412439823150635,0.8635817766189575,23.636198043823242,37.0,0
5.952,2,-80.0,79.6729,-8.810528129288286e-07,4.764407634735107,0.9324671626091003,23.61825180053711,37.0,0
5.957,2,-80.0,79.6729,6.832008239143761e-06,4.934088706970215,0.9656763076782227,23.61825180053711,37.0,0
5.963,2,-80.0,79.6729,7.321725661313394e-06,3.7776074409484863,0.7393354177474976,23.61825180053711,37.0,0
5.967,2,-80.0,79.6729,7.321725661313394e-06,2.847343683242798,0.5572685599327087,23.61825180053711,37.0,0
5.972,2,-80.0,79.6729,7.321725661313394e-06,2.9038960933685303,0.5683367252349854,23.636198043823242,37.0,0
5.977,2,-80.0,79.6729,7.321725661313394e-06,2.49531626701355,0.48837143182754517,23.61825180053711,37.0,0
5.982,2,-80.0,79.6729,-0.00013139104703441262,2.1776609420776367,0.4262014329433441,23.636198043823242,37.0,0
5.988,2,-80.0,79.6729,-1.936796252266504e-05,2.1196956634521484,0.4148567318916321,23.636198043823242,37.0,0
5.992,2,-80.0,79.6729,-0.0002260291512357071,1.4515892267227173,0.28409814834594727,23.636198043823242,37.0,0
5.997,2,-80.0,79.6729,-0.0004126117564737797,1.3134078979492188,0.257053941488266,23.61825180053711,37.0,0
6.003,2,-80.0,79.6729,-0.00019101427460554987,1.0510040521621704,0.20569752156734467,23.61825180053711,37.0,0
6.007,2,-80.0,79.6729,-0.0004718676791526377,-0.06687893718481064,-0.013089227490127087,23.61825180053711,37.0,0
6.013,2,-80.0,79.6674,-0.0007309287902899086,-0.1403750777244568,-0.02747354470193386,23.636198043823242,37.0,0
6.017,2,-80.0,79.6674,-0.001006884966045618,-1.2559477090835571,-0.24580810964107513,23.654146194458008,37.0,0
6.023,2,-80.0,79.6674,-0.0011318858014419675,-1.7102340459823608,-0.33471888303756714,23.61825180053711,37.0,0
6.028,2,-80.0,79.6619,-0.0011317633325234056,-1.526913046836853,-0.29884016513824463,23.61825180053711,37.0,0
6.032,2,-80.0,79.6564,-0.0021351962350308895,-2.9892845153808594,-0.5850485563278198,23.61825180053711,37.0,0
6.037,2,-80.0,79.6509,-0.0028866687789559364,-3.2846410274505615,-0.6428543329238892,23.61825180053711,37.0,0
6.042,2,-80.0,79.6454,-0.003222493687644601,-3.294250726699829,-0.6447350978851318,23.636198043823242,37.0,0
6.048,2,-80.0,79.6399,-0.005200587213039398,-3.106837034225464,-0.6080553531646729,23.61825180053711,37.0,0
6.053,2,-80.0,79.6234,-0.006616117432713509,-4.084466457366943,-0.7993923425674438,23.61825180053711,37.0,0
6.058,2,-80.0,79.6124,-0.00649258540943265,-4.251675128936768,-0.8321176767349243,23.61825180053711,37.0,0
6.062,2,-80.0,79.6014,-0.007497609127312899,-4.991546154022217,-0.9769216775894165,23.636198043823242,37.0,0
6.068,2,-80.0,79.5795,-0.009273693896830082,-4.416496753692627,-0.8643757104873657,23.61825180053711,37.0,0
6.073,2,-80.0,79.5575,-0.011730126105248928,-5.0742597579956055,-0.993109941482544,23.636198043823242,37.0,0
6.078,2,-80.0,79.53,-0.01443067379295826,-4.454446792602539,-0.8718031644821167,23.61825180053711,37.0,0
6.083,2,-80.0,79.5026,-0.015870077535510063,-5.036531925201416,-0.9857261180877686,23.636198043823242,37.0,0
6.087,2,-80.0,79.4696,-0.018800431862473488,-3.829831600189209,-0.7495564222335815,23.636198043823242,37.0,0
6.093,2,-80.0,79.4257,-0.022076034918427467,-4.6256818771362305,-0.9053164720535278,23.636198043823242,37.0,0
6.097,2,-80.0,79.3817,-0.02438383363187313,-2.8578031063079834,-0.5593156218528748,23.636198043823242,37.0,0
6.103,2,-80.0,79.3323,-0.027047783136367798,-2.391803741455078,-0.46811243891716003,23.636198043823242,37.0,0
6.107,2,-80.0,79.2719,-0.03036513552069664,-1.8431929349899292,-0.3607409596443176,23.636198043823242,37.0,0
6.113,2,-80.0,79.2279,-0.02758745290338993,-1.7786966562271118,-0.3481180667877197,23.61825180053711,37.0,0
6.117,2,-80.0,79.1895,-0.022662360221147537,-2.618896007537842,-0.512557864189148,23.636198043823242,37.0,0
6.122,2,-80.0,79.1565,-0.018237760290503502,-4.7611565589904785,-0.931830883026123,23.61825180053711,37.0,0
6.127,2,-80.0,79.129,-0.017135892063379288,-4.372348308563232,-0.855735182762146,23.61825180053711,37.0,0
6.132,2,-80.0,79.0961,-0.016872918233275414,-5.173965930938721,-1.0126240253448486,23.636198043823242,37.0,0
6.137,2,-80.0,79.0741,-0.015306312590837479,-5.479214668273926,-1.0723658800125122,23.636198043823242,37.0,0
6.142,2,-80.0,79.0411,-0.01673775725066662,-5.287112712860107,-1.0347685813903809,23.636198043823242,37.0,0
6.147,2,-80.0,79.0082,-0.019220631569623947,-5.2884016036987305,-1.0350208282470703,23.636198043823242,37.0,0
6.153,2,-80.0,78.9642,-0.021505286917090416,-5.765853404998779,-1.1284654140472412,23.61825180053711,37.0,0
6.157,2,-80.0,78.9148,-0.02603910118341446,-7.209543704986572,-1.411017656326294,23.61825180053711,37.0,0
6.162,2,-80.0,78.8654,-0.02802344039082527,-6.593881607055664,-1.2905231714248657,23.61825180053711,37.0,0
6.167,2,-80.0,78.8104,-0.03001965954899788,-4.631589412689209,-0.9064726233482361,23.61825180053711,37.0,0
6.172,2,-80.0,78.7445,-0.03746398165822029,-2.613903284072876,-0.5115807056427002,23.636198043823242,37.0,0
6.177,2,-80.0,78.6676,-0.0390806682407856,-1.7141183614730835,-0.33547911047935486,23.654146194458008,37.0,0
6.182,2,-80.0,78.6127,-0.03221456706523895,-3.277891159057617,-0.6415332555770874,23.61825180053711,37.0,0
6.188,2,-80.0,78.5742,-0.02438189461827278,-4.783862113952637,-0.9362747073173523,23.636198043823242,37.0,0
6.192,2,-80.0,78.5358,-0.020438440144062042,-6.050800323486328,-1.2730660438537598,23.636198043823242,37.0,0
6.197,2,-80.0,78.5028,-0.019928522408008575,-6.565898895263672,-1.2850464582443237,23.61825180053711,37.0,0
6.203,2,-80.0,78.4644,-0.02029360458254814,-7.429581165313721,-1.4540822505950928,23.61825180053711,37.0,0
6.208,2,-80.0,78.4259,-0.02195717953145504,-8.126577377319336,-1.5904951095581055,23.61825180053711,37.0,0
6.213,2,-80.0,78.3875,-0.020973948761820793,-8.570798873901367,-1.677436113357544,23.636198043823242,37.0,0
6.217,2,-80.0,78.36,-0.01691553182899952,-9.642606735229492,-1.8872051239013672,23.600303649902344,37.0,0
6.222,2,-80.0,78.316,-0.02437957189977169,-8.152166366577148,-1.5955032110214233,23.636198043823242,37.0,0
6.228,2,-80.0,78.2611,-0.026753365993499756,-8.787674903869629,-1.7198820114135742,23.61825180053711,37.0,0
6.232,2,-80.0,78.2062,-0.03117552027106285,-7.212282657623291,-1.4115536212921143,23.61825180053711,37.0,0
6.237,2,-80.0,78.1348,-0.03655458986759186,-6.883500576019287,-1.3472059965133667,23.61825180053711,37.0,0
6.242,2,-80.0,78.0688,-0.03711727261543274,-7.247366905212402,-1.4184201955795288,23.61825180053711,37.0,0
6.248,2,-80.0,78.0084,-0.03494475781917572,-8.230986595153809,-1.6109294891357422,23.636198043823242,37.0,0
6.253,2,-80.0,77.9425,-0.0365348719060421,-5.936872959136963,-1.1619365215301514,23.636198043823242,37.0,0
6.257,2,-80.0,77.8656,-0.0395837239921093,-6.785028457641602,-1.3279335498809814,23.636198043823242,37.0,0
6.263,2,-80.0,77.8052,-0.03614908829331398,-8.121954917907715,-1.589590311050415,23.636198043823242,37.0,0
6.267,2,-80.0,77.7338,-0.03896056488156319,-6.37837028503418,-1.2483443021774292,23.61825180053711,37.0,0
6.273,2,-80.0,77.6459,-0.04644675552845001,-4.941471576690674,-0.9671213626861572,23.61825180053711,37.0,0
6.278,2,-80.0,77.5525,-0.05014645308256149,-4.682340621948242,-0.916405439376831,23.636198043823242,37.0,0
6.283,2,-80.0,77.4701,-0.04542446881532669,-5.340602397918701,-1.0452373027801514,23.636198043823242,37.0,0
6.288,2,-80.0,77.4042,-0.04082208871841431,-6.814653396606445,-1.3337315320968628,23.636198043823242,37.0,0
6.292,2,-80.0,77.3273,-0.04361593723297119,-4.922244071960449,-0.9633581638336182,23.636198043823242,37.0,0
6.297,2,-80.0,77.2449,-0.043728478252887726,-5.216412544250488,-1.0209314823150635,23.636198043823242,37.0,0
6.303,2,-80.0,77.1515,-0.05127125605940819,-3.3858227729797363,-0.6626571416854858,23.61825180053711,37.0,0
6.308,2,-80.0,77.0526,-0.05435171350836754,-2.9039788246154785,-0.5683529376983643,23.654146194458008,37.0,0
6.313,2,-80.0,76.9647,-0.048231091350317,-4.084270477294922,-0.7993539571762085,23.61825180053711,37.0,0
6.318,2,-80.0,76.8933,-0.04207802563905716,-4.649774074554443,-0.9100316762924194,23.61825180053711,37.0,0
6.323,2,-80.0,76.8164,-0.04197578877210617,-4.855112552642822,-0.9502195119857788,23.636198043823242,37.0,0
6.328,2,-80.0,76.7395,-0.04519310221076012,-3.0032541751861572,-0.587782621383667,23.61825180053711,37.0,0
6.333,2,-80.0,76.6296,-0.05642172694206238,-1.881912112236023,-0.36831891536712646,23.636198043823242,37.0,0
6.338,2,-80.0,76.5253,-0.05652887374162674,-2.205186605453491,-0.43158861994743347,23.636198043823242,37.0,0
6.342,2,-80.0,76.4539,-0.04371170327067375,-3.567450523376465,-0.6982044577598572,23.636198043823242,37.0,0
6.348,2,-80.0,76.3879,-0.03910626471042633,-5.809835910797119,-1.1370735168457031,23.636198043823242,37.0,0
6.353,2,-80.0,76.3055,-0.044141557067632675,-3.4276506900787354,-0.6708434820175171,23.61825180053711,37.0,0
6.358,2,-80.0,76.2231,-0.0451633520424366,-2.95293927192688,-0.5779352188110352,23.636198043823242,37.0,0
6.363,2,-80.0,76.1243,-0.05374639853835106,-2.133924961090088,-0.41764163970947266,23.61825180053711,37.0,0
6.368,2,-80.0,76.0199,-0.055943336337804794,-2.616351366043091,-0.5120598673820496,23.61825180053711,37.0,0
6.373,2,-80.0,75.9375,-0.04577741026878357,-4.04263162612915,-0.7912046909332275,23.636198043823242,37.0,0
6.378,2,-80.0,75.8716,-0.03931405022740364,-4.242804050445557,-0.8303815126419067,23.636198043823242,37.0,0
6.383,2,-80.0,75.8002,-0.041651785373687744,-4.756077766418457,-0.9308369159698486,23.61825180053711,37.0,0
6.388,2,-80.0,75.7123,-0.04529258981347084,-5.936916351318359,-1.1619449853897095,23.61825180053711,37.0,0
6.393,2,-80.0,75.6134,-0.055071379989385605,-3.3052592277526855,-0.6468896269798279,23.61825180053711,37.0,0
6.398,2,-80.0,75.498,-0.05976203456521034,-2.9630157947540283,-0.5799073576927185,23.61825180053711,37.0,0
6.403,2,-80.0,75.4211,-0.04638677462935448,-5.000446796417236,-0.9786636829376221,23.636198043823242,37.0,0
6.408,2,-80.0,75.3662,-0.03549831360578537,-7.141996383666992,-1.3977974653244019,23.636198043823242,37.0,0
6.413,2,-80.0,75.3058,-0.03369168937206268,-6.94810676574707,-1.3598504066467285,23.61825180053711,37.0,0
6.418,2,-80.0,75.2454,-0.03321794793009758,-7.430120468139648,-1.4541878700256348,23.636198043823242,37.0,0
6.422,2,-80.0,75.1794,-0.038502614945173264,-7.839923858642578,-1.5343925952911377,23.61825180053711,37.0,0
6.428,2,-80.0,75.0641,-0.05792991816997528,-4.960007667541504,-0.757638156414032,23.61825180053711,37.0,0
6.433,2,-80.0,74.9377,-0.06481419503688812,-2.8645477294921875,-0.5606356859207153,23.636198043823242,37.0,0
6.437,2,-80.0,74.8608,-0.04811682179570198,-4.91832971572876,-0.9625921249389648,23.636198043823242,37.0,0
6.442,2,-80.0,74.8114,-0.03335297480225563,-8.53127384185791,-1.6697003841400146,23.61825180053711,37.0,0
6.448,2,-80.0,74.7675,-0.02726045623421669,-10.47015380859375,-2.049168586730957,23.61825180053711,37.0,0
6.452,2,-80.0,74.718,-0.02886563166975975,-10.683146476745605,-2.0908546447753906,23.636198043823242,37.0,0
6.457,2,-80.0,74.6631,-0.028878793120384216,-11.595741271972656,-2.269463300704956,23.636198043823242,37.0,102
6.463,2,-80.0,74.5917,-0.03677959740161896,-11.23625659942627,-2.1991066932678223,23.61825180053711,37.0,0
6.467,2,-80.0,74.4983,-0.04921213164925575,-9.693255424499512,-1.8971178531646729,23.61825180053711,37.0,0
6.472,2,-80.0,74.3994,-0.0517706573009491,-8.899002075195312,-1.7416704893112183,23.61825180053711,37.0,0
6.478,2,-80.0,74.328,-0.04266507178544998,-11.19052505493164,-2.1901562213897705,23.61825180053711,37.0,0
6.482,2,-80.0,74.2676,-0.03705314174294472,-11.95378589630127,-2.339538097381592,23.61825180053711,37.0,102
6.488,2,-80.0,74.2017,-0.0373581126332283,-11.054695129394531,-2.163572311401367,23.600303649902344,37.0,102
6.492,2,-80.0,74.1248,-0.04057379812002182,-11.291672706604004,-2.2099525928497314,23.61825180053711,37.0,102
6.497,2,-80.0,74.0259,-0.05311108008027077,-9.792278289794922,-1.9164981842041016,23.61825180053711,37.0,0
6.502,2,-80.0,73.8995,-0.06601454317569733,-8.071489334106445,-1.5797135829925537,23.61825180053711,37.0,0
6.508,2,-80.0,73.7897,-0.059501346200704575,-8.210822105407715,-1.6069830656051636,23.636198043823242,37.0,0
6.512,2,-80.0,73.7128,-0.04705170914530754,-10.035256385803223,-1.964052677154541,23.61825180053711,37.0,0
6.518,2,-80.0,73.6304,-0.04791570454835892,-8.552132606506348,-1.6737827062606812,23.61825180053711,37.0,0
6.523,2,-80.0,73.515,-0.06270844489336014,-7.2576165199279785,-1.4204261302947998,23.61825180053711,37.0,0
6.528,2,-80.0,73.3722,-0.07156231254339218,-5.702367305755615,-1.1160402297973633,23.636198043823242,37.0,0
6.532,2,-80.0,73.2733,-0.05953757464885712,-7.520580291748047,-1.471892237663269,23.636198043823242,37.0,0
6.538,2,-80.0,73.2019,-0.04391764849424362,-9.039375305175781,-1.7691434621810913,23.61825180053711,37.0,0
6.543,2,-80.0,73.125,-0.04397071152925491,-9.672740936279297,-1.8931028842926025,23.61825180053711,37.0,0
6.547,2,-80.0,73.0042,-0.06264062225818634,-6.120580673217773,-1.1978908777236938,23.61825180053711,37.0,0
6.553,2,-80.0,72.8668,-0.07252265512943268,-7.049299240112305,-1.3796552419662476,23.654146194458008,37.0,0
6.557,2,-80.0,72.7679,-0.05734553188085556,-6.018085956573486,-1.1778311729431152,23.636198043823242,37.0,0
6.563,2,-80.0,72.691,-0.048187006264925,-9.14957046508789,-1.7907103300094604,23.61825180053711,37.0,0
6.567,2,-80.0,72.6086,-0.04651859030127525,-7.007470607757568,-1.3714689016342163,23.636198043823242,37.0,0
6.573,2,-80.0,72.4988,-0.05685956031084061,-4.784792423248291,-1.0677189826965332,23.600303649902344,37.0,0
6.577,2,-80.0,72.3834,-0.062381237745285034,-4.820535659790039,-0.9434522986412048,23.636198043823242,37.0,0
6.582,2,-80.0,72.2955,-0.05227638781070709,-6.326455116271973,-1.238183617591858,23.636198043823242,37.0,0
6.588,2,-80.0,72.2076,-0.05010845884680748,-5.335459232330322,-1.0442306995391846,23.636198043823242,37.0,0
6.592,2,-80.0,72.1143,-0.052169617265462875,-4.8486785888671875,-0.9489603042602539,23.636198043823242,37.0,0
6.598,2,-80.0,71.9989,-0.06105922907590866,-3.129876136779785,-0.6125644445419312,23.61825180053711,37.0,0
6.603,2,-80.0,71.8835,-0.06280764192342758,-3.710707187652588,-0.7262420058250427,23.636198043823242,37.0,0
6.607,2,-80.0,71.8011,-0.04855251684784889,-5.550034046173096,-1.086226224899292,23.636198043823242,37.0,0
6.613,2,-80.0,71.7297,-0.04320325702428818,-6.83522891998291,-1.3377585411071777,23.61825180053711,37.0,0
6.618,2,-80.0,71.6418,-0.04844042658805847,-3.832005262374878,-0.7499818801879883,23.636198043823242,37.0,0
6.623,2,-80.0,71.5485,-0.051606159657239914,-5.643876552581787,-1.1045926809310913,23.61825180053711,37.0,0
6.628,2,-80.0,71.4386,-0.05771888419985771,-4.023714065551758,-0.7875021696090698,23.61825180053711,37.0,0
6.633,2,-80.0,71.3397,-0.055345453321933746,-5.1415114402771,-1.0062721967697144,23.636198043823242,37.0,0
6.638,2,-80.0,71.2573,-0.048914045095443726,-5.548841953277588,-1.0859929323196411,23.61825180053711,37.0,0
6.642,2,-80.0,71.1749,-0.04782748594880104,-5.86552095413208,-1.5585708618164062,23.636198043823242,37.0,0
6.648,2,-80.0,71.0925,-0.04344450682401657,-6.833158493041992,-1.337353229522705,23.636198043823242,37.0,0
6.653,2,-80.0,71.0266,-0.04071740061044693,-7.415369033813477,-1.451300859451294,23.61825180053711,37.0,0
6.658,2,-80.0,70.9442,-0.042595162987709045,-6.622584342956543,-1.2961406707763672,23.600303649902344,37.0,0
6.663,2,-80.0,70.8618,-0.04491803050041199,-7.209495544433594,-1.4110081195831299,23.61825180053711,37.0,0
6.667,2,-80.0,70.7904,-0.043234556913375854,-7.195247650146484,-1.4082196950912476,23.61825180053711,37.0,0
6.673,2,-80.0,70.708,-0.044876523315906525,-9.509679794311523,-1.8611892461776733,23.61825180053711,37.0,0
6.678,2,-80.0,70.6256,-0.04405415430665016,-8.655034065246582,-1.6939220428466797,23.61825180053711,37.0,0
6.683,2,-80.0,70.5487,-0.0440974086523056,-7.697756767272949,-1.5065683126449585,23.61825180053711,37.0,0
6.688,2,-80.0,70.4443,-0.05414717644453049,-5.297022342681885,-1.0367079973220825,23.61825180053711,37.0,0
6.692,2,-80.0,70.329,-0.0629081130027771,-4.727579116821289,-0.9252593517303467,23.636198043823242,37.0,0
6.697,2,-80.0,70.2301,-0.056287750601768494,-5.836596488952637,-1.1423109769821167,23.636198043823242,37.0,0
6.703,2,-80.0,70.1367,-0.05188610404729843,-6.7556471824646,-1.3221831321716309,23.636198043823242,37.0,0
6.707,2,-80.0,70.0488,-0.05040520429611206,-5.655528545379639,-1.1068731546401978,23.61825180053711,37.0,0
6.712,2,-80.0,69.9445,-0.05787542834877968,-4.223921775817871,-0.826685905456543,23.61825180053711,37.0,0
6.717,2,-80.0,69.8236,-0.06400186568498611,-3.4103851318359375,-0.6674643754959106,23.636198043823242,37.0,0
6.722,2,-80.0,69.7247,-0.057534825056791306,-4.341037750244141,-0.8496072292327881,23.61825180053711,37.0,0
6.727,2,-80.0,69.6368,-0.05159514397382736,-5.0818705558776855,-0.9945995807647705,23.654146194458008,37.0,0
6.732,2,-80.0,69.5435,-0.05221659690141678,-4.107372283935547,-0.8038753867149353,23.61825180053711,37.0,0
6.738,2,-80.0,69.4281,-0.06075678765773773,-2.392458915710449,-0.4682406783103943,23.636198043823242,37.0,0
6.742,2,-80.0,69.3127,-0.06235455721616745,-2.8429794311523438,-0.5564144253730774,23.636198043823242,37.0,0
6.748,2,-80.0,69.2249,-0.05229166895151138,-3.95809006690979,-0.7746585607528687,23.61825180053711,37.0,0
6.752,2,-80.0,69.137,-0.04922822490334511,-5.5701141357421875,-1.0901561975479126,23.636198043823242,37.0,0
6.757,2,-80.0,69.0436,-0.05279521644115448,-2.7512755393981934,-0.5384665727615356,23.636198043823242,37.0,0
6.762,2,-80.0,68.9392,-0.05802217870950699,-2.4233345985412598,-0.47428351640701294,23.61825180053711,37.0,0
6.767,2,-80.0,68.8348,-0.05635352060198784,-2.1415860652923584,-0.4191410541534424,23.636198043823242,37.0,0
6.772,2,-80.0,68.7524,-0.04812154173851013,-3.5575504302978516,-0.6962668895721436,23.636198043823242,37.0,0
6.777,2,-80.0,68.6755,-0.04311048984527588,-5.603720664978027,-1.096733570098877,23.61825180053711,37.0,0
6.782,2,-80.0,68.5986,-0.04425313323736191,-4.805296421051025,-0.9404697418212891,23.636198043823242,37.0,0
6.787,2,-80.0,68.5217,-0.04314306750893593,-4.583536148071289,-0.8970679044723511,23.636198043823242,37.0,0
6.793,2,-80.0,68.4283,-0.050839051604270935,-3.7253029346466064,-0.7290985584259033,23.61825180053711,37.0,0
6.797,2,-80.0,68.3075,-0.06163132190704346,-2.1686575412750244,-0.42443937063217163,23.636198043823242,37.0,0
6.803,2,-80.0,68.2141,-0.052755001932382584,-3.086038589477539,-0.6039847731590271,23.654146194458008,37.0,0
6.807,2,-80.0,68.1537,-0.03941452130675316,-5.953570365905762,-1.1652045249938965,23.61825180053711,37.0,0
6.813,2,-80.0,68.0988,-0.03322136402130127,-8.718195915222168,-1.7062839269638062,23.636198043823242,37.0,0
6.817,2,-80.0,68.0493,-0.029482241719961166,-8.178263664245605,-1.6006109714508057,23.61825180053711,37.0,0
6.822,2,-80.0,67.9834,-0.03507642075419426,-7.848658561706543,-1.536102056503296,23.600303649902344,37.0,0
6.827,2,-80.0,67.8735,-0.05555399879813194,-3.9039220809936523,-0.7640570998191833,23.61825180053711,37.0,0
6.832,2,-80.0,67.7527,-0.06327380239963531,-3.4002342224121094,-0.6654776930809021,23.61825180053711,37.0,0
6.837,2,-80.0,67.6703,-0.04928676411509514,-5.866688251495361,-1.148200273513794,23.636198043823242,37.0,0
6.842,2,-80.0,67.6099,-0.03601038455963135,-7.407052040100098,-1.449673056602478,23.61825180053711,37.0,0
6.847,2,-80.0,67.5604,-0.03040444850921631,-11.053619384765625,-2.1633617877960205,23.61825180053711,37.0,0
6.852,2,-80.0,67.5055,-0.03118298389017582,-10.889671325683594,-2.131274700164795,23.61825180053711,37.0,0
6.857,2,-80.0,67.4341,-0.03813251480460167,-9.161622047424316,-1.7930691242218018,23.61825180053711,37.0,0
6.862,2,-80.0,67.3407,-0.04739135503768921,-8.249831199645996,-1.6146177053451538,23.61825180053711,37.0,0
6.867,2,-80.0,67.2363,-0.05530253425240517,-6.923062324523926,-1.354948878288269,23.636198043823242,37.0,0
6.873,2,-80.0,67.1649,-0.043045926839113235,-10.196676254272461,-1.9956449270248413,23.636198043823242,37.0,0
6.878,2,-80.0,67.121,-0.02959299087524414,-11.729399681091309,-2.2956223487854004,23.61825180053711,37.0,102
6.882,2,-80.0,67.0715,-0.028276752680540085,-11.986793518066406,-2.3459982872009277,23.61825180053711,37.0,102
6.888,2,-80.0,67.0166,-0.030064644291996956,-11.257789611816406,-2.2033209800720215,23.61825180053711,37.0,102
6.892,2,-80.0,66.9617,-0.029579445719718933,-11.171119689941406,-2.1863584518432617,23.61825180053711,37.0,102
6.898,2,-80.0,66.8958,-0.03681099787354469,-11.146221160888672,-2.181485414505005,23.61825180053711,37.0,102
6.903,2,-80.0,66.7914,-0.05404369533061981,-11.652945518493652,-2.2806591987609863,23.600303649902344,37.0,0
6.908,2,-80.0,66.6486,-0.0707465186715126,-8.220268249511719,-1.608831763267517,23.61825180053711,37.0,0
6.912,2,-80.0,66.5442,-0.05904310196638107,-9.437947273254395,-1.8471500873565674,23.61825180053711,37.0,0
6.917,2,-80.0,66.4728,-0.04548150300979614,-11.288284301757812,-2.209289312362671,23.600303649902344,37.0,0
6.922,2,-80.0,66.3739,-0.05542333051562309,-8.826688766479492,-1.7275176048278809,23.600303649902344,37.0,0
6.927,2,-80.0,66.2311,-0.07404156774282455,-5.225985050201416,-1.0228049755096436,23.636198043823242,37.0,0
6.933,2,-80.0,66.0992,-0.07203586399555206,-7.071160316467285,-1.3839339017868042,23.636198043823242,37.0,0
6.938,2,-80.0,66.0004,-0.05608328804373741,-9.743638038635254,-1.9069786071777344,23.61825180053711,37.0,0
6.943,2,-80.0,65.9235,-0.04821210354566574,-7.900766372680664,-1.5463004112243652,23.600303649902344,37.0,0
6.948,2,-80.0,65.8081,-0.06230159476399422,-5.082558631896973,-0.9947342276573181,23.61825180053711,37.0,0
6.953,2,-80.0,65.6708,-0.07063586264848709,-4.576219081878662,-0.8956357836723328,23.636198043823242,37.0,0
6.958,2,-80.0,65.5719,-0.05848006159067154,-7.215296268463135,-1.4121434688568115,23.636198043823242,37.0,0
6.963,2,-80.0,65.484,-0.05215039104223251,-5.2181243896484375,-1.0212664604187012,23.61825180053711,37.0,0
6.968,2,-80.0,65.3851,-0.05484151840209961,-5.983158588409424,-1.1709953546524048,23.61825180053711,37.0,0
6.973,2,-80.0,65.2698,-0.06252177804708481,-3.571974754333496,-0.7224774360656738,23.636198043823242,37.0,0
6.978,2,-80.0,65.1599,-0.059866875410079956,-4.253396987915039,-0.8324546217918396,23.636198043823242,37.0,0
6.983,2,-80.0,65.083,-0.04704165458679199,-5.279417037963867,-1.0332623720169067,23.636198043823242,37.0,0
6.988,2,-80.0,64.9951,-0.04682960733771324,-6.596460819244385,-1.2910280227661133,23.636198043823242,37.0,0
6.993,2,-80.0,64.9127,-0.049078505486249924,-6.48039436340332,-1.2683119773864746,23.61825180053711,37.0,0
6.998,2,-80.0,64.8029,-0.05846751853823662,-3.559285879135132,-0.6966065168380737,23.61825180053711,37.0,0
7.003,2,-80.0,64.682,-0.06473605334758759,-3.078190326690674,-0.6024487614631653,23.636198043823242,37.0,0
7.008,2,-80.0,64.5831,-0.05492674559354782,-4.554553031921387,-0.8913954496383667,23.636198043823242,37.0,0
7.013,2,-80.0,64.5117,-0.0447726808488369,-6.156281471252441,-1.2048780918121338,23.636198043823242,37.0,0
7.018,2,-80.0,64.4348,-0.04255583509802818,-6.587366104125977,-1.289247989654541,23.636198043823242,37.0,0
7.023,2,-80.0,64.3579,-0.043757371604442596,-5.936831951141357,-1.1619285345077515,23.636198043823242,37.0,0
7.027,2,-80.0,64.2645,-0.05050484091043472,-5.289732456207275,-1.0352813005447388,23.61825180053711,37.0,0
7.032,2,-80.0,64.1602,-0.05634729191660881,-4.0425920486450195,-0.7911969423294067,23.636198043823242,37.0,0
7.038,2,-80.0,64.0613,-0.053656287491321564,-3.8337979316711426,-0.7503327131271362,23.636198043823242,37.0,0
7.042,2,-80.0,63.9679,-0.051531028002500534,-5.590356349945068,-1.0941179990768433,23.61825180053711,37.0,0
7.047,2,-80.0,63.8855,-0.048118311911821365,-4.488053321838379,-0.8783804178237915,23.61825180053711,37.0,0
7.052,2,-80.0,63.8031,-0.047267548739910126,-6.3298540115356445,-1.2388489246368408,23.61825180053711,37.0,0
7.057,2,-80.0,63.7152,-0.04787063971161842,-5.545419692993164,-1.0853232145309448,23.61825180053711,37.0,0
7.062,2,-80.0,63.6383,-0.04410519078373909,-6.3089518547058105,-1.2347581386566162,23.636198043823242,37.0,0
7.067,2,-80.0,63.5724,-0.03909328579902649,-7.193902969360352,-1.4079564809799194,23.61825180053711,37.0,0
7.072,2,-80.0,63.49,-0.042708028107881546,-9.016806602478027,-1.7647265195846558,23.636198043823242,37.0,0
7.077,2,-80.0,63.4241,-0.03888149559497833,-8.786128997802734,-1.7195794582366943,23.61825180053711,37.0,0
7.082,2,-80.0,63.3527,-0.04052400961518288,-8.505086898803711,-1.6645750999450684,23.636198043823242,37.0,0
7.088,2,-80.0,63.2483,-0.052798669785261154,-5.475734710693359,-1.0716848373413086,23.600303649902344,37.0,0
7.092,2,-80.0,63.1329,-0.06144047528505325,-4.037444114685059,-0.7901893854141235,23.636198043823242,37.0,0
7.098,2,-80.0,63.0341,-0.057235267013311386,-4.94736385345459,-0.9682745337486267,23.636198043823242,37.0,0
7.103,2,-80.0,62.9462,-0.050894491374492645,-4.7579874992370605,-0.9312106966972351,23.636198043823242,37.0,0
7.108,2,-80.0,62.8583,-0.04933512955904007,-7.49664306640625,-1.4672073125839233,23.61825180053711,37.0,0
7.113,2,-80.0,62.7484,-0.05810489505529404,-4.04064416885376,-0.7908157110214233,23.61825180053711,37.0,0
7.117,2,-80.0,62.6331,-0.06302767246961594,-2.65057635307312,-0.5187581777572632,23.636198043823242,37.0,0
7.122,2,-80.0,62.5287,-0.057855743914842606,-4.306375503540039,-0.8428233861923218,23.636198043823242,37.0,0
7.127,2,-80.0,62.4408,-0.05210694298148155,-4.797659397125244,-0.9389750957489014,23.636198043823242,37.0,0
7.133,2,-80.0,62.3474,-0.052320707589387894,-2.88250732421875,-0.5641506314277649,23.600303649902344,37.0,0
7.137,2,-80.0,62.2321,-0.062390413135290146,-2.305129051208496,-0.4511488676071167,23.636198043823242,37.0,0
7.142,2,-80.0,62.1222,-0.060663554817438126,-2.6940300464630127,-0.5272627472877502,23.636198043823242,37.0,0
7.147,2,-80.0,62.0398,-0.05099664628505707,-3.2750627994537354,-0.6409797668457031,23.61825180053711,37.0,0
7.152,2,-80.0,61.9464,-0.0511455200612545,-3.828418731689453,-0.7492798566818237,23.61825180053711,37.0,0
7.157,2,-80.0,61.842,-0.05674288049340248,-2.059173345565796,-0.40301162004470825,23.636198043823242,37.0,0
7.162,2,-80.0,61.7322,-0.060005512088537216,-1.3822336196899414,-0.27052420377731323,23.636198043823242,37.0,0
7.167,2,-80.0,61.6333,-0.05557117983698845,-2.0771491527557373,-0.4065297544002533,23.61825180053711,37.0,0
7.172,2,-80.0,61.5509,-0.04747289419174194,-3.7804830074310303,-0.739898145198822,23.636198043823242,37.0,0
7.177,2,-80.0,61.474,-0.044518183916807175,-4.3563971519470215,-0.8526133894920349,23.636198043823242,37.0,0
7.182,2,-80.0,61.3916,-0.04598524793982506,-4.615450859069824,-0.9033140540122986,23.636198043823242,37.0,0
7.188,2,-80.0,61.3092,-0.04636671394109726,-2.9034769535064697,-0.5682547092437744,23.61825180053711,37.0,0
7.192,2,-80.0,61.2103,-0.05346623808145523,-3.091219902038574,-0.6049988865852356,23.61825180053711,37.0,0
7.197,2,-80.0,61.1005,-0.05726620554924011,-2.228257417678833,-0.4361039400100708,23.61825180053711,37.0,0
7.203,2,-80.0,61.0126,-0.05048924684524536,-3.1462643146514893,-0.6157718896865845,23.636198043823242,37.0,0
7.207,2,-80.0,60.9412,-0.041612666100263596,-5.952991008758545,-1.1650910377502441,23.636198043823242,37.0,0
7.213,2,-80.0,60.8862,-0.0351044200360775,-8.193593978881836,-1.6036112308502197,23.636198043823242,37.0,0
7.217,2,-80.0,60.8313,-0.03128057345747948,-7.784759044647217,-1.5235960483551025,23.61825180053711,37.0,0
7.223,2,-80.0,60.7544,-0.04022050276398659,-6.09152889251709,-1.1922050714492798,23.61825180053711,37.0,0
7.228,2,-80.0,60.6445,-0.056442126631736755,-4.568644046783447,-0.8941532969474792,23.61825180053711,37.0,0
7.232,2,-80.0,60.5402,-0.05539456754922867,-4.045039653778076,-0.7916759848594666,23.636198043823242,37.0,0
7.238,2,-80.0,60.4688,-0.043417710810899734,-6.340435028076172,-1.240919828414917,23.61825180053711,37.0,0
7.242,2,-80.0,60.4083,-0.03623396158218384,-8.507329940795898,-1.6650141477584839,23.636198043823242,37.0,0
7.248,2,-80.0,60.3589,-0.031394753605127335,-10.32434368133545,-2.0206313133239746,23.61825180053711,37.0,0
7.253,2,-80.0,60.3094,-0.02692454308271408,-11.261777877807617,-2.2041015625,23.600303649902344,37.0,0
7.257,2,-80.0,60.238,-0.03761699050664902,-9.2276029586792,-1.8059825897216797,23.61825180053711,37.0,0
7.263,2,-80.0,60.1337,-0.053917765617370605,-6.507138729095459,-1.2735462188720703,23.61825180053711,37.0,0
7.267,2,-80.0,60.0238,-0.059045303612947464,-6.638830184936523,-1.2993203401565552,23.636198043823242,37.0,0
7.272,2,-80.0,59.9524,-0.04282492399215698,-10.037291526794434,-1.9644510746002197,23.636198043823242,37.0,0
7.278,2,-80.0,59.9084,-0.02940719947218895,-12.157012939453125,-2.379312753677368,23.61825180053711,37.0,0
7.283,2,-80.0,59.859,-0.02768290415406227,-12.198363304138184,-2.3874056339263916,23.61825180053711,37.0,102
7.288,2,-80.0,59.8041,-0.030598806217312813,-11.34768009185791,-2.220913887023926,23.61825180053711,37.0,102
7.293,2,-80.0,59.7546,-0.029014742001891136,-11.550554275512695,-2.260619640350342,23.61825180053711,37.0,102
7.297,2,-80.0,59.6777,-0.03924722969532013,-11.617402076721191,-2.273702621459961,23.600303649902344,37.0,102
7.302,2,-80.0,59.5624,-0.05921487137675285,-9.020426750183105,-1.7654350996017456,23.636198043823242,37.0,0
7.308,2,-80.0,59.4305,-0.06946595758199692,-7.386778831481934,-1.4457052946090698,23.636198043823242,37.0,0
7.312,2,-80.0,59.3427,-0.0517171211540699,-10.677526473999023,-2.089754581451416,23.636198043823242,37.0,0
7.317,2,-80.0,59.2822,-0.03935180976986885,-12.07473373413086,-2.1742804050445557,23.61825180053711,37.0,102
7.322,2,-80.0,59.1833,-0.05211234092712402,-9.091580390930176,-1.7793610095977783,23.61825180053711,37.0,0
7.327,2,-80.0,59.046,-0.07131187617778778,-6.195441246032715,-1.2125422954559326,23.636198043823242,37.0,0
7.332,2,-80.0,58.9142,-0.07036426663398743,-5.481073379516602,-1.0727295875549316,23.654146194458008,37.0,0
7.338,2,-80.0,58.8208,-0.05553184077143669,-9.494754791259766,-1.8582682609558105,23.636198043823242,37.0,0
7.342,2,-80.0,58.7439,-0.04662330448627472,-8.453288078308105,-1.6544373035430908,23.61825180053711,37.0,0
7.347,2,-80.0,58.6285,-0.060702089220285416,-6.147071838378906,-1.203075647354126,23.61825180053711,37.0,0
7.352,2,-80.0,58.4912,-0.07173586636781693,-3.709268569946289,-0.7259604334831238,23.636198043823242,37.0,0
7.357,2,-80.0,58.3923,-0.05724278464913368,-5.893653869628906,-1.1534779071807861,23.61825180053711,37.0,0
7.363,2,-80.0,58.3099,-0.05018208548426628,-6.124752998352051,-1.4469250440597534,23.636198043823242,37.0,0
7.367,2,-80.0,58.2111,-0.054600998759269714,-5.75704288482666,-1.1267410516738892,23.61825180053711,37.0,0
7.372,2,-80.0,58.0847,-0.06575427204370499,-4.3326592445373535,-0.8479675054550171,23.61825180053711,37.0,0
7.377,2,-80.0,57.9694,-0.06356406211853027,-4.0364089012146,-0.789986789226532,23.636198043823242,37.0,0
7.382,2,-80.0,57.8925,-0.048416782170534134,-6.385686874389648,-1.2497763633728027,23.636198043823242,37.0,0
7.387,2,-80.0,57.8101,-0.047694504261016846,-5.866003513336182,-1.1480662822723389,23.61825180053711,37.0,0
7.392,2,-80.0,57.7167,-0.04955194890499115,-5.670109748840332,-1.109726905822754,23.61825180053711,37.0,0
7.397,2,-80.0,57.6123,-0.05631062015891075,-4.180048942565918,-0.8337544202804565,23.61825180053711,37.0,0
7.402,2,-80.0,57.5024,-0.06042254716157913,-3.238959550857544,-0.6339137554168701,23.636198043823242,37.0,0
7.407,2,-80.0,57.3981,-0.05653974786400795,-4.127525806427002,-0.8078197240829468,23.636198043823242,37.0,0
7.413,2,-80.0,57.3157,-0.048900339752435684,-5.158437252044678,-1.0095847845077515,23.636198043823242,37.0,0
7.418,2,-80.0,57.2278,-0.05005417391657829,-4.836075782775879,-0.9464937448501587,23.636198043823242,37.0,0
7.422,2,-80.0,57.1344,-0.05239631235599518,-5.466335773468018,-1.069845199584961,23.600303649902344,37.0,0
7.428,2,-80.0,57.0355,-0.05347198247909546,-4.349621772766113,-0.851287305355072,23.61825180053711,37.0,0
7.433,2,-80.0,56.9476,-0.04980792850255966,-5.292777061462402,-1.0358771085739136,23.61825180053711,37.0,0
7.438,2,-80.0,56.8652,-0.04657445847988129,-5.292779922485352,-1.0358777046203613,23.636198043823242,37.0,0
7.443,2,-80.0,56.7773,-0.04852396249771118,-5.599152088165283,-1.095839500427246,23.636198043823242,37.0,0
7.448,2,-80.0,56.6949,-0.046931833028793335,-7.029227256774902,-1.3757269382476807,23.61825180053711,37.0,0
7.452,2,-80.0,56.618,-0.04724059998989105,-5.2103986740112305,-1.019754409790039,23.61825180053711,37.0,0
7.458,2,-80.0,56.5137,-0.05198915675282478,-4.416534900665283,-0.8643831610679626,23.61825180053711,37.0,0
7.463,2,-80.0,56.4203,-0.049407366663217545,-5.118513584136963,-1.001771092414856,23.636198043823242,37.0,0
7.468,2,-80.0,56.3489,-0.04216288775205612,-6.6987738609313965,-1.3110520839691162,23.61825180053711,37.0,0
7.472,2,-80.0,56.283,-0.04078720882534981,-7.367326259613037,-1.4418981075286865,23.61825180053711,37.0,0
7.478,2,-80.0,56.217,-0.03489724174141884,-8.553465843200684,-1.6740435361862183,23.61825180053711,37.0,0
7.482,2,-80.0,56.1511,-0.03720688074827194,-7.94435977935791,-1.5548323392868042,23.61825180053711,37.0,0
7.488,2,-80.0,56.0577,-0.049100060015916824,-5.628960609436035,-1.1016733646392822,23.600303649902344,37.0,0
7.492,2,-80.0,55.9479,-0.059556953608989716,-5.250542640686035,-1.027611255645752,23.636198043823242,37.0,0
7.498,2,-80.0,55.838,-0.05673936381936073,-5.245953559875488,-1.0267131328582764,23.636198043823242,37.0,0
7.502,2,-80.0,55.7556,-0.0510760061442852,-6.736084938049316,-1.3183544874191284,23.61825180053711,37.0,0
7.508,2,-80.0,55.6622,-0.050204116851091385,-5.028334140777588,-0.9841216802597046,23.61825180053711,37.0,0
7.512,2,-80.0,55.5579,-0.058063846081495285,-3.9837985038757324,-0.779690146446228,23.61825180053711,37.0,0
7.518,2,-80.0,55.437,-0.06396029144525528,-2.8517496585845947,-0.5581308603286743,23.636198043823242,37.0,0
7.522,2,-80.0,55.3381,-0.057809680700302124,-3.9467759132385254,-0.7724441885948181,23.636198043823242,37.0,0
7.528,2,-80.0,55.2448,-0.05063721165060997,-4.22449254989624,-0.826797604560852,23.61825180053711,37.0,0
7.532,2,-80.0,55.1624,-0.05077812075614929,-4.312572002410889,-0.8440360426902771,23.61825180053711,37.0,0
7.538,2,-80.0,55.0415,-0.06187538430094719,-2.1721789836883545,-0.4251285493373871,23.636198043823242,37.0,0
7.543,2,-80.0,54.9261,-0.06303834170103073,-1.490136742591858,-0.2916424870491028,23.636198043823242,37.0,0
7.548,2,-80.0,54.8383,-0.05112885311245918,-3.679940938949585,-0.7202205061912537,23.61825180053711,37.0,0
7.552,2,-80.0,54.7614,-0.04615146666765213,-5.109204292297363,-0.9999491572380066,23.61825180053711,37.0,0
7.558,2,-80.0,54.6625,-0.05183029547333717,-3.1624083518981934,-0.6189315319061279,23.636198043823242,37.0,0
7.563,2,-80.0,54.5526,-0.05976533144712448,-0.9438076019287109,-0.18471753597259521,23.61825180053711,37.0,0
7.568,2,-80.0,54.4373,-0.06060243397951126,-2.222808361053467,-0.4350374639034271,23.636198043823242,37.0,0
7.573,2,-80.0,54.3549,-0.05121143162250519,-3.372283697128296,-0.6600072979927063,23.636198043823242,37.0,0
7.578,2,-80.0,54.278,-0.044078320264816284,-4.1520490646362305,-0.8126193284988403,23.61825180053711,37.0,0
7.582,2,-80.0,54.1956,-0.04715295135974884,-2.7714006900787354,-0.542405366897583,23.636198043823242,37.0,0
7.588,2,-80.0,54.0967,-0.05132493004202843,-3.256852865219116,-0.6374157667160034,23.61825180053711,37.0,0
7.593,2,-80.0,54.0033,-0.053143978118896484,-2.8511531352996826,-0.5580141544342041,23.636198043823242,37.0,0
7.598,2,-80.0,53.8989,-0.0536520816385746,-2.436929225921631,-0.4769441783428192,23.636198043823242,37.0,0
7.602,2,-80.0,53.822,-0.048480525612831116,-4.059710502624512,-0.7945472598075867,23.61825180053711,37.0,0
7.608,2,-80.0,53.7506,-0.04288536310195923,-5.224115371704102,-1.0224390029907227,23.636198043823242,37.0,0
7.613,2,-80.0,53.6847,-0.03717451170086861,-6.599620819091797,-1.2916463613510132,23.636198043823242,37.0,0
7.617,2,-80.0,53.6353,-0.031131561845541,-6.560027599334717,-1.2838973999023438,23.61825180053711,37.0,0
7.622,2,-80.0,53.5638,-0.038793519139289856,-6.218221187591553,-1.2170007228851318,23.636198043823242,37.0,0
7.628,2,-80.0,53.4485,-0.05693097040057182,-3.24858021736145,-0.6357966661453247,23.61825180053711,37.0,0
7.632,2,-80.0,53.3386,-0.05709527060389519,-3.115563154220581,-0.6097632050514221,23.636198043823242,37.0,0
7.637,2,-80.0,53.2782,-0.04085443541407585,-8.96967601776123,-1.7555022239685059,23.636198043823242,37.0,0
7.642,2,-80.0,53.2233,-0.03345515578985214,-7.876275539398193,-1.5415072441101074,23.61825180053711,37.0,0
7.647,2,-80.0,53.1683,-0.03233295679092407,-9.900673866271973,-1.9377129077911377,23.61825180053711,37.0,0
7.653,2,-80.0,53.0969,-0.0355694442987442,-8.795293807983398,-1.7213729619979858,23.61825180053711,37.0,0
7.657,2,-80.0,53.02,-0.04435480013489723,-7.5623297691345215,-1.4800631999969482,23.61825180053711,37.0,0
7.663,2,-80.0,52.8992,-0.05848243460059166,-5.577115535736084,-1.0915265083312988,23.636198043823242,37.0,0
7.668,2,-80.0,52.7948,-0.05756073817610741,-5.909254550933838,-1.1565312147140503,23.654146194458008,37.0,0
7.673,2,-80.0,52.7344,-0.04022911563515663,-7.840634346008301,-1.534531593322754,23.600303649902344,37.0,0
7.677,2,-80.0,52.6849,-0.03005356900393963,-10.695869445800781,-2.0933446884155273,23.600303649902344,37.0,0
7.682,2,-80.0,52.6355,-0.029417609795928,-11.873042106628418,-2.323735237121582,23.636198043823242,37.0,0
7.687,2,-80.0,52.5696,-0.034032102674245834,-11.401603698730469,-2.2314677238464355,23.61825180053711,37.0,0
7.692,2,-80.0,52.4982,-0.04009182006120682,-10.604741096496582,-2.075509548187256,23.61825180053711,37.0,0
7.697,2,-80.0,52.3938,-0.052933469414711,-8.76968002319336,-1.7163599729537964,23.636198043823242,37.0,0
7.702,2,-80.0,52.2729,-0.06217513605952263,-7.188002586364746,-1.406801700592041,23.636198043823242,37.0,0
7.707,2,-80.0,52.1851,-0.0510675273835659,-8.162179946899414,-1.5974630117416382,23.61825180053711,37.0,0
7.712,2,-80.0,52.1246,-0.039239101111888885,-11.16865062713623,-2.185875177383423,23.61825180053711,37.0,0
7.718,2,-80.0,52.0532,-0.041233230382204056,-11.354973793029785,-2.222341537475586,23.61825180053711,37.0,0
7.723,2,-80.0,51.9434,-0.055358242243528366,-7.377189636230469,-1.4438284635543823,23.600303649902344,37.0,0
7.727,2,-80.0,51.8115,-0.06957367062568665,-5.601487159729004,-1.0962964296340942,23.636198043823242,37.0,0
7.732,2,-80.0,51.6907,-0.06591193377971649,-6.206386089324951,-1.2146843671798706,23.654146194458008,37.0,0
7.737,2,-80.0,51.6083,-0.05070463940501213,-8.593212127685547,-1.681822657585144,23.636198043823242,37.0,0
7.742,2,-80.0,51.5369,-0.043655864894390106,-8.107051849365234,-1.586673617362976,23.61825180053711,37.0,0
7.747,2,-80.0,51.4215,-0.06149478256702423,-4.77135705947876,-0.93382728099823,23.61825180053711,37.0,0
7.752,2,-80.0,51.2732,-0.0743500217795372,-3.2315666675567627,-0.6324669122695923,23.636198043823242,37.0,0
7.757,2,-80.0,51.1798,-0.05830220505595207,-5.077145099639893,-0.993674635887146,23.636198043823242,37.0,0
7.763,2,-80.0,51.0974,-0.04658722132444382,-6.8372697830200195,-1.3381578922271729,23.636198043823242,37.0,0
7.767,2,-80.0,51.0205,-0.0476456917822361,-7.128552436828613,-1.3951663970947266,23.61825180053711,37.0,0
7.773,2,-80.0,50.8942,-0.06150592491030693,-3.550563097000122,-0.694899320602417,23.61825180053711,37.0,0
7.778,2,-80.0,50.7733,-0.06589075177907944,-2.3399441242218018,-0.4579627215862274,23.636198043823242,37.0,0
7.782,2,-80.0,50.6799,-0.05374285206198692,-4.5773797035217285,-0.8958629965782166,23.636198043823242,37.0,0
7.788,2,-80.0,50.603,-0.048217661678791046,-7.002376556396484,-1.3704718351364136,23.636198043823242,37.0,0
7.792,2,-80.0,50.5042,-0.052627261728048325,-3.635293960571289,-0.7114824652671814,23.61825180053711,37.0,0
7.798,2,-80.0,50.3888,-0.060341909527778625,-3.417057514190674,-0.6687702536582947,23.61825180053711,37.0,0
7.803,2,-80.0,50.2899,-0.056835465133190155,-3.494802474975586,-0.6839861273765564,23.636198043823242,37.0,0
7.808,2,-80.0,50.2075,-0.04775308817625046,-5.140307903289795,-1.006036639213562,23.636198043823242,37.0,0
7.812,2,-80.0,50.1251,-0.0481124147772789,-4.528493881225586,-0.8862952589988708,23.636198043823242,37.0,0
7.818,2,-80.0,50.0208,-0.054344333708286285,-3.086676836013794,-0.6041097044944763,23.636198043823242,37.0,0
7.822,2,-80.0,49.9164,-0.05691663920879364,-3.372192859649658,-0.6599895358085632,23.61825180053711,37.0,0
7.828,2,-80.0,49.8175,-0.05476982891559601,-3.502401828765869,-0.6854733824729919,23.636198043823242,37.0,0
7.833,2,-80.0,49.7406,-0.04572358354926109,-4.941344738006592,-0.9670965075492859,23.636198043823242,37.0,0
7.838,2,-80.0,49.6692,-0.04250767454504967,-5.643177509307861,-1.104455828666687,23.61825180053711,37.0,0
7.842,2,-80.0,49.5868,-0.046851806342601776,-5.00590181350708,-0.9797312617301941,23.636198043823242,37.0,0
7.847,2,-80.0,49.4989,-0.0472145676612854,-4.450040817260742,-0.8709408044815063,23.61825180053711,37.0,0
7.853,2,-80.0,49.411,-0.0488167479634285,-4.467686653137207,-0.8743943572044373,23.61825180053711,37.0,0
7.857,2,-80.0,49.3121,-0.05335277318954468,-3.8420162200927734,-0.7519411444664001,23.61825180053711,37.0,0
7.863,2,-80.0,49.2188,-0.05131731927394867,-4.792101860046387,-0.9378873705863953,23.636198043823242,37.0,0
7.867,2,-80.0,49.1364,-0.045983605086803436,-5.659097194671631,-1.1075716018676758,23.636198043823242,37.0,0
7.873,2,-80.0,49.0649,-0.042073238641023636,-6.274099826812744,-1.2279369831085205,23.61825180053711,37.0,0
7.878,2,-80.0,49.0045,-0.03543774038553238,-7.457365989685059,-1.4595202207565308,23.61825180053711,37.0,0
7.882,2,-80.0,48.9441,-0.0342375673353672,-7.970294952392578,-1.5599082708358765,23.600303649902344,37.0,0
7.887,2,-80.0,48.8562,-0.047286681830883026,-6.054351329803467,-1.1849288940429688,23.61825180053711,37.0,0
7.892,2,-80.0,48.7408,-0.05926954001188278,-4.506038665771484,-0.881900429725647,23.61825180053711,37.0,0
7.898,2,-80.0,48.642,-0.05489843711256981,-5.239752769470215,-1.0254994630813599,23.636198043823242,37.0,0
7.903,2,-80.0,48.5596,-0.04850092902779579,-5.756593704223633,-1.1266530752182007,23.636198043823242,37.0,0
7.908,2,-80.0,48.4717,-0.04710322245955467,-7.157425403594971,-1.4008172750473022,23.636198043823242,37.0,0
7.913,2,-80.0,48.3728,-0.053987033665180206,-4.758571624755859,-0.9313249588012695,23.61825180053711,37.0,0
7.918,2,-80.0,48.2574,-0.06225312128663063,-2.8897345066070557,-0.5655651092529297,23.61825180053711,37.0,0
7.922,2,-80.0,48.1476,-0.059881310909986496,-3.0726914405822754,-0.6013725399971008,23.636198043823242,37.0,0
7.928,2,-80.0,48.0597,-0.052872661501169205,-5.33646821975708,-1.0444282293319702,23.636198043823242,37.0,0
7.933,2,-80.0,47.9663,-0.051809728145599365,-5.282490253448486,-1.03386390209198,23.61825180053711,37.0,0
7.938,2,-80.0,47.8564,-0.05948667228221893,-2.776459217071533,-0.5433954000473022,23.636198043823242,37.0,0
7.943,2,-80.0,47.7411,-0.06422954052686691,-1.8597575426101685,-0.3639828860759735,23.636198043823242,37.0,0
7.948,2,-80.0,47.6422,-0.055211566388607025,-3.3657257556915283,-0.6587238311767578,23.636198043823242,37.0,0
7.953,2,-80.0,47.5598,-0.04897536709904671,-3.534125804901123,-0.6916823387145996,23.636198043823242,37.0,0
7.958,2,-80.0,47.4609,-0.0530911423265934,-2.7028391361236572,-0.5289868116378784,23.61825180053711,37.0,0
7.963,2,-80.0,47.3566,-0.05773336812853813,-1.8972092866897583,-0.37131279706954956,23.636198043823242,37.0,0
7.968,2,-80.0,47.2522,-0.056730616837739944,-2.2424285411834717,-0.4388774335384369,23.61825180053711,37.0,0
7.973,2,-80.0,47.1643,-0.05005771666765213,-3.148529052734375,-0.6162151098251343,23.636198043823242,37.0,0
7.978,2,-80.0,47.0874,-0.046187713742256165,-3.951972246170044,-0.7734612226486206,23.636198043823242,37.0,0
7.983,2,-80.0,46.9995,-0.04739046096801758,-3.0528557300567627,-0.5974904298782349,23.61825180053711,37.0,0
7.988,2,-80.0,46.9116,-0.049452971667051315,-2.7026495933532715,-0.5289497375488281,23.61825180053711,37.0,0
7.993,2,-80.0,46.8127,-0.05410939082503319,-2.541343927383423,-0.49737972021102905,23.61825180053711,37.0,0
7.998,2,-80.0,46.7139,-0.05341026559472084,-2.3783788681030273,-0.46548497676849365,23.636198043823242,37.0,0
8.003,2,-80.0,46.637,-0.04658731445670128,-3.5673043727874756,-0.698175847530365,23.61825180053711,37.0,0
8.007,2,-80.0,46.5601,-0.04291980713605881,-6.635768890380859,-1.2987210750579834,23.636198043823242,37.0,0
8.013,2,-80.0,46.4941,-0.038991060107946396,-4.8368120193481445,-0.9466378688812256,23.636198043823242,37.0,0
8.017,2,-80.0,46.4337,-0.03508170694112778,-6.6510186195373535,-1.3017057180404663,23.61825180053711,37.0,0
8.022,2,-80.0,46.3568,-0.04257543385028839,-4.31191873550415,-0.8439082503318787,23.61825180053711,37.0,0
8.028,2,-80.0,46.2415,-0.05652346462011337,-3.176717758178711,-0.6217321157455444,23.600303649902344,37.0,0
8.032,2,-80.0,46.1426,-0.0551660917699337,-3.3717851638793945,-0.6599097847938538,23.61825180053711,37.0,0
8.037,2,-80.0,46.0767,-0.04161407798528671,-6.478240489959717,-1.267890453338623,23.61825180053711,37.0,0
8.043,2,-80.0,46.0162,-0.035429418087005615,-7.614846706390381,-1.4903415441513062,23.61825180053711,37.0,0
8.048,2,-80.0,45.9668,-0.029635507613420486,-10.427043914794922,-2.040731430053711,23.61825180053711,37.0,0
8.053,2,-80.0,45.9174,-0.028390582650899887,-9.489891052246094,-1.8573163747787476,23.61825180053711,37.0,0
8.057,2,-80.0,45.8514,-0.036675214767456055,-7.3464274406433105,-1.4378079175949097,23.61825180053711,37.0,0
8.062,2,-80.0,45.7361,-0.056595053523778915,-5.396840572357178,-1.0562440156936646,23.600303649902344,37.0,0
8.067,2,-80.0,45.6152,-0.06453356891870499,-3.5444111824035645,-0.6936952471733093,23.636198043823242,37.0,0
8.072,2,-80.0,45.5328,-0.047656215727329254,-7.606158256530762,-1.4886411428451538,23.654146194458008,37.0,0
8.078,2,-80.0,45.4889,-0.031784072518348694,-11.125518798828125,-2.177433729171753,23.61825180053711,37.0,0
8.082,2,-80.0,45.4285,-0.033031947910785675,-10.472275733947754,-2.049583911895752,23.61825180053711,37.0,0
8.088,2,-80.0,45.3625,-0.03704218938946724,-11.421192169189453,-2.2353014945983887,23.61825180053711,37.0,0
8.092,2,-80.0,45.2856,-0.04095112159848213,-9.936331748962402,-1.9446916580200195,23.61825180053711,37.0,0
8.097,2,-80.0,45.1923,-0.04973091557621956,-8.555609703063965,-1.6744632720947266,23.636198043823242,37.0,0
8.103,2,-80.0,45.0824,-0.05894498527050018,-7.316150665283203,-1.4318821430206299,23.636198043823242,37.0,0
8.108,2,-80.0,44.989,-0.05107300728559494,-6.917961597442627,-1.3539505004882812,23.61825180053711,37.0,0
8.112,2,-80.0,44.9286,-0.03782423958182335,-10.93039321899414,-2.139244556427002,23.61825180053711,37.0,0
8.117,2,-80.0,44.8627,-0.038196854293346405,-10.884306907653809,-2.1302247047424316,23.600303649902344,37.0,0
8.122,2,-80.0,44.7693,-0.049704503268003464,-8.168619155883789,-1.598723292350769,23.61825180053711,37.0,0
8.127,2,-80.0,44.6429,-0.06503681093454361,-6.638179779052734,-1.2991929054260254,23.636198043823242,37.0,0
8.132,2,-80.0,44.5166,-0.06782661378383636,-4.675471305847168,-0.9150609970092773,23.61825180053711,37.0,0
8.138,2,-80.0,44.4177,-0.05681454390287399,-6.973487854003906,-1.3648178577423096,23.636198043823242,37.0,0
8.142,2,-80.0,44.3518,-0.04420208930969238,-8.32785415649414,-1.6298880577087402,23.600303649902344,37.0,0
8.147,2,-80.0,44.2474,-0.0549207404255867,-6.3754448890686035,-1.2477717399597168,23.61825180053711,37.0,0
8.153,2,-80.0,44.1046,-0.07351711392402649,-3.6845569610595703,-0.7211239337921143,23.636198043823242,37.0,0
8.157,2,-80.0,43.9893,-0.065528504550457,-3.867260694503784,-0.7568818926811218,23.636198043823242,37.0,0
8.162,2,-80.0,43.8959,-0.05452467501163483,-6.277067184448242,-1.228517770767212,23.654146194458008,37.0,0
8.168,2,-80.0,43.808,-0.05243075639009476,-5.56304931640625,-1.0887736082077026,23.61825180053711,37.0,0
8.172,2,-80.0,43.6981,-0.05810658261179924,-3.7263479232788086,-0.7293030619621277,23.61825180053711,37.0,0
8.177,2,-80.0,43.5828,-0.06323598325252533,-3.3545243740081787,-0.656531572341919,23.654146194458008,37.0,0
8.182,2,-80.0,43.4839,-0.05453724414110184,-4.414424896240234,-0.8639702796936035,23.636198043823242,37.0,0
8.188,2,-80.0,43.4015,-0.0502588115632534,-6.082277297973633,-1.190394401550293,23.636198043823242,37.0,0
8.193,2,-80.0,43.3026,-0.05376163870096207,-4.134033203125,-0.8090933561325073,23.61825180053711,37.0,0
8.198,2,-80.0,43.1873,-0.060241471976041794,-2.614398717880249,-0.5116776823997498,23.636198043823242,37.0,0
8.203,2,-80.0,43.0829,-0.058543380349874496,-3.562328338623047,-0.6972019672393799,23.636198043823242,37.0,0
8.208,2,-80.0,43.006,-0.0467974953353405,-4.924256324768066,-0.963752031326294,23.636198043823242,37.0,0
8.212,2,-80.0,42.9346,-0.04330836609005928,-5.481234550476074,-1.1416702270507812,23.61825180053711,37.0,0
8.217,2,-80.0,42.8357,-0.05037194490432739,-3.5357470512390137,-0.691999614238739,23.636198043823242,37.0,0
8.222,2,-80.0,42.7368,-0.056330956518650055,-2.8763108253479004,-0.56293785572052,23.600303649902344,37.0,0
8.227,2,-80.0,42.627,-0.058490246534347534,-2.7746055126190186,-0.5430325865745544,23.61825180053711,37.0,0
8.232,2,-80.0,42.5391,-0.049165766686201096,-4.681484222412109,-0.9162377715110779,23.636198043823242,37.0,0
8.238,2,-80.0,42.4677,-0.04217454418540001,-6.120772361755371,-1.1979284286499023,23.61825180053711,37.0,0
8.242,2,-80.0,42.3853,-0.04644390940666199,-6.2309722900390625,-1.219496250152588,23.636198043823242,37.0,0
8.247,2,-80.0,42.2974,-0.046852100640535355,-5.562802314758301,-1.088725209236145,23.636198043823242,37.0,0
8.252,2,-80.0,42.215,-0.046833980828523636,-3.8386318683624268,-0.7512787580490112,23.636198043823242,37.0,0
8.257,2,-80.0,42.1216,-0.05163101479411125,-4.312662601470947,-0.8440538644790649,23.61825180053711,37.0,0
8.262,2,-80.0,42.0227,-0.053339771926403046,-3.589047908782959,-0.7024313807487488,23.636198043823242,37.0,0
8.267,2,-80.0,41.9403,-0.04806120693683624,-5.481337547302246,-1.0727813243865967,23.636198043823242,37.0,0
8.272,2,-80.0,41.8579,-0.04535440728068352,-6.659603118896484,-1.303385853767395,23.61825180053711,37.0,0
8.277,2,-80.0,41.7865,-0.0414850078523159,-6.95415735244751,-1.361034631729126,23.636198043823242,37.0,0
8.282,2,-80.0,41.7151,-0.040279190987348557,-6.985149383544922,-1.3671002388000488,23.600303649902344,37.0,0
8.287,2,-80.0,41.6272,-0.04822719469666481,-5.463702201843262,-1.069329857826233,23.61825180053711,37.0,0
8.292,2,-80.0,41.5283,-0.0532321073114872,-5.037735939025879,-0.9859617948532104,23.61825180053711,37.0,0
8.298,2,-80.0,41.4404,-0.04803632199764252,-6.230503559112549,-1.2194045782089233,23.636198043823242,37.0,0
8.302,2,-80.0,41.358,-0.04625227674841881,-5.2518391609191895,-1.027864933013916,23.654146194458008,37.0,0
8.308,2,-80.0,41.2811,-0.044298551976680756,-5.861800670623779,-1.1472437381744385,23.61825180053711,37.0,0
8.313,2,-80.0,41.1877,-0.05048283934593201,-3.7349953651428223,-0.7309955358505249,23.61825180053711,37.0,0
8.317,2,-80.0,41.0724,-0.06009955331683159,-3.440480947494507,-0.6733545660972595,23.61825180053711,37.0,0
8.323,2,-80.0,40.9625,-0.06082923710346222,-3.3075106143951416,-0.6473302245140076,23.636198043823242,37.0,0
8.328,2,-80.0,40.8691,-0.05399436503648758,-3.567110776901245,-0.6981379389762878,23.636198043823242,37.0,0
8.332,2,-80.0,40.7758,-0.05294967442750931,-3.3720319271087646,-0.659958004951477,23.61825180053711,37.0,0
8.337,2,-80.0,40.6604,-0.06118331849575043,-2.60512113571167,-0.5098618865013123,23.636198043823242,37.0,0
8.342,2,-80.0,40.545,-0.061888135969638824,-2.2250759601593018,-0.43548130989074707,23.636198043823242,37.0,0
8.347,2,-80.0,40.4572,-0.05166526511311531,-2.923393487930298,-0.5721526741981506,23.636198043823242,37.0,0
8.352,2,-80.0,40.3802,-0.04832356050610542,-4.181548118591309,-0.8183927536010742,23.61825180053711,37.0,0
8.357,2,-80.0,40.2759,-0.054368533194065094,-2.8356242179870605,-0.5549749135971069,23.636198043823242,37.0,0
8.362,2,-80.0,40.166,-0.05911561846733093,-1.2564586400985718,-0.24590811133384705,23.636198043823242,37.0,0
8.367,2,-80.0,40.0671,-0.05534748733043671,-2.1928024291992188,-0.429164856672287,23.636198043823242,37.0,0
8.372,2,-80.0,39.9792,-0.05013878270983696,-3.5823543071746826,-0.7011213302612305,23.636198043823242,37.0,0
8.377,2,-80.0,39.8969,-0.04821479320526123,-3.8369879722595215,-0.7509570121765137,23.61825180053711,37.0,0
8.382,2,-80.0,39.809,-0.04955166578292847,-3.224555015563965,-0.6310945749282837,23.636198043823242,37.0,0
8.388,2,-80.0,39.7156,-0.051284413784742355,-2.4336323738098145,-0.4762989282608032,23.636198043823242,37.0,0
8.392,2,-80.0,39.6167,-0.054142944514751434,-2.0562822818756104,-0.4024457633495331,23.636198043823242,37.0,0
8.397,2,-80.0,39.5233,-0.052246324717998505,-2.3181674480438232,-0.4537007212638855,23.61825180053711,37.0,0
8.402,2,-80.0,39.4354,-0.04787791520357132,-3.798475503921509,-0.7434195876121521,23.61825180053711,37.0,0
8.407,2,-80.0,39.3585,-0.04398256167769432,-4.312962055206299,-0.8441123962402344,23.61825180053711,37.0,0
8.412,2,-80.0,39.2926,-0.0396825335919857,-5.9882612228393555,-1.1719939708709717,23.636198043823242,37.0,0
8.417,2,-80.0,39.2322,-0.03501889109611511,-5.734248161315918,-1.1222797632217407,23.61825180053711,37.0,0
8.422,2,-80.0,39.1553,-0.04151720553636551,-5.13209342956543,-1.0044288635253906,23.600303649902344,37.0,0
8.427,2,-80.0,39.0454,-0.05684978514909744,-3.164653778076172,-0.6193709969520569,23.636198043823242,37.0,0
8.432,2,-80.0,38.941,-0.05665237456560135,-3.5832908153533936,-0.7013046145439148,23.61825180053711,37.0,0
8.438,2,-80.0,38.8696,-0.04345996305346489,-7.816778659820557,-1.5298627614974976,23.61825180053711,37.0,0
8.442,2,-80.0,38.8092,-0.03571898490190506,-7.821288585662842,-1.530745506286621,23.61825180053711,37.0,0
8.447,2,-80.0,38.7653,-0.028438590466976166,-10.681208610534668,-2.09047532081604,23.61825180053711,37.0,0
8.452,2,-80.0,38.7213,-0.023955412209033966,-10.941717147827148,-2.14146089553833,23.600303649902344,37.0,0
8.457,2,-80.0,38.6554,-0.03695547580718994,-7.634725570678711,-1.494232177734375,23.61825180053711,37.0,0
8.462,2,-80.0,38.5345,-0.058938998728990555,-5.403797149658203,-1.057605504989624,23.61825180053711,37.0,0
8.467,2,-80.0,38.4137,-0.06421565264463425,-4.2717790603637695,-0.8360522985458374,23.636198043823242,37.0,0
8.472,2,-80.0,38.3313,-0.0500994473695755,-7.715158939361572,-1.5099742412567139,23.636198043823242,37.0,0
8.477,2,-80.0,38.2709,-0.036956027150154114,-9.08887767791748,-1.7788318395614624,23.61825180053711,37.0,0
8.482,2,-80.0,38.2159,-0.034539442509412766,-8.769153594970703,-1.716257095336914,23.600303649902344,37.0,0
8.487,2,-80.0,38.1445,-0.037059955298900604,-10.685153007507324,-2.091247320175171,23.61825180053711,37.0,0
8.493,2,-80.0,38.0566,-0.04650234058499336,-8.818931579589844,-1.7259992361068726,23.61825180053711,37.0,0
8.498,2,-80.0,37.9413,-0.05958198383450508,-6.579095840454102,-1.2876293659210205,23.61825180053711,37.0,0
8.503,2,-80.0,37.8424,-0.056684136390686035,-8.697540283203125,-1.7022411823272705,23.636198043823242,37.0,0
8.507,2,-80.0,37.7655,-0.044629111886024475,-8.363449096679688,-1.6368544101715088,23.61825180053711,37.0,0
8.513,2,-80.0,37.7051,-0.03616439178586006,-10.935746192932129,-2.140292167663574,23.636198043823242,37.0,0
8.517,2,-80.0,37.6392,-0.03763226792216301,-11.635946273803711,-2.277332067489624,23.61825180053711,37.0,0
8.523,2,-80.0,37.5458,-0.04999919608235359,-7.865352153778076,-1.5393693447113037,23.61825180053711,37.0,0
8.527,2,-80.0,37.4249,-0.06314429640769958,-6.373857498168945,-1.2474610805511475,23.636198043823242,37.0,0
8.532,2,-80.0,37.3041,-0.06484833359718323,-6.227397441864014,-1.2187966108322144,23.636198043823242,37.0,0
8.538,2,-80.0,37.2162,-0.05285291373729706,-8.486726760864258,-1.6609818935394287,23.654146194458008,37.0,0
8.543,2,-80.0,37.1448,-0.0424451045691967,-8.422386169433594,-1.6483893394470215,23.600303649902344,37.0,0
8.548,2,-80.0,37.0459,-0.053956370800733566,-5.707964897155762,-1.117135763168335,23.61825180053711,37.0,0
8.553,2,-80.0,36.9031,-0.0708785429596901,-3.234210252761841,-0.6329842805862427,23.636198043823242,37.0,0
8.558,2,-80.0,36.7932,-0.06380210071802139,-4.416597366333008,-0.8643953800201416,23.654146194458008,37.0,0
8.563,2,-80.0,36.6998,-0.05609678104519844,-4.761106491088867,-0.9318211078643799,23.636198043823242,37.0,0
8.567,2,-80.0,36.5955,-0.05818941816687584,-3.884274482727051,-0.760211706161499,23.61825180053711,37.0,0
8.573,2,-80.0,36.4691,-0.06634996831417084,-2.7732019424438477,-0.5427579283714294,23.636198043823242,37.0,0
8.578,2,-80.0,36.3647,-0.059116095304489136,-3.8636929988861084,-0.7561836242675781,23.636198043823242,37.0,0
8.583,2,-80.0,36.2878,-0.0473339706659317,-5.2039875984191895,-1.018499732017517,23.636198043823242,37.0,0
8.588,2,-80.0,36.1945,-0.05185934528708458,-3.3559720516204834,-0.6568149328231812,23.636198043823242,37.0,0
8.593,2,-80.0,36.0846,-0.058219064027071,-2.616283416748047,-0.5120465755462646,23.61825180053711,37.0,0
8.598,2,-80.0,35.9692,-0.06315013766288757,-1.6505032777786255,-0.32302865386009216,23.61825180053711,37.0,0
8.603,2,-80.0,35.8704,-0.056931570172309875,-2.864694118499756,-0.5606642961502075,23.636198043823242,37.0,0
8.608,2,-80.0,35.7935,-0.04538891091942787,-5.2567830085754395,-1.0288325548171997,23.61825180053711,37.0,0
8.613,2,-80.0,35.7166,-0.04409751668572426,-7.24961519241333,-1.4188601970672607,23.636198043823242,37.0,0
8.617,2,-80.0,35.6232,-0.04919486492872238,-3.812380075454712,-0.7461408972740173,23.636198043823242,37.0,0
8.623,2,-80.0,35.5298,-0.0523386187851429,-3.1024510860443115,-0.6071969866752625,23.61825180053711,37.0,0
8.628,2,-80.0,35.4309,-0.05494477599859238,-3.5328383445739746,-0.6914303302764893,23.61825180053711,37.0,0
8.633,2,-80.0,35.3375,-0.05059092864394188,-4.031956195831299,-0.789115309715271,23.61825180053711,37.0,0
8.638,2,-80.0,35.2606,-0.044989049434661865,-5.289586067199707,-1.035252571105957,23.61825180053711,37.0,0
8.643,2,-80.0,35.1782,-0.04654843732714653,-7.311999797821045,-1.4310698509216309,23.636198043823242,37.0,0
8.648,2,-80.0,35.0958,-0.04536306858062744,-3.5882129669189453,-0.7022680044174194,23.61825180053711,37.0,0
8.653,2,-80.0,35.0134,-0.04609067365527153,-4.318796634674072,-0.8452543020248413,23.61825180053711,37.0,0
8.658,2,-80.0,34.92,-0.05044440180063248,-3.8763136863708496,-0.7586536407470703,23.636198043823242,37.0,0
8.663,2,-80.0,34.8267,-0.05190536007285118,-4.151236057281494,-0.81246018409729,23.636198043823242,37.0,0
8.668,2,-80.0,34.7388,-0.049361277371644974,-4.784793376922607,-0.9364570379257202,23.636198043823242,37.0,0
8.673,2,-80.0,34.6509,-0.04891696944832802,-2.7837698459625244,-0.5448262095451355,23.61825180053711,37.0,0
8.677,2,-80.0,34.5685,-0.048252176493406296,-5.122091293334961,-1.0024713277816772,23.636198043823242,37.0,0
8.683,2,-80.0,34.4806,-0.048281315714120865,-4.761022567749023,-0.9318046569824219,23.61825180053711,37.0,0
8.687,2,-80.0,34.3927,-0.049661945551633835,-4.612507343292236,-0.9027379751205444,23.636198043823242,37.0,0
8.692,2,-80.0,34.3048,-0.047673556953668594,-5.8874359130859375,-1.1522610187530518,23.600303649902344,37.0,0
8.698,2,-80.0,34.2279,-0.04319091886281967,-6.384572505950928,-1.2495580911636353,23.61825180053711,37.0,0
8.702,2,-80.0,34.151,-0.04435165598988533,-6.2034525871276855,-1.214110255241394,23.61825180053711,37.0,0
8.707,2,-80.0,34.0741,-0.043729476630687714,-5.622777462005615,-1.1004632711410522,23.61825180053711,37.0,0
8.713,2,-80.0,33.9807,-0.048827555030584335,-5.266077995300293,-1.0306518077850342,23.61825180053711,37.0,0
8.717,2,-80.0,33.8818,-0.05788477882742882,-4.803941249847412,-0.9402045011520386,23.636198043823242,37.0,0
8.723,2,-80.0,33.7665,-0.05853879451751709,-3.8837122917175293,-0.7601017355918884,23.636198043823242,37.0,0
8.727,2,-80.0,33.6731,-0.052572064101696014,-4.042660713195801,-0.7912103533744812,23.636198043823242,37.0,0
8.732,2,-80.0,33.5797,-0.05155395716428757,-3.5642974376678467,-0.6975873708724976,23.61825180053711,37.0,0
8.738,2,-80.0,33.4698,-0.06065107509493828,-1.9085906744003296,-0.3735402822494507,23.636198043823242,37.0,0
8.742,2,-80.0,33.3545,-0.06348507106304169,-1.7138304710388184,-0.3354227542877197,23.636198043823242,37.0,0
8.747,2,-80.0,33.2611,-0.05309275537729263,-3.3003897666931152,-0.6459365487098694,23.61825180053711,37.0,0
8.753,2,-80.0,33.1787,-0.04736464098095894,-3.6715939044952393,-0.7185869216918945,23.61825180053711,37.0,0
8.757,2,-80.0,33.0798,-0.054722897708415985,-2.357835054397583,-0.4614642858505249,23.636198043823242,37.0,0
8.763,2,-80.0,32.97,-0.05925923213362694,-1.6980552673339844,-0.33233529329299927,23.636198043823242,37.0,0
8.767,2,-80.0,32.8656,-0.05797082930803299,-1.5132185220718384,-0.29615992307662964,23.636198043823242,37.0,0
8.772,2,-80.0,32.7832,-0.048895470798015594,-3.570882558822632,-0.698876142501831,23.61825180053711,37.0,0
8.778,2,-80.0,32.7118,-0.04354436695575714,-4.5785417556762695,-0.8960904479026794,23.636198043823242,37.0,0
8.783,2,-80.0,32.6184,-0.0482766292989254,-4.80459451675415,-0.9403324127197266,23.61825180053711,37.0,0
8.788,2,-80.0,32.5195,-0.05352181941270828,-2.143634557723999,-0.41954195499420166,23.61825180053711,37.0,0
8.792,2,-80.0,32.4207,-0.05507802218198776,-2.0520670413970947,-0.4016208052635193,23.636198043823242,37.0,0
8.797,2,-80.0,32.3273,-0.05337202921509743,-2.2044219970703125,-0.4248172640800476,23.61825180053711,37.0,0
8.802,2,-80.0,32.2394,-0.047952570021152496,-2.4480602741241455,-0.47912272810935974,23.636198043823242,37.0,0
8.807,2,-80.0,32.1625,-0.04333711043000221,-5.195882797241211,-1.0169135332107544,23.636198043823242,37.0,0
8.813,2,-80.0,32.0966,-0.0395885668694973,-4.758741855621338,-0.9313583374023438,23.61825180053711,37.0,0
8.818,2,-80.0,32.0361,-0.03566304221749306,-6.0533576011657715,-1.1847343444824219,23.636198043823242,37.0,0
8.823,2,-80.0,31.9592,-0.04146143049001694,-5.5269317626953125,-1.0817047357559204,23.600303649902344,37.0,0
8.828,2,-80.0,31.8494,-0.057223983108997345,-3.012075424194336,-0.5895090699195862,23.61825180053711,37.0,0
8.832,2,-80.0,31.7395,-0.057809919118881226,-2.1777565479278564,-0.426220178604126,23.636198043823242,37.0,0
8.837,2,-80.0,31.6681,-0.04316311702132225,-5.261126518249512,-1.0296826362609863,23.636198043823242,37.0,0
8.842,2,-80.0,31.6132,-0.03487762436270714,-7.992813587188721,-1.5643155574798584,23.636198043823242,37.0,0
8.847,2,-80.0,31.5637,-0.02897082269191742,-8.60722541809082,-1.6845653057098389,23.61825180053711,37.0,0
8.853,2,-80.0,31.5198,-0.02581532672047615,-9.703262329101562,-1.8990763425827026,23.61825180053711,37.0,0
8.857,2,-80.0,31.4429,-0.04138738662004471,-7.031342506408691,-1.376140832901001,23.600303649902344,37.0,0
8.862,2,-80.0,31.322,-0.059873588383197784,-5.40198278427124,-1.0572503805160522,23.636198043823242,37.0,0
8.868,2,-80.0,31.2122,-0.06004481017589569,-4.913750171661377,-0.9616958498954773,23.636198043823242,37.0,0
8.872,2,-80.0,31.1353,-0.04512690007686615,-7.394623756408691,-1.4472405910491943,23.636198043823242,37.0,0
8.878,2,-80.0,31.0748,-0.03748944029211998,-9.031152725219727,-1.7675342559814453,23.61825180053711,37.0,0
8.882,2,-80.0,31.0089,-0.037862107157707214,-8.274713516235352,-1.6194876432418823,23.61825180053711,37.0,0
8.887,2,-80.0,30.932,-0.041663117706775665,-8.89522647857666,-1.7409313917160034,23.61825180053711,37.0,0
8.892,2,-80.0,30.8331,-0.05117747560143471,-6.979601860046387,-1.3660144805908203,23.61825180053711,37.0,0
8.898,2,-80.0,30.7178,-0.06052884832024574,-6.066660404205322,-1.187337875366211,23.636198043823242,37.0,0
8.903,2,-80.0,30.6299,-0.05136168375611305,-7.724483966827393,-1.5117993354797363,23.61825180053711,37.0,0
8.907,2,-80.0,30.5585,-0.04051351919770241,-9.332934379577637,-1.8265975713729858,23.61825180053711,37.0,0
8.913,2,-80.0,30.498,-0.036424797028303146,-9.261287689208984,-1.8125752210617065,23.61825180053711,37.0,0
8.917,2,-80.0,30.4266,-0.040002062916755676,-10.508634567260742,-2.0566999912261963,23.61825180053711,37.0,0
8.923,2,-80.0,30.3223,-0.05344441160559654,-6.737812042236328,-1.3186924457550049,23.61825180053711,37.0,0
8.927,2,-80.0,30.2014,-0.0634385272860527,-5.387234687805176,-1.0543639659881592,23.636198043823242,37.0,0
8.932,2,-80.0,30.097,-0.05803258717060089,-6.478165149688721,-1.2678756713867188,23.636198043823242,37.0,0
8.937,2,-80.0,30.0201,-0.04497946798801422,-8.570083618164062,-1.6772959232330322,23.61825180053711,37.0,0
8.942,2,-80.0,29.9597,-0.03796156868338585,-9.327400207519531,-1.825514316558838,23.61825180053711,37.0,0
8.947,2,-80.0,29.8718,-0.04815664514899254,-6.546906471252441,-1.2813293933868408,23.61825180053711,37.0,0
8.953,2,-80.0,29.7345,-0.06955055892467499,-4.039653301239014,-0.7906217575073242,23.654146194458008,37.0,0
8.958,2,-80.0,29.6082,-0.06807839870452881,-3.317382574081421,-0.6492623090744019,23.636198043823242,37.0,0
8.963,2,-80.0,29.5148,-0.05627509579062462,-6.722410202026367,-1.3156781196594238,23.654146194458008,37.0,0
8.967,2,-80.0,29.4159,-0.05691822990775108,-3.2239112854003906,-0.6309685707092285,23.61825180053711,37.0,0
8.972,2,-80.0,29.2896,-0.06768516451120377,-2.143069267272949,-0.41943129897117615,23.636198043823242,37.0,0
8.978,2,-80.0,29.1632,-0.0670182853937149,-2.4497129917144775,-0.479446142911911,23.61825180053711,37.0,0
8.982,2,-80.0,29.0863,-0.04789074882864952,-4.488435745239258,-0.8784552812576294,23.636198043823242,37.0,0
8.988,2,-80.0,29.0149,-0.04420464485883713,-5.238283634185791,-1.0252119302749634,23.61825180053711,37.0,0
8.992,2,-80.0,28.916,-0.053065624088048935,-2.7844443321228027,-0.544958233833313,23.636198043823242,37.0,0
8.997,2,-80.0,28.7952,-0.06395253539085388,-1.8748915195465088,-0.3669448494911194,23.636198043823242,37.0,0
9.003,2,-80.0,28.6853,-0.0605667419731617,-2.5851986408233643,-0.5059627890586853,23.636198043823242,37.0,0
9.007,2,-80.0,28.6029,-0.04914245381951332,-3.841977596282959,-0.7519335746765137,23.636198043823242,37.0,0
9.013,2,-80.0,28.526,-0.04402023181319237,-5.070690155029297,-0.9924113154411316,23.636198043823242,37.0,0
9.017,2,-80.0,28.4381,-0.04937237128615379,-3.4847536087036133,-0.6820194125175476,23.636198043823242,37.0,0
9.023,2,-80.0,28.3337,-0.05396628379821777,-2.8516368865966797,-0.5581088066101074,23.61825180053711,37.0,0
9.027,2,-80.0,28.2349,-0.0561264231801033,-2.177844762802124,-0.42623743414878845,23.636198043823242,37.0,0
9.033,2,-80.0,28.147,-0.048196300864219666,-4.058045387268066,-0.7942212820053101,23.61825180053711,37.0,0
9.037,2,-80.0,28.0756,-0.04447381570935249,-5.224550247192383,-1.022524118423462,23.61825180053711,37.0,0
9.042,2,-80.0,27.9877,-0.048144496977329254,-3.63267183303833,-0.7109692096710205,23.636198043823242,37.0,0
9.048,2,-80.0,27.8998,-0.04832509532570839,-3.8104281425476074,-0.7457588911056519,23.636198043823242,37.0,0
9.053,2,-80.0,27.8119,-0.04810226336121559,-4.060632705688477,-0.7947277426719666,23.61825180053711,37.0,0
9.057,2,-80.0,27.7185,-0.05239219591021538,-3.890226125717163,-0.7104122638702393,23.636198043823242,37.0,0
9.063,2,-80.0,27.6251,-0.05080673098564148,-3.5856359004974365,-0.7017636299133301,23.61825180053711,37.0,0
9.067,2,-80.0,27.5427,-0.04719775542616844,-4.531153202056885,-0.8790554404258728,23.61825180053711,37.0,0
9.073,2,-80.0,27.4548,-0.048420581966638565,-4.2242431640625,-0.8267487287521362,23.61825180053711,37.0,0
9.077,2,-80.0,27.3724,-0.047201551496982574,-5.98159122467041,-1.1706886291503906,23.636198043823242,37.0,0
9.082,2,-80.0,27.2845,-0.047661155462265015,-4.876237869262695,-0.9543540477752686,23.61825180053711,37.0,0
9.088,2,-80.0,27.1857,-0.05267820879817009,-3.658231735229492,-0.7159717082977295,23.61825180053711,37.0,0
9.093,2,-80.0,27.0978,-0.050906404852867126,-4.390831470489502,-0.8593525886535645,23.636198043823242,37.0,0
9.097,2,-80.0,27.0154,-0.045179273933172226,-4.957778453826904,-0.9703128337860107,23.61825180053711,37.0,0
9.103,2,-80.0,26.9385,-0.045077428221702576,-4.453552722930908,-0.8716281652450562,23.636198043823242,37.0,0
9.107,2,-80.0,26.8616,-0.0436437651515007,-4.946172714233398,-0.9680414199829102,23.61825180053711,37.0,0
9.113,2,-80.0,26.7682,-0.048617713153362274,-4.143819808959961,-0.8110086917877197,23.600303649902344,37.0,0
9.117,2,-80.0,26.6638,-0.05596628040075302,-3.3267009258270264,-0.6510860919952393,23.61825180053711,37.0,0
9.122,2,-80.0,26.5649,-0.05546664074063301,-4.0980706214904785,-0.8020548224449158,23.636198043823242,37.0,0
9.128,2,-80.0,26.4771,-0.049389105290174484,-5.90037202835083,-1.1547927856445312,23.636198043823242,37.0,0
9.132,2,-80.0,26.3947,-0.04887305200099945,-4.585964679718018,-0.89754319190979,23.636198043823242,37.0,0
9.138,2,-80.0,26.2958,-0.05310985445976257,-3.5304713249206543,-0.6909670829772949,23.61825180053711,37.0,0
9.143,2,-80.0,26.1859,-0.05951574072241783,-2.4535536766052246,-0.48019787669181824,23.654146194458008,37.0,0
9.148,2,-80.0,26.0815,-0.05740225315093994,-2.9554431438446045,-0.5784252882003784,23.61825180053711,37.0,0
9.152,2,-80.0,25.9937,-0.05005928874015808,-3.233567714691162,-0.6328584551811218,23.636198043823242,37.0,0
9.157,2,-80.0,25.9058,-0.05175420641899109,-3.101310968399048,-0.6069738268852234,23.61825180053711,37.0,0
9.162,2,-80.0,25.8014,-0.055946189910173416,-2.6328327655792236,-0.5152854919433594,23.636198043823242,37.0,0
9.167,2,-80.0,25.6915,-0.05958810821175575,-1.9136461019515991,-0.37452971935272217,23.636198043823242,37.0,0
9.172,2,-80.0,25.5927,-0.05553353577852249,-2.4581797122955322,-0.48110324144363403,23.636198043823242,37.0,0
9.178,2,-80.0,25.5103,-0.04665813222527504,-3.2274327278137207,-0.6316578388214111,23.636198043823242,37.0,0
9.182,2,-80.0,25.4333,-0.04637874662876129,-2.9594459533691406,-0.5792086720466614,23.61825180053711,37.0,0
9.187,2,-80.0,25.34,-0.048949163407087326,-2.5697755813598633,-0.5029442310333252,23.61825180053711,37.0,0
9.192,2,-80.0,25.2411,-0.054533667862415314,-2.341468095779419,-0.45826101303100586,23.636198043823242,37.0,0
9.197,2,-80.0,25.1422,-0.05490916594862938,-2.874145030975342,-0.5625140070915222,23.61825180053711,37.0,0
9.203,2,-80.0,25.0598,-0.04784650355577469,-4.126687049865723,-0.8076555728912354,23.61825180053711,37.0,0
9.207,2,-80.0,24.9774,-0.04504102095961571,-3.8676507472991943,-0.7569582462310791,23.61825180053711,37.0,0
9.213,2,-80.0,24.9005,-0.04364018514752388,-2.717437505722046,-0.5318439602851868,23.636198043823242,37.0,0
9.218,2,-80.0,24.8291,-0.04128030687570572,-5.630241870880127,-1.101924180984497,23.61825180053711,37.0,0
9.223,2,-80.0,24.7467,-0.04506136476993561,-4.107372283935547,-0.8038753867149353,23.61825180053711,37.0,0
9.228,2,-80.0,24.6423,-0.05468180030584335,-3.930499315261841,-0.7692586183547974,23.61825180053711,37.0,0
9.232,2,-80.0,24.5435,-0.05248584225773811,-2.9016151428222656,-0.5678903460502625,23.654146194458008,37.0,0
9.238,2,-80.0,24.4775,-0.042109131813049316,-4.849684715270996,-0.9491572380065918,23.61825180053711,37.0,0
9.242,2,-80.0,24.4116,-0.037149760872125626,-7.001440048217773,-1.370288610458374,23.61825180053711,37.0,0
9.248,2,-80.0,24.3622,-0.029709288850426674,-7.460920333862305,-1.4602159261703491,23.61825180053711,37.0,0
9.252,2,-80.0,24.3182,-0.02532581053674221,-9.595718383789062,-1.8780282735824585,23.61825180053711,37.0,0
9.257,2,-80.0,24.2413,-0.04091997072100639,-6.037456512451172,-1.1816222667694092,23.600303649902344,37.0,0
9.262,2,-80.0,24.115,-0.06315679848194122,-5.4672040939331055,-1.0700151920318604,23.636198043823242,37.0,0
9.267,2,-80.0,24.0051,-0.06005428731441498,-4.803943634033203,-0.9402050375938416,23.636198043823242,37.0,0
9.272,2,-80.0,23.9337,-0.043796561658382416,-7.112529754638672,-1.3920305967330933,23.61825180053711,37.0,0
9.277,2,-80.0,23.8788,-0.03582840785384178,-9.02303695678711,-1.7659457921981812,23.600303649902344,37.0,0
9.283,2,-80.0,23.8074,-0.03817133978009224,-8.795252799987793,-1.721364974975586,23.636198043823242,37.0,0
9.287,2,-80.0,23.725,-0.043828923255205154,-6.246036529541016,-1.2224445343017578,23.61825180053711,37.0,0
9.292,2,-80.0,23.6206,-0.0553956963121891,-5.9888811111450195,-1.1721153259277344,23.61825180053711,37.0,0
9.298,2,-80.0,23.5052,-0.060000885277986526,-5.01888370513916,-0.9822720289230347,23.61825180053711,37.0,0
9.303,2,-80.0,23.4229,-0.05038181692361832,-5.3993635177612305,-1.0567377805709839,23.636198043823242,37.0,0
9.307,2,-80.0,23.3569,-0.040648479014635086,-9.606287956237793,-1.8800969123840332,23.61825180053711,37.0,0
9.312,2,-80.0,23.2855,-0.03920607268810272,-7.948761940002441,-1.5556939840316772,23.61825180053711,37.0,0
9.317,2,-80.0,23.2031,-0.046570949256420135,-7.196817398071289,-1.40852689743042,23.600303649902344,37.0,0
9.322,2,-80.0,23.0933,-0.05947312340140343,-5.395992755889893,-1.0560780763626099,23.61825180053711,37.0,0
9.327,2,-80.0,22.9724,-0.06236466392874718,-5.222189903259277,-1.0220621824264526,23.636198043823242,37.0,0
9.332,2,-80.0,22.8845,-0.05192600190639496,-7.398780345916748,-1.4480541944503784,23.690038681030273,37.0,0
9.338,2,-80.0,22.8076,-0.04257752746343613,-8.888895988464355,-1.7396924495697021,23.61825180053711,37.0,0
9.342,2,-80.0,22.7527,-0.03549760580062866,-9.529606819152832,-1.8650894165039062,23.61825180053711,37.0,0
9.348,2,-80.0,22.6703,-0.04426607862114906,-6.543349266052246,-1.2806332111358643,23.61825180053711,37.0,0
9.353,2,-80.0,22.5439,-0.06486792862415314,-4.784520626068115,-0.9364036321640015,23.61825180053711,37.0,0
9.357,2,-80.0,22.4176,-0.06741465628147125,-3.6844711303710938,-0.5978888273239136,23.636198043823242,37.0,0
9.363,2,-80.0,22.3187,-0.058066368103027344,-6.1925506591796875,-1.2119765281677246,23.636198043823242,37.0,0
9.367,2,-80.0,22.2198,-0.05516655743122101,-5.779376983642578,-1.1311122179031372,23.61825180053711,37.0,0
9.372,2,-80.0,22.11,-0.062047895044088364,-2.904334306716919,-0.5684224963188171,23.61825180053711,37.0,0
9.378,2,-80.0,21.9836,-0.06658715754747391,-1.9134448766708374,-0.37449032068252563,23.636198043823242,37.0,0
9.382,2,-80.0,21.8848,-0.05604904890060425,-4.465610980987549,-0.873988151550293,23.636198043823242,37.0,0
9.388,2,-80.0,21.8024,-0.05073296278715134,-5.029891014099121,-0.9844263792037964,23.61825180053711,37.0,0
9.392,2,-80.0,21.698,-0.05748141184449196,-2.1839346885681152,-0.42742931842803955,23.636198043823242,37.0,0
9.397,2,-80.0,21.5826,-0.062497228384017944,-1.655404806137085,-0.3239879608154297,23.636198043823242,37.0,0
9.403,2,-80.0,21.4783,-0.057239830493927,-2.851797580718994,-0.5581402778625488,23.636198043823242,37.0,0
9.407,2,-80.0,21.3959,-0.04771825671195984,-3.832289218902588,-0.750037431716919,23.61825180053711,37.0,0
9.413,2,-80.0,21.319,-0.04549028351902962,-4.0963215827941895,-0.8017125129699707,23.61825180053711,37.0,0
9.417,2,-80.0,21.2256,-0.05008285865187645,-2.9007153511047363,-0.5677142143249512,23.636198043823242,37.0,0
9.423,2,-80.0,21.1267,-0.05438641831278801,-2.8888626098632812,-0.5653944611549377,23.636198043823242,37.0,0
9.428,2,-80.0,21.0278,-0.05338446795940399,-2.700714588165283,-0.5285710096359253,23.61825180053711,37.0,0
9.433,2,-80.0,20.9509,-0.04557591676712036,-4.348574161529541,-0.8510822653770447,23.636198043823242,37.0,0
9.438,2,-80.0,20.8795,-0.041223183274269104,-6.173463344573975,-1.2082408666610718,23.61825180053711,37.0,0
9.442,2,-80.0,20.7971,-0.04601716995239258,-4.976537227630615,-0.9739842414855957,23.61825180053711,37.0,0
9.448,2,-80.0,20.7092,-0.047847241163253784,-3.8033652305603027,-0.744376540184021,23.61825180053711,37.0,0
9.453,2,-80.0,20.6213,-0.04881082847714424,-3.803577184677124,-0.7444180846214294,23.600303649902344,37.0,0
9.458,2,-80.0,20.5225,-0.052577994763851166,-3.8417980670928955,-0.7518984079360962,23.61825180053711,37.0,0
9.463,2,-80.0,20.4346,-0.05013742670416832,-3.8891541957855225,-0.7611667513847351,23.636198043823242,37.0,0
9.467,2,-80.0,20.3467,-0.0477578304708004,-4.097115993499756,-0.8018680810928345,23.636198043823242,37.0,0
9.472,2,-80.0,20.2588,-0.04913640394806862,-4.348968029022217,-0.8511593341827393,23.61825180053711,37.0,0
9.478,2,-80.0,20.1654,-0.050968680530786514,-4.041962623596191,-0.791073739528656,23.61825180053711,37.0,0
9.483,2,-80.0,20.072,-0.05275480076670647,-3.27718186378479,-0.6413944363594055,23.600303649902344,37.0,0
9.488,2,-80.0,19.9731,-0.05352199077606201,-3.5880818367004395,-0.7022423148155212,23.636198043823242,37.0,0
9.492,2,-80.0,19.8853,-0.049327731132507324,-3.5963590145111084,-0.7038623094558716,23.61825180053711,37.0,0
9.498,2,-80.0,19.8083,-0.04566506668925285,-4.414167404174805,-0.8639199137687683,23.636198043823242,37.0,0
9.503,2,-80.0,19.726,-0.046452831476926804,-5.029853820800781,-0.984419047832489,23.636198043823242,37.0,0
9.508,2,-80.0,19.6381,-0.04834388196468353,-3.4900951385498047,-0.6830648183822632,23.600303649902344,37.0,0
9.512,2,-80.0,19.5392,-0.0534820631146431,-3.8346755504608154,-0.7505044937133789,23.636198043823242,37.0,0
9.518,2,-80.0,19.4403,-0.05452541261911392,-3.567457914352417,-0.69432532787323,23.61825180053711,37.0,0
9.523,2,-80.0,19.3524,-0.04866237938404083,-4.511445999145508,-0.8829587697982788,23.636198043823242,37.0,0
9.528,2,-80.0,19.27,-0.04702867567539215,-4.763132572174072,-0.9322177171707153,23.636198043823242,37.0,0
9.533,2,-80.0,19.1876,-0.04715397208929062,-2.858212947845459,-0.5593958497047424,23.61825180053711,37.0,0
9.538,2,-80.0,19.0887,-0.05181806534528732,-3.330834150314331,-0.6518950462341309,23.636198043823242,37.0,0
9.542,2,-80.0,18.9844,-0.058011457324028015,-2.4512925148010254,-0.47975534200668335,23.636198043823242,37.0,0
9.548,2,-80.0,18.88,-0.055164046585559845,-3.0545544624328613,-0.597822904586792,23.636198043823242,37.0,0
9.553,2,-80.0,18.7976,-0.05010749399662018,-3.502634048461914,-0.6855189204216003,23.636198043823242,37.0,0
9.557,2,-80.0,18.7097,-0.05233926698565483,-1.9781569242477417,-0.3871554732322693,23.61825180053711,37.0,0
9.563,2,-80.0,18.5999,-0.05555351451039314,-1.8830219507217407,-0.368536114692688,23.636198043823242,37.0,0
9.567,2,-80.0,18.4955,-0.058195240795612335,-1.4937450885772705,-0.2923486828804016,23.61825180053711,37.0,0
9.572,2,-80.0,18.4021,-0.05382014065980911,-2.7825264930725098,-0.5445828437805176,23.600303649902344,37.0,0
9.577,2,-80.0,18.3197,-0.04832290858030319,-2.78245210647583,-0.5445683002471924,23.61825180053711,37.0,0
9.582,2,-80.0,18.2318,-0.04764417186379433,-3.145502805709839,-0.615622878074646,23.61825180053711,37.0,0
9.587,2,-80.0,18.1384,-0.05101403966546059,-1.7955148220062256,-0.3514096438884735,23.636198043823242,37.0,0
9.593,2,-80.0,18.0396,-0.052949659526348114,-2.217372417449951,-0.4339735507965088,23.636198043823242,37.0,0
9.597,2,-80.0,17.9517,-0.051803603768348694,-2.781191825866699,-0.5443216562271118,23.61825180053711,37.0,0
9.602,2,-80.0,17.8638,-0.04931754991412163,-3.229672431945801,-0.6320961117744446,23.636198043823242,37.0,0
9.608,2,-80.0,17.7759,-0.046972330659627914,-3.5901553630828857,-0.7026481628417969,23.636198043823242,37.0,0
9.613,2,-80.0,17.699,-0.043828267604112625,-4.7931060791015625,-0.9380838871002197,23.61825180053711,37.0,0
9.617,2,-80.0,17.6276,-0.042205773293972015,-3.4234654903411865,-0.6700243949890137,23.61825180053711,37.0,0
9.622,2,-80.0,17.5397,-0.046783775091171265,-3.1671390533447266,-0.6198573708534241,23.61825180053711,37.0,0
9.628,2,-80.0,17.4408,-0.05311351269483566,-3.0290863513946533,-0.5928383469581604,23.636198043823242,37.0,0
9.633,2,-80.0,17.3529,-0.04904842749238014,-4.040990352630615,-0.7908834218978882,23.61825180053711,37.0,0
9.638,2,-80.0,17.2815,-0.04184955358505249,-5.2351393699646,-1.0245965719223022,23.61825180053711,37.0,0
9.642,2,-80.0,17.2156,-0.03981483355164528,-6.727520942687988,-1.3166784048080444,23.636198043823242,37.0,0
9.647,2,-80.0,17.1606,-0.030142465606331825,-9.028820991516113,-1.7670778036117554,23.636198043823242,37.0,0
9.652,2,-80.0,17.1222,-0.02528587356209755,-9.267400741577148,-1.8137716054916382,23.61825180053711,37.0,0
9.657,2,-80.0,17.0343,-0.04404282942414284,-6.055789947509766,-1.1852104663848877,23.61825180053711,37.0,0
9.662,2,-80.0,16.908,-0.06438397616147995,-3.111734628677368,-0.6090139150619507,23.61825180053711,37.0,0
9.667,2,-80.0,16.8036,-0.056583430618047714,-4.338500499725342,-0.8491107225418091,23.636198043823242,37.0,0
9.672,2,-80.0,16.7432,-0.03987184911966324,-7.63114070892334,-1.4935306310653687,23.636198043823242,37.0,0
9.677,2,-80.0,16.6827,-0.03544827923178673,-8.625101089477539,-1.6880638599395752,23.61825180053711,37.0,0
9.683,2,-80.0,16.6113,-0.0390656478703022,-7.671835899353027,-1.5014952421188354,23.61825180053711,37.0,0
9.687,2,-80.0,16.5344,-0.04260937124490738,-7.2867536544799805,-1.4261287450790405,23.61825180053711,37.0,0
9.692,2,-80.0,16.4301,-0.054438333958387375,-6.727016925811768,-1.3165796995162964,23.61825180053711,37.0,0
9.697,2,-80.0,16.3092,-0.06359561532735825,-4.824442386627197,-0.9442169070243835,23.636198043823242,37.0,0
9.702,2,-80.0,16.2158,-0.05290757492184639,-5.943159580230713,-1.1631669998168945,23.636198043823242,37.0,0
9.707,2,-80.0,16.1554,-0.040010593831539154,-8.017340660095215,-1.6588923931121826,23.61825180053711,37.0,0
9.712,2,-80.0,16.0895,-0.03639328479766846,-10.125214576721191,-1.9816588163375854,23.61825180053711,37.0,0
9.717,2,-80.0,16.0071,-0.04580910503864288,-6.38134241104126,-1.248926043510437,23.61825180053711,37.0,0
9.722,2,-80.0,15.8807,-0.06428071856498718,-4.992269039154053,-0.9770631194114685,23.61825180053711,37.0,0
9.727,2,-80.0,15.7654,-0.06355544179677963,-4.718550205230713,-0.9234921932220459,23.636198043823242,37.0,0
9.733,2,-80.0,15.683,-0.049061741679906845,-6.1358256340026855,-1.2008745670318604,23.61825180053711,37.0,0
9.737,2,-80.0,15.6171,-0.04093487560749054,-8.877466201782227,-1.7374553680419922,23.636198043823242,37.0,0
9.742,2,-80.0,15.5566,-0.035938527435064316,-9.068000793457031,-1.7747459411621094,23.61825180053711,37.0,0
9.747,2,-80.0,15.4688,-0.04564773291349411,-6.819904804229736,-1.33475923538208,23.61825180053711,37.0,0
9.752,2,-80.0,15.3479,-0.06226344034075737,-4.356478691101074,-0.8526293635368347,23.61825180053711,37.0,0
9.757,2,-80.0,15.2325,-0.06278309971094131,-4.744366645812988,-0.9285448789596558,23.636198043823242,37.0,0
9.762,2,-80.0,15.1337,-0.05713346228003502,-4.491760730743408,-0.8791060447692871,23.636198043823242,37.0,0
9.768,2,-80.0,15.0348,-0.05618176981806755,-4.9625420570373535,-0.9712451696395874,23.61825180053711,37.0,0
9.772,2,-80.0,14.9249,-0.060878854244947433,-3.2282490730285645,-0.6318175792694092,23.61825180053711,37.0,0
9.777,2,-80.0,14.8041,-0.06394767016172409,-2.843550205230713,-0.5565261244773865,23.654146194458008,37.0,0
9.782,2,-80.0,14.7052,-0.05665411427617073,-3.623337745666504,-0.7091424465179443,23.636198043823242,37.0,0
9.787,2,-80.0,14.6173,-0.05179273337125778,-3.4615554809570312,-0.6774791479110718,23.61825180053711,37.0,0
9.792,2,-80.0,14.5129,-0.05807257443666458,-2.3148868083953857,-0.453058660030365,23.636198043823242,37.0,0
9.798,2,-80.0,14.3866,-0.0646832212805748,-1.1755651235580444,-0.23007600009441376,23.61825180053711,37.0,0
9.802,2,-80.0,14.2932,-0.0548696331679821,-3.0997185707092285,-0.6066622138023376,23.61825180053711,37.0,0
9.807,2,-80.0,14.2218,-0.04555477574467659,-4.409353256225586,-0.8629776239395142,23.61825180053711,37.0,0
9.812,2,-80.0,14.1394,-0.04535295069217682,-4.909286975860596,-0.960822343826294,23.61825180053711,37.0,0
9.817,2,-80.0,14.0405,-0.05262991786003113,-2.916199207305908,-0.5707446336746216,23.61825180053711,37.0,0
9.822,2,-80.0,13.9362,-0.057842545211315155,-2.1466124057769775,-0.42012476921081543,23.61825180053711,37.0,0
9.827,2,-80.0,13.8318,-0.05687811225652695,-3.37147855758667,-0.6598497629165649,23.636198043823242,37.0,0
9.832,2,-80.0,13.7494,-0.046927109360694885,-4.060460567474365,-0.7946940660476685,23.61825180053711,37.0,0
9.837,2,-80.0,13.6835,-0.04124808683991432,-5.264136791229248,-1.0302718877792358,23.636198043823242,37.0,0
9.842,2,-80.0,13.6011,-0.045318443328142166,-3.8965423107147217,-0.7626127004623413,23.61825180053711,37.0,0
9.847,2,-80.0,13.5132,-0.047059401869773865,-3.075066089630127,-0.788270115852356,23.61825180053711,37.0,0
9.852,2,-80.0,13.4253,-0.04772726073861122,-3.2928898334503174,-0.6444687843322754,23.61825180053711,37.0,0
9.857,2,-80.0,13.3264,-0.053136762231588364,-3.5511865615844727,-0.695021390914917,23.600303649902344,37.0,0
9.863,2,-80.0,13.233,-0.05184272304177284,-3.6788418292999268,-0.720005452632904,23.61825180053711,37.0,0
9.868,2,-80.0,13.1561,-0.04542722553014755,-4.503017425537109,-0.8813092112541199,23.61825180053711,37.0,0
9.873,2,-80.0,13.0737,-0.04648534581065178,-3.481581449508667,-0.6813985705375671,23.636198043823242,37.0,0
9.877,2,-80.0,12.9803,-0.049124691635370255,-3.371556043624878,-0.6598649024963379,23.61825180053711,37.0,0
9.882,2,-80.0,12.887,-0.05187347158789635,-3.953275203704834,-0.7737162113189697,23.61825180053711,37.0,0
9.888,2,-80.0,12.7881,-0.054404329508543015,-3.1596553325653076,-0.6183927059173584,23.636198043823242,37.0,0
9.893,2,-80.0,12.6947,-0.05127479135990143,-3.5667777061462402,-0.6980727910995483,23.61825180053711,37.0,0
9.898,2,-80.0,12.6178,-0.04651361703872681,-4.6625752449035645,-0.9125370383262634,23.636198043823242,37.0,0
9.903,2,-80.0,12.5299,-0.04864243045449257,-3.8399438858032227,-0.7515355944633484,23.61825180053711,37.0,0
9.908,2,-80.0,12.4365,-0.05089922249317169,-5.01952600479126,-0.9823977947235107,23.636198043823242,37.0,0
9.913,2,-80.0,12.3376,-0.05453704670071602,-3.225691556930542,-0.6313170194625854,23.61825180053711,37.0,0
9.918,2,-80.0,12.2388,-0.05300796777009964,-3.338249444961548,-0.6533463001251221,23.636198043823242,37.0,0
9.923,2,-80.0,12.1564,-0.04911598190665245,-4.27677059173584,-0.837029218673706,23.600303649902344,37.0,0
9.928,2,-80.0,12.074,-0.04671519994735718,-3.5582103729248047,-0.696395993232727,23.61825180053711,37.0,0
9.933,2,-80.0,11.9861,-0.04672694951295853,-2.8550875186920166,-0.5587841868400574,23.636198043823242,37.0,0
9.938,2,-80.0,11.8982,-0.049468040466308594,-3.812411308288574,-0.7461470365524292,23.61825180053711,37.0,0
9.943,2,-80.0,11.7938,-0.05593778192996979,-2.935616970062256,-0.5745450258255005,23.636198043823242,37.0,0
9.948,2,-80.0,11.6949,-0.05365006625652313,-3.1646358966827393,-0.6193674802780151,23.61825180053711,37.0,0
9.952,2,-80.0,11.6125,-0.048934195190668106,-3.6759209632873535,-0.7194337844848633,23.61825180053711,37.0,0
9.957,2,-80.0,11.5192,-0.05227169394493103,-2.5079023838043213,-0.49083471298217773,23.636198043823242,37.0,0
9.963,2,-80.0,11.4203,-0.05499868094921112,-1.9785504341125488,-0.3872324824333191,23.61825180053711,37.0,0
9.967,2,-80.0,11.3159,-0.057864945381879807,-2.1178877353668213,-0.41450291872024536,23.636198043823242,37.0,0
9.972,2,-80.0,11.217,-0.05352683365345001,-2.1137897968292236,-0.4137008786201477,23.636198043823242,37.0,0
9.977,2,-80.0,11.1346,-0.04754101485013962,-3.0669593811035156,-0.6002507209777832,23.636198043823242,37.0,0
9.982,2,-80.0,11.0468,-0.048683952540159225,-3.078407049179077,-0.6024911999702454,23.636198043823242,37.0,0
9.987,2,-80.0,10.9479,-0.05315166711807251,-2.523547887802124,-0.49389681220054626,23.61825180053711,37.0,0
9.992,2,-80.0,10.849,-0.054842714220285416,-2.214191436767578,-0.4333510398864746,23.61825180053711,37.0,0
9.998,2,-80.0,10.7556,-0.05229250341653824,-2.910128116607666,-0.569556474685669,23.61825180053711,37.0,0
10.002,2,-80.0,10.6732,-0.04716797173023224,-4.119232654571533,-0.8061966300010681,23.61825180053711,37.0,0
10.008,2,-80.0,10.5908,-0.04577453061938286,-3.2930080890655518,-0.859409511089325,23.636198043823242,37.0,0
10.013,2,-80.0,10.5139,-0.04495665431022644,-3.7090749740600586,-0.7259225249290466,23.61825180053711,37.0,0
10.018,2,-80.0,10.437,-0.04298491030931473,-4.52194356918335,-0.8850133419036865,23.61825180053711,37.0,0
10.022,2,-80.0,10.3436,-0.04887022450566292,-3.164473056793213,-0.6193356513977051,23.61825180053711,37.0,0
10.028,2,-80.0,10.2448,-0.05413481965661049,-2.8188986778259277,-0.5517014265060425,23.636198043823242,37.0,0
10.033,2,-80.0,10.1569,-0.049977291375398636,-3.326702117919922,-0.6510863304138184,23.636198043823242,37.0,0
10.038,2,-80.0,10.0854,-0.04316941648721695,-5.275239944458008,-1.0324448347091675,23.636198043823242,37.0,0
10.043,2,-80.0,10.014,-0.0400538370013237,-5.66084623336792,-1.1079139709472656,23.61825180053711,37.0,0
10.048,2,-80.0,9.9591,-0.03178144991397858,-7.256036281585693,-1.420116901397705,23.636198043823242,37.0,0
10.053,2,-80.0,9.9097,-0.028451060876250267,-7.91327428817749,-1.54874849319458,23.61825180053711,37.0,0
10.058,2,-80.0,9.8218,-0.04692132771015167,-5.070918083190918,-0.9924559593200684,23.61825180053711,37.0,0
10.062,2,-80.0,9.6954,-0.06387996673583984,-3.0143442153930664,-0.5899531245231628,23.636198043823242,37.0,0
10.067,2,-80.0,9.5966,-0.05659190192818642,-3.7638354301452637,-0.8213669657707214,23.636198043823242,37.0,0
10.072,2,-80.0,9.5306,-0.041517019271850586,-7.684115409851074,-1.5038985013961792,23.636198043823242,37.0,0
10.077,2,-80.0,9.4757,-0.03486792370676994,-9.230146408081055,-1.8064804077148438,23.636198043823242,37.0,0
10.083,2,-80.0,9.4098,-0.03501985967159271,-8.781875610351562,-1.7187470197677612,23.600303649902344,37.0,0
10.087,2,-80.0,9.3329,-0.04233367368578911,-6.521402359008789,-1.2763378620147705,23.61825180053711,37.0,0
10.092,2,-80.0,9.223,-0.057803262025117874,-4.7518181800842285,-0.93000328540802,23.61825180053711,37.0,0
10.097,2,-80.0,9.1022,-0.061909668147563934,-3.802654981613159,-0.7442375421524048,23.61825180053711,37.0,0
10.102,2,-80.0,9.0198,-0.04977664351463318,-7.353643894195557,-1.4392201900482178,23.654146194458008,37.0,0
10.107,2,-80.0,8.9484,-0.04052495211362839,-8.951254844665527,-1.7518970966339111,23.61825180053711,37.0,0
10.112,2,-80.0,8.8879,-0.036061838269233704,-8.912162780761719,-1.744246244430542,23.61825180053711,37.0,0
10.117,2,-80.0,8.811,-0.043978251516819,-7.637021541595459,-1.4946815967559814,23.61825180053711,37.0,0
10.122,2,-80.0,8.6847,-0.06313169747591019,-4.689227104187012,-0.9177532196044922,23.61825180053711,37.0,0
10.127,2,-80.0,8.5638,-0.06640055775642395,-2.902860164642334,-0.5681340098381042,23.636198043823242,37.0,0
10.133,2,-80.0,8.4705,-0.055318839848041534,-6.704293251037598,-1.3121323585510254,23.636198043823242,37.0,0
10.137,2,-80.0,8.3936,-0.043948013335466385,-7.605035781860352,-1.4884214401245117,23.61825180053711,37.0,0
10.143,2,-80.0,8.3276,-0.040797967463731766,-9.216763496398926,-1.8038610219955444,23.600303649902344,37.0,0
10.148,2,-80.0,8.2288,-0.051891978830099106,-5.728082180023193,-1.1210730075836182,23.61825180053711,37.0,0
10.152,2,-80.0,8.1134,-0.0607183575630188,-4.810614585876465,-0.9415106177330017,23.636198043823242,37.0,0
10.157,2,-80.0,8.02,-0.053392596542835236,-5.481364727020264,-1.0727866888046265,23.654146194458008,37.0,0
10.162,2,-80.0,7.9376,-0.0484263077378273,-4.199455261230469,-0.8218974471092224,23.636198043823242,37.0,0
10.167,2,-80.0,7.8497,-0.048476871103048325,-5.669613838195801,-1.1096298694610596,23.636198043823242,37.0,0
10.172,2,-80.0,7.7563,-0.052011411637067795,-4.469271183013916,-0.8747044801712036,23.61825180053711,37.0,0
10.177,2,-80.0,7.6355,-0.06312518566846848,-3.4296865463256836,-0.6712419390678406,23.636198043823242,37.0,0
10.182,2,-80.0,7.5256,-0.060476671904325485,-2.6126856803894043,-0.5113424062728882,23.636198043823242,37.0,0
10.187,2,-80.0,7.4377,-0.05261816456913948,-4.350608825683594,-0.8514804840087891,23.636198043823242,37.0,0
10.192,2,-80.0,7.3334,-0.056349076330661774,-2.418449640274048,-0.47332748770713806,23.636198043823242,37.0,0
10.197,2,-80.0,7.2125,-0.06418199837207794,-1.523612380027771,-0.29819416999816895,23.636198043823242,37.0,0
10.202,2,-80.0,7.1027,-0.06187310069799423,-1.9815260171890259,-0.38781484961509705,23.636198043823242,37.0,0
10.208,2,-80.0,7.0203,-0.04785368964076042,-3.9785850048065186,-0.7786697745323181,23.61825180053711,37.0,0
10.212,2,-80.0,6.9598,-0.04031252861022949,-5.289947986602783,-1.0353235006332397,23.636198043823242,37.0,0
10.217,2,-80.0,6.861,-0.05025625601410866,-3.156863212585449,-0.6178462505340576,23.600303649902344,37.0,0
10.222,2,-80.0,6.7566,-0.057691022753715515,-1.978563904762268,-0.3872351050376892,23.636198043823242,37.0,0
10.227,2,-80.0,6.6467,-0.05929337069392204,-2.150958299636841,-0.42097532749176025,23.636198043823242,37.0,0
10.232,2,-80.0,6.5588,-0.050047364085912704,-3.0924863815307617,-0.6052467226982117,23.61825180053711,37.0,0
10.237,2,-80.0,6.4929,-0.04142048582434654,-4.9170732498168945,-0.9623461961746216,23.61825180053711,37.0,0
10.242,2,-80.0,6.4105,-0.04468164220452309,-4.413834095001221,-0.8638546466827393,23.636198043823242,37.0,0
10.247,2,-80.0,6.3171,-0.04930422827601433,-3.116882801055908,-0.6100214719772339,23.61825180053711,37.0,0
10.252,2,-80.0,6.2238,-0.05180646479129791,-3.337740182876587,-0.6532466411590576,23.61825180053711,37.0,0
10.257,2,-80.0,6.1249,-0.05458071455359459,-2.642880916595459,-0.5172520875930786,23.636198043823242,37.0,0
10.262,2,-80.0,6.037,-0.049762971699237823,-3.330608367919922,-0.6518508791923523,23.61825180053711,37.0,0
10.267,2,-80.0,5.9546,-0.04535185545682907,-4.582916736602783,-0.8969466686248779,23.636198043823242,37.0,0
10.272,2,-80.0,5.8722,-0.04717410355806351,-3.81168794631958,-0.7460054159164429,23.600303649902344,37.0,0
10.277,2,-80.0,5.7788,-0.05036143213510513,-3.372117519378662,-0.6599748134613037,23.600303649902344,37.0,0
10.282,2,-80.0,5.6854,-0.05241275206208229,-2.769629955291748,-0.5420587658882141,23.61825180053711,37.0,0
10.287,2,-80.0,5.5865,-0.05443992838263512,-2.9996721744537354,-0.5870815515518188,23.61825180053711,37.0,0
10.292,2,-80.0,5.4987,-0.051746468991041183,-3.520411729812622,-0.6889982223510742,23.636198043823242,37.0,0
10.298,2,-80.0,5.4163,-0.046131957322359085,-4.41564416885376,-0.8642088174819946,23.636198043823242,37.0,0
10.302,2,-80.0,5.3339,-0.0471985749900341,-4.254105091094971,-0.8325932025909424,23.636198043823242,37.0,0
10.308,2,-80.0,5.235,-0.05119370296597481,-3.325132369995117,-0.6507790684700012,23.61825180053711,37.0,0
10.313,2,-80.0,5.1306,-0.056514982134103775,-2.283275604248047,-0.446871817111969,23.636198043823242,37.0,0
10.318,2,-80.0,5.0317,-0.05523327738046646,-2.8591487407684326,-0.5595790147781372,23.61825180053711,37.0,0
10.322,2,-80.0,4.9493,-0.04817986488342285,-4.033556938171387,-0.7894285917282104,23.61825180053711,37.0,0
10.327,2,-80.0,4.8669,-0.04731673002243042,-4.04263162612915,-0.7912046909332275,23.61825180053711,37.0,0
10.333,2,-80.0,4.7736,-0.05005118250846863,-3.422178030014038,-0.6697723865509033,23.61825180053711,37.0,0
10.337,2,-80.0,4.6802,-0.05246391147375107,-3.160179376602173,-0.6184952855110168,23.61825180053711,37.0,0
10.342,2,-80.0,4.5868,-0.0554487369954586,-2.1295883655548096,-0.41679292917251587,23.636198043823242,37.0,0
10.347,2,-80.0,4.4934,-0.04966368153691292,-3.844041109085083,-0.7523374557495117,23.636198043823242,37.0,0
10.353,2,-80.0,4.411,-0.04700412601232529,-4.253969192504883,-0.8325666785240173,23.636198043823242,37.0,0
10.357,2,-80.0,4.3231,-0.04880835860967636,-3.1646206378936768,-0.6193645000457764,23.636198043823242,37.0,0
10.363,2,-80.0,4.2242,-0.052716415375471115,-2.7850537300109863,-0.5450775027275085,23.636198043823242,37.0,0
10.367,2,-80.0,4.1199,-0.05698743090033531,-1.6676753759384155,-0.32638949155807495,23.61825180053711,37.0,0
10.372,2,-80.0,4.021,-0.053793348371982574,-2.14422345161438,-0.4196572005748749,23.636198043823242,37.0,0
10.377,2,-80.0,3.9441,-0.04580500349402428,-3.5939764976501465,-0.7033959627151489,23.61825180053711,37.0,0
10.383,2,-80.0,3.8672,-0.04581058397889137,-4.286786079406738,-0.8389893770217896,23.636198043823242,37.0,0
10.387,2,-80.0,3.7683,-0.05131690204143524,-2.160027503967285,-0.4227502942085266,23.61825180053711,37.0,0
10.392,2,-80.0,3.6639,-0.05559147149324417,-1.446215271949768,-0.2830463647842407,23.636198043823242,37.0,0
10.397,2,-80.0,3.5651,-0.0555795356631279,-2.1050822734832764,-0.4119967222213745,23.61825180053711,37.0,0
10.402,2,-80.0,3.4827,-0.049877189099788666,-2.6512675285339355,-0.5188934803009033,23.61825180053711,37.0,0
10.408,2,-80.0,3.4058,-0.044467005878686905,-3.830139636993408,-0.7496167421340942,23.636198043823242,37.0,0
10.412,2,-80.0,3.3289,-0.04225916787981987,-4.757983684539795,-0.931209921836853,23.61825180053711,37.0,0
10.417,2,-80.0,3.2574,-0.040020547807216644,-5.760518550872803,-1.127421259880066,23.61825180053711,37.0,0
10.422,2,-80.0,3.1805,-0.042323317378759384,-3.804361343383789,-0.7445715665817261,23.636198043823242,37.0,0
10.428,2,-80.0,3.0817,-0.052489373832941055,-2.900294303894043,-0.5676318407058716,23.636198043823242,37.0,0
10.433,2,-80.0,2.9773,-0.056351955980062485,-2.399712324142456,-0.4696602523326874,23.61825180053711,37.0,0
10.438,2,-80.0,2.9004,-0.04531341791152954,-4.75434684753418,-0.9304981231689453,23.636198043823242,37.0,0
10.442,2,-80.0,2.8345,-0.039555322378873825,-5.0152974128723145,-0.9815701246261597,23.61825180053711,37.0,0
10.447,2,-80.0,2.7795,-0.03216852992773056,-8.679671287536621,-1.6987440586090088,23.61825180053711,37.0,0
10.452,2,-80.0,2.7411,-0.024284319952130318,-9.37161922454834,-1.8341689109802246,23.600303649902344,37.0,0
10.458,2,-80.0,2.6752,-0.03489983081817627,-7.867681980133057,-1.5398253202438354,23.600303649902344,37.0,0
10.462,2,-80.0,2.5488,-0.0617462582886219,-3.986189842224121,-0.7801581621170044,23.61825180053711,37.0,0
10.467,2,-80.0,2.428,-0.06480713933706284,-2.8488526344299316,-0.5575639009475708,23.636198043823242,37.0,0
10.472,2,-80.0,2.3511,-0.04801524430513382,-5.7803568840026855,-1.1313039064407349,23.636198043823242,37.0,0
10.477,2,-80.0,2.2906,-0.037296902388334274,-8.616774559020996,-1.6864341497421265,23.61825180053711,37.0,0
10.483,2,-80.0,2.2247,-0.036117538809776306,-7.903830051422119,-1.5469000339508057,23.61825180053711,37.0,0
10.487,2,-80.0,2.1533,-0.04054226353764534,-8.116374015808105,-1.5884981155395508,23.61825180053711,37.0,0
10.492,2,-80.0,2.049,-0.05399447679519653,-5.4704132080078125,-1.0706431865692139,23.61825180053711,37.0,0
10.497,2,-80.0,1.9281,-0.061997268348932266,-4.758882522583008,-0.93138587474823,23.61825180053711,37.0,0
10.502,2,-80.0,1.8292,-0.05573100969195366,-5.649495601654053,-1.1056923866271973,23.636198043823242,37.0,0
10.507,2,-80.0,1.7578,-0.04461637884378433,-7.812193870544434,-1.5289653539657593,23.636198043823242,37.0,0
10.512,2,-80.0,1.6974,-0.03639155626296997,-8.324013710021973,-1.6291364431381226,23.600303649902344,37.0,0
10.517,2,-80.0,1.626,-0.04099320247769356,-8.056209564208984,-1.5767229795455933,23.600303649902344,37.0,0
10.522,2,-80.0,1.5051,-0.06059712916612625,-4.6851043701171875,-0.9169463515281677,23.636198043823242,37.0,0
10.528,2,-80.0,1.3733,-0.06727247685194016,-3.567617654800415,-0.6982371807098389,23.636198043823242,37.0,0
10.532,2,-80.0,1.2744,-0.05708301439881325,-5.290160655975342,-1.035365104675293,23.654146194458008,37.0,0
10.537,2,-80.0,1.192,-0.0491451770067215,-7.982413291931152,-1.5622799396514893,23.61825180053711,37.0,0
10.542,2,-80.0,1.1151,-0.04791237413883209,-5.94317102432251,-1.1630357503890991,23.61825180053711,37.0,0
10.548,2,-80.0,0.9998,-0.056362051516771317,-4.542195796966553,-0.8889769315719604,23.61825180053711,37.0,0
10.553,2,-80.0,0.8954,-0.057860519737005234,-4.237156867980957,-0.8292762041091919,23.636198043823242,37.0,0
10.558,2,-80.0,0.8075,-0.049705442041158676,-5.782638072967529,-1.131750464439392,23.636198043823242,37.0,0
10.563,2,-80.0,0.7251,-0.04689273610711098,-5.457211494445801,-1.0680594444274902,23.636198043823242,37.0,0
10.567,2,-80.0,0.6537,-0.04543984681367874,-5.402363300323486,-1.0573248863220215,23.61825180053711,37.0,0
10.573,2,-80.0,0.5603,-0.04693526029586792,-5.7417521476745605,-1.1237484216690063,23.61825180053711,37.0,0
10.577,2,-80.0,0.4559,-0.05916281044483185,-3.3754513263702393,-0.6606272459030151,23.636198043823242,37.0,0
10.583,2,-80.0,0.3296,-0.06370065361261368,-3.3714699745178223,-0.6598480939865112,23.636198043823242,37.0,0
10.587,2,-80.0,0.2417,-0.052791252732276917,-5.177217483520508,-1.0132603645324707,23.61825180053711,37.0,0
10.593,2,-80.0,0.1483,-0.051536962389945984,-3.070169687271118,-0.6008790135383606,23.61825180053711,37.0,0
10.597,2,-80.0,0.0494,-0.059831079095602036,-1.8978278636932373,-0.3714338541030884,23.61825180053711,37.0,0
10.603,2,-80.0,-0.0824,-0.0645730122923851,-0.9676463007926941,-0.1893831342458725,23.61825180053711,37.0,0
10.607,2,-80.0,-0.1758,-0.053629402071237564,-2.8548290729522705,-0.5587335824966431,23.636198043823242,37.0,0
10.613,2,-80.0,-0.2472,-0.0431961826980114,-4.68694543838501,-0.917306661605835,23.636198043823242,37.0,0
10.617,2,-80.0,-0.3296,-0.04716510325670242,-4.238505840301514,-0.8295402526855469,23.636198043823242,37.0,0
10.623,2,-80.0,-0.434,-0.05407462641596794,-2.399066209793091,-0.46953386068344116,23.61825180053711,37.0,0
10.627,2,-80.0,-0.5438,-0.06031056120991707,-1.8829714059829712,-0.3685262203216553,23.636198043823242,37.0,0
10.633,2,-80.0,-0.6372,-0.05088973417878151,-3.811501979827881,-0.7459690570831299,23.61825180053711,37.0,0
10.637,2,-80.0,-0.6976,-0.041918762028217316,-4.395242691040039,-0.8602160215377808,23.61825180053711,37.0,0
10.643,2,-80.0,-0.7855,-0.04530726745724678,-4.372426509857178,-0.8557505011558533,23.636198043823242,37.0,0
10.647,2,-80.0,-0.8679,-0.04865199327468872,-3.8341689109802246,-0.7504053115844727,23.61825180053711,37.0,0
10.653,2,-80.0,-0.9668,-0.051133327186107635,-3.294135570526123,-0.6447125673294067,23.61825180053711,37.0,0
10.657,2,-80.0,-1.0602,-0.05453428626060486,-2.8626089096069336,-0.5602561831474304,23.61825180053711,37.0,0
10.663,2,-80.0,-1.1591,-0.051058489829301834,-2.9245808124542236,-0.5723850727081299,23.61825180053711,37.0,0
10.667,2,-80.0,-1.2305,-0.04426730051636696,-4.305286884307861,-0.8426102995872498,23.61825180053711,37.0,0
10.673,2,-80.0,-1.3184,-0.04708794876933098,-3.801598072052002,-0.7440306544303894,23.61825180053711,37.0,0
10.677,2,-80.0,-1.4062,-0.05021742731332779,-3.3240814208984375,-0.6505733728408813,23.636198043823242,37.0,0
10.683,2,-80.0,-1.5106,-0.05307162553071976,-2.6452746391296387,-0.5177205801010132,23.61825180053711,37.0,0
10.687,2,-80.0,-1.5985,-0.05388333275914192,-3.4400289058685303,-0.6732661128044128,23.636198043823242,37.0,0
10.692,2,-80.0,-1.6919,-0.051150042563676834,-3.5748157501220703,-0.6996459364891052,23.636198043823242,37.0,0
10.697,2,-80.0,-1.7743,-0.047070570290088654,-3.5976431369781494,-0.7041136026382446,23.61825180053711,37.0,0
10.702,2,-80.0,-1.8622,-0.04811873659491539,-6.006713390350342,-1.1756054162979126,23.61825180053711,37.0,0
10.707,2,-80.0,-1.9556,-0.05158919095993042,-3.0120913982391357,-0.5895122289657593,23.61825180053711,37.0,0
10.712,2,-80.0,-2.0599,-0.05643440783023834,-2.2867445945739746,-0.44755077362060547,23.636198043823242,37.0,0
10.717,2,-80.0,-2.1533,-0.055587124079465866,-2.3434741497039795,-0.45865362882614136,23.636198043823242,37.0,0
10.723,2,-80.0,-2.2467,-0.049309007823467255,-3.5535731315612793,-0.695488452911377,23.61825180053711,37.0,0
10.727,2,-80.0,-2.3291,-0.04737984389066696,-3.8126893043518066,-0.7462014555931091,23.636198043823242,37.0,0
10.732,2,-80.0,-2.4225,-0.05141828954219818,2.0764379501342773,0.40639054775238037,23.61825180053711,37.0,0
10.737,2,-80.0,-2.5214,-0.05622420832514763,-1.1671977043151855,-0.2284383773803711,23.61825180053711,37.0,0
10.742,2,-80.0,-2.6147,-0.05459759011864662,-2.344633102416992,-0.4588804244995117,23.61825180053711,37.0,0
10.748,2,-80.0,-2.7026,-0.046410541981458664,-3.201533079147339,-0.5721336007118225,23.636198043823242,37.0,0
10.752,2,-80.0,-2.7795,-0.0447782464325428,-4.414055347442627,-0.863897979259491,23.61825180053711,37.0,0
10.757,2,-80.0,-2.8674,-0.04890637844800949,-3.190274953842163,-0.624385416507721,23.600303649902344,37.0,0
10.762,2,-80.0,-2.9663,-0.05251266062259674,-1.4048058986663818,-0.27494192123413086,23.61825180053711,37.0,0
10.767,2,-80.0,-3.0597,-0.054156769067049026,-2.071911096572876,-0.40550458431243896,23.61825180053711,37.0,0
10.773,2,-80.0,-3.1641,-0.053212299942970276,-2.602294445037842,-0.5679861307144165,23.61825180053711,37.0,0
10.778,2,-80.0,-3.2465,-0.04822218418121338,-2.6463520526885986,-0.5179314613342285,23.636198043823242,37.0,0
10.782,2,-80.0,-3.3289,-0.046471547335386276,-3.6294243335723877,-0.7103337049484253,23.636198043823242,37.0,0
10.787,2,-80.0,-3.4167,-0.0492355041205883,-2.4461069107055664,-0.4787404239177704,23.61825180053711,37.0,0
10.793,2,-80.0,-3.5156,-0.053435008972883224,-2.1583876609802246,-0.4224293828010559,23.61825180053711,37.0,0
10.797,2,-80.0,-3.6145,-0.05566660314798355,-2.239177942276001,-0.43824124336242676,23.636198043823242,37.0,0
10.803,2,-80.0,-3.7079,-0.051864802837371826,-2.3325142860412598,-0.456508606672287,23.61825180053711,37.0,0
10.808,2,-80.0,-3.7903,-0.046722281724214554,-3.5275049209594727,-0.6903864741325378,23.61825180053711,37.0,0
10.813,2,-80.0,-3.8672,-0.0447348952293396,-3.765693187713623,-0.7370035648345947,23.636198043823242,37.0,0
10.818,2,-80.0,-3.9441,-0.04294271394610405,-4.1458587646484375,-0.8114078044891357,23.654146194458008,37.0,0
10.822,2,-80.0,-4.021,-0.04315262660384178,-3.349351406097412,-0.6555191278457642,23.61825180053711,37.0,0
10.828,2,-80.0,-4.1144,-0.050354670733213425,-3.587175130844116,-0.7020648717880249,23.61825180053711,37.0,0
10.833,2,-80.0,-4.2188,-0.0542500801384449,-2.9606831073760986,-0.5794508457183838,23.636198043823242,37.0,0
10.838,2,-80.0,-4.3011,-0.0464913547039032,-4.1878743171691895,-0.8196308016777039,23.636198043823242,37.0,0
10.843,2,-80.0,-4.3671,-0.04094836488366127,-5.2122883796691895,-1.0201243162155151,23.61825180053711,37.0,0
10.848,2,-80.0,-4.422,-0.03271430358290672,-8.572999000549316,-1.6778664588928223,23.636198043823242,37.0,0
10.853,2,-80.0,-4.4659,-0.026818525046110153,-8.492704391479492,-1.6369624137878418,23.600303649902344,37.0,0
10.858,2,-80.0,-4.5428,-0.038673195987939835,-7.45841646194458,-1.4597258567810059,23.61825180053711,37.0,0
10.863,2,-80.0,-4.6637,-0.06190059706568718,-3.6913764476776123,-0.7224586009979248,23.636198043823242,37.0,0
10.868,2,-80.0,-4.7845,-0.06227842718362808,-3.5595290660858154,-0.6966540813446045,23.636198043823242,37.0,0
10.873,2,-80.0,-4.8505,-0.0452277697622776,-8.274521827697754,-1.6194499731063843,23.600303649902344,37.0,0
10.878,2,-80.0,-4.9164,-0.038838908076286316,-7.815326690673828,-1.5295785665512085,23.636198043823242,37.0,0
10.883,2,-80.0,-4.9768,-0.03487775847315788,-7.671492576599121,-1.5014280080795288,23.61825180053711,37.0,0
10.887,2,-80.0,-5.0482,-0.040248870849609375,-6.6974029541015625,-1.310783863067627,23.61825180053711,37.0,0
10.892,2,-80.0,-5.1636,-0.05778176710009575,-4.844638347625732,-0.9481695890426636,23.636198043823242,37.0,0
10.897,2,-80.0,-5.2844,-0.06276879459619522,-3.57619571685791,-0.6999160051345825,23.636198043823242,37.0,0
10.903,2,-80.0,-5.3668,-0.0501689650118351,-6.3604888916015625,-1.244844675064087,23.636198043823242,37.0,0
10.908,2,-80.0,-5.4437,-0.04385017603635788,-6.676270961761475,-1.3066480159759521,23.600303649902344,37.0,0
10.912,2,-80.0,-5.5042,-0.03806305676698685,-7.685303688049316,-1.5041310787200928,23.61825180053711,37.0,0
10.917,2,-80.0,-5.5756,-0.042129430919885635,-6.872883319854736,-1.345128059387207,23.600303649902344,37.0,0
10.923,2,-80.0,-5.7019,-0.06013619899749756,-3.8392410278320312,-0.751397967338562,23.61825180053711,37.0,0
10.927,2,-80.0,-5.8282,-0.06710672378540039,-3.565385580062866,-0.6978002786636353,23.636198043823242,37.0,0
10.932,2,-80.0,-5.9271,-0.057874441146850586,-6.221027851104736,-1.2175499200820923,23.636198043823242,37.0,0
10.937,2,-80.0,-6.0095,-0.049039676785469055,-5.359762191772461,-1.0489871501922607,23.61825180053711,37.0,0
10.942,2,-80.0,-6.0864,-0.04891945794224739,-4.753315448760986,-0.9302963018417358,23.61825180053711,37.0,0
10.948,2,-80.0,-6.2128,-0.059881195425987244,-3.0892930030822754,-0.6046217679977417,23.636198043823242,37.0,0
10.952,2,-80.0,-6.3171,-0.060300640761852264,-3.3930442333221436,-0.6640704870223999,23.61825180053711,37.0,0
10.958,2,-80.0,-6.3995,-0.04771745204925537,-4.660450458526611,-0.9121211767196655,23.636198043823242,37.0,0
10.962,2,-80.0,-6.4764,-0.04652504250407219,-6.485771179199219,-1.269364356994629,23.654146194458008,37.0,0
10.967,2,-80.0,-6.5588,-0.04829396679997444,-5.475098609924316,-1.071560263633728,23.61825180053711,37.0,0
10.973,2,-80.0,-6.6577,-0.049235399812459946,-4.9170942306518555,-0.9623503088951111,23.61825180053711,37.0,0
10.978,2,-80.0,-6.7566,-0.054359376430511475,-4.239322185516357,-0.8296999931335449,23.636198043823242,37.0,0
10.983,2,-80.0,-6.861,-0.05617164447903633,-4.383890151977539,-0.8579940795898438,23.636198043823242,37.0,0
10.988,2,-80.0,-6.9543,-0.05302274972200394,-2.699183940887451,-0.5282714366912842,23.636198043823242,37.0,0
10.992,2,-80.0,-7.0477,-0.05396538972854614,-2.439484119415283,-0.47744423151016235,23.636198043823242,37.0,0
10.998,2,-80.0,-7.1576,-0.05926176905632019,-2.1745612621307373,-0.4255948066711426,23.636198043823242,37.0,0
11.003,2,-80.0,-7.2675,-0.060776904225349426,-1.8997611999511719,-0.37181222438812256,23.636198043823242,37.0,0
11.008,2,-80.0,-7.3663,-0.05413253605365753,-3.016838312149048,-0.5904412269592285,23.636198043823242,37.0,0
11.012,2,-80.0,-7.4432,-0.0483282133936882,-3.6305551528930664,-0.7105549573898315,23.636198043823242,37.0,0
11.017,2,-80.0,-7.5311,-0.04981641843914986,-2.9271743297576904,-0.5728926658630371,23.61825180053711,37.0,0
11.023,2,-80.0,-7.641,-0.05451458692550659,-2.2469050884246826,-0.43975359201431274,23.61825180053711,37.0,0
11.028,2,-80.0,-7.7399,-0.05570293962955475,-1.8828449249267578,-0.3685014843940735,23.61825180053711,37.0,0
11.033,2,-80.0,-7.8278,-0.04992108419537544,-3.371767044067383,-0.6599062085151672,23.61825180053711,37.0,0
11.037,2,-80.0,-7.9047,-0.0442872978746891,-4.416594505310059,-0.8643949031829834,23.61825180053711,37.0,0
11.042,2,-80.0,-7.9761,-0.04536198824644089,-4.064149856567383,-0.7410844564437866,23.61825180053711,37.0,0
11.048,2,-80.0,-8.075,-0.04919170215725899,-2.9578335285186768,-0.5788931250572205,23.61825180053711,37.0,0
11.052,2,-80.0,-8.1628,-0.05023064464330673,-2.961069345474243,-0.579526424407959,23.61825180053711,37.0,0
11.058,2,-80.0,-8.2672,-0.05283522605895996,-3.542691946029663,-0.693358838558197,23.636198043823242,37.0,0
11.063,2,-80.0,-8.3551,-0.051185425370931625,-3.581036329269409,-0.6500475406646729,23.61825180053711,37.0,0
11.068,2,-80.0,-8.4375,-0.045794613659381866,-4.5160627365112305,-0.8838622570037842,23.61825180053711,37.0,0
11.073,2,-80.0,-8.5199,-0.04688124731183052,-3.321303367614746,-0.650029718875885,23.61825180053711,37.0,0
11.078,2,-80.0,-8.6078,-0.050585824996232986,-2.8635103702545166,-0.5604326128959656,23.61825180053711,37.0,0
11.083,2,-80.0,-8.7122,-0.05407531559467316,-2.439133882522583,-0.47737568616867065,23.61825180053711,37.0,0
11.088,2,-80.0,-8.8055,-0.05375368893146515,-3.148181676864624,-0.6161471605300903,23.61825180053711,37.0,0
11.093,2,-80.0,-8.8934,-0.04846803471446037,-3.4980173110961914,-0.6846153140068054,23.61825180053711,37.0,0
11.098,2,-80.0,-8.9758,-0.046405233442783356,-4.583941459655762,-0.8971471786499023,23.636198043823242,37.0,0
11.103,2,-80.0,-9.0582,-0.04830280691385269,-3.3774592876434326,-0.6610202789306641,23.636198043823242,37.0,0
11.108,2,-80.0,-9.1571,-0.05350436270236969,-3.0401666164398193,-0.5950069427490234,23.61825180053711,37.0,0
11.113,2,-80.0,-9.267,-0.05751557648181915,-2.0581209659576416,-0.4028056561946869,23.61825180053711,37.0,0
11.117,2,-80.0,-9.3549,-0.0546194463968277,-2.319911479949951,-0.4540420472621918,23.61825180053711,37.0,0
11.122,2,-80.0,-9.4373,-0.048105742782354355,-3.143000602722168,-0.6151331067085266,23.61825180053711,37.0,0
11.128,2,-80.0,-9.5306,-0.0477103553712368,-3.3234245777130127,-0.6504448652267456,23.61825180053711,37.0,0
11.133,2,-80.0,-9.6295,-0.052259959280490875,-2.438936233520508,-0.4773370027542114,23.61825180053711,37.0,0
11.137,2,-80.0,-9.7229,-0.0563291572034359,-1.618802547454834,-0.316824346780777,23.636198043823242,37.0,0
11.143,2,-80.0,-9.8273,-0.05571290850639343,-1.9629424810409546,-0.3841777741909027,23.61825180053711,37.0,0
11.147,2,-80.0,-9.9097,-0.04795682430267334,-3.1584887504577637,-0.6181644201278687,23.636198043823242,37.0,0
11.152,2,-80.0,-9.9866,-0.04446788504719734,-3.4646689891815186,-0.6780885457992554,23.61825180053711,37.0,0
11.157,2,-80.0,-10.0745,-0.04855336248874664,-3.155809164047241,-0.6176400184631348,23.61825180053711,37.0,0
11.162,2,-80.0,-10.1678,-0.05178844928741455,-2.344180107116699,-0.4587917923927307,23.600303649902344,37.0,0
11.167,2,-80.0,-10.2667,-0.053706008940935135,-2.16967511177063,-0.4246384799480438,23.636198043823242,37.0,0
11.172,2,-80.0,-10.3546,-0.04981575533747673,-3.625342607498169,-0.7095348238945007,23.61825180053711,37.0,0
11.177,2,-80.0,-10.437,-0.046779751777648926,-3.1623775959014893,-0.6189255118370056,23.636198043823242,37.0,0
11.183,2,-80.0,-10.5194,-0.04605424404144287,-3.3039324283599854,-0.6466299295425415,23.61825180053711,37.0,0
11.187,2,-80.0,-10.6073,-0.048378944396972656,-4.094812870025635,-0.8014172911643982,23.61825180053711,37.0,0
11.192,2,-80.0,-10.6952,-0.050635870546102524,-2.498311996459961,-0.4889577627182007,23.61825180053711,37.0,0
11.198,2,-80.0,-10.7996,-0.053123701363801956,-1.6614480018615723,-0.32517069578170776,23.61825180053711,37.0,0
11.202,2,-80.0,-10.8929,-0.052727289497852325,-3.1144092082977295,-0.6095373630523682,23.61825180053711,37.0,0
11.208,2,-80.0,-10.9808,-0.050045084208250046,-3.0677237510681152,-0.6004003286361694,23.636198043823242,37.0,0
11.212,2,-80.0,-11.0632,-0.04595031961798668,-3.7537124156951904,-0.7346587181091309,23.61825180053711,37.0,0
11.217,2,-80.0,-11.1401,-0.0449628122150898,-3.338428497314453,-0.65338134765625,23.636198043823242,37.0,0
11.222,2,-80.0,-11.228,-0.048585329204797745,-2.8992769718170166,-0.567432701587677,23.636198043823242,37.0,0
11.227,2,-80.0,-11.3214,-0.05134490504860878,-3.5206761360168457,-0.6890499591827393,23.636198043823242,37.0,0
11.233,2,-80.0,-11.4093,-0.049483854323625565,-3.427135467529297,-0.6707426905632019,23.61825180053711,37.0,0
11.237,2,-80.0,-11.4862,-0.04377191141247749,-5.196585655212402,-1.0170509815216064,23.61825180053711,37.0,0
11.242,2,-80.0,-11.5631,-0.04197962209582329,-3.493457555770874,-0.6837229132652283,23.61825180053711,37.0,0
11.247,2,-80.0,-11.6235,-0.0357530377805233,-8.018512725830078,-1.569345235824585,23.61825180053711,37.0,0
11.252,2,-80.0,-11.673,-0.02884647808969021,-7.8231682777404785,-1.5311133861541748,23.61825180053711,37.0,0
11.258,2,-80.0,-11.7444,-0.040584664791822433,-6.4849982261657715,-1.2692129611968994,23.61825180053711,37.0,0
11.262,2,-80.0,-11.8652,-0.05961231142282486,-2.78125262260437,-0.5443335175514221,23.636198043823242,37.0,0
11.267,2,-80.0,-11.9641,-0.05824386328458786,-3.8787472248077393,-0.7591300010681152,23.636198043823242,37.0,0
11.272,2,-80.0,-12.041,-0.04321979358792305,-8.18358325958252,-1.601651906967163,23.61825180053711,37.0,0
11.277,2,-80.0,-12.1069,-0.0402105450630188,-6.449924945831299,-1.2623486518859863,23.636198043823242,37.0,0
11.282,2,-80.0,-12.1729,-0.03637102618813515,-8.103106498718262,-1.5859016180038452,23.61825180053711,37.0,0
11.287,2,-80.0,-12.2443,-0.041862912476062775,-7.177029609680176,-1.4046540260314941,23.61825180053711,37.0,0
11.292,2,-80.0,-12.3651,-0.060716595500707626,-3.3912007808685303,-0.6637097001075745,23.636198043823242,37.0,0
11.297,2,-80.0,-12.4915,-0.06600718945264816,-3.1156632900238037,-0.6097828149795532,23.636198043823242,37.0,0
11.302,2,-80.0,-12.5684,-0.051417507231235504,-5.669971942901611,-1.1096999645233154,23.636198043823242,37.0,0
11.308,2,-80.0,-12.6453,-0.041588686406612396,-6.017984867095947,-1.1778113842010498,23.636198043823242,37.0,0
11.312,2,-80.0,-12.7057,-0.03792130947113037,-7.095984935760498,-1.3887925148010254,23.61825180053711,37.0,0
11.317,2,-80.0,-12.7936,-0.04738302901387215,-6.427392482757568,-1.2579386234283447,23.61825180053711,37.0,0
11.322,2,-80.0,-12.9144,-0.061031170189380646,-3.7728424072265625,-0.738402783870697,23.61825180053711,37.0,0
11.328,2,-80.0,-13.0243,-0.06027211621403694,-3.5668129920959473,-0.6980797052383423,23.61825180053711,37.0,0
11.333,2,-80.0,-13.1122,-0.05241459235548973,-6.676210403442383,-1.3066362142562866,23.61825180053711,37.0,0
11.337,2,-80.0,-13.2001,-0.04896973446011543,-3.8060426712036133,-0.7449005842208862,23.636198043823242,37.0,0
11.342,2,-80.0,-13.2825,-0.04891176521778107,-3.988410234451294,-0.780592679977417,23.600303649902344,37.0,0
11.348,2,-80.0,-13.3978,-0.0585329607129097,-3.4915263652801514,-0.6833449602127075,23.61825180053711,37.0,0
11.352,2,-80.0,-13.5077,-0.062401182949543,-2.0663340091705322,-0.4044130742549896,23.654146194458008,37.0,0
11.358,2,-80.0,-13.6066,-0.05189935490489006,-4.343173980712891,-0.8500253558158875,23.636198043823242,37.0,0
11.363,2,-80.0,-13.6835,-0.04689885675907135,-5.2227959632873535,-1.0221807956695557,23.636198043823242,37.0,0
11.367,2,-80.0,-13.7604,-0.04757699370384216,-3.495394706726074,-0.6841020584106445,23.61825180053711,37.0,0
11.373,2,-80.0,-13.8647,-0.05270460620522499,-2.887474775314331,-0.5651228427886963,23.61825180053711,37.0,0
11.378,2,-80.0,-13.9746,-0.05809430405497551,-2.820995330810547,-0.552111804485321,23.636198043823242,37.0,0
11.383,2,-80.0,-14.0625,-0.050093404948711395,-4.610833644866943,-0.9024103879928589,23.636198043823242,37.0,0
11.387,2,-80.0,-14.1339,-0.04463549330830574,-5.782333850860596,-1.1316908597946167,23.61825180053711,37.0,0
11.393,2,-80.0,-14.2328,-0.05240511894226074,-4.560377597808838,-0.8925354480743408,23.61825180053711,37.0,0
11.397,2,-80.0,-14.3427,-0.0587659627199173,-1.897923469543457,-0.37145256996154785,23.636198043823242,37.0,0
11.403,2,-80.0,-14.447,-0.05882963910698891,-2.688777446746826,-0.5262347459793091,23.636198043823242,37.0,0
11.408,2,-80.0,-14.5459,-0.053531497716903687,-2.8386070728302,-0.5555586814880371,23.61825180053711,37.0,0
11.412,2,-80.0,-14.6283,-0.049720399081707,-3.888934373855591,-0.761123776435852,23.636198043823242,37.0,0
11.417,2,-80.0,-14.7217,-0.052280887961387634,-2.856966018676758,-0.559151828289032,23.636198043823242,37.0,0
11.422,2,-80.0,-14.826,-0.05602454021573067,-1.7928557395935059,-0.3508892059326172,23.61825180053711,37.0,0
11.427,2,-80.0,-14.9304,-0.05630234256386757,-1.6312764883041382,-0.3192656636238098,23.61825180053711,37.0,0
11.432,2,-80.0,-15.0128,-0.049229562282562256,-3.5216193199157715,-0.6892346143722534,23.61825180053711,37.0,0
11.437,2,-80.0,-15.0897,-0.043489206582307816,-3.933443784713745,-0.7698349356651306,23.636198043823242,37.0,0
11.442,2,-80.0,-15.1666,-0.04658128693699837,-4.101617336273193,-0.8027490377426147,23.636198043823242,37.0,0
11.448,2,-80.0,-15.2655,-0.04898910969495773,-2.691880702972412,-0.5268421173095703,23.61825180053711,37.0,0
11.452,2,-80.0,-15.3534,-0.049691490828990936,-2.6065142154693604,-0.5101345777511597,23.61825180053711,37.0,0
11.457,2,-80.0,-15.4523,-0.053834617137908936,-2.1781349182128906,-0.426294207572937,23.61825180053711,37.0,0
11.463,2,-80.0,-15.5457,-0.05287231504917145,-3.2858774662017822,-0.6430963277816772,23.636198043823242,37.0,0
11.467,2,-80.0,-15.6226,-0.04501135274767876,-4.481187343597412,-0.8770366907119751,23.61825180053711,37.0,0
11.472,2,-80.0,-15.705,-0.044990066438913345,-4.468596935272217,-0.8745725154876709,23.636198043823242,37.0,0
11.477,2,-80.0,-15.7928,-0.04909548535943031,-2.6465203762054443,-0.5179643630981445,23.61825180053711,37.0,0
11.482,2,-80.0,-15.8862,-0.05215034261345863,-2.3558578491210938,-0.4610773026943207,23.61825180053711,37.0,0
11.487,2,-80.0,-15.9906,-0.05557360500097275,-2.1763453483581543,-0.42594394087791443,23.61825180053711,37.0,0
11.493,2,-80.0,-16.084,-0.052520327270030975,-2.8257739543914795,-0.5530470609664917,23.61825180053711,37.0,0
11.497,2,-80.0,-16.1609,-0.04661763086915016,-4.230821132659912,-0.8280361890792847,23.636198043823242,37.0,0
11.502,2,-80.0,-16.2488,-0.04692493751645088,-3.361021041870117,-0.6578030586242676,23.61825180053711,37.0,0
11.507,2,-80.0,-16.3422,-0.05157334730029106,-2.1406359672546387,-0.41895508766174316,23.61825180053711,37.0,0
11.512,2,-80.0,-16.4465,-0.05689485743641853,-2.0716142654418945,-0.40544652938842773,23.636198043823242,37.0,0
11.517,2,-80.0,-16.5399,-0.05540255829691887,-2.245836019515991,-0.43954432010650635,23.61825180053711,37.0,0
11.523,2,-80.0,-16.6333,-0.04861994460225105,-3.8907196521759033,-0.7614731788635254,23.636198043823242,37.0,0
11.527,2,-80.0,-16.7102,-0.04679501801729202,-3.5921339988708496,-0.7030353546142578,23.61825180053711,37.0,0
11.532,2,-80.0,-16.8036,-0.05027447268366814,-2.3917388916015625,-0.46809980273246765,23.61825180053711,37.0,0
11.537,2,-80.0,-16.908,-0.05594921112060547,-0.7561604976654053,-0.14799213409423828,23.61825180053711,37.0,0
11.542,2,-80.0,-17.0013,-0.05639253556728363,-1.3894307613372803,-0.27193278074264526,23.636198043823242,37.0,0
11.548,2,-80.0,-17.0947,-0.04825611412525177,-3.2329421043395996,-0.632736086845398,23.61825180053711,37.0,0
11.552,2,-80.0,-17.1716,-0.04636590927839279,-3.235492467880249,-0.6332352161407471,23.61825180053711,37.0,0
11.557,2,-80.0,-17.265,-0.051306530833244324,-2.225975513458252,-0.4356573522090912,23.61825180053711,37.0,0
11.562,2,-80.0,-17.3639,-0.052819762378931046,-1.5430201292037964,-0.3019925653934479,23.61825180053711,37.0,0
11.567,2,-80.0,-17.4518,-0.053603362292051315,-2.222635507583618,-0.4350036382675171,23.61825180053711,37.0,0
11.573,2,-80.0,-17.5562,-0.051953066140413284,-1.7653560638427734,-0.34550708532333374,23.61825180053711,37.0,0
11.577,2,-80.0,-17.6331,-0.04624103382229805,-3.05102801322937,-0.597132682800293,23.61825180053711,37.0,0
11.583,2,-80.0,-17.71,-0.043101683259010315,-4.086982250213623,-0.7998847961425781,23.61825180053711,37.0,0
11.587,2,-80.0,-17.7924,-0.04685887694358826,-2.614349603652954,-0.5116680860519409,23.690038681030273,37.0,0
11.592,2,-80.0,-17.8802,-0.050302643328905106,-2.144103765487671,-0.41963380575180054,23.61825180053711,37.0,0
11.598,2,-80.0,-17.9846,-0.053329844027757645,-1.8807966709136963,-0.3681005835533142,23.61825180053711,37.0,0
11.602,2,-80.0,-18.078,-0.0517270602285862,-2.4109458923339844,-0.4718588590621948,23.636198043823242,37.0,0
11.607,2,-80.0,-18.1604,-0.047196559607982635,-2.616302490234375,-0.5120502710342407,23.600303649902344,37.0,0
11.612,2,-80.0,-18.2428,-0.046739477664232254,-2.3902359008789062,-0.4678055942058563,23.61825180053711,37.0,0
11.617,2,-80.0,-18.3197,-0.046154677867889404,-3.371832847595215,-0.6599190831184387,23.636198043823242,37.0,0
11.623,2,-80.0,-18.4131,-0.047311749309301376,-3.8342092037200928,-0.750413179397583,23.636198043823242,37.0,0
11.628,2,-80.0,-18.5065,-0.05258086696267128,-2.8599088191986084,-0.5597277283668518,23.636198043823242,37.0,0
11.633,2,-80.0,-18.5999,-0.05207052454352379,-3.412369728088379,-0.6678527593612671,23.61825180053711,37.0,0
11.638,2,-80.0,-18.6768,-0.04506327584385872,-3.64460825920105,-0.7133054137229919,23.61825180053711,37.0,0
11.643,2,-80.0,-18.7537,-0.04316575452685356,-4.780567646026611,-0.9356299638748169,23.61825180053711,37.0,0
11.647,2,-80.0,-18.8196,-0.03871668130159378,-5.5073442459106445,-1.1751714944839478,23.61825180053711,37.0,0
11.652,2,-80.0,-18.88,-0.03351819887757301,-6.444040775299072,-1.2611969709396362,23.600303649902344,37.0,0
11.658,2,-80.0,-18.9569,-0.04310886189341545,-5.628361701965332,-1.1015561819076538,23.600303649902344,37.0,0
11.662,2,-80.0,-19.0723,-0.060199011117219925,-3.372297763824463,-0.6600100994110107,23.636198043823242,37.0,0
11.667,2,-80.0,-19.1766,-0.05802154541015625,-3.091050386428833,-0.6049656867980957,23.636198043823242,37.0,0
11.673,2,-80.0,-19.248,-0.041287861764431,-6.785305500030518,-1.327987790107727,23.61825180053711,37.0,0
11.677,2,-80.0,-19.303,-0.03587751463055611,-6.579421520233154,-1.2876930236816406,23.61825180053711,37.0,0
11.683,2,-80.0,-19.3689,-0.0358906164765358,-8.743402481079102,-1.7112171649932861,23.61825180053711,37.0,0
11.687,2,-80.0,-19.4458,-0.041898902505636215,-6.958408832550049,-1.3618667125701904,23.61825180053711,37.0,0
11.692,2,-80.0,-19.5612,-0.05914071947336197,-4.6887383460998535,-0.9176575541496277,23.61825180053711,37.0,0
11.698,2,-80.0,-19.6875,-0.06442662328481674,-3.6282334327697754,-0.7101005911827087,23.61825180053711,37.0,0
11.703,2,-80.0,-19.7699,-0.05112004652619362,-6.799735069274902,-1.330811858177185,23.636198043823242,37.0,0
11.708,2,-80.0,-19.8413,-0.04215355962514877,-6.65438985824585,-1.3023655414581299,23.61825180053711,37.0,0
11.713,2,-80.0,-19.9072,-0.038343243300914764,-7.088357925415039,-1.3872997760772705,23.600303649902344,37.0,0
11.717,2,-80.0,-19.9841,-0.04508115351200104,-6.591169357299805,-1.289992332458496,23.600303649902344,37.0,0
11.722,2,-80.0,-20.1105,-0.062417495995759964,-3.5160012245178223,-0.688135027885437,23.61825180053711,37.0,0
11.728,2,-80.0,-20.2258,-0.060838889330625534,-3.806856632232666,-0.7450598478317261,23.636198043823242,37.0,0
11.733,2,-80.0,-20.3027,-0.04757414758205414,-3.9260447025299072,-0.7683867812156677,23.636198043823242,37.0,0
11.738,2,-80.0,-20.3741,-0.04324833303689957,-5.865115165710449,-1.1478924751281738,23.61825180053711,37.0,0
11.742,2,-80.0,-20.4456,-0.0431736595928669,-6.450446605682373,-1.2624508142471313,23.636198043823242,37.0,0
11.748,2,-80.0,-20.5554,-0.053563833236694336,-4.539904594421387,-0.88852858543396,23.61825180053711,37.0,0
11.753,2,-80.0,-20.6818,-0.06602417677640915,-3.5373640060424805,-0.6923160552978516,23.636198043823242,37.0,0
11.758,2,-80.0,-20.7861,-0.059151213616132736,-3.7003822326660156,-0.7242212295532227,23.636198043823242,37.0,0
11.763,2,-80.0,-20.8685,-0.05121929943561554,-3.853578567504883,-0.7542040348052979,23.636198043823242,37.0,0
11.769,2,-80.0,-20.9839,-0.054740190505981445,-2.6722676753997803,-0.5230035185813904,23.636198043823242,37.0,0
11.773,2,-80.0,-21.0828,-0.0603671669960022,-2.3512656688690186,-0.46017855405807495,23.61825180053711,37.0,0
11.778,2,-80.0,-21.1871,-0.0581689327955246,-0.9948921203613281,-0.19471555948257446,23.636198043823242,37.0,0
11.783,2,-80.0,-21.2695,-0.04805601388216019,-4.392643451690674,-0.8597073554992676,23.636198043823242,37.0,0
11.788,2,-80.0,-21.3409,-0.042819079011678696,-5.757933616638184,-1.1269153356552124,23.61825180053711,37.0,0
11.793,2,-80.0,-21.4288,-0.04610868915915489,-3.3251469135284424,-0.6507819294929504,23.61825180053711,37.0,0
11.798,2,-80.0,-21.5167,-0.048428408801555634,-3.5065228939056396,-0.6862800121307373,23.61825180053711,37.0,0
11.803,2,-80.0,-21.6211,-0.05663548409938812,-2.9620361328125,-0.5797156095504761,23.61825180053711,37.0,0
11.808,2,-80.0,-21.731,-0.05915869027376175,-2.8475284576416016,-0.5573047399520874,23.61825180053711,37.0,0
11.813,2,-80.0,-21.8134,-0.050170402973890305,-4.040165901184082,-0.7907220721244812,23.61825180053711,37.0,0
11.817,2,-80.0,-21.8958,-0.047003939747810364,-4.7852654457092285,-0.9365493655204773,23.636198043823242,37.0,0
11.822,2,-80.0,-21.9946,-0.0524897575378418,-2.68972110748291,-0.5264194011688232,23.636198043823242,37.0,0
11.827,2,-80.0,-22.1045,-0.05890647694468498,-1.6848068237304688,-0.3297423720359802,23.61825180053711,37.0,0
11.832,2,-80.0,-22.2034,-0.05667157471179962,-1.9554975032806396,-0.3827206790447235,23.636198043823242,37.0,0
11.837,2,-80.0,-22.2858,-0.04739858955144882,-3.581350326538086,-0.6727522611618042,23.636198043823242,37.0,0
11.842,2,-80.0,-22.3627,-0.04510927200317383,-4.282088279724121,-0.8380699157714844,23.636198043823242,37.0,0
11.847,2,-80.0,-22.4506,-0.04890790209174156,-3.8240909576416016,-0.7484328746795654,23.636198043823242,37.0,0
11.852,2,-80.0,-22.5439,-0.05104319751262665,-2.932826280593872,-0.5739988088607788,23.636198043823242,37.0,0
11.858,2,-80.0,-22.6373,-0.05321766808629036,-2.9670348167419434,-0.5806939601898193,23.61825180053711,37.0,0
11.862,2,-80.0,-22.7362,-0.054442938417196274,-2.344299077987671,-0.4588150680065155,23.636198043823242,37.0,0
11.867,2,-80.0,-22.8186,-0.048380546271800995,-3.691671133041382,-0.7225162982940674,23.61825180053711,37.0,0
11.873,2,-80.0,-22.901,-0.0460406094789505,-3.2833337783813477,-0.6425985097885132,23.636198043823242,37.0,0
11.877,2,-80.0,-22.9889,-0.04860067740082741,-2.746884346008301,-0.5376071333885193,23.636198043823242,37.0,0
11.882,2,-80.0,-23.0823,-0.051706716418266296,-2.61592960357666,-0.5119773149490356,23.636198043823242,37.0,0
11.887,2,-80.0,-23.1866,-0.05453747510910034,-2.6570074558258057,-0.5200168490409851,23.61825180053711,37.0,0
11.892,2,-80.0,-23.28,-0.05312306806445122,-2.903437376022339,-0.5682469606399536,23.61825180053711,37.0,0
11.897,2,-80.0,-23.3624,-0.047808337956666946,-3.6291348934173584,-0.7102770209312439,23.61825180053711,37.0,0
11.902,2,-80.0,-23.4448,-0.04762225225567818,-3.5789284706115723,-0.7004508972167969,23.636198043823242,37.0,0
11.907,2,-80.0,-23.5382,-0.052613530308008194,-2.5140819549560547,-0.4920441806316376,23.61825180053711,37.0,0
11.913,2,-80.0,-23.6481,-0.05589745566248894,-1.848002552986145,-0.361682265996933,23.61825180053711,37.0,0
11.918,2,-80.0,-23.7415,-0.0530594065785408,-2.6291706562042236,-0.5145687460899353,23.636198043823242,37.0,0
11.922,2,-80.0,-23.8239,-0.048668961971998215,-3.0415377616882324,-0.5952752828598022,23.61825180053711,37.0,0
11.927,2,-80.0,-23.9117,-0.047749388962984085,-3.4774928092956543,-0.6805983781814575,23.61825180053711,37.0,0
11.933,2,-80.0,-23.9996,-0.04939098283648491,-3.368844747543335,-0.6593343019485474,23.636198043823242,37.0,0
11.937,2,-80.0,-24.104,-0.05431877076625824,-1.9290330410003662,-0.3775411546230316,23.61825180053711,37.0,0
11.942,2,-80.0,-24.2084,-0.05722971260547638,-1.2422806024551392,-0.24313324689865112,23.61825180053711,37.0,0
11.947,2,-80.0,-24.2963,-0.05066583678126335,-1.9001975059509277,-0.3718976378440857,23.636198043823242,37.0,0
11.952,2,-80.0,-24.3732,-0.04663074389100075,-3.412666082382202,-0.5268490314483643,23.636198043823242,37.0,0
11.957,2,-80.0,-24.4666,-0.04943578317761421,-1.846352458000183,-0.3613593280315399,23.61825180053711,37.0,0
11.962,2,-80.0,-24.5599,-0.05186007544398308,-1.7833762168884277,-0.349033921957016,23.61825180053711,37.0,0
11.967,2,-80.0,-24.6478,-0.05367821455001831,-1.936339020729065,-0.37897107005119324,23.636198043823242,37.0,0
11.973,2,-80.0,-24.7522,-0.05132322758436203,-2.9055604934692383,-0.5686624646186829,23.61825180053711,37.0,0
11.977,2,-80.0,-24.8236,-0.04485731199383736,-3.7077412605285645,-0.7256614565849304,23.61825180053711,37.0,0
11.982,2,-80.0,-24.9005,-0.043464478105306625,-4.241530418395996,-0.8301321268081665,23.636198043823242,37.0,0
11.987,2,-80.0,-24.9884,-0.04643310606479645,-2.7077274322509766,-0.5299435257911682,23.636198043823242,37.0,0
11.992,2,-80.0,-25.0653,-0.04610423371195793,-1.9189729690551758,-0.3755722641944885,23.636198043823242,37.0,0
11.998,2,-80.0,-25.1642,-0.049949996173381805,-3.004502058029175,-0.5880268812179565,23.61825180053711,37.0,0
12.002,2,-80.0,-25.2631,-0.05439494922757149,-2.2451601028442383,-0.43941208720207214,23.636198043823242,37.0,0
12.007,2,-80.0,-25.351,-0.05103633180260658,-2.646526336669922,-0.51796555519104,23.636198043823242,37.0,0
12.012,2,-80.0,-25.4279,-0.04301321506500244,-3.880600929260254,-0.7594927549362183,23.636198043823242,37.0,0
12.018,2,-80.0,-25.4993,-0.041312720626592636,-4.621145725250244,-0.9044286012649536,23.636198043823242,37.0,0
12.023,2,-80.0,-25.5762,-0.042111217975616455,-5.2137556076049805,-1.020411491394043,23.61825180053711,37.0,0
12.028,2,-80.0,-25.6696,-0.05044523999094963,-3.3804666996002197,-0.661608874797821,23.61825180053711,37.0,0
12.033,2,-80.0,-25.7794,-0.05707823485136032,-2.0001823902130127,-0.3914662003517151,23.636198043823242,37.0,0
12.038,2,-80.0,-25.8673,-0.05101662129163742,-3.5801310539245605,-0.7006862163543701,23.636198043823242,37.0,0
12.042,2,-80.0,-25.9332,-0.042900532484054565,-5.4914326667785645,-1.0747570991516113,23.636198043823242,37.0,0
12.047,2,-80.0,-26.0046,-0.038397934287786484,-4.947089195251465,-0.9682207107543945,23.61825180053711,37.0,0
12.052,2,-80.0,-26.0596,-0.03207879140973091,-6.431535720825195,-1.2587496042251587,23.61825180053711,37.0,0
12.058,2,-80.0,-26.1255,-0.03795706108212471,-6.954068660736084,-1.3610172271728516,23.61825180053711,37.0,0
12.062,2,-80.0,-26.2408,-0.05777430534362793,-3.4243297576904297,-0.6701935529708862,23.636198043823242,37.0,0
12.067,2,-80.0,-26.3617,-0.06223422288894653,-2.942660093307495,-0.5759234428405762,23.636198043823242,37.0,0
12.072,2,-80.0,-26.4386,-0.04757450520992279,-5.263872146606445,-0.8755470514297485,23.636198043823242,37.0,0
12.077,2,-80.0,-26.5045,-0.0399136021733284,-7.576310634613037,-1.4827995300292969,23.636198043823242,37.0,0
12.082,2,-80.0,-26.5649,-0.0342092402279377,-7.379704475402832,-1.4443206787109375,23.61825180053711,37.0,0
12.087,2,-80.0,-26.6309,-0.03688696026802063,-7.624530792236328,-1.4922369718551636,23.61825180053711,37.0,0
12.092,2,-80.0,-26.7407,-0.055851615965366364,-4.612123489379883,-0.9026628732681274,23.61825180053711,38.0,0
12.097,2,-80.0,-26.8671,-0.06657613813877106,-2.9553914070129395,-0.5784151554107666,23.636198043823242,37.0,0
12.102,2,-80.0,-26.9659,-0.05664066597819328,-3.2845470905303955,-0.6428359150886536,23.636198043823242,37.0,0
12.107,2,-80.0,-27.0428,-0.04543175548315048,-7.128745079040527,-1.3952040672302246,23.654146194458008,37.0,0
12.112,2,-80.0,-27.1088,-0.040751028805971146,-6.678718566894531,-1.3071269989013672,23.61825180053711,37.0,0
12.117,2,-80.0,-27.1912,-0.04696524515748024,-4.750892639160156,-0.9298220872879028,23.61825180053711,37.0,0
12.122,2,-80.0,-27.312,-0.06001349166035652,-3.6745541095733643,-0.7191662192344666,23.61825180053711,37.0,0
12.127,2,-80.0,-27.4274,-0.06020001322031021,-3.327310562133789,-0.6512053608894348,23.61825180053711,37.0,0
12.133,2,-80.0,-27.5098,-0.049001991748809814,-5.698336124420166,-1.1152511835098267,23.61825180053711,37.0,0
12.138,2,-80.0,-27.5812,-0.042026884853839874,-6.915286064147949,-1.3534269332885742,23.636198043823242,37.0,0
12.142,2,-80.0,-27.6416,-0.038782618939876556,-7.682303428649902,-1.5035438537597656,23.61825180053711,37.0,0
12.148,2,-80.0,-27.735,-0.04834853112697601,-5.505635738372803,-1.0775368213653564,23.61825180053711,37.0,0
12.153,2,-80.0,-27.8613,-0.0649285539984703,-2.3448824882507324,-0.45892924070358276,23.636198043823242,37.0,0
12.157,2,-80.0,-27.9712,-0.06138079613447189,-2.963663339614868,-0.580034077167511,23.636198043823242,37.0,0
12.163,2,-80.0,-28.0591,-0.05138944461941719,-4.878255844116211,-0.9547489881515503,23.61825180053711,37.0,0
12.167,2,-80.0,-28.147,-0.05235045775771141,-3.6863815784454346,-0.7214810252189636,23.636198043823242,37.0,0
12.172,2,-80.0,-28.2623,-0.06132912635803223,-1.6429325342178345,-0.3215469419956207,23.61825180053711,37.0,0
12.178,2,-80.0,-28.3832,-0.06244638189673424,-2.317969799041748,-0.4536620080471039,23.636198043823242,37.0,0
12.183,2,-80.0,-28.4656,-0.0488784983754158,-3.479153633117676,-0.6809234023094177,23.636198043823242,37.0,0
12.188,2,-80.0,-28.537,-0.04224710538983345,-4.901113033294678,-0.9592224955558777,23.61825180053711,37.0,0
12.192,2,-80.0,-28.6249,-0.049905553460121155,-5.390203475952148,-1.0549449920654297,23.636198043823242,37.0,0
12.198,2,-80.0,-28.7347,-0.054132312536239624,-2.4359941482543945,-0.47676119208335876,23.61825180053711,37.0,0
12.203,2,-80.0,-28.8281,-0.05439077317714691,-2.346810817718506,-0.45930665731430054,23.636198043823242,37.0,0
12.208,2,-80.0,-28.927,-0.05304871127009392,-3.3258278369903564,-0.6509152054786682,23.636198043823242,37.0,0
12.212,2,-80.0,-29.0149,-0.050007328391075134,-3.5773165225982666,-0.700135350227356,23.636198043823242,37.0,0
12.218,2,-80.0,-29.0973,-0.047239575535058975,-4.317127704620361,-0.8449277281761169,23.636198043823242,37.0,0
12.223,2,-80.0,-29.1852,-0.04761996120214462,-2.850001573562622,-0.5577887892723083,23.61825180053711,38.0,0
12.227,2,-80.0,-29.2841,-0.05389423295855522,-1.339157223701477,-0.2620934844017029,23.61825180053711,37.0,0
12.232,2,-80.0,-29.3884,-0.05810679867863655,-2.0702626705169678,-0.40518197417259216,23.61825180053711,37.0,0
12.237,2,-80.0,-29.4818,-0.05178869143128395,-2.8808505535125732,-0.5638263821601868,23.636198043823242,37.0,0
12.243,2,-80.0,-29.5587,-0.04559486359357834,-4.02435302734375,-0.7876272201538086,23.61825180053711,37.0,0
12.247,2,-80.0,-29.6411,-0.04700402542948723,-2.7724483013153076,-0.5426104068756104,23.61825180053711,37.0,0
12.252,2,-80.0,-29.729,-0.04856317490339279,-4.921276092529297,-0.963168740272522,23.61825180053711,37.0,0
12.258,2,-80.0,-29.8279,-0.05247199535369873,-1.9174888134002686,-0.37528181076049805,23.61825180053711,37.0,0
12.262,2,-80.0,-29.9268,-0.05388826131820679,-2.429009199142456,-0.4753941297531128,23.61825180053711,37.0,0
12.267,2,-80.0,-30.0092,-0.04874756559729576,-3.6954383850097656,-0.723253607749939,23.61825180053711,38.0,0
12.272,2,-80.0,-30.0916,-0.04527717083692551,-4.407078742980957,-0.8625324964523315,23.636198043823242,37.0,0
12.277,2,-80.0,-30.174,-0.04835505783557892,-4.854550838470459,-0.9501096606254578,23.61825180053711,37.0,0
12.283,2,-80.0,-30.2728,-0.05061805620789528,-3.22749662399292,-0.6316702961921692,23.636198043823242,37.0,0
12.287,2,-80.0,-30.3717,-0.054230716079473495,-2.615659475326538,-0.5119244456291199,23.654146194458008,37.0,0
12.292,2,-80.0,-30.4596,-0.05364710092544556,-2.3752574920654297,-0.46487411856651306,23.61825180053711,37.0,0
12.298,2,-80.0,-30.553,-0.04904168099164963,-3.116654396057129,-0.6099767684936523,23.636198043823242,37.0,0
12.302,2,-80.0,-30.6409,-0.04789635166525841,-2.7851362228393555,-0.5450935959815979,23.636198043823242,37.0,0
12.308,2,-80.0,-30.7343,-0.05253764986991882,-2.1956310272216797,-0.4297184348106384,23.636198043823242,37.0,0
12.313,2,-80.0,-30.8386,-0.056392356753349304,-1.6496254205703735,-0.3228568434715271,23.636198043823242,37.0,0
12.317,2,-80.0,-30.9265,-0.05308970436453819,-2.0653436183929443,-0.40421921014785767,23.636198043823242,38.0,0
12.322,2,-80.0,-31.0144,-0.0471913106739521,-2.8593945503234863,-0.559627115726471,23.61825180053711,37.0,0
12.328,2,-80.0,-31.0968,-0.047387804836034775,-3.055616617202759,-0.5980307459831238,23.61825180053711,37.0,0
12.333,2,-80.0,-31.1902,-0.049893688410520554,-1.9413378238677979,-0.3799493908882141,23.61825180053711,37.0,0
12.337,2,-80.0,-31.2836,-0.05218508467078209,-1.7509328126907349,-0.34268423914909363,23.61825180053711,38.0,0
12.343,2,-80.0,-31.3824,-0.05412325635552406,-2.1403002738952637,-0.4188894033432007,23.61825180053711,38.0,0
12.348,2,-80.0,-31.4758,-0.0512908399105072,-2.1419179439544678,-0.4192059636116028,23.636198043823242,38.0,0
12.352,2,-80.0,-31.5527,-0.046985357999801636,-3.296870470046997,-0.645247757434845,23.636198043823242,37.0,0
12.357,2,-80.0,-31.6406,-0.048011939972639084,-3.536160945892334,-0.6920806169509888,23.61825180053711,37.0,0
12.362,2,-80.0,-31.7395,-0.0522843599319458,-1.8398979902267456,-0.3600960671901703,23.636198043823242,37.0,0
12.368,2,-80.0,-31.8384,-0.055266328155994415,-1.0921263694763184,-0.21374577283859253,23.636198043823242,38.0,0
12.372,2,-80.0,-31.9373,-0.055583663284778595,-1.6750035285949707,-0.3278237283229828,23.61825180053711,38.0,0
12.378,2,-80.0,-32.0251,-0.04811875894665718,-3.2013795375823975,-0.626558780670166,23.61825180053711,37.0,0
12.382,2,-80.0,-32.0911,-0.042547062039375305,-3.7123944759368896,-0.7265722155570984,23.636198043823242,37.0,0
12.387,2,-80.0,-32.1735,-0.04528200998902321,-5.394264221191406,-1.0557397603988647,23.61825180053711,37.0,0
12.392,2,-80.0,-32.2668,-0.048848822712898254,-3.017946720123291,-0.5906581878662109,23.636198043823242,38.0,0
12.397,2,-80.0,-32.3547,-0.05069660395383835,-2.4886937141418457,-0.4870753288269043,23.61825180053711,37.0,0
12.402,2,-80.0,-32.4481,-0.050717614591121674,-2.5010643005371094,-0.4894964098930359,23.636198043823242,37.0,0
12.407,2,-80.0,-32.536,-0.0494672991335392,-2.4563965797424316,-0.4807542562484741,23.61825180053711,38.0,0
12.412,2,-80.0,-32.6184,-0.045358553528785706,-3.753242015838623,-0.7345666289329529,23.636198043823242,38.0,0
12.417,2,-80.0,-32.6898,-0.04287555068731308,-5.503101348876953,-1.0770407915115356,23.61825180053711,38.0,0
12.422,2,-80.0,-32.7612,-0.03958458453416824,-5.586453914642334,-1.0933542251586914,23.61825180053711,37.0,0
12.428,2,-80.0,-32.8491,-0.04623545706272125,-3.961364507675171,-0.7752994298934937,23.61825180053711,38.0,0
12.433,2,-80.0,-32.9535,-0.05588461831212044,-2.8898627758026123,-0.5655902028083801,23.61825180053711,38.0,0
12.438,2,-80.0,-33.0524,-0.05513186380267143,-2.9566922187805176,-0.5786697268486023,23.61825180053711,38.0,0
12.443,2,-80.0,-33.1293,-0.04494064673781395,-4.607201099395752,-0.9016994833946228,23.636198043823242,38.0,0
12.448,2,-80.0,-33.1952,-0.039651256054639816,-5.193456649780273,-1.016438603401184,23.61825180053711,37.0,0
12.452,2,-80.0,-33.2501,-0.03481988236308098,-5.6402997970581055,-1.1038926839828491,23.600303649902344,38.0,0
12.458,2,-80.0,-33.327,-0.03961477801203728,-6.792492389678955,-1.3293943405151367,23.61825180053711,38.0,0
12.462,2,-80.0,-33.4314,-0.05468255281448364,-4.074056625366211,-0.797355055809021,23.61825180053711,38.0,0
12.468,2,-80.0,-33.5468,-0.060175225138664246,-3.1314470767974854,-0.6128719449043274,23.636198043823242,37.0,0
12.472,2,-80.0,-33.6182,-0.04793265089392662,-5.210669040679932,-1.0198073387145996,23.636198043823242,37.0,0
12.478,2,-80.0,-33.6951,-0.04170767217874527,-7.182295799255371,-1.4056847095489502,23.636198043823242,38.0,0
12.482,2,-80.0,-33.761,-0.03858180344104767,-8.29365062713623,-1.6231939792633057,23.61825180053711,37.0,0
12.487,2,-80.0,-33.8379,-0.041493795812129974,-7.127147674560547,-1.3948915004730225,23.600303649902344,38.0,0
12.492,2,-80.0,-33.9313,-0.054168008267879486,-4.806394577026367,-0.9406846761703491,23.61825180053711,38.0,0
12.498,2,-80.0,-34.0576,-0.061708398163318634,-3.5877113342285156,-0.7021697759628296,23.636198043823242,37.0,0
12.502,2,-80.0,-34.151,-0.052868425846099854,-3.8139376640319824,-0.7464457750320435,23.636198043823242,37.0,0
12.507,2,-80.0,-34.2279,-0.04634667932987213,-6.859969139099121,-1.3426005840301514,23.636198043823242,37.0,0
12.512,2,-80.0,-34.3048,-0.04356660321354866,-6.428591728210449,-1.2581734657287598,23.61825180053711,38.0,0
12.517,2,-80.0,-34.3927,-0.049841418862342834,-4.666536331176758,-0.9133123159408569,23.600303649902344,38.0,0
12.523,2,-80.0,-34.519,-0.06261120736598969,-3.094327926635742,-0.6056071519851685,23.61825180053711,37.0,0
12.527,2,-80.0,-34.6234,-0.05828331410884857,-3.562530517578125,-0.6972415447235107,23.61825180053711,38.0,0
12.533,2,-80.0,-34.7058,-0.047585658729076385,-6.55264949798584,-1.2824534177780151,23.636198043823242,38.0,0
12.537,2,-80.0,-34.7827,-0.04571003466844559,-6.726417064666748,-1.3164623975753784,23.61825180053711,38.0,0
12.542,2,-80.0,-34.8541,-0.04459225386381149,-5.762354850769043,-1.1277806758880615,23.600303649902344,38.0,0
12.548,2,-80.0,-34.953,-0.049697406589984894,-4.531440258026123,-0.8868719339370728,23.61825180053711,38.0,0
12.552,2,-80.0,-35.0684,-0.05940840020775795,-4.035526275634766,-0.7898139953613281,23.636198043823242,37.0,0
12.558,2,-80.0,-35.1672,-0.05584336817264557,-3.3333375453948975,-0.6523849964141846,23.636198043823242,37.0,0
12.563,2,-80.0,-35.2606,-0.05233880877494812,-3.7101693153381348,-0.7261366844177246,23.636198043823242,38.0,0
12.568,2,-80.0,-35.354,-0.05353689193725586,-4.569528102874756,-0.8943263292312622,23.61825180053711,38.0,0
12.573,2,-80.0,-35.4584,-0.05787194147706032,-1.6664907932281494,-0.3261576294898987,23.61825180053711,37.0,0
12.578,2,-80.0,-35.5737,-0.06098151579499245,-2.056905746459961,-0.4025678336620331,23.61825180053711,37.0,0
12.583,2,-80.0,-35.6671,-0.05442148074507713,-2.7462711334228516,-0.5374871492385864,23.636198043823242,38.0,0
12.587,2,-80.0,-35.744,-0.04584333300590515,-3.9315407276153564,-0.7694624662399292,23.61825180053711,38.0,0
12.593,2,-80.0,-35.8319,-0.04882792383432388,-3.384073495864868,-0.662314772605896,23.636198043823242,37.0,0
12.598,2,-80.0,-35.9418,-0.053844355046749115,-2.391397714614868,-0.4680330157279968,23.61825180053711,38.0,0
12.603,2,-80.0,-36.0352,-0.0560918003320694,-2.6072330474853516,-0.5102752447128296,23.636198043823242,37.0,0
12.608,2,-80.0,-36.1176,-0.05002699792385101,-4.039322376251221,-0.7905570268630981,23.61825180053711,38.0,0
12.613,2,-80.0,-36.2054,-0.04664488136768341,-3.868114471435547,-0.757049024105072,23.61825180053711,38.0,0
12.618,2,-80.0,-36.2988,-0.049261074513196945,-3.3382415771484375,-0.6533447504043579,23.636198043823242,38.0,0
12.623,2,-80.0,-36.3812,-0.04928358271718025,-3.5701606273651123,-0.6987348794937134,23.636198043823242,38.0,0
12.628,2,-80.0,-36.4856,-0.05079448223114014,-3.4274284839630127,-0.670799970626831,23.600303649902344,37.0,0
12.634,2,-80.0,-36.579,-0.055874813348054886,-2.063993453979492,-0.40395498275756836,23.654146194458008,38.0,0
12.637,2,-80.0,-36.6669,-0.05514707788825035,-2.169748306274414,-0.4246527850627899,23.61825180053711,38.0,0
12.642,2,-80.0,-36.7548,-0.04862365126609802,-3.2792727947235107,-0.6418036818504333,23.636198043823242,37.0,0
12.647,2,-80.0,-36.8372,-0.04685773700475693,-3.0372326374053955,-0.5944327116012573,23.636198043823242,38.0,0
12.652,2,-80.0,-36.9196,-0.046762097626924515,-4.679769992828369,-0.915902316570282,23.61825180053711,38.0,0
12.657,2,-80.0,-37.0129,-0.05101725831627846,-3.5409305095672607,-0.6930140852928162,23.636198043823242,38.0,0
12.662,2,-80.0,-37.1118,-0.05463346466422081,-2.2140939235687256,-0.4333319365978241,23.61825180053711,38.0,0
12.667,2,-80.0,-37.1997,-0.05142862722277641,-3.438047409057617,-0.6728782653808594,23.636198043823242,38.0,0
12.673,2,-80.0,-37.2821,-0.04595920071005821,-3.4798800945281982,-0.681065559387207,23.61825180053711,38.0,0
12.677,2,-80.0,-37.37,-0.04715483635663986,-2.3443992137908936,-0.4588346481323242,23.61825180053711,37.0,0
12.682,2,-80.0,-37.4634,-0.05050535872578621,-2.9820170402526855,-0.5836262106895447,23.636198043823242,38.0,0
12.687,2,-80.0,-37.5623,-0.05433054640889168,-2.6427042484283447,-0.5172175168991089,23.636198043823242,37.0,0
12.693,2,-80.0,-37.6611,-0.05480337515473366,-2.1362533569335938,-0.4180973470211029,23.61825180053711,38.0,0
12.697,2,-80.0,-37.749,-0.048906803131103516,-3.091324806213379,-0.6050193905830383,23.61825180053711,37.0,0
12.703,2,-80.0,-37.8259,-0.046009764075279236,-3.3251185417175293,-0.6507763862609863,23.636198043823242,38.0,0
12.707,2,-80.0,-37.9193,-0.049632325768470764,-2.6166093349456787,-0.5121103525161743,23.636198043823242,38.0,0
12.712,2,-80.0,-38.0182,-0.055020932108163834,-1.521882176399231,-0.29785552620887756,23.61825180053711,38.0,0
12.717,2,-80.0,-38.1226,-0.05668756738305092,-1.6465598344802856,-0.322256863117218,23.61825180053711,38.0,0
12.722,2,-80.0,-38.2159,-0.05206609517335892,-2.0718796253204346,-0.4054984450340271,23.636198043823242,38.0,0
12.727,2,-80.0,-38.2928,-0.0459417887032032,-3.556856155395508,-0.6961309909820557,23.636198043823242,38.0,0
12.732,2,-80.0,-38.3807,-0.047473251819610596,-2.5088188648223877,-0.4910140931606293,23.61825180053711,38.0,0
12.737,2,-80.0,-38.4741,-0.0509660467505455,-2.1644484996795654,-0.42361554503440857,23.61825180053711,38.0,0
12.742,2,-80.0,-38.573,-0.055518943816423416,-2.3919179439544678,-0.4681348204612732,23.61825180053711,38.0,0
12.747,2,-80.0,-38.6664,-0.05198194086551666,-2.616211414337158,-0.5120324492454529,23.61825180053711,38.0,0
12.752,2,-80.0,-38.7488,-0.046917904168367386,-3.323409080505371,-0.6504417657852173,23.61825180053711,38.0,0
12.757,2,-80.0,-38.8312,-0.0466470941901207,-3.5668771266937256,-0.6980922222137451,23.636198043823242,38.0,0
12.762,2,-80.0,-38.9246,-0.050528593361377716,-2.642786979675293,-0.5172337293624878,23.61825180053711,38.0,0
12.767,2,-80.0,-39.0179,-0.05526282265782356,-2.020442247390747,-0.39543136954307556,23.61825180053711,38.0,0
12.773,2,-80.0,-39.1278,-0.0549926832318306,-1.462059736251831,-0.2861473858356476,23.61825180053711,38.0,0
12.777,2,-80.0,-39.2102,-0.0481104739010334,-3.007507562637329,-0.5886150598526001,23.61825180053711,38.0,0
12.782,2,-80.0,-39.2871,-0.043413203209638596,-3.1424551010131836,-0.6150264143943787,23.61825180053711,38.0,0
12.787,2,-80.0,-39.364,-0.04460560530424118,-4.056745529174805,-0.7939670085906982,23.61825180053711,38.0,0
12.792,2,-80.0,-39.4464,-0.04809002950787544,-2.0932915210723877,-0.4096890389919281,23.61825180053711,38.0,0
12.798,2,-80.0,-39.5508,-0.052729375660419464,-2.335756540298462,-0.4571431577205658,23.636198043823242,38.0,0
12.802,2,-80.0,-39.6497,-0.052510201930999756,-2.4633443355560303,-0.4821140170097351,23.61825180053711,38.0,0
12.808,2,-80.0,-39.7266,-0.0463218055665493,-3.9840691089630127,-0.7797430753707886,23.61825180053711,38.0,0
12.812,2,-80.0,-39.798,-0.04147965461015701,-4.688889026641846,-0.9176871180534363,23.61825180053711,38.0,0
12.817,2,-80.0,-39.8749,-0.04225883260369301,-3.5028305053710938,-0.6855573058128357,23.61825180053711,38.0,0
12.822,2,-80.0,-39.9463,-0.04017912596464157,-5.754601001739502,-1.12626314163208,23.61825180053711,38.0,0
12.827,2,-80.0,-40.0287,-0.04441153258085251,-4.755032539367676,-0.9306323528289795,23.600303649902344,38.0,0
12.832,2,-80.0,-40.1221,-0.05396128073334694,-3.830766201019287,-0.7497393488883972,23.61825180053711,38.0,0
12.838,2,-80.0,-40.2374,-0.05549857020378113,-3.563307523727417,-0.6973936557769775,23.636198043823242,38.0,0
12.842,2,-80.0,-40.3033,-0.0457533523440361,-4.341884136199951,-0.94806307554245,23.636198043823242,38.0,0
12.848,2,-80.0,-40.3802,-0.040984854102134705,-4.143024921417236,-0.810853123664856,23.61825180053711,38.0,0
12.853,2,-80.0,-40.4462,-0.03619926795363426,-5.9641594886779785,-1.1672769784927368,23.636198043823242,38.0,0
12.857,2,-80.0,-40.5176,-0.04227238893508911,-3.91572904586792,-0.7663678526878357,23.600303649902344,38.0,0
12.862,2,-80.0,-40.6274,-0.05708129703998566,-3.863492488861084,-0.7561444044113159,23.636198043823242,38.0,0
12.867,2,-80.0,-40.7318,-0.05965231731534004,-3.6949965953826904,-0.7231671810150146,23.636198043823242,38.0,0
12.873,2,-80.0,-40.8142,-0.043714117258787155,-6.600508213043213,-1.2918200492858887,23.61825180053711,38.0,0
12.877,2,-80.0,-40.8746,-0.03976564481854439,-5.710651874542236,-1.1176615953445435,23.61825180053711,38.0,0
12.883,2,-80.0,-40.946,-0.03848148137331009,-8.078487396240234,-1.5810831785202026,23.636198043823242,38.0,0
12.887,2,-80.0,-41.012,-0.038471806794404984,-6.855123519897461,-1.3416521549224854,23.61825180053711,38.0,0
12.892,2,-80.0,-41.1108,-0.05301520600914955,-5.455737113952637,-1.0677709579467773,23.61825180053711,38.0,0
12.898,2,-80.0,-41.2482,-0.06571231037378311,-3.052057981491089,-0.5973342657089233,23.636198043823242,38.0,0
12.903,2,-80.0,-41.3361,-0.053243402391672134,-4.38802433013916,-0.8588032722473145,23.636198043823242,38.0,0
12.908,2,-80.0,-41.4075,-0.04233620688319206,-6.588403224945068,-1.2894508838653564,23.654146194458008,38.0,0
12.913,2,-80.0,-41.4789,-0.041050758212804794,-6.951766490936279,-1.3605666160583496,23.61825180053711,38.0,0
12.918,2,-80.0,-41.5668,-0.048312295228242874,-4.124794006347656,-0.8072850704193115,23.61825180053711,38.0,0
12.923,2,-80.0,-41.6876,-0.06348609924316406,-2.850226402282715,-0.5578327775001526,23.636198043823242,38.0,0
12.928,2,-80.0,-41.814,-0.06486336886882782,-2.9981749057769775,-0.586788535118103,23.61825180053711,38.0,0
12.933,2,-80.0,-41.9019,-0.052172549068927765,-5.50886869430542,-1.078169584274292,23.636198043823242,38.0,0
12.937,2,-80.0,-41.9733,-0.044432543218135834,-6.094236850738525,-1.1927350759506226,23.61825180053711,38.0,0
12.943,2,-80.0,-42.0502,-0.044177036732435226,-5.397155284881592,-1.0563056468963623,23.600303649902344,38.0,0
12.947,2,-80.0,-42.149,-0.053899820894002914,-3.7908685207366943,-0.7419307231903076,23.61825180053711,38.0,0
12.952,2,-80.0,-42.2699,-0.06083136051893234,-3.0890464782714844,-0.6045734882354736,23.654146194458008,38.0,0
12.957,2,-80.0,-42.3523,-0.04903697967529297,-5.275111198425293,-1.0324196815490723,23.636198043823242,38.0,0
12.962,2,-80.0,-42.4292,-0.045818787068128586,-4.95373010635376,-0.9695205092430115,23.61825180053711,38.0,0
12.967,2,-80.0,-42.5226,-0.05325983092188835,-3.0706429481506348,-0.6009716391563416,23.61825180053711,38.0,0
12.973,2,-80.0,-42.6379,-0.05837574973702431,-2.4387364387512207,-0.4772978723049164,23.61825180053711,38.0,0
12.977,2,-80.0,-42.7478,-0.06422427296638489,-1.0967952013015747,-0.21465954184532166,23.636198043823242,38.0,0
12.983,2,-80.0,-42.8577,-0.05549786984920502,-2.5151712894439697,-0.49225735664367676,23.636198043823242,38.0,0
12.987,2,-80.0,-42.9291,-0.04622873291373253,-3.687809705734253,-0.721760630607605,23.61825180053711,38.0,0
12.992,2,-80.0,-43.0115,-0.04874613508582115,-2.3355743885040283,-0.4571075141429901,23.636198043823242,38.0,0
12.998,2,-80.0,-43.1213,-0.05357183516025543,-2.8798887729644775,-0.5636381506919861,23.61825180053711,38.0,0
13.002,2,-80.0,-43.2147,-0.05591261386871338,-1.978941798210144,-0.38730907440185547,23.636198043823242,38.0,0
13.007,2,-80.0,-43.3136,-0.055710479617118835,-2.1363508701324463,-0.41811642050743103,23.636198043823242,38.0,0
13.013,2,-80.0,-43.407,-0.04917928948998451,-3.8284785747528076,-0.7492916584014893,23.61825180053711,38.0,0
13.017,2,-80.0,-43.4784,-0.04423116520047188,-4.009764671325684,-0.7847720980644226,23.61825180053711,38.0,0
13.023,2,-80.0,-43.5608,-0.04229404032230377,-3.763148307800293,-0.7365054488182068,23.636198043823242,38.0,0
13.027,2,-80.0,-43.6377,-0.045187607407569885,-3.232973098754883,-0.6327421069145203,23.636198043823242,38.0,0
13.033,2,-80.0,-43.7421,-0.05456056445837021,-2.603235960006714,-0.5094929933547974,23.61825180053711,38.0,0
13.038,2,-80.0,-43.8519,-0.058871302753686905,-2.1778900623321533,-0.4262462854385376,23.636198043823242,38.0,0
13.042,2,-80.0,-43.9343,-0.05159255862236023,-3.548278570175171,-0.5517116785049438,23.61825180053711,38.0,0
13.047,2,-80.0,-44.0167,-0.04604123905301094,-3.1164710521698,-0.6099408864974976,23.600303649902344,38.0,0
13.053,2,-80.0,-44.1046,-0.04771723225712776,-3.0362708568573,-0.5942444801330566,23.61825180053711,38.0,0
13.057,2,-80.0,-44.198,-0.05181009694933891,-3.164799451828003,-0.6193995475769043,23.61825180053711,38.0,0
13.063,2,-80.0,-44.3024,-0.056368324905633926,-2.0391173362731934,-0.3990863561630249,23.61825180053711,38.0,0
13.067,2,-80.0,-44.3903,-0.05243620276451111,-3.289022922515869,-0.6437119841575623,23.636198043823242,38.0,0
13.072,2,-80.0,-44.4727,-0.04553808271884918,-4.004687309265137,-0.7837783098220825,23.636198043823242,38.0,0
13.077,2,-80.0,-44.5551,-0.04467930272221565,-3.9798834323883057,-0.7789238691329956,23.61825180053711,38.0,0
13.082,2,-80.0,-44.6375,-0.04635273665189743,-4.246021747589111,-0.831011176109314,23.61825180053711,38.0,0
13.087,2,-80.0,-44.7308,-0.05028096213936806,-2.1862239837646484,-0.42787736654281616,23.61825180053711,38.0,0
13.093,2,-80.0,-44.8407,-0.057623427361249924,-1.3504596948623657,-0.2643055319786072,23.636198043823242,38.0,0
13.097,2,-80.0,-44.9341,-0.05496804416179657,-2.355027675628662,-0.4609147906303406,23.636198043823242,38.0,0
13.102,2,-80.0,-45.0165,-0.04634594917297363,-3.4676103591918945,-0.6786642074584961,23.636198043823242,38.0,0
13.107,2,-80.0,-45.0934,-0.044896677136421204,-2.2388498783111572,-0.43817707896232605,23.61825180053711,38.0,0
13.112,2,-80.0,-45.1868,-0.050594113767147064,-3.1169369220733643,-0.6100320816040039,23.600303649902344,38.0,0
13.117,2,-80.0,-45.2856,-0.05800722539424896,-1.6847375631332397,-0.3297288417816162,23.636198043823242,38.0,0
13.122,2,-80.0,-45.3955,-0.056148871779441833,-2.3437986373901367,-0.45871710777282715,23.61825180053711,38.0,0
13.127,2,-80.0,-45.4834,-0.05014938861131668,-2.7385191917419434,-0.5359699726104736,23.654146194458008,38.0,0
13.132,2,-80.0,-45.5658,-0.047821879386901855,-2.5967133045196533,-0.508216381072998,23.636198043823242,38.0,0
13.137,2,-80.0,-45.6592,-0.05058828368782997,-2.371779680252075,-0.4641934335231781,23.61825180053711,38.0,0
13.142,2,-80.0,-45.7526,-0.05592241510748863,-0.8952269554138184,-0.17520956695079803,23.636198043823242,38.0,0
13.147,2,-80.0,-45.8624,-0.054436855018138885,-2.103724479675293,-0.41173097491264343,23.61825180053711,38.0,0
13.152,2,-80.0,-45.9393,-0.046022094786167145,-3.087409257888794,-0.6042530536651611,23.61825180053711,38.0,0
13.157,2,-80.0,-46.0217,-0.045405659824609756,-2.943199634552002,-0.5760290622711182,23.61825180053711,38.0,0
13.162,2,-80.0,-46.1096,-0.04982391372323036,-2.3595199584960938,-0.46179401874542236,23.61825180053711,38.0,0
13.167,2,-80.0,-46.1975,-0.052439335733652115,-1.8762117624282837,-0.3672032356262207,23.61825180053711,38.0,0
13.173,2,-80.0,-46.3129,-0.05594456195831299,-0.6710819602012634,-0.13134096562862396,23.61825180053711,38.0,0
13.177,2,-80.0,-46.4008,-0.05114287883043289,-2.515221118927002,-0.49226710200309753,23.690038681030273,38.0,0
13.182,2,-80.0,-46.4777,-0.04455866664648056,-3.692122220993042,-0.7226046323776245,23.636198043823242,38.0,0
13.187,2,-80.0,-46.5546,-0.043619632720947266,-3.8849527835845947,-0.7603445053100586,23.61825180053711,38.0,0
13.192,2,-80.0,-46.637,-0.045859117060899734,-2.9040935039520264,-0.5683753490447998,23.61825180053711,38.0,0
13.197,2,-80.0,-46.7303,-0.05032205954194069,-2.7024729251861572,-0.5289151668548584,23.61825180053711,38.0,0
13.202,2,-80.0,-46.8292,-0.0530158132314682,-2.613107204437256,-0.5114248991012573,23.636198043823242,38.0,0
13.207,2,-80.0,-46.9171,-0.04901305213570595,-4.5231242179870605,-0.8852443695068359,23.61825180053711,38.0,0
13.212,2,-80.0,-46.994,-0.043840158730745316,-4.8466668128967285,-0.9485665559768677,23.636198043823242,38.0,0
13.217,2,-80.0,-47.0544,-0.03998815268278122,-5.256336688995361,-1.028745174407959,23.636198043823242,38.0,0
13.223,2,-80.0,-47.1204,-0.03353457897901535,-6.99980354309082,-1.3699681758880615,23.61825180053711,38.0,0
13.227,2,-80.0,-47.1808,-0.03446143493056297,-6.876327991485596,-1.3458021879196167,23.61825180053711,38.0,0
13.233,2,-80.0,-47.2797,-0.05284171551465988,-3.465935230255127,-0.6783363819122314,23.61825180053711,38.0,0
13.237,2,-80.0,-47.4005,-0.06309591978788376,-2.47792911529541,-0.5683507323265076,23.636198043823242,38.0,0
13.242,2,-80.0,-47.4884,-0.05088835582137108,-4.152690410614014,-0.8127448558807373,23.636198043823242,38.0,0
13.247,2,-80.0,-47.5543,-0.04071183130145073,-6.674770355224609,-1.306354284286499,23.61825180053711,38.0,0
13.252,2,-80.0,-47.6147,-0.03779752179980278,-7.078701972961426,-1.3854098320007324,23.636198043823242,38.0,0
13.258,2,-80.0,-47.6862,-0.03803662583231926,-7.092239856719971,-1.3880594968795776,23.600303649902344,38.0,0
13.262,2,-80.0,-47.7905,-0.05299390107393265,-4.229501247406006,-0.8277778625488281,23.61825180053711,38.0,0
13.267,2,-80.0,-47.9059,-0.06385935842990875,-3.3005270957946777,-0.6459634900093079,23.61825180053711,38.0,0
13.272,2,-80.0,-47.9993,-0.05087464302778244,-4.4054059982299805,-0.8622051477432251,23.636198043823242,38.0,0
13.277,2,-80.0,-48.0597,-0.03945288807153702,-7.610117435455322,-1.4894160032272339,23.61825180053711,38.0,0
13.283,2,-80.0,-48.1311,-0.03773801773786545,-7.506049633026123,-1.469048261642456,23.636198043823242,38.0,0
13.287,2,-80.0,-48.197,-0.037420738488435745,-7.877786636352539,-1.5418028831481934,23.600303649902344,38.0,0
13.292,2,-80.0,-48.2904,-0.050461024045944214,-5.014523029327393,-0.9814186096191406,23.636198043823242,38.0,0
13.297,2,-80.0,-48.4167,-0.0661541000008583,-3.1110894680023193,-0.6088876724243164,23.636198043823242,38.0,0
13.302,2,-80.0,-48.5266,-0.05902881920337677,-4.1286187171936035,-0.8080336451530457,23.636198043823242,38.0,0
13.307,2,-80.0,-48.5925,-0.04458377882838249,-7.033938407897949,-1.3766489028930664,23.636198043823242,38.0,0
13.312,2,-80.0,-48.6639,-0.03854347765445709,-9.160982131958008,-1.7929438352584839,23.636198043823242,38.0,0
13.317,2,-80.0,-48.7299,-0.03927561268210411,-7.909356594085693,-1.5479817390441895,23.61825180053711,38.0,0
13.322,2,-80.0,-48.8342,-0.05505751818418503,-4.407372951507568,-0.8625900745391846,23.61825180053711,38.0,0
13.327,2,-80.0,-48.9716,-0.06851056218147278,-2.749866485595703,-0.5381907820701599,23.61825180053711,38.0,0
13.332,2,-80.0,-49.0814,-0.06126513332128525,-2.990421772003174,-0.5852711200714111,23.636198043823242,38.0,0
13.337,2,-80.0,-49.1693,-0.05233929678797722,-2.61147403717041,-0.5111052989959717,23.636198043823242,38.0,0
13.342,2,-80.0,-49.2572,-0.05281928554177284,-2.851231813430786,-0.5580295324325562,23.636198043823242,38.0,0
13.348,2,-80.0,-49.3726,-0.05834111198782921,-3.2914881706237793,-0.6441943645477295,23.61825180053711,38.0,0
13.353,2,-80.0,-49.4769,-0.05823158472776413,-2.8360438346862793,-0.5550570487976074,23.636198043823242,38.0,0
13.358,2,-80.0,-49.5538,-0.04737501218914986,-4.987246036529541,-0.9760801196098328,23.61825180053711,38.0,0
13.362,2,-80.0,-49.6252,-0.0427379310131073,-4.189349174499512,-0.8199195265769958,23.61825180053711,38.0,0
13.367,2,-80.0,-49.7076,-0.04482252523303032,-3.627208948135376,-0.7099000811576843,23.636198043823242,38.0,0
13.372,2,-80.0,-49.79,-0.0443575382232666,-5.5703511238098145,-1.0902025699615479,23.600303649902344,38.0,0
13.378,2,-80.0,-49.8889,-0.05462706461548805,-3.629664659500122,-0.7103807330131531,23.636198043823242,38.0,0
13.383,2,-80.0,-50.0208,-0.0671866238117218,-1.1799254417419434,-0.2309294044971466,23.636198043823242,38.0,0
13.388,2,-80.0,-50.1251,-0.05827667564153671,-2.633729934692383,-0.5154610872268677,23.636198043823242,38.0,0
13.392,2,-80.0,-50.191,-0.04688135161995888,-3.4981813430786133,-0.6846474409103394,23.61825180053711,38.0,0
13.398,2,-80.0,-50.2844,-0.04800403118133545,-3.3238284587860107,-0.6505239009857178,23.61825180053711,38.0,0
13.402,2,-80.0,-50.3888,-0.05699048563838005,-2.4672365188598633,-0.482875794172287,23.61825180053711,38.0,0
13.407,2,-80.0,-50.4987,-0.058697886765003204,-2.8673465251922607,-0.5611834526062012,23.636198043823242,38.0,0
13.413,2,-80.0,-50.5865,-0.05038730427622795,-4.037646770477295,-0.7902289628982544,23.636198043823242,38.0,0
13.417,2,-80.0,-50.6635,-0.04708629846572876,-2.9833219051361084,-0.5838815569877625,23.61825180053711,38.0,0
13.423,2,-80.0,-50.7568,-0.047894928604364395,-6.043792247772217,-1.1828622817993164,23.636198043823242,38.0,0
13.427,2,-80.0,-50.8337,-0.04608400538563728,-5.05734920501709,-0.9898003935813904,23.61825180053711,38.0,0
13.432,2,-80.0,-50.9271,-0.050433624535799026,-2.6143252849578857,-0.5116633176803589,23.61825180053711,38.0,0
13.437,2,-80.0,-51.0315,-0.05642036721110344,-2.5975289344787598,-0.5083760023117065,23.636198043823242,38.0,0
13.442,2,-80.0,-51.1304,-0.05325690656900406,-2.369896411895752,-0.4638248682022095,23.636198043823242,38.0,0
13.447,2,-80.0,-51.2073,-0.046984776854515076,-4.033384323120117,-0.789394736289978,23.636198043823242,38.0,0
13.452,2,-80.0,-51.2897,-0.04512616991996765,-5.020499229431152,-0.9825882315635681,23.636198043823242,38.0,0
13.457,2,-80.0,-51.3776,-0.04887312650680542,-2.842522382736206,-0.5563249588012695,23.61825180053711,38.0,0
13.462,2,-80.0,-51.4819,-0.05652693286538124,-2.490300416946411,-0.4873897433280945,23.636198043823242,38.0,0
13.467,2,-80.0,-51.5863,-0.05645769089460373,-1.9535545110702515,-0.3823404014110565,23.61825180053711,38.0,0
13.472,2,-80.0,-51.6687,-0.04859992489218712,-3.7119204998016357,-0.7264794707298279,23.636198043823242,38.0,0
13.478,2,-80.0,-51.7511,-0.04418002814054489,-4.1192498207092285,-0.8061999678611755,23.636198043823242,38.0,0
13.482,2,-80.0,-51.828,-0.04587230458855629,-4.656229496002197,-0.9112951159477234,23.61825180053711,38.0,0
13.487,2,-80.0,-51.9214,-0.05034270137548447,-3.2385964393615723,-0.6338427066802979,23.61825180053711,38.0,0
13.493,2,-80.0,-52.0258,-0.05642831698060036,-1.796181082725525,-0.3515400290489197,23.636198043823242,38.0,0
13.497,2,-80.0,-52.1246,-0.054769013077020645,-2.3697474002838135,-0.46379566192626953,23.61825180053711,38.0,0
13.502,2,-80.0,-52.2015,-0.0480695441365242,-3.320727586746216,-0.6499170064926147,23.61825180053711,38.0,0
13.507,2,-80.0,-52.2894,-0.04612928256392479,-3.115090847015381,-0.6096707582473755,23.61825180053711,38.0,0
13.512,2,-80.0,-52.3828,-0.04993554949760437,-3.3159031867980957,-0.6489728093147278,23.636198043823242,38.0,0
13.517,2,-80.0,-52.4872,-0.05650640279054642,-2.3964383602142334,-0.46901950240135193,23.636198043823242,38.0,0
13.522,2,-80.0,-52.5861,-0.05596466362476349,-2.0096797943115234,-0.39332497119903564,23.636198043823242,38.0,0
13.527,2,-80.0,-52.674,-0.05099322274327278,-2.857534885406494,-0.5592631101608276,23.61825180053711,38.0,0
13.532,2,-80.0,-52.7618,-0.049940284341573715,-2.069364070892334,-0.4050061106681824,23.636198043823242,38.0,0
13.538,2,-80.0,-52.8607,-0.05233278498053551,-1.8779747486114502,-0.36754828691482544,23.61825180053711,38.0,0
13.542,2,-80.0,-52.9541,-0.05512644350528717,-1.971156120300293,-0.385785311460495,23.61825180053711,38.0,0
13.548,2,-80.0,-53.0585,-0.05328528583049774,-2.139871597290039,-0.41880548000335693,23.61825180053711,38.0,0
13.552,2,-80.0,-53.1409,-0.04777222126722336,-2.8991169929504395,-0.5674014091491699,23.636198043823242,38.0,0
13.558,2,-80.0,-53.2233,-0.04706770181655884,-2.8097517490386963,-0.5499112606048584,23.61825180053711,38.0,0
13.562,2,-80.0,-53.3057,-0.04734646528959274,-2.670830011367798,-0.5227221250534058,23.636198043823242,38.0,0
13.568,2,-80.0,-53.3936,-0.04864644259214401,-2.587033748626709,-0.5063219666481018,23.61825180053711,38.0,0
13.572,2,-80.0,-53.4924,-0.0528976172208786,-1.8977867364883423,-0.3714258074760437,23.636198043823242,38.0,0
13.578,2,-80.0,-53.5913,-0.053937409073114395,-1.7678790092468262,-0.34600088000297546,23.636198043823242,38.0,0
13.582,2,-80.0,-53.6737,-0.049110669642686844,-2.901654005050659,-0.5678979158401489,23.636198043823242,38.0,0
13.588,2,-80.0,-53.7506,-0.04292246699333191,-3.3320891857147217,-0.6521406769752502,23.636198043823242,38.0,0
13.592,2,-80.0,-53.8275,-0.043141674250364304,-7.072690010070801,-0.8956108093261719,23.636198043823242,38.0,0
13.598,2,-80.0,-53.9154,-0.04702775552868843,-3.7964887619018555,-0.7430307269096375,23.61825180053711,38.0,0
13.602,2,-80.0,-54.0088,-0.05161628499627113,-2.2568840980529785,-0.4417066276073456,23.61825180053711,38.0,0
13.608,2,-80.0,-54.1077,-0.051313869655132294,-2.923492193222046,-0.5721719861030579,23.61825180053711,38.0,0
13.612,2,-80.0,-54.1846,-0.04610743746161461,-3.6291286945343018,-0.7102757692337036,23.61825180053711,38.0,0
13.617,2,-80.0,-54.245,-0.04013550654053688,-5.226914405822754,-1.0229867696762085,23.61825180053711,38.0,0
13.623,2,-80.0,-54.3164,-0.03621940687298775,-7.882565498352051,-1.5427381992340088,23.61825180053711,38.0,0
13.628,2,-80.0,-54.3768,-0.03494717553257942,-6.160834789276123,-1.2057693004608154,23.61825180053711,38.0,0
13.632,2,-80.0,-54.4647,-0.0475999116897583,-3.5851738452911377,-0.7016732096672058,23.600303649902344,38.0,0
13.638,2,-80.0,-54.5856,-0.05968908593058586,-3.3374645709991455,-0.6531926989555359,23.636198043823242,38.0,0
13.642,2,-80.0,-54.668,-0.05389046669006348,-3.566744804382324,-0.6980663537979126,23.61825180053711,38.0,0
13.648,2,-80.0,-54.7504,-0.04273596778512001,-5.942895412445068,-1.1631152629852295,23.61825180053711,38.0,0
13.652,2,-80.0,-54.8108,-0.0390537790954113,-6.696328639984131,-1.3105735778808594,23.636198043823242,38.0,0
13.658,2,-80.0,-54.8822,-0.03800883889198303,-7.29277229309082,-1.4273066520690918,23.61825180053711,38.0,0
13.662,2,-80.0,-54.9756,-0.05004139244556427,-4.678171634674072,-0.915589451789856,23.61825180053711,38.0,0
13.668,2,-80.0,-55.1019,-0.06356403231620789,-3.4756784439086914,-0.6802432537078857,23.636198043823242,38.0,0
13.672,2,-80.0,-55.1898,-0.05355491489171982,-4.288055896759033,-0.8392378687858582,23.61825180053711,38.0,0
13.678,2,-80.0,-55.2612,-0.04069404676556587,-6.6440582275390625,-1.3003435134887695,23.61825180053711,38.0,0
13.682,2,-80.0,-55.3271,-0.03954141587018967,-7.055634498596191,-1.3808951377868652,23.636198043823242,38.0,0
13.688,2,-80.0,-55.3986,-0.03881485015153885,-7.034292697906494,-1.376718282699585,23.61825180053711,38.0,0
13.692,2,-80.0,-55.4865,-0.04837048053741455,-5.9308180809021,-1.1607515811920166,23.61825180053711,38.0,0
13.698,2,-80.0,-55.6128,-0.06325045228004456,-3.806666374206543,-0.7450226545333862,23.636198043823242,38.0,0
13.703,2,-80.0,-55.7117,-0.058706458657979965,-4.565447807312012,-0.8935276865959167,23.654146194458008,38.0,0
13.708,2,-80.0,-55.7996,-0.048430684953927994,-6.893733024597168,-1.3492087125778198,23.636198043823242,38.0,0
13.712,2,-80.0,-55.871,-0.044230442494153976,-6.180324077606201,-1.2095836400985718,23.636198043823242,38.0,0
13.717,2,-80.0,-55.9424,-0.044116172939538956,-6.648168563842773,-1.3011479377746582,23.61825180053711,38.0,0
13.723,2,-80.0,-56.0577,-0.05561646819114685,-4.260361194610596,-0.8338176608085632,23.636198043823242,38.0,0
13.728,2,-80.0,-56.1731,-0.061330560594797134,-3.7020132541656494,-0.7245404124259949,23.636198043823242,38.0,0
13.733,2,-80.0,-56.272,-0.05591103807091713,-3.1469576358795166,-0.6159075498580933,23.636198043823242,38.0,0
13.738,2,-80.0,-56.3599,-0.05173736438155174,-3.1649117469787598,-0.6194214820861816,23.636198043823242,38.0,0
13.742,2,-80.0,-56.4478,-0.05226001515984535,-3.591308355331421,-0.7028738260269165,23.61825180053711,38.0,0
13.748,2,-80.0,-56.5741,-0.06232801824808121,-1.798442006111145,-0.3519825339317322,23.636198043823242,38.0,0
13.753,2,-80.0,-56.684,-0.061552003026008606,-1.822972059249878,-0.3567834496498108,23.636198043823242,38.0,0
13.758,2,-80.0,-56.7664,-0.049509160220623016,-3.5431437492370605,-0.6934472322463989,23.636198043823242,38.0,0
13.762,2,-80.0,-56.8488,-0.04601055011153221,-3.778978109359741,-0.7396036386489868,23.61825180053711,38.0,0
13.767,2,-80.0,-56.9366,-0.048957981169223785,-3.9989397525787354,-0.7826534509658813,23.61825180053711,38.0,0
13.772,2,-80.0,-57.0245,-0.04999478533864021,-3.3385801315307617,-0.6534110307693481,23.61825180053711,38.0,0
13.777,2,-80.0,-57.1289,-0.055714018642902374,-2.361388683319092,-0.46215975284576416,23.61825180053711,38.0,0
13.782,2,-80.0,-57.2333,-0.05807802453637123,-1.8936902284622192,-0.3706240653991699,23.61825180053711,38.0,0
13.787,2,-80.0,-57.3157,-0.050594210624694824,-2.9456329345703125,-0.5765053033828735,23.636198043823242,38.0,0
13.793,2,-80.0,-57.4036,-0.04661659151315689,-5.013163089752197,-0.9811524152755737,23.61825180053711,38.0,0
13.797,2,-80.0,-57.486,-0.046056341379880905,-3.3228981494903564,-0.6503418684005737,23.636198043823242,38.0,0
13.802,2,-80.0,-57.5793,-0.050389740616083145,-3.7849135398864746,-0.7407652735710144,23.61825180053711,38.0,0
13.807,2,-80.0,-57.6782,-0.054345082491636276,-3.289621353149414,-0.6438290476799011,23.636198043823242,38.0,0
13.812,2,-80.0,-57.7716,-0.05177201330661774,-3.290560483932495,-0.6440128684043884,23.61825180053711,38.0,0
13.817,2,-80.0,-57.8485,-0.046328235417604446,-3.7124083042144775,-0.7265748977661133,23.636198043823242,38.0,0
13.822,2,-80.0,-57.9309,-0.044633377343416214,-3.0473406314849854,-0.5964109897613525,23.636198043823242,38.0,0
13.827,2,-80.0,-58.0023,-0.04214403033256531,-4.919318675994873,-0.9627856016159058,23.636198043823242,38.0,0
13.832,2,-80.0,-58.0847,-0.046129435300827026,-4.018253326416016,-0.7864334583282471,23.61825180053711,38.0,0
13.837,2,-80.0,-58.1891,-0.05361142382025719,-3.3251240253448486,-0.6507774591445923,23.61825180053711,38.0,0
13.842,2,-80.0,-58.288,-0.05607655271887779,-3.867218017578125,-0.7568734884262085,23.61825180053711,38.0,0
13.848,2,-80.0,-58.3759,-0.047275204211473465,-4.416592597961426,-0.8643945455551147,23.61825180053711,38.0,0
13.852,2,-80.0,-58.4473,-0.04325411841273308,-4.545323371887207,-0.8895890116691589,23.636198043823242,38.0,0
13.857,2,-80.0,-58.5242,-0.043402113020420074,-5.230807781219482,-1.0237488746643066,23.61825180053711,38.0,0
13.862,2,-80.0,-58.6176,-0.05069279670715332,-3.1642448902130127,-0.6192909479141235,23.61825180053711,38.0,0
13.867,2,-80.0,-58.7274,-0.060767438262701035,-2.794285774230957,-0.5468843579292297,23.636198043823242,38.0,0
13.873,2,-80.0,-58.8428,-0.0574987456202507,-2.38944935798645,-0.4676516652107239,23.61825180053711,38.0,0
13.878,2,-80.0,-58.9197,-0.048029351979494095,-3.5694334506988525,-0.6985925436019897,23.61825180053711,38.0,0
13.883,2,-80.0,-59.0076,-0.047962021082639694,-4.753406524658203,-0.9303140640258789,23.636198043823242,38.0,0
13.888,2,-80.0,-59.101,-0.051927704364061356,-2.9200587272644043,-0.5715000033378601,23.61825180053711,38.0,0
13.892,2,-80.0,-59.1998,-0.0570368655025959,-1.7137176990509033,-0.33540070056915283,23.61825180053711,38.0,0
13.898,2,-80.0,-59.3097,-0.05537279322743416,-2.6125004291534424,-0.5113061666488647,23.61825180053711,38.0,0
13.903,2,-80.0,-59.3866,-0.04680797830224037,-3.841975688934326,-0.751933217048645,23.61825180053711,38.0,0
13.908,2,-80.0,-59.469,-0.04588707163929939,-5.629613876342773,-1.1018012762069702,23.636198043823242,38.0,0
13.913,2,-80.0,-59.5624,-0.05139240249991417,-2.7342936992645264,-0.5351429581642151,23.61825180053711,38.0,0
13.918,2,-80.0,-59.6667,-0.057907409965991974,-2.221780300140381,-0.4348362684249878,23.61825180053711,38.0,0
13.922,2,-80.0,-59.7711,-0.05647901073098183,-2.14339542388916,-0.419495165348053,23.636198043823242,38.0,0
13.928,2,-80.0,-59.8535,-0.049455173313617706,-3.3374409675598145,-0.6531880497932434,23.636198043823242,38.0,0
13.933,2,-80.0,-59.9414,-0.04851871356368065,-3.0679872035980225,-0.6004518866539001,23.61825180053711,38.0,0
13.938,2,-80.0,-60.0293,-0.05010382831096649,-2.11405348777771,-0.4137524962425232,23.61825180053711,38.0,0
13.943,2,-80.0,-60.1337,-0.056390099227428436,-0.9463326334953308,-0.18521171808242798,23.636198043823242,38.0,0
13.948,2,-80.0,-60.2435,-0.05820084363222122,-1.711103916168213,-0.33488911390304565,23.636198043823242,38.0,0
13.953,2,-80.0,-60.3314,-0.050381798297166824,-2.5043418407440186,-0.49013787508010864,23.636198043823242,38.0,0
13.958,2,-80.0,-60.4083,-0.04500908404588699,-3.3225343227386475,-0.6502705812454224,23.61825180053711,38.0,0
13.962,2,-80.0,-60.4962,-0.04831722751259804,-3.4520366191864014,-0.6756161451339722,23.61825180053711,38.0,0
13.967,2,-80.0,-60.5896,-0.05190020054578781,-1.8739985227584839,-0.36677008867263794,23.636198043823242,38.0,0
13.972,2,-80.0,-60.683,-0.05233347415924072,-2.6167874336242676,-0.5121451616287231,23.61825180053711,38.0,0
13.977,2,-80.0,-60.7654,-0.04988916218280792,-3.0518879890441895,-0.5973010063171387,23.636198043823242,38.0,0
13.983,2,-80.0,-60.8588,-0.047154344618320465,-2.6120002269744873,-0.5112082958221436,23.61825180053711,38.0,0
13.987,2,-80.0,-60.9357,-0.04522351175546646,-3.357832431793213,-0.6571789979934692,23.636198043823242,38.0,0
13.992,2,-80.0,-61.0126,-0.04633791744709015,-3.331526279449463,-0.6520305275917053,23.61825180053711,38.0,0
13.997,2,-80.0,-61.1005,-0.048491332679986954,-2.458569288253784,-0.46823441982269287,23.636198043823242,38.0,0
14.002,2,-80.0,-61.2048,-0.051612429320812225,-1.9577006101608276,-0.3831518590450287,23.636198043823242,38.0,0
14.007,2,-80.0,-61.2927,-0.04886939749121666,-3.5637450218200684,-0.697479248046875,23.636198043823242,38.0,0
14.012,2,-80.0,-61.3641,-0.043630097061395645,-4.277952671051025,-0.8372606039047241,23.61825180053711,38.0,0
14.017,2,-80.0,-61.4301,-0.03898658975958824,-6.11244010925293,-1.1962977647781372,23.636198043823242,38.0,0
14.023,2,-80.0,-61.5015,-0.03686782345175743,-5.340294361114502,-1.0451769828796387,23.636198043823242,38.0,0
14.027,2,-80.0,-61.5564,-0.0349871851503849,-5.829488277435303,-1.1409196853637695,23.61825180053711,38.0,0
14.033,2,-80.0,-61.6443,-0.04563457518815994,-6.202507972717285,-1.2139253616333008,23.636198043823242,38.0,0
14.037,2,-80.0,-61.7542,-0.057240214198827744,-3.5604238510131836,-0.6968292593955994,23.61825180053711,38.0,0
14.042,2,-80.0,-61.8475,-0.05265826731920242,-4.942453384399414,-0.9673134684562683,23.636198043823242,38.0,0
14.047,2,-80.0,-61.9189,-0.044841986149549484,-6.254912853240967,-1.2241817712783813,23.636198043823242,38.0,0
14.052,2,-80.0,-62.0013,-0.043839696794748306,-6.035264015197754,-1.1811931133270264,23.61825180053711,38.0,0
14.057,2,-80.0,-62.0728,-0.04092506691813469,-6.185070991516113,-1.210512638092041,23.61825180053711,38.0,0
14.062,2,-80.0,-62.1606,-0.04840189963579178,-4.828258037567139,-0.9449636936187744,23.636198043823242,38.0,0
14.067,2,-80.0,-62.265,-0.05990166589617729,-3.624545097351074,-0.709378719329834,23.61825180053711,38.0,0
14.073,2,-80.0,-62.3749,-0.05466614291071892,-4.502864360809326,-0.8812791705131531,23.61825180053711,38.0,0
14.078,2,-80.0,-62.4518,-0.04504420980811119,-5.288986682891846,-1.0351353883743286,23.61825180053711,38.0,0
14.082,2,-80.0,-62.5232,-0.04281611740589142,-6.930644989013672,-1.3564327955245972,23.61825180053711,38.0,0
14.088,2,-80.0,-62.5891,-0.03851412609219551,-7.000225067138672,-1.3700507879257202,23.61825180053711,38.0,0
14.093,2,-80.0,-62.6715,-0.045580100268125534,-5.080255031585693,-0.9942833781242371,23.61825180053711,38.0,0
14.098,2,-80.0,-62.7869,-0.058073706924915314,-4.404094219207764,-0.8619483709335327,23.600303649902344,38.0,0
14.102,2,-80.0,-62.8857,-0.05712847411632538,-4.356502532958984,-0.8526338934898376,23.654146194458008,38.0,0
14.108,2,-80.0,-62.9681,-0.04770573973655701,-6.438055038452148,-1.2600255012512207,23.636198043823242,38.0,0
14.112,2,-80.0,-63.0505,-0.04573798552155495,-7.339097499847412,-1.436373233795166,23.61825180053711,38.0,0
14.117,2,-80.0,-63.1274,-0.04408598318696022,-6.5990142822265625,-1.2915277481079102,23.600303649902344,38.0,0
14.122,2,-80.0,-63.2263,-0.0530451275408268,-4.397763252258301,-0.8607093095779419,23.636198043823242,38.0,0
14.127,2,-80.0,-63.3472,-0.06301315873861313,-3.6013994216918945,-0.7048487663269043,23.636198043823242,38.0,0
14.133,2,-80.0,-63.4406,-0.05523722991347313,-4.210992813110352,-0.8241555094718933,23.636198043823242,38.0,0
14.138,2,-80.0,-63.5229,-0.04825795069336891,-5.92431640625,-1.159479022026062,23.636198043823242,38.0,0
14.142,2,-80.0,-63.6053,-0.04739942029118538,-5.742393493652344,-1.1238739490509033,23.636198043823242,38.0,0
14.148,2,-80.0,-63.7097,-0.05402525141835213,-4.0220818519592285,-0.7871827483177185,23.61825180053711,38.0,0
14.153,2,-80.0,-63.8361,-0.06575588881969452,-1.6960585117340088,-0.3319445252418518,23.636198043823242,38.0,0
14.158,2,-80.0,-63.9459,-0.061928603798151016,-1.9729230403900146,-0.3861311078071594,23.61825180053711,38.0,0
14.162,2,-80.0,-64.0228,-0.04917164519429207,-4.201046943664551,-0.8222088813781738,23.61825180053711,38.0,0
14.168,2,-80.0,-64.1107,-0.0475177988409996,-4.4153218269348145,-0.8641457557678223,23.61825180053711,38.0,0
14.172,2,-80.0,-64.1986,-0.04998745024204254,-4.741236209869385,-0.9279322028160095,23.636198043823242,38.0,0
14.177,2,-80.0,-64.303,-0.056527141481637955,-3.08048677444458,-0.6028982400894165,23.636198043823242,38.0,0
14.182,2,-80.0,-64.4019,-0.05493715777993202,-3.7863752841949463,-0.7410513758659363,23.636198043823242,38.0,0
14.187,2,-80.0,-64.4897,-0.0487917922437191,-3.092526912689209,-0.6052546501159668,23.636198043823242,38.0,0
14.192,2,-80.0,-64.5721,-0.04950065538287163,-3.0819616317749023,-0.6031869053840637,23.61825180053711,38.0,0
14.197,2,-80.0,-64.671,-0.05304475501179695,-3.115703821182251,-0.6097907423973083,23.636198043823242,38.0,0
14.202,2,-80.0,-64.7754,-0.05524371191859245,-1.8935803174972534,-0.370602548122406,23.636198043823242,38.0,0
14.207,2,-80.0,-64.8743,-0.0564495250582695,-2.2510666847229004,-0.44056805968284607,23.636198043823242,38.0,0
14.212,2,-80.0,-64.9677,-0.052094243466854095,-3.2926015853881836,-0.6444123387336731,23.636198043823242,38.0,0
14.217,2,-80.0,-65.0446,-0.04721258953213692,-3.597090721130371,-0.7040054798126221,23.636198043823242,38.0,0
14.223,2,-80.0,-65.127,-0.04372702166438103,-3.6465911865234375,-0.7136934995651245,23.636198043823242,38.0,0
14.227,2,-80.0,-65.1984,-0.04162747785449028,-6.063523292541504,-1.1867239475250244,23.61825180053711,38.0,0
14.232,2,-80.0,-65.2917,-0.04884861782193184,-3.4245498180389404,-0.6702365875244141,23.61825180053711,38.0,0
14.238,2,-80.0,-65.4016,-0.05762095004320145,-2.210768222808838,-0.43268102407455444,23.636198043823242,38.0,0
14.242,2,-80.0,-65.4895,-0.0543946735560894,-1.6342464685440063,-0.3198469579219818,23.61825180053711,38.0,0
14.248,2,-80.0,-65.5719,-0.045377105474472046,-4.416446685791016,-0.8643659949302673,23.636198043823242,38.0,0
14.253,2,-80.0,-65.6543,-0.04511547461152077,-5.061163425445557,-0.9905468225479126,23.636198043823242,38.0,0
14.257,2,-80.0,-65.7367,-0.047660812735557556,-2.886748790740967,-0.5649807453155518,23.636198043823242,38.0,0
14.263,2,-80.0,-65.8466,-0.05586542189121246,-1.907981038093567,-0.37342095375061035,23.61825180053711,38.0,0
14.267,2,-80.0,-65.9454,-0.059376802295446396,-1.3603460788726807,-0.2662404775619507,23.61825180053711,38.0,0
14.273,2,-80.0,-66.0443,-0.051962222903966904,-3.3126580715179443,-0.648337721824646,23.636198043823242,38.0,0
14.278,2,-80.0,-66.1212,-0.0451299287378788,-6.441110610961914,-1.2606234550476074,23.636198043823242,38.0,0
14.283,2,-80.0,-66.2036,-0.04810459911823273,-3.5638158321380615,-0.6974930763244629,23.61825180053711,38.0,0
14.287,2,-80.0,-66.3025,-0.053197674453258514,-2.8976657390594482,-0.5671173334121704,23.61825180053711,38.0,0
14.292,2,-80.0,-66.4069,-0.057970236986875534,-1.7954260110855103,-0.3513922393321991,23.61825180053711,38.0,0
14.298,2,-80.0,-66.5057,-0.052627041935920715,-3.293187141418457,-0.6445269584655762,23.61825180053711,38.0,0
14.303,2,-80.0,-66.5771,-0.04402879998087883,-4.689529895782471,-0.9178125262260437,23.61825180053711,38.0,0
14.308,2,-80.0,-66.6541,-0.04380219057202339,-3.741637945175171,-0.7322956323623657,23.61825180053711,38.0,0
14.312,2,-80.0,-66.7419,-0.04791703447699547,-3.5985641479492188,-0.7042938470840454,23.61825180053711,38.0,0
14.318,2,-80.0,-66.8518,-0.05711638927459717,-1.433292269706726,-0.4044686257839203,23.61825180053711,38.0,0
14.323,2,-80.0,-66.9617,-0.058136601001024246,-1.8972443342208862,-0.37131965160369873,23.636198043823242,38.0,0
14.328,2,-80.0,-67.0496,-0.05015307664871216,-2.6141090393066406,-0.5116209983825684,23.61825180053711,38.0,0
14.333,2,-80.0,-67.1265,-0.04567141830921173,-3.33319354057312,-0.6523568034172058,23.61825180053711,38.0,0
14.338,2,-80.0,-67.2089,-0.046805109828710556,-2.623058319091797,-0.5133724808692932,23.61825180053711,38.0,0
14.343,2,-80.0,-67.3132,-0.05398818477988243,-2.106828451156616,-0.4123384356498718,23.636198043823242,38.0,0
14.348,2,-80.0,-67.4286,-0.06112277880311012,-0.9663389921188354,-0.18912726640701294,23.61825180053711,38.0,0
14.352,2,-80.0,-67.5165,-0.05553483963012695,-1.967504858970642,-0.38507068157196045,23.636198043823242,38.0,0
14.358,2,-80.0,-67.5989,-0.04606686905026436,-2.5121641159057617,-0.49166882038116455,23.636198043823242,38.0,0
14.363,2,-80.0,-67.6813,-0.045482516288757324,-3.8701977729797363,-0.7574567198753357,23.636198043823242,38.0,0
14.368,2,-80.0,-67.7747,-0.0504780039191246,-2.339164972305298,-0.4578102231025696,23.636198043823242,38.0,0
14.373,2,-80.0,-67.879,-0.05658853426575661,-0.7255046963691711,-0.14199233055114746,23.636198043823242,38.0,0
14.377,2,-80.0,-67.9669,-0.05256954953074455,-2.1062471866607666,-0.4122246503829956,23.636198043823242,38.0,0
14.383,2,-80.0,-68.0438,-0.04163793474435806,-3.6303515434265137,-0.7105151414871216,23.61825180053711,38.0,0
14.388,2,-80.0,-68.1097,-0.03963971883058548,-4.960428714752197,-0.9708315134048462,23.600303649902344,38.0,0
14.392,2,-80.0,-68.1866,-0.04349642992019653,-4.624422073364258,-0.9050699472427368,23.61825180053711,38.0,0
14.398,2,-80.0,-68.2745,-0.04547244310379028,-4.534337520599365,-0.8874390125274658,23.636198043823242,38.0,0
14.402,2,-80.0,-68.3734,-0.05302734300494194,-2.430177927017212,-0.47562289237976074,23.61825180053711,38.0,0
14.408,2,-80.0,-68.4778,-0.05685173720121384,-2.9151690006256104,-0.5705430507659912,23.636198043823242,38.0,0
14.412,2,-80.0,-68.5547,-0.04554149881005287,-4.522862911224365,-0.8851932287216187,23.61825180053711,38.0,0
14.417,2,-80.0,-68.6041,-0.03611044958233833,-6.5929083824157715,-1.2903326749801636,23.61825180053711,38.0,0
14.423,2,-80.0,-68.681,-0.037976279854774475,-6.215728759765625,-1.21651291847229,23.636198043823242,38.0,0
14.427,2,-80.0,-68.7469,-0.037326861172914505,-5.966245651245117,-1.1676852703094482,23.61825180053711,38.0,0
14.433,2,-80.0,-68.8293,-0.04405258223414421,-4.532763957977295,-0.8871309757232666,23.636198043823242,38.0,0
14.437,2,-80.0,-68.9392,-0.05732560157775879,-3.702284812927246,-0.7245935797691345,23.636198043823242,38.0,0
14.443,2,-80.0,-69.0381,-0.05332227423787117,-3.8359627723693848,-0.7507563829421997,23.636198043823242,38.0,0
14.447,2,-80.0,-69.104,-0.04184358939528465,-6.101237773895264,-1.1941052675247192,23.61825180053711,38.0,0
14.452,2,-80.0,-69.1809,-0.04267268627882004,-7.262343883514404,-1.421351432800293,23.636198043823242,38.0,0
14.457,2,-80.0,-69.2523,-0.041917670518159866,-5.566834449768066,-1.0895143747329712,23.636198043823242,38.0,0
14.463,2,-80.0,-69.3347,-0.04595324397087097,-5.746955871582031,-1.1247668266296387,23.636198043823242,38.0,0
14.468,2,-80.0,-69.4446,-0.05771327763795853,-4.7835493087768555,-0.936213493347168,23.61825180053711,38.0,0
14.472,2,-80.0,-69.549,-0.05702484771609306,-4.039322853088379,-0.7905570864677429,23.61825180053711,38.0,0
14.477,2,-80.0,-69.6259,-0.04663259908556938,-7.132824420928955,-1.3960025310516357,23.61825180053711,38.0,0
14.482,2,-80.0,-69.7083,-0.04595954343676567,-5.392463207244873,-1.055387258529663,23.636198043823242,38.0,0
14.487,2,-80.0,-69.7852,-0.04342513531446457,-6.418675899505615,-1.256232738494873,23.61825180053711,38.0,0
14.492,2,-80.0,-69.873,-0.047212328761816025,-5.020528316497803,-0.9825939536094666,23.61825180053711,38.0,0
14.497,2,-80.0,-69.9719,-0.054352957755327225,-4.281311988830566,-0.8379180431365967,23.636198043823242,38.0,0
14.502,2,-80.0,-70.0763,-0.05465751141309738,-4.945845603942871,-0.9679774045944214,23.654146194458008,38.0,0
14.507,2,-80.0,-70.1532,-0.04608645290136337,-5.5022478103637695,-1.076873779296875,23.636198043823242,38.0,0
14.512,2,-80.0,-70.2301,-0.043208930641412735,-5.9058451652526855,-1.1558640003204346,23.636198043823242,38.0,0
14.517,2,-80.0,-70.296,-0.04113464802503586,-7.1182379722595215,-1.3931477069854736,23.61825180053711,38.0,0
14.522,2,-80.0,-70.3894,-0.049076225608587265,-5.749790191650391,-1.125321626663208,23.600303649902344,38.0,0
14.527,2,-80.0,-70.5103,-0.06305010616779327,-3.5003979206085205,-0.6850812435150146,23.636198043823242,38.0,0
14.532,2,-80.0,-70.6201,-0.05930663272738457,-4.5343403816223145,-0.887439489364624,23.636198043823242,38.0,0
14.537,2,-80.0,-70.697,-0.04791265353560448,-6.528100490570068,-1.2776488065719604,23.61825180053711,38.0,0
14.542,2,-80.0,-70.7684,-0.04294544458389282,-5.668221473693848,-1.1093573570251465,23.636198043823242,38.0,0
14.547,2,-80.0,-70.8453,-0.04230085387825966,-6.60306978225708,-1.2923214435577393,23.636198043823242,38.0,0
14.552,2,-80.0,-70.9552,-0.057015903294086456,-3.957937717437744,-0.774628758430481,23.61825180053711,38.0,0
14.558,2,-80.0,-71.0925,-0.07043902575969696,-1.9568016529083252,-0.38297590613365173,23.636198043823242,38.0,0
14.563,2,-80.0,-71.2024,-0.06138750910758972,-2.3235766887664795,-0.4547593593597412,23.636198043823242,38.0,0
14.567,2,-80.0,-71.2903,-0.054574064910411835,-3.1644787788391113,-0.619336724281311,23.636198043823242,38.0,0
14.572,2,-80.0,-71.3947,-0.05748182162642479,-2.9669690132141113,-0.5806810855865479,23.636198043823242,38.0,0
14.578,2,-80.0,-71.51,-0.06113598123192787,-1.6712313890457153,-0.3270854651927948,23.636198043823242,38.0,0
14.582,2,-80.0,-71.6034,-0.055473726242780685,-2.6134026050567627,-0.5114827156066895,23.636198043823242,38.0,0
14.588,2,-80.0,-71.6803,-0.045359205454587936,-4.523155689239502,-0.8852505683898926,23.636198043823242,38.0,0
14.592,2,-80.0,-71.7572,-0.042831018567085266,-5.129237174987793,-1.003869891166687,23.61825180053711,38.0,0
14.597,2,-80.0,-71.8396,-0.04605482891201973,-6.7515363693237305,-1.3213787078857422,23.636198043823242,38.0,0
14.602,2,-80.0,-71.922,-0.04704173281788826,-3.1620242595672607,-0.6188563108444214,23.61825180053711,38.0,0
14.607,2,-80.0,-72.0319,-0.05822249874472618,-2.849433183670044,-0.5576775074005127,23.636198043823242,38.0,0
14.612,2,-80.0,-72.1472,-0.06037873774766922,-1.978812336921692,-0.3872837424278259,23.636198043823242,38.0,0
14.617,2,-80.0,-72.2351,-0.05111045762896538,-3.796440362930298,-0.7430212497711182,23.61825180053711,38.0,0
14.622,2,-80.0,-72.3065,-0.043605413287878036,-5.379603385925293,-1.0528703927993774,23.636198043823242,38.0,0
14.627,2,-80.0,-72.3779,-0.04163454473018646,-3.802515983581543,-0.7442103624343872,23.636198043823242,38.0,0
14.632,2,-80.0,-72.4603,-0.04472197964787483,-5.727402687072754,-1.120940089225769,23.600303649902344,38.0,0
14.637,2,-80.0,-72.5647,-0.054612696170806885,-3.1525750160217285,-0.6170070171356201,23.61825180053711,38.0,0
14.642,2,-80.0,-72.6746,-0.05793079361319542,-3.005117416381836,-0.5881472826004028,23.636198043823242,38.0,0
14.647,2,-80.0,-72.757,-0.04805587977170944,-4.0937676429748535,-0.801212728023529,23.636198043823242,38.0,0
14.652,2,-80.0,-72.8284,-0.042597852647304535,-5.013298511505127,-0.9811789989471436,23.61825180053711,38.0,0
14.657,2,-80.0,-72.9053,-0.04249183088541031,-4.858739852905273,-0.9509295225143433,23.61825180053711,38.0,0
14.662,2,-80.0,-72.9932,-0.04869411885738373,-3.629518985748291,-0.7103521823883057,23.600303649902344,38.0,0
14.667,2,-80.0,-73.103,-0.05918693542480469,-2.588139772415161,-0.5065383911132812,23.61825180053711,38.0,0
14.673,2,-80.0,-73.2074,-0.055942051112651825,-3.9463226795196533,-0.7723554968833923,23.636198043823242,38.0,0
14.677,2,-80.0,-73.2843,-0.04689706861972809,-3.9356696605682373,-0.770270586013794,23.636198043823242,38.0,0
14.682,2,-80.0,-73.3722,-0.048214662820100784,-3.653872489929199,-0.7151185274124146,23.61825180053711,38.0,0
14.687,2,-80.0,-73.4711,-0.05372851714491844,-2.4374890327453613,-0.4770537316799164,23.61825180053711,38.0,0
14.692,2,-80.0,-73.5699,-0.05905236676335335,-1.8937078714370728,-0.3706274926662445,23.636198043823242,38.0,0
14.698,2,-80.0,-73.6798,-0.05492797866463661,-2.6435229778289795,-0.5173777341842651,23.61825180053711,38.0,0
14.702,2,-80.0,-73.7622,-0.04764612019062042,-4.356276512145996,-0.8525897264480591,23.61825180053711,38.0,0
14.707,2,-80.0,-73.8336,-0.043069466948509216,-6.527260780334473,-1.27748441696167,23.61825180053711,38.0,0
14.712,2,-80.0,-73.916,-0.04525287449359894,-4.013314247131348,-0.7854668498039246,23.61825180053711,38.0,0
14.717,2,-80.0,-74.0149,-0.053195733577013016,-2.8390278816223145,-0.5556410551071167,23.600303649902344,38.0,0
14.722,2,-80.0,-74.1302,-0.06087304279208183,-1.9593311548233032,-0.38347098231315613,23.61825180053711,38.0,0
14.727,2,-80.0,-74.2291,-0.05539223179221153,-2.238856077194214,-0.43817827105522156,23.61825180053711,38.0,0
14.732,2,-80.0,-74.3115,-0.04731064662337303,-3.6261649131774902,-0.7096956968307495,23.61825180053711,38.0,0
14.737,2,-80.0,-74.3884,-0.04659493267536163,-4.416512489318848,-0.6584851145744324,23.61825180053711,38.0,0
14.742,2,-80.0,-74.4873,-0.05112544447183609,-1.9938607215881348,-0.39022892713546753,23.636198043823242,38.0,0
14.747,2,-80.0,-74.5972,-0.059555575251579285,-1.2445909976959229,-0.24358543753623962,23.636198043823242,38.0,0
14.752,2,-80.0,-74.696,-0.05677826330065727,-2.1795403957366943,-0.42656928300857544,23.61825180053711,38.0,0
14.757,2,-80.0,-74.7784,-0.047625549137592316,-2.6797268390655518,-0.524463415145874,23.61825180053711,38.0,0
14.762,2,-80.0,-74.8663,-0.04774504527449608,-2.837303638458252,-0.5553035736083984,23.61825180053711,38.0,0
14.767,2,-80.0,-74.9542,-0.051726698875427246,-2.0706288814544678,-0.40525364875793457,23.600303649902344,38.0,0
14.773,2,-80.0,-75.0641,-0.05540676414966583,-1.4380935430526733,-0.2814568281173706,23.61825180053711,38.0,0
14.777,2,-80.0,-75.163,-0.05493541434407234,-1.920306921005249,-0.37583333253860474,23.636198043823242,38.0,0
14.782,2,-80.0,-75.2454,-0.0475090891122818,-2.0720367431640625,-0.4055291414260864,23.61825180053711,38.0,0
14.787,2,-80.0,-75.3113,-0.04056909307837486,-3.5975005626678467,-0.7040857076644897,23.636198043823242,38.0,0
14.792,2,-80.0,-75.3717,-0.0384286604821682,-2.183520793914795,-0.4273483157157898,23.636198043823242,38.0,0
14.798,2,-80.0,-75.4486,-0.03759821504354477,-5.2901291847229,-1.0353589057922363,23.61825180053711,38.0,0
14.803,2,-80.0,-75.531,-0.04486564174294472,-3.3670835494995117,-0.6589896082878113,23.61825180053711,38.0,0
14.807,2,-80.0,-75.6299,-0.05423536151647568,-2.236959457397461,-0.4378070533275604,23.636198043823242,38.0,0
14.813,2,-80.0,-75.7288,-0.051593780517578125,-3.0183396339416504,-0.5907350778579712,23.61825180053711,38.0,0
14.817,2,-80.0,-75.7892,-0.04048291593790054,-5.405714511871338,-1.0579807758331299,23.61825180053711,38.0,0
14.823,2,-80.0,-75.8551,-0.036709826439619064,-6.390177249908447,-1.250655174255371,23.636198043823242,38.0,0
14.828,2,-80.0,-75.9155,-0.03393060714006424,-5.546196460723877,-1.085475206375122,23.636198043823242,38.0,0
14.833,2,-80.0,-75.9705,-0.031540170311927795,-6.99790096282959,-1.369596004486084,23.61825180053711,38.0,0
14.838,2,-80.0,-76.0474,-0.04157033935189247,-4.769359111785889,-0.9334362745285034,23.61825180053711,38.0,0
14.842,2,-80.0,-76.1353,-0.05094984918832779,-4.960751533508301,-0.9708946943283081,23.61825180053711,38.0,0
14.848,2,-80.0,-76.2286,-0.04665502533316612,-4.533892631530762,-0.887351930141449,23.61825180053711,38.0,0
14.852,2,-80.0,-76.2946,-0.04071260988712311,-5.654001712799072,-1.106574296951294,23.61825180053711,38.0,0
14.858,2,-80.0,-76.3715,-0.042219944298267365,-5.93015193939209,-1.160621166229248,23.61825180053711,38.0,0
14.863,2,-80.0,-76.4374,-0.036616455763578415,-7.213247776031494,-1.4117424488067627,23.61825180053711,38.0,0
14.867,2,-80.0,-76.4923,-0.03444039449095726,-6.922307014465332,-1.3548009395599365,23.61825180053711,38.0,0
14.873,2,-80.0,-76.5912,-0.047607701271772385,-4.687955856323242,-0.9175044298171997,23.61825180053711,38.0,0
14.878,2,-80.0,-76.6956,-0.05425446480512619,-2.8857221603393555,-0.5647798180580139,23.654146194458008,38.0,0
14.883,2,-80.0,-76.7615,-0.04128231480717659,-5.186487674713135,-1.0150747299194336,23.636198043823242,38.0,0
14.888,2,-80.0,-76.8164,-0.0341622419655323,-6.036248207092285,-1.1813857555389404,23.61825180053711,38.0,0
14.892,2,-80.0,-76.8823,-0.03804362565279007,-7.27440881729126,-1.4237127304077148,23.636198043823242,38.0,0
14.898,2,-80.0,-76.9427,-0.03121003322303295,-8.333406448364258,-1.6309747695922852,23.61825180053711,38.0,0
14.903,2,-80.0,-76.9977,-0.029911117628216743,-6.206661701202393,-1.214738368988037,23.61825180053711,38.0,0
14.908,2,-80.0,-77.0746,-0.04184800013899803,-4.688568592071533,-0.9176244139671326,23.636198043823242,38.0,0
14.913,2,-80.0,-77.1735,-0.05205586925148964,-3.4386184215545654,-0.6729900240898132,23.636198043823242,38.0,0
14.918,2,-80.0,-77.2559,-0.044203661382198334,-4.533695220947266,-0.8873133063316345,23.636198043823242,38.0,0
14.923,2,-80.0,-77.2998,-0.03170875087380409,-6.63431453704834,-1.2984365224838257,23.61825180053711,38.0,0
14.928,2,-80.0,-77.3547,-0.03137163445353508,-6.46834659576416,-1.2659540176391602,23.61825180053711,38.0,0
14.933,2,-80.0,-77.4152,-0.030130567029118538,-7.994004249572754,-1.5645484924316406,23.654146194458008,38.0,0
14.938,2,-80.0,-77.4481,-0.02294909581542015,-13.921038627624512,-2.7245595455169678,23.61825180053711,38.0,0
14.943,2,-80.0,-77.4921,-0.02454172819852829,-8.920450210571289,-1.7458680868148804,23.636198043823242,38.0,0
14.947,2,-80.0,-77.558,-0.03436535224318504,-5.725343227386475,-1.1205369234085083,23.61825180053711,38.0,0
14.953,2,-80.0,-77.6569,-0.04983169585466385,-4.054949760437012,-0.793615460395813,23.636198043823242,38.0,0
14.957,2,-80.0,-77.7502,-0.05208482965826988,-3.3652377128601074,-0.6586283445358276,23.636198043823242,38.0,0
14.962,2,-80.0,-77.8162,-0.04019233584403992,-4.808849334716797,-0.9411651492118835,23.636198043823242,38.0,0
14.967,2,-80.0,-77.8766,-0.034039147198200226,-4.379764556884766,-0.8571866750717163,23.61825180053711,38.0,0
14.972,2,-80.0,-77.937,-0.033611442893743515,-5.320244789123535,-1.0412529706954956,23.636198043823242,38.0,0
14.977,2,-80.0,-77.981,-0.026988063007593155,-6.273555755615234,-1.2278305292129517,23.61825180053711,38.0,0
14.983,2,-80.0,-78.0194,-0.022749850526452065,-6.657922267913818,-1.3030569553375244,23.636198043823242,38.0,0
14.988,2,-80.0,-78.0798,-0.031715862452983856,-5.28654146194458,-1.0346567630767822,23.636198043823242,38.0,0
14.992,2,-80.0,-78.1567,-0.04321836680173874,-3.22989821434021,-0.6321403384208679,23.61825180053711,38.0,0
14.998,2,-80.0,-78.2501,-0.045721735805273056,-2.748739242553711,-0.5379701852798462,23.61825180053711,38.0,0
15.002,2,-80.0,-78.3105,-0.03601760417222977,-3.8365845680236816,-0.7508780360221863,23.636198043823242,38.0,0
15.007,2,-80.0,-78.36,-0.030660944059491158,-3.318718910217285,-0.6495238542556763,23.61825180053711,38.0,0
15.012,2,-80.0,-78.4204,-0.03276238590478897,-3.03948712348938,-0.5948739647865295,23.61825180053711,38.0,0
15.017,2,-80.0,-78.4753,-0.03405437991023064,-2.6178457736968994,-0.5123523473739624,23.636198043823242,38.0,0
15.022,2,-80.0,-78.5413,-0.034205708652734756,-2.1770055294036865,-0.4260731637477875,23.61825180053711,38.0,0
15.027,2,-80.0,-78.6072,-0.03642150014638901,-1.3511713743209839,-0.26444482803344727,23.61825180053711,38.0,0
15.033,2,-80.0,-78.6786,-0.039135079830884933,-1.3439910411834717,-0.2630395293235779,23.636198043823242,38.0,0
15.037,2,-80.0,-78.7445,-0.03566279262304306,-1.0498979091644287,-0.20548102259635925,23.61825180053711,38.0,0
15.043,2,-80.0,-78.783,-0.02495761029422283,-2.8236136436462402,-0.5526242256164551,23.61825180053711,38.0,0
15.047,2,-80.0,-78.8159,-0.020187268033623695,-3.6249306201934814,-0.7094541788101196,23.61825180053711,38.0,0
15.053,2,-80.0,-78.8544,-0.019604261964559555,-3.055537700653076,-0.6910620927810669,23.61825180053711,38.0,0
15.058,2,-80.0,-78.8873,-0.019567226991057396,-3.5675439834594727,-0.6982227563858032,23.61825180053711,38.0,0
15.062,2,-80.0,-78.9148,-0.01764489896595478,-4.355507850646973,-0.8524393439292908,23.61825180053711,38.0,0
15.067,2,-80.0,-78.9423,-0.016477592289447784,-4.224592685699463,-0.8268172144889832,23.61825180053711,38.0,0
15.072,2,-80.0,-78.9752,-0.01742984913289547,-4.843469142913818,-0.9479407668113708,23.61825180053711,38.0,0
15.077,2,-80.0,-79.0137,-0.017856882885098457,-4.663897514343262,-0.9127957820892334,23.61825180053711,38.0,0
15.082,2,-80.0,-79.0411,-0.016555454581975937,-3.424520492553711,-0.6702308654785156,23.636198043823242,38.0,0
15.087,2,-80.0,-79.0686,-0.016438471153378487,-6.9978108406066895,-1.369578242301941,23.61825180053711,38.0,0
15.093,2,-80.0,-79.1071,-0.021041149273514748,-3.1648740768432617,-0.5578590631484985,23.61825180053711,38.0,0
15.097,2,-80.0,-79.162,-0.02658451348543167,-2.2639002799987793,-0.44307979941368103,23.636198043823242,38.0,0
15.102,2,-80.0,-79.2114,-0.027569949626922607,-2.06141996383667,-0.4034512937068939,23.61825180053711,38.0,0
15.107,2,-80.0,-79.2609,-0.02750794030725956,-1.7132762670516968,-0.3353142738342285,23.61825180053711,38.0,0
15.112,2,-80.0,-79.2993,-0.023750459775328636,-1.8222771883010864,-0.35664743185043335,23.61825180053711,38.0,0
15.117,2,-80.0,-79.3323,-0.019046533852815628,-1.8972558975219727,-0.3713219165802002,23.61825180053711,38.0,0
15.123,2,-80.0,-79.3597,-0.015729732811450958,-3.325176954269409,-0.6191673278808594,23.61825180053711,38.0,0
15.127,2,-80.0,-79.3872,-0.015342611819505692,-3.4765634536743164,-0.680416464805603,23.61825180053711,38.0,0
15.133,2,-80.0,-79.4092,-0.013666429556906223,-3.5650808811187744,-0.6977406740188599,23.636198043823242,38.0,0
15.138,2,-80.0,-79.4312,-0.012643405236303806,-3.3524885177612305,-0.6561331152915955,23.61825180053711,38.0,0
15.142,2,-80.0,-79.4531,-0.012454373762011528,-4.390857696533203,-0.8593578338623047,23.61825180053711,38.0,0
15.148,2,-80.0,-79.4751,-0.011876747012138367,-3.2905242443084717,-0.6440057754516602,23.61825180053711,38.0,0
15.152,2,-80.0,-79.4971,-0.011288166977465153,-3.56260347366333,-0.6972558498382568,23.61825180053711,38.0,0
15.158,2,-80.0,-79.5135,-0.010492313653230667,-4.8780646324157715,-0.9547116160392761,23.61825180053711,38.0,0
15.162,2,-80.0,-79.53,-0.010505778715014458,-4.136122703552246,-0.8095022439956665,23.61825180053711,38.0,0
15.168,2,-80.0,-79.552,-0.01069499459117651,-3.225285530090332,-0.6312375664710999,23.61825180053711,38.0,0
15.173,2,-80.0,-79.574,-0.01151245553046465,-4.732860088348389,-0.9262928366661072,23.61825180053711,38.0,0
15.178,2,-80.0,-79.5959,-0.013847187161445618,-3.4269113540649414,-0.6706988215446472,23.61825180053711,38.0,0
15.183,2,-80.0,-79.6344,-0.018521424382925034,-2.1318001747131348,-0.41722577810287476,23.61825180053711,38.0,0
15.188,2,-80.0,-79.6674,-0.019234759733080864,-1.6670072078704834,-0.32625871896743774,23.636198043823242,38.0,0
15.193,2,-80.0,-79.7003,-0.01685325615108013,-0.9848442077636719,-0.1927490234375,23.61825180053711,38.0,0
15.197,2,-80.0,-79.7223,-0.015141135081648827,-1.798960566520691,-0.3520840108394623,23.600303649902344,38.0,0
15.202,2,-80.0,-79.7498,-0.013390024192631245,-1.8963074684143066,-0.37113627791404724,23.61825180053711,38.0,0
15.207,2,-80.0,-79.7662,-0.010690085589885712,-2.391606330871582,-0.4680738151073456,23.61825180053711,38.0,0
15.212,2,-80.0,-79.7772,-0.008426911197602749,-2.782804012298584,-0.544637143611908,23.61825180053711,38.0,0
15.217,2,-80.0,-79.7937,-0.007166438736021519,-2.7394356727600098,-0.5361493229866028,23.61825180053711,38.0,0
15.222,2,-80.0,-79.7992,-0.005892801098525524,-2.616452693939209,-0.5120797157287598,23.61825180053711,38.0,0
15.227,2,-80.0,-79.8102,-0.005418323911726475,-2.7851996421813965,-0.545106053352356,23.61825180053711,38.0,0
15.232,2,-80.0,-79.8212,-0.005513941403478384,-3.164729595184326,-0.619385838508606,23.61825180053711,38.0,0
15.237,2,-80.0,-79.8267,-0.004918933380395174,-2.6807310581207275,-0.5246599316596985,23.61825180053711,38.0,0
16.258,3,80.0,-79.8706,9.528019290883094e-06,-2.8910810947418213,-0.5658286809921265,23.61825180053711,38.0,0
16.263,3,80.0,-79.8706,9.528019290883094e-06,-2.3447256088256836,-0.45889854431152344,23.564411163330078,38.0,0
16.268,3,80.0,-79.8706,9.528019290883094e-06,-2.572474956512451,-0.5034725666046143,23.636198043823242,38.0,0
16.273,3,80.0,-79.8706,9.528019290883094e-06,-1.8668161630630493,-0.3653643727302551,23.61825180053711,38.0,0
16.278,3,80.0,-79.8706,9.528019290883094e-06,-2.0715479850769043,-0.4054335057735443,23.61825180053711,38.0,0
16.283,3,80.0,-79.8706,9.528019290883094e-06,-2.3447258472442627,-0.4588986039161682,23.61825180053711,38.0,0
16.288,3,80.0,-79.8706,9.528019290883094e-06,-2.7772068977355957,-0.5435417294502258,23.636198043823242,38.0,0
16.293,3,80.0,-79.8706,9.528019290883094e-06,-2.185422658920288,-0.4277205169200897,23.600303649902344,38.0,0
16.298,3,80.0,-79.8706,9.528019290883094e-06,-1.6390670537948608,-0.3207904100418091,23.61825180053711,38.0,0
16.303,3,80.0,-79.8706,0.0001162254047812894,-1.8656253814697266,-0.36513131856918335,23.61825180053711,38.0,0
16.308,3,80.0,-79.8706,0.0002752002328634262,-0.707718014717102,-0.13851121068000793,23.636198043823242,38.0,0
16.313,3,80.0,-79.8706,0.00019923265790566802,-0.7622659802436829,-0.14918707311153412,23.61825180053711,38.0,0
16.318,3,80.0,-79.8706,0.0004766580823343247,-0.4376698136329651,-0.08565865457057953,23.61825180053711,38.0,0
16.323,3,80.0,-79.8706,0.0005088569596409798,-0.16820669174194336,-0.03292061388492584,23.61825180053711,38.0,0
16.328,3,80.0,-79.8706,0.000823623442556709,-0.2982378304004669,-0.05836968868970871,23.636198043823242,38.0,0
16.333,3,80.0,-79.8651,0.001167589332908392,-0.2699795365333557,-0.05283911153674126,23.61825180053711,38.0,0
16.338,3,80.0,-79.8651,0.00134847906883806,1.0729212760925293,0.20998704433441162,23.61825180053711,38.0,0
16.343,3,80.0,-79.8596,0.001764984568580985,0.7964323163032532,0.15587395429611206,23.61825180053711,38.0,0
16.348,3,80.0,-79.8596,0.001684853807091713,1.187896490097046,0.2324894368648529,23.636198043823242,38.0,0
16.353,3,80.0,-79.8541,0.0030173163395375013,1.707978367805481,0.3342773914337158,23.61825180053711,38.0,0
16.358,3,80.0,-79.8431,0.0033655669540166855,1.5035861730575562,0.2942747473716736,23.636198043823242,38.0,0
16.363,3,80.0,-79.8376,0.0034829145297408104,1.8998637199401855,0.418724000453949,23.636198043823242,38.0,0
16.368,3,80.0,-79.8322,0.003412762191146612,2.3696112632751465,0.4637690782546997,23.61825180053711,38.0,0
16.373,3,80.0,-79.8212,0.005169321782886982,1.8645100593566895,0.36491304636001587,23.61825180053711,38.0,0
16.378,3,80.0,-79.8157,0.0054231793619692326,3.1490654945373535,0.6163201332092285,23.636198043823242,38.0,0
16.383,3,80.0,-79.7992,0.00668824277818203,3.0385046005249023,0.5946816802024841,23.636198043823242,38.0,0
16.388,3,80.0,-79.7827,0.00831337459385395,2.7846407890319824,0.5449966788291931,23.61825180053711,38.0,0
16.393,3,80.0,-79.7717,0.007282517850399017,3.808173656463623,0.7453176379203796,23.61825180053711,38.0,0
16.398,3,80.0,-79.7607,0.006642150226980448,4.0602707862854,0.7946568727493286,23.636198043823242,38.0,0
16.403,3,80.0,-79.7443,0.0075710248202085495,4.260530948638916,0.8338508605957031,23.61825180053711,38.0,0
16.408,3,80.0,-79.7278,0.008702701888978481,4.336810111999512,0.8487798571586609,23.690038681030273,38.0,0
16.412,3,80.0,-79.7113,0.01034509763121605,4.671733856201172,0.8593133687973022,23.61825180053711,38.0,0
16.418,3,80.0,-79.6893,0.010643274523317814,3.9578585624694824,0.7746132612228394,23.61825180053711,38.0,0
16.423,3,80.0,-79.6674,0.011288659647107124,4.7810750007629395,0.9357292056083679,23.61825180053711,38.0,0
16.428,3,80.0,-79.6454,0.01398670207709074,3.807522773742676,0.7451902627944946,23.61825180053711,38.0,0
16.433,3,80.0,-79.6124,0.016486098989844322,3.598999500274658,0.7043790817260742,23.61825180053711,38.0,0
16.437,3,80.0,-79.5795,0.017888225615024567,3.339050054550171,0.6535030007362366,23.636198043823242,38.0,0
16.443,3,80.0,-79.5355,0.022162050008773804,2.8814332485198975,0.5895928144454956,23.61825180053711,38.0,0
16.448,3,80.0,-79.4916,0.024628400802612305,1.6710234880447388,0.3270447850227356,23.61825180053711,38.0,0
16.453,3,80.0,-79.4476,0.02342786267399788,2.6020069122314453,0.5092524290084839,23.636198043823242,38.0,0
16.458,3,80.0,-79.4092,0.022680798545479774,2.3788158893585205,0.4655705392360687,23.61825180053711,38.0,0
16.463,3,80.0,-79.3707,0.020636407658457756,3.044858455657959,0.5959252119064331,23.61825180053711,38.0,0
16.468,3,80.0,-79.3433,0.01799413561820984,3.628979206085205,0.7102465629577637,23.636198043823242,38.0,0
16.473,3,80.0,-79.3158,0.016046710312366486,4.721327304840088,0.9240356683731079,23.61825180053711,38.0,0
16.478,3,80.0,-79.2883,0.014666376635432243,4.733663558959961,0.9264501929283142,23.636198043823242,38.0,0
16.483,3,80.0,-79.2719,0.010902278125286102,7.1386919021606445,1.3971508741378784,23.636198043823242,38.0,0
16.488,3,80.0,-79.2554,0.008494025096297264,7.648714065551758,1.4969699382781982,23.61825180053711,38.0,0
16.493,3,80.0,-79.2389,0.009463789872825146,6.428749084472656,1.2582042217254639,23.636198043823242,38.0,0
16.498,3,80.0,-79.2114,0.013925795443356037,7.2658562660217285,1.4220387935638428,23.61825180053711,38.0,0
16.503,3,80.0,-79.173,0.021056825295090675,5.65597677230835,1.1069608926773071,23.61825180053711,38.0,0
16.508,3,80.0,-79.1071,0.03121192939579487,4.6865997314453125,0.9172390699386597,23.636198043823242,38.0,0
16.513,3,80.0,-79.0521,0.032758329063653946,3.545708179473877,0.6939491629600525,23.61825180053711,38.0,0
16.518,3,80.0,-78.9862,0.03529605641961098,2.17824387550354,0.4263155460357666,23.61825180053711,38.0,0
16.523,3,80.0,-78.9148,0.03920884057879448,1.2567230463027954,0.24595986306667328,23.61825180053711,38.0,0
16.528,3,80.0,-78.8434,0.038564976304769516,1.6462523937225342,0.32219669222831726,23.636198043823242,38.0,0
16.533,3,80.0,-78.7885,0.03158539533615112,2.6427371501922607,0.5172239542007446,23.61825180053711,38.0,0
16.538,3,80.0,-78.75,0.0248483344912529,5.4801506996154785,1.0725491046905518,23.61825180053711,38.0,0
16.543,3,80.0,-78.717,0.018945638090372086,7.258839130401611,1.4206655025482178,23.636198043823242,38.0,0
16.548,3,80.0,-78.6951,0.014166965149343014,6.532000541687012,1.278412103652954,23.636198043823242,38.0,0
16.553,3,80.0,-78.6621,0.017325706779956818,6.860694408416748,1.3427424430847168,23.61825180053711,38.0,0
16.558,3,80.0,-78.6072,0.02787032723426819,5.037825584411621,0.9859792590141296,23.636198043823242,38.0,0
16.563,3,80.0,-78.5522,0.029192518442869186,4.343027114868164,0.8499965667724609,23.61825180053711,38.0,0
16.568,3,80.0,-78.5028,0.028892869129776955,5.480550765991211,1.072627305984497,23.636198043823242,38.0,0
16.573,3,80.0,-78.4369,0.03392460197210312,4.526108741760254,0.88582843542099,23.61825180053711,38.0,0
16.578,3,80.0,-78.371,0.03736083582043648,3.582343101501465,0.7011191844940186,23.61825180053711,38.0,0
16.583,3,80.0,-78.3051,0.03664841875433922,3.2464704513549805,0.6353837847709656,23.636198043823242,38.0,0
16.588,3,80.0,-78.2501,0.030690331012010574,5.961811542510986,1.1668174266815186,23.61825180053711,38.0,0
16.593,3,80.0,-78.2117,0.023507943376898766,7.141082763671875,1.3976187705993652,23.61825180053711,38.0,0
16.598,3,80.0,-78.1842,0.016889214515686035,7.786223411560059,1.5238826274871826,23.61825180053711,38.0,0
16.603,3,80.0,-78.1512,0.02022058516740799,7.63374662399292,1.4940404891967773,23.61825180053711,38.0,0
16.608,3,80.0,-78.0963,0.028410635888576508,7.647831916809082,1.4967973232269287,23.61825180053711,38.0,0
16.613,3,80.0,-78.0194,0.03712468594312668,6.009925842285156,1.1762341260910034,23.636198043823242,38.0,0
16.618,3,80.0,-77.948,0.041644781827926636,4.738086700439453,0.9273158311843872,23.61825180053711,38.0,0
16.623,3,80.0,-77.8601,0.04549723491072655,3.905359983444214,0.764338493347168,23.600303649902344,38.0,0
16.628,3,80.0,-77.7722,0.04827405884861946,4.47764253616333,0.8763428926467896,23.654146194458008,38.0,0
16.633,3,80.0,-77.7008,0.040905192494392395,7.001577377319336,1.370315432548523,23.61825180053711,38.0,0
16.638,3,80.0,-77.6624,0.025416197255253792,6.6337385177612305,1.2983237504959106,23.636198043823242,38.0,0
16.643,3,80.0,-77.6349,0.01950836181640625,8.59726333618164,1.6826155185699463,23.600303649902344,38.0,0
16.648,3,80.0,-77.58,0.02781330794095993,8.507378578186035,1.665023684501648,23.600303649902344,38.0,0
16.653,3,80.0,-77.5085,0.03735523298382759,6.215280532836914,1.2164251804351807,23.636198043823242,38.0,0
16.658,3,80.0,-77.4261,0.0426555797457695,6.3105621337890625,1.235073208808899,23.636198043823242,38.0,0
16.663,3,80.0,-77.3328,0.05013745650649071,4.293363094329834,0.8402765989303589,23.61825180053711,38.0,0
16.668,3,80.0,-77.2284,0.05658827722072601,3.4731812477111816,0.6797544956207275,23.636198043823242,38.0,0
16.673,3,80.0,-77.1405,0.050073981285095215,3.11362361907959,0.6093836426734924,23.61825180053711,38.0,0
16.678,3,80.0,-77.0856,0.036067236214876175,6.748608589172363,1.320805549621582,23.636198043823242,38.0,0
16.683,3,80.0,-77.0197,0.03663811832666397,6.911307334899902,1.3526482582092285,23.61825180053711,38.0,0
16.688,3,80.0,-76.9373,0.04409721866250038,5.479418754577637,1.028902292251587,23.61825180053711,38.0,0
16.693,3,80.0,-76.8549,0.045782823115587234,4.7430100440979,0.9282793998718262,23.636198043823242,38.0,0
16.698,3,80.0,-76.7615,0.05097536742687225,2.9038898944854736,0.5683355331420898,23.61825180053711,38.0,0
16.703,3,80.0,-76.6626,0.0525381900370121,2.699207067489624,0.5282759666442871,23.61825180053711,38.0,0
16.708,3,80.0,-76.5857,0.04394504055380821,6.068664073944092,1.187730073928833,23.636198043823242,38.0,0
16.713,3,80.0,-76.5253,0.036767054349184036,6.566678047180176,1.2851989269256592,23.636198043823242,38.0,0
16.718,3,80.0,-76.4484,0.042216889560222626,5.9376139640808105,1.1620815992355347,23.636198043823242,38.0,0
16.723,3,80.0,-76.355,0.04895731806755066,4.784417629241943,0.9363834261894226,23.61825180053711,38.0,0
16.728,3,80.0,-76.2561,0.05422117933630943,4.296992778778076,0.840986967086792,23.636198043823242,38.0,0
16.733,3,80.0,-76.1517,0.05704735219478607,4.957448482513428,0.9702482223510742,23.636198043823242,38.0,0
16.738,3,80.0,-76.0529,0.05451488494873047,4.2243733406066895,0.8267742395401001,23.61825180053711,38.0,0
16.743,3,80.0,-75.9705,0.04795486852526665,3.837414026260376,0.7510404586791992,23.61825180053711,38.0,0
16.748,3,80.0,-75.8881,0.047648556530475616,4.114987850189209,0.8053659200668335,23.61825180053711,38.0,0
16.753,3,80.0,-75.7782,0.05740220844745636,2.3901636600494385,0.46779143810272217,23.61825180053711,38.0,0
16.758,3,80.0,-75.6683,0.062014177441596985,1.7469420433044434,0.3419032096862793,23.636198043823242,38.0,0
16.763,3,80.0,-75.5695,0.05258667469024658,3.151566505432129,0.616809606552124,23.636198043823242,38.0,0
16.768,3,80.0,-75.498,0.04552231356501579,4.6626811027526855,0.9125577807426453,23.654146194458008,38.0,0
16.773,3,80.0,-75.4102,0.047228917479515076,4.00313138961792,0.7834738492965698,23.61825180053711,38.0,0
16.778,3,80.0,-75.3168,0.05259500816464424,3.0530803203582764,0.5975343585014343,23.61825180053711,38.0,0
16.783,3,80.0,-75.1959,0.06121441349387169,1.9020273685455322,0.37225577235221863,23.636198043823242,38.0,0
16.788,3,80.0,-75.0916,0.059524018317461014,0.9448115825653076,0.1849140226840973,23.636198043823242,38.0,0
16.793,3,80.0,-75.0092,0.04689136892557144,3.1409695148468018,0.6147356629371643,23.636198043823242,38.0,0
16.798,3,80.0,-74.9432,0.04203575477004051,4.212714195251465,0.8244923949241638,23.61825180053711,38.0,0
16.803,3,80.0,-74.8499,0.04842681810259819,3.6273281574249268,0.7099234461784363,23.636198043823242,38.0,0
16.808,3,80.0,-74.751,0.053007278591394424,2.833022356033325,0.554465651512146,23.636198043823242,38.0,0
16.813,3,80.0,-74.6466,0.056169040501117706,2.239201307296753,0.43824586272239685,23.636198043823242,38.0,0
16.818,3,80.0,-74.5532,0.05316656455397606,2.1529431343078613,0.42136383056640625,23.61825180053711,38.0,0
16.823,3,80.0,-74.4763,0.04427425190806389,4.615585803985596,0.9033405184745789,23.636198043823242,38.0,0
16.828,3,80.0,-74.4049,0.04162438213825226,4.733188152313232,0.9263570308685303,23.61825180053711,38.0,0
16.833,3,80.0,-74.317,0.048736438155174255,3.460021734237671,0.6771789789199829,23.61825180053711,38.0,0
16.838,3,80.0,-74.2126,0.05679045990109444,2.192007064819336,0.42900919914245605,23.636198043823242,38.0,0
16.843,3,80.0,-74.1028,0.05723267048597336,2.050028085708618,0.40122172236442566,23.61825180053711,38.0,0
16.848,3,80.0,-74.0204,0.049148883670568466,3.855715036392212,0.7546221613883972,23.636198043823242,38.0,0
16.853,3,80.0,-73.9545,0.03972768038511276,4.800079822540283,0.9394487738609314,23.61825180053711,38.0,0
16.858,3,80.0,-73.8831,0.040231235325336456,5.567421913146973,1.0896294116973877,23.61825180053711,38.0,0
16.863,3,80.0,-73.7897,0.04887856915593147,3.161799192428589,0.6188123226165771,23.61825180053711,38.0,0
16.868,3,80.0,-73.6853,0.0563533753156662,2.43387508392334,0.4763464331626892,23.61825180053711,38.0,0
16.873,3,80.0,-73.5809,0.05595926567912102,3.0903308391571045,0.6048248410224915,23.636198043823242,38.0,0
16.878,3,80.0,-73.504,0.046095848083496094,3.8419549465179443,0.7519291639328003,23.61825180053711,38.0,0
16.883,3,80.0,-73.4326,0.040682125836610794,5.392070293426514,1.0553103685379028,23.61825180053711,38.0,0
16.888,3,80.0,-73.3557,0.04362057149410248,4.957310676574707,0.970221221446991,23.61825180053711,38.0,0
16.893,3,80.0,-73.2568,0.05235517770051956,3.4276556968688965,0.6708444952964783,23.61825180053711,38.0,0
16.898,3,80.0,-73.147,0.05991287901997566,2.400636672973633,0.4698411822319031,23.61825180053711,38.0,0
16.903,3,80.0,-73.0426,0.05468905717134476,4.342776775360107,0.8499476313591003,23.636198043823242,38.0,0
16.908,3,80.0,-72.9767,0.042752791196107864,4.755395889282227,0.9307035207748413,23.636198043823242,38.0,0
16.913,3,80.0,-72.9053,0.03965079039335251,5.54976749420166,1.0861741304397583,23.600303649902344,38.0,0
16.918,3,80.0,-72.8229,0.04843290150165558,4.047145843505859,0.7920882105827332,23.61825180053711,38.0,0
16.923,3,80.0,-72.7075,0.05646881088614464,3.4645915031433105,0.6780733466148376,23.61825180053711,38.0,0
16.928,3,80.0,-72.6141,0.05664411559700966,2.5152039527893066,0.4922637343406677,23.636198043823242,38.0,0
16.933,3,80.0,-72.5262,0.05011250078678131,4.139749050140381,0.8102120161056519,23.636198043823242,38.0,0
16.938,3,80.0,-72.4493,0.044572073966264725,4.4800872802734375,0.8768213987350464,23.636198043823242,38.0,0
16.943,3,80.0,-72.3669,0.04482856020331383,4.4841084480285645,0.8776084184646606,23.636198043823242,38.0,0
16.948,3,80.0,-72.2736,0.05080937221646309,3.6239914894104004,0.7092703580856323,23.636198043823242,38.0,0
16.953,3,80.0,-72.1582,0.05882814899086952,2.404391288757324,0.47057604789733887,23.636198043823242,38.0,0
16.958,3,80.0,-72.0648,0.05375112593173981,3.2326385974884033,0.6326766610145569,23.636198043823242,38.0,0
16.963,3,80.0,-71.9989,0.041545264422893524,5.470728397369385,1.0707049369812012,23.61825180053711,38.0,0
16.968,3,80.0,-71.9385,0.03635498881340027,6.67650842666626,1.306694507598877,23.61825180053711,38.0,0
16.973,3,80.0,-71.8616,0.041346438229084015,6.20197057723999,1.213820219039917,23.61825180053711,38.0,0
16.978,3,80.0,-71.7682,0.04932566359639168,4.040945529937744,0.7908746600151062,23.636198043823242,38.0,0
16.983,3,80.0,-71.6528,0.06278140097856522,1.8460910320281982,0.36130815744400024,23.636198043823242,38.0,0
16.988,3,80.0,-71.532,0.06529831886291504,1.844884991645813,0.3610721230506897,23.636198043823242,38.0,0
16.993,3,80.0,-71.4496,0.048113863915205,4.868322372436523,0.9528049826622009,23.636198043823242,38.0,0
16.998,3,80.0,-71.3947,0.036216214299201965,6.125298976898193,1.1988143920898438,23.61825180053711,38.0,0
17.003,3,80.0,-71.3177,0.042805738747119904,5.24691104888916,1.0269005298614502,23.61825180053711,38.0,0
17.008,3,80.0,-71.2189,0.05171328783035278,4.305953502655029,0.8427407741546631,23.61825180053711,38.0,0
17.013,3,80.0,-71.1145,0.055058348923921585,2.7626726627349854,0.5406971573829651,23.61825180053711,38.0,0
17.018,3,80.0,-71.0156,0.0533386692404747,5.63084077835083,1.1020413637161255,23.636198043823242,38.0,0
17.023,3,80.0,-70.9552,0.03921475261449814,5.439173221588135,1.0645291805267334,23.636198043823242,38.0,0
17.028,3,80.0,-70.9058,0.031406693160533905,7.986921787261963,1.5631623268127441,23.61825180053711,38.0,0
17.033,3,80.0,-70.8289,0.0401318222284317,6.6523237228393555,1.3019611835479736,23.61825180053711,38.0,0
17.038,3,80.0,-70.7355,0.048371631652116776,5.3936662673950195,1.0556226968765259,23.636198043823242,38.0,0
17.043,3,80.0,-70.6256,0.0586240217089653,3.798004627227783,0.7433273792266846,23.61825180053711,38.0,0
17.048,3,80.0,-70.5103,0.06218745559453964,4.964089870452881,0.9715480208396912,23.61825180053711,38.0,0
17.053,3,80.0,-70.4224,0.05172058567404747,5.123610496520996,1.002768635749817,23.61825180053711,38.0,0
17.058,3,80.0,-70.3564,0.04176933318376541,6.901602268218994,1.3507487773895264,23.61825180053711,38.0,0
17.063,3,80.0,-70.2795,0.04137541726231575,7.054416179656982,1.3806567192077637,23.61825180053711,38.0,0
17.068,3,80.0,-70.1971,0.04563632234930992,5.422715187072754,1.0613080263137817,23.61825180053711,38.0,0
17.073,3,80.0,-70.0983,0.05355596914887428,3.8103532791137695,0.7457442283630371,23.61825180053711,38.0,0
17.078,3,80.0,-69.9939,0.054841797798871994,3.5595788955688477,0.6966638565063477,23.61825180053711,38.0,0
17.083,3,80.0,-69.928,0.041344061493873596,8.093441009521484,1.5840098857879639,23.636198043823242,38.0,0
17.088,3,80.0,-69.873,0.03456629067659378,9.105864524841309,1.7821564674377441,23.600303649902344,38.0,0
17.093,3,80.0,-69.7797,0.04738656431436539,6.93149995803833,1.356600284576416,23.61825180053711,38.0,0
17.097,3,80.0,-69.6863,0.05420753359794617,4.8523335456848145,0.9496756792068481,23.61825180053711,38.0,0
17.103,3,80.0,-69.5709,0.05825132131576538,5.017848014831543,0.9820693731307983,23.61825180053711,38.0,0
17.108,3,80.0,-69.4556,0.0630430281162262,3.8083200454711914,0.7453462481498718,23.61825180053711,38.0,0
17.113,3,80.0,-69.3622,0.054703813046216965,5.210131645202637,1.0197021961212158,23.636198043823242,38.0,0
17.118,3,80.0,-69.2798,0.04716479778289795,5.348527431488037,1.0467883348464966,23.636198043823242,38.0,0
17.123,3,80.0,-69.1919,0.050204113125801086,5.089511871337891,0.9960951209068298,23.636198043823242,38.0,0
17.128,3,80.0,-69.082,0.05913443863391876,3.402527332305908,0.6659265160560608,23.61825180053711,38.0,0
17.133,3,80.0,-68.9612,0.06334968656301498,2.163057327270508,0.423343300819397,23.636198043823242,38.0,0
17.138,3,80.0,-68.8568,0.05722608044743538,3.5641062259674072,0.6435539126396179,23.636198043823242,38.0,0
17.143,3,80.0,-68.7744,0.05060281977057457,4.532560348510742,0.8870911598205566,23.636198043823242,38.0,0
17.148,3,80.0,-68.692,0.047570109367370605,3.8622186183929443,0.7558950781822205,23.61825180053711,38.0,0
17.153,3,80.0,-68.5876,0.056597813963890076,2.558391571044922,0.5007162094116211,23.61825180053711,38.0,0
17.158,3,80.0,-68.4668,0.06491653621196747,1.1831334829330444,0.23155725002288818,23.636198043823242,38.0,0
17.163,3,80.0,-68.3624,0.05809396132826805,2.2795791625976562,0.4461483657360077,23.636198043823242,38.0,0
17.168,3,80.0,-68.291,0.044922247529029846,4.355349540710449,0.8524083495140076,23.636198043823242,38.0,0
17.173,3,80.0,-68.2196,0.041042402386665344,5.209432601928711,1.0195653438568115,23.61825180053711,38.0,0
17.178,3,80.0,-68.1262,0.048915546387434006,3.6268510818481445,0.7098300457000732,23.61825180053711,38.0,0
17.183,3,80.0,-68.0219,0.058254044502973557,1.904709815979004,0.3727807402610779,23.61825180053711,38.0,0
17.188,3,80.0,-67.901,0.06292883306741714,1.6664432287216187,0.3261483311653137,23.636198043823242,38.0,0
17.193,3,80.0,-67.8076,0.05311745032668114,1.9258735179901123,0.3769228160381317,23.61825180053711,38.0,0
17.198,3,80.0,-67.7362,0.043210867792367935,3.763153076171875,0.7365064024925232,23.61825180053711,38.0,0
17.203,3,80.0,-67.6593,0.04532625526189804,3.414677381515503,0.668304443359375,23.61825180053711,38.0,0
17.208,3,80.0,-67.5604,0.05180778726935387,3.200291872024536,0.6263459324836731,23.636198043823242,38.0,0
17.213,3,80.0,-67.4561,0.056348878890275955,2.7962093353271484,0.5472607612609863,23.636198043823242,38.0,0
17.218,3,80.0,-67.3572,0.05451146513223648,2.058763027191162,0.4029313325881958,23.61825180053711,38.0,0
17.223,3,80.0,-67.2803,0.04665007069706917,3.514503002166748,0.6878417730331421,23.61825180053711,38.0,0
17.228,3,80.0,-67.2089,0.041968122124671936,4.274477958679199,0.7857743501663208,23.61825180053711,38.0,0
17.233,3,80.0,-67.121,0.04725591093301773,3.29011869430542,0.6439263820648193,23.61825180053711,38.0,0
17.238,3,80.0,-67.0221,0.05451427027583122,2.148247718811035,0.4204448163509369,23.61825180053711,38.0,0
17.243,3,80.0,-66.9177,0.05645856261253357,1.6383767127990723,0.32065531611442566,23.61825180053711,38.0,0
17.248,3,80.0,-66.8243,0.052090514451265335,2.784177541732788,0.544905960559845,23.61825180053711,38.0,0
17.252,3,80.0,-66.7529,0.04411515220999718,4.257114887237549,0.8331822752952576,23.636198043823242,38.0,0
17.258,3,80.0,-66.676,0.03984825685620308,5.398401260375977,1.0565494298934937,23.61825180053711,38.0,0
17.263,3,80.0,-66.5991,0.045340996235609055,3.900800943374634,0.7634462118148804,23.636198043823242,38.0,0
17.268,3,80.0,-66.4948,0.055278971791267395,2.6892716884613037,0.5263314843177795,23.61825180053711,38.0,0
17.273,3,80.0,-66.3849,0.05686252936720848,2.113790512084961,0.41370105743408203,23.636198043823242,38.0,0
17.278,3,80.0,-66.308,0.04615091532468796,4.410295486450195,0.8631620407104492,23.636198043823242,38.0,0
17.283,3,80.0,-66.2366,0.040569715201854706,5.777284145355225,1.1307026147842407,23.61825180053711,38.0,0
17.288,3,80.0,-66.1652,0.042655542492866516,5.222556114196777,1.0221338272094727,23.600303649902344,38.0,0
17.293,3,80.0,-66.0663,0.05072390288114548,3.220153331756592,0.6302330493927002,23.600303649902344,38.0,0
17.298,3,80.0,-65.9619,0.05780983716249466,1.783621907234192,0.34908199310302734,23.636198043823242,38.0,0
17.303,3,80.0,-65.8521,0.05755573511123657,2.1778221130371094,0.4262329936027527,23.636198043823242,38.0,0
17.308,3,80.0,-65.7751,0.04703745245933533,3.566441059112549,0.6980068683624268,23.636198043823242,38.0,0
17.313,3,80.0,-65.7092,0.04017955809831619,4.9755940437316895,0.9737996459007263,23.636198043823242,38.0,0
17.318,3,80.0,-65.6213,0.045934662222862244,3.424691677093506,0.6702643632888794,23.636198043823242,38.0,0
17.323,3,80.0,-65.517,0.05480492115020752,3.3361175060272217,0.6529290080070496,23.61825180053711,38.0,0
17.328,3,80.0,-65.4126,0.05795219913125038,2.5149905681610107,0.49222201108932495,23.636198043823242,38.0,0
17.333,3,80.0,-65.3192,0.0518486313521862,2.732165813446045,0.5347265005111694,23.61825180053711,38.0,0
17.338,3,80.0,-65.2533,0.042310457676649094,4.5141921043396,0.8834962248802185,23.636198043823242,38.0,0
17.343,3,80.0,-65.1819,0.040933478623628616,4.991717338562012,0.9769551753997803,23.61825180053711,38.0,0
17.348,3,80.0,-65.0885,0.049526818096637726,3.587907075881958,0.7022081613540649,23.61825180053711,38.0,0
17.353,3,80.0,-64.9731,0.05871962755918503,2.459597587585449,0.48138076066970825,23.636198043823242,38.0,0
17.358,3,80.0,-64.8688,0.057711418718099594,2.1413137912750244,0.4190877676010132,23.636198043823242,38.0,0
17.363,3,80.0,-64.7864,0.04735148325562477,4.239355087280273,0.8297064304351807,23.61825180053711,38.0,0
17.368,3,80.0,-64.726,0.03923874348402023,5.404582977294922,1.0577592849731445,23.61825180053711,38.0,0
17.373,3,80.0,-64.6545,0.038367416709661484,6.412452697753906,1.2550146579742432,23.600303649902344,38.0,0
17.378,3,80.0,-64.5776,0.04363170638680458,4.971413612365723,0.9729814529418945,23.61825180053711,38.0,0
17.383,3,80.0,-64.4733,0.05504581704735756,3.0377321243286133,0.594530463218689,23.600303649902344,38.0,0
17.388,3,80.0,-64.3524,0.0625060573220253,1.9150620698928833,0.37480685114860535,23.636198043823242,38.0,0
17.393,3,80.0,-64.259,0.05525282770395279,2.7004661560058594,0.5285223722457886,23.61825180053711,38.0,0
17.398,3,80.0,-64.1821,0.04501332342624664,5.004582405090332,0.9794730544090271,23.61825180053711,38.0,0
17.403,3,80.0,-64.1052,0.04431627318263054,4.710119724273682,0.9218422174453735,23.61825180053711,38.0,0
17.408,3,80.0,-64.0063,0.05032507702708244,3.9756455421447754,0.7780944108963013,23.61825180053711,38.0,0
17.413,3,80.0,-63.9075,0.05628533288836479,2.492630958557129,0.48784589767456055,23.636198043823242,38.0,0
17.418,3,80.0,-63.8086,0.05314219370484352,3.4979023933410645,0.6845928430557251,23.636198043823242,38.0,0
17.423,3,80.0,-63.7427,0.04028058797121048,5.335588455200195,1.0442559719085693,23.636198043823242,38.0,0
17.428,3,80.0,-63.6877,0.03418421372771263,7.133171558380127,1.3960704803466797,23.61825180053711,38.0,0
17.433,3,80.0,-63.6108,0.040434788912534714,6.581667900085449,1.288132667541504,23.61825180053711,38.0,0
17.438,3,80.0,-63.5284,0.04523933678865433,6.0669755935668945,1.1873996257781982,23.61825180053711,38.0,0
17.443,3,80.0,-63.4296,0.053037066012620926,4.981550216674805,0.9749653339385986,23.636198043823242,38.0,0
17.448,3,80.0,-63.3307,0.05411010608077049,4.960353374481201,0.9708167314529419,23.636198043823242,38.0,0
17.453,3,80.0,-63.2538,0.04390009120106697,6.659964561462402,1.3034565448760986,23.636198043823242,38.0,0
17.458,3,80.0,-63.1989,0.03588157519698143,8.013944625854492,1.5684512853622437,23.600303649902344,38.0,0
17.463,3,80.0,-63.111,0.045978400856256485,6.411220073699951,1.254773497581482,23.600303649902344,38.0,0
17.468,3,80.0,-63.0121,0.05228431150317192,5.041058540344238,0.9866119623184204,23.61825180053711,38.0,0
17.473,3,80.0,-62.9132,0.05339523032307625,5.3765339851379395,1.052269697189331,23.600303649902344,38.0,0
17.478,3,80.0,-62.8143,0.05504252389073372,5.227209568023682,1.1189208030700684,23.636198043823242,38.0,0
17.483,3,80.0,-62.7319,0.04582352191209793,6.406451225280762,1.2538400888442993,23.636198043823242,38.0,0
17.488,3,80.0,-62.677,0.03677787631750107,8.450411796569824,1.653874397277832,23.600303649902344,38.0,0
17.493,3,80.0,-62.5891,0.04659520462155342,6.696168899536133,1.310542345046997,23.61825180053711,38.0,0
17.498,3,80.0,-62.4792,0.05658785253763199,4.345608711242676,0.8505018949508667,23.636198043823242,38.0,0
17.503,3,80.0,-62.3694,0.06083119288086891,4.301449775695801,0.8418592810630798,23.61825180053711,38.0,0
17.508,3,80.0,-62.254,0.06279665976762772,5.618464469909668,1.0996191501617432,23.636198043823242,38.0,0
17.513,3,80.0,-62.1606,0.05467798188328743,5.080747127532959,0.8866462111473083,23.636198043823242,38.0,0
17.518,3,80.0,-62.0782,0.047118090093135834,5.6012468338012695,1.0962493419647217,23.636198043823242,38.0,0
17.523,3,80.0,-61.9849,0.0510258711874485,4.636123180389404,0.9073599576950073,23.61825180053711,38.0,0
17.527,3,80.0,-61.886,0.05821192264556885,3.4726719856262207,0.6796548366546631,23.61825180053711,38.0,0
17.533,3,80.0,-61.7596,0.062177564948797226,2.7849507331848145,0.5450572967529297,23.61825180053711,38.0,0
17.538,3,80.0,-61.6608,0.05649905651807785,2.4792613983154297,0.4852292239665985,23.61825180053711,38.0,0
17.543,3,80.0,-61.5839,0.04650460183620453,4.478288173675537,0.8764692544937134,23.636198043823242,38.0,0
17.548,3,80.0,-61.507,0.044367846101522446,4.984485149383545,0.9755398035049438,23.61825180053711,38.0,0
17.553,3,80.0,-61.4026,0.05549325421452522,3.059134006500244,0.5987191796302795,23.61825180053711,38.0,0
17.558,3,80.0,-61.2817,0.06398846954107285,1.4307447671890259,0.37317556142807007,23.636198043823242,38.0,0
17.563,3,80.0,-61.1774,0.0598907507956028,1.7131816148757935,0.33529576659202576,23.636198043823242,38.0,0
17.568,3,80.0,-61.095,0.04892100393772125,4.29788064956665,0.8411607146263123,23.636198043823242,38.0,0
17.573,3,80.0,-61.0181,0.044782575219869614,4.615950107574463,0.9034118056297302,23.636198043823242,38.0,0
17.578,3,80.0,-60.9302,0.04870393127202988,4.354419708251953,0.8522263765335083,23.61825180053711,38.0,0
17.583,3,80.0,-60.8203,0.05531597509980202,1.7315189838409424,0.3388846814632416,23.61825180053711,38.0,0
17.588,3,80.0,-60.7159,0.05792967230081558,2.336845636367798,0.457356333732605,23.636198043823242,38.0,0
17.593,3,80.0,-60.6226,0.05291476100683212,2.7720370292663574,0.5425298810005188,23.636198043823242,38.0,0
17.598,3,80.0,-60.5457,0.04703830927610397,2.693296432495117,0.5271191596984863,23.61825180053711,38.0,0
17.603,3,80.0,-60.4633,0.04681362956762314,3.125924587249756,0.6117911338806152,23.61825180053711,38.0,0
17.608,3,80.0,-60.3644,0.052346114069223404,2.3847081661224365,0.466723769903183,23.61825180053711,38.0,0
17.613,3,80.0,-60.26,0.05597676709294319,1.707942247390747,0.33427032828330994,23.61825180053711,38.0,0
17.618,3,80.0,-60.1666,0.05307016894221306,2.4385786056518555,0.47726699709892273,23.636198043823242,38.0,0
17.623,3,80.0,-60.0897,0.04543019086122513,3.4974138736724854,0.6844972372055054,23.61825180053711,38.0,0
17.628,3,80.0,-60.0183,0.04021969810128212,4.504678249359131,0.8816341757774353,23.636198043823242,38.0,0
17.633,3,80.0,-59.9359,0.046090442687273026,2.865086793899536,0.5607411861419678,23.61825180053711,38.0,0
17.638,3,80.0,-59.8315,0.05424632877111435,2.3976364135742188,0.4692540168762207,23.61825180053711,38.0,0
17.643,3,80.0,-59.7272,0.05681697651743889,2.1945905685424805,0.4295148253440857,23.61825180053711,38.0,0
17.648,3,80.0,-59.6393,0.0508425273001194,3.0182056427001953,0.59070885181427,23.61825180053711,38.0,0
17.653,3,80.0,-59.5624,0.04329461604356766,3.5991475582122803,0.7044080495834351,23.61825180053711,38.0,0
17.658,3,80.0,-59.491,0.043124087154865265,4.105630397796631,0.8035344481468201,23.61825180053711,38.0,0
17.663,3,80.0,-59.3976,0.048424914479255676,3.517576217651367,0.6884433031082153,23.61825180053711,38.0,0
17.668,3,80.0,-59.2987,0.054563406854867935,1.9546955823898315,0.3825637102127075,23.61825180053711,38.0,0
17.673,3,80.0,-59.1943,0.055814627557992935,2.8513121604919434,0.5580452680587769,23.61825180053711,38.0,0
17.678,3,80.0,-59.1119,0.04768751189112663,3.88875412940979,0.761088490486145,23.61825180053711,38.0,0
17.683,3,80.0,-59.0405,0.042030271142721176,4.611292362213135,0.9025002717971802,23.636198043823242,38.0,0
17.688,3,80.0,-58.9636,0.04395781829953194,3.7032907009124756,0.7247904539108276,23.61825180053711,38.0,0
17.693,3,80.0,-58.8757,0.049143433570861816,4.110877990722656,0.8045614957809448,23.61825180053711,38.0,0
17.698,3,80.0,-58.7659,0.05702397599816322,2.5020627975463867,0.4896918535232544,23.636198043823242,38.0,0
17.703,3,80.0,-58.6615,0.05758225917816162,2.6402015686035156,0.5167276859283447,23.636198043823242,38.0,0
17.708,3,80.0,-58.5846,0.045824479311704636,4.061340808868408,0.7948663234710693,23.636198043823242,38.0,0
17.713,3,80.0,-58.5132,0.0416448600590229,4.613895893096924,0.903009831905365,23.636198043823242,38.0,0
17.718,3,80.0,-58.4253,0.04793870821595192,3.834763526916504,0.7505216598510742,23.61825180053711,38.0,0
17.723,3,80.0,-58.3209,0.05515863001346588,2.850999116897583,0.5579839944839478,23.61825180053711,38.0,0
17.728,3,80.0,-58.2166,0.05630015581846237,2.8458669185638428,0.5569795370101929,23.61825180053711,38.0,0
17.733,3,80.0,-58.1232,0.05212835967540741,2.771099328994751,0.5423463582992554,23.636198043823242,38.0,0
17.738,3,80.0,-58.0518,0.04413210228085518,4.452823638916016,0.8714854717254639,23.636198043823242,38.0,0
17.743,3,80.0,-57.9803,0.04088122770190239,5.705110549926758,1.1165771484375,23.636198043823242,38.0,0
17.748,3,80.0,-57.8925,0.046749889850616455,4.045398712158203,0.7917461395263672,23.636198043823242,38.0,0
17.753,3,80.0,-57.7881,0.05632937699556351,2.66200852394104,0.5209956765174866,23.61825180053711,38.0,0
17.758,3,80.0,-57.6837,0.057939086109399796,1.7832452058792114,0.3490082621574402,23.636198043823242,38.0,0
17.763,3,80.0,-57.5958,0.0504254549741745,3.825157403945923,0.7486416101455688,23.636198043823242,38.0,0
17.768,3,80.0,-57.5189,0.043993618339300156,4.317887783050537,0.8450765013694763,23.636198043823242,38.0,0
17.773,3,80.0,-57.4365,0.04501199722290039,4.7618327140808105,0.9319632053375244,23.636198043823242,38.0,0
17.778,3,80.0,-57.3431,0.05055060237646103,2.354494094848633,0.4608103930950165,23.61825180053711,38.0,0
17.783,3,80.0,-57.2443,0.055306509137153625,3.0099148750305176,0.5890862345695496,23.600303649902344,38.0,0
17.788,3,80.0,-57.1454,0.053407978266477585,2.3445961475372314,0.4588732123374939,23.61825180053711,38.0,0
17.793,3,80.0,-57.0685,0.04444895684719086,4.40782356262207,0.8626782298088074,23.61825180053711,38.0,0
17.798,3,80.0,-56.9971,0.0429886132478714,5.141350746154785,1.006240725517273,23.636198043823242,38.0,0
17.803,3,80.0,-56.9037,0.0486539863049984,3.5868427753448486,0.701999843120575,23.61825180053711,38.0,0
17.808,3,80.0,-56.8048,0.05263185501098633,3.396583080291748,0.6647630333900452,23.61825180053711,38.0,0
17.813,3,80.0,-56.7114,0.053772371262311935,3.0374581813812256,0.5944768786430359,23.636198043823242,38.0,0
17.818,3,80.0,-56.618,0.04971696436405182,4.9526686668396,0.9693127870559692,23.600303649902344,38.0,0
17.823,3,80.0,-56.5521,0.038981955498456955,7.132277488708496,1.3958954811096191,23.636198043823242,38.0,0
17.828,3,80.0,-56.4972,0.0343666672706604,7.395910263061523,1.4474923610687256,23.600303649902344,38.0,0
17.833,3,80.0,-56.4203,0.041603174060583115,6.854348659515381,1.3415005207061768,23.600303649902344,38.0,0
17.838,3,80.0,-56.3324,0.048412397503852844,5.403933525085449,1.0576322078704834,23.61825180053711,38.0,0
17.843,3,80.0,-56.228,0.05484405905008316,3.0921785831451416,0.6051864624023438,23.636198043823242,38.0,0
17.848,3,80.0,-56.1292,0.05378253385424614,5.111507892608643,1.0003999471664429,23.636198043823242,38.0,0
17.853,3,80.0,-56.0577,0.04216555878520012,7.670043468475342,1.5011444091796875,23.61825180053711,38.0,0
17.858,3,80.0,-56.0028,0.03462682291865349,8.27225112915039,1.619005560874939,23.61825180053711,38.0,0
17.863,3,80.0,-55.9149,0.04512547329068184,6.727208137512207,1.3166171312332153,23.61825180053711,38.0,0
17.868,3,80.0,-55.816,0.05246855318546295,5.126203536987305,1.0032762289047241,23.600303649902344,38.0,0
17.873,3,80.0,-55.7062,0.05875683203339577,4.214968681335449,0.8249337077140808,23.654146194458008,38.0,0
17.878,3,80.0,-55.6018,0.05892591178417206,6.860101222991943,1.3426264524459839,23.61825180053711,38.0,0
17.883,3,80.0,-55.5249,0.04603422060608864,5.943135738372803,1.1631622314453125,23.61825180053711,38.0,0
17.888,3,80.0,-55.4645,0.0366988405585289,7.730494976043701,1.5129756927490234,23.58235740661621,38.0,0
17.893,3,80.0,-55.3766,0.04726177081465721,6.828108310699463,1.336364984512329,23.61825180053711,38.0,0
17.898,3,80.0,-55.2722,0.05527932196855545,4.023874282836914,0.7875335216522217,23.61825180053711,38.0,0
17.903,3,80.0,-55.1624,0.05919431895017624,4.863058090209961,0.9517745971679688,23.61825180053711,38.0,0
17.908,3,80.0,-55.047,0.06257742643356323,2.7603952884674072,0.5402514338493347,23.61825180053711,38.0,0
17.914,3,80.0,-54.9481,0.05188889801502228,4.58284330368042,0.8969322443008423,23.636198043823242,38.0,0
17.918,3,80.0,-54.8767,0.04570840299129486,5.021373748779297,0.982759416103363,23.61825180053711,38.0,0
17.923,3,80.0,-54.7888,0.05028138682246208,4.533185958862305,0.8872135877609253,23.61825180053711,38.0,0
17.928,3,80.0,-54.6735,0.06014217063784599,2.3564133644104004,0.461186021566391,23.636198043823242,38.0,0
17.933,3,80.0,-54.5581,0.06213619187474251,2.1744794845581055,0.425578773021698,23.61825180053711,38.0,0
17.938,3,80.0,-54.4647,0.0554417259991169,3.029855251312256,0.5929888486862183,23.636198043823242,38.0,0
17.943,3,80.0,-54.3823,0.047523826360702515,4.251672267913818,0.8321170806884766,23.636198043823242,38.0,0
17.948,3,80.0,-54.2999,0.04659930244088173,3.7686188220977783,0.7375761270523071,23.636198043823242,38.0,0
17.953,3,80.0,-54.201,0.05320248007774353,2.7901651859283447,0.5460778474807739,23.61825180053711,38.0,0
17.958,3,80.0,-54.0912,0.06077714264392853,1.648980975151062,0.3227307200431824,23.636198043823242,38.0,0
17.963,3,80.0,-53.9813,0.05921860411763191,1.7093276977539062,0.3345414996147156,23.61825180053711,38.0,0
17.968,3,80.0,-53.8934,0.05098462104797363,3.3238329887390137,0.6505247354507446,23.61825180053711,38.0,0
17.973,3,80.0,-53.8165,0.04509729892015457,3.3576369285583496,0.6571407318115234,23.636198043823242,38.0,0
17.978,3,80.0,-53.7286,0.049758486449718475,3.072813034057617,0.601396381855011,23.636198043823242,38.0,0
17.983,3,80.0,-53.6243,0.05549632012844086,2.301267623901367,0.4503931403160095,23.61825180053711,38.0,0
17.988,3,80.0,-53.5199,0.05595390498638153,1.7601861953735352,0.3444952666759491,23.636198043823242,38.0,0
17.993,3,80.0,-53.4375,0.05025148764252663,2.718989849090576,0.5321477651596069,23.61825180053711,38.0,0
17.998,3,80.0,-53.3551,0.04595765098929405,3.564626693725586,0.6976518034934998,23.636198043823242,38.0,0
18.003,3,80.0,-53.2727,0.04772723466157913,2.613809108734131,0.5115622878074646,23.61825180053711,38.0,0
18.008,3,80.0,-53.1738,0.05184442549943924,3.2267820835113525,0.6315304040908813,23.600303649902344,38.0,0
18.013,3,80.0,-53.075,0.055320315062999725,2.392101526260376,0.46817073225975037,23.636198043823242,38.0,0
18.018,3,80.0,-52.9761,0.05524478852748871,1.9359840154647827,0.37890157103538513,23.61825180053711,38.0,0
18.023,3,80.0,-52.8882,0.048834867775440216,1.8926624059677124,0.370422899723053,23.61825180053711,38.0,0
18.028,3,80.0,-52.8168,0.04155593365430832,4.170588970184326,0.8162478804588318,23.61825180053711,38.0,0
18.033,3,80.0,-52.7399,0.04343889653682709,3.160972833633423,0.6186505556106567,23.61825180053711,38.0,0
18.038,3,80.0,-52.641,0.052368681877851486,2.901639461517334,0.5678950548171997,23.61825180053711,38.0,0
18.043,3,80.0,-52.5366,0.05666561424732208,1.8962575197219849,0.3711265027523041,23.636198043823242,38.0,0
18.048,3,80.0,-52.4377,0.05303729325532913,2.4698710441589355,0.4833914041519165,23.636198043823242,38.0,0
18.053,3,80.0,-52.3663,0.046632129698991776,3.5730090141296387,0.6992923617362976,23.61825180053711,38.0,0
18.058,3,80.0,-52.2894,0.041732754558324814,3.7165448665618896,0.7273845076560974,23.61825180053711,38.0,0
18.063,3,80.0,-52.207,0.04617401584982872,3.7605433464050293,0.7359956502914429,23.600303649902344,38.0,0
18.068,3,80.0,-52.1027,0.05578693747520447,2.9075074195861816,0.5690435171127319,23.61825180053711,38.0,0
18.073,3,80.0,-51.9983,0.05605003610253334,1.9084194898605347,0.3735067844390869,23.636198043823242,38.0,0
18.078,3,80.0,-51.9214,0.04725382849574089,3.591669797897339,0.7029445171356201,23.636198043823242,38.0,0
18.083,3,80.0,-51.8445,0.042614854872226715,3.9678399562835693,0.776566743850708,23.61825180053711,38.0,0
18.088,3,80.0,-51.7676,0.04534527286887169,4.387984275817871,1.0178236961364746,23.636198043823242,38.0,0
18.093,3,80.0,-51.6742,0.049218449741601944,2.8878936767578125,0.5652047991752625,23.61825180053711,38.0,0
18.097,3,80.0,-51.5808,0.05461025610566139,1.971338152885437,0.3858209252357483,23.61825180053711,38.0,0
18.103,3,80.0,-51.4655,0.056160587817430496,2.3763539791107178,0.46508869528770447,23.636198043823242,38.0,0
18.108,3,80.0,-51.3885,0.048819221556186676,3.8549318313598633,0.7544689178466797,23.61825180053711,38.0,0
18.113,3,80.0,-51.3171,0.039762113243341446,5.2916998863220215,1.0356663465499878,23.61825180053711,38.0,0
18.118,3,80.0,-51.2402,0.042996443808078766,4.688711643218994,0.9176523685455322,23.600303649902344,38.0,0
18.123,3,80.0,-51.1414,0.05345183238387108,2.639754056930542,0.5166401267051697,23.61825180053711,38.0,0
18.128,3,80.0,-51.0315,0.05928963050246239,2.172774076461792,0.4252450168132782,23.636198043823242,38.0,0
18.133,3,80.0,-50.9326,0.05325042083859444,3.025050163269043,0.5920484066009521,23.61825180053711,38.0,0
18.138,3,80.0,-50.8612,0.043666280806064606,4.975253105163574,0.9737328886985779,23.61825180053711,38.0,0
18.143,3,80.0,-50.7898,0.04129311442375183,4.856622219085693,0.9505149722099304,23.61825180053711,38.0,0
18.148,3,80.0,-50.7019,0.04770402982831001,3.5885839462280273,0.7023406028747559,23.600303649902344,38.0,0
18.153,3,80.0,-50.603,0.05431472510099411,3.667848825454712,0.7178539633750916,23.61825180053711,38.0,0
18.158,3,80.0,-50.4987,0.05657355487346649,2.879378318786621,0.5635381937026978,23.636198043823242,38.0,0
18.163,3,80.0,-50.4108,0.04998880624771118,3.7724978923797607,0.738335371017456,23.636198043823242,38.0,0
18.168,3,80.0,-50.3339,0.0440777912735939,4.952629089355469,0.9693050384521484,23.636198043823242,38.0,0
18.173,3,80.0,-50.2625,0.04253920540213585,5.001739978790283,0.9789167642593384,23.636198043823242,38.0,0
18.178,3,80.0,-50.1746,0.04733269289135933,4.543366432189941,0.889206051826477,23.61825180053711,38.0,0
18.183,3,80.0,-50.0647,0.05784400925040245,1.5185290575027466,0.2971992790699005,23.61825180053711,38.0,0
18.188,3,80.0,-49.9548,0.05759522318840027,3.4119348526000977,0.6677676439285278,23.636198043823242,38.0,0
18.193,3,80.0,-49.8889,0.04287514463067055,5.854954242706299,1.1459038257598877,23.636198043823242,38.0,0
18.198,3,80.0,-49.8285,0.0356619693338871,6.522486209869385,1.276550054550171,23.61825180053711,38.0,0
18.203,3,80.0,-49.7516,0.04170835390686989,5.623067378997803,1.1005200147628784,23.61825180053711,38.0,0
18.208,3,80.0,-49.6582,0.0502733550965786,4.301400661468506,0.8418497443199158,23.61825180053711,38.0,0
18.213,3,80.0,-49.5374,0.06296925246715546,1.9717236757278442,0.38589638471603394,23.636198043823242,38.0,0
18.218,3,80.0,-49.422,0.06276676058769226,1.923445224761963,0.37644755840301514,23.654146194458008,38.0,0
18.223,3,80.0,-49.3451,0.04782318323850632,4.7915520668029785,0.9377797842025757,23.636198043823242,38.0,0
18.228,3,80.0,-49.2847,0.03742155805230141,5.954113006591797,1.1653107404708862,23.61825180053711,38.0,0
18.233,3,80.0,-49.2188,0.03969477489590645,6.1557817459106445,1.2047803401947021,23.61825180053711,38.0,0
18.238,3,80.0,-49.1309,0.04648103564977646,4.878363609313965,0.9547700881958008,23.61825180053711,38.0,0
18.243,3,80.0,-49.032,0.05289732664823532,3.5848681926727295,0.7016133666038513,23.61825180053711,38.0,0
18.248,3,80.0,-48.9276,0.05555068328976631,3.923799753189087,0.7679474353790283,23.636198043823242,38.0,0
18.253,3,80.0,-48.8507,0.04632855951786041,4.3307976722717285,0.8476032018661499,23.636198043823242,38.0,0
18.258,3,80.0,-48.7903,0.036742985248565674,7.815338611602783,1.5295809507369995,23.600303649902344,38.0,0
18.263,3,80.0,-48.7134,0.041176099330186844,7.408106327056885,1.4498794078826904,23.61825180053711,38.0,0
18.268,3,80.0,-48.6255,0.04759543389081955,5.487637042999268,1.0740141868591309,23.636198043823242,38.0,0
18.273,3,80.0,-48.5266,0.05611450970172882,4.582414150238037,0.8968483209609985,23.61825180053711,38.0,0
18.278,3,80.0,-48.4058,0.06245090439915657,2.675835132598877,0.5237017273902893,23.61825180053711,38.0,0
18.283,3,80.0,-48.3124,0.051646508276462555,5.6177287101745605,1.0994751453399658,23.636198043823242,38.0,0
18.288,3,80.0,-48.252,0.03874409198760986,7.103507995605469,1.3902647495269775,23.61825180053711,38.0,0
18.293,3,80.0,-48.175,0.042370203882455826,6.573101043701172,1.2864561080932617,23.61825180053711,38.0,0
18.297,3,80.0,-48.0872,0.05008919909596443,5.029333591461182,0.9843173027038574,23.61825180053711,38.0,0
18.303,3,80.0,-47.9663,0.059384677559137344,2.8836896419525146,0.564382016658783,23.636198043823242,38.0,0
18.308,3,80.0,-47.851,0.06431864947080612,2.5842535495758057,0.5057778358459473,23.636198043823242,38.0,0
18.313,3,80.0,-47.7576,0.05421255901455879,3.9778432846069336,0.7785245776176453,23.636198043823242,38.0,0
18.318,3,80.0,-47.6807,0.045083899050951004,5.740799903869629,1.1235620975494385,23.636198043823242,38.0,0
18.323,3,80.0,-47.6038,0.047040265053510666,5.103633403778076,0.9988588094711304,23.600303649902344,38.0,0
18.328,3,80.0,-47.4884,0.05729380622506142,2.114760398864746,0.4138908386230469,23.61825180053711,38.0,0
18.333,3,80.0,-47.373,0.06295867264270782,2.1462974548339844,0.4200631380081177,23.636198043823242,38.0,0
18.338,3,80.0,-47.2687,0.057624127715826035,2.236602544784546,0.43773722648620605,23.636198043823242,38.0,0
18.343,3,80.0,-47.1863,0.04893563315272331,3.218942880630493,0.6299961805343628,23.636198043823242,38.0,0
18.348,3,80.0,-47.1094,0.04637672007083893,4.257798671722412,0.8333160877227783,23.636198043823242,38.0,0
18.353,3,80.0,-47.0105,0.052900269627571106,3.564351797103882,0.6975979804992676,23.600303649902344,38.0,0
18.358,3,80.0,-46.9006,0.05965482071042061,2.0772461891174316,0.40654870867729187,23.636198043823242,38.0,0
18.363,3,80.0,-46.7963,0.05681506171822548,2.615771770477295,0.511946439743042,23.61825180053711,38.0,0
18.368,3,80.0,-46.7139,0.04997823014855385,3.0863571166992188,0.6040471196174622,23.61825180053711,38.0,0
18.373,3,80.0,-46.626,0.04728766903281212,4.067172050476074,0.7960075736045837,23.636198043823242,38.0,0
18.378,3,80.0,-46.5436,0.04856967180967331,3.3226544857025146,0.6502941846847534,23.636198043823242,38.0,0
18.383,3,80.0,-46.4337,0.05583066865801811,2.060560941696167,0.40328317880630493,23.61825180053711,38.0,0
18.388,3,80.0,-46.3293,0.059721361845731735,1.4036023616790771,0.2747063934803009,23.600303649902344,38.0,0
18.393,3,80.0,-46.236,0.05132439360022545,2.9453487396240234,0.5764496326446533,23.61825180053711,38.0,0
18.398,3,80.0,-46.17,0.04218251258134842,3.8698837757110596,0.7573952674865723,23.636198043823242,38.0,0
18.403,3,80.0,-46.0876,0.04456706717610359,3.594911575317383,0.7035789489746094,23.636198043823242,38.0,0
18.408,3,80.0,-45.9888,0.050824325531721115,3.2929577827453613,0.6444820165634155,23.636198043823242,38.0,0
18.413,3,80.0,-45.8899,0.05543176457285881,2.075383186340332,0.4061841368675232,23.636198043823242,38.0,0
18.418,3,80.0,-45.7855,0.05771809443831444,1.6525484323501587,0.3234289288520813,23.636198043823242,38.0,0
18.423,3,80.0,-45.6976,0.050616417080163956,2.1399834156036377,0.4188274145126343,23.61825180053711,38.0,0
18.428,3,80.0,-45.6262,0.04233502224087715,3.5402920246124268,0.6928891539573669,23.61825180053711,38.0,0
18.433,3,80.0,-45.5493,0.04435400292277336,3.164674758911133,0.6193751096725464,23.636198043823242,38.0,0
18.438,3,80.0,-45.4504,0.05148547142744064,2.3455898761749268,0.459067702293396,23.636198043823242,38.0,0
18.443,3,80.0,-45.3571,0.05468985438346863,2.216858386993408,0.4338729977607727,23.600303649902344,38.0,0
18.448,3,80.0,-45.2527,0.05374402925372124,3.0559630393981934,0.5980985164642334,23.636198043823242,38.0,0
18.453,3,80.0,-45.1703,0.048070278018713,3.0535454750061035,0.5976253747940063,23.61825180053711,38.0,0
18.458,3,80.0,-45.0934,0.04428138583898544,3.8906428813934326,0.7614580988883972,23.636198043823242,38.0,0
18.463,3,80.0,-45.011,0.044713933020830154,3.4209835529327393,0.6695386171340942,23.61825180053711,38.0,0
18.468,3,80.0,-44.9176,0.051111917942762375,2.609431505203247,0.5107055306434631,23.61825180053711,38.0,0
18.473,3,80.0,-44.8187,0.05486014112830162,2.4690494537353516,0.4832305908203125,23.61825180053711,38.0,0
18.478,3,80.0,-44.7253,0.052045371383428574,2.784989595413208,0.5450649261474609,23.636198043823242,38.0,0
18.483,3,80.0,-44.6484,0.04508788138628006,3.9978582859039307,0.7824417948722839,23.636198043823242,38.0,0
18.488,3,80.0,-44.566,0.04343097284436226,4.021685600280762,0.7871052026748657,23.636198043823242,38.0,0
18.493,3,80.0,-44.4836,0.047198448330163956,3.2811343669891357,0.6421679854393005,23.61825180053711,38.0,0
18.498,3,80.0,-44.3848,0.05468607693910599,2.2409908771514893,0.43859606981277466,23.636198043823242,38.0,0
18.503,3,80.0,-44.2749,0.058546341955661774,2.118805408477783,0.4146825075149536,23.636198043823242,38.0,0
18.508,3,80.0,-44.187,0.050707411020994186,2.597357749938965,0.5083425045013428,23.636198043823242,38.0,0
18.513,3,80.0,-44.1156,0.04284351319074631,3.6921257972717285,0.7226053476333618,23.61825180053711,38.0,0
18.518,3,80.0,-44.0442,0.04314388707280159,4.054775714874268,0.7935814261436462,23.61825180053711,38.0,0
18.523,3,80.0,-43.9453,0.048121027648448944,2.9671196937561035,0.5807105302810669,23.61825180053711,38.0,0
18.528,3,80.0,-43.8464,0.05361904948949814,2.4197192192077637,0.4735759198665619,23.636198043823242,38.0,0
18.533,3,80.0,-43.7476,0.054131973534822464,3.32442307472229,0.6506402492523193,23.61825180053711,38.0,0
18.538,3,80.0,-43.6652,0.048009347170591354,3.8089237213134766,0.7454644441604614,23.636198043823242,38.0,0
18.543,3,80.0,-43.5938,0.04120592400431633,5.13554048538208,0.9242126941680908,23.61825180053711,38.0,0
18.548,3,80.0,-43.5168,0.0448526069521904,4.737044334411621,0.927111804485321,23.61825180053711,38.0,0
18.553,3,80.0,-43.4125,0.05347899720072746,1.8820958137512207,0.368354856967926,23.636198043823242,38.0,0
18.558,3,80.0,-43.3026,0.05871427804231644,1.7891165018081665,0.35015738010406494,23.61825180053711,38.0,0
18.563,3,80.0,-43.2147,0.051256969571113586,3.162442445755005,0.6189382076263428,23.636198043823242,38.0,0
18.568,3,80.0,-43.1433,0.042874597012996674,4.760778427124023,0.9317569136619568,23.636198043823242,38.0,0
18.573,3,80.0,-43.0664,0.043401893228292465,5.785648822784424,1.1323397159576416,23.636198043823242,38.0,0
18.578,3,80.0,-42.984,0.04511548951268196,4.356463432312012,0.8526263236999512,23.636198043823242,38.0,0
18.583,3,80.0,-42.8851,0.05323892459273338,3.332653522491455,0.652251124382019,23.61825180053711,38.0,0
18.588,3,80.0,-42.7753,0.05917821824550629,2.9060888290405273,0.5687658786773682,23.636198043823242,38.0,0
18.593,3,80.0,-42.6819,0.05406457185745239,3.048584222793579,0.5966544151306152,23.61825180053711,38.0,0
18.597,3,80.0,-42.616,0.04188608005642891,5.936319828033447,1.1618282794952393,23.61825180053711,38.0,0
18.603,3,80.0,-42.55,0.03689035400748253,6.002131938934326,1.1747087240219116,23.600303649902344,38.0,0
18.608,3,80.0,-42.4731,0.04275510087609291,5.298532962799072,1.0370036363601685,23.61825180053711,38.0,0
18.613,3,80.0,-42.3743,0.051045972853899,3.9459972381591797,0.7722918391227722,23.61825180053711,38.0,0
18.618,3,80.0,-42.2644,0.06052998825907707,2.158987283706665,0.38255804777145386,23.61825180053711,38.0,0
18.623,3,80.0,-42.1545,0.05981004238128662,2.6999828815460205,0.5284278392791748,23.636198043823242,38.0,0
18.628,3,80.0,-42.0776,0.04502623900771141,3.0871429443359375,0.6042009592056274,23.636198043823242,38.0,0
18.633,3,80.0,-42.0172,0.03817851468920708,6.179433822631836,1.209409475326538,23.600303649902344,38.0,0
18.638,3,80.0,-41.9348,0.04522855579853058,5.622777462005615,1.1004632711410522,23.61825180053711,38.0,0
18.643,3,80.0,-41.8359,0.052190203219652176,4.501750469207764,0.8810611963272095,23.61825180053711,38.0,0
18.648,3,80.0,-41.7371,0.05273880064487457,6.896605491638184,1.3497707843780518,23.61825180053711,38.0,0
18.653,3,80.0,-41.6602,0.04601380601525307,4.740172386169434,0.9277240633964539,23.636198043823242,38.0,0
18.658,3,80.0,-41.5942,0.03937321901321411,6.380735397338867,1.2488071918487549,23.61825180053711,38.0,0
18.663,3,80.0,-41.5173,0.04255815967917442,6.584604740142822,1.2887074947357178,23.61825180053711,38.0,0
18.668,3,80.0,-41.4294,0.04568801820278168,5.795159339904785,1.1342010498046875,23.61825180053711,38.0,0
18.673,3,80.0,-41.3361,0.051885221153497696,4.841840744018555,0.9476220011711121,23.61825180053711,38.0,0
18.678,3,80.0,-41.2207,0.059942442923784256,3.5180885791778564,0.6885435581207275,23.61825180053711,38.0,0
18.683,3,80.0,-41.1218,0.056425776332616806,3.7994279861450195,0.7436059713363647,23.636198043823242,38.0,0
18.688,3,80.0,-41.0449,0.04540235549211502,6.230929374694824,1.2194879055023193,23.61825180053711,38.0,0
18.693,3,80.0,-40.968,0.04447268694639206,6.130302906036377,1.1997936964035034,23.61825180053711,38.0,0
18.698,3,80.0,-40.8856,0.04664383828639984,5.401697158813477,1.057194471359253,23.636198043823242,38.0,0
18.703,3,80.0,-40.7758,0.05692803114652634,2.8476381301879883,0.5573261976242065,23.61825180053711,38.0,0
18.708,3,80.0,-40.6549,0.06377362459897995,2.184915781021118,0.42762133479118347,23.654146194458008,38.0,0
18.713,3,80.0,-40.556,0.05631551146507263,3.980550527572632,0.6445250511169434,23.636198043823242,38.0,0
18.718,3,80.0,-40.4846,0.044457342475652695,4.583948135375977,0.8971485495567322,23.636198043823242,38.0,0
18.723,3,80.0,-40.4022,0.0467393733561039,4.683233261108398,0.9165801405906677,23.61825180053711,38.0,0
18.728,3,80.0,-40.2979,0.05497857928276062,3.3205411434173584,0.6498805284500122,23.61825180053711,38.0,0
18.733,3,80.0,-40.188,0.059710677713155746,2.143066644668579,0.41943079233169556,23.636198043823242,38.0,0
18.738,3,80.0,-40.0781,0.058380287140607834,2.2460193634033203,0.43958020210266113,23.61825180053711,38.0,0
18.743,3,80.0,-39.9902,0.051794927567243576,3.593494415283203,0.7033016085624695,23.61825180053711,38.0,0
18.748,3,80.0,-39.9133,0.046116217970848083,4.348094940185547,0.850988507270813,23.636198043823242,38.0,0
18.753,3,80.0,-39.8145,0.051325224339962006,2.4558489322662354,0.48064708709716797,23.600303649902344,38.0,0
18.758,3,80.0,-39.7046,0.05987582728266716,1.639011263847351,0.3207795023918152,23.654146194458008,38.0,0
18.763,3,80.0,-39.6057,0.056793902069330215,1.9162406921386719,0.3750375211238861,23.636198043823242,38.0,0
18.768,3,80.0,-39.5178,0.0479217991232872,3.620671033859253,0.708620548248291,23.61825180053711,38.0,0
18.773,3,80.0,-39.4409,0.04559464007616043,3.5454063415527344,0.6938900947570801,23.61825180053711,38.0,0
18.778,3,80.0,-39.353,0.04941782355308533,3.3001646995544434,0.6458925008773804,23.61825180053711,38.0,0
18.783,3,80.0,-39.2542,0.0543794110417366,1.711968183517456,0.3350582718849182,23.61825180053711,38.0,0
18.788,3,80.0,-39.1498,0.05718323215842247,2.145261287689209,0.4198603332042694,23.636198043823242,38.0,0
18.793,3,80.0,-39.0509,0.05498170107603073,1.944187879562378,0.3805072009563446,23.61825180053711,38.0,0
18.798,3,80.0,-38.9685,0.04690863937139511,3.645469903945923,0.7134740352630615,23.61825180053711,38.0,0
18.803,3,80.0,-38.8916,0.04445742815732956,3.2355287075042725,0.6332423090934753,23.636198043823242,38.0,0
18.808,3,80.0,-38.8037,0.04802693799138069,3.2344393730163574,0.6330291032791138,23.61825180053711,38.0,0
18.813,3,80.0,-38.7103,0.05260985717177391,1.885193943977356,0.3689611852169037,23.61825180053711,38.0,0
18.817,3,80.0,-38.6115,0.05443683639168739,2.2394583225250244,0.4382961392402649,23.636198043823242,38.0,0
18.823,3,80.0,-38.5071,0.05373223498463631,2.067342519760132,0.40461045503616333,23.61825180053711,38.0,0
18.828,3,80.0,-38.4302,0.04700136557221413,2.3579671382904053,0.46149012446403503,23.61825180053711,38.0,0
18.833,3,80.0,-38.3533,0.04422164335846901,3.690284013748169,0.7222448587417603,23.61825180053711,38.0,0
18.838,3,80.0,-38.2599,0.050567954778671265,2.646507978439331,0.5179619789123535,23.61825180053711,38.0,0
18.843,3,80.0,-38.161,0.05375449359416962,2.6522998809814453,0.5190955400466919,23.636198043823242,38.0,0
18.848,3,80.0,-38.0731,0.05086681246757507,3.0781490802764893,0.6024407148361206,23.636198043823242,38.0,0
18.853,3,80.0,-37.9852,0.047988180071115494,3.2309491634368896,0.6323460340499878,23.636198043823242,38.0,0
18.858,3,80.0,-37.9028,0.04664640873670578,3.558319091796875,0.6964172720909119,23.61825180053711,38.0,0
18.863,3,80.0,-37.8204,0.04637762904167175,3.561211109161377,0.696983277797699,23.600303649902344,38.0,0
18.868,3,80.0,-37.7271,0.051778241991996765,2.468021869659424,0.48302948474884033,23.61825180053711,38.0,0
18.873,3,80.0,-37.6282,0.05345155671238899,2.740161180496216,0.5362913012504578,23.61825180053711,38.0,0
18.878,3,80.0,-37.5403,0.04968245327472687,3.8651580810546875,0.7564703822135925,23.61825180053711,38.0,0
18.883,3,80.0,-37.4579,0.046777814626693726,3.5977368354797363,0.7041319608688354,23.61825180053711,38.0,0
18.888,3,80.0,-37.381,0.043824389576911926,3.5278267860412598,0.6904494762420654,23.61825180053711,38.0,0
18.893,3,80.0,-37.2986,0.045888856053352356,3.619567394256592,0.7084044814109802,23.61825180053711,38.0,0
18.898,3,80.0,-37.1997,0.05217181518673897,2.309195041656494,0.45194464921951294,23.61825180053711,38.0,0
18.903,3,80.0,-37.0953,0.057496584951877594,1.9000325202941895,0.37186533212661743,23.61825180053711,38.0,0
18.908,3,80.0,-37.002,0.05323445051908493,3.2294921875,0.6320608854293823,23.61825180053711,38.0,0
18.913,3,80.0,-36.925,0.045035481452941895,6.288541793823242,1.230763554573059,23.61825180053711,38.0,0
18.918,3,80.0,-36.8427,0.04493527486920357,4.090078353881836,0.8004907369613647,23.61825180053711,38.0,0
18.923,3,80.0,-36.7548,0.050370052456855774,3.0559682846069336,0.5980995893478394,23.636198043823242,38.0,0
18.928,3,80.0,-36.6504,0.05457404628396034,2.5254595279693604,0.494270920753479,23.636198043823242,38.0,0
18.933,3,80.0,-36.557,0.051416635513305664,3.071715831756592,0.6011816263198853,23.636198043823242,38.0,0
18.938,3,80.0,-36.4746,0.047229185700416565,3.840596914291382,0.7516633868217468,23.636198043823242,38.0,0
18.943,3,80.0,-36.3977,0.04446269944310188,4.478407859802246,0.8245124220848083,23.636198043823242,38.0,0
18.948,3,80.0,-36.3153,0.0453634075820446,4.567021369934082,0.8938356637954712,23.61825180053711,38.0,0
18.953,3,80.0,-36.2274,0.04925636574625969,3.426041841506958,0.6705286502838135,23.61825180053711,38.0,0
18.958,3,80.0,-36.1285,0.05372455343604088,4.024894714355469,0.787733256816864,23.636198043823242,38.0,0
18.963,3,80.0,-36.0297,0.054061487317085266,2.16988205909729,0.4246789813041687,23.61825180053711,38.0,0
18.968,3,80.0,-35.9418,0.04774938151240349,4.263828754425049,0.834496259689331,23.636198043823242,38.0,0
18.973,3,80.0,-35.8759,0.04231376573443413,4.668820858001709,0.9137594103813171,23.61825180053711,38.0,0
18.978,3,80.0,-35.7935,0.04451224207878113,4.413185119628906,0.8637275695800781,23.636198043823242,38.0,0
18.983,3,80.0,-35.7001,0.051800038665533066,2.856478452682495,0.5590564012527466,23.61825180053711,38.0,0
18.988,3,80.0,-35.5902,0.056630805134773254,3.1058337688446045,0.6078590154647827,23.636198043823242,38.0,0
18.993,3,80.0,-35.4968,0.052521150559186935,2.90128231048584,0.567825198173523,23.636198043823242,38.0,0
18.998,3,80.0,-35.4199,0.04537171870470047,4.521841049194336,0.8849931955337524,23.636198043823242,38.0,0
19.003,3,80.0,-35.343,0.04331190884113312,4.716639041900635,0.9231182336807251,23.61825180053711,38.0,0
19.008,3,80.0,-35.2606,0.04566623270511627,4.877731800079346,0.9546464681625366,23.61825180053711,38.0,0
19.013,3,80.0,-35.1782,0.04676534980535507,6.334287643432617,1.239716649055481,23.61825180053711,38.0,0
19.018,3,80.0,-35.0848,0.05119356885552406,4.768869400024414,0.9333404302597046,23.61825180053711,38.0,0
19.023,3,80.0,-34.9915,0.05093279108405113,2.6462628841400146,0.5179139971733093,23.61825180053711,38.0,0
19.028,3,80.0,-34.9091,0.047285061329603195,4.679840564727783,0.9159161448478699,23.636198043823242,38.0,0
19.033,3,80.0,-34.8267,0.04558688402175903,5.492476940155029,1.0749614238739014,23.636198043823242,38.0,0
19.038,3,80.0,-34.7443,0.04585720971226692,5.235557556152344,1.0246784687042236,23.61825180053711,38.0,0
19.043,3,80.0,-34.6564,0.051002874970436096,4.646834850311279,0.9094563722610474,23.61825180053711,38.0,0
19.048,3,80.0,-34.5465,0.05504285544157028,5.337632656097412,1.0446560382843018,23.636198043823242,38.0,0
19.053,3,80.0,-34.4586,0.05064905434846878,4.003713130950928,0.7835876941680908,23.636198043823242,38.0,0
19.058,3,80.0,-34.3927,0.03922031819820404,7.368188858032227,1.4420669078826904,23.61825180053711,38.0,0
19.062,3,80.0,-34.3268,0.04094480350613594,6.105286598205566,1.2257053852081299,23.61825180053711,38.0,0
19.068,3,80.0,-34.2334,0.046254705637693405,5.232449054718018,1.0240700244903564,23.61825180053711,38.0,0
19.073,3,80.0,-34.14,0.0512353889644146,4.801996231079102,1.1278706789016724,23.61825180053711,38.0,0
19.078,3,80.0,-34.0302,0.05810253322124481,3.2518699169158936,0.6364405155181885,23.636198043823242,38.0,0
19.083,3,80.0,-33.9368,0.05242399126291275,4.0552263259887695,0.8283935785293579,23.636198043823242,38.0,0
19.088,3,80.0,-33.8654,0.044430993497371674,5.932637691497803,1.1611076593399048,23.636198043823242,38.0,0
19.093,3,80.0,-33.7775,0.04625200107693672,6.381594181060791,1.2489752769470215,23.61825180053711,38.0,0
19.098,3,80.0,-33.6841,0.050979554653167725,4.334709644317627,0.8483688235282898,23.636198043823242,38.0,0
19.103,3,80.0,-33.5797,0.056330207735300064,3.3386073112487793,0.6534163355827332,23.61825180053711,38.0,0
19.108,3,80.0,-33.4644,0.06205347552895546,2.3168132305145264,0.45343565940856934,23.636198043823242,38.0,0
19.113,3,80.0,-33.3655,0.0559045746922493,3.976989507675171,0.7783575057983398,23.636198043823242,38.0,0
19.118,3,80.0,-33.2886,0.046815838664770126,4.574233055114746,0.8952471017837524,23.636198043823242,38.0,0
19.123,3,80.0,-33.2007,0.047631461173295975,4.31199312210083,0.8439227938652039,23.636198043823242,38.0,0
19.128,3,80.0,-33.1018,0.054813843220472336,2.8340041637420654,0.5546578168869019,23.61825180053711,38.0,0
19.133,3,80.0,-32.9919,0.059369754046201706,2.597087860107422,0.5082896947860718,23.61825180053711,38.0,0
19.138,3,80.0,-32.8876,0.05700588598847389,2.4370176792144775,0.47696149349212646,23.636198043823242,38.0,0
19.143,3,80.0,-32.8052,0.05023500323295593,3.741278886795044,0.7322252988815308,23.636198043823242,38.0,0
19.148,3,80.0,-32.7228,0.04621197283267975,3.809788703918457,0.7456337213516235,23.61825180053711,38.0,0
19.153,3,80.0,-32.6294,0.052196700125932693,3.1826813220977783,0.6228992342948914,23.636198043823242,38.0,0
19.158,3,80.0,-32.5195,0.05921851471066475,1.4128633737564087,0.3627561032772064,23.61825180053711,38.0,0
19.163,3,80.0,-32.4152,0.05656631290912628,2.4385085105895996,0.4772532880306244,23.61825180053711,38.0,0
19.168,3,80.0,-32.3273,0.04984572157263756,3.344909191131592,0.6546497344970703,23.636198043823242,38.0,0
19.173,3,80.0,-32.2449,0.047083280980587006,3.1147496700286865,0.609604001045227,23.636198043823242,38.0,0
19.178,3,80.0,-32.1625,0.0480174720287323,2.9663100242614746,0.5805521011352539,23.61825180053711,38.0,0
19.183,3,80.0,-32.0636,0.052965275943279266,1.8991847038269043,0.37169939279556274,23.61825180053711,38.0,0
19.188,3,80.0,-31.9592,0.05731341615319252,1.2509098052978516,0.24482211470603943,23.61825180053711,38.0,0
19.192,3,80.0,-31.8658,0.055098604410886765,2.697901964187622,0.5280205607414246,23.636198043823242,38.0,0
19.198,3,80.0,-31.778,0.04616723954677582,3.0609261989593506,0.5990699529647827,23.636198043823242,38.0,0
19.203,3,80.0,-31.701,0.04383115842938423,3.5394203662872314,0.692718505859375,23.636198043823242,38.0,0
19.208,3,80.0,-31.6077,0.050650618970394135,1.9448491334915161,0.38063663244247437,23.61825180053711,38.0,0
19.213,3,80.0,-31.5088,0.05437749624252319,2.475600481033325,0.4845127761363983,23.636198043823242,38.0,0
19.218,3,80.0,-31.4154,0.05130916088819504,2.7792978286743164,0.5439509749412537,23.61825180053711,38.0,0
19.223,3,80.0,-31.3275,0.04928258806467056,2.448021173477173,0.4791150689125061,23.61825180053711,38.0,0
19.228,3,80.0,-31.2396,0.04815392568707466,3.080488681793213,0.6028985977172852,23.61825180053711,38.0,0
19.233,3,80.0,-31.1572,0.04691383242607117,2.8304378986358643,0.553959846496582,23.61825180053711,38.0,0
19.238,3,80.0,-31.0693,0.05028079077601433,2.7028615474700928,0.5289912223815918,23.636198043823242,38.0,0
19.243,3,80.0,-30.976,0.05169520899653435,1.643758773803711,0.32170864939689636,23.61825180053711,38.0,0
19.248,3,80.0,-30.8826,0.051046568900346756,2.858745813369751,0.5595001578330994,23.636198043823242,38.0,0
19.253,3,80.0,-30.7947,0.04857128858566284,2.8510797023773193,0.5579997301101685,23.61825180053711,38.0,0
19.258,3,80.0,-30.7178,0.0447174571454525,3.337857246398926,0.6532695293426514,23.61825180053711,38.0,0
19.263,3,80.0,-30.6409,0.044043850153684616,4.058249473571777,0.7942613363265991,23.636198043823242,38.0,0
19.268,3,80.0,-30.542,0.05024686083197594,3.3424954414367676,0.6541773080825806,23.600303649902344,38.0,0
19.273,3,80.0,-30.4486,0.05383259803056717,2.1769847869873047,0.42606911063194275,23.636198043823242,38.0,0
19.278,3,80.0,-30.3497,0.05192844197154045,3.3269498348236084,0.6511347889900208,23.636198043823242,38.0,0
19.283,3,80.0,-30.2728,0.046065401285886765,3.690538167953491,0.7222945690155029,23.61825180053711,38.0,0
19.288,3,80.0,-30.1904,0.04489300772547722,3.5435171127319336,0.6935203075408936,23.61825180053711,38.0,0
19.293,3,80.0,-30.1025,0.049370016902685165,3.1648895740509033,0.619417130947113,23.61825180053711,38.0,0
19.298,3,80.0,-30.0037,0.053382758051157,2.837312698364258,0.5553053617477417,23.600303649902344,38.0,0
19.303,3,80.0,-29.9048,0.05439622700214386,2.6164917945861816,0.512087345123291,23.636198043823242,38.0,0
19.308,3,80.0,-29.8114,0.051948003470897675,3.2637813091278076,0.5781760215759277,23.61825180053711,38.0,0
19.313,3,80.0,-29.7345,0.04628698155283928,4.1126227378845215,0.8049029111862183,23.636198043823242,38.0,0
19.318,3,80.0,-29.6521,0.04590867832303047,3.9930977821350098,0.7815101146697998,23.61825180053711,38.0,0
19.323,3,80.0,-29.5587,0.0509384460747242,2.344367027282715,0.458828330039978,23.61825180053711,38.0,0
19.328,3,80.0,-29.4598,0.05313593149185181,3.5545501708984375,0.6956796646118164,23.61825180053711,38.0,0
19.333,3,80.0,-29.3665,0.05137477442622185,3.3238747119903564,0.6505329608917236,23.61825180053711,38.0,0
19.338,3,80.0,-29.2841,0.047050561755895615,3.7453341484069824,0.7330189943313599,23.61825180053711,38.0,0
19.343,3,80.0,-29.2126,0.041768450289964676,4.581718444824219,0.8967121839523315,23.636198043823242,38.0,0
19.348,3,80.0,-29.1357,0.04311506077647209,4.252919673919678,0.8323611617088318,23.61825180053711,38.0,0
19.353,3,80.0,-29.0424,0.050870608538389206,3.765981912612915,0.7370600700378418,23.61825180053711,38.0,0
19.358,3,80.0,-28.938,0.05549832060933113,2.559926986694336,0.5010167360305786,23.61825180053711,38.0,0
19.363,3,80.0,-28.8501,0.050823114812374115,3.082699775695801,0.6033313274383545,23.61825180053711,38.0,0
19.368,3,80.0,-28.7677,0.0446973517537117,5.015385150909424,0.9815873503684998,23.61825180053711,38.0,0
19.373,3,80.0,-28.6908,0.04473140463232994,5.457451820373535,1.0681065320968628,23.636198043823242,38.0,0
19.378,3,80.0,-28.6084,0.047079361975193024,3.9508614540100098,0.77324378490448,23.636198043823242,38.0,0
19.383,3,80.0,-28.515,0.0514707937836647,3.5775530338287354,0.7001816630363464,23.636198043823242,38.0,0
19.388,3,80.0,-28.4106,0.05570526793599129,2.342256784439087,0.45841532945632935,23.61825180053711,38.0,0
19.393,3,80.0,-28.3118,0.05437961593270302,3.5769283771514893,0.7000594139099121,23.636198043823242,38.0,0
19.398,3,80.0,-28.2349,0.045137420296669006,4.562882423400879,0.8930256366729736,23.636198043823242,38.0,0
19.403,3,80.0,-28.1635,0.04334046691656113,5.469324588775635,1.0704302787780762,23.636198043823242,38.0,0
19.408,3,80.0,-28.0756,0.04736754670739174,4.480478763580322,0.8768979907035828,23.61825180053711,38.0,0
19.413,3,80.0,-27.9822,0.05139314383268356,3.8742027282714844,0.7582405805587769,23.61825180053711,38.0,0
19.418,3,80.0,-27.8833,0.05277189239859581,2.8565211296081543,0.5590647459030151,23.61825180053711,38.0,0
19.423,3,80.0,-27.7954,0.04944223165512085,4.152553558349609,0.8127180337905884,23.636198043823242,38.0,0
19.428,3,80.0,-27.7295,0.041258931159973145,5.629796504974365,1.1018370389938354,23.636198043823242,38.0,0
19.433,3,80.0,-27.6526,0.042005620896816254,5.564376354217529,1.0890332460403442,23.61825180053711,38.0,0
19.438,3,80.0,-27.5647,0.04782493785023689,5.183335781097412,1.0144578218460083,23.61825180053711,38.0,0
19.443,3,80.0,-27.4603,0.054645854979753494,4.017825603485107,0.7863496541976929,23.61825180053711,38.0,0
19.448,3,80.0,-27.356,0.05634076148271561,3.1649279594421387,0.6194246411323547,23.636198043823242,38.0,0
19.453,3,80.0,-27.2681,0.05178197845816612,4.660277843475342,0.9120873808860779,23.654146194458008,38.0,0
19.458,3,80.0,-27.1967,0.042460985481739044,5.6688232421875,1.1094751358032227,23.636198043823242,38.0,0
19.463,3,80.0,-27.1252,0.0408594124019146,6.211801052093506,1.215744137763977,23.61825180053711,38.0,0
19.468,3,80.0,-27.0428,0.043040189892053604,6.466979026794434,1.265686273574829,23.61825180053711,38.0,0
19.473,3,80.0,-26.955,0.04997673258185387,4.953019142150879,0.9693813323974609,23.600303649902344,38.0,0
19.478,3,80.0,-26.8396,0.05951662361621857,3.2375757694244385,0.6336429119110107,23.61825180053711,38.0,0
19.483,3,80.0,-26.7352,0.05704734846949577,3.0852649211883545,0.6038333773612976,23.636198043823242,38.0,0
19.488,3,80.0,-26.6583,0.046449173241853714,5.480432510375977,1.0726041793823242,23.654146194458008,38.0,0
19.493,3,80.0,-26.5814,0.045822255313396454,6.729226589202881,1.3170121908187866,23.61825180053711,38.0,0
19.498,3,80.0,-26.488,0.05007651075720787,4.312310695648193,0.8439849615097046,23.61825180053711,38.0,0
19.503,3,80.0,-26.3837,0.05671212449669838,2.86511492729187,0.5607466697692871,23.61825180053711,38.0,0
19.508,3,80.0,-26.2683,0.06136640906333923,2.554144859313965,0.49988508224487305,23.636198043823242,38.0,0
19.513,3,80.0,-26.1694,0.054591044783592224,3.450317621231079,0.6752797365188599,23.61825180053711,38.0,0
19.518,3,80.0,-26.0925,0.0460057407617569,4.681025981903076,0.9161481261253357,23.636198043823242,38.0,0
19.523,3,80.0,-26.0046,0.04908030852675438,4.059449672698975,0.7944961786270142,23.636198043823242,38.0,0
19.528,3,80.0,-25.9113,0.05512961372733116,1.7846194505691528,0.34927722811698914,23.61825180053711,38.0,0
19.533,3,80.0,-25.7904,0.06049887835979462,1.9003030061721802,0.371918261051178,23.61825180053711,38.0,0
19.538,3,80.0,-25.697,0.0562887080013752,1.6687912940979004,0.326607882976532,23.636198043823242,38.0,0
19.543,3,80.0,-25.6036,0.049937423318624496,3.5845961570739746,0.7015601396560669,23.636198043823242,38.0,0
19.548,3,80.0,-25.5267,0.045670364052057266,4.022990703582764,0.7873605489730835,23.61825180053711,38.0,0
19.553,3,80.0,-25.4388,0.04897607862949371,3.55191969871521,0.6754112243652344,23.600303649902344,38.0,0
19.558,3,80.0,-25.329,0.05842310190200806,1.9057488441467285,0.3729841113090515,23.636198043823242,38.0,0
19.563,3,80.0,-25.2246,0.05749526247382164,1.6025904417037964,0.3136513829231262,23.636198043823242,38.0,0
19.568,3,80.0,-25.1367,0.04856285825371742,3.0550875663757324,0.5979272127151489,23.636198043823242,38.0,0
19.573,3,80.0,-25.0598,0.04642106965184212,3.27235746383667,0.6404502391815186,23.61825180053711,38.0,0
19.578,3,80.0,-24.9664,0.0494164414703846,2.335801601409912,0.45715197920799255,23.636198043823242,38.0,0
19.583,3,80.0,-24.8676,0.05321568250656128,2.098315954208374,0.4106724262237549,23.636198043823242,38.0,0
19.588,3,80.0,-24.7687,0.056257013231515884,1.725711464881897,0.33774805068969727,23.61825180053711,38.0,0
19.593,3,80.0,-24.6698,0.05401494726538658,2.5667502880096436,0.5023521780967712,23.636198043823242,38.0,0
19.598,3,80.0,-24.5874,0.04882748797535896,2.646301031112671,0.5179214477539062,23.61825180053711,38.0,0
19.603,3,80.0,-24.505,0.04622659459710121,2.8626224994659424,0.5602588653564453,23.61825180053711,38.0,0
19.608,3,80.0,-24.4171,0.04812927171587944,3.8406758308410645,0.7516788244247437,23.636198043823242,38.0,0
19.613,3,80.0,-24.3237,0.052053630352020264,2.605088949203491,0.5098556280136108,23.600303649902344,38.0,0
19.618,3,80.0,-24.2303,0.05235762149095535,2.726473808288574,0.5336124897003174,23.61825180053711,38.0,0
19.623,3,80.0,-24.137,0.05036617070436478,3.152691602706909,0.6170297861099243,23.636198043823242,38.0,0
19.628,3,80.0,-24.0601,0.045630574226379395,3.4690611362457275,0.678948163986206,23.636198043823242,38.0,0
19.633,3,80.0,-23.9832,0.04519839584827423,3.4953675270080566,0.6840966939926147,23.636198043823242,38.0,0
19.638,3,80.0,-23.8843,0.05119425803422928,2.2257893085479736,0.43562087416648865,23.636198043823242,38.0,0
19.643,3,80.0,-23.7854,0.05364333465695381,2.702848196029663,0.5289885997772217,23.636198043823242,38.0,0
19.648,3,80.0,-23.692,0.05088486894965172,2.64643931388855,0.5179485082626343,23.636198043823242,38.0,0
19.653,3,80.0,-23.6041,0.04879561811685562,1.9543322324752808,0.3824926018714905,23.61825180053711,38.0,0
19.658,3,80.0,-23.5272,0.04640749841928482,3.162531614303589,0.6189556121826172,23.61825180053711,38.0,0
19.663,3,80.0,-23.4448,0.044573135673999786,3.4984610080718994,0.6847021579742432,23.61825180053711,38.0,0
19.668,3,80.0,-23.3569,0.04813950136303902,3.329212188720703,0.6515775918960571,23.61825180053711,38.0,0
19.673,3,80.0,-23.2581,0.05318960174918175,3.0651192665100098,0.5998905897140503,23.654146194458008,38.0,0
19.678,3,80.0,-23.1647,0.05225224792957306,3.2084479331970215,0.6279422044754028,23.636198043823242,38.0,0
19.683,3,80.0,-23.0823,0.04799120873212814,3.5501487255096436,0.6948182582855225,23.61825180053711,38.0,0
19.688,3,80.0,-22.9999,0.04645630344748497,3.131943464279175,0.6129691004753113,23.61825180053711,38.0,0
19.693,3,80.0,-22.912,0.0478331558406353,3.563105583190918,0.6973540782928467,23.61825180053711,38.0,0
19.698,3,80.0,-22.8131,0.05276940390467644,3.035893678665161,0.5941706895828247,23.61825180053711,38.0,0
19.703,3,80.0,-22.7142,0.055906787514686584,3.1439974308013916,0.6153282523155212,23.636198043823242,38.0,0
19.708,3,80.0,-22.6208,0.05076238140463829,3.152677536010742,0.43097159266471863,23.61825180053711,38.0,0
19.713,3,80.0,-22.5494,0.04403281584382057,4.583560943603516,0.8970727920532227,23.636198043823242,38.0,0
19.718,3,80.0,-22.4615,0.046914324164390564,3.045063018798828,0.5959652662277222,23.61825180053711,38.0,0
19.723,3,80.0,-22.3627,0.05363594368100166,2.33587908744812,0.4571671485900879,23.61825180053711,38.0,0
19.728,3,80.0,-22.2638,0.05369801074266434,4.125685691833496,0.8074595928192139,23.61825180053711,38.0,0
19.733,3,80.0,-22.1759,0.050783198326826096,4.48568868637085,0.8779176473617554,23.61825180053711,38.0,0
19.738,3,80.0,-22.0935,0.04631010815501213,3.6866836547851562,0.7215401530265808,23.61825180053711,38.0,0
19.743,3,80.0,-22.0166,0.043612368404865265,3.5615193843841553,0.6970436573028564,23.636198043823242,38.0,0
19.748,3,80.0,-21.9397,0.04308149591088295,4.534266471862793,0.8874250650405884,23.61825180053711,38.0,0
19.753,3,80.0,-21.8573,0.04700109735131264,3.1274943351745605,0.6120983362197876,23.61825180053711,38.0,0
19.758,3,80.0,-21.7529,0.05342962592840195,2.8648109436035156,0.5606871843338013,23.61825180053711,38.0,0
19.763,3,80.0,-21.6595,0.052529897540807724,2.9669389724731445,0.5806751847267151,23.61825180053711,38.0,0
19.768,3,80.0,-21.5826,0.04541477560997009,4.922502040863037,0.9634087085723877,23.61825180053711,38.0,0
19.773,3,80.0,-21.5112,0.04114358499646187,4.736198425292969,0.9269462823867798,23.61825180053711,38.0,0
19.778,3,80.0,-21.4288,0.04478878900408745,5.01922607421875,0.982339084148407,23.61825180053711,38.0,0
19.783,3,80.0,-21.3354,0.04989251121878624,4.4737162590026855,0.87557452917099,23.654146194458008,38.0,0
19.788,3,80.0,-21.2311,0.05526226386427879,3.5963497161865234,0.7038604617118835,23.636198043823242,38.0,0
19.793,3,80.0,-21.1377,0.05324668809771538,6.827825546264648,1.3363094329833984,23.636198043823242,38.0,0
19.798,3,80.0,-21.0553,0.0473371259868145,4.090982913970947,0.8006677627563477,23.61825180053711,38.0,0
19.803,3,80.0,-20.9784,0.045545365661382675,4.676510334014893,0.915264368057251,23.61825180053711,38.0,0
19.808,3,80.0,-20.8905,0.04629818722605705,4.439126491546631,0.8688046932220459,23.61825180053711,38.0,0
19.813,3,80.0,-20.8026,0.048203546553850174,3.909942626953125,0.7652353644371033,23.61825180053711,38.0,0
19.818,3,80.0,-20.6982,0.05591195821762085,3.02836537361145,0.592697262763977,23.61825180053711,38.0,0
19.823,3,80.0,-20.5939,0.05730054900050163,2.3824660778045654,0.46628493070602417,23.61825180053711,38.0,0
19.828,3,80.0,-20.517,0.04438764974474907,5.58669900894165,1.0934021472930908,23.61825180053711,38.0,0
19.833,3,80.0,-20.4565,0.03816724196076393,6.110893726348877,1.1959950923919678,23.61825180053711,38.0,0
19.838,3,80.0,-20.3796,0.04211584851145744,5.667613506317139,1.1092383861541748,23.636198043823242,38.0,0
19.843,3,80.0,-20.2863,0.049632344394922256,4.148839473724365,0.8119911551475525,23.636198043823242,38.0,0
19.848,3,80.0,-20.1764,0.057734549045562744,4.4585442543029785,0.87260502576828,23.61825180053711,38.0,0
19.853,3,80.0,-20.0775,0.057210445404052734,2.245180130004883,0.43941599130630493,23.61825180053711,38.0,0
19.858,3,80.0,-19.9951,0.04669368267059326,4.758272647857666,0.9312664866447449,23.636198043823242,38.0,0
19.863,3,80.0,-19.9237,0.04343724250793457,5.601013660430908,1.0962038040161133,23.636198043823242,38.0,0
19.868,3,80.0,-19.8413,0.04358343034982681,6.134563446044922,1.2006275653839111,23.600303649902344,38.0,0
19.873,3,80.0,-19.7589,0.04827279597520828,5.121689796447754,1.0023927688598633,23.61825180053711,38.0,0
19.878,3,80.0,-19.649,0.05439862608909607,4.7769341468811035,0.9349188208580017,23.61825180053711,38.0,0
19.883,3,80.0,-19.5612,0.051361773163080215,4.9613165855407715,0.9710053205490112,23.636198043823242,38.0,0
19.888,3,80.0,-19.4843,0.04493338614702225,5.902635097503662,1.1552356481552124,23.61825180053711,38.0,0
19.893,3,80.0,-19.4019,0.04567982628941536,5.668231964111328,1.1093593835830688,23.600303649902344,38.0,0
19.898,3,80.0,-19.3085,0.05027593672275543,4.780159950256348,0.9355501532554626,23.61825180053711,38.0,0
19.903,3,80.0,-19.2096,0.05534414201974869,3.405909538269043,0.6665884256362915,23.636198043823242,38.0,0
19.908,3,80.0,-19.0887,0.06350322812795639,2.3755853176116943,0.4649382531642914,23.61825180053711,38.0,0
19.913,3,80.0,-18.9844,0.059547774493694305,2.4948508739471436,0.48828035593032837,23.636198043823242,38.0,0
19.918,3,80.0,-18.902,0.049066465348005295,3.5515871047973633,0.6950997710227966,23.61825180053711,38.0,0
19.923,3,80.0,-18.8196,0.04794733598828316,4.2746663093566895,0.8366173505783081,23.61825180053711,38.0,0
19.928,3,80.0,-18.7207,0.053806379437446594,2.344229221343994,0.45880138874053955,23.636198043823242,38.0,0
19.933,3,80.0,-18.6053,0.05976906046271324,2.3233299255371094,0.45471107959747314,23.636198043823242,38.0,0
19.938,3,80.0,-18.5065,0.05715715140104294,2.614854335784912,0.5117668509483337,23.61825180053711,38.0,0
19.943,3,80.0,-18.4131,0.052019838243722916,3.0778276920318604,0.6023778319358826,23.636198043823242,38.0,0
19.948,3,80.0,-18.3307,0.04818302020430565,3.090543746948242,0.6048665046691895,23.61825180053711,38.0,0
19.953,3,80.0,-18.2373,0.050950054079294205,2.4248709678649902,0.4745842218399048,23.61825180053711,38.0,0
19.958,3,80.0,-18.1329,0.05639614909887314,1.7467525005340576,0.3418661057949066,23.61825180053711,38.0,0
19.963,3,80.0,-18.0341,0.05543527379631996,2.8205504417419434,0.5520247220993042,23.61825180053711,38.0,0
19.968,3,80.0,-17.9462,0.0498112253844738,3.5555315017700195,0.6958717107772827,23.61825180053711,38.0,0
19.973,3,80.0,-17.8638,0.047268860042095184,2.8591487407684326,0.5595790147781372,23.61825180053711,38.0,0
19.978,3,80.0,-17.7814,0.04773765429854393,2.8697478771209717,0.5616534352302551,23.61825180053711,38.0,0
19.983,3,80.0,-17.688,0.051224201917648315,2.9598309993743896,0.5792840719223022,23.636198043823242,38.0,0
19.988,3,80.0,-17.5836,0.05510265380144119,2.2577199935913086,0.44187021255493164,23.61825180053711,38.0,0
19.993,3,80.0,-17.4847,0.05396667867898941,1.6808605194091797,0.3289700150489807,23.61825180053711,38.0,0
19.998,3,80.0,-17.4078,0.047032106667757034,2.858888626098633,0.559528112411499,23.61825180053711,38.0,0
20.003,3,80.0,-17.3254,0.045558858662843704,3.0833001136779785,0.6034488677978516,23.636198043823242,38.0,0
20.008,3,80.0,-17.2321,0.05061732232570648,2.3778207302093506,0.46537578105926514,23.636198043823242,38.0,0
20.013,3,80.0,-17.1387,0.0526290163397789,1.965087652206421,0.3845975995063782,23.61825180053711,38.0,0
20.018,3,80.0,-17.0398,0.05336020514369011,2.334958553314209,0.4569869637489319,23.636198043823242,38.0,0
20.023,3,80.0,-16.9464,0.05283208191394806,1.5205190181732178,0.2975887656211853,23.61825180053711,38.0,0
20.028,3,80.0,-16.864,0.0469852052628994,2.784014940261841,0.5448741912841797,23.61825180053711,38.0,0
20.033,3,80.0,-16.7871,0.04384654387831688,3.408812999725342,0.6671566963195801,23.61825180053711,38.0,0
20.038,3,80.0,-16.6992,0.04857097566127777,3.379470109939575,0.6614137887954712,23.636198043823242,38.0,0
20.043,3,80.0,-16.6003,0.05321699008345604,1.8371142148971558,0.35955125093460083,23.61825180053711,38.0,0
20.048,3,80.0,-16.507,0.05225609615445137,3.0448057651519775,0.595914900302887,23.636198043823242,38.0,0
20.053,3,80.0,-16.4136,0.05038023740053177,2.8986406326293945,0.5673081874847412,23.636198043823242,38.0,0
20.058,3,80.0,-16.3367,0.046553876250982285,3.466007947921753,0.678350567817688,23.61825180053711,38.0,0
20.063,3,80.0,-16.2598,0.04282309487462044,3.654841423034668,0.7153081893920898,23.636198043823242,38.0,0
20.068,3,80.0,-16.1774,0.045372746884822845,3.927011489868164,0.7685760259628296,23.61825180053711,38.0,0
20.073,3,80.0,-16.073,0.05124501883983612,3.0762195587158203,0.6020630598068237,23.61825180053711,38.0,0
20.078,3,80.0,-15.9851,0.05210103839635849,2.889604330062866,0.5655395984649658,23.61825180053711,38.0,0
20.083,3,80.0,-15.9027,0.04899610951542854,-5.010644912719727,-0.9806596040725708,23.61825180053711,38.0,0
20.088,3,80.0,-15.8093,0.04794571176171303,3.3792097568511963,0.661362886428833,23.61825180053711,38.0,0
20.093,3,80.0,-15.7269,0.0492134764790535,3.152294874191284,0.6169521808624268,23.636198043823242,38.0,0
20.098,3,80.0,-15.6281,0.05184333026409149,3.4060471057891846,0.66661536693573,23.61825180053711,38.0,0
20.103,3,80.0,-15.5292,0.05545518919825554,2.3157732486724854,0.45323213934898376,23.636198043823242,38.0,0
20.108,3,80.0,-15.4303,0.0543312169611454,1.8513891696929932,0.3623450994491577,23.636198043823242,38.0,0
20.113,3,80.0,-15.3534,0.04706520587205887,3.4180681705474854,0.6689680814743042,23.61825180053711,38.0,0
20.118,3,80.0,-15.2765,0.04468395933508873,4.097469806671143,0.8019373416900635,23.61825180053711,38.0,0
20.123,3,80.0,-15.1831,0.049679405987262726,2.8499295711517334,0.5577746629714966,23.61825180053711,38.0,0
20.128,3,80.0,-15.0842,0.054356031119823456,1.907214879989624,0.37327104806900024,23.61825180053711,38.0,0
20.133,3,80.0,-14.9908,0.05336283519864082,2.617924451828003,0.5123677253723145,23.636198043823242,38.0,0
20.138,3,80.0,-14.8975,0.05005209892988205,2.7234301567077637,0.5330168008804321,23.61825180053711,38.0,0
20.143,3,80.0,-14.8206,0.04544953629374504,3.162416458129883,0.6189330816268921,23.61825180053711,38.0,0
20.148,3,80.0,-14.7491,0.04257359355688095,4.143578052520752,0.8109614253044128,23.61825180053711,38.0,0
20.153,3,80.0,-14.6558,0.048415157943964005,2.980149984359741,0.5832607746124268,23.61825180053711,38.0,0
20.158,3,80.0,-14.5624,0.04944106563925743,2.903718948364258,0.5683020353317261,23.61825180053711,38.0,0
20.163,3,80.0,-14.4855,0.04582909122109413,4.111204624176025,0.8046254515647888,23.636198043823242,38.0,0
20.168,3,80.0,-14.4141,0.041492704302072525,4.910698413848877,0.9610985517501831,23.61825180053711,38.0,0
20.173,3,80.0,-14.3317,0.04596683010458946,3.779090166091919,0.7396255731582642,23.636198043823242,38.0,0
20.178,3,80.0,-14.2438,0.04686330631375313,4.266894817352295,0.8350962996482849,23.61825180053711,38.0,0
20.183,3,80.0,-14.1614,0.04631255567073822,5.066240310668945,0.9915404319763184,23.61825180053711,38.0,0
20.188,3,80.0,-14.068,0.05117809772491455,4.564119815826416,0.8932678699493408,23.61825180053711,38.0,0
20.193,3,80.0,-13.9691,0.05311901867389679,4.129684925079346,0.8082423210144043,23.636198043823242,38.0,0
20.198,3,80.0,-13.8867,0.0483984500169754,4.829623699188232,0.9452309608459473,23.61825180053711,38.0,0
20.206,3,80.0,-13.7439,0.04804454743862152,4.706253528594971,0.92108553647995,23.61825180053711,38.0,0
20.209,3,80.0,-13.6835,0.04986206814646721,3.9820644855499268,0.779350757598877,23.61825180053711,38.0,0
20.213,3,80.0,-13.623,0.05194338783621788,3.9535999298095703,0.7737797498703003,23.61825180053711,38.0,0
20.218,3,80.0,-13.5242,0.05271603539586067,3.4285736083984375,0.6710240840911865,23.61825180053711,38.0,0
20.223,3,80.0,-13.4308,0.05169643461704254,4.259803295135498,0.8337084650993347,23.636198043823242,38.0,0
20.228,3,80.0,-13.3484,0.046713072806596756,5.116805553436279,1.0014368295669556,23.61825180053711,38.0,0
20.235,3,80.0,-13.2715,0.04352038726210594,5.501585960388184,1.0767443180084229,23.61825180053711,38.0,0
20.238,3,80.0,-13.1891,0.04387186840176582,5.98049259185791,1.170473575592041,23.61825180053711,38.0,0
20.243,3,80.0,-13.1067,0.0470065101981163,5.234838962554932,1.0245378017425537,23.61825180053711,38.0,0
20.248,3,80.0,-13.0078,0.05441625788807869,5.00661039352417,0.9798700213432312,23.636198043823242,38.0,0
20.253,3,80.0,-12.9034,0.05798954889178276,3.810075283050537,0.7456898093223572,23.636198043823242,38.0,0
20.258,3,80.0,-12.8101,0.05344710126519203,3.979210138320923,0.7787920832633972,23.636198043823242,38.0,0
20.263,3,80.0,-12.7277,0.04550165683031082,5.367678165435791,1.0505363941192627,23.61825180053711,38.0,0
20.268,3,80.0,-12.6562,0.04210378974676132,5.759479999542236,1.1272180080413818,23.600303649902344,38.0,0
20.273,3,80.0,-12.5684,0.04835585504770279,4.875914573669434,1.0566197633743286,23.61825180053711,38.0,0
20.278,3,80.0,-12.464,0.05492328852415085,3.4359092712402344,0.6724598407745361,23.600303649902344,38.0,0
20.283,3,80.0,-12.3761,0.05057067424058914,4.38589334487915,0.858386218547821,23.61825180053711,38.0,0
20.288,3,80.0,-12.3047,0.041634172201156616,6.6588544845581055,1.303239345550537,23.636198043823242,38.0,0
20.293,3,80.0,-12.2278,0.04346027597784996,6.202776908874512,1.2139780521392822,23.61825180053711,38.0,0
20.298,3,80.0,-12.1289,0.05059652775526047,4.823973178863525,0.9441250562667847,23.61825180053711,38.0,0
20.303,3,80.0,-12.0355,0.05384895205497742,3.882333755493164,0.7598318457603455,23.600303649902344,38.0,0
20.308,3,80.0,-11.9202,0.061049215495586395,2.6844937801361084,0.5253963470458984,23.636198043823242,38.0,0
20.313,3,80.0,-11.8048,0.06292721629142761,2.85103440284729,0.5579909086227417,23.61825180053711,38.0,0
20.318,3,80.0,-11.7059,0.054808296263217926,3.3377394676208496,0.6532465219497681,23.636198043823242,38.0,0
20.323,3,80.0,-11.6235,0.04880736395716667,3.3095288276672363,0.6477252840995789,23.61825180053711,38.0,0
20.328,3,80.0,-11.5302,0.052368469536304474,3.3740897178649902,0.6603607535362244,23.61825180053711,38.0,0
20.333,3,80.0,-11.4313,0.0571754164993763,2.488689422607422,0.48707446455955505,23.61825180053711,38.0,0
20.338,3,80.0,-11.3214,0.057569749653339386,1.710192322731018,0.3347106873989105,23.636198043823242,38.0,0
20.343,3,80.0,-11.2225,0.05351678654551506,2.914364814758301,0.5703856348991394,23.636198043823242,38.0,0
20.348,3,80.0,-11.1401,0.047743428498506546,3.2981395721435547,0.6454961895942688,23.654146194458008,38.0,0
20.353,3,80.0,-11.0522,0.04957013949751854,3.3382012844085693,0.6533368825912476,23.61825180053711,38.0,0
20.358,3,80.0,-10.9479,0.05654825642704964,1.4594829082489014,0.285643070936203,23.636198043823242,38.0,0
20.363,3,80.0,-10.849,0.05438866466283798,2.6179215908050537,0.5123671293258667,23.636198043823242,38.0,0
20.368,3,80.0,-10.7666,0.04833366349339485,3.4958059787750244,0.6841825246810913,23.636198043823242,38.0,0
20.373,3,80.0,-10.6842,0.04687608778476715,3.416930913925171,0.6687454581260681,23.61825180053711,38.0,0
20.378,3,80.0,-10.5963,0.04907014220952988,3.0557668209075928,0.598060131072998,23.636198043823242,38.0,0
20.383,3,80.0,-10.4974,0.051896240562200546,1.646445870399475,0.32223454117774963,23.61825180053711,38.0,0
20.388,3,80.0,-10.3986,0.05529175326228142,2.166975736618042,0.42411017417907715,23.61825180053711,38.0,0
20.393,3,80.0,-10.2942,0.05577037110924721,2.4093258380889893,0.47154176235198975,23.636198043823242,38.0,0
20.398,3,80.0,-10.2118,0.048522718250751495,2.7030723094940186,0.5290324687957764,23.61825180053711,38.0,0
20.403,3,80.0,-10.1349,0.04339359328150749,3.4274404048919678,0.6708022952079773,23.636198043823242,38.0,0
20.408,3,80.0,-10.0525,0.04668876528739929,3.0299923419952393,0.5930156707763672,23.636198043823242,38.0,0
20.413,3,80.0,-9.9536,0.05297694727778435,1.8758366107940674,0.3671298027038574,23.61825180053711,38.0,0
20.418,3,80.0,-9.8547,0.055568285286426544,2.5799710750579834,0.5049396753311157,23.636198043823242,38.0,0
20.423,3,80.0,-9.7614,0.052919652312994,1.2565240859985352,0.24592092633247375,23.636198043823242,38.0,0
20.428,3,80.0,-9.6735,0.04758714139461517,2.8306407928466797,0.5539995431900024,23.61825180053711,38.0,0
20.433,3,80.0,-9.5966,0.045234907418489456,3.310225486755371,0.6478615999221802,23.61825180053711,38.0,0
20.437,3,80.0,-9.5197,0.04708249494433403,2.899796962738037,0.5675344467163086,23.61825180053711,38.0,0
20.443,3,80.0,-9.4153,0.051487963646650314,2.8479135036468506,0.5573800802230835,23.61825180053711,38.0,0
20.448,3,80.0,-9.3219,0.05178875848650932,2.1952695846557617,0.4296477437019348,23.636198043823242,38.0,0
20.453,3,80.0,-9.234,0.05048489570617676,2.65950608253479,0.5205059051513672,23.61825180053711,38.0,0
20.458,3,80.0,-9.1461,0.04773598909378052,3.438000440597534,0.672869086265564,23.636198043823242,38.0,0
20.463,3,80.0,-9.0692,0.0449272058904171,2.881355047225952,0.5639250874519348,23.61825180053711,38.0,0
20.468,3,80.0,-8.9868,0.04578292369842529,3.4353740215301514,0.672355055809021,23.61825180053711,38.0,0
20.473,3,80.0,-8.8934,0.0510597787797451,3.152604103088379,0.6170126795768738,23.61825180053711,38.0,0
20.478,3,80.0,-8.8,0.05168479308485985,2.841381072998047,0.6705747842788696,23.61825180053711,38.0,0
20.483,3,80.0,-8.7122,0.04712545871734619,3.692017078399658,0.7225840091705322,23.61825180053711,38.0,0
20.488,3,80.0,-8.6353,0.04596218839287758,3.5030558109283447,0.6856014728546143,23.61825180053711,38.0,0
20.493,3,80.0,-8.5474,0.04814523085951805,3.678917407989502,0.7200202345848083,23.61825180053711,38.0,0
20.498,3,80.0,-8.454,0.05115848034620285,3.366205930709839,0.4547843635082245,23.61825180053711,38.0,0
20.503,3,80.0,-8.3551,0.05462660640478134,3.089258909225464,0.6046150922775269,23.61825180053711,38.0,0
20.508,3,80.0,-8.2562,0.05366259068250656,3.078244924545288,0.6024594306945801,23.636198043823242,38.0,0
20.513,3,80.0,-8.1738,0.04743342474102974,3.089503049850464,0.6046628355979919,23.61825180053711,38.0,0
20.518,3,80.0,-8.0914,0.04556869715452194,4.042322158813477,0.791144073009491,23.61825180053711,38.0,0
20.523,3,80.0,-7.998,0.051681313663721085,2.7393054962158203,0.5361238718032837,23.636198043823242,38.0,0
20.528,3,80.0,-7.8937,0.055171772837638855,2.5215625762939453,0.4935082197189331,23.636198043823242,38.0,0
20.533,3,80.0,-7.8058,0.05133634805679321,3.272343397140503,0.6404474973678589,23.61825180053711,38.0,0
20.538,3,80.0,-7.7179,0.04859098419547081,4.198829650878906,0.8217748999595642,23.636198043823242,38.0,0
20.543,3,80.0,-7.6355,0.04780609533190727,3.8706963062286377,0.7575542330741882,23.61825180053711,38.0,0
20.548,3,80.0,-7.5531,0.04702163487672806,3.5026662349700928,0.6855251789093018,23.61825180053711,38.0,0
20.553,3,80.0,-7.4597,0.04990876466035843,3.164839029312134,0.6194072365760803,23.61825180053711,38.0,0
20.558,3,80.0,-7.3663,0.05110257863998413,2.7553906440734863,0.5392719507217407,23.61825180053711,38.0,0
20.563,3,80.0,-7.2839,0.04711541533470154,3.711226224899292,0.7263435125350952,23.61825180053711,38.0,0
20.568,3,80.0,-7.218,0.03949601575732231,5.55548620223999,1.0872933864593506,23.636198043823242,38.0,0
20.573,3,80.0,-7.1521,0.03761844336986542,5.746603488922119,1.1246979236602783,23.61825180053711,38.0,0
20.578,3,80.0,-7.0642,0.04602470248937607,4.645620346069336,0.9092187285423279,23.61825180053711,38.0,0
20.583,3,80.0,-6.9708,0.05063417926430702,4.271969795227051,0.836089551448822,23.61825180053711,38.0,0
20.588,3,80.0,-6.8774,0.05227937176823616,3.33862042427063,0.6534188985824585,23.61825180053711,38.0,0
20.593,3,80.0,-6.7896,0.05034038424491882,5.3811936378479,1.0531816482543945,23.654146194458008,38.0,0
20.598,3,80.0,-6.7181,0.041580233722925186,7.173527717590332,1.4039688110351562,23.61825180053711,38.0,0
20.603,3,80.0,-6.6522,0.03664449229836464,7.698278903961182,1.5066704750061035,23.61825180053711,38.0,0
20.608,3,80.0,-6.5698,0.04538964107632637,5.724301338195801,1.1203330755233765,23.61825180053711,38.0,0
20.613,3,80.0,-6.4709,0.052170202136039734,4.126247882843018,0.8075696229934692,23.61825180053711,38.0,0
20.618,3,80.0,-6.3666,0.057307519018650055,3.504966974258423,0.6859754920005798,23.61825180053711,38.0,0
20.623,3,80.0,-6.2567,0.05973554402589798,3.2587132453918457,0.6377798914909363,23.61825180053711,38.0,0
20.628,3,80.0,-6.1633,0.05142825469374657,3.6697604656219482,0.7182280421257019,23.636198043823242,38.0,0
20.633,3,80.0,-6.0974,0.04193641617894173,6.479256629943848,1.2680892944335938,23.600303649902344,38.0,0
20.638,3,80.0,-6.0205,0.04179466515779495,6.4691362380981445,1.2661086320877075,23.600303649902344,38.0,0
20.643,3,80.0,-5.9326,0.04788491502404213,5.099729537963867,0.9980947971343994,23.61825180053711,38.0,0
20.648,3,80.0,-5.8337,0.05432593822479248,5.167142868041992,1.0112886428833008,23.61825180053711,38.0,0
20.653,3,80.0,-5.7294,0.054667215794324875,4.1355156898498535,0.8093835115432739,23.636198043823242,38.0,0
20.659,3,80.0,-5.647,0.04788688197731972,4.5511860847473145,0.8907365202903748,23.636198043823242,38.0,0
20.663,3,80.0,-5.5756,0.04449699446558952,4.941839694976807,0.9671933650970459,23.61825180053711,38.0,0
20.668,3,80.0,-5.4877,0.04745997488498688,6.11164665222168,1.1961424350738525,23.61825180053711,38.0,0
20.673,3,80.0,-5.3998,0.04854752868413925,5.131741046905518,1.0043599605560303,23.61825180053711,38.0,0
20.678,3,80.0,-5.2954,0.056655917316675186,3.3207390308380127,0.6499192714691162,23.61825180053711,38.0,0
20.683,3,80.0,-5.191,0.05700615420937538,4.569664001464844,0.894352912902832,23.636198043823242,38.0,0
20.688,3,80.0,-5.1031,0.048591937869787216,6.065812110900879,1.1871719360351562,23.636198043823242,38.0,0
20.693,3,80.0,-5.0262,0.04436669871211052,6.181680202484131,1.2098489999771118,23.61825180053711,38.0,0
20.698,3,80.0,-4.9438,0.047791738063097,5.697179794311523,1.1150249242782593,23.61825180053711,38.0,0
20.703,3,80.0,-4.845,0.052096251398324966,3.8823630809783936,0.7598376274108887,23.61825180053711,38.0,0
20.708,3,80.0,-4.7406,0.05829322710633278,3.437765598297119,0.6728231310844421,23.636198043823242,38.0,0
20.713,3,80.0,-4.6307,0.05938738211989403,3.3160691261291504,0.6490052938461304,23.636198043823242,38.0,0
20.718,3,80.0,-4.5374,0.05307833477854729,4.037140846252441,0.7901300191879272,23.61825180053711,38.0,0
20.723,3,80.0,-4.4495,0.04959704726934433,3.957556962966919,0.7745542526245117,23.636198043823242,38.0,0
20.728,3,80.0,-4.3451,0.05536769703030586,3.3265159130096436,0.6510498523712158,23.61825180053711,38.0,0
20.733,3,80.0,-4.2352,0.060115210711956024,1.8516614437103271,0.3623983860015869,23.636198043823242,38.0,0
20.738,3,80.0,-4.1309,0.05861722305417061,3.143571376800537,0.6152448058128357,23.636198043823242,38.0,0
20.743,3,80.0,-4.0375,0.05337393656373024,2.0486345291137695,0.40094900131225586,23.636198043823242,38.0,0
20.748,3,80.0,-3.9551,0.04942736029624939,3.1131367683410645,0.6092883348464966,23.636198043823242,38.0,0
20.753,3,80.0,-3.8562,0.052548572421073914,2.864764928817749,0.5606781840324402,23.636198043823242,38.0,0
20.758,3,80.0,-3.7518,0.056765779852867126,1.5848705768585205,0.3101833164691925,23.636198043823242,38.0,0
20.763,3,80.0,-3.653,0.05451221391558647,2.6109683513641357,0.5110062956809998,23.636198043823242,38.0,0
20.768,3,80.0,-3.5706,0.04889839142560959,2.966179609298706,0.58052659034729,23.61825180053711,38.0,0
20.773,3,80.0,-3.4937,0.045873645693063736,3.6264960765838623,0.7097605466842651,23.636198043823242,38.0,0
20.778,3,80.0,-3.4058,0.04704644903540611,3.100955009460449,0.606904149055481,23.636198043823242,38.0,0
20.783,3,80.0,-3.3124,0.050717346370220184,2.245150327682495,0.43941015005111694,23.61825180053711,38.0,0
20.788,3,80.0,-3.2135,0.053770992904901505,2.743748903274536,0.5369935035705566,23.61825180053711,38.0,0
20.793,3,80.0,-3.1146,0.05428802967071533,1.79078209400177,0.35048335790634155,23.636198043823242,38.0,0
20.798,3,80.0,-3.0267,0.049976058304309845,2.968287944793701,0.5809391736984253,23.636198043823242,38.0,0
20.803,3,80.0,-2.9443,0.046276357024908066,3.695784091949463,0.7233213186264038,23.636198043823242,38.0,0
20.808,3,80.0,-2.8619,0.04650593549013138,2.7821738719940186,0.5445138216018677,23.61825180053711,38.0,0
20.813,3,80.0,-2.774,0.04973495751619339,2.348464012145996,0.45963019132614136,23.636198043823242,38.0,0
20.818,3,80.0,-2.6752,0.052372515201568604,2.2870659828186035,0.4476136863231659,23.61825180053711,38.0,0
20.823,3,80.0,-2.5763,0.05432974547147751,2.1237411499023438,0.41564854979515076,23.636198043823242,38.0,0
20.828,3,80.0,-2.4884,0.05066213011741638,2.3614113330841064,0.4121280312538147,23.61825180053711,38.0,0
20.833,3,80.0,-2.4115,0.04333062097430229,4.042385578155518,0.7911564707756042,23.636198043823242,38.0,0
20.838,3,80.0,-2.3346,0.044444359838962555,4.3038649559021,0.8423320055007935,23.61825180053711,38.0,0
20.843,3,80.0,-2.2357,0.05160916596651077,2.516972303390503,0.49260982871055603,23.61825180053711,38.0,0
20.848,3,80.0,-2.1423,0.05318453162908554,2.5150279998779297,0.5272899866104126,23.61825180053711,38.0,0
20.853,3,80.0,-2.049,0.05035627260804176,3.225839138031006,0.6313459277153015,23.636198043823242,38.0,0
20.858,3,80.0,-1.9666,0.04834064468741417,3.495669364929199,0.6841558218002319,23.61825180053711,38.0,0
20.863,3,80.0,-1.8842,0.047067318111658096,3.5261850357055664,0.6901282072067261,23.636198043823242,38.0,0
20.868,3,80.0,-1.8018,0.04534020647406578,4.122025012969971,0.8067431449890137,23.61825180053711,38.0,0
20.873,3,80.0,-1.7084,0.050625260919332504,2.8787927627563477,0.5634236335754395,23.61825180053711,38.0,0
20.878,3,80.0,-1.615,0.05135757476091385,2.9486474990844727,0.5770952701568604,23.61825180053711,38.0,0
20.883,3,80.0,-1.5271,0.047210708260536194,3.8269717693328857,0.7489966750144958,23.61825180053711,38.0,0
20.888,3,80.0,-1.4502,0.04528794810175896,4.394691467285156,0.8601081371307373,23.61825180053711,38.0,0
20.893,3,80.0,-1.3678,0.0463283471763134,3.436316967010498,0.6980710029602051,23.61825180053711,38.0,0
20.898,3,80.0,-1.2744,0.0490017794072628,3.176809072494507,0.621749997138977,23.61825180053711,38.0,0
20.903,3,80.0,-1.181,0.052885740995407104,3.145681381225586,0.6156578063964844,23.61825180053711,38.0,0
20.908,3,80.0,-1.0767,0.05553199350833893,3.08695125579834,0.604163408279419,23.636198043823242,38.0,0
20.913,3,80.0,-0.9888,0.05020111799240112,3.4216370582580566,0.6696665287017822,23.636198043823242,38.0,0
20.918,3,80.0,-0.9119,0.045652493834495544,3.8907711505889893,0.7614831924438477,23.636198043823242,38.0,0
20.923,3,80.0,-0.824,0.048632994294166565,3.5268373489379883,0.6902558207511902,23.61825180053711,38.0,0
20.928,3,80.0,-0.7141,0.0565328411757946,1.7852352857589722,0.34939777851104736,23.636198043823242,38.0,0
20.933,3,80.0,-0.6207,0.05561797320842743,2.1724700927734375,0.42518553137779236,23.636198043823242,38.0,0
20.938,3,80.0,-0.5273,0.04851889982819557,3.5268259048461914,0.6902536153793335,23.636198043823242,38.0,0
20.943,3,80.0,-0.4559,0.0443083755671978,4.526307582855225,0.8858673572540283,23.61825180053711,38.0,0
20.948,3,80.0,-0.3735,0.04494994506239891,2.9251999855041504,0.5725062489509583,23.61825180053711,38.0,0
20.953,3,80.0,-0.2856,0.04945351183414459,2.8977630138397217,0.5671364068984985,23.61825180053711,38.0,0
20.958,3,80.0,-0.1813,0.0548110231757164,3.229968309402466,0.6321540474891663,23.61825180053711,38.0,0
20.963,3,80.0,-0.0879,0.05206555128097534,3.409393787384033,0.6672703623771667,23.61825180053711,38.0,0
20.968,3,80.0,-0.0165,0.04264277219772339,3.5661637783050537,0.6979526281356812,23.636198043823242,38.0,0
20.973,3,80.0,0.0494,0.03841833397746086,5.958244800567627,1.1661193370819092,23.61825180053711,38.0,0
20.978,3,80.0,0.1263,0.04155682027339935,6.17670202255249,1.2088747024536133,23.61825180053711,38.0,0
20.983,3,80.0,0.2087,0.0441691018640995,5.670024394989014,1.1097102165222168,23.600303649902344,38.0,0
20.988,3,80.0,0.2966,0.04905219376087189,5.600229263305664,1.0960502624511719,23.61825180053711,38.0,0
20.993,3,80.0,0.401,0.05554526299238205,3.5592761039733887,0.6966046094894409,23.636198043823242,38.0,0
20.998,3,80.0,0.4889,0.049575772136449814,5.003974437713623,0.9793540835380554,23.61825180053711,38.0,0
21.003,3,80.0,0.5493,0.03720603138208389,6.822447299957275,1.3352570533752441,23.636198043823242,38.0,0
21.008,3,80.0,0.6152,0.038968030363321304,6.699837684631348,1.3112603425979614,23.636198043823242,38.0,0
21.013,3,80.0,0.7031,0.04532023146748543,5.92054557800293,1.1587409973144531,23.600303649902344,38.0,0
21.018,3,80.0,0.7965,0.05268246680498123,4.5175018310546875,0.8841440081596375,23.600303649902344,38.0,0
21.023,3,80.0,0.9119,0.059973955154418945,3.2874112129211426,0.6433964967727661,23.61825180053711,38.0,0
21.028,3,80.0,1.0162,0.05711698904633522,3.811887741088867,0.7460445165634155,23.636198043823242,38.0,0
21.033,3,80.0,1.0931,0.04552450403571129,5.726858615875244,1.1208335161209106,23.636198043823242,38.0,0
21.038,3,80.0,1.1591,0.03973951190710068,7.408894062042236,1.45003342628479,23.61825180053711,38.0,0
21.043,3,80.0,1.236,0.043095920234918594,6.32719612121582,1.2383286952972412,23.636198043823242,38.0,0
21.048,3,80.0,1.3348,0.051134951412677765,4.939250469207764,0.9666866660118103,23.61825180053711,38.0,0
21.053,3,80.0,1.4392,0.05737102031707764,3.228152275085449,0.6317986249923706,23.636198043823242,38.0,0
21.058,3,80.0,1.5326,0.052242014557123184,5.717525005340576,1.1190067529678345,23.61825180053711,38.0,0
21.063,3,80.0,1.604,0.0437421090900898,5.764180660247803,1.1281380653381348,23.636198043823242,38.0,0
21.068,3,80.0,1.6864,0.04441559687256813,6.727694034576416,1.3167122602462769,23.636198043823242,38.0,0
21.073,3,80.0,1.7743,0.048831455409526825,5.487471103668213,1.073981761932373,23.61825180053711,38.0,0
21.078,3,80.0,1.8787,0.05582774057984352,3.1253457069396973,0.6116778254508972,23.61825180053711,38.0,0
21.083,3,80.0,1.9885,0.058937814086675644,6.167147636413574,1.2070047855377197,23.636198043823242,38.0,0
21.088,3,80.0,2.0709,0.04936254024505615,4.0010986328125,0.7830759882926941,23.61825180053711,38.0,0
21.093,3,80.0,2.1423,0.04330601170659065,6.590861797332764,1.289932131767273,23.61825180053711,38.0,0
21.098,3,80.0,2.2247,0.045573461800813675,5.571728706359863,1.0904722213745117,23.636198043823242,38.0,0
21.103,3,80.0,2.3236,0.050998613238334656,4.942394256591797,0.9673018455505371,23.600303649902344,38.0,0
21.108,3,80.0,2.4335,0.05897298827767372,4.794995307922363,0.9384536743164062,23.61825180053711,38.0,0
21.113,3,80.0,2.5488,0.06353354454040527,2.294475793838501,0.44906389713287354,23.636198043823242,38.0,0
21.118,3,80.0,2.6477,0.057421062141656876,3.5914175510406494,0.7028951644897461,23.61825180053711,38.0,0
21.123,3,80.0,2.7301,0.050055257976055145,4.101566314697266,0.8027390241622925,23.636198043823242,38.0,0
21.128,3,80.0,2.829,0.05317361280322075,3.611154079437256,0.7067579030990601,23.636198043823242,38.0,0
21.133,3,80.0,2.9443,0.06137976050376892,1.7604706287384033,0.3445509672164917,23.61825180053711,38.0,0
21.138,3,80.0,3.0542,0.06103315204381943,1.6681382656097412,0.32648009061813354,23.61825180053711,38.0,0
21.143,3,80.0,3.1476,0.053857989609241486,2.175692319869995,0.425816148519516,23.636198043823242,38.0,0
21.148,3,80.0,3.2355,0.048287685960531235,3.005354404449463,0.5881936550140381,23.61825180053711,38.0,0
21.153,3,80.0,3.3234,0.05016857385635376,2.785071611404419,0.5450809597969055,23.61825180053711,38.0,0
21.159,3,80.0,3.4387,0.058554261922836304,0.9844609498977661,0.19267401099205017,23.636198043823242,38.0,0
21.173,3,80.0,3.6914,0.04575224593281746,4.004801273345947,0.7838006019592285,23.61825180053711,38.0,0
21.175,3,80.0,3.7244,0.04481400549411774,4.363613605499268,0.8540257215499878,23.61825180053711,38.0,0
21.177,3,80.0,3.7628,0.04530433937907219,3.5649359226226807,0.6977123022079468,23.61825180053711,38.0,0
21.178,3,80.0,3.7848,0.04596820846199989,3.622020721435547,0.7088846564292908,23.61825180053711,38.0,0
21.183,3,80.0,3.8837,0.04891600087285042,2.245706558227539,0.4395189881324768,23.61825180053711,38.0,0
21.188,3,80.0,3.9661,0.052028726786375046,1.9633498191833496,0.3842574954032898,23.61825180053711,38.0,0
21.193,3,80.0,4.0704,0.05574765056371689,2.452862024307251,0.3219332695007324,23.61825180053711,38.0,0
21.198,3,80.0,4.1638,0.05250595510005951,2.396498918533325,0.4690313935279846,23.61825180053711,38.0,0
21.203,3,80.0,4.2407,0.04636818915605545,3.1611335277557373,0.6186820268630981,23.61825180053711,38.0,0
21.208,3,80.0,4.3231,0.045562658458948135,3.0326764583587646,0.5935410261154175,23.61825180053711,38.0,0
21.213,3,80.0,4.4165,0.04976046085357666,2.9187872409820557,0.5712511539459229,23.636198043823242,38.0,0
21.218,3,80.0,4.5099,0.05287379026412964,2.477544069290161,0.48489317297935486,23.61825180053711,38.0,0
21.223,3,80.0,4.6088,0.052564587444067,2.4858028888702393,0.4865095317363739,23.61825180053711,38.0,0
21.228,3,80.0,4.6967,0.05011458322405815,2.668572187423706,0.5222802758216858,23.61825180053711,38.0,0
21.233,3,80.0,4.7736,0.04479232802987099,3.529207468032837,0.690719723701477,23.61825180053711,38.0,0
21.238,3,80.0,4.8505,0.044303763657808304,4.220638275146484,0.8260432481765747,23.61825180053711,38.0,0
21.243,3,80.0,4.9384,0.048775460571050644,3.688457489013672,0.7218873500823975,23.61825180053711,38.0,0
21.248,3,80.0,5.0372,0.053051307797431946,3.3334872722625732,0.6524142622947693,23.636198043823242,38.0,0
21.253,3,80.0,5.1306,0.0533021055161953,2.684530258178711,0.5254034996032715,23.636198043823242,38.0,0
21.258,3,80.0,5.224,0.04958624392747879,2.820162534713745,0.5519487857818604,23.636198043823242,38.0,0
21.263,3,80.0,5.3009,0.04474390298128128,3.4061856269836426,0.666642427444458,23.61825180053711,38.0,0
21.268,3,80.0,5.3778,0.043329667299985886,4.075403690338135,0.7422448396682739,23.61825180053711,38.0,0
21.272,3,80.0,5.4657,0.049978941679000854,3.5883824825286865,0.7023011445999146,23.600303649902344,38.0,0
21.277,3,80.0,5.5646,0.05419658124446869,3.405341625213623,0.6664772629737854,23.636198043823242,38.0,0
21.283,3,80.0,5.6635,0.050298985093832016,2.8819661140441895,0.564044713973999,23.636198043823242,38.0,0
21.287,3,80.0,5.7349,0.04545225575566292,4.139812469482422,0.7585184574127197,23.636198043823242,38.0,0
21.293,3,80.0,5.8228,0.045213084667921066,4.2230544090271,0.8265160918235779,23.636198043823242,38.0,0
21.298,3,80.0,5.9052,0.04690880700945854,3.423311948776245,0.6699943542480469,23.61825180053711,38.0,0
21.303,3,80.0,6.004,0.05223553627729416,2.8444020748138428,0.5566928386688232,23.61825180053711,38.0,0
21.308,3,80.0,6.1029,0.05650078132748604,2.678678035736084,0.5242581367492676,23.636198043823242,38.0,0
21.313,3,80.0,6.2018,0.052373938262462616,2.964015007019043,0.5801029205322266,23.636198043823242,38.0,0
21.318,3,80.0,6.2732,0.04501873999834061,3.3273324966430664,0.6512097120285034,23.636198043823242,38.0,0
21.323,3,80.0,6.3556,0.045689523220062256,4.073417663574219,0.7972299456596375,23.636198043823242,38.0,0
21.328,3,80.0,6.4545,0.05205536633729935,3.160916328430176,0.6186395287513733,23.61825180053711,38.0,0
21.333,3,80.0,6.5588,0.056665629148483276,2.3766510486602783,0.46514683961868286,23.61825180053711,38.0,0
21.338,3,80.0,6.6632,0.0570957250893116,2.178159713745117,0.4262990653514862,23.61825180053711,38.0,0
21.343,3,80.0,6.7511,0.049666136503219604,3.2187275886535645,0.6299540400505066,23.61825180053711,38.0,0
21.348,3,80.0,6.8225,0.04342051222920418,4.048802852630615,0.7924124598503113,23.61825180053711,38.0,0
21.353,3,80.0,6.9049,0.04543980583548546,3.802637815475464,0.7442342042922974,23.61825180053711,38.0,0
21.358,3,80.0,6.9983,0.05151158571243286,3.1509358882904053,0.6166861653327942,23.61825180053711,38.0,0
21.363,3,80.0,7.1027,0.05366910248994827,2.68705415725708,0.5258974432945251,23.636198043823242,38.0,0
21.368,3,80.0,7.1741,0.04732652008533478,3.0746853351593018,0.6017627716064453,23.636198043823242,38.0,0
21.373,3,80.0,7.251,0.042783524841070175,4.52630615234375,0.8858671188354492,23.61825180053711,38.0,0
21.377,3,80.0,7.3224,0.041807159781455994,5.404569625854492,1.0577566623687744,23.636198043823242,38.0,0
21.383,3,80.0,7.4103,0.04349823296070099,5.8108391761779785,1.1372698545455933,23.600303649902344,38.0,0
21.388,3,80.0,7.4927,0.04608859494328499,5.299304962158203,1.0371547937393188,23.61825180053711,38.0,0
21.393,3,80.0,7.5806,0.049736011773347855,4.744905471801758,0.9286502599716187,23.61825180053711,38.0,0
21.398,3,80.0,7.6685,0.048803526908159256,5.339112281799316,1.0449457168579102,23.61825180053711,38.0,0
21.403,3,80.0,7.7509,0.04435836523771286,5.225654125213623,1.022740125656128,23.61825180053711,38.0,0
21.408,3,80.0,7.8278,0.04556424170732498,5.082549095153809,0.9947323799133301,23.61825180053711,38.0,0
21.413,3,80.0,7.9102,0.04543188586831093,5.467835903167725,1.0701388120651245,23.61825180053711,38.0,0
21.418,3,80.0,7.9926,0.046328820288181305,5.195859432220459,1.016908884048462,23.600303649902344,38.0,0
21.423,3,80.0,8.0914,0.05343782156705856,4.915017604827881,0.9619438648223877,23.61825180053711,38.0,0
21.428,3,80.0,8.1903,0.051228899508714676,6.654662132263184,1.302418828010559,23.61825180053711,38.0,0
21.433,3,80.0,8.2617,0.04118373245000839,7.623484134674072,1.4920320510864258,23.636198043823242,38.0,0
21.438,3,80.0,8.3221,0.03921328857541084,6.233614921569824,1.2200134992599487,23.61825180053711,38.0,0
21.443,3,80.0,8.399,0.04206228256225586,7.408071517944336,1.4498724937438965,23.61825180053711,38.0,0
21.448,3,80.0,8.4979,0.04897545278072357,5.503110408782959,1.077042579650879,23.600303649902344,38.0,0
21.453,3,80.0,8.5968,0.056104645133018494,5.747987270355225,1.1249687671661377,23.636198043823242,38.0,0
21.458,3,80.0,8.7012,0.055578265339136124,6.03288459777832,1.180727481842041,23.636198043823242,38.0,0
21.463,3,80.0,8.7726,0.045258428901433945,7.4876389503479,1.4654450416564941,23.636198043823242,38.0,0
21.468,3,80.0,8.844,0.04091005399823189,7.172646999359131,1.4037964344024658,23.61825180053711,38.0,0
21.473,3,80.0,8.9319,0.04624851420521736,7.121045112609863,1.3936971426010132,23.61825180053711,38.0,0
21.478,3,80.0,9.0253,0.05385615676641464,4.998200416564941,0.9782240390777588,23.61825180053711,38.0,0
21.483,3,80.0,9.1516,0.06482291221618652,3.1641323566436768,0.6192689538002014,23.636198043823242,38.0,0
21.488,3,80.0,9.267,0.06215381622314453,5.093071460723877,0.9967917799949646,23.636198043823242,38.0,0
21.493,3,80.0,9.3494,0.05082526057958603,4.310483932495117,0.843627393245697,23.636198043823242,38.0,0
21.498,3,80.0,9.4263,0.04601872339844704,5.836472988128662,1.142286777496338,23.61825180053711,38.0,0
21.503,3,80.0,9.5197,0.05082415044307709,5.076508045196533,0.9935499429702759,23.61825180053711,38.0,0
21.508,3,80.0,9.6295,0.05804981663823128,3.581784963607788,0.7010099291801453,23.61825180053711,38.0,0
21.513,3,80.0,9.7394,0.06151843070983887,2.8817944526672363,0.5640110969543457,23.61825180053711,38.0,0
21.518,3,80.0,9.8383,0.05541415140032768,3.1403188705444336,0.6146082878112793,23.636198043823242,38.0,0
21.523,3,80.0,9.9207,0.047901444137096405,5.233031749725342,1.0241841077804565,23.61825180053711,38.0,0
21.527,3,80.0,10.0085,0.051527559757232666,3.561248302459717,0.6969906091690063,23.61825180053711,38.0,0
21.533,3,80.0,10.1349,0.061284467577934265,0.9925664663314819,0.1942603886127472,23.636198043823242,38.0,0
21.538,3,80.0,10.2448,0.06251029670238495,1.908693790435791,0.37356048822402954,23.636198043823242,38.0,0
21.543,3,80.0,10.3381,0.05707962438464165,2.469893217086792,0.4833957552909851,23.636198043823242,38.0,0
21.548,3,80.0,10.426,0.04839830845594406,3.016972064971924,0.5904674530029297,23.636198043823242,38.0,0
21.553,3,80.0,10.5139,0.04977203160524368,2.715014696121216,0.5313697457313538,23.61825180053711,38.0,0
21.558,3,80.0,10.6238,0.05734540894627571,1.414538860321045,0.27684682607650757,23.636198043823242,38.0,0
21.563,3,80.0,10.7281,0.05796968936920166,1.7027610540390015,0.3332563042640686,23.61825180053711,38.0,0
21.568,3,80.0,10.816,0.05065525323152542,2.213064670562744,0.43313050270080566,23.61825180053711,38.0,0
21.573,3,80.0,10.8984,0.04640445113182068,3.0909066200256348,0.6049375534057617,23.61825180053711,38.0,0
21.578,3,80.0,10.9753,0.046460580080747604,2.606673240661621,0.5101656913757324,23.636198043823242,38.0,0
21.583,3,80.0,11.0687,0.04957323893904686,2.392021656036377,0.4681550860404968,23.61825180053711,38.0,0
21.588,3,80.0,11.1621,0.05189897492527962,1.2553737163543701,0.24569575488567352,23.636198043823242,38.0,0
21.593,3,80.0,11.261,0.0533110611140728,2.6166915893554688,0.5121264457702637,23.61825180053711,38.0,0
21.598,3,80.0,11.3544,0.051442842930555344,2.8784048557281494,0.5633476972579956,23.61825180053711,38.0,0
21.603,3,80.0,11.4368,0.047176726162433624,3.0721659660339355,0.6012697219848633,23.636198043823242,38.0,0
21.608,3,80.0,11.5192,0.04613100364804268,3.2747604846954346,0.6409205198287964,23.636198043823242,38.0,0
21.613,3,80.0,11.6016,0.048114173114299774,2.891172170639038,0.5658464431762695,23.61825180053711,38.0,0
21.618,3,80.0,11.7004,0.052513256669044495,2.6665585041046143,0.5218861699104309,23.636198043823242,38.0,0
21.623,3,80.0,11.7938,0.053057391196489334,2.4374005794525146,0.4770364761352539,23.636198043823242,38.0,0
21.628,3,80.0,11.8872,0.04904378205537796,3.4848380088806152,0.6820359230041504,23.61825180053711,38.0,0
21.633,3,80.0,11.9586,0.04358445852994919,3.6778786182403564,0.7564190626144409,23.61825180053711,38.0,0
21.638,3,80.0,12.0355,0.04218098893761635,4.514862537384033,0.8836274147033691,23.61825180053711,38.0,0
21.643,3,80.0,12.1179,0.04691656306385994,3.5978755950927734,0.704159140586853,23.600303649902344,38.0,0
21.648,3,80.0,12.2168,0.05253224074840546,3.2562341690063477,0.6372946500778198,23.61825180053711,38.0,0
21.653,3,80.0,12.3157,0.05255059525370598,2.6168324947357178,0.5121539831161499,23.61825180053711,38.0,0
21.658,3,80.0,12.4091,0.05040545016527176,2.820122241973877,0.55194091796875,23.636198043823242,38.0,0
21.663,3,80.0,12.486,0.047229185700416565,3.092391014099121,0.605228066444397,23.61825180053711,38.0,0
21.668,3,80.0,12.5629,0.0438510961830616,4.636839866638184,0.9075002074241638,23.636198043823242,38.0,0
21.673,3,80.0,12.6508,0.04826423153281212,3.7838897705078125,0.7405649423599243,23.636198043823242,38.0,0
21.678,3,80.0,12.7496,0.05319819226861,2.8562915325164795,0.5590198040008545,23.636198043823242,38.0,0
21.683,3,80.0,12.8485,0.05379528924822807,2.7849669456481934,0.5450605154037476,23.636198043823242,38.0,0
21.688,3,80.0,12.9309,0.048403847962617874,3.2502315044403076,0.6361199021339417,23.636198043823242,38.0,0
21.693,3,80.0,13.0078,0.04358654096722603,4.6123223304748535,0.8618916273117065,23.636198043823242,38.0,0
21.698,3,80.0,13.0902,0.04521534964442253,4.007261276245117,0.7842820882797241,23.61825180053711,38.0,0
21.703,3,80.0,13.1891,0.051996614784002304,4.724637985229492,0.924683690071106,23.600303649902344,38.0,0
21.708,3,80.0,13.288,0.055171336978673935,2.8866865634918213,0.5649685859680176,23.61825180053711,38.0,0
21.713,3,80.0,13.3813,0.05315236374735832,3.712385892868042,0.7265704870223999,23.61825180053711,38.0,0
21.718,3,80.0,13.4637,0.0465368814766407,4.673003196716309,0.9145779013633728,23.636198043823242,38.0,0
21.723,3,80.0,13.5406,0.0456492081284523,3.8711178302764893,0.7576367855072021,23.636198043823242,38.0,0
21.728,3,80.0,13.634,0.04965908080339432,3.0117650032043457,0.5894483327865601,23.636198043823242,38.0,0
21.733,3,80.0,13.7329,0.05389244481921196,2.880916118621826,0.5638391971588135,23.61825180053711,38.0,0
21.737,3,80.0,13.8263,0.054306890815496445,2.5847902297973633,0.5058828592300415,23.636198043823242,38.0,0
21.743,3,80.0,13.9252,0.05233369767665863,2.884519100189209,0.5645443797111511,23.636198043823242,38.0,0
21.748,3,80.0,14.0076,0.04841142147779465,3.5500011444091797,0.6947893500328064,23.636198043823242,38.0,0
21.753,3,80.0,14.0955,0.04837781935930252,3.370418071746826,0.659642219543457,23.61825180053711,38.0,0
21.758,3,80.0,14.1888,0.05176141485571861,3.3273112773895264,0.6512055397033691,23.636198043823242,38.0,0
21.763,3,80.0,14.2822,0.05148790776729584,4.091772556304932,0.8008222579956055,23.654146194458008,38.0,0
21.768,3,80.0,14.3646,0.04624681919813156,4.976835250854492,0.9740425944328308,23.636198043823242,38.0,0
21.773,3,80.0,14.4415,0.04348210245370865,4.868160724639893,0.9527732133865356,23.61825180053711,38.0,0
21.778,3,80.0,14.5294,0.04762475937604904,4.451950550079346,0.8713146448135376,23.600303649902344,38.0,0
21.783,3,80.0,14.6118,0.046186938881874084,3.828118085861206,0.7492210865020752,23.61825180053711,38.0,0
21.788,3,80.0,14.6942,0.04615934193134308,5.457677364349365,1.0681506395339966,23.636198043823242,38.0,0
21.793,3,80.0,14.7766,0.04613620787858963,5.0307769775390625,0.9845997095108032,23.61825180053711,38.0,0
21.798,3,80.0,14.8425,0.039220768958330154,7.670614719390869,1.5012562274932861,23.636198043823242,38.0,0
21.803,3,80.0,14.8975,0.03194458782672882,7.829995632171631,1.53244948387146,23.636198043823242,38.0,0
21.808,3,80.0,14.9634,0.03594307228922844,7.723111629486084,1.5115307569503784,23.61825180053711,38.0,0
21.813,3,80.0,15.0513,0.047446440905332565,6.393266677856445,1.251259684562683,23.61825180053711,38.0,0
21.818,3,80.0,15.1501,0.051776595413684845,5.509210586547852,1.07823646068573,23.61825180053711,38.0,0
21.823,3,80.0,15.249,0.054635610431432724,4.273115634918213,0.8363138437271118,23.636198043823242,38.0,0
21.829,3,80.0,15.3534,0.053754910826683044,5.280381202697754,1.0334510803222656,23.636198043823242,38.0,0
21.833,3,80.0,15.4248,0.0437828004360199,7.605161666870117,1.4884461164474487,23.636198043823242,38.0,0
21.838,3,80.0,15.4797,0.035366807132959366,8.99785041809082,1.761016607284546,23.61825180053711,38.0,0
21.843,3,80.0,15.5566,0.042771704494953156,7.548776149749756,1.4774105548858643,23.636198043823242,38.0,0
21.848,3,80.0,15.6555,0.052592065185308456,5.780511379241943,1.1313341856002808,23.61825180053711,38.0,0
21.853,3,80.0,15.7654,0.06073785945773125,4.715065002441406,0.9228100776672363,23.636198043823242,38.0,0
21.858,3,80.0,15.8807,0.05857159569859505,6.986695289611816,1.3674027919769287,23.636198043823242,38.0,0
21.863,3,80.0,15.9467,0.04643454775214195,7.832261085510254,1.5328929424285889,23.636198043823242,38.0,0
21.868,3,80.0,16.0181,0.038934145122766495,8.829867362976074,1.6253126859664917,23.61825180053711,38.0,0
21.873,3,80.0,16.1005,0.04443325102329254,7.186374664306641,1.4064831733703613,23.636198043823242,38.0,0
21.878,3,80.0,16.1993,0.05264025554060936,6.068582534790039,1.1877140998840332,23.600303649902344,38.0,0
21.883,3,80.0,16.3202,0.06253635138273239,4.152720928192139,0.8127507567405701,23.600303649902344,38.0,0
21.888,3,80.0,16.4301,0.06256971508264542,2.7359373569488525,0.5354646444320679,23.636198043823242,38.0,0
21.893,3,80.0,16.5179,0.05394497141242027,5.077142715454102,0.9936742186546326,23.636198043823242,38.0,0
21.898,3,80.0,16.6058,0.04791229963302612,5.23192024230957,1.0239665508270264,23.654146194458008,38.0,0
21.902,3,80.0,16.6882,0.048882849514484406,5.368836402893066,1.0507631301879883,23.636198043823242,38.0,0
21.908,3,80.0,16.7981,0.055939026176929474,4.135623455047607,0.8094045519828796,23.61825180053711,38.0,0
21.913,3,80.0,16.908,0.06016732007265091,2.829713821411133,0.5538181066513062,23.636198043823242,38.0,0
21.918,3,80.0,17.0068,0.05493572726845741,3.6080915927886963,0.7061585187911987,23.636198043823242,38.0,0
21.923,3,80.0,17.0947,0.049929168075323105,4.760557174682617,0.9317135810852051,23.61825180053711,38.0,0
21.928,3,80.0,17.1881,0.05213344469666481,3.826859474182129,0.7489747405052185,23.61825180053711,38.0,0
21.933,3,80.0,17.2925,0.05879514664411545,2.4865334033966064,0.4866524636745453,23.636198043823242,38.0,0
21.938,3,80.0,17.4133,0.0630432739853859,1.9107580184936523,0.37396448850631714,23.636198043823242,38.0,0
21.943,3,80.0,17.5122,0.05873943492770195,1.7775678634643555,0.34789714217185974,23.636198043823242,38.0,0
21.948,3,80.0,17.6056,0.052203841507434845,3.0855872631073,0.60389643907547,23.636198043823242,38.0,0
21.953,3,80.0,17.699,0.052315376698970795,2.795671224594116,0.5471554398536682,23.636198043823242,38.0,0
21.958,3,80.0,17.8033,0.05785862356424332,2.2927494049072266,0.44872599840164185,23.61825180053711,38.0,0
21.963,3,80.0,17.9132,0.057495445013046265,1.4253175258636475,0.2789563536643982,23.61825180053711,38.0,0
21.968,3,80.0,17.9956,0.050547078251838684,2.6393842697143555,0.5165677070617676,23.61825180053711,38.0,0
21.973,3,80.0,18.078,0.047274354845285416,3.333552122116089,0.6524269580841064,23.61825180053711,38.0,0
21.978,3,80.0,18.1714,0.05005454272031784,1.9400715827941895,0.3797015845775604,23.636198043823242,38.0,0
21.983,3,80.0,18.2648,0.050956472754478455,2.3405606746673584,0.4580833911895752,23.636198043823242,38.0,0
21.988,3,80.0,18.3527,0.05312470346689224,2.260817050933838,0.442476361989975,23.61825180053711,38.0,0
21.993,3,80.0,18.4625,0.05523061007261276,1.8847843408584595,0.3688810467720032,23.636198043823242,38.0,0
21.998,3,80.0,18.5449,0.0490407757461071,2.507960319519043,0.49084603786468506,23.636198043823242,38.0,0
22.003,3,80.0,18.6163,0.04180419445037842,3.8290538787841797,0.7494041919708252,23.636198043823242,38.0,0
22.008,3,80.0,18.6932,0.044663961976766586,3.6619198322296143,0.7166935205459595,23.61825180053711,38.0,0
22.013,3,80.0,18.7921,0.05186382681131363,2.3494391441345215,0.45982104539871216,23.61825180053711,38.0,0
22.018,3,80.0,18.891,0.05436139926314354,2.7443182468414307,0.5371049046516418,23.61825180053711,38.0,0
22.023,3,80.0,18.9899,0.054415956139564514,3.1437225341796875,0.6152744293212891,23.636198043823242,38.0,0
22.028,3,80.0,19.0778,0.04950449988245964,3.3204615116119385,0.6498649716377258,23.636198043823242,38.0,0
22.033,3,80.0,19.1492,0.04209676757454872,4.237582683563232,0.8293595314025879,23.636198043823242,38.0,0
22.038,3,80.0,19.2151,0.03879949077963829,5.570194244384766,1.0901719331741333,23.61825180053711,38.0,0
22.043,3,80.0,19.2975,0.04440835863351822,4.404714107513428,0.8620697259902954,23.600303649902344,38.0,0
22.048,3,80.0,19.3964,0.05262424424290657,3.43845534324646,0.6729580760002136,23.61825180053711,38.0,0
22.053,3,80.0,19.5007,0.0556875616312027,1.6716195344924927,0.32716143131256104,23.636198043823242,38.0,0
22.058,3,80.0,19.5941,0.050868596881628036,3.4407503604888916,0.6734073162078857,23.636198043823242,38.0,0
22.063,3,80.0,19.671,0.04520897939801216,3.230820655822754,0.6323208808898926,23.654146194458008,38.0,0
22.068,3,80.0,19.7424,0.043638017028570175,4.13647985458374,0.8095721006393433,23.636198043823242,38.0,0
22.073,3,80.0,19.8303,0.0483829565346241,4.0549635887146,0.7936182022094727,23.636198043823242,38.0,0
22.078,3,80.0,19.9347,0.05446641147136688,2.379685640335083,0.46574074029922485,23.636198043823242,38.0,0
22.083,3,80.0,20.0336,0.05616841837763786,2.340325355529785,0.4580373466014862,23.654146194458008,38.0,0
22.088,3,80.0,20.127,0.049824610352516174,3.0418643951416016,0.5953392386436462,23.636198043823242,38.0,0
22.093,3,80.0,20.1984,0.04363426938652992,4.530770778656006,0.8867409229278564,23.636198043823242,38.0,0
22.098,3,80.0,20.2753,0.043153051286935806,4.506206512451172,0.881933331489563,23.61825180053711,38.0,0
22.104,3,80.0,20.3796,0.0505097322165966,3.371669292449951,0.6598870754241943,23.61825180053711,38.0,0
22.108,3,80.0,20.4675,0.05405627191066742,2.903093099594116,0.748971700668335,23.636198043823242,38.0,0
22.113,3,80.0,20.5664,0.05496317148208618,2.617908239364624,0.5123645663261414,23.636198043823242,38.0,0
22.118,3,80.0,20.6488,0.0486677885055542,3.675262689590454,0.7193049192428589,23.636198043823242,38.0,0
22.123,3,80.0,20.7312,0.045702408999204636,3.9571034908294678,0.7744655013084412,23.636198043823242,38.0,0
22.128,3,80.0,20.8191,0.048715896904468536,3.8560192584991455,0.7546817660331726,23.61825180053711,38.0,0
22.133,3,80.0,20.929,0.055756762623786926,2.5095622539520264,0.4911596179008484,23.61825180053711,38.0,0
22.138,3,80.0,21.0278,0.05607164278626442,1.9152458906173706,0.3748428225517273,23.636198043823242,38.0,0
22.143,3,80.0,21.1157,0.049651194363832474,3.5442724227905273,0.6936681270599365,23.61825180053711,38.0,0
22.148,3,80.0,21.2036,0.04681204631924629,3.689603090286255,0.7221115827560425,23.636198043823242,38.0,0
22.153,3,80.0,21.286,0.048257406800985336,3.427138566970825,0.6707432270050049,23.61825180053711,38.0,0
22.158,3,80.0,21.3849,0.05317380651831627,2.880852460861206,0.5638267397880554,23.61825180053711,38.0,0
22.163,3,80.0,21.4783,0.05314258486032486,3.0984299182891846,0.6064099669456482,23.636198043823242,38.0,0
22.168,3,80.0,21.5552,0.04608270525932312,4.836709022521973,0.9831930994987488,23.636198043823242,38.0,0
22.173,3,80.0,21.6266,0.04091176390647888,5.464410781860352,1.0694684982299805,23.636198043823242,38.0,0
22.178,3,80.0,21.7035,0.0445481576025486,4.645175933837891,0.9091317057609558,23.61825180053711,38.0,0
22.183,3,80.0,21.7969,0.04837217554450035,4.311070919036865,0.843742311000824,23.600303649902344,38.0,0
22.188,3,80.0,21.8903,0.051312677562236786,3.0580430030822754,0.5985056161880493,23.61825180053711,38.0,0
22.193,3,80.0,21.9891,0.05322074145078659,3.3195149898529053,0.6496796607971191,23.636198043823242,38.0,0
22.198,3,80.0,22.066,0.04637938737869263,5.404394149780273,1.0577223300933838,23.61825180053711,38.0,0
22.203,3,80.0,22.121,0.033055756241083145,7.999195098876953,1.565564513206482,23.61825180053711,38.0,0
22.208,3,80.0,22.1704,0.0315370187163353,8.174066543579102,1.5997893810272217,23.600303649902344,38.0,0
22.213,3,80.0,22.2473,0.040317729115486145,6.785529136657715,1.3280315399169922,23.61825180053711,38.0,0
22.218,3,80.0,22.3407,0.047555163502693176,6.329130172729492,1.2387073040008545,23.61825180053711,38.0,0
22.223,3,80.0,22.4451,0.05769379436969757,5.23180627822876,1.0239442586898804,23.636198043823242,38.0,0
22.228,3,80.0,22.5549,0.0593058206140995,3.5385966300964355,0.6925572752952576,23.636198043823242,38.0,0
22.233,3,80.0,22.6263,0.043702829629182816,5.996338367462158,1.1735748052597046,23.636198043823242,38.0,0
22.238,3,80.0,22.6758,0.03015202283859253,8.984034538269043,1.7583125829696655,23.600303649902344,38.0,0
22.243,3,80.0,22.7417,0.03659126162528992,8.81219482421875,1.7246809005737305,23.61825180053711,38.0,0
22.248,3,80.0,22.8296,0.04730643704533577,7.449789524078369,1.4580373764038086,23.600303649902344,38.0,0
22.253,3,80.0,22.9395,0.05727189779281616,4.926408290863037,0.9641732573509216,23.61825180053711,38.0,0
22.258,3,80.0,23.0548,0.0625629872083664,5.954652309417725,1.1654162406921387,23.636198043823242,38.0,0
22.263,3,80.0,23.1482,0.053463831543922424,6.405212879180908,1.2535977363586426,23.636198043823242,38.0,0
22.268,3,80.0,23.2141,0.040172312408685684,7.838758945465088,1.5341646671295166,23.600303649902344,38.0,0
22.273,3,80.0,23.291,0.04248379170894623,8.12569808959961,1.5903229713439941,23.61825180053711,38.0,0
22.278,3,80.0,23.3789,0.04823560267686844,6.174073219299316,1.2083603143692017,23.636198043823242,38.0,0
22.283,3,80.0,23.4888,0.058598846197128296,6.515990257263184,1.2752786874771118,23.61825180053711,38.0,0
22.288,3,80.0,23.6041,0.06185879558324814,3.802248477935791,0.7441579699516296,23.636198043823242,38.0,0
22.293,3,80.0,23.6975,0.053485531359910965,6.060428619384766,1.186118245124817,23.61825180053711,38.0,0
22.298,3,80.0,23.7799,0.04843854904174805,6.341070652008057,1.2410441637039185,23.636198043823242,38.0,0
22.303,3,80.0,23.8733,0.05095111206173897,5.748534679412842,1.1250758171081543,23.61825180053711,38.0,0
22.308,3,80.0,23.9777,0.056584835052490234,3.8240115642547607,0.7484173774719238,23.636198043823242,38.0,0
22.313,3,80.0,24.093,0.06282017379999161,2.308283805847168,0.45176631212234497,23.61825180053711,38.0,0
22.318,3,80.0,24.1974,0.059738125652074814,3.087886333465576,0.6043463945388794,23.654146194458008,38.0,0
22.323,3,80.0,24.2798,0.049531612545251846,4.991397857666016,0.9768927097320557,23.61825180053711,38.0,0
22.328,3,80.0,24.3677,0.04928699508309364,4.759777069091797,0.9315609335899353,23.636198043823242,38.0,0
22.333,3,80.0,24.472,0.0573689341545105,2.3331985473632812,0.4566425085067749,23.61825180053711,38.0,0
22.338,3,80.0,24.5984,0.06451570242643356,0.7920188903808594,0.29973262548446655,23.636198043823242,38.0,0
22.343,3,80.0,24.7028,0.05977235734462738,2.1867947578430176,0.42798906564712524,23.636198043823242,38.0,0
22.348,3,80.0,24.7906,0.05158776789903641,2.84187912940979,0.5561990737915039,23.636198043823242,38.0,0
22.353,3,80.0,24.8785,0.050040245056152344,3.3658671379089355,0.6587515473365784,23.636198043823242,38.0,0
22.358,3,80.0,24.9829,0.05757412314414978,1.012536644935608,0.19816887378692627,23.61825180053711,38.0,0
22.363,3,80.0,25.0983,0.06271684169769287,1.8138858079910278,0.35500508546829224,23.636198043823242,38.0,0
22.368,3,80.0,25.1917,0.05317097157239914,2.3924107551574707,0.46823129057884216,23.636198043823242,38.0,0
22.373,3,80.0,25.2686,0.04479328542947769,3.7620038986206055,0.7362815141677856,23.636198043823242,38.0,0
22.378,3,80.0,25.3455,0.04618769511580467,3.4206531047821045,0.6694740056991577,23.61825180053711,38.0,0
22.383,3,80.0,25.4443,0.05083499476313591,2.903470993041992,0.5682535171508789,23.636198043823242,38.0,0
22.388,3,80.0,25.5432,0.05449749529361725,2.6583633422851562,0.5202822685241699,23.636198043823242,38.0,0
22.393,3,80.0,25.6476,0.055911317467689514,1.8662363290786743,0.36525091528892517,23.636198043823242,38.0,0
22.398,3,80.0,25.7355,0.051381487399339676,2.1592509746551514,0.42259836196899414,23.636198043823242,38.0,0
22.403,3,80.0,25.8179,0.044468868523836136,4.15972900390625,0.8141223788261414,23.636198043823242,38.0,0
22.408,3,80.0,25.8893,0.04262974485754967,4.302206993103027,0.8420075178146362,23.61825180053711,38.0,0
22.413,3,80.0,25.9772,0.04706554487347603,2.928189277648926,0.5730912685394287,23.61825180053711,38.0,0
22.418,3,80.0,26.0706,0.052738260477781296,1.936089277267456,0.37892216444015503,23.636198043823242,38.0,0
22.423,3,80.0,26.1749,0.05658414587378502,1.6460375785827637,0.3221546411514282,23.636198043823242,38.0,0
22.428,3,80.0,26.2738,0.052468664944171906,1.5278106927871704,0.2990158498287201,23.636198043823242,38.0,0
22.433,3,80.0,26.3452,0.042383044958114624,3.983351707458496,0.7796026468276978,23.61825180053711,38.0,0
22.438,3,80.0,26.4111,0.03862457349896431,5.131744384765625,1.0043606758117676,23.636198043823242,38.0,0
22.443,3,80.0,26.4825,0.04196419194340706,4.1407694816589355,0.8104116916656494,23.636198043823242,38.0,0
22.448,3,80.0,26.5759,0.04889729246497154,3.7720820903778076,0.7382540106773376,23.636198043823242,38.0,0
22.453,3,80.0,26.6748,0.05375780537724495,3.429886817932129,0.671281099319458,23.636198043823242,38.0,0
22.458,3,80.0,26.7737,0.05283315107226372,3.641542434692383,0.7127053737640381,23.636198043823242,38.0,0
22.463,3,80.0,26.8561,0.046020254492759705,4.599815368652344,0.90025395154953,23.61825180053711,38.0,0
22.468,3,80.0,26.9165,0.03892594948410988,6.111693859100342,1.196151614189148,23.636198043823242,38.0,0
22.473,3,80.0,26.9879,0.040511902421712875,5.139825344085693,1.0059422254562378,23.61825180053711,38.0,0
22.478,3,80.0,27.0868,0.05304630100727081,-1.8910735845565796,-0.37011194229125977,23.636198043823242,38.0,0
22.483,3,80.0,27.2076,0.061681877821683884,1.9206407070159912,0.37589865922927856,23.61825180053711,38.0,0
22.488,3,80.0,27.3065,0.055922482162714005,3.1150920391082764,0.6096709966659546,23.636198043823242,38.0,0
22.493,3,80.0,27.3779,0.04488802328705788,4.0497260093688965,0.7925931215286255,23.654146194458008,38.0,0
22.498,3,80.0,27.4548,0.04146978631615639,4.4034199714660645,0.86181640625,23.61825180053711,38.0,0
22.503,3,80.0,27.5427,0.04825722053647041,4.626884460449219,0.9055518507957458,23.61825180053711,38.0,0
22.508,3,80.0,27.6471,0.05619997903704643,2.8387999534606934,0.5555964112281799,23.636198043823242,38.0,0
22.513,3,80.0,27.746,0.055618517100811005,2.7528469562530518,0.5387741327285767,23.61825180053711,38.0,0
22.518,3,80.0,27.8339,0.048284485936164856,1.0884085893630981,0.21301814913749695,23.636198043823242,38.0,0
22.523,3,80.0,27.9053,0.04265217110514641,5.736814022064209,1.1227819919586182,23.636198043823242,38.0,0
22.528,3,80.0,27.9877,0.045702990144491196,4.554741859436035,0.8914324045181274,23.61825180053711,38.0,0
22.533,3,80.0,28.0865,0.05249948054552078,3.643106698989868,0.7130115032196045,23.61825180053711,38.0,0
22.538,3,80.0,28.1854,0.055923834443092346,2.4356141090393066,0.47668683528900146,23.636198043823242,38.0,0
22.543,3,80.0,28.2843,0.053461041301488876,3.865731954574585,0.7565826773643494,23.654146194458008,38.0,0
22.548,3,80.0,28.3667,0.047130875289440155,3.9713587760925293,0.7772554755210876,23.61825180053711,38.0,0
22.553,3,80.0,28.4381,0.043269332498311996,5.081415176391602,0.9945104122161865,23.61825180053711,38.0,0
22.558,3,80.0,28.526,0.048231031745672226,4.150941371917725,0.8124024868011475,23.61825180053711,38.0,0
22.563,3,80.0,28.6359,0.05870756134390831,2.0856547355651855,0.4081944227218628,23.636198043823242,38.0,0
22.568,3,80.0,28.7512,0.06118571013212204,2.059995651245117,0.4031725525856018,23.636198043823242,38.0,0
22.573,3,80.0,28.8281,0.0472261905670166,3.776991844177246,0.7392148375511169,23.636198043823242,38.0,0
22.578,3,80.0,28.894,0.038727808743715286,5.96591854095459,1.1676212549209595,23.636198043823242,38.0,0
22.583,3,80.0,28.9655,0.04090828448534012,5.745423316955566,1.124466896057129,23.61825180053711,38.0,0
22.588,3,80.0,29.0533,0.04826343059539795,4.760272026062012,0.9316577911376953,23.61825180053711,38.0,0
22.593,3,80.0,29.1577,0.05551585555076599,2.1954545974731445,0.4296839237213135,23.636198043823242,38.0,0
22.598,3,80.0,29.2621,0.055084045976400375,2.983705520629883,0.5839566588401794,23.61825180053711,38.0,0
22.603,3,80.0,29.3335,0.04330747574567795,5.082127094268799,0.9946497678756714,23.636198043823242,38.0,0
22.608,3,80.0,29.3939,0.036824148148298264,7.214009761810303,1.4118916988372803,23.61825180053711,38.0,0
22.613,3,80.0,29.4653,0.0375683419406414,7.128527641296387,1.3951616287231445,23.636198043823242,38.0,0
22.618,3,80.0,29.5367,0.04091697931289673,6.853833198547363,1.3413996696472168,23.61825180053711,38.0,0
22.623,3,80.0,29.6246,0.04726826399564743,6.916980266571045,1.3537585735321045,23.61825180053711,38.0,0
22.628,3,80.0,29.729,0.05459316447377205,4.495981216430664,0.8799321055412292,23.61825180053711,38.0,0
22.633,3,80.0,29.8114,0.04740855470299721,6.924712657928467,1.355271816253662,23.636198043823242,38.0,0
22.638,3,80.0,29.8663,0.033553991466760635,8.373367309570312,1.6387956142425537,23.61825180053711,38.0,0
22.643,3,80.0,29.9213,0.03272722288966179,9.269479751586914,1.814178466796875,23.600303649902344,38.0,0
22.648,3,80.0,29.9927,0.039739932864904404,9.3580322265625,1.8315094709396362,23.636198043823242,38.0,0
22.653,3,80.0,30.0916,0.05018574744462967,6.184711456298828,1.210442304611206,23.61825180053711,38.0,0
22.658,3,80.0,30.2069,0.06054805964231491,5.770135879516602,1.1293035745620728,23.636198043823242,38.0,0
22.663,3,80.0,30.3058,0.055262405425310135,6.452272891998291,1.2628082036972046,23.636198043823242,38.0,0
22.668,3,80.0,30.3717,0.04149434342980385,8.10063648223877,1.5854179859161377,23.61825180053711,38.0,0
22.673,3,80.0,30.4431,0.04042651131749153,8.820296287536621,1.7262663841247559,23.61825180053711,38.0,0
22.678,3,80.0,30.531,0.04666713625192642,8.067079544067383,1.578850507736206,23.600303649902344,38.0,0
22.683,3,80.0,30.6409,0.05604584887623787,6.054935455322266,1.1850430965423584,23.61825180053711,38.0,0
22.688,3,80.0,30.7562,0.06373244524002075,4.583924293518066,0.8971438407897949,23.61825180053711,38.0,0
22.693,3,80.0,30.8606,0.05673883482813835,6.066518306732178,1.1873100996017456,23.654146194458008,38.0,0
22.698,3,80.0,30.932,0.04603615030646324,7.639729976654053,1.4952116012573242,23.600303649902344,38.0,0
22.703,3,80.0,31.0199,0.048933304846286774,6.584975719451904,1.2887802124023438,23.61825180053711,38.0,0
22.708,3,80.0,31.1188,0.05492067709565163,4.873165130615234,0.9537526965141296,23.600303649902344,38.0,0
22.713,3,80.0,31.2506,0.06564879417419434,3.111189126968384,0.608907163143158,23.600303649902344,38.0,0
22.718,3,80.0,31.366,0.06607938557863235,2.503598928451538,0.48999249935150146,23.636198043823242,38.0,0
22.723,3,80.0,31.4539,0.05441105365753174,4.787922382354736,0.9370693564414978,23.636198043823242,38.0,0
22.728,3,80.0,31.5363,0.049221694469451904,4.367831707000732,0.854851245880127,23.61825180053711,38.0,0
22.733,3,80.0,31.6461,0.055670540779829025,3.829162836074829,0.7494255900382996,23.61825180053711,38.0,0
22.738,3,80.0,31.756,0.06263016909360886,2.014942169189453,0.3943549394607544,23.61825180053711,38.0,0
22.743,3,80.0,31.8768,0.06324391067028046,1.9103007316589355,0.3738749623298645,23.61825180053711,38.0,0
22.748,3,80.0,31.9647,0.053225185722112656,3.2222375869750977,0.6306410431861877,23.636198043823242,38.0,0
22.753,3,80.0,32.0471,0.04847661778330803,4.0233473777771,0.7874304056167603,23.654146194458008,38.0,0
22.758,3,80.0,32.146,0.054093144834041595,2.8477394580841064,0.5573460459709167,23.636198043823242,38.0,0
22.763,3,80.0,32.2614,0.06124560162425041,1.2712876796722412,0.24881039559841156,23.636198043823242,38.0,0
22.768,3,80.0,32.3712,0.05988369882106781,1.357245683670044,0.2656336724758148,23.61825180053711,38.0,0
22.773,3,80.0,32.4591,0.05124586075544357,2.6121878623962402,0.5112450122833252,23.636198043823242,38.0,0
22.778,3,80.0,32.5415,0.04695544019341469,3.123436689376831,0.6113041639328003,23.636198043823242,38.0,0
22.783,3,80.0,32.6239,0.04717184975743294,2.9239370822906494,0.5722590684890747,23.636198043823242,38.0,0
22.788,3,80.0,32.7173,0.05265682563185692,1.7873380184173584,0.34980928897857666,23.61825180053711,38.0,0
22.793,3,80.0,32.8271,0.058331988751888275,1.2117431163787842,0.23715659976005554,23.61825180053711,38.0,0
22.798,3,80.0,32.9315,0.055681146681308746,2.1713602542877197,0.42496833205223083,23.61825180053711,38.0,0
22.803,3,80.0,33.0029,0.04554954543709755,3.056617021560669,0.5982265472412109,23.600303649902344,38.0,0
22.808,3,80.0,33.0853,0.04420820251107216,3.0892417430877686,0.6046116948127747,23.636198043823242,38.0,0
22.813,3,80.0,33.1677,0.04692737013101578,3.565943956375122,0.6979095935821533,23.61825180053711,38.0,0
22.818,3,80.0,33.2611,0.050099391490221024,2.717816114425659,0.5319180488586426,23.61825180053711,38.0,0
22.823,3,80.0,33.36,0.0535086989402771,1.8025511503219604,0.35278674960136414,23.636198043823242,38.0,0
22.828,3,80.0,33.4589,0.05359195917844772,2.2059638500213623,0.43174073100090027,23.61825180053711,38.0,0
22.833,3,80.0,33.5413,0.046539414674043655,3.1642906665802,0.6192999482154846,23.636198043823242,38.0,0
22.838,3,80.0,33.6017,0.03915494680404663,4.564450740814209,0.8933326005935669,23.61825180053711,38.0,0
22.842,3,80.0,33.6676,0.03949860855937004,4.517718315124512,0.8841863870620728,23.61825180053711,38.0,0
22.848,3,80.0,33.7665,0.04926151782274246,3.477813959121704,0.6806612014770508,23.636198043823242,38.0,0
22.853,3,80.0,33.8654,0.05220816656947136,3.2552714347839355,0.6371062994003296,23.636198043823242,38.0,0
22.858,3,80.0,33.9587,0.05154399201273918,3.5650808811187744,0.6977406740188599,23.636198043823242,38.0,0
22.863,3,80.0,34.0356,0.04573718085885048,4.741640567779541,0.928011417388916,23.61825180053711,38.0,0
22.868,3,80.0,34.1071,0.039942704141139984,5.9170427322387695,1.1580554246902466,23.61825180053711,38.0,0
22.873,3,80.0,34.173,0.03935074806213379,5.4578471183776855,1.0681838989257812,23.61825180053711,38.0,0
22.878,3,80.0,34.2609,0.048472609370946884,6.585926532745361,1.2889662981033325,23.61825180053711,38.0,0
22.883,3,80.0,34.3707,0.0578342005610466,2.8906469345092773,0.5657436847686768,23.61825180053711,38.0,0
22.888,3,80.0,34.4806,0.05689259245991707,3.0541586875915527,0.597745418548584,23.654146194458008,38.0,0
22.893,3,80.0,34.5575,0.04835375025868416,4.367196559906006,0.8547269105911255,23.636198043823242,38.0,0
22.898,3,80.0,34.6289,0.04412883147597313,5.277050495147705,1.032799243927002,23.636198043823242,38.0,0
22.903,3,80.0,34.7223,0.04700322821736336,3.971679449081421,0.7773182392120361,23.600303649902344,38.0,0
22.908,3,80.0,34.8212,0.054415106773376465,5.121234893798828,1.0023037195205688,23.61825180053711,38.0,0
22.913,3,80.0,34.931,0.059486616402864456,2.377204418182373,0.46525514125823975,23.654146194458008,38.0,0
22.918,3,80.0,35.0244,0.05194434896111488,2.61765193939209,0.5123143792152405,23.61825180053711,38.0,0
22.923,3,80.0,35.0903,0.04159354045987129,5.240078449249268,1.0255632400512695,23.61825180053711,38.0,0
22.928,3,80.0,35.1672,0.042765792459249496,5.121006488800049,1.0022590160369873,23.600303649902344,38.0,0
22.933,3,80.0,35.2606,0.05053407698869705,3.8343987464904785,0.7504503130912781,23.61825180053711,38.0,0
22.938,3,80.0,35.365,0.056102026253938675,2.6851394176483154,0.5255227088928223,23.636198043823242,38.0,0
22.943,3,80.0,35.4639,0.054186608642339706,2.846788167953491,0.5571598410606384,23.636198043823242,38.0,0
22.948,3,80.0,35.5463,0.048556454479694366,4.56590461730957,0.8936171531677246,23.61825180053711,38.0,0
22.953,3,80.0,35.6232,0.04368901252746582,4.75045108795166,0.9297356605529785,23.636198043823242,38.0,0
22.958,3,80.0,35.7056,0.04525170102715492,5.244129657745361,1.0263561010360718,23.61825180053711,38.0,0
22.962,3,80.0,35.7935,0.0519663542509079,3.824152708053589,0.7484450340270996,23.636198043823242,38.0,0
22.968,3,80.0,35.9143,0.057920344173908234,2.8910112380981445,0.5658149719238281,23.636198043823242,38.0,0
22.973,3,80.0,36.0077,0.05529141426086426,3.153316020965576,0.6171519756317139,23.636198043823242,38.0,0
22.978,3,80.0,36.0901,0.0485491082072258,3.8654792308807373,0.7565332651138306,23.636198043823242,38.0,0
22.983,3,80.0,36.1725,0.04532492905855179,4.672290325164795,0.9144384264945984,23.636198043823242,38.0,0
22.988,3,80.0,36.2494,0.04514508321881294,4.611694812774658,0.9025789499282837,23.600303649902344,38.0,0
22.993,3,80.0,36.3428,0.050068601965904236,5.299742698669434,1.0372405052185059,23.636198043823242,38.0,0
22.998,3,80.0,36.4362,0.05071747675538063,4.520577907562256,0.8847460150718689,23.636198043823242,38.0,0
23.003,3,80.0,36.5186,0.04561546817421913,4.841663837432861,0.9475874304771423,23.636198043823242,38.0,0
23.008,3,80.0,36.59,0.04289531707763672,5.479304790496826,1.0723835229873657,23.636198043823242,38.0,0
23.013,3,80.0,36.6724,0.044078897684812546,5.9385905265808105,1.1622726917266846,23.600303649902344,38.0,0
23.018,3,80.0,36.7493,0.04495585709810257,5.228499889373779,1.0232971906661987,23.600303649902344,38.0,0
23.023,3,80.0,36.8372,0.04654007777571678,6.130503177642822,1.1998329162597656,23.61825180053711,38.0,0
23.028,3,80.0,36.9196,0.04675690084695816,5.846981525421143,1.144343376159668,23.61825180053711,38.0,0
23.033,3,80.0,36.9855,0.038422275334596634,7.0778279304504395,1.3852388858795166,23.636198043823242,38.0,0
23.038,3,80.0,37.0459,0.03505754470825195,8.000978469848633,1.5659135580062866,23.61825180053711,38.0,0
23.043,3,80.0,37.1118,0.038537606596946716,8.320749282836914,1.6284973621368408,23.61825180053711,38.0,0
23.048,3,80.0,37.2052,0.0443243645131588,7.595499515533447,1.4865550994873047,23.61825180053711,38.0,0
23.053,3,80.0,37.2931,0.050284866243600845,6.425971508026123,1.2576606273651123,23.636198043823242,38.0,0
23.058,3,80.0,37.3975,0.057695649564266205,5.836300849914551,1.142253041267395,23.636198043823242,38.0,0
23.063,3,80.0,37.4908,0.04922877252101898,6.445544242858887,1.503796935081482,23.636198043823242,38.0,0
23.068,3,80.0,37.5513,0.038632504642009735,9.013557434082031,1.7640905380249023,23.61825180053711,38.0,0
23.073,3,80.0,37.6227,0.040837157517671585,8.408003807067871,1.6455745697021484,23.61825180053711,38.0,0
23.078,3,80.0,37.7161,0.048822369426488876,7.554661273956299,1.478562355041504,23.61825180053711,38.0,0
23.083,3,80.0,37.8204,0.05662846565246582,5.373523235321045,1.0516804456710815,23.61825180053711,38.0,0
23.088,3,80.0,37.9413,0.0631549283862114,4.657754421234131,0.9115935564041138,23.61825180053711,38.0,0
23.093,3,80.0,38.0402,0.05648447573184967,5.014668941497803,0.981447160243988,23.654146194458008,38.0,0
23.098,3,80.0,38.1116,0.04439253360033035,7.500367641448975,1.4679362773895264,23.636198043823242,38.0,0
23.103,3,80.0,38.194,0.04735282436013222,7.0733747482299805,1.3843672275543213,23.61825180053711,38.0,0
23.108,3,80.0,38.2983,0.05569911003112793,5.485663414001465,1.0736279487609863,23.61825180053711,38.0,0
23.113,3,80.0,38.4247,0.06474928557872772,3.083092451095581,0.6034082174301147,23.636198043823242,38.0,0
23.118,3,80.0,38.5455,0.06796974688768387,2.0306198596954346,0.39742326736450195,23.636198043823242,38.0,0
23.123,3,80.0,38.6444,0.0572446770966053,4.0106425285339355,0.7849438190460205,23.636198043823242,38.0,0
23.128,3,80.0,38.7268,0.04790733754634857,5.246258735656738,1.0267727375030518,23.61825180053711,38.0,0
23.133,3,80.0,38.8202,0.05195845663547516,5.37965726852417,1.052880883216858,23.61825180053711,38.0,0
23.138,3,80.0,38.941,0.06241627037525177,2.4720253944396973,0.4838130474090576,23.636198043823242,38.0,0
23.143,3,80.0,39.0564,0.06409833580255508,1.8506388664245605,0.36219823360443115,23.636198043823242,38.0,0
23.147,3,80.0,39.1498,0.05605483800172806,3.7621564865112305,0.7363113760948181,23.61825180053711,38.0,0
23.153,3,80.0,39.2377,0.048045314848423004,4.466983318328857,0.8742567300796509,23.636198043823242,38.0,0
23.158,3,80.0,39.3256,0.05097958818078041,4.310736656188965,0.8436768054962158,23.61825180053711,38.0,0
23.163,3,80.0,39.4409,0.060206927359104156,2.205179452896118,0.43158721923828125,23.636198043823242,38.0,0
23.168,3,80.0,39.5453,0.060583509504795074,1.2984167337417603,0.2541199326515198,23.636198043823242,38.0,0
23.173,3,80.0,39.6497,0.0558331236243248,2.324860095977783,0.4550105333328247,23.636198043823242,38.0,0
23.178,3,80.0,39.7321,0.05005990341305733,2.467461585998535,0.4829198718070984,23.636198043823242,38.0,0
23.183,3,80.0,39.8199,0.04810769855976105,2.7442941665649414,0.5371001958847046,23.636198043823242,38.0,0
23.188,3,80.0,39.9133,0.05088915675878525,2.1323559284210205,0.33209359645843506,23.61825180053711,38.0,0
23.193,3,80.0,40.0122,0.05529246851801872,1.8451511859893799,0.3611242175102234,23.61825180053711,38.0,0
23.198,3,80.0,40.1111,0.054991789162158966,2.374840497970581,0.46479249000549316,23.636198043823242,38.0,0
23.203,3,80.0,40.199,0.048666637390851974,2.847334623336792,0.5572667717933655,23.636198043823242,38.0,0
23.208,3,80.0,40.2759,0.04555656760931015,2.886979579925537,0.5650259256362915,23.636198043823242,38.0,0
23.213,3,80.0,40.3638,0.04807775840163231,2.6105997562408447,0.5109341740608215,23.61825180053711,38.0,0
23.218,3,80.0,40.4572,0.052220284938812256,1.7909815311431885,0.35052239894866943,23.61825180053711,38.0,0
23.223,3,80.0,40.5615,0.055014483630657196,2.167558193206787,0.42422419786453247,23.636198043823242,38.0,0
23.228,3,80.0,40.6549,0.05215844511985779,2.499387741088867,0.48916828632354736,23.61825180053711,38.0,0
23.233,3,80.0,40.7263,0.044017624109983444,3.2354512214660645,0.6332271099090576,23.61825180053711,38.0,0
23.238,3,80.0,40.7977,0.03930750861763954,3.7876393795013428,0.7412987947463989,23.636198043823242,38.0,0
23.243,3,80.0,40.8636,0.039540618658065796,5.20968770980835,1.0196152925491333,23.600303649902344,38.0,0
23.248,3,80.0,40.9515,0.045969266444444656,4.5131144523620605,0.8832852840423584,23.61825180053711,38.0,0
23.253,3,80.0,41.0504,0.052008118480443954,3.266528606414795,0.6393094658851624,23.61825180053711,38.0,0
23.258,3,80.0,41.1383,0.04984036833047867,4.344979763031006,0.8503787517547607,23.61825180053711,38.0,0
23.263,3,80.0,41.2152,0.04482235014438629,5.153201103210449,1.008560061454773,23.636198043823242,38.0,0
23.268,3,80.0,41.2866,0.03997071087360382,5.9723687171936035,1.1688835620880127,23.61825180053711,38.0,0
23.273,3,80.0,41.3525,0.03754330426454544,6.585086345672607,1.2888017892837524,23.61825180053711,38.0,0
23.278,3,80.0,41.4404,0.04657934978604317,4.241498947143555,0.8301259875297546,23.61825180053711,38.0,0
23.283,3,80.0,41.5503,0.05797852203249931,2.9026105403900146,0.5680851340293884,23.636198043823242,38.0,0
23.288,3,80.0,41.6547,0.057866618037223816,2.9316582679748535,0.5737702250480652,23.61825180053711,38.0,0
23.293,3,80.0,41.7426,0.049926578998565674,3.9199419021606445,0.7671923637390137,23.636198043823242,38.0,0
23.298,3,80.0,41.814,0.04380437359213829,5.405506610870361,1.0579400062561035,23.636198043823242,38.0,0
23.303,3,80.0,41.9019,0.047419238835573196,4.646755695343018,0.9094409346580505,23.61825180053711,38.0,0
23.308,3,80.0,42.0117,0.05729256942868233,2.919992685317993,0.5714870691299438,23.61825180053711,38.0,0
23.313,3,80.0,42.1216,0.06096509471535683,2.4531667232513428,0.4801221489906311,23.636198043823242,38.0,0
23.318,3,80.0,42.215,0.051436033099889755,4.333574295043945,0.8481465578079224,23.636198043823242,38.0,0
23.323,3,80.0,42.2809,0.040982022881507874,5.570342540740967,1.0902009010314941,23.61825180053711,38.0,0
23.328,3,80.0,42.3468,0.04037720710039139,5.64818811416626,1.1054365634918213,23.61825180053711,38.0,0
23.333,3,80.0,42.4402,0.047902464866638184,3.8589541912078857,0.7552561163902283,23.636198043823242,38.0,0
23.338,3,80.0,42.5446,0.05598195269703865,3.51246976852417,0.6874438524246216,23.636198043823242,38.0,0
23.343,3,80.0,42.6544,0.058365773409605026,3.3197224140167236,0.649720311164856,23.61825180053711,38.0,0
23.348,3,80.0,42.7368,0.04983721300959587,4.467958450317383,0.8744475841522217,23.61825180053711,38.0,0
23.353,3,80.0,42.8082,0.0410904698073864,5.8055033683776855,1.1362255811691284,23.636198043823242,38.0,0
23.358,3,80.0,42.8796,0.04170335829257965,5.398294925689697,1.0565285682678223,23.600303649902344,38.0,0
23.363,3,80.0,42.9785,0.05068366974592209,4.613637447357178,0.9029592275619507,23.61825180053711,38.0,0
23.368,3,80.0,43.0829,0.05725348740816116,2.9449245929718018,0.576366662979126,23.636198043823242,38.0,0
23.373,3,80.0,43.1818,0.05362088605761528,3.5732944011688232,0.6993481516838074,23.636198043823242,38.0,0
23.378,3,80.0,43.2642,0.04818474501371384,4.754405975341797,0.9305098056793213,23.654146194458008,38.0,0
23.383,3,80.0,43.3521,0.048761527985334396,4.038282871246338,0.790353536605835,23.61825180053711,38.0,0
23.388,3,80.0,43.4454,0.05114266276359558,4.256134033203125,0.8329903483390808,23.600303649902344,38.0,0
23.393,3,80.0,43.5388,0.0522896945476532,3.566408634185791,0.6980005502700806,23.61825180053711,38.0,0
23.398,3,80.0,43.6322,0.050855185836553574,4.849743843078613,0.9491688013076782,23.61825180053711,38.0,0
23.403,3,80.0,43.6981,0.04145247861742973,5.322515964508057,1.0416975021362305,23.636198043823242,38.0,0
23.408,3,80.0,43.7585,0.03510696068406105,6.854666709899902,1.3415627479553223,23.636198043823242,38.0,0
23.413,3,80.0,43.8409,0.043650705367326736,5.564670085906982,1.0890908241271973,23.636198043823242,38.0,0
23.418,3,80.0,43.9343,0.04956093803048134,5.214240550994873,1.0205063819885254,23.61825180053711,38.0,0
23.423,3,80.0,44.0332,0.05369765684008598,4.673356056213379,0.9146469831466675,23.61825180053711,38.0,0
23.428,3,80.0,44.1321,0.05387032777070999,4.724861145019531,0.9247273802757263,23.61825180053711,38.0,0
23.433,3,80.0,44.2035,0.04173407331109047,8.108429908752441,1.5869433879852295,23.61825180053711,38.0,0
23.438,3,80.0,44.2419,0.02690069191157818,11.075531005859375,2.1676502227783203,23.61825180053711,38.0,0
23.443,3,80.0,44.2914,0.02952392026782036,9.492685317993164,1.857863187789917,23.600303649902344,38.0,0
23.448,3,80.0,44.3738,0.041076794266700745,8.896632194519043,1.741206407546997,23.61825180053711,38.0,0
23.453,3,80.0,44.4672,0.05075748637318611,7.649348735809326,1.4970941543579102,23.61825180053711,38.0,0
23.458,3,80.0,44.577,0.05911710485816002,5.551555633544922,1.0865241289138794,23.61825180053711,38.0,0
23.463,3,80.0,44.6759,0.05278816446661949,6.755712509155273,1.3221960067749023,23.636198043823242,38.0,0
23.468,3,80.0,44.7308,0.03673183172941208,10.530941009521484,2.061065673828125,23.61825180053711,38.0,0
23.473,3,80.0,44.7913,0.036096785217523575,9.607993125915527,1.8804306983947754,23.636198043823242,38.0,0
23.478,3,80.0,44.8737,0.044321298599243164,9.300986289978027,1.8203449249267578,23.61825180053711,38.0,0
23.483,3,80.0,44.978,0.05258621647953987,7.36991548538208,1.4424047470092773,23.61825180053711,38.0,0
23.488,3,80.0,45.1044,0.06457526236772537,5.472986698150635,1.0711469650268555,23.636198043823242,38.0,0
23.493,3,80.0,45.2087,0.0627884790301323,4.990808010101318,0.976777195930481,23.654146194458008,38.0,0
23.498,3,80.0,45.2856,0.046483855694532394,8.623937606811523,1.6878360509872437,23.636198043823242,38.0,0
23.503,3,80.0,45.3571,0.04127422720193863,9.127459526062012,1.786383032798767,23.61825180053711,38.0,0
23.508,3,80.0,45.4559,0.05224943533539772,7.12951135635376,1.3953540325164795,23.636198043823242,38.0,0
23.513,3,80.0,45.5713,0.06242051348090172,4.518479347229004,0.8843352794647217,23.61825180053711,38.0,0
23.518,3,80.0,45.7031,0.06939306855201721,3.147939920425415,0.6160998344421387,23.636198043823242,38.0,0
23.523,3,80.0,45.813,0.06233188137412071,4.055640697479248,0.7937507629394531,23.636198043823242,38.0,0
23.528,3,80.0,45.9009,0.05321105197072029,5.4465532302856445,1.0659735202789307,23.636198043823242,38.0,0
23.533,3,80.0,45.9998,0.054003722965717316,4.931915283203125,0.9652509689331055,23.636198043823242,38.0,0
23.538,3,80.0,46.1151,0.06134992837905884,3.3086531162261963,0.6475538611412048,23.61825180053711,38.0,0
23.543,3,80.0,46.2305,0.0648866817355156,1.6769057512283325,0.3281960189342499,23.636198043823242,38.0,0
23.548,3,80.0,46.3348,0.05669992417097092,3.46990704536438,0.6791137456893921,23.636198043823242,38.0,0
23.553,3,80.0,46.4172,0.04741120710968971,4.267621994018555,0.8352386355400085,23.654146194458008,38.0,0
23.558,3,80.0,46.5051,0.05088815093040466,3.0411064624786377,0.5951908826828003,23.61825180053711,38.0,0
23.563,3,80.0,46.6205,0.061220355331897736,1.0609585046768188,0.20764575898647308,23.61825180053711,38.0,0
23.568,3,80.0,46.7358,0.061370883136987686,2.0360169410705566,0.3984795808792114,23.636198043823242,38.0,0
23.573,3,80.0,46.8237,0.053027912974357605,2.8931455612182617,0.5662326812744141,23.61825180053711,38.0,0
23.578,3,80.0,46.9061,0.04929008707404137,3.365952253341675,0.6587681770324707,23.636198043823242,38.0,0
23.583,3,80.0,46.9995,0.05158090963959694,2.06524920463562,0.4042007327079773,23.61825180053711,38.0,0
23.588,3,80.0,47.1039,0.054672904312610626,1.9285156726837158,0.377439945936203,23.636198043823242,38.0,0
23.593,3,80.0,47.2083,0.058045465499162674,0.7849741578102112,0.15363140404224396,23.636198043823242,38.0,0
23.598,3,80.0,47.3016,0.053897008299827576,2.421895980834961,0.4740019738674164,23.61825180053711,38.0,0
23.603,3,80.0,47.3785,0.044472187757492065,3.3677048683166504,0.6591112017631531,23.636198043823242,38.0,0
23.608,3,80.0,47.4554,0.043779850006103516,3.5035316944122314,0.6856945753097534,23.636198043823242,38.0,0
23.613,3,80.0,47.5488,0.04852374270558357,2.899616241455078,0.5674991011619568,23.61825180053711,38.0,0
23.618,3,80.0,47.6422,0.052531979978084564,2.6459672451019287,0.517676830291748,23.636198043823242,38.0,0
23.623,3,80.0,47.7411,0.05522432178258896,1.7640239000320435,0.3452463746070862,23.61825180053711,38.0,0
23.628,3,80.0,47.84,0.053651098161935806,1.9042537212371826,0.37269148230552673,23.636198043823242,38.0,0
23.633,3,80.0,47.9169,0.04507354646921158,3.585660934448242,0.7017685174942017,23.61825180053711,38.0,0
23.638,3,80.0,47.9773,0.03655966371297836,4.280802249908447,0.8378182649612427,23.61825180053711,38.0,0
23.643,3,80.0,48.0487,0.039295099675655365,5.239373207092285,1.0254251956939697,23.600303649902344,38.0,0
23.648,3,80.0,48.1421,0.04866635799407959,5.271096229553223,1.0316338539123535,23.600303649902344,38.0,0
23.653,3,80.0,48.252,0.056249041110277176,2.1266562938690186,0.4162190556526184,23.636198043823242,38.0,0
23.658,3,80.0,48.3453,0.053505152463912964,3.771693229675293,0.7381778955459595,23.636198043823242,38.0,0
23.663,3,80.0,48.4167,0.0434943363070488,4.525515079498291,0.8857123255729675,23.61825180053711,38.0,0
23.668,3,80.0,48.4772,0.03583097830414772,5.8062052726745605,1.136362910270691,23.61825180053711,38.0,0
23.673,3,80.0,48.5376,0.03533037006855011,6.212302207946777,1.2158422470092773,23.61825180053711,38.0,0
23.678,3,80.0,48.6255,0.04581158235669136,6.34546422958374,1.2419041395187378,23.61825180053711,38.0,0
23.683,3,80.0,48.7299,0.05709556117653847,3.0404412746429443,0.5950607061386108,23.61825180053711,38.0,0
23.688,3,80.0,48.8397,0.05734310671687126,5.5791544914245605,1.0919256210327148,23.61825180053711,38.0,0
23.693,3,80.0,48.9221,0.04874684289097786,5.143373012542725,1.0066365003585815,23.636198043823242,38.0,0
23.698,3,80.0,48.9935,0.04067065939307213,5.967100143432617,1.167852520942688,23.61825180053711,38.0,0
23.703,3,80.0,49.0704,0.04433657228946686,5.224001407623291,1.0224167108535767,23.61825180053711,38.0,0
23.708,3,80.0,49.1803,0.05709213763475418,4.665812969207764,0.9131706953048706,23.61825180053711,38.0,0
23.713,3,80.0,49.2957,0.06475205719470978,2.232395648956299,0.4369138479232788,23.61825180053711,38.0,0
23.718,3,80.0,49.4,0.055966250598430634,3.499682903289795,0.684941291809082,23.636198043823242,38.0,0
23.723,3,80.0,49.4659,0.042738351970911026,3.0162689685821533,0.5903298258781433,23.636198043823242,38.0,0
23.728,3,80.0,49.5319,0.03767894208431244,6.5164923667907715,1.2753769159317017,23.600303649902344,38.0,0
23.733,3,80.0,49.6143,0.04516685754060745,5.003161907196045,0.9791950583457947,23.61825180053711,38.0,0
23.738,3,80.0,49.7186,0.05564291402697563,2.6263427734375,0.5140153169631958,23.636198043823242,38.0,0
23.743,3,80.0,49.8285,0.05816017836332321,2.439120054244995,0.4773729741573334,23.636198043823242,38.0,0
23.748,3,80.0,49.9219,0.05160652846097946,4.869592189788818,0.9530534148216248,23.61825180053711,38.0,0
23.753,3,80.0,49.9933,0.04276907444000244,6.111295223236084,1.1960736513137817,23.61825180053711,38.0,0
23.758,3,80.0,50.0592,0.038869328796863556,6.209768295288086,1.215346336364746,23.600303649902344,38.0,0
23.763,3,80.0,50.1471,0.04707261547446251,4.401211738586426,0.8613842725753784,23.600303649902344,38.0,0
23.768,3,80.0,50.257,0.05926366150379181,2.760504961013794,0.5402728915214539,23.61825180053711,38.0,0
23.773,3,80.0,50.3613,0.05725850909948349,4.981395244598389,0.974934995174408,23.636198043823242,38.0,0
23.778,3,80.0,50.4382,0.044815871864557266,4.876745700836182,0.9544534087181091,23.61825180053711,38.0,0
23.783,3,80.0,50.5096,0.04231524467468262,5.612534523010254,1.0984585285186768,23.61825180053711,38.0,0
23.788,3,80.0,50.603,0.048343803733587265,5.029409408569336,0.9843320846557617,23.636198043823242,38.0,0
23.793,3,80.0,50.7074,0.057651761919260025,3.46305251121521,0.6777721643447876,23.61825180053711,38.0,0
23.798,3,80.0,50.8173,0.06149788573384285,2.954300880432129,0.5782017111778259,23.61825180053711,38.0,0
23.803,3,80.0,50.9106,0.050854604691267014,4.271594524383545,0.8360161781311035,23.636198043823242,38.0,0
23.808,3,80.0,50.9656,0.037172965705394745,6.838987827301025,1.3384941816329956,23.636198043823242,38.0,0
23.813,3,80.0,51.0315,0.03710360825061798,7.149272918701172,1.3992217779159546,23.61825180053711,38.0,0
23.818,3,80.0,51.1139,0.043761495500802994,5.373532772064209,1.0516822338104248,23.61825180053711,38.0,0
23.823,3,80.0,51.2073,0.05372713506221771,4.137838363647461,0.809838056564331,23.61825180053711,38.0,0
23.828,3,80.0,51.3336,0.06187862157821655,2.8772571086883545,0.5631230473518372,23.636198043823242,38.0,0
23.833,3,80.0,51.427,0.05242528021335602,4.771242141723633,0.9338047504425049,23.636198043823242,38.0,0
23.838,3,80.0,51.4764,0.03282729536294937,8.199361801147461,1.604740023612976,23.600303649902344,38.0,0
23.843,3,80.0,51.5259,0.03086763061583042,9.604862213134766,1.8798179626464844,23.61825180053711,38.0,0
23.848,3,80.0,51.5918,0.0352151058614254,8.910463333129883,1.7439134120941162,23.61825180053711,38.0,0
23.853,3,80.0,51.6742,0.04413802549242973,7.213983058929443,1.41188645362854,23.636198043823242,38.0,0
23.858,3,80.0,51.7786,0.05530764162540436,5.976747512817383,1.1697406768798828,23.61825180053711,38.0,0
23.863,3,80.0,51.8829,0.05329306423664093,5.987224578857422,1.1717910766601562,23.636198043823242,38.0,0
23.868,3,80.0,51.9379,0.03683900833129883,9.596209526062012,1.8781245946884155,23.61825180053711,38.0,0
23.873,3,80.0,51.9928,0.03316508233547211,11.376391410827637,2.2265331745147705,23.600303649902344,38.0,0
23.878,3,80.0,52.0697,0.04199568182229996,8.41257381439209,1.6464688777923584,23.61825180053711,38.0,0
23.883,3,80.0,52.1631,0.04908154904842377,8.01446533203125,1.5685529708862305,23.61825180053711,38.0,0
23.888,3,80.0,52.2784,0.0609787255525589,6.3558831214904785,1.243943214416504,23.636198043823242,38.0,0
23.893,3,80.0,52.3993,0.06581825762987137,5.850184917449951,1.144970417022705,23.61825180053711,38.0,0
23.898,3,80.0,52.4872,0.05350213497877121,7.0018181800842285,1.3703625202178955,23.636198043823242,38.0,0
23.903,3,80.0,52.5641,0.044055402278900146,8.316426277160645,1.6276514530181885,23.636198043823242,38.0,0
23.908,3,80.0,52.652,0.04848875105381012,7.3933868408203125,1.4469984769821167,23.61825180053711,38.0,0
23.913,3,80.0,52.7618,0.05880332365632057,5.720808506011963,1.1196494102478027,23.636198043823242,38.0,0
23.918,3,80.0,52.8937,0.06880839914083481,2.761718273162842,0.540510356426239,23.636198043823242,38.0,0
23.923,3,80.0,53.0035,0.06323104351758957,3.831575393676758,0.7498977184295654,23.636198043823242,38.0,0
23.928,3,80.0,53.0969,0.053041212260723114,5.9530792236328125,1.1651084423065186,23.636198043823242,38.0,0
23.933,3,80.0,53.1903,0.05344472452998161,4.416228771209717,0.8643233180046082,23.61825180053711,38.0,0
23.938,3,80.0,53.3057,0.0622372031211853,1.7108790874481201,0.3348451256752014,23.636198043823242,38.0,0
23.943,3,80.0,53.4265,0.0670495480298996,1.3735237121582031,0.26881951093673706,23.636198043823242,38.0,0
23.948,3,80.0,53.5309,0.05815097689628601,2.729748487472534,0.5342533588409424,23.61825180053711,38.0,0
23.953,3,80.0,53.6133,0.04816175252199173,4.397030353546143,0.8605658411979675,23.654146194458008,38.0,0
23.958,3,80.0,53.6957,0.048735395073890686,3.9594154357910156,0.7749179601669312,23.636198043823242,38.0,0
23.963,3,80.0,53.8055,0.057843178510665894,2.1495249271392822,0.4206947982311249,23.61825180053711,38.0,0
23.968,3,80.0,53.9154,0.05953272059559822,2.141090154647827,0.41904395818710327,23.61825180053711,38.0,0
23.973,3,80.0,54.0033,0.0522652231156826,3.33585262298584,0.6528772115707397,23.636198043823242,38.0,0
23.978,3,80.0,54.0857,0.04763716459274292,3.808734893798828,0.7454274892807007,23.61825180053711,38.0,0
23.983,3,80.0,54.1736,0.047895606607198715,3.8363773822784424,0.7508375644683838,23.636198043823242,38.0,0
23.988,3,80.0,54.267,0.051567211747169495,2.9536871910095215,0.5780816078186035,23.61825180053711,38.0,0
23.993,3,80.0,54.3768,0.05884725600481033,0.9384744763374329,0.18367376923561096,23.61825180053711,38.0,0
23.998,3,80.0,54.4922,0.060947224497795105,1.0595612525939941,0.23639917373657227,23.61825180053711,38.0,0
24.003,3,80.0,54.5746,0.05029958486557007,2.041308641433716,0.39951521158218384,23.600303649902344,38.0,0
24.008,3,80.0,54.646,0.04056079313158989,4.407947540283203,0.8627025485038757,23.61825180053711,38.0,0
24.013,3,80.0,54.7229,0.044015757739543915,3.8620848655700684,0.7558689117431641,23.61825180053711,38.0,0
24.018,3,80.0,54.8163,0.052550069987773895,2.290837526321411,0.44835183024406433,23.61825180053711,38.0,0
24.023,3,80.0,54.9261,0.05819571390748024,1.3849889039993286,0.2710634469985962,23.61825180053711,38.0,0
24.028,3,80.0,55.0305,0.05698934569954872,1.547651767730713,0.302899032831192,23.61825180053711,38.0,0
24.033,3,80.0,55.1074,0.04655687138438225,3.519721031188965,0.6888630390167236,23.636198043823242,38.0,0
24.038,3,80.0,55.1733,0.03685634210705757,5.202232360839844,1.0181561708450317,23.61825180053711,38.0,0
24.043,3,80.0,55.2393,0.03748226538300514,5.317159175872803,1.040649175643921,23.61825180053711,38.0,0
24.048,3,80.0,55.3217,0.0456966757774353,4.097793102264404,0.8020006418228149,23.61825180053711,38.0,0
24.053,3,80.0,55.4205,0.05429055914282799,3.330625295639038,0.6518540978431702,23.61825180053711,38.0,0
24.058,3,80.0,55.5249,0.055452559143304825,2.4536502361297607,0.48021674156188965,23.636198043823242,38.0,0
24.063,3,80.0,55.6073,0.04690863937139511,4.019759654998779,0.7867282629013062,23.636198043823242,38.0,0
24.068,3,80.0,55.6677,0.03738005831837654,5.745377063751221,1.124457836151123,23.61825180053711,38.0,0
24.073,3,80.0,55.7281,0.03464687615633011,7.3832831382751465,1.445021152496338,23.600303649902344,38.0,0
24.078,3,80.0,55.8051,0.04298604279756546,5.431978702545166,1.0631210803985596,23.61825180053711,38.0,0
24.083,3,80.0,55.9094,0.05451565235853195,3.50372314453125,0.6857320070266724,23.61825180053711,38.0,0
24.088,3,80.0,56.0193,0.05506756529211998,3.560976982116699,0.6969375014305115,23.636198043823242,38.0,0
24.093,3,80.0,56.0962,0.04857597127556801,4.53203010559082,0.8869873881340027,23.61825180053711,38.0,0
24.098,3,80.0,56.1731,0.04353757202625275,5.5463786125183105,1.0855108499526978,23.636198043823242,38.0,0
24.103,3,80.0,56.25,0.043358854949474335,6.181663513183594,1.209845781326294,23.61825180053711,38.0,0
24.108,3,80.0,56.3434,0.05219962075352669,4.029264450073242,0.7885884642601013,23.61825180053711,38.0,0
24.113,3,80.0,56.4642,0.0629349872469902,2.2365591526031494,0.4377287030220032,23.61825180053711,38.0,0
24.118,3,80.0,56.5796,0.06243668496608734,1.9056748151779175,0.3729696273803711,23.61825180053711,38.0,0
24.123,3,80.0,56.662,0.04874567314982414,3.435427665710449,0.6723656058311462,23.61825180053711,38.0,0
24.128,3,80.0,56.7224,0.0382382795214653,6.6622443199157715,1.3039027452468872,23.61825180053711,38.0,0
24.133,3,80.0,56.7938,0.04078568518161774,6.176584243774414,1.20885169506073,23.600303649902344,38.0,0
24.138,3,80.0,56.9037,0.05339109152555466,3.587188959121704,0.7020675539970398,23.636198043823242,38.0,0
24.143,3,80.0,56.9971,0.055495958775281906,4.228664875030518,0.8276141881942749,23.636198043823242,38.0,0
24.148,3,80.0,57.0905,0.050717271864414215,5.076765060424805,0.9936003088951111,23.636198043823242,38.0,0
24.153,3,80.0,57.1729,0.04661398008465767,5.150901794433594,1.0081100463867188,23.636198043823242,38.0,0
24.158,3,80.0,57.2443,0.04323896765708923,5.934154033660889,1.1614043712615967,23.61825180053711,38.0,0
24.163,3,80.0,57.3267,0.044846754521131516,5.596140384674072,1.0952500104904175,23.61825180053711,38.0,0
24.168,3,80.0,57.42,0.05160946771502495,3.5990889072418213,0.7043966054916382,23.636198043823242,38.0,0
24.173,3,80.0,57.5244,0.05542823299765587,3.9838428497314453,0.7796987891197205,23.636198043823242,38.0,0
24.178,3,80.0,57.6123,0.04957805946469307,5.356078147888184,1.0482661724090576,23.636198043823242,38.0,0
24.183,3,80.0,57.6892,0.045471835881471634,5.387523174285889,1.0544204711914062,23.61825180053711,38.0,0
24.188,3,80.0,57.7661,0.04163562133908272,6.130013942718506,1.1997371912002563,23.61825180053711,38.0,0
24.193,3,80.0,57.8485,0.04592011496424675,5.922003269195557,1.1590262651443481,23.600303649902344,38.0,0
24.198,3,80.0,57.9639,0.06069265678524971,2.766064167022705,0.5413609147071838,23.61825180053711,38.0,0
24.203,3,80.0,58.0847,0.06476687639951706,2.617889642715454,0.5123609304428101,23.61825180053711,38.0,0
24.208,3,80.0,58.1671,0.04946044459939003,4.35363245010376,0.8520722389221191,23.636198043823242,38.0,0
24.213,3,80.0,58.2275,0.03846271336078644,7.128293037414551,1.395115613937378,23.61825180053711,38.0,0
24.218,3,80.0,58.3099,0.043177712708711624,6.329817295074463,1.2388417720794678,23.61825180053711,38.0,0
24.223,3,80.0,58.4033,0.050017599016427994,5.21484375,1.0206243991851807,23.600303649902344,38.0,0
24.228,3,80.0,58.5022,0.05516711249947548,5.213527202606201,1.0203667879104614,23.61825180053711,38.0,0
24.233,3,80.0,58.5956,0.05344556272029877,6.899198055267334,1.3502782583236694,23.636198043823242,38.0,0
24.238,3,80.0,58.6725,0.04166971519589424,6.197822093963623,1.2130082845687866,23.61825180053711,38.0,0
24.243,3,80.0,58.7329,0.03675275668501854,8.3040189743042,1.625223159790039,23.61825180053711,38.0,0
24.248,3,80.0,58.8043,0.04017925262451172,7.350165367126465,1.4385393857955933,23.61825180053711,38.0,0
24.253,3,80.0,58.8867,0.0455586239695549,6.183148384094238,1.2101364135742188,23.61825180053711,38.0,0
24.258,3,80.0,58.9801,0.04974393919110298,6.497884750366211,1.2717350721359253,23.636198043823242,38.0,0
24.263,3,80.0,59.0625,0.046502236276865005,8.605033874511719,1.6841363906860352,23.61825180053711,38.0,0
24.268,3,80.0,59.1229,0.035867996513843536,9.134821891784668,1.787824034690857,23.61825180053711,38.0,0
24.273,3,80.0,59.1888,0.036725495010614395,10.682914733886719,2.0908093452453613,23.61825180053711,38.0,0
24.278,3,80.0,59.2657,0.04186961054801941,8.532785415649414,1.6699962615966797,23.600303649902344,38.0,0
24.283,3,80.0,59.3481,0.04656233638525009,8.225895881652832,1.6099331378936768,23.61825180053711,38.0,0
24.288,3,80.0,59.458,0.0555238239467144,5.747300148010254,1.1248342990875244,23.61825180053711,38.0,0
24.293,3,80.0,59.5679,0.058858685195446014,7.751919269561768,1.5171687602996826,23.654146194458008,38.0,0
24.298,3,80.0,59.6448,0.04714952036738396,7.909205436706543,1.5479521751403809,23.636198043823242,38.0,0
24.303,3,80.0,59.7162,0.04132828488945961,8.015657424926758,1.568786382675171,23.61825180053711,38.0,0
24.308,3,80.0,59.8041,0.04922877624630928,7.84855842590332,1.5360826253890991,23.61825180053711,38.0,0
24.313,3,80.0,59.9139,0.05806665122509003,5.295216083526611,1.0363545417785645,23.61825180053711,38.0,0
24.318,3,80.0,60.0348,0.06668844819068909,3.9157164096832275,0.7663654088973999,23.636198043823242,38.0,0
24.323,3,80.0,60.1611,0.068902887403965,2.7781736850738525,0.5437309741973877,23.636198043823242,38.0,0
24.328,3,80.0,60.26,0.05747591704130173,4.599845886230469,0.9002599120140076,23.636198043823242,38.0,0
24.333,3,80.0,60.3479,0.05202976241707802,4.8219404220581055,0.9437272548675537,23.61825180053711,38.0,0
24.338,3,80.0,60.4578,0.05794120952486992,3.853809356689453,0.7542492747306824,23.61825180053711,38.0,0
24.343,3,80.0,60.5841,0.06645496934652328,2.324845314025879,0.4550076723098755,23.636198043823242,38.0,0
24.348,3,80.0,60.694,0.06352223455905914,2.130640745162964,0.41699886322021484,23.636198043823242,38.0,0
24.353,3,80.0,60.7819,0.0515311099588871,3.7995829582214355,0.7436363101005554,23.636198043823242,38.0,0
24.358,3,80.0,60.8698,0.049377139657735825,3.8116307258605957,0.7459942102432251,23.61825180053711,38.0,0
24.363,3,80.0,60.9741,0.05692307651042938,2.058950424194336,0.40296798944473267,23.600303649902344,38.0,0
24.368,3,80.0,61.0895,0.0621999055147171,1.6175577640533447,0.31658071279525757,23.636198043823242,38.0,0
24.373,3,80.0,61.1884,0.0567292682826519,3.0408551692962646,0.5951417088508606,23.636198043823242,38.0,0
24.378,3,80.0,61.2762,0.05086924135684967,2.9025542736053467,0.568074107170105,23.61825180053711,38.0,0
24.383,3,80.0,61.3586,0.047969426959753036,2.8554773330688477,0.5588604211807251,23.636198043823242,38.0,0
24.388,3,80.0,61.4575,0.05015485733747482,3.0788373947143555,0.602575421333313,23.636198043823242,38.0,0
24.392,3,80.0,61.5454,0.054772160947322845,1.9309192895889282,0.3779103457927704,23.61825180053711,38.0,0
24.398,3,80.0,61.6663,0.059918615967035294,1.2355304956436157,0.24181215465068817,23.61825180053711,38.0,0
24.403,3,80.0,61.7651,0.0557401105761528,2.1770236492156982,0.426076740026474,23.61825180053711,38.0,0
24.408,3,80.0,61.8365,0.045299433171749115,3.729504346847534,0.7299208641052246,23.636198043823242,38.0,0
24.413,3,80.0,61.9135,0.04384620487689972,3.694904327392578,0.7042849063873291,23.636198043823242,38.0,0
24.418,3,80.0,62.0068,0.04928845912218094,3.2655889987945557,0.6391255855560303,23.61825180053711,38.0,0
24.423,3,80.0,62.1057,0.055403679609298706,1.4399864673614502,0.28182730078697205,23.636198043823242,38.0,0
24.428,3,80.0,62.2156,0.05726742744445801,2.6000607013702393,0.5088714957237244,23.61825180053711,38.0,0
24.433,3,80.0,62.298,0.049863602966070175,2.6357781887054443,0.515861988067627,23.636198043823242,38.0,0
24.438,3,80.0,62.3694,0.03993137925863266,4.7514967918396,0.9299403429031372,23.61825180053711,38.0,0
24.443,3,80.0,62.4298,0.03773718699812889,4.530896186828613,0.8867654800415039,23.61825180053711,38.0,0
24.448,3,80.0,62.5177,0.04724176228046417,3.4835920333862305,0.6817920207977295,23.61825180053711,38.0,0
24.453,3,80.0,62.6221,0.05429812893271446,2.6463921070098877,0.5179392695426941,23.654146194458008,38.0,0
24.458,3,80.0,62.71,0.05044173449277878,3.1093475818634033,0.6085467338562012,23.61825180053711,38.0,0
24.463,3,80.0,62.7869,0.043759893625974655,4.200020790100098,0.8220080733299255,23.636198043823242,38.0,0
24.468,3,80.0,62.8583,0.03962188959121704,5.941963195800781,1.1629327535629272,23.61825180053711,38.0,0
24.473,3,80.0,62.9187,0.035886555910110474,6.754330635070801,1.321925401687622,23.61825180053711,38.0,0
24.478,3,80.0,62.9956,0.041132040321826935,6.011165142059326,1.1764767169952393,23.61825180053711,38.0,0
24.483,3,80.0,63.0945,0.05334220454096794,5.085726261138916,0.9953541159629822,23.636198043823242,38.0,0
24.488,3,80.0,63.2043,0.05642460659146309,3.276216506958008,0.6412055492401123,23.61825180053711,38.0,0
24.493,3,80.0,63.2812,0.04659473896026611,5.566780090332031,1.0895037651062012,23.636198043823242,38.0,0
24.498,3,80.0,63.3472,0.038745298981666565,6.329804420471191,1.2388392686843872,23.61825180053711,38.0,0
24.503,3,80.0,63.4131,0.04012899473309517,7.247289180755615,1.4184050559997559,23.61825180053711,38.0,0
24.508,3,80.0,63.512,0.0512743704020977,4.689350128173828,0.9177772998809814,23.636198043823242,38.0,0
24.513,3,80.0,63.6273,0.059706952422857285,2.8359806537628174,0.5550446510314941,23.636198043823242,38.0,0
24.518,3,80.0,63.7427,0.06364944577217102,3.078429937362671,0.6024956703186035,23.636198043823242,38.0,0
24.523,3,80.0,63.8416,0.056287892162799835,3.2110788822174072,0.6788551211357117,23.636198043823242,38.0,0
24.528,3,80.0,63.913,0.044376105070114136,5.456843852996826,1.0679875612258911,23.61825180053711,38.0,0
24.533,3,80.0,63.9899,0.04222869873046875,5.481574535369873,1.072827696800232,23.61825180053711,38.0,0
24.537,3,80.0,64.0778,0.05015749856829643,4.517253398895264,0.8840953707695007,23.61825180053711,38.0,0
24.543,3,80.0,64.1876,0.054991528391838074,4.845126152038574,0.948265016078949,23.636198043823242,38.0,0
24.548,3,80.0,64.2755,0.050573427230119705,6.018353462219238,1.177883505821228,23.61825180053711,38.0,0
24.553,3,80.0,64.3524,0.04409359395503998,6.5886921882629395,1.289507508277893,23.636198043823242,38.0,0
24.558,3,80.0,64.4238,0.04257986322045326,5.940901279449463,1.1627249717712402,23.61825180053711,38.0,0
24.563,3,80.0,64.5062,0.04529743269085884,5.467138290405273,1.0700023174285889,23.600303649902344,38.0,0
24.568,3,80.0,64.6051,0.0526622049510479,4.413947105407715,0.8638767600059509,23.636198043823242,38.0,0
24.573,3,80.0,64.7095,0.05687451362609863,3.9518632888793945,0.773439884185791,23.61825180053711,38.0,0
24.578,3,80.0,64.7974,0.04843861982226372,4.5169219970703125,0.8840304613113403,23.636198043823242,38.0,0
24.583,3,80.0,64.8688,0.042884353548288345,6.080395221710205,1.190026044845581,23.61825180053711,38.0,0
24.588,3,80.0,64.9512,0.04518994688987732,6.170539379119873,1.1011977195739746,23.600303649902344,38.0,0
24.593,3,80.0,65.0336,0.04643738269805908,5.698464393615723,1.1152763366699219,23.61825180053711,38.0,0
24.598,3,80.0,65.1324,0.05282819643616676,5.082586765289307,0.9947397112846375,23.636198043823242,38.0,0
24.603,3,80.0,65.2368,0.05705936253070831,4.52569580078125,0.8857476711273193,23.636198043823242,38.0,0
24.608,3,80.0,65.3302,0.05340287461876869,3.9862911701202393,0.7801779508590698,23.636198043823242,38.0,0
24.613,3,80.0,65.4126,0.0465034581720829,5.644153594970703,1.104646921157837,23.654146194458008,38.0,0
24.62,3,80.0,65.5225,0.04535379633307457,5.901511192321777,1.1550157070159912,23.61825180053711,38.0,0
24.623,3,80.0,65.5774,0.049607910215854645,4.484128475189209,0.8776123523712158,23.61825180053711,38.0,0
24.63,3,80.0,65.7037,0.05669683218002319,5.123176097869873,1.0026836395263672,23.61825180053711,38.0,0
24.634,3,80.0,65.7861,0.0509299710392952,6.603229999542236,1.2923526763916016,23.636198043823242,38.0,0
24.638,3,80.0,65.8411,0.03775060176849365,7.177905559539795,1.4048255681991577,23.636198043823242,38.0,0
24.656,3,80.0,65.9564,0.04247497022151947,7.401143550872803,1.4485167264938354,23.600303649902344,38.0,0
24.659,3,80.0,66.1707,0.054517801851034164,5.930846691131592,1.160757064819336,23.636198043823242,38.0,0
24.66,3,80.0,66.2201,0.05268564447760582,6.178284645080566,1.2091845273971558,23.636198043823242,38.0,0
24.661,3,80.0,66.2421,0.05022573471069336,7.287703990936279,1.4263148307800293,23.636198043823242,38.0,0
24.662,3,80.0,66.2585,0.04634777829051018,6.658710479736328,1.3032110929489136,23.61825180053711,38.0,0
24.668,3,80.0,66.3135,0.030703725293278694,9.605477333068848,1.8799384832382202,23.61825180053711,38.0,0
24.673,3,80.0,66.3684,0.032522063702344894,11.056038856506348,2.163835287094116,23.636198043823242,38.0,0
24.678,3,80.0,66.4453,0.039789360016584396,9.275811195373535,1.8154176473617554,23.61825180053711,38.0,0
24.683,3,80.0,66.5332,0.04628584161400795,9.0015230178833,1.7617353200912476,23.61825180053711,38.0,0
24.688,3,80.0,66.6266,0.05222845450043678,7.613078594207764,1.4899954795837402,23.61825180053711,38.0,0
24.693,3,80.0,66.7365,0.05810841917991638,6.442131042480469,1.2608232498168945,23.61825180053711,38.0,0
24.698,3,80.0,66.8188,0.04740777239203453,9.745438575744629,1.907330870628357,23.654146194458008,38.0,0
24.703,3,80.0,66.8738,0.03677139803767204,10.455093383789062,2.0462212562561035,23.600303649902344,38.0,0
24.708,3,80.0,66.9562,0.0447130985558033,9.788182258605957,1.9156965017318726,23.61825180053711,38.0,0
24.713,3,80.0,67.0605,0.054614145308732986,7.149388790130615,1.3992443084716797,23.61825180053711,38.0,0
24.718,3,80.0,67.1814,0.06452690809965134,4.939810752868652,0.966796338558197,23.61825180053711,38.0,0
24.723,3,80.0,67.3132,0.0698825791478157,3.5867040157318115,0.7019726634025574,23.636198043823242,38.0,0
24.728,3,80.0,67.4231,0.062427837401628494,3.852907657623291,0.7540727853775024,23.636198043823242,38.0,0
24.733,3,80.0,67.5165,0.055197928100824356,5.698569297790527,1.1152969598770142,23.636198043823242,38.0,0
24.738,3,80.0,67.6263,0.059030722826719284,3.7728075981140137,0.7383959293365479,23.636198043823242,38.0,0
24.743,3,80.0,67.7527,0.06751267611980438,1.4168412685394287,0.36770790815353394,23.636198043823242,38.0,0
24.748,3,80.0,67.8735,0.06642156839370728,2.1720831394195557,0.4251098036766052,23.61825180053711,38.0,0
24.753,3,80.0,67.9669,0.0547386072576046,3.795569658279419,0.7428508996963501,23.636198043823242,38.0,0
24.758,3,80.0,68.0438,0.04807053506374359,4.982203483581543,0.9750931262969971,23.61825180053711,38.0,0
24.763,3,80.0,68.1482,0.05496099963784218,2.8634088039398193,0.5604127645492554,23.61825180053711,38.0,0
24.768,3,80.0,68.2635,0.0634039118885994,1.2009367942810059,0.23504161834716797,23.636198043823242,38.0,0
24.773,3,80.0,68.3734,0.05962267145514488,2.0685336589813232,0.4048435389995575,23.636198043823242,38.0,0
24.778,3,80.0,68.4558,0.05018940940499306,3.6982669830322266,0.7238072156906128,23.61825180053711,38.0,0
24.783,3,80.0,68.5382,0.04656677693128586,3.6772243976593018,0.719688892364502,23.61825180053711,38.0,0
24.788,3,80.0,68.6316,0.050231654196977615,3.401334524154663,0.6656930446624756,23.636198043823242,38.0,0
24.793,3,80.0,68.736,0.05599202588200569,2.5620429515838623,0.501430869102478,23.61825180053711,38.0,0
24.798,3,80.0,68.8403,0.059085648506879807,1.7751985788345337,0.3474334478378296,23.636198043823242,38.0,0
24.803,3,80.0,68.9392,0.05332668498158455,2.785141944885254,0.5450947284698486,23.636198043823242,38.0,0
24.808,3,80.0,69.0161,0.0474548414349556,3.2922987937927246,0.6443530321121216,23.61825180053711,38.0,0
24.813,3,80.0,69.0985,0.046107955276966095,3.3698155879974365,0.6595243215560913,23.61825180053711,38.0,0
24.818,3,80.0,69.1864,0.0490872748196125,2.966609477996826,0.5806106925010681,23.61825180053711,38.0,0
24.823,3,80.0,69.2963,0.056500863283872604,1.3718913793563843,0.26850005984306335,23.61825180053711,38.0,0
24.828,3,80.0,69.4006,0.05755545571446419,1.7138376235961914,0.33542415499687195,23.61825180053711,38.0,0
24.833,3,80.0,69.4885,0.05033791437745094,2.602715492248535,0.5093910694122314,23.636198043823242,38.0,0
24.838,3,80.0,69.5544,0.0400548130273819,4.575101375579834,0.8954170942306519,23.61825180053711,38.0,0
24.843,3,80.0,69.6149,0.03745869919657707,5.218512058258057,1.021342396736145,23.636198043823242,38.0,0
24.848,3,80.0,69.7028,0.04647104814648628,3.654273509979248,0.7151970267295837,23.61825180053711,38.0,0
24.853,3,80.0,69.8071,0.05460808798670769,2.6920509338378906,0.526875376701355,23.61825180053711,38.0,0
24.858,3,80.0,69.9115,0.05570095404982567,2.3918683528900146,0.4681250751018524,23.636198043823242,38.0,0
24.863,3,80.0,69.9884,0.04585430026054382,4.565744400024414,0.8935858011245728,23.636198043823242,38.0,0
24.868,3,80.0,70.0488,0.03679336607456207,6.1637396812438965,1.206337809562683,23.636198043823242,38.0,0
24.873,3,80.0,70.1093,0.034227922558784485,6.855347633361816,1.34169602394104,23.61825180053711,38.0,0
24.878,3,80.0,70.1807,0.039150260388851166,6.926395893096924,1.3556013107299805,23.61825180053711,38.0,0
24.883,3,80.0,70.2795,0.05193540081381798,3.9524269104003906,0.7735501527786255,23.600303649902344,38.0,0
24.888,3,80.0,70.3894,0.05715353786945343,3.2191519737243652,0.6300371289253235,23.61825180053711,38.0,0
24.892,3,80.0,70.4718,0.050413165241479874,4.803041458129883,0.9400284290313721,23.600303649902344,38.0,0
24.898,3,80.0,70.5432,0.040574606508016586,5.743278503417969,1.1240471601486206,23.636198043823242,38.0,0
24.903,3,80.0,70.6036,0.035837188363075256,7.866177082061768,1.5395307540893555,23.61825180053711,38.0,0
24.908,3,80.0,70.686,0.04283306002616882,7.135256290435791,1.3964784145355225,23.636198043823242,38.0,0
24.913,3,80.0,70.7959,0.057510118931531906,4.338394641876221,0.849090039730072,23.636198043823242,38.0,0
24.918,3,80.0,70.9113,0.06422313302755356,2.5719754695892334,0.5033748149871826,23.636198043823242,38.0,0
24.923,3,80.0,71.0211,0.05914425849914551,2.8310396671295166,0.5540776252746582,23.61825180053711,38.0,0
24.928,3,80.0,71.098,0.04779546335339546,5.096892356872559,0.9975395202636719,23.61825180053711,38.0,0
24.933,3,80.0,71.1749,0.04453294724225998,5.891733169555664,1.1531020402908325,23.61825180053711,38.0,0
24.938,3,80.0,71.2793,0.05284641683101654,3.3260178565979004,0.6509523987770081,23.61825180053711,38.0,0
24.943,3,80.0,71.3782,0.05704062804579735,5.065319538116455,0.9913601875305176,23.636198043823242,38.0,0
24.948,3,80.0,71.4661,0.0496554970741272,3.8863255977630615,0.7606131434440613,23.636198043823242,38.0,0
24.953,3,80.0,71.5375,0.04112625494599342,6.165306568145752,1.2066445350646973,23.636198043823242,38.0,0
24.958,3,80.0,71.6034,0.03753655031323433,6.990327835083008,1.3681137561798096,23.600303649902344,38.0,0
24.963,3,80.0,71.6748,0.04083578661084175,6.825309753417969,1.3358172178268433,23.61825180053711,38.0,0
24.968,3,80.0,71.7737,0.05045831948518753,5.16450309753418,1.0107719898223877,23.61825180053711,38.0,0
24.973,3,80.0,71.8835,0.0584867037832737,5.1121015548706055,1.0005161762237549,23.636198043823242,38.0,0
24.978,3,80.0,71.9769,0.05328766256570816,5.40106201171875,1.0570701360702515,23.636198043823242,38.0,0
24.983,3,80.0,72.0483,0.043911952525377274,6.929601669311523,1.3562287092208862,23.636198043823242,38.0,0
24.988,3,80.0,72.1252,0.04279550537467003,6.703485012054443,1.3119741678237915,23.61825180053711,38.0,0
24.993,3,80.0,72.2021,0.04376513883471489,6.287057876586914,1.2304730415344238,23.600303649902344,38.0,0
24.998,3,80.0,72.301,0.051406946033239365,5.952175140380859,1.1649314165115356,23.636198043823242,38.0,0
25.003,3,80.0,72.4054,0.0570380873978138,3.5530879497528076,0.6953935027122498,23.61825180053711,38.0,0
25.008,3,80.0,72.4933,0.049127526581287384,5.962970733642578,1.1670442819595337,23.636198043823242,38.0,0
25.013,3,80.0,72.5537,0.03609776496887207,8.17880630493164,1.6007170677185059,23.61825180053711,38.0,0
25.018,3,80.0,72.6306,0.044874317944049835,7.542227745056152,1.4761290550231934,23.61825180053711,38.0,0
25.023,3,80.0,72.7405,0.05632443726062775,4.593143939971924,0.8989483118057251,23.61825180053711,38.0,0
25.028,3,80.0,72.8558,0.06156767159700394,3.3938210010528564,0.6642225384712219,23.61825180053711,38.0,0
25.033,3,80.0,72.9712,0.0614812932908535,5.740589141845703,1.123520851135254,23.636198043823242,38.0,0
25.038,3,80.0,73.0536,0.05088049918413162,4.6642022132873535,0.9128555059432983,23.636198043823242,38.0,0
25.043,3,80.0,73.114,0.039268411695957184,7.34161901473999,1.4368667602539062,23.61825180053711,38.0,0
25.048,3,80.0,73.1909,0.04068780317902565,7.256566524505615,1.4202207326889038,23.600303649902344,38.0,0
25.053,3,80.0,73.2843,0.051363714039325714,5.494231224060059,1.0753047466278076,23.61825180053711,38.0,0
25.058,3,80.0,73.3942,0.057212550193071365,5.058970928192139,0.9901177883148193,23.636198043823242,38.0,0
25.063,3,80.0,73.4766,0.04756234213709831,7.7812628746032715,1.522911787033081,23.636198043823242,38.0,0
25.068,3,80.0,73.526,0.03236967325210571,9.41535472869873,1.8427283763885498,23.636198043823242,38.0,0
25.072,3,80.0,73.5699,0.029008926823735237,10.8667573928833,2.1267900466918945,23.61825180053711,38.0,0
25.078,3,80.0,73.6414,0.036328624933958054,9.996045112609863,1.95637845993042,23.61825180053711,38.0,0
25.083,3,80.0,73.7183,0.04130593687295914,9.165005683898926,1.793731451034546,23.61825180053711,38.0,0
25.088,3,80.0,73.8171,0.05125199258327484,7.361651420593262,1.4407873153686523,23.61825180053711,38.0,0
25.093,3,80.0,73.938,0.061352670192718506,5.6200175285339355,1.0999231338500977,23.61825180053711,38.0,0
25.098,3,80.0,74.0259,0.05142976716160774,8.094100952148438,1.5841388702392578,23.636198043823242,38.0,0
25.103,3,80.0,74.0808,0.03692834824323654,9.7367525100708,1.9056309461593628,23.636198043823242,38.0,0
25.108,3,80.0,74.1577,0.042592063546180725,9.794635772705078,1.916959524154663,23.61825180053711,38.0,0
25.113,3,80.0,74.2566,0.051122892647981644,7.3641791343688965,1.4412821531295776,23.636198043823242,38.0,0
25.118,3,80.0,74.3665,0.06102371960878372,5.39539098739624,1.0900384187698364,23.61825180053711,38.0,0
25.122,3,80.0,74.4873,0.06978531926870346,3.378648042678833,0.6612529158592224,23.636198043823242,38.0,0
25.128,3,80.0,74.6082,0.0644279196858406,4.126998424530029,0.8077164888381958,23.636198043823242,38.0,0
25.133,3,80.0,74.707,0.05376749485731125,5.738888740539551,1.1231880187988281,23.61825180053711,38.0,0
25.138,3,80.0,74.8114,0.05780957639217377,4.25570821762085,0.83290696144104,23.61825180053711,38.0,0
25.143,3,80.0,74.9377,0.06796585768461227,2.217165470123291,0.4339331090450287,23.636198043823242,38.0,0
25.148,3,80.0,75.0641,0.06709837913513184,2.0447134971618652,0.4001816213130951,23.61825180053711,38.0,0
25.153,3,80.0,75.152,0.05394435673952103,3.230473756790161,0.6322529911994934,23.636198043823242,38.0,0
25.158,3,80.0,75.2234,0.04537540301680565,5.625626087188721,1.1010208129882812,23.636198043823242,38.0,0
25.163,3,80.0,75.3223,0.05239564925432205,3.6957454681396484,0.7233136892318726,23.61825180053711,38.0,0
25.168,3,80.0,75.4376,0.06334797292947769,1.715048909187317,0.33566123247146606,23.636198043823242,38.0,0
25.173,3,80.0,75.5585,0.06294340640306473,1.785527229309082,0.3494548797607422,23.636198043823242,38.0,0
25.178,3,80.0,75.6464,0.05073007941246033,2.8787782192230225,0.5634207725524902,23.636198043823242,38.0,0
25.183,3,80.0,75.7123,0.041888583451509476,4.873116493225098,0.9537431597709656,23.61825180053711,38.0,0
25.188,3,80.0,75.7892,0.04348457232117653,4.096599578857422,0.8017669916152954,23.61825180053711,38.0,0
25.193,3,80.0,75.8826,0.05077318474650383,2.9672796726226807,0.5807418823242188,23.61825180053711,38.0,0
25.198,3,80.0,75.9924,0.05853008106350899,1.0275152921676636,0.2011004090309143,23.61825180053711,38.0,0
25.203,3,80.0,76.0913,0.053701333701610565,2.3810229301452637,0.4660024642944336,23.636198043823242,38.0,0
25.208,3,80.0,76.1627,0.04325736314058304,3.871368169784546,0.7576857805252075,23.61825180053711,38.0,0
25.213,3,80.0,76.2286,0.038894593715667725,4.311525821685791,0.8438313007354736,23.61825180053711,38.0,0
25.218,3,80.0,76.3,0.040417127311229706,3.5723111629486084,0.6991557478904724,23.61825180053711,38.0,0
25.223,3,80.0,76.3879,0.04664388671517372,2.310455322265625,0.4521913528442383,23.61825180053711,38.0,0
25.228,3,80.0,76.4868,0.053815800696611404,1.3298505544662476,0.2602720260620117,23.61825180053711,38.0,0
25.233,3,80.0,76.5912,0.054157137870788574,1.1660994291305542,0.22822342813014984,23.61825180053711,38.0,0
25.238,3,80.0,76.6626,0.04378942400217056,1.936301827430725,0.37896376848220825,23.636198043823242,38.0,0
25.243,3,80.0,76.712,0.030972763895988464,4.979391574859619,0.9745428562164307,23.61825180053711,38.0,0
25.248,3,80.0,76.756,0.026609007269144058,5.623159408569336,1.1005380153656006,23.61825180053711,38.0,0
25.253,3,80.0,76.8164,0.03391633927822113,4.855085372924805,0.9502142667770386,23.61825180053711,38.0,0
25.258,3,80.0,76.9043,0.04385847598314285,3.161044120788574,0.6186645030975342,23.636198043823242,38.0,0
25.263,3,80.0,76.9977,0.050026845186948776,1.830556035041809,0.35826772451400757,23.636198043823242,38.0,0
25.268,3,80.0,77.0801,0.04675491154193878,1.7658278942108154,0.3455994129180908,23.636198043823242,38.0,0
25.273,3,80.0,77.1405,0.03698799014091492,4.208785533905029,0.823723554611206,23.61825180053711,38.0,0
25.278,3,80.0,77.1899,0.028722159564495087,4.564609527587891,0.8933636546134949,23.61825180053711,38.0,0
25.283,3,80.0,77.2339,0.026887305080890656,5.801856994628906,1.135511875152588,23.636198043823242,38.0,0
25.288,3,80.0,77.2888,0.028422556817531586,5.702497959136963,1.1160657405853271,23.61825180053711,38.0,0
25.293,3,80.0,77.3383,0.029529931023716927,6.379665374755859,1.2485977411270142,23.61825180053711,38.0,0
25.298,3,80.0,77.4042,0.03440788760781288,5.017664432525635,0.9820334911346436,23.600303649902344,38.0,0
25.303,3,80.0,77.4811,0.03957638144493103,3.4966959953308105,0.684356689453125,23.61825180053711,38.0,0
25.308,3,80.0,77.5525,0.04001026228070259,3.222273349761963,0.6306480169296265,23.636198043823242,38.0,0
25.313,3,80.0,77.6184,0.036150652915239334,4.284508228302002,0.7885047197341919,23.61825180053711,38.0,0
25.318,3,80.0,77.6624,0.02924293465912342,5.619997024536133,1.099919080734253,23.654146194458008,38.0,0
25.323,3,80.0,77.7173,0.0282881036400795,5.481051921844482,1.0727254152297974,23.636198043823242,38.0,0
25.328,3,80.0,77.7612,0.026894867420196533,6.58799934387207,1.2893719673156738,23.61825180053711,38.0,0
25.333,3,80.0,77.8052,0.024101758375763893,7.396466255187988,1.4476011991500854,23.600303649902344,38.0,0
25.338,3,80.0,77.8546,0.026440151035785675,7.001104831695557,1.3702229261398315,23.61825180053711,38.0,0
25.343,3,80.0,77.915,0.033424027264118195,4.962167739868164,0.9711717963218689,23.61825180053711,38.0,0
25.348,3,80.0,77.9919,0.04069168493151665,3.62686824798584,0.7098333835601807,23.61825180053711,38.0,0
25.353,3,80.0,78.0688,0.04213464632630348,3.6910698413848877,0.7223986387252808,23.61825180053711,38.0,0
25.358,3,80.0,78.1458,0.041562046855688095,2.601854085922241,0.5092225074768066,23.61825180053711,38.0,0
25.365,3,80.0,78.2117,0.03467477113008499,3.646251916885376,0.7136270999908447,23.61825180053711,38.0,0
25.368,3,80.0,78.2501,0.02633792534470558,4.760995388031006,0.9317994117736816,23.61825180053711,38.0,0
25.374,3,80.0,78.2886,0.023303018882870674,5.396610260009766,1.0561989545822144,23.636198043823242,38.0,0
25.379,3,80.0,78.3435,0.02589607983827591,4.90273904800415,0.9595407843589783,23.636198043823242,38.0,0
25.388,3,80.0,78.4534,0.03498230502009392,3.2351419925689697,0.6331666111946106,23.636198043823242,38.0,0
25.391,3,80.0,78.4918,0.03736649826169014,2.3195347785949707,0.38542455434799194,23.61825180053711,38.0,0
25.393,3,80.0,78.5248,0.039102427661418915,1.9545955657958984,0.3825441598892212,23.636198043823242,38.0,0
25.398,3,80.0,78.6017,0.038115520030260086,2.2094500064849854,0.43242308497428894,23.61825180053711,38.0,0
25.403,3,80.0,78.6511,0.029685990884900093,2.839897871017456,0.5558112859725952,23.61825180053711,38.0,0
25.408,3,80.0,78.6841,0.020930930972099304,4.142632961273193,0.81077641248703,23.636198043823242,38.0,0
25.413,3,80.0,78.7061,0.015452696941792965,5.464654445648193,1.0695161819458008,23.61825180053711,39.0,0
25.418,3,80.0,78.728,0.013487706892192364,6.460751056671143,1.264467477798462,23.654146194458008,38.0,0
25.423,3,80.0,78.7555,0.014051984995603561,6.0622358322143555,1.186471939086914,23.636198043823242,38.0,0
25.428,3,80.0,78.7775,0.013600463978946209,6.719038486480713,1.3150182962417603,23.61825180053711,38.0,0
25.433,3,80.0,78.7994,0.012907758355140686,7.3816046714782715,1.444692611694336,23.61825180053711,39.0,0
25.438,3,80.0,78.8269,0.014821088872849941,7.177340030670166,1.4047149419784546,23.61825180053711,38.0,0
25.443,3,80.0,78.8654,0.0180294718593359,6.724308967590332,1.3160498142242432,23.61825180053711,38.0,0
25.448,3,80.0,78.9038,0.021362487226724625,5.955226898193359,1.165528655052185,23.61825180053711,39.0,0
25.453,3,80.0,78.9532,0.027166513726115227,4.414875030517578,0.8640583753585815,23.636198043823242,38.0,0
25.458,3,80.0,79.0082,0.02944003790616989,5.665241241455078,1.1087740659713745,23.636198043823242,38.0,0
25.463,3,80.0,79.0631,0.02944689430296421,4.311790943145752,0.843883216381073,23.636198043823242,39.0,0
25.468,3,80.0,79.1071,0.026151088997721672,4.449031352996826,0.8707432150840759,23.636198043823242,38.0,0
25.473,3,80.0,79.1455,0.021966692060232162,5.922497272491455,1.1591230630874634,23.61825180053711,38.0,0
25.478,3,80.0,79.173,0.017252661287784576,5.099852085113525,0.9981187582015991,23.61825180053711,38.0,0
25.483,3,80.0,79.1949,0.013579650782048702,5.694602966308594,1.1145206689834595,23.636198043823242,38.0,0
25.488,3,80.0,79.2169,0.013357079587876797,6.108191967010498,1.1954662799835205,23.636198043823242,38.0,0
25.493,3,80.0,79.2499,0.01628877781331539,5.740215301513672,1.1234476566314697,23.636198043823242,38.0,0
25.498,3,80.0,79.2773,0.016109295189380646,4.758633136749268,1.0573137998580933,23.636198043823242,38.0,0
25.503,3,80.0,79.2993,0.012698529288172722,5.494955539703369,1.075446605682373,23.61825180053711,38.0,0
25.508,3,80.0,79.3158,0.011035570874810219,6.283057689666748,1.2296901941299438,23.61825180053711,38.0,0
25.513,3,80.0,79.3378,0.011981219053268433,6.671296119689941,1.3056743144989014,23.61825180053711,39.0,0
25.518,3,80.0,79.3652,0.01338671613484621,5.866140842437744,1.1480932235717773,23.61825180053711,38.0,0
25.523,3,80.0,79.3927,0.01446263026446104,5.779947280883789,1.1312237977981567,23.61825180053711,38.0,0
25.528,3,80.0,79.4202,0.015132193453609943,5.587563514709473,1.0935713052749634,23.61825180053711,38.0,0
25.533,3,80.0,79.4476,0.016861267387866974,4.475456237792969,0.875914990901947,23.636198043823242,38.0,0
25.538,3,80.0,79.4806,0.018185222521424294,4.743106365203857,0.9282982349395752,23.636198043823242,38.0,0
25.543,3,80.0,79.5135,0.017993008717894554,3.5656590461730957,0.6978538036346436,23.61825180053711,38.0,0
25.548,3,80.0,79.5465,0.017300792038440704,3.771374464035034,0.7381154894828796,23.636198043823242,38.0,0
25.553,3,80.0,79.574,0.01487362664192915,3.3272688388824463,0.6511971950531006,23.636198043823242,38.0,0
25.558,3,80.0,79.5905,0.01128313597291708,4.573148250579834,0.8950347900390625,23.636198043823242,38.0,0
25.563,3,80.0,79.6069,0.008873967453837395,5.449496746063232,1.0665496587753296,23.61825180053711,38.0,0
25.568,3,80.0,79.6124,0.005678800866007805,5.174012660980225,1.012633204460144,23.636198043823242,38.0,0
25.573,3,80.0,79.6234,0.004935284145176411,6.933590888977051,1.3570094108581543,23.636198043823242,38.0,0
26.591,4,-80.0,79.6838,-7.323192221520003e-06,8.121332168579102,1.5894684791564941,23.61825180053711,39.0,0
26.597,4,-80.0,79.6838,-7.323192221520003e-06,8.186227798461914,1.6021695137023926,23.636198043823242,39.0,0
26.601,4,-80.0,79.6838,-7.323192221520003e-06,7.1124372482299805,1.3920124769210815,23.61825180053711,39.0,0
26.607,4,-80.0,79.6838,-7.323192221520003e-06,6.48555850982666,1.2693226337432861,23.636198043823242,39.0,0
26.612,4,-80.0,79.6838,-7.323192221520003e-06,5.696439743041992,1.114880084991455,23.61825180053711,39.0,0
26.617,4,-80.0,79.6838,-7.323192221520003e-06,7.274676322937012,1.4237650632858276,23.61825180053711,39.0,0
26.622,4,-80.0,79.6838,-7.323192221520003e-06,6.200887203216553,1.2136081457138062,23.636198043823242,39.0,0
26.627,4,-80.0,79.6838,-7.323192221520003e-06,5.037112712860107,0.9858397245407104,23.636198043823242,39.0,0
26.632,4,-80.0,79.6838,-7.323192221520003e-06,6.233335018157959,1.2199586629867554,23.636198043823242,39.0,0
26.637,4,-80.0,79.6838,-7.323192221520003e-06,5.728887557983398,1.1212306022644043,23.636198043823242,39.0,0
26.642,4,-80.0,79.6838,-7.323192221520003e-06,4.532665252685547,0.8871116638183594,23.61825180053711,39.0,0
26.647,4,-80.0,79.6838,-7.323192221520003e-06,5.5091118812561035,1.0782171487808228,23.61825180053711,39.0,0
26.652,4,-80.0,79.6838,-7.323192221520003e-06,3.711099624633789,0.7263187766075134,23.636198043823242,39.0,0
26.657,4,-80.0,79.6838,-7.323192221520003e-06,4.158009052276611,0.8137857913970947,23.61825180053711,39.0,0
26.662,4,-80.0,79.6838,-7.323192221520003e-06,3.9957706928253174,0.7820332050323486,23.636198043823242,39.0,0
26.667,4,-80.0,79.6838,-7.323192221520003e-06,3.621114730834961,0.708707332611084,23.61825180053711,39.0,0
26.672,4,-80.0,79.6838,-7.323192221520003e-06,3.711099147796631,0.7263187170028687,23.636198043823242,39.0,0
26.677,4,-80.0,79.6838,-7.323192221520003e-06,3.3364429473876953,0.6529927849769592,23.61825180053711,39.0,0
26.682,4,-80.0,79.6838,-7.323192221520003e-06,2.864443778991699,0.5606153011322021,23.61825180053711,39.0,0
26.687,4,-80.0,79.6838,-7.323192221520003e-06,2.392444372177124,0.46823784708976746,23.61825180053711,39.0,0
26.692,4,-80.0,79.6783,-0.0004480697098188102,1.5205283164978027,0.29759058356285095,23.636198043823242,39.0,0
26.697,4,-80.0,79.6783,-0.0003241709782741964,1.7404940128326416,0.34064120054244995,23.61825180053711,39.0,0
26.702,4,-80.0,79.6783,-0.0002684655482880771,0.763700008392334,0.14946773648262024,23.61825180053711,39.0,0
26.707,4,-80.0,79.6783,-0.0003012767410837114,0.9806416034698486,0.191926509141922,23.61825180053711,39.0,0
26.712,4,-80.0,79.6783,-0.00043239904334768653,0.0,0.0,23.61825180053711,39.0,0
26.717,4,-80.0,79.6783,-0.0008478027302771807,-0.5166214108467102,-0.10111068189144135,23.61825180053711,39.0,0
26.722,4,-80.0,79.6729,-0.0007264749729074538,-1.0385873317718506,-0.20326738059520721,23.61825180053711,39.0,0
26.727,4,-80.0,79.6729,-0.0010733180679380894,-1.7133057117462158,-0.16526958346366882,23.636198043823242,39.0,0
26.732,4,-80.0,79.6674,-0.001586909987963736,-1.6449888944625854,-0.32194942235946655,23.636198043823242,39.0,0
26.737,4,-80.0,79.6674,-0.0024712190497666597,-2.2463200092315674,-0.4396390914916992,23.636198043823242,39.0,0
26.742,4,-80.0,79.6619,-0.0032443616073578596,-3.5989601612091064,-0.7043713331222534,23.636198043823242,39.0,0
26.747,4,-80.0,79.6509,-0.004143118858337402,-3.437852382659912,-0.6728401184082031,23.61825180053711,39.0,0
26.752,4,-80.0,79.6399,-0.005219887942075729,-4.139911651611328,-0.8102438449859619,23.636198043823242,39.0,0
26.757,4,-80.0,79.6289,-0.005517269019037485,-4.488539218902588,-0.8784756064414978,23.636198043823242,39.0,0
26.762,4,-80.0,79.6179,-0.006378073710948229,-4.56466817855835,-0.8933751583099365,23.61825180053711,39.0,0
26.767,4,-80.0,79.6069,-0.0076679931953549385,-4.752902984619141,-0.93021559715271,23.61825180053711,39.0,0
26.772,4,-80.0,79.585,-0.00982458982616663,-4.501823902130127,-0.8810756206512451,23.61825180053711,39.0,0
26.777,4,-80.0,79.563,-0.010671315714716911,-5.628270149230957,-1.1015383005142212,23.636198043823242,39.0,0
26.782,4,-80.0,79.541,-0.012614637613296509,-5.112492084503174,-1.0005927085876465,23.61825180053711,39.0,0
26.787,4,-80.0,79.5135,-0.015687622129917145,-4.271730422973633,-0.8360427618026733,23.61825180053711,39.0,0
26.792,4,-80.0,79.4806,-0.017937878146767616,-4.349155902862549,-0.8511961698532104,23.636198043823242,39.0,0
26.797,4,-80.0,79.4366,-0.021523840725421906,-3.8109123706817627,-0.7458536624908447,23.636198043823242,39.0,0
26.802,4,-80.0,79.3927,-0.025204326957464218,-2.8902390003204346,-0.5656638145446777,23.61825180053711,39.0,0
26.807,4,-80.0,79.3378,-0.0296173058450222,-1.8723523616790771,-0.36644789576530457,23.636198043823242,39.0,0
26.812,4,-80.0,79.2773,-0.03157508000731468,-2.166825532913208,-0.4240807890892029,23.61825180053711,39.0,0
26.817,4,-80.0,79.2279,-0.028993165120482445,-1.7927844524383545,-0.35087522864341736,23.61825180053711,39.0,0
26.822,4,-80.0,79.184,-0.023841453716158867,-2.6270878314971924,-0.5141611695289612,23.636198043823242,39.0,0
26.827,4,-80.0,79.151,-0.01993729919195175,-3.1472198963165283,-0.6159589290618896,23.61825180053711,39.0,0
26.831,4,-80.0,79.129,-0.01701282523572445,-4.254595756530762,-0.8326892852783203,23.61825180053711,39.0,0
26.837,4,-80.0,79.0961,-0.015507305972278118,-5.213007926940918,-1.0202651023864746,23.636198043823242,39.0,0
26.842,4,-80.0,79.0686,-0.01492257695645094,-5.209591865539551,-1.0195965766906738,23.600303649902344,39.0,0
26.847,4,-80.0,79.0411,-0.015884261578321457,-6.002070426940918,-1.174696683883667,23.636198043823242,39.0,0
26.852,4,-80.0,79.0082,-0.01824115589261055,-5.604087829589844,-1.096805453300476,23.61825180053711,39.0,0
26.857,4,-80.0,78.9697,-0.02076418325304985,-5.6679863929748535,-1.1093113422393799,23.61825180053711,39.0,0
26.862,4,-80.0,78.9203,-0.026433518156409264,-5.820276260375977,-1.1391167640686035,23.636198043823242,39.0,0
26.867,4,-80.0,78.8654,-0.030499273911118507,-5.077744483947754,-0.993791937828064,23.636198043823242,39.0,0
26.872,4,-80.0,78.7994,-0.03451656177639961,-2.6507763862609863,-0.5187973380088806,23.636198043823242,39.0,0
26.877,4,-80.0,78.7225,-0.04118480533361435,-1.2331849336624146,-0.2916770577430725,23.61825180053711,39.0,0
26.882,4,-80.0,78.6511,-0.03815945237874985,-2.300593376159668,-0.4502611756324768,23.61825180053711,39.0,0
26.887,4,-80.0,78.6072,-0.02847367525100708,-3.439194440841675,-0.6731027960777283,23.61825180053711,39.0,0
26.892,4,-80.0,78.5687,-0.02121089957654476,-5.0037102699279785,-0.9793023467063904,23.61825180053711,39.0,0
26.897,4,-80.0,78.5413,-0.019013535231351852,-6.394215106964111,-1.2514454126358032,23.636198043823242,39.0,0
26.902,4,-80.0,78.5028,-0.018788635730743408,-7.544505596160889,-1.4765747785568237,23.61825180053711,39.0,0
26.907,4,-80.0,78.4698,-0.019103895872831345,-7.356991767883301,-1.4398754835128784,23.636198043823242,39.0,0
26.911,4,-80.0,78.4314,-0.02179049141705036,-6.987276077270508,-1.3675163984298706,23.61825180053711,39.0,0
26.917,4,-80.0,78.3875,-0.022543201223015785,-8.310489654541016,-1.626489520072937,23.636198043823242,39.0,0
26.922,4,-80.0,78.36,-0.018450871109962463,-8.400457382202148,-1.6440975666046143,23.61825180053711,39.0,0
26.927,4,-80.0,78.316,-0.022864583879709244,-10.0858154296875,-1.9739477634429932,23.61825180053711,39.0,0
26.932,4,-80.0,78.2666,-0.02688652276992798,-8.231034278869629,-1.6109389066696167,23.600303649902344,39.0,0
26.937,4,-80.0,78.2007,-0.03299294039607048,-8.192428588867188,-1.6033830642700195,23.600303649902344,39.0,0
26.942,4,-80.0,78.1348,-0.03797239065170288,-6.420153617858887,-1.2565218210220337,23.600303649902344,39.0,0
26.947,4,-80.0,78.0634,-0.037726305425167084,-7.1026458740234375,-1.3900960683822632,23.61825180053711,39.0,0
26.952,4,-80.0,78.0084,-0.03316543251276016,-7.13446044921875,-1.3963227272033691,23.61825180053711,39.0,0
26.957,4,-80.0,77.948,-0.03372921794652939,-7.92543888092041,-1.5511292219161987,23.61825180053711,39.0,0
26.962,4,-80.0,77.8766,-0.03760962560772896,-6.674130916595459,-1.3062291145324707,23.61825180053711,39.0,0
26.967,4,-80.0,77.8162,-0.034564074128866196,-7.975255012512207,-1.5608789920806885,23.61825180053711,39.0,0
26.972,4,-80.0,77.7502,-0.0368858277797699,-6.874937057495117,-1.3455299139022827,23.61825180053711,39.0,0
26.977,4,-80.0,77.6569,-0.047809991985559464,-5.235647201538086,-1.0246959924697876,23.61825180053711,39.0,0
26.982,4,-80.0,77.558,-0.05192923918366432,-4.250840663909912,-0.8319543600082397,23.636198043823242,39.0,0
26.987,4,-80.0,77.4811,-0.0457603745162487,-5.67834997177124,-1.1113396883010864,23.636198043823242,39.0,0
26.992,4,-80.0,77.4097,-0.04131913185119629,-5.7547149658203125,-1.126285433769226,23.636198043823242,39.0,0
26.996,4,-80.0,77.3328,-0.043656691908836365,-5.626033782958984,-1.1011005640029907,23.636198043823242,39.0,0
27.002,4,-80.0,77.2449,-0.04533814266324043,-4.945619106292725,-0.9679330587387085,23.61825180053711,39.0,0
27.007,4,-80.0,77.1515,-0.05132973939180374,-2.936706781387329,-0.5747582912445068,23.61825180053711,39.0,0
27.012,4,-80.0,77.0526,-0.05424050986766815,-2.7798378467559814,-0.5440566539764404,23.61825180053711,39.0,0
27.017,4,-80.0,76.9702,-0.04818771407008171,-4.152017593383789,-0.8126131296157837,23.636198043823242,39.0,0
27.022,4,-80.0,76.8988,-0.042314402759075165,-3.7719883918762207,-0.738235592842102,23.636198043823242,39.0,0
27.027,4,-80.0,76.8164,-0.04356611147522926,-4.872944355010986,-0.9537095427513123,23.636198043823242,39.0,0
27.032,4,-80.0,76.734,-0.04676385223865509,-4.042535781860352,-0.7911858558654785,23.61825180053711,39.0,0
27.037,4,-80.0,76.6241,-0.056953296065330505,-1.8940750360488892,-0.37069937586784363,23.636198043823242,39.0,0
27.042,4,-80.0,76.5198,-0.055148329585790634,-2.5062966346740723,-0.4905204474925995,23.636198043823242,39.0,0
27.047,4,-80.0,76.4539,-0.043223582208156586,-4.280124187469482,-0.8376855850219727,23.636198043823242,39.0,0
27.052,4,-80.0,76.3824,-0.04006563499569893,-6.329013347625732,-1.2386844158172607,23.61825180053711,39.0,0
27.057,4,-80.0,76.3055,-0.04369518160820007,-5.1414408683776855,-1.0062583684921265,23.61825180053711,39.0,0
27.062,4,-80.0,76.2177,-0.04723120108246803,-3.427530527114868,-0.6708199381828308,23.61825180053711,39.0,0
27.067,4,-80.0,76.1133,-0.05544900894165039,-2.3121399879455566,-0.45252102613449097,23.61825180053711,39.0,0
27.072,4,-80.0,76.0089,-0.05606331676244736,-2.277590036392212,-0.445759117603302,23.636198043823242,39.0,0
27.077,4,-80.0,75.932,-0.045039404183626175,-3.615473985671997,-0.7076033353805542,23.61825180053711,39.0,0
27.082,4,-80.0,75.8716,-0.03884232044219971,-4.1584320068359375,-0.813868522644043,23.61825180053711,39.0,0
27.087,4,-80.0,75.7947,-0.04160634055733681,-6.970287799835205,-1.3641915321350098,23.61825180053711,39.0,0
27.092,4,-80.0,75.7123,-0.045409489423036575,-5.209841728210449,-1.0196454524993896,23.61825180053711,39.0,0
27.097,4,-80.0,75.6024,-0.05727633461356163,-2.8479537963867188,-0.5573880076408386,23.61825180053711,39.0,0
27.102,4,-80.0,75.4871,-0.06005699187517166,-2.694681167602539,-0.52739018201828,23.636198043823242,39.0,0
27.107,4,-80.0,75.4156,-0.04489757493138313,-5.154542446136475,-1.0088225603103638,23.61825180053711,39.0,0
27.112,4,-80.0,75.3607,-0.03385969623923302,-8.547386169433594,-1.672853708267212,23.61825180053711,39.0,0
27.117,4,-80.0,75.3058,-0.03230178356170654,-8.614381790161133,-1.6859657764434814,23.61825180053711,39.0,0
27.121,4,-80.0,75.2509,-0.032358091324567795,-8.350468635559082,-1.634313941001892,23.600303649902344,39.0,0
27.127,4,-80.0,75.174,-0.04031447693705559,-7.367640495300293,-1.4419596195220947,23.61825180053711,39.0,0
27.132,4,-80.0,75.0586,-0.05941655486822128,-3.9861831665039062,-0.7801567912101746,23.61825180053711,39.0,0
27.137,4,-80.0,74.9377,-0.0637158527970314,-3.3644442558288574,-0.658473014831543,23.636198043823242,39.0,0
27.142,4,-80.0,74.8608,-0.046194273978471756,-6.195285320281982,-1.2125117778778076,23.636198043823242,39.0,0
27.147,4,-80.0,74.8059,-0.03223307803273201,-8.372517585754395,-1.6386293172836304,23.61825180053711,39.0,0
27.152,4,-80.0,74.762,-0.029622822999954224,-9.943840980529785,-1.946161150932312,23.61825180053711,39.0,0
27.157,4,-80.0,74.7125,-0.028651097789406776,-12.064053535461426,-2.361119270324707,23.600303649902344,39.0,0
27.162,4,-80.0,74.6521,-0.03238140046596527,-11.285310745239258,-2.208707332611084,23.61825180053711,39.0,0
27.167,4,-80.0,74.5697,-0.043191879987716675,-9.353470802307129,-1.83061683177948,23.600303649902344,39.0,0
27.172,4,-80.0,74.4653,-0.05321585014462471,-8.231097221374512,-1.6109511852264404,23.61825180053711,39.0,0
27.177,4,-80.0,74.3774,-0.04888608306646347,-9.816872596740723,-1.921311616897583,23.636198043823242,39.0,0
27.182,4,-80.0,74.3225,-0.037660449743270874,-10.997722625732422,-2.1524219512939453,23.61825180053711,39.0,0
27.187,4,-80.0,74.2621,-0.033568304032087326,-11.960617065429688,-2.3408751487731934,23.61825180053711,39.0,102
27.192,4,-80.0,74.1962,-0.036912716925144196,-11.216118812561035,-2.1951653957366943,23.636198043823242,39.0,102
27.197,4,-80.0,74.1193,-0.040384020656347275,-11.79616928100586,-2.308690071105957,23.600303649902344,39.0,102
27.202,4,-80.0,74.0259,-0.05141682177782059,-9.42573356628418,-1.8447598218917847,23.61825180053711,39.0,0
27.207,4,-80.0,73.894,-0.06510868668556213,-7.347047328948975,-1.4379291534423828,23.636198043823242,39.0,0
27.212,4,-80.0,73.7897,-0.058902665972709656,-8.90530014038086,-1.7429031133651733,23.636198043823242,39.0,0
27.217,4,-80.0,73.7183,-0.04545830935239792,-10.262581825256348,-2.0085437297821045,23.61825180053711,39.0,0
27.222,4,-80.0,73.6359,-0.047137029469013214,-9.249995231628418,-1.8103649616241455,23.61825180053711,39.0,0
27.227,4,-80.0,73.515,-0.0624740868806839,-7.097687721252441,-1.3891257047653198,23.61825180053711,39.0,0
27.232,4,-80.0,73.3722,-0.07371851056814194,-4.51401424407959,-0.8834614157676697,23.636198043823242,39.0,0
27.237,4,-80.0,73.2678,-0.0627608597278595,-5.48127555847168,-1.0727691650390625,23.636198043823242,39.0,0
27.242,4,-80.0,73.1964,-0.04531378671526909,-9.688916206359863,-1.896268606185913,23.636198043823242,39.0,0
27.247,4,-80.0,73.1195,-0.04301588609814644,-8.404215812683105,-1.6448330879211426,23.61825180053711,39.0,0
27.252,4,-80.0,72.9932,-0.06405889987945557,-5.029111862182617,-0.9842739105224609,23.61825180053711,39.0,0
27.257,4,-80.0,72.8613,-0.06966842710971832,-3.835676670074463,-0.7507004141807556,23.636198043823242,39.0,0
27.262,4,-80.0,72.7734,-0.053385037928819656,-7.723282337188721,-1.5115641355514526,23.636198043823242,39.0,0
27.267,4,-80.0,72.691,-0.048142459243535995,-7.705390453338623,-1.5080623626708984,23.636198043823242,39.0,0
27.272,4,-80.0,72.6031,-0.04927850142121315,-6.926387786865234,-1.3555996417999268,23.600303649902344,39.0,0
27.277,4,-80.0,72.4988,-0.057811349630355835,-5.673799514770508,-1.1104490756988525,23.61825180053711,39.0,0
27.282,4,-80.0,72.3834,-0.06075633689761162,-4.679516792297363,-0.9158527851104736,23.636198043823242,39.0,0
27.287,4,-80.0,72.2955,-0.051901925355196,-5.9365739822387695,-1.161877989768982,23.636198043823242,39.0,0
27.292,4,-80.0,72.2021,-0.052387237548828125,-4.660351753234863,-0.9121018648147583,23.636198043823242,39.0,0
27.297,4,-80.0,72.0978,-0.05655548349022865,-3.7175159454345703,-0.7275745868682861,23.600303649902344,39.0,0
27.302,4,-80.0,71.9714,-0.06741742789745331,-1.832674264907837,-0.3586822748184204,23.636198043823242,39.0,0
27.307,4,-80.0,71.8616,-0.061788734048604965,-3.0042340755462646,-0.5879744291305542,23.654146194458008,39.0,0
27.312,4,-80.0,71.7902,-0.044059328734874725,-5.241802215576172,-1.0259006023406982,23.61825180053711,39.0,0
27.317,4,-80.0,71.7188,-0.0415857695043087,-6.376332759857178,-1.2479455471038818,23.61825180053711,39.0,0
27.322,4,-80.0,71.6254,-0.046839967370033264,-5.0875935554504395,-1.1261296272277832,23.636198043823242,39.0,0
27.327,4,-80.0,71.543,-0.0506262332201004,-5.334010601043701,-1.0439472198486328,23.61825180053711,39.0,0
27.332,4,-80.0,71.4331,-0.058401867747306824,-4.049471855163574,-0.792543351650238,23.61825180053711,39.0,0
27.337,4,-80.0,71.3287,-0.05600252375006676,-3.4632551670074463,-0.677811861038208,23.636198043823242,39.0,0
27.342,4,-80.0,71.2463,-0.04880565404891968,-4.925929069519043,-0.9640793800354004,23.636198043823242,39.0,0
27.347,4,-80.0,71.1639,-0.04611515253782272,-6.914566993713379,-1.3532862663269043,23.636198043823242,39.0,0
27.352,4,-80.0,71.098,-0.040533531457185745,-8.591973304748535,-1.6815800666809082,23.636198043823242,39.0,0
27.357,4,-80.0,71.0321,-0.038236506283283234,-7.683540344238281,-1.5037859678268433,23.61825180053711,39.0,0
27.362,4,-80.0,70.9497,-0.04348127171397209,-6.939616680145264,-1.3581888675689697,23.600303649902344,39.0,0
27.367,4,-80.0,70.8618,-0.047742024064064026,-6.744558334350586,-1.3200129270553589,23.636198043823242,39.0,0
27.372,4,-80.0,70.7794,-0.04494854435324669,-7.781461715698242,-1.5229506492614746,23.61825180053711,39.0,0
27.377,4,-80.0,70.7025,-0.04528534784913063,-8.10820198059082,-1.5868988037109375,23.61825180053711,39.0,0
27.382,4,-80.0,70.6256,-0.04294206202030182,-9.612580299377441,-1.8813285827636719,23.61825180053711,39.0,0
27.387,4,-80.0,70.5432,-0.04528187960386276,-7.418256759643555,-1.4518660306930542,23.61825180053711,39.0,0
27.392,4,-80.0,70.4388,-0.05546220764517784,-5.749438285827637,-1.1252527236938477,23.61825180053711,39.0,0
27.397,4,-80.0,70.318,-0.0632067397236824,-3.798151731491089,-0.7433561682701111,23.636198043823242,39.0,0
27.402,4,-80.0,70.2246,-0.05583519861102104,-5.1799635887146,-1.0137978792190552,23.636198043823242,39.0,0
27.407,4,-80.0,70.1312,-0.051766686141490936,-3.435340166091919,-0.6723484396934509,23.636198043823242,39.0,0
27.412,4,-80.0,70.0378,-0.05253339186310768,-5.7826666831970215,-1.131756067276001,23.61825180053711,39.0,0
27.417,4,-80.0,69.928,-0.059740882366895676,-3.558046340942383,-0.6963639259338379,23.61825180053711,39.0,0
27.422,4,-80.0,69.8126,-0.062155384570360184,-2.9983086585998535,-0.5961487293243408,23.61825180053711,39.0,0
27.427,4,-80.0,69.7137,-0.054718635976314545,-3.573172092437744,-0.6993242502212524,23.636198043823242,39.0,0
27.432,4,-80.0,69.6259,-0.050951845943927765,-4.245247840881348,-0.8308596611022949,23.636198043823242,39.0,0
27.437,4,-80.0,69.5325,-0.05355409160256386,-1.7950739860534668,-0.35132333636283875,23.61825180053711,39.0,0
27.442,4,-80.0,69.4171,-0.06103214994072914,-2.6139895915985107,-0.5115976333618164,23.61825180053711,39.0,0
27.446,4,-80.0,69.3127,-0.06048226356506348,-2.3987088203430176,-0.46946388483047485,23.636198043823242,39.0,0
27.452,4,-80.0,69.2194,-0.051203805953264236,-3.70629620552063,-0.7253786325454712,23.636198043823242,39.0,0
27.457,4,-80.0,69.1315,-0.05009074509143829,-3.013171911239624,-0.5897237062454224,23.61825180053711,39.0,0
27.462,4,-80.0,69.0381,-0.053218696266412735,-2.740633726119995,-0.5181872248649597,23.636198043823242,39.0,0
27.467,4,-80.0,68.9282,-0.0590478852391243,-1.7524375915527344,-0.3429787755012512,23.636198043823242,39.0,0
27.472,4,-80.0,68.8239,-0.0557481087744236,-2.3801090717315674,-0.46582362055778503,23.61825180053711,39.0,0
27.477,4,-80.0,68.7469,-0.046694185584783554,-3.812185287475586,-0.7461028099060059,23.636198043823242,39.0,0
27.482,4,-80.0,68.6755,-0.04301658645272255,-4.404182434082031,-0.8619655966758728,23.61825180053711,39.0,0
27.487,4,-80.0,68.5931,-0.04445597901940346,-3.01662015914917,-0.5903985500335693,23.61825180053711,39.0,0
27.492,4,-80.0,68.5107,-0.046441592276096344,-4.024202823638916,-0.7875978350639343,23.61825180053711,39.0,0
27.497,4,-80.0,68.4064,-0.05583610385656357,-2.3618130683898926,-0.6967897415161133,23.61825180053711,39.0,0
27.502,4,-80.0,68.291,-0.06088465079665184,-1.892727017402649,-0.37043553590774536,23.61825180053711,39.0,0
27.507,4,-80.0,68.2031,-0.04999920353293419,-2.6895241737365723,-0.5263808965682983,23.61825180053711,39.0,0
27.512,4,-80.0,68.1427,-0.03828226774930954,-5.706140041351318,-1.1167786121368408,23.61825180053711,39.0,0
27.517,4,-80.0,68.0933,-0.03172800689935684,-7.459773063659668,-1.4599913358688354,23.61825180053711,39.0,0
27.522,4,-80.0,68.0438,-0.027312155812978745,-7.580925464630127,-1.4837026596069336,23.600303649902344,39.0,0
27.527,4,-80.0,67.9834,-0.03495605289936066,-8.07705307006836,-1.5808024406433105,23.600303649902344,39.0,0
27.532,4,-80.0,67.8625,-0.058179158717393875,-4.513239860534668,-0.8833098411560059,23.61825180053711,39.0,0
27.537,4,-80.0,67.7417,-0.06400937587022781,-3.793647527694702,-0.7424746751785278,23.61825180053711,39.0,0
27.542,4,-80.0,67.6648,-0.04705154150724411,-7.0611348152160645,-1.3819717168807983,23.636198043823242,39.0,0
27.547,4,-80.0,67.6154,-0.033024974167346954,-8.519097328186035,-1.667317271232605,23.600303649902344,39.0,0
27.552,4,-80.0,67.5604,-0.030833186581730843,-11.0259428024292,-2.157945156097412,23.636198043823242,39.0,0
27.557,4,-80.0,67.5055,-0.030336057767271996,-10.745064735412598,-2.102972984313965,23.600303649902344,39.0,0
27.562,4,-80.0,67.4396,-0.035565271973609924,-9.359007835388184,-1.8317005634307861,23.600303649902344,39.0,0
27.567,4,-80.0,67.3517,-0.04607497900724411,-8.112334251403809,-1.58770751953125,23.600303649902344,39.0,0
27.572,4,-80.0,67.2418,-0.05594029650092125,-7.4597344398498535,-1.5118942260742188,23.61825180053711,39.0,0
27.577,4,-80.0,67.1649,-0.04529377445578575,-9.41747760772705,-1.8431438207626343,23.61825180053711,39.0,0
27.582,4,-80.0,67.121,-0.03133147582411766,-11.993457794189453,-2.3473024368286133,23.600303649902344,39.0,102
27.587,4,-80.0,67.0715,-0.029026977717876434,-11.876301765441895,-2.324373245239258,23.636198043823242,39.0,102
27.592,4,-80.0,67.0111,-0.0307705570012331,-10.713472366333008,-2.096789836883545,23.636198043823242,39.0,102
27.597,4,-80.0,66.9617,-0.029871497303247452,-12.370753288269043,-2.421144962310791,23.600303649902344,39.0,102
27.602,4,-80.0,66.8903,-0.03722504898905754,-11.254383087158203,-2.2026543617248535,23.600303649902344,39.0,102
27.607,4,-80.0,66.7804,-0.05703765153884888,-9.79036808013916,-1.9161243438720703,23.61825180053711,39.0,0
27.612,4,-80.0,66.6376,-0.07223055511713028,-3.7727303504943848,-0.7383808493614197,23.636198043823242,39.0,0
27.617,4,-80.0,66.5387,-0.05749000236392021,-10.35332202911377,-2.0263030529022217,23.61825180053711,39.0,0
27.622,4,-80.0,66.4728,-0.04227409139275551,-11.886385917663574,-2.3263468742370605,23.600303649902344,39.0,0
27.627,4,-80.0,66.3739,-0.0548676922917366,-7.836949825286865,-1.5338106155395508,23.58235740661621,39.0,0
27.632,4,-80.0,66.2256,-0.07482438534498215,-5.66947603225708,-1.109602928161621,23.636198043823242,39.0,0
27.637,4,-80.0,66.0992,-0.07027925550937653,-6.175571441650391,-1.208653450012207,23.636198043823242,39.0,0
27.642,4,-80.0,66.0114,-0.05368782952427864,-7.624016761779785,-1.4921363592147827,23.636198043823242,39.0,0
27.647,4,-80.0,65.9344,-0.045429542660713196,-8.56845474243164,-1.6769771575927734,23.600303649902344,39.0,0
27.652,4,-80.0,65.8136,-0.06214987486600876,-5.766709804534912,-1.1286330223083496,23.61825180053711,39.0,0
27.657,4,-80.0,65.6763,-0.07194724678993225,-3.8017489910125732,-0.744060218334198,23.654146194458008,39.0,0
27.662,4,-80.0,65.5774,-0.059130165725946426,-6.415797233581543,-1.255669355392456,23.636198043823242,39.0,0
27.667,4,-80.0,65.4895,-0.052289895713329315,-5.865471363067627,-1.147962212562561,23.636198043823242,39.0,0
27.672,4,-80.0,65.3906,-0.05489414930343628,-5.357050895690918,-1.0484565496444702,23.61825180053711,39.0,0
27.677,4,-80.0,65.2698,-0.06507416814565659,-4.027736663818359,-0.7882894277572632,23.61825180053711,39.0,0
27.682,4,-80.0,65.1599,-0.06107819080352783,-4.248320579528809,-0.8314611315727234,23.636198043823242,39.0,0
27.687,4,-80.0,65.0885,-0.04556085914373398,-6.4538679122924805,-1.263120412826538,23.61825180053711,39.0,0
27.692,4,-80.0,65.0061,-0.04628980532288551,-5.613875389099121,-1.0987210273742676,23.61825180053711,39.0,0
27.696,4,-80.0,64.9182,-0.04951079189777374,-4.834811210632324,-0.946246325969696,23.61825180053711,39.0,0
27.702,4,-80.0,64.8029,-0.058239296078681946,-3.5520806312561035,-0.6951963305473328,23.61825180053711,39.0,0
27.707,4,-80.0,64.682,-0.0656847432255745,-2.6560566425323486,-0.5198307633399963,23.61825180053711,39.0,0
27.712,4,-80.0,64.5831,-0.05592368543148041,-3.1351451873779297,-0.613595724105835,23.636198043823242,39.0,0
27.717,4,-80.0,64.5117,-0.04384000599384308,-6.844696521759033,-1.3396114110946655,23.636198043823242,39.0,0
27.722,4,-80.0,64.4348,-0.043273523449897766,-6.902748107910156,-1.350973129272461,23.61825180053711,39.0,0
27.727,4,-80.0,64.3524,-0.045705582946538925,-6.26090145111084,-1.2253539562225342,23.636198043823242,39.0,0
27.732,4,-80.0,64.2535,-0.051983997225761414,-4.187897205352783,-0.8196353316307068,23.61825180053711,39.0,0
27.737,4,-80.0,64.1547,-0.055198509246110916,-4.308089733123779,-0.8431588411331177,23.636198043823242,39.0,0
27.742,4,-80.0,64.0668,-0.05006944015622139,-5.426455497741699,-1.062040090560913,23.636198043823242,39.0,0
27.747,4,-80.0,63.9789,-0.04924658685922623,-5.808559417724609,-1.1368236541748047,23.61825180053711,39.0,0
27.752,4,-80.0,63.891,-0.047756124287843704,-5.291650295257568,-1.0356566905975342,23.61825180053711,39.0,0
27.757,4,-80.0,63.8086,-0.04695630073547363,-4.350982666015625,-0.8515536189079285,23.61825180053711,39.0,0
27.762,4,-80.0,63.7207,-0.04801909998059273,-6.778158187866211,-1.3265888690948486,23.636198043823242,39.0,0
27.767,4,-80.0,63.6438,-0.044992633163928986,-6.740268230438232,-1.3191733360290527,23.61825180053711,39.0,0
27.772,4,-80.0,63.5724,-0.039881572127342224,-7.428685665130615,-1.540678858757019,23.61825180053711,39.0,0
27.777,4,-80.0,63.501,-0.04049187898635864,-7.647193908691406,-1.4966723918914795,23.636198043823242,39.0,0
27.782,4,-80.0,63.4296,-0.03857474774122238,-8.201298713684082,-1.605119228363037,23.636198043823242,39.0,0
27.787,4,-80.0,63.3582,-0.039531778544187546,-8.122404098510742,-1.5896782875061035,23.61825180053711,39.0,0
27.792,4,-80.0,63.2593,-0.05242227017879486,-5.502190113067627,-1.0768624544143677,23.600303649902344,39.0,0
27.797,4,-80.0,63.1439,-0.06291645765304565,-4.970602035522461,-0.9728225469589233,23.61825180053711,39.0,0
27.802,4,-80.0,63.0396,-0.05717317387461662,-5.450723171234131,-1.0667896270751953,23.636198043823242,39.0,0
27.807,4,-80.0,62.9517,-0.050572995096445084,-6.789921283721924,-1.3288910388946533,23.636198043823242,39.0,0
27.812,4,-80.0,62.8638,-0.050169963389635086,-5.381404876708984,-1.0532230138778687,23.61825180053711,39.0,0
27.817,4,-80.0,62.7594,-0.05789954587817192,-3.7121241092681885,-0.7265192270278931,23.61825180053711,39.0,0
27.822,4,-80.0,62.6331,-0.06432022899389267,-3.5623714923858643,-0.697210431098938,23.636198043823242,39.0,0
27.827,4,-80.0,62.5342,-0.057601287961006165,-3.9492909908294678,-0.7729364633560181,23.61825180053711,39.0,0
27.832,4,-80.0,62.4463,-0.05134417489171028,-3.9660491943359375,-0.7762162685394287,23.61825180053711,39.0,0
27.837,4,-80.0,62.3584,-0.052296195179224014,-4.307411193847656,-0.8430260419845581,23.61825180053711,39.0,0
27.842,4,-80.0,62.2375,-0.06247707083821297,-1.9762648344039917,-0.3867851495742798,23.61825180053711,39.0,0
27.847,4,-80.0,62.1222,-0.06280837208032608,-2.4866268634796143,-0.4866707921028137,23.61825180053711,39.0,0
27.852,4,-80.0,62.0343,-0.0507703498005867,-3.788255214691162,-0.7414193153381348,23.636198043823242,39.0,0
27.857,4,-80.0,61.9519,-0.04948582127690315,-2.7977631092071533,-0.5475648641586304,23.636198043823242,39.0,0
27.862,4,-80.0,61.8475,-0.055397458374500275,-2.418532609939575,-0.47334370017051697,23.61825180053711,39.0,0
27.867,4,-80.0,61.7377,-0.06148453429341316,-1.0010631084442139,-0.19592329859733582,23.636198043823242,39.0,0
27.872,4,-80.0,61.6278,-0.0574861615896225,-2.1101925373077393,-0.4129968583583832,23.636198043823242,39.0,0
27.877,4,-80.0,61.5509,-0.047798726707696915,-2.8643012046813965,-0.5605874061584473,23.636198043823242,39.0,0
27.882,4,-80.0,61.474,-0.04340263083577156,-4.458744049072266,-0.8726441860198975,23.61825180053711,39.0,0
27.887,4,-80.0,61.3971,-0.044569022953510284,-3.569807767868042,-0.6986657977104187,23.636198043823242,39.0,0
27.892,4,-80.0,61.3092,-0.047315485775470734,-3.226447582244873,-0.631464958190918,23.61825180053711,39.0,0
27.897,4,-80.0,61.2103,-0.053986020386219025,-3.085505485534668,-0.6038804650306702,23.61825180053711,39.0,0
27.902,4,-80.0,61.1005,-0.05748799815773964,-2.3841302394866943,-0.4666106402873993,23.61825180053711,39.0,0
27.907,4,-80.0,61.0181,-0.049005646258592606,-3.2312967777252197,-0.6324140429496765,23.636198043823242,39.0,0
27.912,4,-80.0,60.9467,-0.04073147848248482,-5.731906890869141,-1.1218215227127075,23.636198043823242,39.0,0
27.917,4,-80.0,60.8862,-0.03690481185913086,-5.668074607849121,-1.1093286275863647,23.61825180053711,39.0,0
27.922,4,-80.0,60.8313,-0.031116774305701256,-6.837843418121338,-1.3382701873779297,23.600303649902344,39.0,0
27.927,4,-80.0,60.7654,-0.03951102867722511,-6.067572593688965,-1.187516450881958,23.600303649902344,39.0,0
27.932,4,-80.0,60.6445,-0.057907771319150925,-3.6913774013519287,-0.7224588394165039,23.61825180053711,39.0,0
27.937,4,-80.0,60.5457,-0.05720949172973633,-3.2771456241607666,-0.6413873434066772,23.61825180053711,39.0,0
27.942,4,-80.0,60.4742,-0.042110078036785126,-5.9357147216796875,-1.1617099046707153,23.61825180053711,39.0,0
27.947,4,-80.0,60.4138,-0.03549128770828247,-7.6986799240112305,-1.5067490339279175,23.61825180053711,39.0,0
27.952,4,-80.0,60.3589,-0.032673876732587814,-9.950406074523926,-1.9474462270736694,23.61825180053711,39.0,0
27.957,4,-80.0,60.3094,-0.028909413143992424,-10.882737159729004,-2.129917621612549,23.600303649902344,39.0,0
27.962,4,-80.0,60.238,-0.03809359669685364,-8.57259750366211,-1.6777880191802979,23.600303649902344,39.0,0
27.967,4,-80.0,60.1337,-0.05390671640634537,-6.179912567138672,-1.209503173828125,23.636198043823242,39.0,0
27.972,4,-80.0,60.0183,-0.05958867818117142,-6.203530788421631,-1.2141255140304565,23.636198043823242,39.0,0
27.977,4,-80.0,59.9524,-0.04185616970062256,-9.134418487548828,-1.7877449989318848,23.61825180053711,39.0,0
27.981,4,-80.0,59.9139,-0.029039686545729637,-11.31617546081543,-2.214747905731201,23.600303649902344,39.0,0
27.987,4,-80.0,59.859,-0.028528481721878052,-11.976719856262207,-2.344026565551758,23.61825180053711,39.0,102
27.992,4,-80.0,59.8041,-0.03018728457391262,-12.083341598510742,-2.364894151687622,23.61825180053711,39.0,102
27.997,4,-80.0,59.7491,-0.02952200546860695,-11.822954177856445,-2.313932418823242,23.61825180053711,39.0,102
28.002,4,-80.0,59.6777,-0.038546960800886154,-12.140371322631836,-2.3760557174682617,23.61825180053711,39.0,102
28.007,4,-80.0,59.5679,-0.05804142728447914,-9.294356346130371,-1.819047212600708,23.61825180053711,39.0,0
28.012,4,-80.0,59.4305,-0.07070689648389816,-8.75813102722168,-1.7140998840332031,23.61825180053711,39.0,0
28.017,4,-80.0,59.3372,-0.05312122404575348,-9.631966590881348,-1.8851227760314941,23.61825180053711,39.0,0
28.022,4,-80.0,59.2767,-0.0394863486289978,-12.112214088439941,-2.370544910430908,23.61825180053711,39.0,102
28.027,4,-80.0,59.1833,-0.05088802054524422,-9.105464935302734,-1.7820782661437988,23.61825180053711,39.0,0
28.032,4,-80.0,59.0405,-0.07191254198551178,-6.066102027893066,-1.1872286796569824,23.636198043823242,39.0,0
28.037,4,-80.0,58.9087,-0.07163847982883453,-4.600179672241211,-0.9003252387046814,23.636198043823242,39.0,0
28.042,4,-80.0,58.8153,-0.05525949224829674,-8.487818717956543,-1.6611956357955933,23.61825180053711,39.0,0
28.047,4,-80.0,58.7384,-0.047790978103876114,-7.687150478363037,-1.5044925212860107,23.61825180053711,39.0,0
28.052,4,-80.0,58.6176,-0.06330770999193192,-5.033607482910156,-0.9851536750793457,23.61825180053711,39.0,0
28.057,4,-80.0,58.4802,-0.0719485953450203,-3.598536252975464,-0.7042884230613708,23.654146194458008,39.0,0
28.062,4,-80.0,58.3868,-0.055915217846632004,-6.555022239685059,-1.2829177379608154,23.61825180053711,39.0,0
28.067,4,-80.0,58.3044,-0.05033383145928383,-7.027120113372803,-1.375314474105835,23.61825180053711,39.0,0
28.072,4,-80.0,58.2001,-0.05457557737827301,-5.344758033752441,-1.0460506677627563,23.61825180053711,39.0,0
28.077,4,-80.0,58.0792,-0.06552600115537643,-3.3710782527923584,-0.6597713828086853,23.636198043823242,39.0,0
28.082,4,-80.0,57.9639,-0.06349421292543411,-3.9690263271331787,-0.7767989635467529,23.636198043823242,39.0,0
28.087,4,-80.0,57.887,-0.0470423586666584,-5.397017002105713,-1.0562784671783447,23.636198043823242,39.0,0
28.092,4,-80.0,57.8046,-0.047805871814489365,-5.581252098083496,-1.0923361778259277,23.636198043823242,39.0,0
28.097,4,-80.0,57.7057,-0.05226689204573631,-5.013635635375977,-0.9812449216842651,23.61825180053711,39.0,0
28.102,4,-80.0,57.6013,-0.05686559900641441,-4.135712623596191,-0.8094220161437988,23.636198043823242,39.0,0
28.107,4,-80.0,57.4915,-0.06054621562361717,-3.0572497844696045,-0.5983504056930542,23.636198043823242,39.0,0
28.112,4,-80.0,57.3926,-0.054382067173719406,-4.761195182800293,-0.9318385124206543,23.636198043823242,39.0,0
28.117,4,-80.0,57.3157,-0.048097629100084305,-4.581972599029541,-0.8967618942260742,23.61825180053711,39.0,0
28.122,4,-80.0,57.2223,-0.04982369765639305,-5.270696640014648,-1.0315556526184082,23.636198043823242,39.0,0
28.127,4,-80.0,57.1289,-0.051631078124046326,-3.1220364570617676,-0.611030101776123,23.61825180053711,39.0,0
28.132,4,-80.0,57.0355,-0.05122741684317589,-4.28278923034668,-0.8382071256637573,23.61825180053711,39.0,0
28.137,4,-80.0,56.9531,-0.04864262416958809,-5.03727388381958,-0.9858713150024414,23.636198043823242,39.0,0
28.142,4,-80.0,56.8707,-0.04627557098865509,-5.953518390655518,-1.1651942729949951,23.636198043823242,39.0,0
28.147,4,-80.0,56.7773,-0.049515049904584885,-4.874780654907227,-0.9540688991546631,23.636198043823242,39.0,0
28.152,4,-80.0,56.6895,-0.04879582300782204,-3.94403338432312,-0.7719074487686157,23.61825180053711,39.0,0
28.157,4,-80.0,56.6016,-0.04872085526585579,-5.897611618041992,-1.154252529144287,23.61825180053711,39.0,0
28.162,4,-80.0,56.5082,-0.051586687564849854,-4.600717544555664,-0.9004305601119995,23.636198043823242,39.0,0
28.167,4,-80.0,56.4258,-0.04812652990221977,-5.19517183303833,-1.016774296760559,23.636198043823242,39.0,0
28.172,4,-80.0,56.3544,-0.041454967111349106,-7.429357051849365,-1.454038381576538,23.636198043823242,39.0,0
28.177,4,-80.0,56.283,-0.04011063650250435,-8.076859474182129,-1.5807645320892334,23.61825180053711,39.0,0
28.182,4,-80.0,56.217,-0.03476107865571976,-9.438551902770996,-1.8472685813903809,23.61825180053711,39.0,0
28.186,4,-80.0,56.1621,-0.03544258326292038,-8.18896484375,-1.6027052402496338,23.61825180053711,39.0,0
28.192,4,-80.0,56.0632,-0.049151644110679626,-5.366830348968506,-1.050370454788208,23.61825180053711,39.0,0
28.197,4,-80.0,55.9479,-0.059655312448740005,-5.292952060699463,-1.0359114408493042,23.636198043823242,39.0,0
28.202,4,-80.0,55.8435,-0.05680687725543976,-5.285130977630615,-0.9425389766693115,23.636198043823242,39.0,0
28.207,4,-80.0,55.7611,-0.05055684968829155,-6.018630504608154,-1.351349115371704,23.61825180053711,39.0,0
28.212,4,-80.0,55.6732,-0.04970051348209381,-5.60389518737793,-1.096767783164978,23.636198043823242,39.0,0
28.216,4,-80.0,55.5688,-0.05788479372859001,-3.868952751159668,-0.7572130560874939,23.61825180053711,39.0,0
28.222,4,-80.0,55.437,-0.06515613198280334,-2.374499559402466,-0.4647257924079895,23.654146194458008,39.0,0
28.227,4,-80.0,55.3381,-0.05832483246922493,-4.320369243621826,-0.8455621600151062,23.61825180053711,39.0,0
28.232,4,-80.0,55.2502,-0.05135435611009598,-3.159505844116211,-0.6183634400367737,23.636198043823242,39.0,0
28.237,4,-80.0,55.1514,-0.05375097319483757,-4.104086875915527,-0.8032323122024536,23.61825180053711,39.0,0
28.242,4,-80.0,55.036,-0.06288820505142212,-2.438718795776367,-0.4772944450378418,23.61825180053711,39.0,0
28.247,4,-80.0,54.9207,-0.06148780137300491,-1.8808372020721436,-0.36810851097106934,23.636198043823242,39.0,0
28.252,4,-80.0,54.8383,-0.049402784556150436,-4.097497940063477,-0.8019428253173828,23.636198043823242,39.0,0
28.257,4,-80.0,54.7614,-0.04645603895187378,-5.035036087036133,-0.9854333400726318,23.61825180053711,39.0,0
28.262,4,-80.0,54.657,-0.05414285138249397,-2.8077783584594727,-0.5495250225067139,23.61825180053711,39.0,0
28.267,4,-80.0,54.5471,-0.06089496985077858,-1.026811122894287,-0.2009625881910324,23.636198043823242,39.0,0
28.272,4,-80.0,54.4427,-0.057470738887786865,-1.7117503881454468,-0.3350156545639038,23.61825180053711,39.0,0
28.277,4,-80.0,54.3604,-0.04918310418725014,-3.0748934745788574,-0.6018035411834717,23.636198043823242,39.0,0
28.282,4,-80.0,54.2834,-0.043511755764484406,-4.392937183380127,-0.859764814376831,23.61825180053711,39.0,0
28.287,4,-80.0,54.201,-0.046903252601623535,-3.3905441761016846,-0.6635811924934387,23.61825180053711,39.0,0
28.292,4,-80.0,54.1077,-0.05094721168279648,-2.903844118118286,-0.5683265328407288,23.61825180053711,39.0,0
28.297,4,-80.0,54.0033,-0.0562618188560009,-2.6185925006866455,-0.5124984979629517,23.61825180053711,39.0,0
28.301,4,-80.0,53.9044,-0.055949386209249496,-2.688845157623291,-0.5262479782104492,23.61825180053711,39.0,0
28.307,4,-80.0,53.8165,-0.04802961274981499,-3.005963087081909,-0.5883128046989441,23.61825180053711,39.0,0
28.312,4,-80.0,53.7451,-0.04274255782365799,-4.760797500610352,-0.9317606687545776,23.61825180053711,39.0,0
28.317,4,-80.0,53.6792,-0.038946203887462616,-4.2467041015625,-0.8311446905136108,23.61825180053711,39.0,0
28.322,4,-80.0,53.6078,-0.03785645589232445,-6.017856121063232,-1.177786111831665,23.61825180053711,39.0,0
28.327,4,-80.0,53.5254,-0.04589995741844177,-4.755857944488525,-0.9307939410209656,23.61825180053711,39.0,0
28.332,4,-80.0,53.4155,-0.05758899077773094,-3.3382139205932617,-0.6533393859863281,23.636198043823242,39.0,0
28.337,4,-80.0,53.3221,-0.050419025123119354,-4.7611775398254395,-0.9318350553512573,23.636198043823242,39.0,0
28.342,4,-80.0,53.2672,-0.03647887706756592,-6.918088912963867,-1.353975534439087,23.654146194458008,39.0,0
28.347,4,-80.0,53.2123,-0.03161745145916939,-8.520500183105469,-1.6675918102264404,23.654146194458008,39.0,0
28.352,4,-80.0,53.1573,-0.03116905316710472,-9.054489135742188,-1.7721014022827148,23.61825180053711,39.0,0
28.357,4,-80.0,53.1024,-0.03197953850030899,-9.389039993286133,-1.837578296661377,23.61825180053711,39.0,0
28.362,4,-80.0,53.02,-0.04345577955245972,-6.978238582611084,-1.3657476902008057,23.600303649902344,39.0,0
28.367,4,-80.0,52.9047,-0.05978921428322792,-4.7579426765441895,-0.9312019348144531,23.61825180053711,39.0,0
28.372,4,-80.0,52.8003,-0.057076845318078995,-5.477265357971191,-1.0719842910766602,23.636198043823242,39.0,0
28.377,4,-80.0,52.7399,-0.03937646746635437,-9.046211242675781,-1.7704814672470093,23.61825180053711,39.0,0
28.382,4,-80.0,52.6959,-0.028057919815182686,-11.682036399841309,-2.2863526344299316,23.600303649902344,39.0,0
28.387,4,-80.0,52.6355,-0.03343943506479263,-10.96773910522461,-2.1465537548065186,23.61825180053711,39.0,0
28.392,4,-80.0,52.5641,-0.03672035038471222,-11.170998573303223,-2.1863346099853516,23.61825180053711,39.0,0
28.397,4,-80.0,52.4817,-0.043914251029491425,-10.264603614807129,-2.008939504623413,23.600303649902344,39.0,0
28.402,4,-80.0,52.3773,-0.05658141151070595,-7.935362815856934,-1.5530714988708496,23.61825180053711,39.0,0
28.407,4,-80.0,52.2565,-0.0616174191236496,-6.862202167510986,-1.3430376052856445,23.636198043823242,39.0,0
28.412,4,-80.0,52.1796,-0.047739725559949875,-8.872906684875488,-1.7365630865097046,23.61825180053711,39.0,0
28.417,4,-80.0,52.1246,-0.03575227037072182,-11.191386222839355,-2.1903247833251953,23.61825180053711,39.0,0
28.422,4,-80.0,52.0532,-0.03961675986647606,-10.23957633972168,-2.0040411949157715,23.61825180053711,39.0,0
28.427,4,-80.0,51.9489,-0.05376020446419716,-7.841856956481934,-1.5347709655761719,23.600303649902344,39.0,0
28.432,4,-80.0,51.8115,-0.07030924409627914,-5.506984233856201,-1.0778007507324219,23.636198043823242,39.0,0
28.437,4,-80.0,51.6907,-0.06716262549161911,-5.489570140838623,-1.074392557144165,23.636198043823242,39.0,0
28.442,4,-80.0,51.6083,-0.05116289481520653,-4.814146518707275,-0.9422018527984619,23.636198043823242,39.0,0
28.447,4,-80.0,51.5369,-0.04362129420042038,-8.302960395812988,-1.6250159740447998,23.61825180053711,39.0,0
28.452,4,-80.0,51.416,-0.06317514181137085,-4.510190010070801,-0.8827129602432251,23.61825180053711,39.0,0
28.457,4,-80.0,51.2732,-0.07377370446920395,-3.503682851791382,-0.685724139213562,23.636198043823242,39.0,0
28.462,4,-80.0,51.1743,-0.057432349771261215,-5.615350723266602,-1.0990097522735596,23.636198043823242,39.0,0
28.467,4,-80.0,51.1029,-0.046563249081373215,-7.460358619689941,-1.4601058959960938,23.61825180053711,39.0,0
28.472,4,-80.0,51.015,-0.048640090972185135,-6.041289329528809,-1.1823724508285522,23.61825180053711,39.0,0
28.477,4,-80.0,50.8942,-0.06184258311986923,-3.2930686473846436,-0.6445037722587585,23.61825180053711,39.0,0
28.482,4,-80.0,50.7678,-0.06733522564172745,-3.3260085582733154,-0.65095055103302,23.636198043823242,39.0,0
28.487,4,-80.0,50.6799,-0.05183699354529381,-5.011404514312744,-0.9808082580566406,23.654146194458008,39.0,0
28.492,4,-80.0,50.603,-0.04716416820883751,-7.007236957550049,-1.0545299053192139,23.61825180053711,39.0,0
28.497,4,-80.0,50.5096,-0.05260414630174637,-3.3781092166900635,-0.6611474752426147,23.600303649902344,39.0,0
28.502,4,-80.0,50.3943,-0.060697291046381,-2.869600296020508,-0.5616245269775391,23.636198043823242,39.0,0
28.507,4,-80.0,50.2899,-0.056916601955890656,-4.188677787780762,-0.8197880983352661,23.636198043823242,39.0,0
28.512,4,-80.0,50.213,-0.04686807468533516,-6.128914833068848,-1.1995220184326172,23.600303649902344,39.0,0
28.517,4,-80.0,50.1306,-0.04697328805923462,-4.7150678634643555,-0.9228106737136841,23.636198043823242,39.0,0
28.522,4,-80.0,50.0262,-0.05410070717334747,-3.113720417022705,-0.6094025373458862,23.636198043823242,39.0,0
28.527,4,-80.0,49.9219,-0.05830371379852295,-3.4184508323669434,-0.6690429449081421,23.61825180053711,39.0,0
28.532,4,-80.0,49.823,-0.05489911884069443,-3.5034279823303223,-0.6856743097305298,23.636198043823242,39.0,0
28.537,4,-80.0,49.7461,-0.04561792314052582,-4.934691429138184,-0.9657943248748779,23.636198043823242,39.0,0
28.542,4,-80.0,49.6747,-0.04154137521982193,-6.403436660766602,-1.2532501220703125,23.636198043823242,39.0,0
28.547,4,-80.0,49.5868,-0.04732904210686684,-3.753547430038452,-0.7346264719963074,23.61825180053711,39.0,0
28.552,4,-80.0,49.4989,-0.04818397015333176,-4.56666374206543,-0.8937656879425049,23.61825180053711,39.0,0
28.557,4,-80.0,49.411,-0.04879017174243927,-4.601449012756348,-0.90057373046875,23.61825180053711,39.0,0
28.562,4,-80.0,49.3121,-0.052392855286598206,-4.416491985321045,-0.8643747568130493,23.636198043823242,39.0,0
28.567,4,-80.0,49.2188,-0.05092240124940872,-4.312872409820557,-0.8440948724746704,23.61825180053711,39.0,0
28.572,4,-80.0,49.1418,-0.04551646113395691,-5.936819076538086,-1.161926031112671,23.61825180053711,39.0,0
28.577,4,-80.0,49.0649,-0.04247952252626419,-6.6981024742126465,-1.3109207153320312,23.61825180053711,39.0,0
28.582,4,-80.0,49.0045,-0.036535073071718216,-7.333889484405518,-1.4353539943695068,23.636198043823242,39.0,0
28.587,4,-80.0,48.9441,-0.0345633402466774,-7.937427520751953,-1.5534756183624268,23.600303649902344,39.0,0
28.591,4,-80.0,48.8617,-0.04668760299682617,-4.969010353088379,-0.9725110530853271,23.600303649902344,39.0,0
28.597,4,-80.0,48.7408,-0.057351935654878616,-5.46144437789917,-1.0688879489898682,23.61825180053711,39.0,0
28.602,4,-80.0,48.6475,-0.05269237235188484,-5.708351135253906,-1.1172113418579102,23.61825180053711,39.0,0
28.607,4,-80.0,48.5651,-0.048760417848825455,-5.556393623352051,-1.0874710083007812,23.61825180053711,39.0,0
28.612,4,-80.0,48.4772,-0.04844988137483597,-3.4696149826049805,-0.6790565848350525,23.61825180053711,39.0,0
28.617,4,-80.0,48.3728,-0.05617878958582878,-3.5978481769561768,-0.7041537165641785,23.61825180053711,39.0,0
28.622,4,-80.0,48.252,-0.0633566677570343,-3.0961155891418457,-0.60595703125,23.61825180053711,39.0,0
28.627,4,-80.0,48.1531,-0.05880521237850189,-3.5667126178741455,-0.6980600357055664,23.636198043823242,39.0,0
28.632,4,-80.0,48.0652,-0.05024169385433197,-5.006969928741455,-0.9799403548240662,23.636198043823242,39.0,0
28.637,4,-80.0,47.9773,-0.049839552491903305,-3.76902437210083,-0.7376555800437927,23.636198043823242,39.0,0
28.642,4,-80.0,47.8674,-0.05922139436006546,-3.3226985931396484,-0.6503027677536011,23.61825180053711,39.0,0
28.647,4,-80.0,47.7466,-0.06549032777547836,-1.9599801301956177,-0.3835979700088501,23.636198043823242,39.0,0
28.652,4,-80.0,47.6477,-0.05484464392066002,-3.0853657722473145,-0.6038531064987183,23.61825180053711,39.0,0
28.657,4,-80.0,47.5708,-0.04760190472006798,-3.330751419067383,-0.651878833770752,23.61825180053711,39.0,0
28.662,4,-80.0,47.4719,-0.05241068825125694,-3.3700828552246094,-0.6595765948295593,23.636198043823242,39.0,0
28.667,4,-80.0,47.3676,-0.05837785080075264,-1.7989126443862915,-0.35207462310791016,23.61825180053711,39.0,0
28.672,4,-80.0,47.2522,-0.05980519577860832,-1.6270115375518799,-0.31843096017837524,23.636198043823242,39.0,0
28.677,4,-80.0,47.1643,-0.05130991339683533,-3.318812608718872,-0.6495422720909119,23.61825180053711,39.0,0
28.682,4,-80.0,47.0874,-0.04523809254169464,-3.261301279067993,-0.6382863521575928,23.61825180053711,39.0,0
28.687,4,-80.0,46.9995,-0.04881475865840912,-3.420743703842163,-0.669491708278656,23.61825180053711,39.0,0
28.692,4,-80.0,46.9061,-0.05181439220905304,-2.383700370788574,-0.46652650833129883,23.61825180053711,39.0,0
28.697,4,-80.0,46.8073,-0.05453268066048622,-2.3878402709960938,-0.4673367440700531,23.61825180053711,39.0,0
28.702,4,-80.0,46.7139,-0.05223790928721428,-2.836981773376465,-0.5552405714988708,23.61825180053711,39.0,0
28.706,4,-80.0,46.637,-0.04721364378929138,-3.8033180236816406,-0.7443673014640808,23.636198043823242,39.0,0
28.712,4,-80.0,46.5546,-0.043193235993385315,-4.041460037231445,-0.7909753322601318,23.61825180053711,39.0,0
28.717,4,-80.0,46.4886,-0.03979635238647461,-7.116529941558838,-1.3928134441375732,23.61825180053711,39.0,0
28.722,4,-80.0,46.4227,-0.03560375049710274,-6.177242279052734,-1.2089805603027344,23.61825180053711,39.0,0
28.727,4,-80.0,46.3458,-0.04375811293721199,-5.197144508361816,-1.017160415649414,23.600303649902344,39.0,0
28.732,4,-80.0,46.236,-0.05775865912437439,-2.811081647872925,-0.5501715540885925,23.61825180053711,39.0,0
28.737,4,-80.0,46.1316,-0.05638836696743965,-3.571065902709961,-0.6989120244979858,23.61825180053711,39.0,0
28.742,4,-80.0,46.0657,-0.040358614176511765,-5.6004862785339355,-1.0961005687713623,23.61825180053711,39.0,0
28.747,4,-80.0,46.0162,-0.030689923092722893,-8.124253273010254,-1.5900402069091797,23.600303649902344,39.0,0
28.752,4,-80.0,45.9668,-0.028035525232553482,-9.974328994750977,-1.952128291130066,23.61825180053711,39.0,0
28.757,4,-80.0,45.9119,-0.03129233792424202,-8.75084114074707,-1.7126730680465698,23.61825180053711,39.0,0
28.762,4,-80.0,45.8295,-0.04312055930495262,-7.975371837615967,-1.5609018802642822,23.61825180053711,39.0,0
28.767,4,-80.0,45.7086,-0.06151470169425011,-4.531242847442627,-0.8868333697319031,23.61825180053711,39.0,0
28.772,4,-80.0,45.5933,-0.06068868190050125,-4.921236991882324,-0.9631611108779907,23.636198043823242,39.0,0
28.777,4,-80.0,45.5328,-0.04149458184838295,-7.613537311553955,-1.4900853633880615,23.636198043823242,39.0,0
28.782,4,-80.0,45.4889,-0.029087385162711143,-10.464380264282227,-2.0480387210845947,23.61825180053711,39.0,0
28.787,4,-80.0,45.423,-0.03429938852787018,-10.500298500061035,-2.0550684928894043,23.61825180053711,39.0,0
28.792,4,-80.0,45.3461,-0.040015749633312225,-10.21377182006836,-1.998990774154663,23.61825180053711,39.0,0
28.797,4,-80.0,45.2637,-0.04590927064418793,-7.97182559967041,-1.5602078437805176,23.600303649902344,39.0,0
28.802,4,-80.0,45.1593,-0.055398114025592804,-7.71360969543457,-1.5096710920333862,23.61825180053711,39.0,0
28.807,4,-80.0,45.0549,-0.056989945471286774,-7.91712760925293,-1.5495026111602783,23.636198043823242,39.0,0
28.812,4,-80.0,44.978,-0.04454264044761658,-9.357074737548828,-1.831322193145752,23.61825180053711,39.0,0
28.817,4,-80.0,44.9231,-0.03439609333872795,-11.41123104095459,-2.233351945877075,23.600303649902344,39.0,0
28.822,4,-80.0,44.8517,-0.03946082293987274,-10.162529945373535,-1.9889620542526245,23.61825180053711,39.0,0
28.827,4,-80.0,44.7528,-0.05306188017129898,-7.5932936668396,-1.4861233234405518,23.600303649902344,39.0,0
28.832,4,-80.0,44.6265,-0.06696075201034546,-6.099859714508057,-1.1938354969024658,23.61825180053711,39.0,0
28.837,4,-80.0,44.5056,-0.06591777503490448,-6.900848388671875,-1.3506011962890625,23.636198043823242,39.0,0
28.842,4,-80.0,44.4177,-0.052289776504039764,-8.824748992919922,-1.7271379232406616,23.636198043823242,39.0,0
28.847,4,-80.0,44.3463,-0.04263222962617874,-7.9629740715026855,-1.558475375175476,23.600303649902344,39.0,0
28.852,4,-80.0,44.2419,-0.057234957814216614,-6.214311599731445,-1.2162355184555054,23.61825180053711,39.0,0
28.857,4,-80.0,44.0936,-0.07387731224298477,-3.4385793209075928,-0.672982394695282,23.654146194458008,39.0,0
28.862,4,-80.0,43.9838,-0.06407344341278076,-3.8128209114074707,-0.7462271451950073,23.636198043823242,39.0,0
28.867,4,-80.0,43.8959,-0.05274331942200661,-4.947204113006592,-0.9682433009147644,23.61825180053711,39.0,0
28.872,4,-80.0,43.808,-0.051149338483810425,-5.136277198791504,-1.005247712135315,23.61825180053711,39.0,0
28.877,4,-80.0,43.6926,-0.05955437570810318,-3.579326629638672,-0.7005288004875183,23.61825180053711,39.0,0
28.882,4,-80.0,43.5718,-0.06557106226682663,-3.1584813594818115,-0.6181629300117493,23.636198043823242,39.0,0
28.887,4,-80.0,43.4784,-0.05386121943593025,-4.994028091430664,-0.9774073958396912,23.636198043823242,39.0,0
28.892,4,-80.0,43.396,-0.049353256821632385,-5.157192707061768,-1.0093412399291992,23.600303649902344,39.0,0
28.897,4,-80.0,43.2971,-0.0532127283513546,-2.4757602214813232,-0.484544038772583,23.61825180053711,39.0,0
28.902,4,-80.0,43.1818,-0.06208654120564461,-1.9767006635665894,-0.38687044382095337,23.636198043823242,39.0,0
28.907,4,-80.0,43.0719,-0.059664931148290634,-3.3325035572052,-0.6522217392921448,23.636198043823242,39.0,0
28.912,4,-80.0,43.0005,-0.045163750648498535,-5.4489874839782715,-1.0664499998092651,23.61825180053711,39.0,0
28.917,4,-80.0,42.9291,-0.042800430208444595,-4.823047637939453,-0.943943977355957,23.61825180053711,39.0,0
28.922,4,-80.0,42.8302,-0.050983261317014694,-3.2147276401519775,-0.6291712522506714,23.61825180053711,39.0,0
28.927,4,-80.0,42.7258,-0.05733839422464371,-2.2039992809295654,-0.4313562512397766,23.61825180053711,39.0,0
28.932,4,-80.0,42.6215,-0.05684720352292061,-3.1349308490753174,-0.6135537624359131,23.61825180053711,39.0,0
28.937,4,-80.0,42.5391,-0.047871220856904984,-5.051088333129883,-0.9885749816894531,23.636198043823242,39.0,0
28.942,4,-80.0,42.4677,-0.04247347265481949,-5.873140811920166,-1.149463176727295,23.636198043823242,39.0,0
28.947,4,-80.0,42.3798,-0.046649012714624405,-4.983061790466309,-0.9752611517906189,23.636198043823242,39.0,0
28.952,4,-80.0,42.2919,-0.04736241698265076,-3.538167953491211,-0.6924734115600586,23.636198043823242,39.0,0
28.957,4,-80.0,42.204,-0.04945364221930504,-4.459812641143799,-0.8525895476341248,23.61825180053711,39.0,0
28.962,4,-80.0,42.1051,-0.054245106875896454,-3.6791319847106934,-0.720062255859375,23.61825180053711,39.0,0
28.967,4,-80.0,42.0117,-0.05176907032728195,-2.976332902908325,-0.7744356989860535,23.636198043823242,39.0,0
28.972,4,-80.0,41.9293,-0.04721946269273758,-4.6887006759643555,-0.9176502227783203,23.61825180053711,39.0,0
28.977,4,-80.0,41.8469,-0.04597930982708931,-6.274728298187256,-1.228060007095337,23.636198043823242,39.0,0
28.982,4,-80.0,41.77,-0.04361262172460556,-5.747796535491943,-1.1249314546585083,23.61825180053711,39.0,0
28.987,4,-80.0,41.6931,-0.042367756366729736,-6.591185092926025,-1.2899954319000244,23.61825180053711,39.0,0
28.992,4,-80.0,41.6107,-0.04694141820073128,-6.0900468826293945,-1.1919150352478027,23.600303649902344,39.0,0
28.997,4,-80.0,41.5173,-0.04993971809744835,-5.404274940490723,-1.0576989650726318,23.61825180053711,39.0,0
29.001,4,-80.0,41.4349,-0.04725024476647377,-6.530363082885742,-1.2780916690826416,23.636198043823242,39.0,0
29.007,4,-80.0,41.3525,-0.046900391578674316,-6.6184000968933105,-1.2953217029571533,23.61825180053711,39.0,0
29.012,4,-80.0,41.2701,-0.04540392756462097,-5.077341079711914,-0.9937130808830261,23.61825180053711,39.0,0
29.017,4,-80.0,41.1713,-0.052212003618478775,-4.778507709503174,-0.9352267980575562,23.61825180053711,39.0,0
29.022,4,-80.0,41.0559,-0.06142737716436386,-3.010883092880249,-0.5892757177352905,23.636198043823242,39.0,0
29.027,4,-80.0,40.9515,-0.05847573280334473,-3.576906442642212,-0.7000551223754883,23.61825180053711,39.0,0
29.032,4,-80.0,40.8636,-0.051057297736406326,-5.601912498474121,-1.0963797569274902,23.636198043823242,39.0,0
29.037,4,-80.0,40.7703,-0.051758766174316406,-3.5066089630126953,-0.686296820640564,23.61825180053711,39.0,0
29.042,4,-80.0,40.6549,-0.06131512671709061,-1.7724766731262207,-0.34690070152282715,23.61825180053711,39.0,0
29.047,4,-80.0,40.5396,-0.06306188553571701,-1.895326018333435,-0.37094420194625854,23.61825180053711,39.0,0
29.052,4,-80.0,40.4517,-0.05333186686038971,-3.8013598918914795,-0.7021570205688477,23.636198043823242,39.0,0
29.057,4,-80.0,40.3693,-0.04767525941133499,-4.037594795227051,-0.7902188301086426,23.636198043823242,39.0,0
29.062,4,-80.0,40.2704,-0.052573174238204956,-2.941026449203491,-0.575603723526001,23.61825180053711,39.0,0
29.067,4,-80.0,40.1605,-0.05901063606142998,-1.639726996421814,-0.32091957330703735,23.636198043823242,39.0,0
29.072,4,-80.0,40.0616,-0.05582704767584801,-2.6707491874694824,-0.5227063298225403,23.61825180053711,39.0,0
29.077,4,-80.0,39.9792,-0.04875924065709114,-3.288538694381714,-0.6436171531677246,23.61825180053711,39.0,0
29.082,4,-80.0,39.8969,-0.046395085752010345,-3.837620735168457,-0.7510808706283569,23.636198043823242,39.0,0
29.087,4,-80.0,39.809,-0.047988008707761765,-3.12929105758667,-0.6124500036239624,23.61825180053711,39.0,0
29.092,4,-80.0,39.7156,-0.052025001496076584,-3.052802085876465,-0.5974798798561096,23.636198043823242,39.0,0
29.097,4,-80.0,39.6112,-0.05577905848622322,-1.415140151977539,-0.2769645154476166,23.61825180053711,39.0,0
29.102,4,-80.0,39.5178,-0.05373185873031616,-2.6139285564422607,-0.5115856528282166,23.61825180053711,39.0,0
29.107,4,-80.0,39.4354,-0.046775225549936295,-3.5663347244262695,-0.6979860663414001,23.61825180053711,39.0,0
29.112,4,-80.0,39.364,-0.04254956543445587,-4.602806091308594,-0.9008393287658691,23.61825180053711,39.0,0
29.117,4,-80.0,39.2926,-0.03997395932674408,-5.2923078536987305,-1.0357853174209595,23.636198043823242,39.0,0
29.122,4,-80.0,39.2322,-0.035053763538599014,-6.482517719268799,-1.2687275409698486,23.61825180053711,39.0,0
29.127,4,-80.0,39.1498,-0.04323793202638626,-5.026179313659668,-0.9836999773979187,23.61825180053711,39.0,0
29.132,4,-80.0,39.0399,-0.05800639092922211,-2.7849559783935547,-0.5450583100318909,23.61825180053711,39.0,0
29.137,4,-80.0,38.9355,-0.055399198085069656,-3.3614895343780518,-0.6578947305679321,23.636198043823242,39.0,0
29.142,4,-80.0,38.8696,-0.04041951149702072,-5.4950056076049805,-1.0754563808441162,23.61825180053711,39.0,0
29.147,4,-80.0,38.8202,-0.03191818669438362,-8.011846542358398,-1.5680406093597412,23.61825180053711,39.0,0
29.152,4,-80.0,38.7708,-0.028768565505743027,-8.817112922668457,-1.7256433963775635,23.61825180053711,39.0,0
29.157,4,-80.0,38.7103,-0.03044891357421875,-9.156346321105957,-1.792036533355713,23.600303649902344,39.0,0
29.162,4,-80.0,38.6334,-0.042501624673604965,-6.984922409057617,-1.3670557737350464,23.61825180053711,39.0,0
29.167,4,-80.0,38.5126,-0.06120012700557709,-4.98565673828125,-0.97576904296875,23.61825180053711,39.0,0
29.172,4,-80.0,38.3972,-0.06255669891834259,-4.205757141113281,-0.8231307864189148,23.636198043823242,39.0,0
29.177,4,-80.0,38.3203,-0.04543888568878174,-6.98936653137207,-1.3679256439208984,23.636198043823242,39.0,0
29.182,4,-80.0,38.2764,-0.03143813833594322,-9.692743301391602,-1.8970177173614502,23.61825180053711,39.0,0
29.187,4,-80.0,38.2159,-0.03291911631822586,-9.680185317993164,-1.8945598602294922,23.61825180053711,39.0,0
29.192,4,-80.0,38.139,-0.04039527848362923,-9.969330787658691,-1.9511499404907227,23.61825180053711,39.0,0
29.197,4,-80.0,38.0457,-0.05108797922730446,-7.639887809753418,-1.4952425956726074,23.600303649902344,39.0,0
29.202,4,-80.0,37.9303,-0.060309380292892456,-6.472411632537842,-1.266749620437622,23.61825180053711,39.0,0
29.207,4,-80.0,37.8369,-0.05308285728096962,-5.993910312652588,-1.1730996370315552,23.636198043823242,39.0,0
29.212,4,-80.0,37.771,-0.04078681766986847,-9.909427642822266,-1.9394259452819824,23.61825180053711,39.0,0
29.217,4,-80.0,37.7106,-0.03454848378896713,-10.583183288574219,-2.0712902545928955,23.600303649902344,39.0,0
29.222,4,-80.0,37.6337,-0.04050125554203987,-9.50118350982666,-1.859526515007019,23.61825180053711,39.0,0
29.227,4,-80.0,37.5348,-0.053173575550317764,-6.921924114227295,-1.3547260761260986,23.61825180053711,39.0,0
29.232,4,-80.0,37.4084,-0.06578909605741501,-5.4682159423828125,-1.0702131986618042,23.61825180053711,39.0,0
29.237,4,-80.0,37.2986,-0.061360206454992294,-7.549259662628174,-1.4775052070617676,23.61825180053711,39.0,0
29.242,4,-80.0,37.2217,-0.0472836047410965,-9.293261528015137,-1.8188328742980957,23.636198043823242,39.0,0
29.247,4,-80.0,37.1503,-0.04087164252996445,-8.975653648376465,-1.7566722631454468,23.61825180053711,39.0,0
29.252,4,-80.0,37.0514,-0.05390898138284683,-5.55249547958374,-1.336281180381775,23.61825180053711,39.0,0
29.257,4,-80.0,36.9086,-0.07278236001729965,-2.782529830932617,-0.5445834994316101,23.636198043823242,39.0,0
29.262,4,-80.0,36.7877,-0.06524008512496948,-4.451115608215332,-0.8711511492729187,23.636198043823242,39.0,0
29.267,4,-80.0,36.6998,-0.0557846836745739,-3.8658127784729004,-0.7565984725952148,23.636198043823242,39.0,0
29.272,4,-80.0,36.59,-0.060153476893901825,-3.08819580078125,-0.604407012462616,23.61825180053711,39.0,0
29.277,4,-80.0,36.4636,-0.06791587173938751,-2.3397679328918457,-0.45792824029922485,23.636198043823242,39.0,0
29.282,4,-80.0,36.3593,-0.057326577603816986,-4.6559529304504395,-0.9112409353256226,23.636198043823242,39.0,0
29.287,4,-80.0,36.2933,-0.04409923031926155,-6.120514392852783,-1.1978780031204224,23.636198043823242,39.0,0
29.292,4,-80.0,36.2,-0.05039896443486214,-3.837296724319458,-0.7510174512863159,23.61825180053711,39.0,0
29.297,4,-80.0,36.0846,-0.06140654906630516,-1.7026938199996948,-0.33324313163757324,23.636198043823242,39.0,0
29.302,4,-80.0,35.9637,-0.06509167701005936,-1.6638493537902832,-0.3256406784057617,23.61825180053711,39.0,0
29.306,4,-80.0,35.8759,-0.05550593137741089,-3.5564382076263428,-0.696049153804779,23.61825180053711,39.0,0
29.312,4,-80.0,35.799,-0.042866602540016174,-5.533409118652344,-1.082972526550293,23.61825180053711,39.0,0
29.317,4,-80.0,35.722,-0.043424565345048904,-7.3038153648376465,-1.429468035697937,23.61825180053711,39.0,0
29.322,4,-80.0,35.6287,-0.048689283430576324,-3.8079886436462402,-0.745281457901001,23.61825180053711,39.0,0
29.327,4,-80.0,35.5353,-0.05334295332431793,-4.985177993774414,-0.9756753444671631,23.61825180053711,39.0,0
29.332,4,-80.0,35.4254,-0.05723712220788002,-2.7028017044067383,-0.528979480266571,23.61825180053711,39.0,0
29.337,4,-80.0,35.3375,-0.05137781798839569,-4.041693687438965,-0.7910211086273193,23.61825180053711,39.0,0
29.342,4,-80.0,35.2606,-0.04290960729122162,-4.729663372039795,-0.9256671667098999,23.61825180053711,39.0,0
29.347,4,-80.0,35.1782,-0.04534013941884041,-4.823358058929443,-0.9440046548843384,23.636198043823242,39.0,0
29.352,4,-80.0,35.1013,-0.04519806429743767,-5.033419132232666,-0.9851168990135193,23.61825180053711,39.0,0
29.356,4,-80.0,35.0189,-0.047320373356342316,-5.470516681671143,-1.0706634521484375,23.600303649902344,39.0,0
29.361,4,-80.0,34.92,-0.05183510482311249,-4.180742263793945,-0.818234920501709,23.61825180053711,39.0,0
29.367,4,-80.0,34.8212,-0.052290670573711395,-3.9518508911132812,-0.7734375,23.61825180053711,39.0,0
29.372,4,-80.0,34.7388,-0.0478346161544323,-6.018746376037598,-1.1779603958129883,23.636198043823242,39.0,0
29.377,4,-80.0,34.6564,-0.04694179445505142,-5.39832878112793,-1.056535243988037,23.636198043823242,39.0,0
29.382,4,-80.0,34.5685,-0.04786142334342003,-5.030336380004883,-0.984513521194458,23.636198043823242,39.0,0
29.387,4,-80.0,34.4751,-0.05027193948626518,-3.9670088291168213,-0.776404082775116,23.600303649902344,39.0,0
29.392,4,-80.0,34.3817,-0.05232355371117592,-4.5331034660339355,-0.8871974945068359,23.636198043823242,39.0,0
29.397,4,-80.0,34.2993,-0.04695441201329231,-5.339720249176025,-1.0450646877288818,23.636198043823242,39.0,0
29.402,4,-80.0,34.2279,-0.04240499064326286,-5.720521450042725,-1.1195932626724243,23.61825180053711,39.0,0
29.407,4,-80.0,34.14,-0.045503996312618256,-5.060693740844727,-0.990454912185669,23.636198043823242,39.0,0
29.412,4,-80.0,34.0576,-0.046219341456890106,-5.595232009887695,-1.0950721502304077,23.600303649902344,39.0,0
29.417,4,-80.0,33.9642,-0.05268919840455055,-4.115965843200684,-0.8055572509765625,23.61825180053711,39.0,0
29.422,4,-80.0,33.8489,-0.058685868978500366,-3.513179063796997,-0.6875826716423035,23.636198043823242,39.0,0
29.427,4,-80.0,33.75,-0.055656660348176956,-3.7977776527404785,-0.7432829737663269,23.636198043823242,39.0,0
29.432,4,-80.0,33.6676,-0.04879698529839516,-4.271254539489746,-0.8359495997428894,23.636198043823242,39.0,0
29.437,4,-80.0,33.5797,-0.04982056841254234,-3.841696262359619,-0.7518784999847412,23.600303649902344,39.0,0
29.441,4,-80.0,33.4753,-0.05783816799521446,-3.144376754760742,-0.6154024600982666,23.61825180053711,39.0,0
29.446,4,-80.0,33.36,-0.0637478306889534,-2.344348907470703,-0.4588248133659363,23.636198043823242,39.0,0
29.452,4,-80.0,33.2611,-0.05381659418344498,-2.942521572113037,-0.5758963227272034,23.636198043823242,39.0,0
29.457,4,-80.0,33.1787,-0.04731191694736481,-3.9216504096984863,-0.7675267457962036,23.636198043823242,39.0,0
29.462,4,-80.0,33.0798,-0.054301489144563675,-2.156311273574829,-0.4220229983329773,23.61825180053711,39.0,0
29.467,4,-80.0,32.9645,-0.061313651502132416,-0.3836161196231842,-0.0750795230269432,23.61825180053711,39.0,0
29.472,4,-80.0,32.8546,-0.06007421761751175,-1.8173668384552002,-0.35568639636039734,23.61825180053711,39.0,0
29.477,4,-80.0,32.7722,-0.04852968081831932,-3.6612305641174316,-0.7165586352348328,23.636198043823242,39.0,0
29.482,4,-80.0,32.7063,-0.04092804715037346,-4.171097278594971,-0.8163473606109619,23.61825180053711,39.0,0
29.487,4,-80.0,32.6239,-0.04616333544254303,-2.7679102420806885,-0.5417222380638123,23.61825180053711,39.0,0
29.492,4,-80.0,32.525,-0.052352093160152435,-2.552618980407715,-0.49958646297454834,23.636198043823242,39.0,0
29.497,4,-80.0,32.4207,-0.05584725737571716,-2.1123878955841064,-0.4134265184402466,23.636198043823242,39.0,0
29.502,4,-80.0,32.3218,-0.05485914275050163,-2.5887131690979004,-0.5066506266593933,23.61825180053711,39.0,0
29.507,4,-80.0,32.2394,-0.046884145587682724,-3.866554021835327,-0.7567436099052429,23.61825180053711,39.0,0
29.512,4,-80.0,32.168,-0.04267895221710205,-4.475743770599365,-0.875971257686615,23.61825180053711,39.0,0
29.517,4,-80.0,32.0966,-0.04057121276855469,-4.4896559715271,-0.8786940574645996,23.636198043823242,39.0,0
29.522,4,-80.0,32.0361,-0.0367463193833828,-5.942047119140625,-1.1629492044448853,23.61825180053711,39.0,0
29.527,4,-80.0,31.9537,-0.04299622401595116,-4.577704906463623,-0.8959266543388367,23.61825180053711,39.0,0
29.532,4,-80.0,31.8439,-0.057682573795318604,-2.8233747482299805,-0.5525774955749512,23.600303649902344,39.0,0
29.537,4,-80.0,31.7395,-0.05626288801431656,-2.73219633102417,-0.534732460975647,23.61825180053711,39.0,0
29.542,4,-80.0,31.6736,-0.04240729287266731,-6.052972316741943,-1.1846590042114258,23.636198043823242,39.0,0
29.547,4,-80.0,31.6132,-0.03413679450750351,-7.048650741577148,-1.3795284032821655,23.636198043823242,39.0,0
29.552,4,-80.0,31.5692,-0.027655068784952164,-9.743738174438477,-1.9069981575012207,23.61825180053711,39.0,0
29.557,4,-80.0,31.5198,-0.027893804013729095,-9.813579559326172,-1.9206671714782715,23.61825180053711,39.0,0
29.562,4,-80.0,31.4374,-0.04370265081524849,-6.528744220733643,-1.277774691581726,23.636198043823242,39.0,0
29.567,4,-80.0,31.311,-0.06270390748977661,-4.03803014755249,-0.7913450598716736,23.61825180053711,39.0,0
29.572,4,-80.0,31.2012,-0.05940497666597366,-4.328171730041504,-0.8470892310142517,23.636198043823242,39.0,0
29.577,4,-80.0,31.1353,-0.043064799159765244,-6.857316017150879,-1.3420813083648682,23.636198043823242,39.0,0
29.582,4,-80.0,31.0748,-0.035725027322769165,-9.628204345703125,-1.884386420249939,23.61825180053711,39.0,0
29.587,4,-80.0,31.0034,-0.03837171569466591,-9.489115715026855,-1.8571646213531494,23.600303649902344,39.0,0
29.592,4,-80.0,30.9265,-0.04458825662732124,-7.073280334472656,-1.384348750114441,23.61825180053711,39.0,0
29.597,4,-80.0,30.8167,-0.05667982995510101,-5.559222221374512,-1.0880244970321655,23.636198043823242,39.0,0
29.602,4,-80.0,30.7068,-0.05947287008166313,-5.298337459564209,-1.0369653701782227,23.636198043823242,39.0,0
29.607,4,-80.0,30.6244,-0.047639310359954834,-7.458563327789307,-1.459754467010498,23.636198043823242,39.0,0
29.612,4,-80.0,30.564,-0.0383872389793396,-9.599161148071289,-1.878702163696289,23.61825180053711,39.0,0
29.617,4,-80.0,30.4926,-0.03810228407382965,-9.710320472717285,-1.900457739830017,23.61825180053711,39.0,0
29.622,4,-80.0,30.4156,-0.04340372979640961,-7.648379325866699,-1.4969043731689453,23.600303649902344,39.0,0
29.627,4,-80.0,30.3113,-0.056322939693927765,-6.483669757843018,-1.2689529657363892,23.61825180053711,39.0,0
29.632,4,-80.0,30.1849,-0.06453526020050049,-4.822432518005371,-0.9438235759735107,23.636198043823242,39.0,0
29.637,4,-80.0,30.0916,-0.05530619993805885,-6.654649257659912,-1.3024163246154785,23.61825180053711,39.0,0
29.642,4,-80.0,30.0201,-0.041756972670555115,-10.346424102783203,-2.0249528884887695,23.61825180053711,39.0,0
29.647,4,-80.0,29.9597,-0.03618508204817772,-9.19499683380127,-1.7996010780334473,23.600303649902344,39.0,0
29.652,4,-80.0,29.8663,-0.05062081664800644,-6.313105583190918,-1.235571026802063,23.61825180053711,39.0,0
29.656,4,-80.0,29.74,-0.0697430819272995,-3.8310413360595703,-0.7497931718826294,23.636198043823242,39.0,0
29.662,4,-80.0,29.6027,-0.06655813753604889,-3.1915318965911865,-0.624631404876709,23.636198043823242,39.0,0
29.667,4,-80.0,29.5148,-0.05597716197371483,-4.653714179992676,-0.9108028411865234,23.636198043823242,39.0,0
29.672,4,-80.0,29.4049,-0.0594504214823246,-2.1842427253723145,-0.42748960852622986,23.636198043823242,39.0,0
29.677,4,-80.0,29.2731,-0.06953661143779755,-1.710770606994629,-0.3348239064216614,23.636198043823242,39.0,0
29.682,4,-80.0,29.1632,-0.06338238716125488,-3.292466640472412,-0.6443859338760376,23.636198043823242,39.0,0
29.687,4,-80.0,29.0918,-0.04546872898936272,-4.761231422424316,-0.9318455457687378,23.61825180053711,39.0,0
29.692,4,-80.0,29.0094,-0.046455077826976776,-6.655876159667969,-1.3026564121246338,23.61825180053711,39.0,0
29.697,4,-80.0,28.905,-0.0567873939871788,-2.2177398204803467,-0.4340454936027527,23.636198043823242,39.0,0
29.702,4,-80.0,28.7787,-0.06499538570642471,-1.9184669256210327,-0.3754732310771942,23.636198043823242,39.0,0
29.707,4,-80.0,28.6743,-0.058188676834106445,-2.601147413253784,-0.5090842247009277,23.636198043823242,39.0,0
29.712,4,-80.0,28.6029,-0.04421350359916687,-5.181684494018555,-1.0141346454620361,23.61825180053711,39.0,0
29.717,4,-80.0,28.5315,-0.04404192790389061,-4.491621494293213,-0.8790788054466248,23.61825180053711,39.0,0
29.722,4,-80.0,28.4326,-0.05137907341122627,-3.554388999938965,-0.6956480741500854,23.61825180053711,39.0,0
29.727,4,-80.0,28.3337,-0.05507707595825195,-2.6153879165649414,-0.5592000484466553,23.61825180053711,39.0,0
29.732,4,-80.0,28.2294,-0.05639733746647835,-1.9050655364990234,-0.5420454740524292,23.636198043823242,39.0,0
29.737,4,-80.0,28.147,-0.04855192080140114,-4.151188373565674,-0.8124508261680603,23.61825180053711,39.0,0
29.742,4,-80.0,28.0701,-0.04405643045902252,-4.981462478637695,-0.9749481678009033,23.636198043823242,39.0,0
29.747,4,-80.0,27.9822,-0.047559984028339386,-3.7752702236175537,-0.7662315368652344,23.61825180053711,39.0,0
29.752,4,-80.0,27.8943,-0.04904715344309807,-3.3288493156433105,-0.6515065431594849,23.61825180053711,39.0,0
29.757,4,-80.0,27.8064,-0.04939926415681839,-3.7261924743652344,-0.729272723197937,23.61825180053711,39.0,0
29.762,4,-80.0,27.713,-0.05187306925654411,-4.026427268981934,-0.7880332469940186,23.636198043823242,39.0,0
29.767,4,-80.0,27.6196,-0.05004487559199333,-4.581003665924072,-0.8965722322463989,23.61825180053711,39.0,0
29.772,4,-80.0,27.5372,-0.04666276276111603,-4.492676734924316,-0.8792852759361267,23.636198043823242,39.0,0
29.777,4,-80.0,27.4548,-0.0478905588388443,-3.683004856109619,-0.7208201885223389,23.61825180053711,39.0,0
29.782,4,-80.0,27.3669,-0.04901960864663124,-3.7718303203582764,-0.7382047176361084,23.61825180053711,39.0,0
29.787,4,-80.0,27.2736,-0.051150668412446976,-3.8713626861572266,-0.7576847076416016,23.61825180053711,39.0,0
29.792,4,-80.0,27.1747,-0.053509630262851715,-3.4511241912841797,-0.6754376292228699,23.636198043823242,39.0,0
29.797,4,-80.0,27.0868,-0.04869158938527107,-4.415257930755615,-0.8641332983970642,23.61825180053711,39.0,0
29.802,4,-80.0,27.0154,-0.042628634721040726,-5.376888275146484,-1.05233895778656,23.636198043823242,39.0,0
29.807,4,-80.0,26.9385,-0.04383547976613045,-7.30507230758667,-1.4297139644622803,23.61825180053711,39.0,0
29.812,4,-80.0,26.8561,-0.0450064092874527,-6.548649787902832,-1.2816705703735352,23.636198043823242,39.0,0
29.817,4,-80.0,26.7627,-0.051450323313474655,-4.79924201965332,-0.9392848014831543,23.61825180053711,39.0,0
29.822,4,-80.0,26.6528,-0.05667133629322052,-4.00990629196167,-0.7847997546195984,23.636198043823242,39.0,0
29.827,4,-80.0,26.5594,-0.05405531823635101,-4.326967716217041,-0.8468536138534546,23.61825180053711,39.0,0
29.832,4,-80.0,26.4771,-0.048531584441661835,-3.817559003829956,-0.7471544742584229,23.636198043823242,39.0,0
29.837,4,-80.0,26.3892,-0.0498291477560997,-4.779509544372559,-0.9354228973388672,23.61825180053711,39.0,0
29.842,4,-80.0,26.2848,-0.056519508361816406,-2.9682841300964355,-0.580938458442688,23.61825180053711,39.0,0
29.847,4,-80.0,26.1639,-0.0626840889453888,-2.3080477714538574,-0.45172011852264404,23.61825180053711,39.0,0
29.852,4,-80.0,26.0706,-0.05437535047531128,-2.9004948139190674,-0.5676710605621338,23.61825180053711,39.0,0
29.857,4,-80.0,25.9882,-0.047119140625,-3.838348388671875,-0.7512233257293701,23.636198043823242,39.0,0
29.862,4,-80.0,25.9003,-0.05155647173523903,-3.114924669265747,-0.6096382737159729,23.61825180053711,39.0,0
29.867,4,-80.0,25.7904,-0.058376844972372055,-2.2070984840393066,-0.43196284770965576,23.61825180053711,39.0,0
29.872,4,-80.0,25.6805,-0.060332246124744415,-0.7132197022438049,-0.13958796858787537,23.61825180053711,39.0,0
29.877,4,-80.0,25.5872,-0.05167132616043091,-2.8588738441467285,-0.559525191783905,23.636198043823242,39.0,0
29.882,4,-80.0,25.5157,-0.045041099190711975,-3.597860097885132,-0.7041560411453247,23.61825180053711,39.0,0
29.887,4,-80.0,25.4279,-0.04683951288461685,-3.055453300476074,-0.5979987978935242,23.61825180053711,39.0,0
29.892,4,-80.0,25.3345,-0.050591934472322464,-2.065802812576294,-0.40430909395217896,23.61825180053711,39.0,0
29.897,4,-80.0,25.2356,-0.05449463427066803,-1.9641587734222412,-0.38441580533981323,23.61825180053711,39.0,0
29.902,4,-80.0,25.1367,-0.0552561953663826,-2.8309860229492188,-0.5540671348571777,23.61825180053711,39.0,0
29.907,4,-80.0,25.0488,-0.05022655054926872,-3.0029828548431396,-0.5877295136451721,23.600303649902344,39.0,0
29.912,4,-80.0,24.9719,-0.04353075474500656,-3.9579429626464844,-0.7746297717094421,23.61825180053711,39.0,0
29.917,4,-80.0,24.9005,-0.041033800691366196,-4.143727779388428,-0.8109907507896423,23.636198043823242,39.0,0
29.922,4,-80.0,24.8291,-0.0396384596824646,-5.781508922576904,-1.131529450416565,23.636198043823242,39.0,0
29.927,4,-80.0,24.7522,-0.04386809840798378,-5.024598598480225,-0.9833905100822449,23.600303649902344,39.0,0
29.932,4,-80.0,24.6423,-0.056018635630607605,-2.617586851119995,-0.5123016834259033,23.61825180053711,39.0,0
29.937,4,-80.0,24.5435,-0.05455738306045532,-3.0188732147216797,-0.5908395051956177,23.61825180053711,39.0,0
29.942,4,-80.0,24.472,-0.042835116386413574,-6.238772869110107,-1.2210229635238647,23.61825180053711,39.0,0
29.947,4,-80.0,24.4116,-0.036149363964796066,-7.415571689605713,-1.4513404369354248,23.61825180053711,39.0,0
29.952,4,-80.0,24.3622,-0.029035400599241257,-8.991423606872559,-1.759758710861206,23.61825180053711,39.0,0
29.957,4,-80.0,24.3182,-0.026661857962608337,-9.500136375427246,-1.8593214750289917,23.600303649902344,39.0,0
29.962,4,-80.0,24.2303,-0.044418249279260635,-7.364459991455078,-1.4413371086120605,23.600303649902344,39.0,0
29.967,4,-80.0,24.104,-0.06417134404182434,-3.8380730152130127,-0.7511694431304932,23.636198043823242,39.0,0
29.972,4,-80.0,23.9996,-0.05729716271162033,-5.308360576629639,-1.0389270782470703,23.636198043823242,39.0,0
29.977,4,-80.0,23.9392,-0.040311358869075775,-7.620941638946533,-1.4915344715118408,23.636198043823242,39.0,0
29.982,4,-80.0,23.8788,-0.03564636409282684,-9.09603214263916,-1.7802321910858154,23.600303649902344,39.0,0
29.987,4,-80.0,23.8074,-0.037462420761585236,-8.50339412689209,-1.6642439365386963,23.600303649902344,39.0,0
29.992,4,-80.0,23.725,-0.044677749276161194,-8.400054931640625,-1.6440188884735107,23.61825180053711,39.0,0
29.996,4,-80.0,23.6206,-0.05881596356630325,-6.110302448272705,-1.195879340171814,23.61825180053711,39.0,0
30.002,4,-80.0,23.4943,-0.06163722276687622,-4.5157246589660645,-0.8837961554527283,23.636198043823242,39.0,0
30.007,4,-80.0,23.4229,-0.04638407751917839,-7.395569801330566,-1.4474258422851562,23.690038681030273,39.0,0
30.012,4,-80.0,23.3624,-0.03664444014430046,-9.650351524353027,-1.888720989227295,23.61825180053711,39.0,0
30.017,4,-80.0,23.291,-0.03873603418469429,-7.915491580963135,-1.549182415008545,23.61825180053711,39.0,0
30.022,4,-80.0,23.2031,-0.04651771858334541,-6.8519206047058105,-1.3410252332687378,23.61825180053711,39.0,0
30.027,4,-80.0,23.0878,-0.06219916790723801,-5.1158318519592285,-1.0012463331222534,23.61825180053711,39.0,0
30.032,4,-80.0,22.9669,-0.06342162936925888,-4.238949298858643,-0.8296270370483398,23.636198043823242,39.0,0
30.036,4,-80.0,22.8845,-0.050720587372779846,-7.577354431152344,-1.483003854751587,23.636198043823242,39.0,0
30.042,4,-80.0,22.8131,-0.04101143404841423,-7.727100849151611,-1.5123114585876465,23.636198043823242,39.0,0
30.047,4,-80.0,22.7527,-0.03615012392401695,-9.217182159423828,-1.8039430379867554,23.600303649902344,39.0,0
30.052,4,-80.0,22.6703,-0.046330876648426056,-5.866096496582031,-1.1480845212936401,23.600303649902344,39.0,0
30.057,4,-80.0,22.5439,-0.06623701751232147,-4.312170505523682,-0.8439575433731079,23.636198043823242,39.0,0
30.062,4,-80.0,22.4066,-0.06808265298604965,-3.5949223041534424,-0.7035810947418213,23.636198043823242,39.0,0
30.067,4,-80.0,22.3132,-0.05734899267554283,-4.943041801452637,-0.9674286246299744,23.636198043823242,39.0,0
30.072,4,-80.0,22.2198,-0.05415591225028038,-4.961380481719971,-0.9710177779197693,23.61825180053711,39.0,0
30.077,4,-80.0,22.1045,-0.061979640275239944,-3.629971981048584,-0.7104408740997314,23.636198043823242,39.0,0
30.082,4,-80.0,21.9781,-0.06799039989709854,-2.064027786254883,-0.403961718082428,23.636198043823242,39.0,0
30.087,4,-80.0,21.8848,-0.05420612171292305,-4.04064416885376,-0.7908157110214233,23.636198043823242,39.0,0
30.092,4,-80.0,21.8024,-0.04919647052884102,-2.7836105823516846,-0.544795036315918,23.636198043823242,39.0,0
30.097,4,-80.0,21.698,-0.054817765951156616,-3.291923999786377,-0.6442797183990479,23.61825180053711,39.0,0
30.102,4,-80.0,21.5881,-0.06195254251360893,-1.9036136865615845,-0.37256622314453125,23.61825180053711,39.0,0
30.107,4,-80.0,21.4783,-0.059053391218185425,-2.3733644485473633,-0.46450358629226685,23.61825180053711,39.0,0
30.112,4,-80.0,21.4014,-0.046430591493844986,-4.097419738769531,-0.8019275069236755,23.636198043823242,39.0,0
30.117,4,-80.0,21.3245,-0.04542821645736694,-3.8007707595825195,-0.7438687682151794,23.636198043823242,39.0,0
30.122,4,-80.0,21.2201,-0.053360503166913986,-2.843339204788208,-0.5564848184585571,23.636198043823242,39.0,0
30.127,4,-80.0,21.1102,-0.05940374359488487,-1.7802374362945557,-0.3484196066856384,23.636198043823242,39.0,0
30.132,4,-80.0,21.0114,-0.055370595306158066,-2.7269275188446045,-0.5337013006210327,23.61825180053711,39.0,0
30.137,4,-80.0,20.9399,-0.04384806007146835,-4.681339740753174,-0.9162095785140991,23.636198043823242,39.0,0
30.142,4,-80.0,20.874,-0.04034062847495079,-5.4979777336120605,-1.0760380029678345,23.636198043823242,39.0,0
30.147,4,-80.0,20.7861,-0.04675085470080376,-4.532603740692139,-0.8870996236801147,23.636198043823242,39.0,0
30.152,4,-80.0,20.6927,-0.04868884012103081,-4.098052024841309,-0.8020511865615845,23.61825180053711,39.0,0
30.157,4,-80.0,20.6049,-0.050355032086372375,-3.6298177242279053,-0.6194236278533936,23.61825180053711,39.0,0
30.162,4,-80.0,20.506,-0.052041195333004,-3.2355194091796875,-0.6332404613494873,23.636198043823242,39.0,0
30.167,4,-80.0,20.4236,-0.047937050461769104,-4.676795482635498,-0.9153201580047607,23.636198043823242,39.0,0
30.172,4,-80.0,20.3467,-0.04333815351128578,-4.7087788581848145,-0.9215797781944275,23.636198043823242,39.0,0
30.177,4,-80.0,20.2643,-0.04654591158032417,-6.472796440124512,-1.2668248414993286,23.61825180053711,39.0,0
30.182,4,-80.0,20.1764,-0.046896982938051224,-5.029940128326416,-0.9844359755516052,23.61825180053711,39.0,0
30.187,4,-80.0,20.083,-0.05130603164434433,-5.139969825744629,-1.0059704780578613,23.61825180053711,39.0,0
30.192,4,-80.0,19.9841,-0.056222084909677505,-3.459030866622925,-0.5368310213088989,23.636198043823242,39.0,0
30.197,4,-80.0,19.8853,-0.05258660763502121,-3.7659831047058105,-0.7370603084564209,23.61825180053711,39.0,0
30.202,4,-80.0,19.8138,-0.04469748213887215,-4.925553321838379,-0.9640058875083923,23.636198043823242,39.0,0
30.207,4,-80.0,19.726,-0.04704377427697182,-4.806887626647949,-0.9407812356948853,23.61825180053711,39.0,0
30.212,4,-80.0,19.6326,-0.050592999905347824,-4.89120626449585,-0.9572836756706238,23.61825180053711,39.0,0
30.217,4,-80.0,19.5337,-0.055064067244529724,-3.2198309898376465,-0.6301699876785278,23.636198043823242,39.0,0
30.222,4,-80.0,19.4348,-0.05424391105771065,-3.3273022174835205,-0.6512038111686707,23.61825180053711,39.0,0
30.227,4,-80.0,19.3524,-0.04782926291227341,-4.511150360107422,-0.8829008936882019,23.636198043823242,39.0,0
30.232,4,-80.0,19.27,-0.04556858912110329,-4.516572952270508,-0.8839621543884277,23.636198043823242,39.0,0
30.237,4,-80.0,19.1821,-0.047968748956918716,-3.077791690826416,-0.6023707389831543,23.61825180053711,39.0,0
30.242,4,-80.0,19.0887,-0.05332026258111,-3.371900796890259,-0.6599323749542236,23.61825180053711,39.0,0
30.247,4,-80.0,18.9789,-0.05950865522027016,-2.6119349002838135,-0.5111954808235168,23.636198043823242,39.0,0
30.252,4,-80.0,18.88,-0.05460149794816971,-3.035842180252075,-0.5941606163978577,23.61825180053711,39.0,0
30.257,4,-80.0,18.7976,-0.04900335147976875,-3.595170497894287,-0.7036296725273132,23.636198043823242,39.0,0
30.262,4,-80.0,18.7042,-0.051652662456035614,-3.753716468811035,-0.7346595525741577,23.636198043823242,39.0,0
30.267,4,-80.0,18.5999,-0.05659118667244911,-2.3851377964019775,-0.4668078124523163,23.61825180053711,39.0,0
30.272,4,-80.0,18.49,-0.05960693582892418,-1.1207988262176514,-0.2193574160337448,23.61825180053711,39.0,0
30.277,4,-80.0,18.3966,-0.053263843059539795,-3.1479406356811523,-0.6160999536514282,23.636198043823242,39.0,0
30.281,4,-80.0,18.3197,-0.0461505651473999,-4.080373287200928,-0.7985913157463074,23.636198043823242,39.0,0
30.287,4,-80.0,18.2318,-0.04793894663453102,-2.5152266025543213,-0.4922681748867035,23.636198043823242,39.0,0
30.292,4,-80.0,18.1329,-0.05312909185886383,-1.9097790718078613,-0.37377285957336426,23.61825180053711,39.0,0
30.296,4,-80.0,18.045,-0.054066918790340424,-1.6573200225830078,-0.32436278462409973,23.61825180053711,39.0,0
30.302,4,-80.0,17.9462,-0.051414854824543,-2.6915171146392822,-0.5267709493637085,23.636198043823242,39.0,0
30.307,4,-80.0,17.8583,-0.04874459281563759,-2.962491273880005,-0.5448246598243713,23.600303649902344,39.0,0
30.312,4,-80.0,17.7814,-0.045488204807043076,-4.313061237335205,-0.8441318869590759,23.61825180053711,39.0,0
30.317,4,-80.0,17.7045,-0.04240450635552406,-3.2869486808776855,-0.6433060169219971,23.636198043823242,39.0,0
30.322,4,-80.0,17.6331,-0.041421279311180115,-3.3642497062683105,-0.6584349870681763,23.636198043823242,39.0,0
30.327,4,-80.0,17.5507,-0.046049173921346664,-3.489396095275879,-0.6829279661178589,23.61825180053711,39.0,0
30.332,4,-80.0,17.4463,-0.05496520921587944,-4.031672954559326,-0.7890598773956299,23.636198043823242,39.0,0
30.337,4,-80.0,17.3529,-0.051572006195783615,-3.581200122833252,-0.7008954882621765,23.61825180053711,39.0,0
30.342,4,-80.0,17.2815,-0.04037997126579285,-5.3154754638671875,-1.040319561958313,23.61825180053711,39.0,0
30.347,4,-80.0,17.2156,-0.03871015086770058,-7.218700408935547,-1.3814914226531982,23.61825180053711,39.0,0
30.352,4,-80.0,17.1661,-0.029820112511515617,-7.892806053161621,-1.544742465019226,23.61825180053711,39.0,0
30.357,4,-80.0,17.1277,-0.02315242402255535,-10.171451568603516,-1.9907081127166748,23.600303649902344,39.0,0
30.362,4,-80.0,17.0508,-0.0416458360850811,-7.423313140869141,-1.4528554677963257,23.61825180053711,39.0,0
30.367,4,-80.0,16.9135,-0.06609921157360077,-3.3131306171417236,-0.6484301686286926,23.636198043823242,39.0,0
30.372,4,-80.0,16.8036,-0.06127325817942619,-3.421942949295044,-0.6697263717651367,23.61825180053711,39.0,0
30.377,4,-80.0,16.7432,-0.04082183167338371,-6.655609607696533,-1.3026041984558105,23.61825180053711,39.0,0
30.382,4,-80.0,16.6827,-0.03418461233377457,-9.246240615844727,-1.809630274772644,23.600303649902344,39.0,0
30.387,4,-80.0,16.6113,-0.038512565195560455,-7.79961633682251,-1.5265038013458252,23.61825180053711,39.0,0
30.392,4,-80.0,16.5289,-0.04538924992084503,-7.749932289123535,-1.516779899597168,23.600303649902344,39.0,0
30.397,4,-80.0,16.4136,-0.05799166113138199,-5.218486309051514,-1.0213373899459839,23.61825180053711,39.0,0
30.402,4,-80.0,16.2982,-0.06346971541643143,-4.751882076263428,-0.9300157427787781,23.61825180053711,39.0,0
30.407,4,-80.0,16.2103,-0.051317304372787476,-7.853795528411865,-1.5371074676513672,23.636198043823242,39.0,0
30.412,4,-80.0,16.1499,-0.03826470673084259,-10.016427040100098,-1.9603675603866577,23.61825180053711,39.0,0
30.417,4,-80.0,16.095,-0.032504141330718994,-9.196837425231934,-1.7999613285064697,23.600303649902344,39.0,0
30.422,4,-80.0,16.0181,-0.04290342703461647,-7.3169121742248535,-1.4320311546325684,23.600303649902344,39.0,0
30.427,4,-80.0,15.8917,-0.06351494789123535,-4.518974781036377,-0.884432315826416,23.61825180053711,39.0,0
30.432,4,-80.0,15.7654,-0.06715777516365051,-3.486398935317993,-0.682341456413269,23.636198043823242,39.0,0
30.437,4,-80.0,15.6775,-0.05234957113862038,-7.5029754638671875,-1.4684466123580933,23.61825180053711,39.0,0
30.442,4,-80.0,15.6116,-0.04101976007223129,-8.425047874450684,-1.6489102840423584,23.636198043823242,39.0,0
30.447,4,-80.0,15.5511,-0.03540543466806412,-9.41562557220459,-1.8427815437316895,23.61825180053711,39.0,0
30.452,4,-80.0,15.4633,-0.04687904566526413,-6.348580360412598,-1.24251389503479,23.600303649902344,39.0,0
30.457,4,-80.0,15.3369,-0.06381165981292725,-4.2866106033325195,-0.8389550447463989,23.61825180053711,39.0,0
30.462,4,-80.0,15.2271,-0.06130988150835037,-4.761109352111816,-0.9318217039108276,23.636198043823242,39.0,0
30.467,4,-80.0,15.1282,-0.055820856243371964,-7.178094863891602,-1.404862642288208,23.636198043823242,39.0,0
30.472,4,-80.0,15.0293,-0.056904666125774384,-4.807543754577637,-0.9699007272720337,23.61825180053711,39.0,0
30.477,4,-80.0,14.9139,-0.06272826343774796,-2.9652624130249023,-0.5803470611572266,23.61825180053711,39.0,0
30.481,4,-80.0,14.8041,-0.06474045664072037,-2.8567957878112793,-0.5591185092926025,23.636198043823242,39.0,0
30.487,4,-80.0,14.6997,-0.05413549765944481,-3.6300082206726074,-0.7104479670524597,23.61825180053711,39.0,0
30.492,4,-80.0,14.6173,-0.04985438659787178,-3.279201030731201,-0.6417896151542664,23.636198043823242,39.0,0
30.497,4,-80.0,14.502,-0.05987977981567383,-1.796372652053833,-0.351577490568161,23.636198043823242,39.0,0
30.502,4,-80.0,14.3811,-0.06633304804563522,-0.934407114982605,-0.18287771940231323,23.61825180053711,39.0,0
30.507,4,-80.0,14.2877,-0.05440441891551018,-3.4095301628112793,-0.6672970652580261,23.61825180053711,39.0,0
30.512,4,-80.0,14.2163,-0.043405406177043915,-5.19577169418335,-1.0168917179107666,23.61825180053711,39.0,0
30.517,4,-80.0,14.1339,-0.04482026398181915,-4.274603366851807,-0.8366050720214844,23.61825180053711,39.0,0
30.522,4,-80.0,14.0405,-0.05216364189982414,-2.962367534637451,-0.5797804594039917,23.636198043823242,39.0,0
30.527,4,-80.0,13.9307,-0.05752544105052948,-1.4430439472198486,-0.2824257016181946,23.61825180053711,39.0,0
30.532,4,-80.0,13.8263,-0.057058438658714294,-2.0358779430389404,-0.3984523415565491,23.61825180053711,39.0,0
30.537,4,-80.0,13.7494,-0.04657093435525894,-4.188151836395264,-0.8196852207183838,23.636198043823242,39.0,0
30.542,4,-80.0,13.6835,-0.03992415964603424,-5.0070600509643555,-0.9799579977989197,23.636198043823242,39.0,0
30.547,4,-80.0,13.6011,-0.04466859623789787,-4.154956340789795,-0.8131883144378662,23.61825180053711,39.0,0
30.552,4,-80.0,13.5077,-0.048272985965013504,-3.0924980640411377,-0.6052489876747131,23.61825180053711,39.0,0
30.557,4,-80.0,13.4143,-0.05193517729640007,-3.12510347366333,-0.611630380153656,23.61825180053711,39.0,0
30.562,4,-80.0,13.3099,-0.0559980608522892,-3.494103193283081,-0.6838492751121521,23.61825180053711,39.0,0
30.567,4,-80.0,13.222,-0.049734074622392654,-3.741593599319458,-0.7322869300842285,23.636198043823242,39.0,0
30.572,4,-80.0,13.1506,-0.04244706407189369,-5.5078301429748535,-1.077966332435608,23.61825180053711,39.0,0
30.577,4,-80.0,13.0682,-0.04502720385789871,-5.069359302520752,-0.9921509027481079,23.61825180053711,39.0,0
30.582,4,-80.0,12.9803,-0.0491098016500473,-5.082558631896973,-0.9947341680526733,23.636198043823242,39.0,0
30.587,4,-80.0,12.8815,-0.05212225392460823,-3.2349181175231934,-0.6331228017807007,23.61825180053711,39.0,0
30.592,4,-80.0,12.7826,-0.055057987570762634,-3.1648290157318115,-0.6194052696228027,23.636198043823242,39.0,0
30.597,4,-80.0,12.6947,-0.051314208656549454,-3.985011100769043,-0.7799274325370789,23.636198043823242,39.0,0
30.602,4,-80.0,12.6123,-0.04573379456996918,-4.685121059417725,-0.9169496297836304,23.61825180053711,39.0,0
30.607,4,-80.0,12.5299,-0.046836890280246735,-5.0709919929504395,-0.9924704432487488,23.61825180053711,39.0,0
30.611,4,-80.0,12.442,-0.05010875687003136,-3.438551425933838,-0.6729769110679626,23.61825180053711,39.0,0
30.617,4,-80.0,12.3376,-0.05418725684285164,-3.426508665084839,-0.6706199645996094,23.600303649902344,39.0,0
30.622,4,-80.0,12.2388,-0.05545581132173538,-3.2848987579345703,-0.6429047584533691,23.61825180053711,39.0,0
30.627,4,-80.0,12.1564,-0.048483747988939285,-4.058188438415527,-0.7942492961883545,23.61825180053711,39.0,0
30.632,4,-80.0,12.0795,-0.04487011954188347,-5.921225070953369,-1.1588740348815918,23.61825180053711,39.0,0
30.637,4,-80.0,11.9916,-0.04646972566843033,-5.018315315246582,-0.9821608066558838,23.636198043823242,39.0,0
30.642,4,-80.0,11.8982,-0.05196712538599968,-4.26330041885376,-0.8343929052352905,23.61825180053711,39.0,0
30.647,4,-80.0,11.7883,-0.05734502151608467,-3.072190046310425,-0.6012744307518005,23.636198043823242,39.0,0
30.652,4,-80.0,11.6949,-0.05218130350112915,-3.6867690086364746,-0.7215569019317627,23.636198043823242,39.0,0
30.657,4,-80.0,11.6125,-0.04847843945026398,-3.984215497970581,-0.8055598735809326,23.61825180053711,39.0,0
30.662,4,-80.0,11.5192,-0.051322296261787415,-3.5050864219665527,-0.6859988570213318,23.61825180053711,39.0,0
30.667,4,-80.0,11.4148,-0.05656038597226143,-1.3895436525344849,-0.27195486426353455,23.600303649902344,39.0,0
30.672,4,-80.0,11.3049,-0.05958029255270958,-1.6813145875930786,-0.3290588855743408,23.636198043823242,39.0,0
30.677,4,-80.0,11.2115,-0.05331121012568474,-2.432373046875,-0.47605252265930176,23.61825180053711,39.0,0
30.682,4,-80.0,11.1346,-0.046358078718185425,-3.3687453269958496,-0.6593148112297058,23.61825180053711,39.0,0
30.687,4,-80.0,11.0468,-0.048053592443466187,-2.6865649223327637,-0.5258017182350159,23.61825180053711,39.0,0
30.692,4,-80.0,10.9479,-0.053065866231918335,-2.245612144470215,-0.43950051069259644,23.61825180053711,39.0,0
30.697,4,-80.0,10.8435,-0.056899674236774445,-1.6775496006011963,-0.32832202315330505,23.61825180053711,39.0,0
30.702,4,-80.0,10.7501,-0.053439632058143616,-2.1232106685638428,-0.41554468870162964,23.61825180053711,39.0,0
30.707,4,-80.0,10.6677,-0.0467572920024395,-3.409116268157959,-0.6672160625457764,23.636198043823242,39.0,0
30.712,4,-80.0,10.5908,-0.044702429324388504,-3.8439831733703613,-0.7523261308670044,23.61825180053711,39.0,0
30.717,4,-80.0,10.5139,-0.04477350041270256,-4.670790672302246,-0.9141449332237244,23.636198043823242,39.0,0
30.722,4,-80.0,10.4315,-0.04406066611409187,-4.37279748916626,-0.8558231592178345,23.61825180053711,39.0,0
30.727,4,-80.0,10.3436,-0.0489838682115078,-3.935866355895996,-0.7703090906143188,23.61825180053711,39.0,0
30.732,4,-80.0,10.2393,-0.05479662865400314,-2.649890184402466,-0.5186238884925842,23.61825180053711,39.0,0
30.737,4,-80.0,10.1514,-0.04955547675490379,-4.406406879425049,-0.8624009490013123,23.636198043823242,39.0,0
30.742,4,-80.0,10.0854,-0.04115232825279236,-4.259824275970459,-0.8337125778198242,23.636198043823242,39.0,0
30.747,4,-80.0,10.014,-0.03864722698926926,-5.695644855499268,-1.1147245168685913,23.636198043823242,39.0,0
30.752,4,-80.0,9.9646,-0.029733676463365555,-9.73318099975586,-1.9049317836761475,23.61825180053711,39.0,0
30.757,4,-80.0,9.9316,-0.023567819967865944,-9.61650562286377,-1.882096767425537,23.600303649902344,39.0,0
30.762,4,-80.0,9.8492,-0.04194854199886322,-5.562342166900635,-1.0886350870132446,23.61825180053711,39.0,0
30.767,4,-80.0,9.7119,-0.06823213398456573,-3.096395254135132,-0.6060117483139038,23.636198043823242,39.0,0
30.772,4,-80.0,9.6021,-0.060584381222724915,-3.8641929626464844,-0.7562814950942993,23.61825180053711,39.0,0
30.777,4,-80.0,9.5416,-0.03998982906341553,-7.844189643859863,-1.5352275371551514,23.61825180053711,39.0,0
30.782,4,-80.0,9.4812,-0.034064289182424545,-8.624711990356445,-1.6879876852035522,23.61825180053711,39.0,0
30.787,4,-80.0,9.4153,-0.03826858475804329,-7.929422855377197,-1.5519088506698608,23.600303649902344,39.0,0
30.792,4,-80.0,9.3274,-0.04511111602187157,-6.655118465423584,-1.3025081157684326,23.61825180053711,39.0,0
30.797,4,-80.0,9.212,-0.05977695435285568,-5.123386383056641,-1.0027248859405518,23.61825180053711,39.0,0
30.802,4,-80.0,9.0967,-0.0628109946846962,-4.5335612297058105,-0.8872870802879333,23.636198043823242,39.0,0
30.807,4,-80.0,9.0143,-0.04907912760972977,-6.185091972351074,-1.2105168104171753,23.636198043823242,39.0,0
30.812,4,-80.0,8.9484,-0.03928806632757187,-7.780787944793701,-1.5228188037872314,23.636198043823242,39.0,0
30.817,4,-80.0,8.8879,-0.035700082778930664,-8.08232307434082,-1.581833839416504,23.61825180053711,39.0,0
30.822,4,-80.0,8.8055,-0.04495154693722725,-7.530143737792969,-1.4737639427185059,23.600303649902344,39.0,0
30.827,4,-80.0,8.6792,-0.06396500021219254,-4.235352039337158,-0.8289229273796082,23.61825180053711,39.0,0
30.832,4,-80.0,8.5529,-0.0654773861169815,-3.6222922801971436,-0.7089378237724304,23.636198043823242,39.0,0
30.837,4,-80.0,8.4705,-0.05165375769138336,-6.063533306121826,-1.1867258548736572,23.61825180053711,39.0,0
30.842,4,-80.0,8.399,-0.04276825860142708,-8.777655601501465,-1.7179210186004639,23.61825180053711,39.0,0
30.847,4,-80.0,8.3331,-0.03893596678972244,-7.6477155685424805,-1.4967745542526245,23.600303649902344,39.0,0
30.852,4,-80.0,8.2288,-0.05271347239613533,-5.931979179382324,-1.1609787940979004,23.600303649902344,39.0,0
30.857,4,-80.0,8.1079,-0.06213105842471123,-3.9579224586486816,-0.7746257781982422,23.636198043823242,39.0,0
30.862,4,-80.0,8.0145,-0.053654346615076065,-6.101490497589111,-1.1941547393798828,23.636198043823242,39.0,0
30.867,4,-80.0,7.9266,-0.05091720446944237,-4.100592136383057,-0.802548348903656,23.636198043823242,39.0,0
30.872,4,-80.0,7.8278,-0.05442420393228531,-4.936336040496826,-0.966116189956665,23.636198043823242,39.0,0
30.877,4,-80.0,7.7179,-0.06110653653740883,-3.5032310485839844,-0.6856356859207153,23.61825180053711,39.0,0
30.882,4,-80.0,7.6025,-0.06185641512274742,-2.61090087890625,-0.5109931230545044,23.636198043823242,39.0,0
30.887,4,-80.0,7.5146,-0.050825703889131546,-4.749476909637451,-0.9295450448989868,23.61825180053711,39.0,0
30.892,4,-80.0,7.4323,-0.048418574035167694,-4.769444942474365,-0.9334530830383301,23.636198043823242,39.0,0
30.897,4,-80.0,7.3279,-0.05640220642089844,-3.839768409729004,-0.751501202583313,23.636198043823242,39.0,0
30.902,4,-80.0,7.207,-0.06398554891347885,-1.5104173421859741,-0.295611709356308,23.636198043823242,39.0,0
30.907,4,-80.0,7.0972,-0.06074025481939316,-1.712690830230713,-0.3351997137069702,23.61825180053711,39.0,0
30.912,4,-80.0,7.0203,-0.045433130115270615,-4.308162212371826,-0.8431730270385742,23.636198043823242,39.0,0
30.917,4,-80.0,6.9543,-0.04174186661839485,-5.064664363861084,-0.9912320375442505,23.61825180053711,39.0,0
30.921,4,-80.0,6.8665,-0.05054939165711403,-2.877225637435913,-0.5631169080734253,23.61825180053711,39.0,0
30.927,4,-80.0,6.7456,-0.05878319963812828,-1.2373046875,-0.2421593964099884,23.636198043823242,39.0,0
30.932,4,-80.0,6.6412,-0.0588686540722847,-1.7329175472259521,-0.33915838599205017,23.61825180053711,39.0,0
30.936,4,-80.0,6.5588,-0.05062858387827873,-3.3689699172973633,-0.65935879945755,23.636198043823242,39.0,0
30.942,4,-80.0,6.4874,-0.04103861376643181,-5.289597988128662,-1.035254955291748,23.636198043823242,39.0,0
30.947,4,-80.0,6.405,-0.04458632320165634,-4.355317115783691,-0.8524019718170166,23.636198043823242,39.0,0
30.952,4,-80.0,6.3171,-0.048839472234249115,-3.3631715774536133,-0.6582239866256714,23.61825180053711,39.0,0
30.957,4,-80.0,6.2238,-0.051364969462156296,-2.6159160137176514,-0.5119746327400208,23.600303649902344,39.0,0
30.962,4,-80.0,6.1249,-0.05349333956837654,-2.892897605895996,-0.5661841630935669,23.636198043823242,39.0,0
30.967,4,-80.0,6.0315,-0.0504196360707283,-3.839031934738159,-0.7513570785522461,23.636198043823242,39.0,0
30.972,4,-80.0,5.9546,-0.04483385011553764,-4.841026306152344,-0.9474626779556274,23.636198043823242,39.0,0
30.977,4,-80.0,5.8722,-0.046575844287872314,-5.256956577301025,-1.0288665294647217,23.61825180053711,39.0,0
30.982,4,-80.0,5.7788,-0.050478409975767136,-3.161860704421997,-0.6188243627548218,23.61825180053711,39.0,0
30.987,4,-80.0,5.6799,-0.05372774973511696,-2.6139190196990967,-0.5115838050842285,23.636198043823242,39.0,0
30.992,4,-80.0,5.5811,-0.055390339344739914,-2.861992597579956,-0.5601356029510498,23.61825180053711,39.0,0
30.997,4,-80.0,5.4932,-0.04893884062767029,-3.980682849884033,-0.779080331325531,23.61825180053711,39.0,0
31.002,4,-80.0,5.4163,-0.044350240379571915,-4.139060020446777,-0.8100770711898804,23.654146194458008,39.0,0
31.007,4,-80.0,5.3284,-0.048161402344703674,-2.8775641918182373,-0.5631831884384155,23.61825180053711,39.0,0
31.012,4,-80.0,5.235,-0.05257914960384369,-2.6857950687408447,-0.5256510376930237,23.61825180053711,39.0,0
31.017,4,-80.0,5.1251,-0.05826587229967117,-2.1237587928771973,-0.41565197706222534,23.636198043823242,39.0,0
31.022,4,-80.0,5.0262,-0.05398305132985115,-2.821842670440674,-0.5522776246070862,23.61825180053711,39.0,0
31.027,4,-80.0,4.9438,-0.04799757897853851,-3.0646770000457764,-0.5998039841651917,23.636198043823242,39.0,0
31.032,4,-80.0,4.8615,-0.047488387674093246,-3.5230026245117188,-0.7309534549713135,23.636198043823242,39.0,0
31.037,4,-80.0,4.7736,-0.04883051663637161,-3.28520131111145,-0.6429639458656311,23.61825180053711,39.0,0
31.042,4,-80.0,4.6747,-0.05359277129173279,-2.3389155864715576,-0.4577614665031433,23.636198043823242,39.0,0
31.047,4,-80.0,4.5758,-0.05426027625799179,-2.880618095397949,-0.5637809038162231,23.636198043823242,39.0,0
31.052,4,-80.0,4.4934,-0.047330524772405624,-4.124914646148682,-0.8073086142539978,23.600303649902344,39.0,0
31.057,4,-80.0,4.411,-0.046982940286397934,-3.9813148975372314,-0.7792040109634399,23.636198043823242,39.0,0
31.062,4,-80.0,4.3176,-0.049907535314559937,-3.2436230182647705,-0.6348264217376709,23.61825180053711,39.0,0
31.067,4,-80.0,4.2242,-0.05329824239015579,-2.3340344429016113,-0.45680612325668335,23.636198043823242,39.0,0
31.072,4,-80.0,4.1144,-0.05748018994927406,-1.1541550159454346,-0.22588573396205902,23.61825180053711,39.0,0
31.077,4,-80.0,4.021,-0.05404940992593765,-2.1584537029266357,-0.4224422872066498,23.636198043823242,39.0,0
31.082,4,-80.0,3.9441,-0.04648871719837189,-3.565746545791626,-0.6978709697723389,23.61825180053711,39.0,0
31.087,4,-80.0,3.8617,-0.04577237367630005,-4.026233673095703,-0.7879953384399414,23.61825180053711,39.0,0
31.092,4,-80.0,3.7683,-0.05047759786248207,-2.5960330963134766,-0.5080832242965698,23.61825180053711,39.0,0
31.097,4,-80.0,3.6639,-0.05545846000313759,-1.2105227708816528,-0.23691776394844055,23.61825180053711,39.0,0
31.102,4,-80.0,3.5651,-0.05636044219136238,-1.3696043491363525,-0.26805245876312256,23.61825180053711,39.0,0
31.107,4,-80.0,3.4772,-0.04938698559999466,-3.417970895767212,-0.6689490079879761,23.61825180053711,39.0,0
31.112,4,-80.0,3.4058,-0.0433666966855526,-3.937770128250122,-0.770681619644165,23.636198043823242,39.0,0
31.117,4,-80.0,3.3289,-0.04169769212603569,-5.212341785430908,-1.020134687423706,23.61825180053711,39.0,0
31.122,4,-80.0,3.2574,-0.04087496176362038,-4.642781734466553,-0.9086631536483765,23.61825180053711,39.0,0
31.127,4,-80.0,3.175,-0.044510867446660995,-3.586296796798706,-0.7018929719924927,23.61825180053711,39.0,0
31.132,4,-80.0,3.0762,-0.053900282829999924,-3.0288166999816895,-0.5927855968475342,23.636198043823242,39.0,0
31.137,4,-80.0,2.9718,-0.05548557639122009,-3.5650105476379395,-0.6977269053459167,23.61825180053711,39.0,0
31.142,4,-80.0,2.8949,-0.0446823351085186,-4.962515354156494,-0.9712399244308472,23.61825180053711,39.0,0
31.147,4,-80.0,2.829,-0.039215538650751114,-6.28434419631958,-1.229941964149475,23.61825180053711,39.0,0
31.151,4,-80.0,2.774,-0.03360471501946449,-8.152144432067871,-1.5954989194869995,23.636198043823242,39.0,0
31.157,4,-80.0,2.7301,-0.02705705538392067,-9.081302642822266,-1.7773493528366089,23.600303649902344,39.0,0
31.161,4,-80.0,2.6532,-0.040934570133686066,-5.980114459991455,-1.17039954662323,23.600303649902344,39.0,0
31.167,4,-80.0,2.5159,-0.06654800474643707,-3.069662570953369,-0.6007797718048096,23.61825180053711,39.0,0
31.171,4,-80.0,2.406,-0.06114578619599342,-3.2335453033447266,-0.6328541040420532,23.636198043823242,39.0,0
31.177,4,-80.0,2.3401,-0.040759552270174026,-8.08063793182373,-1.5815041065216064,23.61825180053711,39.0,0
31.182,4,-80.0,2.2906,-0.03330806642770767,-8.124932289123535,-1.5901732444763184,23.61825180053711,39.0,0
31.187,4,-80.0,2.2192,-0.037729546427726746,-7.53501558303833,-1.4747174978256226,23.61825180053711,39.0,0
31.192,4,-80.0,2.1368,-0.04452091082930565,-5.827441215515137,-1.140519142150879,23.600303649902344,39.0,0
31.197,4,-80.0,2.0215,-0.05811004340648651,-5.395225524902344,-1.0559278726577759,23.61825180053711,39.0,0
31.202,4,-80.0,1.9061,-0.064621701836586,-4.042665481567383,-0.7912112474441528,23.61825180053711,39.0,0
31.207,4,-80.0,1.8127,-0.050473496317863464,-5.232359886169434,-1.024052619934082,23.636198043823242,39.0,0
31.212,4,-80.0,1.7578,-0.03761753812432289,-8.181243896484375,-1.601194143295288,23.636198043823242,39.0,0
31.217,4,-80.0,1.6974,-0.034876465797424316,-7.294993877410889,-1.427741527557373,23.600303649902344,39.0,0
31.222,4,-80.0,1.6205,-0.04405764862895012,-7.580329418182373,-1.483586072921753,23.61825180053711,39.0,0
31.227,4,-80.0,1.4832,-0.06492399424314499,-4.322152614593506,-0.8459111452102661,23.636198043823242,39.0,0
31.232,4,-80.0,1.3623,-0.06786002963781357,-2.7655911445617676,-0.5412683486938477,23.61825180053711,39.0,0
31.237,4,-80.0,1.2689,-0.05437234416604042,-6.467021942138672,-1.2656948566436768,23.636198043823242,39.0,0
31.242,4,-80.0,1.1975,-0.04543817415833473,-4.83333158493042,-0.9459567070007324,23.636198043823242,39.0,0
31.246,4,-80.0,1.1206,-0.04553525894880295,-6.453553676605225,-1.2630587816238403,23.61825180053711,39.0,0
31.252,4,-80.0,1.0052,-0.058049462735652924,-4.008806228637695,-0.8642353415489197,23.636198043823242,39.0,0
31.257,4,-80.0,0.8899,-0.06196384131908417,-3.2930498123168945,-0.6445000171661377,23.636198043823242,39.0,0
31.262,4,-80.0,0.8075,-0.04923815652728081,-5.230534076690674,-1.0236952304840088,23.636198043823242,39.0,0
31.267,4,-80.0,0.7251,-0.045691803097724915,-7.169249057769775,-1.403131365776062,23.636198043823242,39.0,0
31.272,4,-80.0,0.6537,-0.042326945811510086,-6.182540416717529,-1.210017442703247,23.61825180053711,39.0,0
31.277,4,-80.0,0.5713,-0.04576482996344566,-5.919107437133789,-1.1584595441818237,23.61825180053711,39.0,0
31.282,4,-80.0,0.4559,-0.06028785929083824,-3.39190673828125,-0.663847804069519,23.636198043823242,39.0,0
31.287,4,-80.0,0.3351,-0.06531994789838791,-2.956407308578491,-0.4768178164958954,23.636198043823242,39.0,0
31.292,4,-80.0,0.2417,-0.053633417934179306,-3.9552125930786133,-0.7740954160690308,23.636198043823242,39.0,0
31.297,4,-80.0,0.1538,-0.05117344856262207,-4.459921836853027,-0.8728747367858887,23.61825180053711,39.0,0
31.302,4,-80.0,0.0385,-0.062198035418987274,-1.6628408432006836,-0.3254433274269104,23.61825180053711,39.0,0
31.307,4,-80.0,-0.0879,-0.06647836416959763,-1.1355607509613037,-0.22224655747413635,23.636198043823242,39.0,0
31.312,4,-80.0,-0.1758,-0.05183424428105354,-3.8311827182769775,-0.74982088804245,23.61825180053711,39.0,0
31.317,4,-80.0,-0.2417,-0.04299579933285713,-5.284367084503174,-1.034231185913086,23.636198043823242,39.0,0
31.322,4,-80.0,-0.3351,-0.04826689139008522,-5.651016712188721,-1.1059900522232056,23.636198043823242,39.0,0
31.327,4,-80.0,-0.434,-0.05561038851737976,-2.3073067665100098,-0.35211607813835144,23.636198043823242,39.0,0
31.332,4,-80.0,-0.5493,-0.06117008253931999,-1.8636537790298462,-0.36474543809890747,23.636198043823242,39.0,0
31.337,4,-80.0,-0.6372,-0.05060967430472374,-3.321223258972168,-0.6500140428543091,23.636198043823242,39.0,0
31.342,4,-80.0,-0.7031,-0.040382497012615204,-5.141088485717773,-1.0061893463134766,23.636198043823242,39.0,0
31.347,4,-80.0,-0.7855,-0.043821778148412704,-4.917917251586914,-0.9625113010406494,23.61825180053711,39.0,0
31.352,4,-80.0,-0.8789,-0.04953858256340027,-3.2160069942474365,-0.629421591758728,23.61825180053711,39.0,0
31.357,4,-80.0,-0.9723,-0.052281174808740616,-2.1425676345825195,-0.41933315992355347,23.61825180053711,39.0,0
31.362,4,-80.0,-1.0712,-0.05511891096830368,-3.109740734100342,-0.6086236834526062,23.636198043823242,39.0,0
31.367,4,-80.0,-1.1646,-0.050030417740345,-3.90786075592041,-0.7648279070854187,23.61825180053711,39.0,0
31.372,4,-80.0,-1.236,-0.042495787143707275,-5.00884485244751,-0.9803073406219482,23.61825180053711,39.0,0
31.377,4,-80.0,-1.3184,-0.0456545390188694,-3.6055545806884766,-0.7056620121002197,23.61825180053711,39.0,0
31.382,4,-80.0,-1.4117,-0.0512707494199276,-3.2921135425567627,-0.6443167924880981,23.636198043823242,39.0,0
31.387,4,-80.0,-1.5106,-0.05318138003349304,-2.746750593185425,-0.5375809669494629,23.61825180053711,39.0,0
31.392,4,-80.0,-1.604,-0.05364863574504852,-3.681422472000122,-0.7205104827880859,23.636198043823242,39.0,0
31.397,4,-80.0,-1.6974,-0.050784461200237274,-3.4380993843078613,-0.672888457775116,23.636198043823242,39.0,0
31.402,4,-80.0,-1.7743,-0.045616038143634796,-4.098908424377441,-0.8022189140319824,23.61825180053711,39.0,0
31.407,4,-80.0,-1.8622,-0.048723235726356506,-2.467209577560425,-0.48287051916122437,23.61825180053711,39.0,0
31.412,4,-80.0,-1.9611,-0.053473081439733505,-3.1647233963012695,-0.6193846464157104,23.61825180053711,39.0,0
31.417,4,-80.0,-2.0654,-0.05631101876497269,-2.4363884925842285,-0.4768383502960205,23.636198043823242,39.0,0
31.422,4,-80.0,-2.1643,-0.0532936193048954,-2.6058270931243896,-0.5100001096725464,23.636198043823242,39.0,0
31.427,4,-80.0,-2.2467,-0.04871218279004097,-2.8649520874023438,-0.5607147812843323,23.61825180053711,39.0,0
31.432,4,-80.0,-2.3346,-0.04917808994650841,-3.3183321952819824,-0.6494482159614563,23.61825180053711,39.0,0
31.437,4,-80.0,-2.428,-0.05181577056646347,-2.5852832794189453,-0.5059793591499329,23.61825180053711,39.0,0
31.442,4,-80.0,-2.5323,-0.05589023604989052,-1.7018626928329468,-0.3330805003643036,23.636198043823242,39.0,0
31.447,4,-80.0,-2.6257,-0.05357905849814415,-2.635573148727417,-0.5158218741416931,23.636198043823242,39.0,0
31.452,4,-80.0,-2.7026,-0.04582282528281212,-3.71126651763916,-0.7263514399528503,23.636198043823242,39.0,0
31.457,4,-80.0,-2.785,-0.044592659920454025,-4.14169454574585,-0.810592770576477,23.636198043823242,39.0,0
31.462,4,-80.0,-2.8729,-0.050053078681230545,-2.7337002754211426,-0.5350267887115479,23.636198043823242,39.0,0
31.467,4,-80.0,-2.9718,-0.05322277918457985,-3.136678695678711,-0.6138958930969238,23.600303649902344,39.0,0
31.472,4,-80.0,-3.0707,-0.05471649393439293,-1.8009703159332275,-0.35247737169265747,23.61825180053711,39.0,0
31.477,4,-80.0,-3.1696,-0.05338972434401512,-2.61714506149292,-0.5122151970863342,23.636198043823242,39.0,0
31.482,4,-80.0,-3.252,-0.04793499410152435,-3.6320254802703857,-0.7108427286148071,23.61825180053711,39.0,0
31.487,4,-80.0,-3.3289,-0.04488306865096092,-3.6241989135742188,-0.7093110084533691,23.636198043823242,39.0,0
31.492,4,-80.0,-3.4222,-0.048820700496435165,-2.879862070083618,-0.5636329054832458,23.61825180053711,39.0,0
31.497,4,-80.0,-3.5211,-0.05438512563705444,-1.740322232246399,-0.340607613325119,23.61825180053711,39.0,0
31.502,4,-80.0,-3.6255,-0.05616477504372597,-2.229170799255371,-0.4362826943397522,23.61825180053711,39.0,0
31.507,4,-80.0,-3.7189,-0.05198797211050987,-1.4768924713134766,-0.2890503704547882,23.636198043823242,39.0,0
31.512,4,-80.0,-3.7958,-0.04590615630149841,-3.2307791709899902,-0.6323127746582031,23.61825180053711,39.0,0
31.517,4,-80.0,-3.8727,-0.04522048309445381,-3.1424765586853027,-0.6150305271148682,23.61825180053711,39.0,0
31.522,4,-80.0,-3.9551,-0.04461256042122841,-3.766906976699829,-0.7372411489486694,23.61825180053711,39.0,0
31.527,4,-80.0,-4.0375,-0.04675772041082382,-3.2324776649475098,-0.6326451301574707,23.61825180053711,39.0,0
31.532,4,-80.0,-4.1364,-0.05201135203242302,-2.884899616241455,-0.5646188259124756,23.61825180053711,39.0,0
31.537,4,-80.0,-4.2297,-0.0509546659886837,-3.547300338745117,-0.6942607760429382,23.61825180053711,39.0,0
31.542,4,-80.0,-4.3066,-0.0437869057059288,-4.5992865562438965,-0.9001504778862,23.636198043823242,39.0,0
31.547,4,-80.0,-4.3726,-0.04038426652550697,-5.017480373382568,-0.9819973707199097,23.636198043823242,39.0,0
31.552,4,-80.0,-4.433,-0.034489281475543976,-6.472075939178467,-1.2666839361190796,23.636198043823242,39.0,0
31.556,4,-80.0,-4.4769,-0.0289402287453413,-8.447202682495117,-1.653246283531189,23.600303649902344,39.0,0
31.562,4,-80.0,-4.5648,-0.044391583651304245,-5.729775428771973,-1.1214044094085693,23.600303649902344,39.0,0
31.567,4,-80.0,-4.6912,-0.06349488347768784,-2.8172318935394287,-0.5513752102851868,23.61825180053711,39.0,0
31.571,4,-80.0,-4.79,-0.058821696788072586,-2.9038100242614746,-0.5683199167251587,23.636198043823242,39.0,0
31.577,4,-80.0,-4.8615,-0.04052257910370827,-7.129992485046387,-1.3954482078552246,23.636198043823242,39.0,0
31.582,4,-80.0,-4.9164,-0.03546832501888275,-8.084875106811523,-1.5823333263397217,23.61825180053711,39.0,0
31.587,4,-80.0,-4.9768,-0.033498432487249374,-8.117141723632812,-1.5886483192443848,23.61825180053711,39.0,0
31.592,4,-80.0,-5.0482,-0.04053758084774017,-7.938222408294678,-1.5536311864852905,23.600303649902344,39.0,0
31.597,4,-80.0,-5.1691,-0.05921195447444916,-4.5335774421691895,-0.8872901797294617,23.600303649902344,39.0,0
31.602,4,-80.0,-5.2844,-0.06377620249986649,-2.861546039581299,-0.5600481629371643,23.61825180053711,39.0,0
31.607,4,-80.0,-5.3723,-0.05087095499038696,-5.905659198760986,-1.155827522277832,23.61825180053711,39.0,0
31.612,4,-80.0,-5.4437,-0.04218628630042076,-7.909341812133789,-1.5479787588119507,23.61825180053711,39.0,0
31.616,4,-80.0,-5.5042,-0.03588898107409477,-8.802733421325684,-1.7228291034698486,23.61825180053711,39.0,0
31.622,4,-80.0,-5.5811,-0.042816780507564545,-8.567734718322754,-1.676836371421814,23.61825180053711,39.0,0
31.627,4,-80.0,-5.6964,-0.06104212626814842,-4.664911270141602,-0.9129942655563354,23.61825180053711,39.0,0
31.632,4,-80.0,-5.8228,-0.06563757359981537,-3.817595958709717,-0.7471617460250854,23.636198043823242,39.0,0
31.637,4,-80.0,-5.9161,-0.05466342344880104,-6.265081405639648,-1.2261719703674316,23.636198043823242,39.0,0
31.642,4,-80.0,-5.9985,-0.0477033331990242,-7.129589557647705,-1.3953694105148315,23.636198043823242,39.0,0
31.647,4,-80.0,-6.0809,-0.04883955791592598,-5.683925151824951,-1.2560372352600098,23.61825180053711,39.0,0
31.652,4,-80.0,-6.1963,-0.06010473519563675,-3.4259564876556396,-0.6705119013786316,23.61825180053711,39.0,0
31.657,4,-80.0,-6.3116,-0.062072984874248505,-3.4357006549835205,-0.672419011592865,23.61825180053711,39.0,0
31.662,4,-80.0,-6.394,-0.048586878925561905,-5.381414413452148,-1.053224802017212,23.61825180053711,39.0,0
31.667,4,-80.0,-6.4709,-0.04564421996474266,-5.202242851257324,-1.018158197402954,23.636198043823242,39.0,0
31.672,4,-80.0,-6.5588,-0.04908437281847,-5.126499176025391,-1.0033340454101562,23.61825180053711,39.0,0
31.677,4,-80.0,-6.6577,-0.05249158665537834,-4.225139617919922,-0.8269242644309998,23.61825180053711,39.0,0
31.682,4,-80.0,-6.7621,-0.05683488771319389,-3.8711700439453125,-0.7576469779014587,23.61825180053711,39.0,0
31.687,4,-80.0,-6.861,-0.055473215878009796,-4.5597453117370605,-0.8924116492271423,23.636198043823242,39.0,0
31.692,4,-80.0,-6.9543,-0.051631007343530655,-4.534851551055908,-0.8875395655632019,23.636198043823242,39.0,0
31.697,4,-80.0,-7.0477,-0.053772907704114914,-3.172121286392212,-0.6208324432373047,23.636198043823242,39.0,0
31.702,4,-80.0,-7.1576,-0.060086965560913086,-1.9611713886260986,-0.3838311433792114,23.636198043823242,39.0,0
31.706,4,-80.0,-7.262,-0.060898423194885254,-2.0151546001434326,-0.39439648389816284,23.636198043823242,39.0,0
31.712,4,-80.0,-7.3663,-0.054750628769397736,-3.2951500415802,-0.6449111104011536,23.61825180053711,39.0,0
31.717,4,-80.0,-7.4487,-0.04714285582304001,-3.438638210296631,-0.6729938983917236,23.61825180053711,39.0,0
31.722,4,-80.0,-7.5366,-0.04998641461133957,-3.0244622230529785,-0.5919333696365356,23.636198043823242,39.0,0
31.727,4,-80.0,-7.6355,-0.054544832557439804,-2.0696914196014404,-0.40507015585899353,23.636198043823242,39.0,0
31.732,4,-80.0,-7.7399,-0.056580331176519394,-1.665860652923584,-0.3260343074798584,23.61825180053711,39.0,0
31.737,4,-80.0,-7.8333,-0.051440004259347916,-3.090104579925537,-0.6047805547714233,23.61825180053711,39.0,0
31.742,4,-80.0,-7.9047,-0.043665360659360886,-4.091952800750732,-0.8008575439453125,23.61825180053711,39.0,0
31.747,4,-80.0,-7.9871,-0.045266494154930115,-4.293063163757324,-0.8402179479598999,23.61825180053711,39.0,0
31.752,4,-80.0,-8.075,-0.04937351122498512,-3.111459970474243,-0.6089601516723633,23.61825180053711,39.0,0
31.757,4,-80.0,-8.1683,-0.051815859973430634,-3.396263360977173,-0.6647005081176758,23.61825180053711,39.0,0
31.762,4,-80.0,-8.2672,-0.053984589874744415,-1.9181655645370483,-0.37541425228118896,23.61825180053711,39.0,0
31.767,4,-80.0,-8.3606,-0.050876107066869736,-3.1436285972595215,-0.6152560710906982,23.61825180053711,39.0,0
31.772,4,-80.0,-8.4375,-0.04476640000939369,-4.037446022033691,-0.7901897430419922,23.61825180053711,39.0,0
31.777,4,-80.0,-8.5199,-0.04648153856396675,-4.028713703155518,-0.7884806990623474,23.61825180053711,39.0,0
31.782,4,-80.0,-8.6133,-0.05059187114238739,-3.087428331375122,-0.604256808757782,23.61825180053711,39.0,0
31.787,4,-80.0,-8.7122,-0.0538262277841568,-1.9743366241455078,-0.3864077925682068,23.636198043823242,39.0,0
31.792,4,-80.0,-8.811,-0.054502662271261215,-3.260164260864258,-0.6380638480186462,23.636198043823242,39.0,0
31.797,4,-80.0,-8.8989,-0.04978863149881363,-3.9845540523529053,-0.779837965965271,23.600303649902344,39.0,0
31.802,4,-80.0,-8.9758,-0.04422299936413765,-4.583916187286377,-0.8971422910690308,23.61825180053711,39.0,0
31.807,4,-80.0,-9.0637,-0.04786110669374466,-2.7717971801757812,-0.5424829721450806,23.61825180053711,39.0,0
31.812,4,-80.0,-9.1571,-0.053243111819028854,-2.463768243789673,-0.48219698667526245,23.61825180053711,39.0,0
31.817,4,-80.0,-9.267,-0.057188160717487335,-2.066908597946167,-0.4045255184173584,23.636198043823242,39.0,0
31.822,4,-80.0,-9.3604,-0.05310157313942909,-2.580122470855713,-0.5049692988395691,23.61825180053711,39.0,0
31.827,4,-80.0,-9.4427,-0.04789673164486885,-3.3199663162231445,-0.649768054485321,23.61825180053711,39.0,0
31.832,4,-80.0,-9.5306,-0.048038143664598465,-4.280261516571045,-0.8377124071121216,23.636198043823242,39.0,0
31.837,4,-80.0,-9.6185,-0.05136612802743912,-2.3923580646514893,-0.46822094917297363,23.61825180053711,39.0,0
31.842,4,-80.0,-9.7229,-0.056436050683259964,-1.5274384021759033,-0.2989429831504822,23.636198043823242,39.0,0
31.847,4,-80.0,-9.8273,-0.056185074150562286,-1.9200921058654785,-0.3757912814617157,23.636198043823242,39.0,0
31.852,4,-80.0,-9.9097,-0.048251762986183167,-3.163379430770874,-0.6191215515136719,23.61825180053711,39.0,0
31.857,4,-80.0,-9.9866,-0.04406417906284332,-3.485502004623413,-0.6821658611297607,23.61825180053711,39.0,0
31.862,4,-80.0,-10.0745,-0.04778715968132019,-2.8778462409973145,-0.5632383823394775,23.61825180053711,39.0,0
31.867,4,-80.0,-10.1678,-0.05177273228764534,-2.778559446334839,-0.5438064336776733,23.636198043823242,39.0,0
31.872,4,-80.0,-10.2667,-0.05465465411543846,-1.6885889768600464,-0.3304826021194458,23.61825180053711,39.0,0
31.877,4,-80.0,-10.3601,-0.05105800926685333,-2.643242359161377,-0.517322838306427,23.61825180053711,39.0,0
31.882,4,-80.0,-10.4425,-0.046634986996650696,-3.6892950534820557,-0.7220512628555298,23.61825180053711,39.0,0
31.887,4,-80.0,-10.5194,-0.04534759372472763,-3.900813579559326,-0.7634487152099609,23.636198043823242,39.0,0
31.892,4,-80.0,-10.6073,-0.04865233227610588,-3.2669942378997803,-0.6394006013870239,23.636198043823242,39.0,0
31.897,4,-80.0,-10.7062,-0.0514598973095417,-1.8943783044815063,-0.37075871229171753,23.61825180053711,39.0,0
31.902,4,-80.0,-10.7996,-0.05303594842553139,-2.398099184036255,-0.4693445563316345,23.61825180053711,39.0,0
31.907,4,-80.0,-10.8929,-0.05281950533390045,-2.4293954372406006,-0.475469708442688,23.600303649902344,39.0,0
31.912,4,-80.0,-10.9863,-0.04951269179582596,-2.9030795097351074,-0.5681769251823425,23.636198043823242,39.0,0
31.921,4,-80.0,-11.1292,-0.044253554195165634,-3.5838961601257324,-0.7014231085777283,23.636198043823242,39.0,0
31.923,4,-80.0,-11.1566,-0.045064348727464676,-3.3174514770507812,-0.6492758393287659,23.61825180053711,39.0,0
31.927,4,-80.0,-11.2335,-0.04805836081504822,-3.2497453689575195,-0.6360247135162354,23.61825180053711,39.0,0
31.939,4,-80.0,-11.3324,-0.0499270036816597,-3.0508291721343994,-0.5970937609672546,23.61825180053711,39.0,0
31.941,4,-80.0,-11.4642,-0.04649130627512932,-4.303757190704346,-0.8423108458518982,23.636198043823242,39.0,0
31.944,4,-80.0,-11.5137,-0.04618486762046814,-4.130661964416504,-0.8084335327148438,23.61825180053711,39.0,0
31.947,4,-80.0,-11.5741,-0.04449142515659332,-5.582220077514648,-1.092525601387024,23.636198043823242,39.0,0
31.952,4,-80.0,-11.6345,-0.03772351145744324,-7.875367164611816,-1.5413293838500977,23.636198043823242,39.0,0
31.957,4,-80.0,-11.6949,-0.033743567764759064,-7.256070613861084,-1.42012357711792,23.600303649902344,39.0,0
31.962,4,-80.0,-11.7719,-0.04442340135574341,-5.327132225036621,-0.9727286100387573,23.600303649902344,39.0,0
31.967,4,-80.0,-11.8927,-0.059282321482896805,-3.3201847076416016,-0.6072245240211487,23.61825180053711,39.0,0
31.972,4,-80.0,-11.9861,-0.0546613447368145,-3.9441614151000977,-0.7719325423240662,23.636198043823242,39.0,0
31.977,4,-80.0,-12.0575,-0.042554762214422226,-7.604591369628906,-1.4883345365524292,23.636198043823242,39.0,0
31.982,4,-80.0,-12.1234,-0.036973986774683,-7.3497443199157715,-1.4384570121765137,23.61825180053711,39.0,0
31.987,4,-80.0,-12.1783,-0.03427538648247719,-6.812053680419922,-1.3332228660583496,23.61825180053711,39.0,0
31.992,4,-80.0,-12.2552,-0.04223569482564926,-7.374414920806885,-1.443285346031189,23.600303649902344,39.0,0
31.997,4,-80.0,-12.3761,-0.06041525676846504,-3.7113099098205566,-0.7263599634170532,23.61825180053711,39.0,0
32.002,4,-80.0,-12.4969,-0.06330801546573639,-3.334991216659546,-0.6527086496353149,23.636198043823242,39.0,0
32.007,4,-80.0,-12.5739,-0.0480794832110405,-5.509092807769775,-1.0782134532928467,23.636198043823242,39.0,0
32.012,4,-80.0,-12.6398,-0.04050396755337715,-3.2736546993255615,-0.6407041549682617,23.636198043823242,39.0,0
32.017,4,-80.0,-12.7112,-0.03862258791923523,-6.409819602966309,-1.2544994354248047,23.600303649902344,39.0,0
32.022,4,-80.0,-12.7991,-0.04872358217835426,-5.743974685668945,-1.1241834163665771,23.600303649902344,39.0,0
32.027,4,-80.0,-12.9254,-0.06446845084428787,-4.2512359619140625,-0.8320316672325134,23.636198043823242,39.0,0
32.032,4,-80.0,-13.0353,-0.06079275533556938,-3.7753589153289795,-0.7388952970504761,23.636198043823242,39.0,0
32.037,4,-80.0,-13.1177,-0.04970424622297287,-3.2890148162841797,-0.6437103152275085,23.61825180053711,39.0,0
32.042,4,-80.0,-13.2001,-0.04618985578417778,-3.8111860752105713,-0.7459072470664978,23.636198043823242,39.0,0
32.047,4,-80.0,-13.288,-0.048373572528362274,-5.240162372589111,-1.0255796909332275,23.61825180053711,39.0,0
32.052,4,-80.0,-13.3978,-0.059248436242341995,-2.701803684234619,-0.5287841558456421,23.636198043823242,39.0,0
32.057,4,-80.0,-13.5187,-0.06407895684242249,-3.438072919845581,-0.6728832721710205,23.636198043823242,39.0,0
32.062,4,-80.0,-13.6066,-0.05198320746421814,-3.942249298095703,-0.7715582847595215,23.61825180053711,39.0,0
32.067,4,-80.0,-13.6835,-0.04617350175976753,-5.90103006362915,-1.154921531677246,23.636198043823242,39.0,0
32.072,4,-80.0,-13.7714,-0.0475819855928421,-4.559980392456055,-0.8924576640129089,23.61825180053711,39.0,0
32.077,4,-80.0,-13.8702,-0.05412242189049721,-3.4631478786468506,-0.6315261125564575,23.61825180053711,39.0,0
32.082,4,-80.0,-13.9801,-0.059427063912153244,-3.3711307048797607,-0.6597816348075867,23.636198043823242,39.0,0
32.087,4,-80.0,-14.068,-0.049660228192806244,-4.672033309936523,-0.9143881797790527,23.61825180053711,39.0,0
32.092,4,-80.0,-14.1394,-0.042682718485593796,-5.6707611083984375,-1.1098544597625732,23.636198043823242,39.0,0
32.097,4,-80.0,-14.2328,-0.0506090484559536,-2.781243324279785,-0.5443317294120789,23.636198043823242,39.0,0
32.102,4,-80.0,-14.3427,-0.058449678122997284,-2.3908612728118896,-0.467928022146225,23.61825180053711,39.0,0
32.107,4,-80.0,-14.4525,-0.06148997321724892,-1.6142830848693848,-0.3159397840499878,23.636198043823242,39.0,0
32.112,4,-80.0,-14.5459,-0.05399017035961151,-3.0470712184906006,-0.5963582992553711,23.636198043823242,39.0,0
32.117,4,-80.0,-14.6283,-0.04833492264151573,-3.4675817489624023,-0.6786586046218872,23.636198043823242,39.0,0
32.122,4,-80.0,-14.7272,-0.05212055891752243,-2.885620594024658,-0.5647599101066589,23.61825180053711,39.0,0
32.127,4,-80.0,-14.8315,-0.057505857199430466,-0.7047765851020813,-0.13793551921844482,23.61825180053711,39.0,0
32.132,4,-80.0,-14.9359,-0.057682521641254425,-2.1210315227508545,-0.41511818766593933,23.61825180053711,39.0,0
32.137,4,-80.0,-15.0183,-0.04902271181344986,-3.1648895740509033,-0.619417130947113,23.61825180053711,39.0,0
32.142,4,-80.0,-15.0952,-0.042857877910137177,-4.68381929397583,-0.9166948795318604,23.636198043823242,39.0,0
32.147,4,-80.0,-15.1776,-0.046053532510995865,-3.7165110111236572,-0.7273778319358826,23.636198043823242,39.0,0
32.152,4,-80.0,-15.271,-0.05002260580658913,-3.1826324462890625,-0.6228896975517273,23.636198043823242,39.0,0
32.157,4,-80.0,-15.3644,-0.05131632834672928,-2.6968703269958496,-0.5278186202049255,23.61825180053711,39.0,0
32.162,4,-80.0,-15.4633,-0.05409681051969528,-2.1229841709136963,-0.4155004024505615,23.61825180053711,39.0,0
32.167,4,-80.0,-15.5511,-0.05117048695683479,-3.3264591693878174,-0.6510387659072876,23.636198043823242,39.0,0
32.172,4,-80.0,-15.6281,-0.044270362704992294,-4.114969730377197,-0.805362343788147,23.636198043823242,39.0,0
32.177,4,-80.0,-15.7104,-0.045445945113897324,-3.619490623474121,-0.7083894610404968,23.61825180053711,39.0,0
32.182,4,-80.0,-15.8038,-0.05000206455588341,-2.5930404663085938,-0.5074975490570068,23.636198043823242,39.0,0
32.187,4,-80.0,-15.9027,-0.05408436059951782,-2.1411049365997314,-0.41904687881469727,23.61825180053711,39.0,0
32.191,4,-80.0,-15.9961,-0.055455319583415985,-2.959820032119751,-0.5792819261550903,23.61825180053711,39.0,0
32.197,4,-80.0,-16.095,-0.051330313086509705,-2.7813892364501953,-0.5443602800369263,23.636198043823242,39.0,0
32.202,4,-80.0,-16.1719,-0.044532399624586105,-3.6888911724090576,-0.7219722270965576,23.636198043823242,39.0,0
32.207,4,-80.0,-16.2488,-0.04578644782304764,-3.131465196609497,-0.6128754615783691,23.61825180053711,39.0,0
32.212,4,-80.0,-16.3422,-0.05030494183301926,-2.6160686016082764,-0.5120044946670532,23.61825180053711,39.0,0
32.217,4,-80.0,-16.452,-0.05724264308810234,-1.487674593925476,-0.29116058349609375,23.600303649902344,39.0,0
32.222,4,-80.0,-16.5564,-0.05644989013671875,-2.0999948978424072,-0.4110010266304016,23.61825180053711,39.0,0
32.227,4,-80.0,-16.6388,-0.047990985214710236,-3.7040228843688965,-0.7249337434768677,23.61825180053711,39.0,0
32.232,4,-80.0,-16.7157,-0.046258486807346344,-3.9116897583007812,-0.7655773162841797,23.636198043823242,39.0,0
32.237,4,-80.0,-16.8091,-0.05017034709453583,-2.3687071800231934,-0.4635921120643616,23.61825180053711,39.0,0
32.242,4,-80.0,-16.9135,-0.055609047412872314,-1.7119354009628296,-0.33505186438560486,23.61825180053711,39.0,0
32.247,4,-80.0,-17.0178,-0.05712521821260452,-1.212361454963684,-0.23727761209011078,23.636198043823242,39.0,0
32.252,4,-80.0,-17.1002,-0.0493038035929203,-3.010739326477051,-0.5892475843429565,23.61825180053711,39.0,0
32.257,4,-80.0,-17.1826,-0.04575236514210701,-3.4908924102783203,-0.6832208633422852,23.61825180053711,39.0,0
32.262,4,-80.0,-17.2705,-0.05051500350236893,-2.469905376434326,-0.4833981692790985,23.636198043823242,39.0,0
32.267,4,-80.0,-17.3694,-0.05318751558661461,-1.590370535850525,-0.31125977635383606,23.61825180053711,39.0,0
32.272,4,-80.0,-17.4683,-0.05376404523849487,-2.0270113945007324,-0.39671704173088074,23.61825180053711,39.0,0
32.277,4,-80.0,-17.5562,-0.050580933690071106,-2.497283697128296,-0.4887565076351166,23.636198043823242,39.0,0
32.282,4,-80.0,-17.6385,-0.04539482668042183,-3.810546636581421,-0.7457820177078247,23.61825180053711,39.0,0
32.287,4,-80.0,-17.71,-0.04327104613184929,-4.424240589141846,-0.8658913373947144,23.61825180053711,39.0,0
32.292,4,-80.0,-17.7979,-0.04718690365552902,-2.783733606338501,-0.5448191165924072,23.636198043823242,39.0,0
32.297,4,-80.0,-17.8967,-0.05175970867276192,-2.4364264011383057,-0.47684580087661743,23.61825180053711,39.0,0
32.302,4,-80.0,-17.9956,-0.05468602851033211,-2.1280434131622314,-0.4164905250072479,23.636198043823242,39.0,0
32.307,4,-80.0,-18.089,-0.05206341668963432,-2.8721961975097656,-0.5621325969696045,23.61825180053711,39.0,0
32.312,4,-80.0,-18.1714,-0.04687168449163437,-3.5483579635620117,-0.6944677233695984,23.636198043823242,39.0,0
32.317,4,-80.0,-18.2483,-0.04483618587255478,-3.3266379833221436,-0.6510738134384155,23.636198043823242,39.0,0
32.322,4,-80.0,-18.3307,-0.045260701328516006,1.7389522790908813,0.3403394818305969,23.61825180053711,39.0,0
32.327,4,-80.0,-18.4131,-0.04783220589160919,-3.0813066959381104,-0.6030586957931519,23.61825180053711,39.0,0
32.332,4,-80.0,-18.512,-0.05172068625688553,-2.418095350265503,-0.51589035987854,23.61825180053711,39.0,0
32.337,4,-80.0,-18.6053,-0.05215725675225258,-3.4222750663757324,-0.6697914004325867,23.61825180053711,39.0,0
32.342,4,-80.0,-18.6823,-0.04465881362557411,-4.823093891143799,-0.9439529776573181,23.654146194458008,39.0,0
32.347,4,-80.0,-18.7537,-0.04134004935622215,-5.927245140075684,-1.1600521802902222,23.61825180053711,39.0,0
32.352,4,-80.0,-18.8251,-0.038553256541490555,-7.671382904052734,-1.5014066696166992,23.61825180053711,39.0,0
32.357,4,-80.0,-18.8745,-0.03269850090146065,-7.306649684906006,-1.4300227165222168,23.600303649902344,39.0,0
32.362,4,-80.0,-18.9624,-0.04482265189290047,-4.986268043518066,-0.9758886098861694,23.61825180053711,39.0,0
32.367,4,-80.0,-19.0778,-0.061147291213274,-3.3105149269104004,-0.5607281923294067,23.636198043823242,39.0,0
32.372,4,-80.0,-19.1821,-0.05631886050105095,-3.8412039279937744,-0.7517821192741394,23.636198043823242,39.0,0
32.377,4,-80.0,-19.248,-0.04198973998427391,-4.4943060874938965,-0.8796042203903198,23.61825180053711,39.0,0
32.382,4,-80.0,-19.314,-0.037221960723400116,-6.3830742835998535,-1.2492649555206299,23.636198043823242,39.0,0
32.387,4,-80.0,-19.3744,-0.03436298668384552,-7.62960147857666,-1.4932293891906738,23.61825180053711,39.0,0
32.392,4,-80.0,-19.4513,-0.042763736099004745,-6.534752368927002,-1.2789506912231445,23.600303649902344,39.0,0
32.397,4,-80.0,-19.5721,-0.06289320439100266,-3.77319598197937,-0.7384719848632812,23.61825180053711,39.0,0
32.402,4,-80.0,-19.6985,-0.06584381312131882,-3.7945873737335205,-0.7426586151123047,23.636198043823242,39.0,0
32.407,4,-80.0,-19.7809,-0.04842623695731163,-6.202863693237305,-1.2139949798583984,23.61825180053711,39.0,0
32.412,4,-80.0,-19.8413,-0.039462555199861526,-7.462674140930176,-1.4605591297149658,23.636198043823242,39.0,0
32.417,4,-80.0,-19.9072,-0.03652430325746536,-6.910890579223633,-1.3525665998458862,23.61825180053711,39.0,0
32.422,4,-80.0,-19.9896,-0.045058198273181915,-5.264840602874756,-1.030409574508667,23.600303649902344,39.0,0
32.427,4,-80.0,-20.1105,-0.0634983479976654,-2.8800899982452393,-0.5636775493621826,23.636198043823242,39.0,0
32.432,4,-80.0,-20.2258,-0.06303603947162628,-4.034045219421387,-0.7895241975784302,23.61825180053711,39.0,0
32.437,4,-80.0,-20.3027,-0.04744713753461838,-7.8350372314453125,-1.5334362983703613,23.636198043823242,39.0,0
32.442,4,-80.0,-20.3796,-0.04229964688420296,-6.9814772605896,-1.3663815259933472,23.636198043823242,39.0,0
32.447,4,-80.0,-20.4565,-0.0428098626434803,-6.823215007781982,-1.3354071378707886,23.61825180053711,39.0,0
32.452,4,-80.0,-20.5554,-0.05474067106842995,-3.954932451248169,-0.7740405797958374,23.61825180053711,39.0,0
32.456,4,-80.0,-20.6818,-0.06733683496713638,-2.904320478439331,-0.5684198141098022,23.636198043823242,39.0,0
32.462,4,-80.0,-20.7916,-0.05721864104270935,-3.2620463371276855,-0.6417126655578613,23.636198043823242,39.0,0
32.467,4,-80.0,-20.8685,-0.0483156256377697,-4.944007873535156,-0.9676176905632019,23.636198043823242,39.0,0
32.472,4,-80.0,-20.9619,-0.05139576271176338,-4.855151653289795,-0.9502272009849548,23.61825180053711,39.0,0
32.477,4,-80.0,-21.0718,-0.05869053676724434,-2.4601242542266846,-0.5657618045806885,23.636198043823242,39.0,0
32.482,4,-80.0,-21.1816,-0.06061748042702675,-2.4809842109680176,-0.4855664372444153,23.636198043823242,39.0,0
32.487,4,-80.0,-21.2695,-0.050149496644735336,-4.097998142242432,-0.802040696144104,23.636198043823242,39.0,0
32.492,4,-80.0,-21.3409,-0.04292970523238182,-4.939786911010742,-0.9667916297912598,23.600303649902344,39.0,0
32.497,4,-80.0,-21.4288,-0.046663202345371246,-5.496415138244629,-1.0757322311401367,23.636198043823242,39.0,0
32.502,4,-80.0,-21.5222,-0.05094945803284645,-3.1524479389190674,-0.616982102394104,23.61825180053711,39.0,0
32.507,4,-80.0,-21.6266,-0.05786268413066864,-2.6434340476989746,-0.5173603296279907,23.636198043823242,39.0,0
32.512,4,-80.0,-21.7365,-0.05867256969213486,-1.9594358205795288,-0.3834914565086365,23.636198043823242,39.0,0
32.517,4,-80.0,-21.8188,-0.04895607382059097,-4.021015167236328,-0.7869739532470703,23.61825180053711,39.0,0
32.522,4,-80.0,-21.9012,-0.04708312451839447,-3.767444133758545,-0.7373462915420532,23.636198043823242,39.0,0
32.527,4,-80.0,-22.0056,-0.054679885506629944,-2.166912794113159,-0.42409783601760864,23.636198043823242,39.0,0
32.532,4,-80.0,-22.1155,-0.06150900200009346,-0.04319896921515465,-0.008454697206616402,23.61825180053711,39.0,0
32.536,4,-80.0,-22.2144,-0.056316785514354706,-2.6170995235443115,-0.5122062563896179,23.61825180053711,39.0,0
32.542,4,-80.0,-22.2913,-0.044312942773103714,-4.141910552978516,-0.8106350302696228,23.636198043823242,39.0,0
32.546,4,-80.0,-22.3627,-0.04332773759961128,-3.718454122543335,-0.7277581095695496,23.61825180053711,39.0,0
32.552,4,-80.0,-22.4561,-0.048316869884729385,-3.1989800930023193,-0.6260892152786255,23.61825180053711,39.0,0
32.557,4,-80.0,-22.5494,-0.05241716280579567,-2.515167474746704,-0.4922565817832947,23.636198043823242,39.0,0
32.562,4,-80.0,-22.6538,-0.05478799715638161,-2.3859574794769287,-0.46696826815605164,23.636198043823242,39.0,0
32.567,4,-80.0,-22.7472,-0.05269394442439079,-3.3385157585144043,-0.6533983945846558,23.636198043823242,39.0,0
32.572,4,-80.0,-22.8186,-0.04469266161322594,-4.1477532386779785,-0.8117785453796387,23.61825180053711,39.0,0
32.577,4,-80.0,-22.901,-0.0451694093644619,-4.529436111450195,-0.9251284599304199,23.61825180053711,39.0,0
32.582,4,-80.0,-22.9944,-0.05084341764450073,-2.897037982940674,-0.5669944882392883,23.61825180053711,39.0,0
32.587,4,-80.0,-23.0933,-0.053458016365766525,-2.1366875171661377,-0.4181823134422302,23.636198043823242,39.0,0
32.592,4,-80.0,-23.1976,-0.05572563409805298,-2.5484235286712646,-0.49876534938812256,23.636198043823242,39.0,0
32.597,4,-80.0,-23.291,-0.052369117736816406,-2.879434108734131,-0.5635491609573364,23.61825180053711,39.0,0
32.602,4,-80.0,-23.3679,-0.04691683501005173,-3.5215795040130615,-0.6892268061637878,23.636198043823242,39.0,0
32.607,4,-80.0,-23.4503,-0.04670196771621704,-3.331437587738037,-0.6520131826400757,23.636198043823242,39.0,0
32.612,4,-80.0,-23.5492,-0.05225098133087158,-1.6226166486740112,-0.3175708055496216,23.61825180053711,39.0,0
32.616,4,-80.0,-23.6481,-0.056727368384599686,-2.1250240802764893,-0.4158996045589447,23.636198043823242,39.0,0
32.622,4,-80.0,-23.7524,-0.053073201328516006,-2.8526830673217773,-0.5583135485649109,23.61825180053711,39.0,0
32.627,4,-80.0,-23.8293,-0.046277616173028946,-3.4916787147521973,-0.6833747625350952,23.61825180053711,39.0,0
32.632,4,-80.0,-23.9117,-0.04661013185977936,-3.7778661251068115,-0.7393859624862671,23.636198043823242,39.0,0
32.637,4,-80.0,-23.9996,-0.05001794174313545,-1.7643537521362305,-0.34531092643737793,23.61825180053711,39.0,0
32.642,4,-80.0,-24.104,-0.05497412383556366,-1.8654909133911133,-0.365105003118515,23.636198043823242,39.0,0
32.647,4,-80.0,-24.2084,-0.05744241923093796,-1.795912504196167,-0.31681928038597107,23.636198043823242,39.0,0
32.652,4,-80.0,-24.2963,-0.049622226506471634,-2.4430065155029297,-0.4781336188316345,23.61825180053711,39.0,0
32.657,4,-80.0,-24.3732,-0.04469551891088486,-3.3382065296173096,-0.6533378958702087,23.61825180053711,39.0,0
32.662,4,-80.0,-24.4611,-0.04834943264722824,-2.1457455158233643,-0.4199551045894623,23.636198043823242,39.0,0
32.667,4,-80.0,-24.5599,-0.054418157786130905,-1.0931106805801392,-0.2139384150505066,23.61825180053711,39.0,0
32.672,4,-80.0,-24.6643,-0.05648116022348404,-1.257441759109497,-0.246100515127182,23.61825180053711,39.0,0
32.677,4,-80.0,-24.7577,-0.05358459800481796,-2.0710268020629883,-0.405331552028656,23.61825180053711,39.0,0
32.682,4,-80.0,-24.8346,-0.04441506788134575,-3.404564380645752,-0.6663251519203186,23.61825180053711,39.0,0
32.687,4,-80.0,-24.906,-0.04261798411607742,-3.483830451965332,-0.6818387508392334,23.61825180053711,39.0,0
32.692,4,-80.0,-24.9884,-0.04519597813487053,-3.2746479511260986,-0.6408985257148743,23.61825180053711,39.0,0
32.697,4,-80.0,-25.0763,-0.04789102077484131,-2.7820019721984863,-0.5444802045822144,23.600303649902344,39.0,0
32.702,4,-80.0,-25.1752,-0.05282121151685715,-2.2916321754455566,-0.4485073685646057,23.61825180053711,39.0,0
32.707,4,-80.0,-25.2686,-0.05257492884993553,-2.514252185821533,-0.49207746982574463,23.61825180053711,39.0,0
32.712,4,-80.0,-25.351,-0.04633743688464165,-3.679839611053467,-0.7202006578445435,23.61825180053711,39.0,0
32.717,4,-80.0,-25.4224,-0.04206959530711174,-4.1269121170043945,-0.8076996803283691,23.636198043823242,39.0,0
32.722,4,-80.0,-25.4993,-0.04199282452464104,-4.906501293182373,-0.9602770805358887,23.636198043823242,39.0,0
32.727,4,-80.0,-25.5707,-0.04162811115384102,-5.093409538269043,-0.9968578815460205,23.61825180053711,39.0,0
32.732,4,-80.0,-25.6641,-0.049345701932907104,-2.8877336978912354,-0.5651735067367554,23.600303649902344,39.0,0
32.737,4,-80.0,-25.7739,-0.05835976451635361,-1.6112966537475586,-0.3153553009033203,23.636198043823242,39.0,0
32.742,4,-80.0,-25.8673,-0.052830781787633896,-2.857607841491699,-0.5592774152755737,23.61825180053711,39.0,0
32.747,4,-80.0,-25.9387,-0.04186731576919556,-5.079002857208252,-0.9940383434295654,23.636198043823242,39.0,0
32.752,4,-80.0,-25.9991,-0.03607579693198204,-7.568613529205322,-1.481292963027954,23.61825180053711,39.0,0
32.757,4,-80.0,-26.0486,-0.02978517860174179,-7.794023513793945,-1.52540922164917,23.61825180053711,39.0,0
32.762,4,-80.0,-26.1145,-0.03580472990870476,-7.126633644104004,-1.3947908878326416,23.600303649902344,39.0,0
32.767,4,-80.0,-26.2354,-0.05969376116991043,-3.5473198890686035,-0.6942645311355591,23.61825180053711,39.0,0
32.772,4,-80.0,-26.3562,-0.0661594569683075,-2.128612756729126,-0.4166019856929779,23.636198043823242,39.0,0
32.777,4,-80.0,-26.4331,-0.04588595777750015,-5.018784046173096,-0.9822525382041931,23.636198043823242,39.0,0
32.782,4,-80.0,-26.4935,-0.03743389621376991,-8.124565124511719,-1.5901012420654297,23.636198043823242,39.0,0
32.787,4,-80.0,-26.554,-0.03498543053865433,-9.218439102172852,-1.8041890859603882,23.61825180053711,39.0,0
32.792,4,-80.0,-26.6199,-0.03778085112571716,-9.273056030273438,-1.8148783445358276,23.61825180053711,39.0,0
32.797,4,-80.0,-26.7297,-0.055107343941926956,-5.0078229904174805,-0.980107307434082,23.636198043823242,39.0,0
32.802,4,-80.0,-26.8616,-0.06786315888166428,-3.1648120880126953,-0.6194019913673401,23.636198043823242,39.0,0
32.807,4,-80.0,-26.9604,-0.05790143460035324,-4.901561260223389,-0.9593102335929871,23.61825180053711,39.0,0
32.812,4,-80.0,-27.0319,-0.044341810047626495,-6.694005489349365,-1.3101189136505127,23.636198043823242,39.0,0
32.817,4,-80.0,-27.1033,-0.040139954537153244,-5.920312881469727,-1.1586954593658447,23.61825180053711,39.0,0
32.822,4,-80.0,-27.1967,-0.049934327602386475,-4.243570327758789,-0.8305314779281616,23.61825180053711,39.0,0
32.827,4,-80.0,-27.3175,-0.06261364370584488,-3.42258882522583,-0.7374149560928345,23.61825180053711,39.0,0
32.832,4,-80.0,-27.4219,-0.058812931180000305,-4.041982650756836,-0.7910775542259216,23.636198043823242,39.0,0
32.837,4,-80.0,-27.5043,-0.04787151888012886,-5.629215717315674,-1.101723313331604,23.636198043823242,39.0,0
32.842,4,-80.0,-27.5812,-0.04388147220015526,-7.692920207977295,-1.5056217908859253,23.61825180053711,39.0,0
32.847,4,-80.0,-27.6526,-0.04113408923149109,-6.545200824737549,-1.2809956073760986,23.600303649902344,39.0,0
32.852,4,-80.0,-27.746,-0.05091279372572899,-4.759139060974121,-0.9314360618591309,23.61825180053711,39.0,0
32.857,4,-80.0,-27.8723,-0.0647706538438797,-3.1352345943450928,-0.6136131882667542,23.636198043823242,39.0,0
32.862,4,-80.0,-27.9822,-0.059409961104393005,-2.867079973220825,-0.5611312389373779,23.654146194458008,39.0,0
32.867,4,-80.0,-28.0646,-0.04996383562684059,-4.150697708129883,-0.8123548030853271,23.61825180053711,39.0,0
32.872,4,-80.0,-28.158,-0.052927788347005844,-2.8719916343688965,-0.5620925426483154,23.61825180053711,39.0,0
32.877,4,-80.0,-28.2733,-0.06188026815652847,-0.7075942754745483,-0.13848698139190674,23.61825180053711,39.0,0
32.882,4,-80.0,-28.3887,-0.06201189383864403,-2.001746416091919,-0.3917722702026367,23.636198043823242,39.0,0
32.887,4,-80.0,-28.4711,-0.04870858043432236,-4.144829273223877,-0.8112062811851501,23.654146194458008,39.0,0
32.892,4,-80.0,-28.5425,-0.043107543140649796,-5.040170669555664,-0.9864382147789001,23.636198043823242,39.0,0
32.897,4,-80.0,-28.6359,-0.05044664442539215,-2.43668532371521,-0.4768964648246765,23.61825180053711,39.0,0
32.902,4,-80.0,-28.7347,-0.05426637455821037,-2.8240225315093994,-0.5527042746543884,23.61825180053711,39.0,0
32.907,4,-80.0,-28.8336,-0.05350755527615547,-2.844406843185425,-0.5566937923431396,23.61825180053711,39.0,0
32.912,4,-80.0,-28.927,-0.05295008048415184,-2.854332685470581,-0.5586364269256592,23.61825180053711,39.0,0
32.917,4,-80.0,-29.0149,-0.050710782408714294,-3.8640949726104736,-0.7562623023986816,23.636198043823242,39.0,0
32.922,4,-80.0,-29.0973,-0.04773710295557976,-3.7702903747558594,-0.7379032969474792,23.61825180053711,39.0,0
32.927,4,-80.0,-29.1852,-0.04701898992061615,-2.862274169921875,-0.5601906776428223,23.600303649902344,39.0,0
32.931,4,-80.0,-29.2786,-0.053360454738140106,-2.894623279571533,-0.5306477546691895,23.61825180053711,39.0,0
32.937,4,-80.0,-29.3939,-0.05858130380511284,-1.6183428764343262,-0.3167343735694885,23.654146194458008,39.0,0
32.942,4,-80.0,-29.4818,-0.04988158121705055,-3.434122323989868,-0.6721100807189941,23.61825180053711,39.0,0
32.947,4,-80.0,-29.5532,-0.04328610748052597,-4.758050918579102,-0.9312231540679932,23.654146194458008,39.0,0
32.952,4,-80.0,-29.6411,-0.04780012369155884,-4.307143688201904,-0.8429737091064453,23.61825180053711,39.0,0
32.957,4,-80.0,-29.729,-0.04898454621434212,-3.010201930999756,-0.5891424417495728,23.61825180053711,39.0,0
32.962,4,-80.0,-29.8279,-0.053094130009412766,-2.762510299682617,-0.5406653881072998,23.61825180053711,39.0,0
32.967,4,-80.0,-29.9268,-0.054829008877277374,-2.365072727203369,-0.46288082003593445,23.636198043823242,39.0,0
32.972,4,-80.0,-30.0092,-0.04846842959523201,-3.1313116550445557,-0.6128454804420471,23.600303649902344,39.0,0
32.977,4,-80.0,-30.0916,-0.046061206609010696,-3.9489176273345947,-0.7728633880615234,23.636198043823242,39.0,0
32.982,4,-80.0,-30.1794,-0.049012064933776855,-3.391965866088867,-0.6638594269752502,23.61825180053711,39.0,0
32.987,4,-80.0,-30.2783,-0.052948612719774246,-3.32486629486084,-0.6507270336151123,23.61825180053711,39.0,0
32.992,4,-80.0,-30.3827,-0.05504994094371796,-3.093416452407837,-0.6054287552833557,23.636198043823242,39.0,0
32.997,4,-80.0,-30.4761,-0.05258048325777054,-2.863848924636841,-0.5604988932609558,23.61825180053711,39.0,0
33.001,4,-80.0,-30.553,-0.048046741634607315,-2.846534490585327,-0.5571101903915405,23.61825180053711,39.0,0
33.007,4,-80.0,-30.6464,-0.04868289828300476,-2.642641067504883,-0.5172051191329956,23.61825180053711,39.0,0
33.012,4,-80.0,-30.7397,-0.05247245728969574,-2.7851598262786865,-0.5450982451438904,23.61825180053711,39.0,0
33.017,4,-80.0,-30.8441,-0.05593610554933548,-1.5151731967926025,-0.2965424954891205,23.61825180053711,39.0,0
33.022,4,-80.0,-30.9375,-0.05380577966570854,-1.6120914220809937,-0.3155108690261841,23.61825180053711,39.0,0
33.027,4,-80.0,-31.0199,-0.04743471369147301,-2.9795713424682617,-0.5831475257873535,23.636198043823242,39.0,0
33.032,4,-80.0,-31.1023,-0.04700303077697754,-2.784950017929077,-0.5450571775436401,23.61825180053711,39.0,0
33.037,4,-80.0,-31.1957,-0.050064973533153534,-2.4391930103302,-0.47738727927207947,23.61825180053711,39.0,0
33.042,4,-80.0,-31.2946,-0.05385085940361023,-1.9002771377563477,-0.37191319465637207,23.61825180053711,39.0,0
33.047,4,-80.0,-31.3934,-0.055806778371334076,-1.451341986656189,-0.28404974937438965,23.61825180053711,39.0,0
33.052,4,-80.0,-31.4813,-0.05044980347156525,-2.7522525787353516,-0.5386577844619751,23.636198043823242,39.0,0
33.057,4,-80.0,-31.5637,-0.0463763065636158,-2.7570247650146484,-0.5395917892456055,23.636198043823242,39.0,0
33.062,4,-80.0,-31.6461,-0.047553472220897675,-2.993439197540283,-0.5858616828918457,23.61825180053711,39.0,0
33.067,4,-80.0,-31.745,-0.05170757696032524,-1.4387781620025635,-0.2815908193588257,23.61825180053711,39.0,0
33.072,4,-80.0,-31.8439,-0.055730435997247696,-1.7738081216812134,-0.34716129302978516,23.636198043823242,39.0,0
33.077,4,-80.0,-31.9427,-0.05280866101384163,-2.1154093742370605,-0.4140178859233856,23.636198043823242,39.0,0
33.082,4,-80.0,-32.0197,-0.045301396399736404,-3.2920782566070557,-0.6443098783493042,23.61825180053711,39.0,0
33.087,4,-80.0,-32.0966,-0.04346714913845062,-3.6201741695404053,-0.7085232734680176,23.600303649902344,39.0,0
33.092,4,-80.0,-32.1844,-0.04858371987938881,-2.6033387184143066,-0.5095130801200867,23.61825180053711,39.0,0
33.097,4,-80.0,-32.2778,-0.051212940365076065,-2.8897430896759033,-0.5655667781829834,23.636198043823242,39.0,0
33.102,4,-80.0,-32.3657,-0.05032079666852951,-2.319437026977539,-0.4539491832256317,23.61825180053711,39.0,0
33.107,4,-80.0,-32.4536,-0.048352569341659546,-2.888770580291748,-0.5653764605522156,23.636198043823242,39.0,0
33.112,4,-80.0,-32.5415,-0.0485973060131073,-2.7884256839752197,-0.5457374453544617,23.600303649902344,39.0,0
33.117,4,-80.0,-32.6239,-0.045450638979673386,-3.7793853282928467,-0.7396833300590515,23.61825180053711,39.0,0
33.122,4,-80.0,-32.6953,-0.04145005717873573,-5.082517623901367,-0.9947261810302734,23.61825180053711,39.0,0
33.127,4,-80.0,-32.7612,-0.03981444612145424,-5.326623439788818,-1.042501449584961,23.61825180053711,39.0,0
33.132,4,-80.0,-32.8491,-0.046690214425325394,-3.5990636348724365,-0.7043916583061218,23.61825180053711,39.0,0
33.137,4,-80.0,-32.9535,-0.05616619437932968,-2.890796184539795,-0.5657728910446167,23.61825180053711,39.0,0
33.142,4,-80.0,-33.0524,-0.053332991898059845,-3.0373342037200928,-0.5944526195526123,23.636198043823242,39.0,0
33.147,4,-80.0,-33.1238,-0.044042978435754776,-4.848598003387451,-0.9489445090293884,23.61825180053711,39.0,0
33.152,4,-80.0,-33.1952,-0.040134601294994354,-5.621740341186523,-1.1002602577209473,23.636198043823242,39.0,0
33.156,4,-80.0,-33.2556,-0.0351407565176487,-6.8259358406066895,-1.3359397649765015,23.600303649902344,39.0,0
33.162,4,-80.0,-33.3325,-0.04172257333993912,-6.529338836669922,-1.2778911590576172,23.61825180053711,39.0,0
33.167,4,-80.0,-33.4424,-0.05562499910593033,-3.533560037612915,-0.6915715932846069,23.61825180053711,39.0,0
33.172,4,-80.0,-33.5468,-0.05787856504321098,-3.5020551681518555,-0.6854056119918823,23.636198043823242,39.0,0
33.177,4,-80.0,-33.6237,-0.04515115171670914,-5.782574653625488,-1.1317380666732788,23.636198043823242,39.0,0
33.182,4,-80.0,-33.6896,-0.041243188083171844,-8.179960250854492,-1.6009429693222046,23.636198043823242,39.0,0
33.187,4,-80.0,-33.761,-0.038080573081970215,-5.885764122009277,-1.1519337892532349,23.61825180053711,39.0,0
33.192,4,-80.0,-33.8324,-0.04224599152803421,-7.129152774810791,-1.3952839374542236,23.61825180053711,39.0,0
33.197,4,-80.0,-33.9423,-0.057709626853466034,-4.273162364959717,-0.8363230228424072,23.61825180053711,39.0,0
33.202,4,-80.0,-34.0631,-0.06333832442760468,-3.107250452041626,-0.6081362962722778,23.636198043823242,39.0,0
33.207,4,-80.0,-34.151,-0.05028470233082771,-5.012372970581055,-0.9809978008270264,23.636198043823242,39.0,0
33.212,4,-80.0,-34.2224,-0.043969906866550446,-5.50776481628418,-1.077953577041626,23.61825180053711,39.0,0
33.217,4,-80.0,-34.2993,-0.04288078099489212,-5.930071830749512,-1.1606054306030273,23.600303649902344,39.0,0
33.222,4,-80.0,-34.3927,-0.051148515194654465,-3.9601616859436035,-0.7750639915466309,23.636198043823242,39.0,0
33.227,4,-80.0,-34.5135,-0.06307782232761383,-3.502624034881592,-0.6855169534683228,23.636198043823242,39.0,0
33.232,4,-80.0,-34.6234,-0.06163058802485466,-3.327317476272583,-0.6512067317962646,23.636198043823242,39.0,0
33.237,4,-80.0,-34.7058,-0.04817471280694008,-4.552651405334473,-0.8910233378410339,23.636198043823242,39.0,0
33.242,4,-80.0,-34.7772,-0.043859317898750305,-5.080502510070801,-0.9943317770957947,23.61825180053711,39.0,0
33.247,4,-80.0,-34.8541,-0.04306657612323761,-5.7429304122924805,-1.123979091644287,23.61825180053711,39.0,0
33.252,4,-80.0,-34.9475,-0.05023335665464401,-4.940372467041016,-0.9669062495231628,23.61825180053711,39.0,0
33.257,4,-80.0,-35.0629,-0.06022104620933533,-2.848036527633667,-0.5574041604995728,23.636198043823242,39.0,0
33.262,4,-80.0,-35.1672,-0.057167720049619675,-3.0798497200012207,-0.6027735471725464,23.636198043823242,39.0,0
33.267,4,-80.0,-35.2551,-0.051495593041181564,-3.331261157989502,-0.651978611946106,23.61825180053711,39.0,0
33.272,4,-80.0,-35.354,-0.05427275225520134,-2.7506680488586426,-0.5383476614952087,23.636198043823242,39.0,0
33.277,4,-80.0,-35.4584,-0.058642685413360596,-1.7724666595458984,-0.34689873456954956,23.61825180053711,39.0,0
33.282,4,-80.0,-35.5737,-0.06221936270594597,-2.1008782386779785,-0.41117388010025024,23.636198043823242,39.0,0
33.287,4,-80.0,-35.6671,-0.05353383347392082,-3.6822192668914795,-0.7206664085388184,23.636198043823242,39.0,0
33.292,4,-80.0,-35.7385,-0.04371987283229828,-4.978011608123779,-0.9742727279663086,23.61825180053711,39.0,0
33.297,4,-80.0,-35.8264,-0.04801127687096596,-2.8564400672912598,-0.5590488910675049,23.636198043823242,39.0,0
33.301,4,-80.0,-35.9253,-0.055200591683387756,-2.5838046073913574,-0.5056899785995483,23.636198043823242,39.0,0
33.307,4,-80.0,-36.0352,-0.05705319344997406,-1.8893370628356934,-0.3697720766067505,23.61825180053711,39.0,0
33.312,4,-80.0,-36.123,-0.05057581886649132,-3.083970546722412,-0.6035800576210022,23.636198043823242,39.0,0
33.317,4,-80.0,-36.2,-0.04571695253252983,-3.8698251247406006,-0.7573837637901306,23.61825180053711,39.0,0
33.322,4,-80.0,-36.2933,-0.04973018914461136,-3.567551851272583,-0.6982243061065674,23.61825180053711,39.0,0
33.327,4,-80.0,-36.3867,-0.051163218915462494,-3.092651128768921,-0.6052789688110352,23.61825180053711,39.0,0
33.332,4,-80.0,-36.4801,-0.0527031309902668,-3.116511821746826,-0.6099488735198975,23.636198043823242,39.0,0
33.337,4,-80.0,-36.5845,-0.05602709576487541,-1.732631802558899,-0.33910244703292847,23.61825180053711,39.0,0
33.342,4,-80.0,-36.6779,-0.05326804146170616,-2.3236184120178223,-0.4547675848007202,23.636198043823242,39.0,0
33.347,4,-80.0,-36.7603,-0.046758342534303665,-3.6372177600860596,-0.7118589878082275,23.636198043823242,39.0,0
33.352,4,-80.0,-36.8372,-0.04588064178824425,-2.836876630783081,-0.5552200078964233,23.61825180053711,39.0,0
33.357,4,-80.0,-36.925,-0.04792607203125954,-2.7810170650482178,-0.5442874431610107,23.61825180053711,39.0,0
33.362,4,-80.0,-37.0239,-0.05213664472103119,-2.744149684906006,-0.537071943283081,23.61825180053711,39.0,0
33.367,4,-80.0,-37.1228,-0.05369185656309128,-2.4750888347625732,-0.48441261053085327,23.61825180053711,39.0,0
33.372,4,-80.0,-37.2052,-0.048649974167346954,-2.8083369731903076,-0.5496343374252319,23.61825180053711,39.0,0
33.377,4,-80.0,-37.2821,-0.044242147356271744,-4.34662389755249,-0.8507005572319031,23.61825180053711,39.0,0
33.382,4,-80.0,-37.37,-0.04749131575226784,-3.0487563610076904,-0.5966880917549133,23.636198043823242,39.0,0
33.387,4,-80.0,-37.4634,-0.05216725543141365,-2.3337981700897217,-0.45675989985466003,23.61825180053711,39.0,0
33.392,4,-80.0,-37.5677,-0.05548767372965813,-2.74379825592041,-0.5370031595230103,23.61825180053711,39.0,0
33.397,4,-80.0,-37.6666,-0.055437009781599045,-2.3862459659576416,-0.46702468395233154,23.636198043823242,39.0,0
33.402,4,-80.0,-37.749,-0.04895472526550293,-2.8233656883239746,-0.5525757074356079,23.61825180053711,39.0,0
33.407,4,-80.0,-37.8314,-0.04572109133005142,-3.5766139030456543,-0.6999979019165039,23.61825180053711,39.0,0
33.412,4,-80.0,-37.9248,-0.050499506294727325,-2.3904001712799072,-0.46783775091171265,23.636198043823242,39.0,0
33.417,4,-80.0,-38.0292,-0.05691114813089371,-1.1476792097091675,-0.2246183156967163,23.636198043823242,39.0,0
33.422,4,-80.0,-38.1281,-0.056408192962408066,-2.1070821285247803,-0.4123880863189697,23.636198043823242,39.0,0
33.427,4,-80.0,-38.2159,-0.04997120797634125,-2.784003973007202,-0.544871985912323,23.61825180053711,39.0,0
33.432,4,-80.0,-38.2983,-0.045567918568849564,-3.053466320037842,-0.5976098775863647,23.636198043823242,39.0,0
33.436,4,-80.0,-38.3752,-0.04760685935616493,-2.7319538593292236,-0.5346850156784058,23.61825180053711,39.0,0
33.442,4,-80.0,-38.4796,-0.052537597715854645,-1.452135682106018,-0.2842050790786743,23.600303649902344,39.0,0
33.447,4,-80.0,-38.584,-0.05595950037240982,-1.4221441745758057,-0.278335303068161,23.636198043823242,39.0,0
33.452,4,-80.0,-38.6719,-0.05051395297050476,-2.8942127227783203,-0.566441535949707,23.61825180053711,39.0,0
33.457,4,-80.0,-38.7488,-0.0455930233001709,-3.318826913833618,-0.6495450139045715,23.61825180053711,39.0,0
33.462,4,-80.0,-38.8312,-0.04693521559238434,-2.836005449295044,-0.555049479007721,23.61825180053711,39.0,0
33.467,4,-80.0,-38.9301,-0.05277940630912781,-1.9193928241729736,-0.3756544291973114,23.636198043823242,39.0,0
33.472,4,-80.0,-39.0344,-0.05595356225967407,-1.6280125379562378,-0.31862688064575195,23.61825180053711,39.0,0
33.477,4,-80.0,-39.1333,-0.053550947457551956,-1.359659194946289,-0.2661060392856598,23.636198043823242,39.0,0
33.482,4,-80.0,-39.2102,-0.04643993824720383,-3.0470376014709473,-0.5963517427444458,23.61825180053711,39.0,0
33.487,4,-80.0,-39.2871,-0.04317004233598709,-3.948301076889038,-0.7727426886558533,23.61825180053711,39.0,0
33.492,4,-80.0,-39.364,-0.044810179620981216,-2.6956000328063965,-0.5275700092315674,23.61825180053711,39.0,0
33.497,4,-80.0,-39.4574,-0.04840758070349693,-3.1606712341308594,-0.6185915470123291,23.61825180053711,39.0,0
33.502,4,-80.0,-39.5508,-0.052121102809906006,-2.6140244007110596,-0.5116044282913208,23.636198043823242,39.0,0
33.507,4,-80.0,-39.6442,-0.0523357130587101,-2.464836597442627,-0.4824061095714569,23.61825180053711,39.0,0
33.512,4,-80.0,-39.7266,-0.046860646456480026,-3.4370155334472656,-0.6726763248443604,23.636198043823242,39.0,0
33.517,4,-80.0,-39.798,-0.04224825277924538,-4.689443111419678,-0.9030070304870605,23.636198043823242,39.0,0
33.522,4,-80.0,-39.8749,-0.04207116365432739,-3.141357660293579,-0.6148115992546082,23.61825180053711,39.0,0
33.527,4,-80.0,-39.9463,-0.04007067158818245,-4.261257648468018,-0.8339930772781372,23.61825180053711,39.0,0
33.532,4,-80.0,-40.0287,-0.04508625343441963,-4.784103870391846,-0.9363220930099487,23.600303649902344,39.0,0
33.537,4,-80.0,-40.1331,-0.05562346428632736,-2.6127872467041016,-0.5113623142242432,23.61825180053711,39.0,0
33.542,4,-80.0,-40.2319,-0.05384510010480881,-3.0251951217651367,-0.5920767784118652,23.61825180053711,39.0,0
33.547,4,-80.0,-40.3088,-0.0440782867372036,-5.50087308883667,-1.0766047239303589,23.61825180053711,39.0,0
33.552,4,-80.0,-40.3802,-0.04039273038506508,-6.111497402191162,-1.1961132287979126,23.61825180053711,39.0,0
33.557,4,-80.0,-40.4462,-0.03768984228372574,-5.042957305908203,-0.9869836568832397,23.61825180053711,39.0,0
33.562,4,-80.0,-40.5231,-0.04263593256473541,-5.73033332824707,-1.1215136051177979,23.61825180053711,39.0,0
33.567,4,-80.0,-40.6274,-0.057172998785972595,-3.5064446926116943,-0.68626469373703,23.61825180053711,39.0,0
33.572,4,-80.0,-40.7428,-0.057504720985889435,-3.768038034439087,-0.7374624609947205,23.636198043823242,39.0,0
33.576,4,-80.0,-40.8032,-0.04367801919579506,-5.463817596435547,-1.069352388381958,23.61825180053711,39.0,0
33.582,4,-80.0,-40.8801,-0.03972036391496658,-8.643896102905273,-1.691742181777954,23.61825180053711,39.0,0
33.587,4,-80.0,-40.946,-0.03917151317000389,-7.599841117858887,-1.487404704093933,23.636198043823242,39.0,0
33.592,4,-80.0,-41.0229,-0.04168824106454849,-6.532543182373047,-1.2785183191299438,23.600303649902344,39.0,0
33.597,4,-80.0,-41.1328,-0.05736497789621353,-4.08201789855957,-0.7989131808280945,23.61825180053711,39.0,0
33.602,4,-80.0,-41.2592,-0.064644455909729,-3.56437087059021,-0.6976017355918884,23.61825180053711,39.0,0
33.607,4,-80.0,-41.3416,-0.04959431663155556,-5.221951961517334,-1.0220155715942383,23.636198043823242,39.0,0
33.612,4,-80.0,-41.402,-0.039874181151390076,-7.921939373016357,-1.5504443645477295,23.636198043823242,39.0,0
33.617,4,-80.0,-41.4789,-0.040305137634277344,-5.939298629760742,-1.1624113321304321,23.61825180053711,39.0,0
33.622,4,-80.0,-41.5613,-0.04800938442349434,-5.228656768798828,-1.0233278274536133,23.61825180053711,39.0,0
33.627,4,-80.0,-41.6876,-0.06453253328800201,-2.8342249393463135,-0.554701030254364,23.636198043823242,39.0,0
33.632,4,-80.0,-41.814,-0.0662321001291275,-2.387842893600464,-0.4673372507095337,23.636198043823242,39.0,0
33.637,4,-80.0,-41.8964,-0.05173289775848389,-3.9764862060546875,-0.7782589793205261,23.654146194458008,39.0,0
33.642,4,-80.0,-41.9733,-0.04489648714661598,-4.3332977294921875,-0.8480924963951111,23.61825180053711,39.0,0
33.647,4,-80.0,-42.0502,-0.04458428919315338,-5.942921161651611,-1.1631202697753906,23.600303649902344,39.0,0
33.652,4,-80.0,-42.1545,-0.0541917085647583,-3.2345545291900635,-0.6330516338348389,23.61825180053711,39.0,0
33.657,4,-80.0,-42.2699,-0.060475707054138184,-2.851181745529175,-0.558019757270813,23.654146194458008,39.0,0
33.662,4,-80.0,-42.3523,-0.04889196902513504,-4.753015995025635,-0.9302377104759216,23.61825180053711,39.0,0
33.667,4,-80.0,-42.4292,-0.04617268964648247,-5.911604881286621,-1.1569912433624268,23.61825180053711,39.0,0
33.672,4,-80.0,-42.5336,-0.05343710631132126,-3.560127019882202,-0.6967710852622986,23.61825180053711,39.0,0
33.677,4,-80.0,-42.6379,-0.059595316648483276,-1.7138304710388184,-0.3353755474090576,23.61825180053711,39.0,0
33.682,4,-80.0,-42.7588,-0.06337277591228485,-1.6788084506988525,-0.32856839895248413,23.636198043823242,39.0,0
33.687,4,-80.0,-42.8577,-0.055141933262348175,-2.7825465202331543,-0.5445867776870728,23.61825180053711,39.0,0
33.692,4,-80.0,-42.9291,-0.04752413183450699,-4.260289192199707,-0.8338035941123962,23.61825180053711,39.0,0
33.697,4,-80.0,-43.028,-0.05005069449543953,-2.7016000747680664,-0.5287443399429321,23.61825180053711,39.0,0
33.702,4,-80.0,-43.1323,-0.05586199089884758,-1.8667826652526855,-0.36535781621932983,23.61825180053711,39.0,0
33.707,4,-80.0,-43.2312,-0.055823925882577896,-1.9182404279708862,-0.3754288852214813,23.636198043823242,39.0,0
33.712,4,-80.0,-43.3246,-0.05247228592634201,-2.856793165206909,-0.5591179728507996,23.636198043823242,39.0,0
33.717,4,-80.0,-43.4015,-0.04665938392281532,-4.040915489196777,-0.7908687591552734,23.61825180053711,39.0,0
33.722,4,-80.0,-43.4784,-0.04321867972612381,-4.710634231567383,-0.921942949295044,23.61825180053711,39.0,0
33.727,4,-80.0,-43.5553,-0.04382158815860748,-6.340485572814941,-1.2409297227859497,23.61825180053711,39.0,0
33.732,4,-80.0,-43.6432,-0.047229476273059845,-3.4661247730255127,-0.6783734560012817,23.61825180053711,39.0,0
33.737,4,-80.0,-43.7476,-0.05514725670218468,-1.918203353881836,-0.3754216432571411,23.61825180053711,39.0,0
33.742,4,-80.0,-43.8519,-0.056915562599897385,-2.3866634368896484,-0.467106431722641,23.636198043823242,39.0,0
33.747,4,-80.0,-43.9398,-0.04954995959997177,-3.3121254444122314,-0.6482334733009338,23.61825180053711,39.0,0
33.752,4,-80.0,-44.0222,-0.04696148633956909,-3.7444732189178467,-0.7328504920005798,23.636198043823242,39.0,0
33.757,4,-80.0,-44.1101,-0.04870010167360306,-3.111567974090576,-0.6089813113212585,23.61825180053711,39.0,0
33.762,4,-80.0,-44.2035,-0.053533315658569336,-2.5139455795288086,-0.5613322257995605,23.61825180053711,39.0,0
33.767,4,-80.0,-44.3134,-0.056923359632492065,-1.787851333618164,-0.34990978240966797,23.61825180053711,39.0,0
33.771,4,-80.0,-44.4012,-0.051961034536361694,-2.3437142372131348,-0.45870059728622437,23.636198043823242,39.0,0
33.777,4,-80.0,-44.4781,-0.04516778886318207,-3.699859619140625,-0.7241189479827881,23.636198043823242,39.0,0
33.782,4,-80.0,-44.5551,-0.044638585299253464,-5.11135721206665,-1.0003705024719238,23.636198043823242,39.0,0
33.787,4,-80.0,-44.6429,-0.04768058657646179,-3.1636881828308105,-0.6191819906234741,23.636198043823242,39.0,0
33.792,4,-80.0,-44.7473,-0.05344419181346893,-2.0230960845947266,-0.3959507346153259,23.600303649902344,39.0,0
33.797,4,-80.0,-44.8517,-0.057462871074676514,-2.69722318649292,-0.5278877019882202,23.636198043823242,39.0,0
33.802,4,-80.0,-44.9396,-0.05168928951025009,-2.8788046836853027,-0.5634259581565857,23.61825180053711,39.0,0
33.807,4,-80.0,-45.0165,-0.045635707676410675,-3.839651584625244,-0.7514783143997192,23.636198043823242,39.0,0
33.812,4,-80.0,-45.1044,-0.04725826159119606,-3.0881097316741943,-0.6043901443481445,23.636198043823242,39.0,0
33.817,4,-80.0,-45.2032,-0.053104035556316376,-2.3729183673858643,-0.4644162654876709,23.61825180053711,39.0,0
33.822,4,-80.0,-45.3076,-0.05782284215092659,-1.7077693939208984,-0.3342365026473999,23.636198043823242,39.0,0
33.827,4,-80.0,-45.4065,-0.05478169023990631,-2.195467233657837,-0.42968639731407166,23.636198043823242,39.0,0
33.832,4,-80.0,-45.4944,-0.0507533922791481,-2.5687670707702637,-0.5027468800544739,23.636198043823242,39.0,0
33.837,4,-80.0,-45.5823,-0.048477545380592346,-2.644273281097412,-0.5175246000289917,23.61825180053711,39.0,0
33.842,4,-80.0,-45.6702,-0.04957757890224457,-2.426443099975586,-0.47489190101623535,23.636198043823242,39.0,0
33.847,4,-80.0,-45.769,-0.05512021854519844,-1.9593393802642822,-0.3834725618362427,23.61825180053711,39.0,0
33.852,4,-80.0,-45.8679,-0.05271374061703682,-2.139678716659546,-0.4187677502632141,23.61825180053711,39.0,0
33.857,4,-80.0,-45.9448,-0.04579654708504677,-3.3630728721618652,-0.6582046151161194,23.61825180053711,39.0,0
33.862,4,-80.0,-46.0217,-0.04372124746441841,-3.7758071422576904,-0.7389830350875854,23.61825180053711,39.0,0
33.867,4,-80.0,-46.1096,-0.047888074070215225,-2.3900258541107178,-0.4677644968032837,23.61825180053711,39.0,0
33.872,4,-80.0,-46.214,-0.053721897304058075,-2.1707005500793457,-0.42483919858932495,23.61825180053711,39.0,0
33.877,4,-80.0,-46.3129,-0.05639930069446564,-1.1405435800552368,-0.2232217639684677,23.636198043823242,39.0,0
33.882,4,-80.0,-46.4062,-0.051322467625141144,-2.6868906021118164,-0.5258654356002808,23.61825180053711,39.0,0
33.887,4,-80.0,-46.4777,-0.04376935213804245,-3.4266655445098877,-0.6706506609916687,23.636198043823242,39.0,0
33.892,4,-80.0,-46.5546,-0.04361167177557945,-3.083160161972046,-0.6034214496612549,23.61825180053711,39.0,0
33.897,4,-80.0,-46.6425,-0.04595278203487396,-3.7786788940429688,-0.7395450472831726,23.61825180053711,39.0,0
33.902,4,-80.0,-46.7303,-0.049537453800439835,-3.233428955078125,-0.632831335067749,23.636198043823242,39.0,0
33.907,4,-80.0,-46.8292,-0.05318975821137428,-2.179436445236206,-0.42654892802238464,23.636198043823242,39.0,0
33.912,4,-80.0,-46.9171,-0.04942530021071434,-3.0099213123321533,-0.5890874862670898,23.636198043823242,39.0,0
33.917,4,-80.0,-46.994,-0.04319094866514206,-4.4112467765808105,-0.8633481860160828,23.61825180053711,39.0,0
33.922,4,-80.0,-47.0599,-0.03934256359934807,-7.63995361328125,-1.4952553510665894,23.636198043823242,39.0,0
33.927,4,-80.0,-47.1204,-0.034368615597486496,-5.475438117980957,-1.0716266632080078,23.636198043823242,39.0,0
33.932,4,-80.0,-47.1863,-0.03592995926737785,-6.974928855895996,-1.3650999069213867,23.600303649902344,39.0,0
33.937,4,-80.0,-47.2852,-0.05221419036388397,-3.96793794631958,-0.7765859365463257,23.600303649902344,39.0,0
33.942,4,-80.0,-47.406,-0.06136553734540939,-2.697310209274292,-0.527904748916626,23.636198043823242,39.0,0
33.947,4,-80.0,-47.4884,-0.048644065856933594,-4.87819242477417,-0.954736590385437,23.636198043823242,39.0,0
33.952,4,-80.0,-47.5488,-0.03955451771616936,-5.946743011474609,-1.1638683080673218,23.636198043823242,39.0,0
33.957,4,-80.0,-47.6202,-0.03841947764158249,-6.637096405029297,-1.298980951309204,23.636198043823242,39.0,0
33.962,4,-80.0,-47.6917,-0.04087486490607262,-5.600335597991943,-1.0960711240768433,23.600303649902344,39.0,0
33.967,4,-80.0,-47.796,-0.055610865354537964,-4.025096893310547,-0.7877727746963501,23.600303649902344,39.0,0
33.972,4,-80.0,-47.9169,-0.06244654580950737,-3.0329244136810303,-0.5935895442962646,23.61825180053711,39.0,0
33.977,4,-80.0,-47.9993,-0.04758581146597862,-5.850090026855469,-1.1449518203735352,23.636198043823242,39.0,0
33.982,4,-80.0,-48.0597,-0.03823672980070114,-6.179243087768555,-1.2093720436096191,23.61825180053711,39.0,0
33.987,4,-80.0,-48.1256,-0.03804255649447441,-8.850319862365723,-1.732142448425293,23.61825180053711,39.0,0
33.992,4,-80.0,-48.197,-0.03945061191916466,-7.073719024658203,-1.384434700012207,23.600303649902344,39.0,0
33.997,4,-80.0,-48.2959,-0.051093101501464844,-5.3968119621276855,-1.0562384128570557,23.61825180053711,39.0,0
34.002,4,-80.0,-48.4222,-0.06620793789625168,-3.625049114227295,-0.7094773650169373,23.636198043823242,39.0,0
34.007,4,-80.0,-48.5266,-0.05904553830623627,-3.944027900695801,-0.7719063758850098,23.654146194458008,39.0,0
34.012,4,-80.0,-48.598,-0.04332716390490532,-5.505477428436279,-1.0775058269500732,23.61825180053711,39.0,0
34.017,4,-80.0,-48.6639,-0.03862923011183739,-8.876005172729492,-1.4481486082077026,23.61825180053711,39.0,0
34.022,4,-80.0,-48.7408,-0.04169364273548126,-6.660243988037109,-1.3035112619400024,23.600303649902344,39.0,0
34.027,4,-80.0,-48.8507,-0.05747751519083977,-4.502877712249756,-0.8812817931175232,23.61825180053711,39.0,0
34.032,4,-80.0,-48.9825,-0.06839675456285477,-2.329833507537842,-0.455983966588974,23.636198043823242,39.0,0
34.037,4,-80.0,-49.0814,-0.05832066014409065,-3.3460590839385986,-0.6548748016357422,23.636198043823242,39.0,0
34.042,4,-80.0,-49.1693,-0.04969323053956032,-5.868084907531738,-1.1484737396240234,23.61825180053711,39.0,0
34.047,4,-80.0,-49.2572,-0.05120645835995674,-3.229508638381958,-0.6320640444755554,23.600303649902344,39.0,0
34.052,4,-80.0,-49.3726,-0.0599793903529644,-3.293513059616089,-0.6445907354354858,23.61825180053711,39.0,0
34.057,4,-80.0,-49.4824,-0.06136547401547432,-2.860145092010498,-0.5597739815711975,23.61825180053711,39.0,0
34.062,4,-80.0,-49.5593,-0.04647625982761383,-4.76018762588501,-0.9316412806510925,23.636198043823242,39.0,0
34.067,4,-80.0,-49.6307,-0.04192909598350525,-4.712996959686279,-0.9224053621292114,23.61825180053711,39.0,0
34.072,4,-80.0,-49.7131,-0.04563247039914131,-3.038534641265869,-0.5946875810623169,23.61825180053711,39.0,0
34.077,4,-80.0,-49.7955,-0.04780744016170502,-4.877922534942627,-0.954683780670166,23.61825180053711,39.0,0
34.082,4,-80.0,-49.9109,-0.05829702317714691,-2.382139205932617,-0.4662209451198578,23.61825180053711,39.0,0
34.087,4,-80.0,-50.0317,-0.0662490651011467,-2.454235315322876,-0.4803312420845032,23.636198043823242,39.0,0
34.092,4,-80.0,-50.1306,-0.05478641390800476,-2.616685628890991,-0.5121252536773682,23.61825180053711,39.0,0
34.097,4,-80.0,-50.2075,-0.04698348045349121,-3.2769129276275635,-0.6413418054580688,23.636198043823242,39.0,0
34.102,4,-80.0,-50.3064,-0.052526481449604034,-2.4887449741363525,-0.48708534240722656,23.61825180053711,39.0,0
34.107,4,-80.0,-50.4108,-0.0579196959733963,-1.2642861604690552,-0.24744006991386414,23.61825180053711,39.0,0
34.111,4,-80.0,-50.5042,-0.05472973734140396,-2.4359853267669678,-0.47675949335098267,23.61825180053711,39.0,0
34.117,4,-80.0,-50.592,-0.04842105135321617,-4.353614330291748,-0.8520686626434326,23.636198043823242,39.0,0
34.122,4,-80.0,-50.6744,-0.04592924937605858,-4.072668552398682,-0.7970832586288452,23.636198043823242,39.0,0
34.127,4,-80.0,-50.7513,-0.04534820467233658,-2.8771309852600098,-0.5630984306335449,23.61825180053711,39.0,0
34.132,4,-80.0,-50.8282,-0.04369308426976204,-5.0780134201049805,-0.9938446879386902,23.61825180053711,39.0,0
34.137,4,-80.0,-50.9216,-0.05027662217617035,-3.3273324966430664,-0.6512097120285034,23.636198043823242,39.0,0
34.142,4,-80.0,-51.037,-0.05930158123373985,-1.9247406721115112,-0.37670108675956726,23.61825180053711,39.0,0
34.147,4,-80.0,-51.1304,-0.053060490638017654,-2.839515209197998,-0.5557364225387573,23.636198043823242,39.0,0
34.152,4,-80.0,-51.2073,-0.04325632378458977,-5.466594696044922,-1.0698959827423096,23.61825180053711,39.0,0
34.157,4,-80.0,-51.2787,-0.042895350605249405,-5.3863677978515625,-1.0541943311691284,23.61825180053711,39.0,0
34.162,4,-80.0,-51.3611,-0.04662345349788666,-3.1645445823669434,-0.6193496584892273,23.61825180053711,39.0,0
34.167,4,-80.0,-51.4709,-0.056696902960538864,-2.62931489944458,-0.5145969986915588,23.61825180053711,39.0,0
34.172,4,-80.0,-51.5808,-0.059037454426288605,-2.4686920642852783,-0.48316067457199097,23.61825180053711,39.0,0
34.177,4,-80.0,-51.6687,-0.04999418184161186,-3.4966788291931152,-0.7166618704795837,23.636198043823242,39.0,0
34.182,4,-80.0,-51.7401,-0.044322311878204346,-3.279775381088257,-0.6419020295143127,23.61825180053711,39.0,0
34.187,4,-80.0,-51.8225,-0.045684993267059326,-3.6257994174957275,-0.7096242308616638,23.636198043823242,39.0,0
34.192,4,-80.0,-51.9214,-0.051092226058244705,-3.32951021194458,-0.6516358852386475,23.636198043823242,39.0,0
34.197,4,-80.0,-52.0258,-0.058164749294519424,-2.495094060897827,-0.4883279502391815,23.61825180053711,39.0,0
34.202,4,-80.0,-52.1301,-0.056373171508312225,-2.3214426040649414,-0.45434170961380005,23.61825180053711,39.0,0
34.207,4,-80.0,-52.2125,-0.047639232128858566,-2.2976903915405273,-0.44969305396080017,23.636198043823242,39.0,0
34.212,4,-80.0,-52.2894,-0.046425770968198776,-2.8380939960479736,-0.5554582476615906,23.61825180053711,39.0,0
34.217,4,-80.0,-52.3883,-0.05231647193431854,-1.9523520469665527,-0.3821050524711609,23.61825180053711,39.0,0
34.222,4,-80.0,-52.4927,-0.05780099704861641,-2.0949044227600098,-0.41000473499298096,23.636198043823242,39.0,0
34.227,4,-80.0,-52.5916,-0.054295968264341354,-1.8874528408050537,-0.36940330266952515,23.61825180053711,39.0,0
34.232,4,-80.0,-52.674,-0.04899495467543602,-2.8860056400299072,-0.5648353099822998,23.61825180053711,39.0,0
34.237,4,-80.0,-52.7618,-0.048835430294275284,-2.1531007289886475,-0.4213946461677551,23.61825180053711,39.0,0
34.242,4,-80.0,-52.8607,-0.051663730293512344,-1.9180831909179688,-0.3753981292247772,23.61825180053711,39.0,0
34.247,4,-80.0,-52.9651,-0.056765489280223846,-0.9235052466392517,-0.18074405193328857,23.636198043823242,39.0,0
34.252,4,-80.0,-53.0585,-0.05343088507652283,-1.6950124502182007,-0.33173978328704834,23.61825180053711,39.0,0
34.257,4,-80.0,-53.1409,-0.046766865998506546,-2.930906295776367,-0.5736230611801147,23.636198043823242,39.0,0
34.262,4,-80.0,-53.2178,-0.04503858834505081,-2.7444865703582764,-0.5371378660202026,23.636198043823242,39.0,0
34.267,4,-80.0,-53.3057,-0.04710470512509346,-2.902500629425049,-0.5680636167526245,23.61825180053711,39.0,0
34.272,4,-80.0,-53.3936,-0.04966220259666443,-2.4225363731384277,-0.47412729263305664,23.61825180053711,39.0,0
34.277,4,-80.0,-53.4924,-0.05343632027506828,-1.901254415512085,-0.3721044659614563,23.61825180053711,39.0,0
34.282,4,-80.0,-53.5913,-0.05404773727059364,-1.8146345615386963,-0.3551516532897949,23.61825180053711,39.0,0
34.287,4,-80.0,-53.6737,-0.0486505925655365,-2.6398184299468994,-0.5166527032852173,23.636198043823242,39.0,0
34.292,4,-80.0,-53.7506,-0.04319843649864197,-3.437699794769287,-0.6728102564811707,23.61825180053711,39.0,0
34.297,4,-80.0,-53.8275,-0.043547432869672775,-6.139095306396484,-1.201514482498169,23.636198043823242,39.0,0
34.302,4,-80.0,-53.9154,-0.04741718992590904,-2.4009742736816406,-0.4699072539806366,23.61825180053711,39.0,0
34.307,4,-80.0,-54.0143,-0.053051937371492386,-2.904337167739868,-0.5684230923652649,23.654146194458008,39.0,0
34.312,4,-80.0,-54.1077,-0.05028417333960533,-2.777965545654297,-0.5436902046203613,23.61825180053711,39.0,0
34.317,4,-80.0,-54.1791,-0.043605394661426544,-4.721028804779053,-0.9239773154258728,23.636198043823242,39.0,0
34.322,4,-80.0,-54.2505,-0.03911658003926277,-4.986097812652588,-0.9758553504943848,23.636198043823242,39.0,0
34.327,4,-80.0,-54.3109,-0.03544333204627037,-7.246220111846924,-1.4181957244873047,23.636198043823242,39.0,0
34.332,4,-80.0,-54.3658,-0.03269369155168533,-6.441088676452637,-1.2606192827224731,23.600303649902344,39.0,0
34.337,4,-80.0,-54.4537,-0.045917440205812454,-5.50921630859375,-1.0782376527786255,23.600303649902344,39.0,0
34.342,4,-80.0,-54.5746,-0.06202917546033859,-2.4398467540740967,-0.47751522064208984,23.636198043823242,39.0,0
34.347,4,-80.0,-54.6735,-0.05463584139943123,-4.04237174987793,-0.7911537885665894,23.636198043823242,39.0,0
34.352,4,-80.0,-54.7339,-0.04065212234854698,-7.126106262207031,-1.3946876525878906,23.61825180053711,39.0,0
34.357,4,-80.0,-54.8053,-0.0380302295088768,-7.629973411560059,-1.4933021068572998,23.61825180053711,39.0,0
34.362,4,-80.0,-54.8712,-0.03727097809314728,-7.40946626663208,-1.4501454830169678,23.600303649902344,39.0,0
34.367,4,-80.0,-54.9646,-0.05022237077355385,-4.4160614013671875,-0.8642905950546265,23.61825180053711,39.0,0
34.372,4,-80.0,-55.0909,-0.0644187480211258,-2.8560097217559814,-0.5589646100997925,23.636198043823242,39.0,0
34.377,4,-80.0,-55.1898,-0.0551588349044323,-4.665084362030029,-0.9130281805992126,23.61825180053711,39.0,0
34.382,4,-80.0,-55.2502,-0.04004451632499695,-8.785577774047852,-1.7194714546203613,23.61825180053711,39.0,0
34.386,4,-80.0,-55.3107,-0.03915512189269066,-7.946986198425293,-1.5553462505340576,23.61825180053711,39.0,0
34.392,4,-80.0,-55.3876,-0.03728245198726654,-7.54763126373291,-1.4771864414215088,23.600303649902344,39.0,0
34.397,4,-80.0,-55.4645,-0.0451500229537487,-5.051626205444336,-0.9886803030967712,23.600303649902344,39.0,0
34.402,4,-80.0,-55.5908,-0.06283489614725113,-3.234222412109375,-0.6329866647720337,23.636198043823242,39.0,0
34.407,4,-80.0,-55.7062,-0.06178504228591919,-3.7912991046905518,-0.74201500415802,23.636198043823242,39.0,0
34.412,4,-80.0,-55.7831,-0.04903222620487213,-6.892379283905029,-1.3489437103271484,23.636198043823242,39.0,0
34.416,4,-80.0,-55.86,-0.04431648179888725,-8.409309387207031,-1.6458300352096558,23.61825180053711,39.0,0
34.421,4,-80.0,-55.9314,-0.042245589196681976,-7.197657108306885,-1.4086912870407104,23.61825180053711,39.0,0
34.427,4,-80.0,-56.0358,-0.053659386932849884,-4.305542945861816,-0.8426604270935059,23.61825180053711,39.0,0
34.432,4,-80.0,-56.1566,-0.06416364759206772,-3.3660888671875,-0.6587948799133301,23.636198043823242,39.0,0
34.437,4,-80.0,-56.261,-0.058140791952610016,-3.3169116973876953,-0.6491701602935791,23.636198043823242,39.0,0
34.442,4,-80.0,-56.3489,-0.05244077742099762,-5.503109931945801,-1.0770424604415894,23.636198043823242,39.0,0
34.447,4,-80.0,-56.4478,-0.05352640897035599,-2.914968967437744,-0.570503830909729,23.61825180053711,39.0,0
34.452,4,-80.0,-56.5631,-0.06310904026031494,-1.451339602470398,-0.28404927253723145,23.636198043823242,39.0,0
34.457,4,-80.0,-56.6785,-0.06142484024167061,-2.679760694503784,-0.5244700312614441,23.636198043823242,39.0,0
34.462,4,-80.0,-56.7609,-0.04906274750828743,-4.76124382019043,-0.9318480491638184,23.636198043823242,39.0,0
34.467,4,-80.0,-56.8378,-0.04661525785923004,-4.053617000579834,-0.7933546304702759,23.61825180053711,39.0,0
34.472,4,-80.0,-56.9366,-0.05209501460194588,-3.071352005004883,-0.6011103987693787,23.636198043823242,39.0,0
34.477,4,-80.0,-57.03,-0.0528101809322834,-2.6457080841064453,-0.5178053975105286,23.61825180053711,39.0,0
34.482,4,-80.0,-57.1289,-0.055506136268377304,-3.113377094268799,-0.6093353629112244,23.636198043823242,39.0,0
34.487,4,-80.0,-57.2333,-0.056221917271614075,-2.3791940212249756,-0.46564456820487976,23.61825180053711,39.0,0
34.492,4,-80.0,-57.3267,-0.05177899822592735,-2.6248364448547363,-0.5137205123901367,23.636198043823242,39.0,0
34.497,4,-80.0,-57.4146,-0.05078865960240364,-2.468942165374756,-0.48320960998535156,23.61825180053711,39.0,0
34.502,4,-80.0,-57.5079,-0.05256946012377739,-2.2697157859802246,-0.4442179799079895,23.61825180053711,39.0,0
34.507,4,-80.0,-57.6068,-0.0547107495367527,-2.5150980949401855,-0.49224305152893066,23.636198043823242,39.0,0
34.512,4,-80.0,-57.7002,-0.05217346176505089,-1.5952093601226807,-0.31220680475234985,23.61825180053711,39.0,0
34.517,4,-80.0,-57.7881,-0.048482995480298996,-3.043353319168091,-0.5956306457519531,23.61825180053711,39.0,0
34.522,4,-80.0,-57.865,-0.04392163082957268,-3.8683865070343018,-0.7571021914482117,23.636198043823242,39.0,0
34.526,4,-80.0,-57.9364,-0.042672302573919296,-6.03704833984375,-1.1815423965454102,23.654146194458008,39.0,0
34.532,4,-80.0,-58.0133,-0.041424188762903214,-3.327090263366699,-0.651162326335907,23.61825180053711,39.0,0
34.537,4,-80.0,-58.0957,-0.046652473509311676,-5.060169696807861,-0.9903523325920105,23.61825180053711,39.0,0
34.542,4,-80.0,-58.2056,-0.05608565732836723,-3.5959086418151855,-0.5972767472267151,23.61825180053711,39.0,0
34.547,4,-80.0,-58.3044,-0.05639950931072235,-2.589968204498291,-0.5068962574005127,23.61825180053711,39.0,0
34.552,4,-80.0,-58.3868,-0.0478384904563427,-3.493496894836426,-0.6837305426597595,23.61825180053711,39.0,0
34.557,4,-80.0,-58.4637,-0.044072363525629044,-3.6816318035125732,-0.7205514907836914,23.636198043823242,39.0,0
34.562,4,-80.0,-58.5461,-0.046709172427654266,-3.121654987335205,-0.6109554767608643,23.61825180053711,39.0,0
34.566,4,-80.0,-58.6505,-0.05624264106154442,-2.379129409790039,-0.465631902217865,23.61825180053711,39.0,0
34.572,4,-80.0,-58.7659,-0.06026475131511688,-2.17805814743042,-0.4262791574001312,23.636198043823242,39.0,0
34.577,4,-80.0,-58.8538,-0.050616201013326645,-2.786947250366211,-0.5454480648040771,23.636198043823242,39.0,0
34.582,4,-80.0,-58.9252,-0.04406462609767914,-4.1848297119140625,-0.819034993648529,23.636198043823242,39.0,0
34.587,4,-80.0,-59.0131,-0.04634525254368782,-3.565492868423462,-0.697821319103241,23.636198043823242,39.0,0
34.592,4,-80.0,-59.1064,-0.05087251588702202,-3.226245164871216,-0.6314253807067871,23.600303649902344,39.0,0
34.597,4,-80.0,-59.2108,-0.05663784220814705,-1.902204990386963,-0.3722904920578003,23.61825180053711,39.0,0
34.602,4,-80.0,-59.3097,-0.054988034069538116,-2.5946311950683594,-0.5078088641166687,23.636198043823242,39.0,0
34.607,4,-80.0,-59.3866,-0.04729383811354637,-3.422922372817993,-0.6699180603027344,23.61825180053711,39.0,0
34.612,4,-80.0,-59.469,-0.0453728511929512,-3.4290428161621094,-0.6711159944534302,23.61825180053711,39.0,0
34.617,4,-80.0,-59.5624,-0.05089019984006882,-2.5068516731262207,-0.49062907695770264,23.61825180053711,39.0,0
34.622,4,-80.0,-59.6722,-0.05854843184351921,-1.9203273057937622,-0.3758373260498047,23.636198043823242,39.0,0
34.627,4,-80.0,-59.7766,-0.05733950063586235,-2.174954414367676,-0.42567169666290283,23.61825180053711,39.0,0
34.632,4,-80.0,-59.859,-0.04880780726671219,-3.281764030456543,-0.642291247844696,23.61825180053711,39.0,0
34.637,4,-80.0,-59.9414,-0.04626745730638504,-3.3266141414642334,-0.6510691046714783,23.61825180053711,39.0,0
34.642,4,-80.0,-60.0348,-0.04982391744852066,-2.5800437927246094,-0.504953920841217,23.61825180053711,39.0,0
34.647,4,-80.0,-60.1392,-0.05616651102900505,-1.5174258947372437,-0.29698339104652405,23.61825180053711,39.0,0
34.652,4,-80.0,-60.2435,-0.05923936888575554,-1.2416143417358398,-0.24300286173820496,23.61825180053711,39.0,0
34.657,4,-80.0,-60.3314,-0.04950767755508423,-2.1208457946777344,-0.41508185863494873,23.636198043823242,39.0,0
34.662,4,-80.0,-60.4083,-0.044369686394929886,-4.14371395111084,-0.8109879493713379,23.61825180053711,39.0,0
34.667,4,-80.0,-60.4907,-0.046605441719293594,-3.1210384368896484,-0.6108348369598389,23.61825180053711,39.0,0
34.672,4,-80.0,-60.5841,-0.05061875656247139,-1.512934684753418,-0.296104371547699,23.636198043823242,39.0,0
34.677,4,-80.0,-60.683,-0.05400737002491951,-1.8221255540847778,-0.3566177487373352,23.636198043823242,39.0,0
34.682,4,-80.0,-60.7764,-0.051478780806064606,-3.0925896167755127,-0.6052669286727905,23.636198043823242,39.0,0
34.687,4,-80.0,-60.8533,-0.0459359772503376,-3.324859619140625,-0.6507257223129272,23.61825180053711,39.0,0
34.692,4,-80.0,-60.9302,-0.04408789426088333,-3.3660874366760254,-0.658794641494751,23.61825180053711,39.0,0
34.697,4,-80.0,-61.0126,-0.043984994292259216,-3.5837161540985107,-0.701387882232666,23.636198043823242,39.0,0
34.702,4,-80.0,-61.1005,-0.048381507396698,-3.407792329788208,-0.666956901550293,23.61825180053711,39.0,0
34.707,4,-80.0,-61.1993,-0.05283542349934578,-1.6641571521759033,-0.32570093870162964,23.654146194458008,39.0,0
34.712,4,-80.0,-61.2927,-0.051956016570329666,-2.2204596996307373,-0.4345778226852417,23.600303649902344,39.0,0
34.717,4,-80.0,-61.3641,-0.043844692409038544,-3.8034088611602783,-0.7443851232528687,23.636198043823242,39.0,0
34.722,4,-80.0,-61.4301,-0.03776172176003456,-5.2073469161987305,-1.0191571712493896,23.636198043823242,39.0,0
34.727,4,-80.0,-61.4905,-0.034674108028411865,-7.815964698791504,-1.5297033786773682,23.61825180053711,39.0,0
34.732,4,-80.0,-61.5509,-0.033997438848018646,-6.5291643142700195,-1.2778570652008057,23.600303649902344,39.0,0
34.737,4,-80.0,-61.6333,-0.0440998412668705,-5.245923042297363,-1.0267070531845093,23.61825180053711,39.0,0
34.742,4,-80.0,-61.7487,-0.0585123673081398,-3.1529996395111084,-0.617090106010437,23.61825180053711,39.0,0
34.747,4,-80.0,-61.8475,-0.05434180051088333,-4.31294059753418,-0.8441082239151001,23.636198043823242,39.0,0
34.752,4,-80.0,-61.9135,-0.04277784377336502,-5.630645751953125,-1.1020032167434692,23.61825180053711,39.0,0
34.757,4,-80.0,-61.9904,-0.042359743267297745,-7.001416206359863,-1.3702839612960815,23.61825180053711,39.0,0
34.762,4,-80.0,-62.0618,-0.03993680328130722,-6.434147834777832,-1.2592607736587524,23.61825180053711,39.0,0
34.767,4,-80.0,-62.1497,-0.04766995832324028,-4.486270904541016,-0.8780316114425659,23.600303649902344,39.0,0
34.772,4,-80.0,-62.265,-0.06124654784798622,-4.299273490905762,-0.8414334058761597,23.61825180053711,39.0,0
34.777,4,-80.0,-62.3694,-0.05743856355547905,-4.078815937042236,-0.7982864379882812,23.61825180053711,39.0,0
34.782,4,-80.0,-62.4408,-0.043896935880184174,-6.0059027671813965,-1.1754467487335205,23.636198043823242,39.0,0
34.787,4,-80.0,-62.5177,-0.04244034364819527,-7.4799604415893555,-1.463942289352417,23.61825180053711,39.0,0
34.792,4,-80.0,-62.5836,-0.03859000280499458,-7.419870853424072,-1.4521818161010742,23.600303649902344,39.0,0
34.797,4,-80.0,-62.666,-0.04543600603938103,-6.286104679107666,-1.2302864789962769,23.61825180053711,39.0,0
34.802,4,-80.0,-62.7759,-0.05877072736620903,-4.573347091674805,-0.8950737714767456,23.61825180053711,39.0,0
34.807,4,-80.0,-62.8802,-0.057272810488939285,-4.303985118865967,-0.842355489730835,23.636198043823242,39.0,0
34.812,4,-80.0,-62.9626,-0.04650110751390457,-8.255585670471191,-1.6157439947128296,23.636198043823242,39.0,0
34.817,4,-80.0,-63.0396,-0.044207558035850525,-5.726067543029785,-1.1206786632537842,23.636198043823242,39.0,0
34.822,4,-80.0,-63.1165,-0.04431675374507904,-6.037229537963867,-1.1815778017044067,23.600303649902344,39.0,0
34.827,4,-80.0,-63.2153,-0.05308124050498009,-4.255312442779541,-0.832829475402832,23.61825180053711,39.0,0
34.832,4,-80.0,-63.3362,-0.06353992968797684,-3.0794928073883057,-0.6027036905288696,23.636198043823242,39.0,0
34.837,4,-80.0,-63.4351,-0.05541127175092697,-4.857177734375,-0.9506237506866455,23.61825180053711,39.0,0
34.841,4,-80.0,-63.5175,-0.048142604529857635,-4.975677490234375,-0.97381591796875,23.636198043823242,39.0,0
34.847,4,-80.0,-63.6053,-0.04827435314655304,-4.761034965515137,-0.9318071603775024,23.636198043823242,39.0,0
34.852,4,-80.0,-63.6987,-0.05267281085252762,-3.3702149391174316,-0.6596024632453918,23.61825180053711,39.0,0
34.857,4,-80.0,-63.8251,-0.06716608256101608,-1.817524790763855,-0.3557173013687134,23.61825180053711,39.0,0
34.862,4,-80.0,-63.9459,-0.06535332649946213,-1.44546639919281,-0.28289979696273804,23.636198043823242,39.0,0
34.867,4,-80.0,-64.0228,-0.047846030443906784,-4.00323486328125,-0.7834941148757935,23.654146194458008,39.0,0
34.872,4,-80.0,-64.0997,-0.045667458325624466,-3.4923977851867676,-0.6835154891014099,23.61825180053711,39.0,0
34.877,4,-80.0,-64.1931,-0.050737008452415466,-2.9684369564056396,-0.5809683799743652,23.61825180053711,39.0,0
34.882,4,-80.0,-64.303,-0.057099975645542145,-2.3454670906066895,-0.4590436816215515,23.600303649902344,39.0,0
34.887,4,-80.0,-64.4019,-0.05568373575806618,-2.617933988571167,-0.5123695731163025,23.654146194458008,39.0,0
34.892,4,-80.0,-64.4843,-0.04858073592185974,-4.277981281280518,-0.8372660875320435,23.61825180053711,39.0,0
34.897,4,-80.0,-64.5721,-0.048145994544029236,-3.565380096435547,-0.6977992057800293,23.636198043823242,39.0,0
34.902,4,-80.0,-64.66,-0.05063706636428833,-3.1059093475341797,-0.607873797416687,23.636198043823242,39.0,0
34.907,4,-80.0,-64.7644,-0.05526907742023468,-2.279893636703491,-0.44620996713638306,23.636198043823242,39.0,0
34.912,4,-80.0,-64.8688,-0.057830676436424255,-2.274016857147217,-0.44505977630615234,23.636198043823242,39.0,0
34.917,4,-80.0,-64.9622,-0.052433617413043976,-2.890458106994629,-0.565706729888916,23.61825180053711,39.0,0
34.922,4,-80.0,-65.0446,-0.04681629687547684,-4.1979498863220215,-0.8216028213500977,23.636198043823242,39.0,0
34.927,4,-80.0,-65.116,-0.04307924583554268,-6.926074028015137,-1.355538249015808,23.61825180053711,39.0,0
34.932,4,-80.0,-65.1929,-0.04134711995720863,-4.566847324371338,-0.8938016891479492,23.61825180053711,39.0,0
34.937,4,-80.0,-65.2753,-0.04649699106812477,-4.031563758850098,-0.7890385389328003,23.600303649902344,39.0,0
34.942,4,-80.0,-65.3851,-0.058344852179288864,-2.1306090354919434,-0.4169926643371582,23.61825180053711,39.0,0
34.947,4,-80.0,-65.4895,-0.05657268315553665,-3.377241373062134,-0.6609776020050049,23.61825180053711,39.0,0
34.952,4,-80.0,-65.5609,-0.044678278267383575,-4.947352886199951,-0.96827232837677,23.61825180053711,39.0,0
34.957,4,-80.0,-65.6378,-0.042892035096883774,-4.582540988922119,-0.8968731164932251,23.636198043823242,39.0,0
34.962,4,-80.0,-65.7202,-0.04550297185778618,-5.122225761413574,-1.002497673034668,23.61825180053711,39.0,0
34.967,4,-80.0,-65.8191,-0.053103163838386536,-3.563922643661499,-0.697513997554779,23.600303649902344,39.0,0
34.972,4,-80.0,-65.9344,-0.06127643957734108,-1.59459388256073,-0.3120863437652588,23.61825180053711,39.0,0
34.977,4,-80.0,-66.0333,-0.05425621569156647,-3.0778348445892334,-0.6023792028427124,23.61825180053711,39.0,0
34.982,4,-80.0,-66.1047,-0.04499834403395653,-4.142955303192139,-0.8108395338058472,23.61825180053711,39.0,0
34.987,4,-80.0,-66.1871,-0.04660693183541298,-3.216050148010254,-0.6294300556182861,23.636198043823242,39.0,0
34.992,4,-80.0,-66.286,-0.0526747964322567,-2.8434910774230957,-0.5565145611763,23.61825180053711,39.0,0
34.997,4,-80.0,-66.3959,-0.05960477516055107,-1.9010473489761353,-0.37206393480300903,23.61825180053711,39.0,0
35.002,4,-80.0,-66.4948,-0.055213697254657745,-1.7328907251358032,-0.33915314078330994,23.61825180053711,39.0,0
35.007,4,-80.0,-66.5717,-0.044470496475696564,-3.955035924911499,-0.774060845375061,23.61825180053711,39.0,0
35.012,4,-80.0,-66.6486,-0.043176162987947464,-5.138217449188232,-1.0056275129318237,23.636198043823242,39.0,0
35.017,4,-80.0,-66.731,-0.046775467693805695,-3.3606455326080322,-0.6577295660972595,23.61825180053711,39.0,0
35.022,4,-80.0,-66.8408,-0.05759811773896217,-1.6481895446777344,-0.32257580757141113,23.61825180053711,39.0,0
35.027,4,-80.0,-66.9507,-0.06107046455144882,-1.8000433444976807,-0.3522959351539612,23.636198043823242,39.0,0
35.032,4,-80.0,-67.0441,-0.05202195420861244,-2.6176071166992188,-0.5123056173324585,23.636198043823242,39.0,0
35.037,4,-80.0,-67.121,-0.04508349299430847,-3.3676810264587402,-0.6591064929962158,23.636198043823242,39.0,0
35.042,4,-80.0,-67.1979,-0.04470163211226463,-3.203216552734375,-0.6269183158874512,23.61825180053711,39.0,0
35.047,4,-80.0,-67.2968,-0.051451314240694046,-1.644195556640625,-0.32179415225982666,23.61825180053711,39.0,0
35.052,4,-80.0,-67.4121,-0.06132354214787483,-1.257349967956543,-0.24608254432678223,23.61825180053711,39.0,0
35.057,4,-80.0,-67.511,-0.05668406933546066,-1.4896910190582275,-0.291555255651474,23.636198043823242,39.0,0
35.062,4,-80.0,-67.5934,-0.04748435318470001,-2.742558240890503,-0.5367604494094849,23.636198043823242,39.0,0
35.067,4,-80.0,-67.6703,-0.045067086815834045,-2.5953683853149414,-0.5079531669616699,23.636198043823242,39.0,0
35.072,4,-80.0,-67.7637,-0.0502563901245594,-1.919480562210083,-0.3756716251373291,23.61825180053711,39.0,0
35.077,4,-80.0,-67.868,-0.056288495659828186,-1.1809813976287842,-0.23113606870174408,23.61825180053711,39.0,0
35.082,4,-80.0,-67.9669,-0.05360122397542,-2.5491156578063965,-0.49890077114105225,23.61825180053711,39.0,0
35.087,4,-80.0,-68.0383,-0.043714240193367004,-3.882711410522461,-0.7599058151245117,23.61825180053711,39.0,0
35.092,4,-80.0,-68.1097,-0.04055806249380112,-3.9162425994873047,-0.7664684057235718,23.636198043823242,39.0,0
35.097,4,-80.0,-68.1866,-0.04301240295171738,-3.0097899436950684,-0.5890617966651917,23.61825180053711,39.0,0
35.102,4,-80.0,-68.269,-0.04467126354575157,-5.221585273742676,-1.0219438076019287,23.61825180053711,39.0,0
35.107,4,-80.0,-68.3679,-0.053221192210912704,-2.152024507522583,-0.4211840331554413,23.61825180053711,39.0,0
35.112,4,-80.0,-68.4723,-0.05611634626984596,-2.0950064659118652,-0.4100247025489807,23.636198043823242,39.0,0
35.116,4,-80.0,-68.5492,-0.04607737809419632,-4.02704381942749,-0.788153886795044,23.61825180053711,39.0,0
35.122,4,-80.0,-68.6096,-0.036154039204120636,-5.895256996154785,-1.1537916660308838,23.636198043823242,39.0,0
35.127,4,-80.0,-68.67,-0.03635367006063461,-6.739012718200684,-1.318927526473999,23.61825180053711,39.0,0
35.132,4,-80.0,-68.736,-0.034380342811346054,-8.52469253540039,-1.668412208557129,23.61825180053711,39.0,0
35.137,4,-80.0,-68.8129,-0.04131162911653519,-5.552789211273193,-1.0867655277252197,23.61825180053711,39.0,0
35.142,4,-80.0,-68.9227,-0.058735817670822144,-3.624688148498535,-0.7094067335128784,23.61825180053711,39.0,0
35.147,4,-80.0,-69.0326,-0.05685793235898018,-4.1154255867004395,-0.8054515719413757,23.61825180053711,39.0,0
35.152,4,-80.0,-69.093,-0.04158594086766243,-6.380301475524902,-1.2487223148345947,23.61825180053711,39.0,0
35.157,4,-80.0,-69.1699,-0.04140694439411163,-6.525810241699219,-1.27720046043396,23.600303649902344,39.0,0
35.162,4,-80.0,-69.2468,-0.04386477917432785,-6.0681681632995605,-1.1876330375671387,23.61825180053711,39.0,0
35.167,4,-80.0,-69.3347,-0.0488288551568985,-4.830488204956055,-0.9454001784324646,23.61825180053711,39.0,0
35.172,4,-80.0,-69.4501,-0.059890978038311005,-3.589012384414673,-0.7024244666099548,23.636198043823242,39.0,0
35.177,4,-80.0,-69.5544,-0.05655200779438019,-4.027623653411865,-0.7882673740386963,23.636198043823242,39.0,0
35.181,4,-80.0,-69.6204,-0.04432612285017967,-6.7277116775512695,-1.3167157173156738,23.636198043823242,39.0,0
35.187,4,-80.0,-69.7028,-0.04432692378759384,-5.767843723297119,-1.1288548707962036,23.636198043823242,39.0,0
35.192,4,-80.0,-69.7742,-0.042894501239061356,-7.5430521965026855,-1.476290225982666,23.61825180053711,39.0,0
35.197,4,-80.0,-69.8676,-0.04880545660853386,-6.227856159210205,-1.218886375427246,23.61825180053711,39.0,0
35.202,4,-80.0,-69.9719,-0.05657104775309563,-4.660861015319824,-0.9122015237808228,23.61825180053711,39.0,0
35.207,4,-80.0,-70.0708,-0.05491788312792778,-5.212009429931641,-1.0200697183609009,23.636198043823242,39.0,0
35.212,4,-80.0,-70.1422,-0.04323092848062515,-7.532206058502197,-1.4741675853729248,23.61825180053711,39.0,0
35.217,4,-80.0,-70.2136,-0.0414392352104187,-7.875664710998535,-1.5413875579833984,23.61825180053711,39.0,0
35.222,4,-80.0,-70.2905,-0.04047020897269249,-6.351391792297363,-1.2430641651153564,23.61825180053711,39.0,0
35.227,4,-80.0,-70.3784,-0.04941894859075546,-5.135550498962402,-1.0051054954528809,23.61825180053711,39.0,0
35.232,4,-80.0,-70.5048,-0.06608417630195618,-2.9972920417785645,-0.5866157412528992,23.636198043823242,39.0,0
35.237,4,-80.0,-70.6201,-0.06291115283966064,-3.5875399112701416,-0.7021362781524658,23.636198043823242,39.0,0
35.242,4,-80.0,-70.697,-0.04583156853914261,-7.955223083496094,-1.5569584369659424,23.61825180053711,39.0,0
35.246,4,-80.0,-70.7574,-0.039717622101306915,-8.058801651000977,-1.5772302150726318,23.636198043823242,39.0,0
35.252,4,-80.0,-70.8398,-0.04147717356681824,-6.726728439331055,-1.3165233135223389,23.600303649902344,39.0,0
35.257,4,-80.0,-70.9442,-0.056421101093292236,-3.9341323375701904,-0.7699697017669678,23.600303649902344,39.0,0
35.262,4,-80.0,-71.0815,-0.06946977227926254,-2.510803461074829,-0.4914025068283081,23.61825180053711,39.0,0
35.267,4,-80.0,-71.1859,-0.062049612402915955,-2.236957550048828,-0.43780672550201416,23.61825180053711,39.0,0
35.272,4,-80.0,-71.2738,-0.05297989398241043,-3.257493019104004,-0.6375410556793213,23.61825180053711,39.0,0
35.277,4,-80.0,-71.3782,-0.05551771819591522,-2.6282646656036377,-0.5143914818763733,23.636198043823242,39.0,0
35.282,4,-80.0,-71.4935,-0.061914000660181046,-1.558777928352356,-0.30507659912109375,23.636198043823242,39.0,0
35.287,4,-80.0,-71.6034,-0.059419505298137665,-2.617915391921997,-0.5123659372329712,23.636198043823242,39.0,0
35.292,4,-80.0,-71.6803,-0.04590002819895744,-5.00743293762207,-0.9800310134887695,23.636198043823242,39.0,0
35.297,4,-80.0,-71.7462,-0.040397681295871735,-4.925185680389404,-0.9639339447021484,23.61825180053711,39.0,0
35.302,4,-80.0,-71.8286,-0.04522763937711716,-3.7811741828918457,-0.7400333881378174,23.61825180053711,39.0,0
35.307,4,-80.0,-71.911,-0.04585011675953865,-4.803126335144043,-0.9400450587272644,23.600303649902344,39.0,0
35.312,4,-80.0,-72.0154,-0.05600987374782562,-3.024369716644287,-0.5919152498245239,23.61825180053711,39.0,0
35.317,4,-80.0,-72.1362,-0.06283586472272873,-2.171617031097412,-0.4250185489654541,23.636198043823242,39.0,0
35.322,4,-80.0,-72.2241,-0.05260339751839638,-3.164478063583374,-0.6193366050720215,23.636198043823242,39.0,0
35.327,4,-80.0,-72.29,-0.04120955988764763,-5.926400184631348,-1.1598868370056152,23.61825180053711,39.0,0
35.332,4,-80.0,-72.3615,-0.03893039748072624,-6.9891228675842285,-1.3678779602050781,23.61825180053711,39.0,0
35.337,4,-80.0,-72.4329,-0.03981819376349449,-5.352028846740723,-1.047473669052124,23.61825180053711,39.0,0
35.342,4,-80.0,-72.5317,-0.0518234483897686,-3.9574954509735107,-0.7745422124862671,23.61825180053711,39.0,0
35.347,4,-80.0,-72.6526,-0.06266116350889206,-2.2515971660614014,-0.4406718909740448,23.636198043823242,39.0,0
35.352,4,-80.0,-72.7405,-0.052489858120679855,-3.6262638568878174,-0.7097151279449463,23.61825180053711,39.0,0
35.357,4,-80.0,-72.8064,-0.04162338748574257,-7.127860069274902,-1.3950309753417969,23.636198043823242,39.0,0
35.362,4,-80.0,-72.8833,-0.04247629642486572,-6.751545429229736,-1.321380376815796,23.61825180053711,39.0,0
35.367,4,-80.0,-72.9712,-0.04796861857175827,-5.816977024078369,-1.1384711265563965,23.61825180053711,39.0,0
35.372,4,-80.0,-73.0865,-0.05930564925074577,-3.31203031539917,-0.6482148170471191,23.61825180053711,39.0,0
35.377,4,-80.0,-73.1964,-0.06117429956793785,-2.5907318592071533,-0.5070457458496094,23.636198043823242,39.0,0
35.382,4,-80.0,-73.2788,-0.04875528812408447,-3.7099859714508057,-0.7261008024215698,23.636198043823242,39.0,0
35.387,4,-80.0,-73.3557,-0.04621780663728714,-3.1877079010009766,-0.6238830089569092,23.636198043823242,39.0,0
35.392,4,-80.0,-73.4491,-0.050626736134290695,-2.6109633445739746,-0.5110053420066833,23.61825180053711,39.0,0
35.397,4,-80.0,-73.559,-0.058220311999320984,-1.7137268781661987,-0.3354024887084961,23.61825180053711,39.0,0
35.402,4,-80.0,-73.6688,-0.05960414931178093,-2.6168007850646973,-0.5121477842330933,23.61825180053711,39.0,0
35.407,4,-80.0,-73.7567,-0.05006767809391022,-3.085453510284424,-0.6038702726364136,23.636198043823242,39.0,0
35.412,4,-80.0,-73.8281,-0.04330551624298096,-4.526932239532471,-0.8859896659851074,23.636198043823242,39.0,0
35.417,4,-80.0,-73.905,-0.04475245252251625,-4.030706882476807,-0.7888708114624023,23.61825180053711,39.0,0
35.422,4,-80.0,-73.9984,-0.05046392232179642,-3.799473524093628,-0.7436148524284363,23.61825180053711,39.0,0
35.427,4,-80.0,-74.1138,-0.06029905751347542,-2.4472339153289795,-0.4789609909057617,23.636198043823242,39.0,0
35.432,4,-80.0,-74.2181,-0.05838540941476822,-1.7973508834838867,-0.35176897048950195,23.636198043823242,39.0,0
35.437,4,-80.0,-74.3005,-0.048804134130477905,-2.1565134525299072,-0.42206257581710815,23.636198043823242,39.0,0
35.442,4,-80.0,-74.3774,-0.04493604227900505,-6.270411014556885,-1.227215051651001,23.636198043823242,39.0,0
35.447,4,-80.0,-74.4653,-0.04862214997410774,-2.611488103866577,-0.6349378824234009,23.61825180053711,39.0,0
35.452,4,-80.0,-74.5752,-0.05893874168395996,-1.1778967380523682,-0.23053234815597534,23.61825180053711,39.0,0
35.457,4,-80.0,-74.6906,-0.06099157780408859,-1.5250260829925537,-0.2984708547592163,23.636198043823242,39.0,0
35.462,4,-80.0,-74.7784,-0.05120505392551422,-2.1397507190704346,-0.4187818169593811,23.636198043823242,39.0,0
35.467,4,-80.0,-74.8553,-0.045786336064338684,-3.179652214050293,-0.6223064064979553,23.61825180053711,39.0,0
35.472,4,-80.0,-74.9487,-0.04951438307762146,-2.862161874771118,-0.5601686835289001,23.61825180053711,39.0,0
35.477,4,-80.0,-75.0476,-0.05588022619485855,-0.16590647399425507,-0.032470427453517914,23.636198043823242,39.0,0
35.482,4,-80.0,-75.152,-0.05554091930389404,-1.625216007232666,-0.31807956099510193,23.61825180053711,39.0,0
35.487,4,-80.0,-75.2344,-0.048456043004989624,-2.699176073074341,-0.52826988697052,23.61825180053711,39.0,0
35.492,4,-80.0,-75.3003,-0.04133645445108414,-3.9861905574798584,-0.780158281326294,23.61825180053711,39.0,0
35.497,4,-80.0,-75.3717,-0.03999266400933266,-4.19138240814209,-0.5968753695487976,23.61825180053711,39.0,0
35.502,4,-80.0,-75.4431,-0.03914301097393036,-3.8240444660186768,-0.7484238147735596,23.636198043823242,39.0,0
35.507,4,-80.0,-75.5255,-0.044546063989400864,-3.630161762237549,-0.7104780077934265,23.61825180053711,39.0,0
35.512,4,-80.0,-75.6299,-0.05586840584874153,-2.562659502029419,-0.5015515089035034,23.61825180053711,39.0,0
35.517,4,-80.0,-75.7288,-0.05297607183456421,-2.741562843322754,-0.5365656614303589,23.61825180053711,39.0,0
35.522,4,-80.0,-75.7892,-0.038584548979997635,-5.749183654785156,-1.1252028942108154,23.636198043823242,39.0,0
35.527,4,-80.0,-75.8441,-0.0335574671626091,-7.358052730560303,-1.4400830268859863,23.61825180053711,39.0,0
35.532,4,-80.0,-75.9045,-0.03257441148161888,-7.364634990692139,-1.4413713216781616,23.636198043823242,39.0,0
35.537,4,-80.0,-75.9595,-0.031124839559197426,-6.466629505157471,-1.2656179666519165,23.61825180053711,39.0,0
35.542,4,-80.0,-76.0364,-0.04134966805577278,-6.0677995681762695,-1.1233172416687012,23.61825180053711,39.0,0
35.547,4,-80.0,-76.1407,-0.05317912623286247,-4.143121242523193,-0.810871958732605,23.636198043823242,39.0,0
35.552,4,-80.0,-76.2231,-0.047469623386859894,-5.351253509521484,-1.0473219156265259,23.636198043823242,39.0,0
35.557,4,-80.0,-76.2891,-0.03869273141026497,-6.207053184509277,-1.1357474327087402,23.61825180053711,39.0,0
35.562,4,-80.0,-76.3605,-0.041076622903347015,-5.675684452056885,-1.1108180284500122,23.636198043823242,39.0,0
35.567,4,-80.0,-76.4319,-0.03873792290687561,-6.6700263023376465,-1.3054258823394775,23.636198043823242,39.0,0
35.572,4,-80.0,-76.4923,-0.03644346818327904,-9.054590225219727,-1.7721213102340698,23.600303649902344,39.0,0
35.576,4,-80.0,-76.5747,-0.045945167541503906,-4.780585289001465,-0.9356334209442139,23.61825180053711,39.0,0
35.582,4,-80.0,-76.6846,-0.055041804909706116,-2.844592809677124,-0.5567301511764526,23.636198043823242,39.0,0
35.587,4,-80.0,-76.7615,-0.043593116104602814,-5.03790283203125,-0.9859943389892578,23.636198043823242,39.0,0
35.592,4,-80.0,-76.8164,-0.03445785120129585,-6.587978363037109,-1.2893677949905396,23.61825180053711,39.0,0
35.597,4,-80.0,-76.8878,-0.038039904087781906,-5.123815059661865,-1.002808690071106,23.61825180053711,39.0,0
35.602,4,-80.0,-76.9482,-0.03453706577420235,-8.548136711120605,-1.673000693321228,23.61825180053711,39.0,0
35.607,4,-80.0,-76.9977,-0.03113744594156742,-7.193520545959473,-1.4078816175460815,23.61825180053711,39.0,0
35.612,4,-80.0,-77.0801,-0.042725350707769394,-3.7069554328918457,-0.7255076766014099,23.600303649902344,39.0,0
35.617,4,-80.0,-77.1844,-0.05204158276319504,-3.6710760593414307,-0.7184855937957764,23.61825180053711,39.0,0
35.622,4,-80.0,-77.2559,-0.042825207114219666,-4.531147480010986,-0.8868147134780884,23.636198043823242,39.0,0
35.627,4,-80.0,-77.2998,-0.029360763728618622,-6.416584491729736,-1.2558233737945557,23.61825180053711,39.0,0
35.632,4,-80.0,-77.3547,-0.02961052395403385,-5.761553764343262,-1.1276239156723022,23.600303649902344,39.0,0
35.637,4,-80.0,-77.4097,-0.029602929949760437,-8.371021270751953,-1.6383365392684937,23.61825180053711,39.0,0
35.642,4,-80.0,-77.4481,-0.023208552971482277,-8.61391544342041,-1.6858744621276855,23.61825180053711,39.0,0
35.647,4,-80.0,-77.4921,-0.02494809962809086,-8.363350868225098,-1.6368353366851807,23.61825180053711,39.0,0
35.652,4,-80.0,-77.5525,-0.033079564571380615,-6.364249229431152,-1.3240277767181396,23.61825180053711,39.0,0
35.657,4,-80.0,-77.6514,-0.04843493923544884,-3.558655023574829,-0.6964830756187439,23.636198043823242,39.0,0
35.662,4,-80.0,-77.7502,-0.05218435078859329,-2.8929851055145264,-0.5662012696266174,23.636198043823242,39.0,0
35.667,4,-80.0,-77.8162,-0.03937859088182449,-4.272715091705322,-0.8017259836196899,23.636198043823242,39.0,0
35.672,4,-80.0,-77.8656,-0.032367415726184845,-5.49777889251709,-1.075999140739441,23.636198043823242,39.0,0
35.677,4,-80.0,-77.926,-0.03437122330069542,-5.544534683227539,-1.0851500034332275,23.564411163330078,39.0,0
35.682,4,-80.0,-77.981,-0.029021289199590683,-7.303023338317871,-1.429313063621521,23.61825180053711,39.0,0
35.687,4,-80.0,-78.0194,-0.025107642635703087,-6.1282267570495605,-1.1993874311447144,23.600303649902344,39.0,0
35.692,4,-80.0,-78.0853,-0.033308956772089005,-3.558837890625,-0.6965188384056091,23.61825180053711,39.0,0
35.697,4,-80.0,-78.1787,-0.046851079910993576,-2.1380410194396973,-0.41844719648361206,23.61825180053711,39.0,0
35.702,4,-80.0,-78.2611,-0.04574088379740715,-1.6878610849380493,-0.3303401470184326,23.61825180053711,39.0,0
35.707,4,-80.0,-78.316,-0.033619072288274765,-4.111715316772461,-0.8047254085540771,23.636198043823242,39.0,0
35.712,4,-80.0,-78.36,-0.02793796919286251,-4.286666393280029,-0.8389660120010376,23.636198043823242,39.0,0
35.717,4,-80.0,-78.4149,-0.03031928464770317,-3.503660202026367,-0.6857196688652039,23.636198043823242,39.0,0
35.722,4,-80.0,-78.4753,-0.03238619491457939,-2.8407297134399414,-0.5559741258621216,23.654146194458008,39.0,0
35.727,4,-80.0,-78.5358,-0.0341930128633976,-2.640819787979126,-0.5168486833572388,23.61825180053711,39.0,0
35.732,4,-80.0,-78.6072,-0.037870313972234726,-1.1221379041671753,-0.2196194976568222,23.61825180053711,39.0,0
35.737,4,-80.0,-78.6841,-0.04027745500206947,-0.47087469696998596,-0.09215735644102097,23.61825180053711,39.0,0
35.742,4,-80.0,-78.7445,-0.03479812666773796,-1.364222764968872,-0.26699918508529663,23.61825180053711,39.0,0
35.747,4,-80.0,-78.783,-0.025516249239444733,-2.4311087131500244,-0.47580501437187195,23.61825180053711,39.0,0
35.752,4,-80.0,-78.8159,-0.02065817266702652,-3.357848882675171,-0.6571822166442871,23.61825180053711,39.0,0
35.756,4,-80.0,-78.8489,-0.019192814826965332,-3.9789860248565674,-0.7787482142448425,23.61825180053711,39.0,0
35.762,4,-80.0,-78.8818,-0.018195994198322296,-3.554487705230713,-0.6956674456596375,23.61825180053711,39.0,0
35.767,4,-80.0,-78.9148,-0.01661328598856926,-4.679325580596924,-0.9158153533935547,23.61825180053711,39.0,0
35.772,4,-80.0,-78.9423,-0.016333412379026413,-4.759623050689697,-0.9315308332443237,23.600303649902344,39.0,0
35.777,4,-80.0,-78.9697,-0.016974205151200294,-4.767685413360596,-0.9331087470054626,23.61825180053711,39.0,0
35.782,4,-80.0,-79.0027,-0.01752220094203949,-4.416558265686035,-0.8643877506256104,23.636198043823242,39.0,0
35.787,4,-80.0,-79.0356,-0.016471633687615395,-3.157886505126953,-0.6180465221405029,23.636198043823242,39.0,0
35.792,4,-80.0,-79.0631,-0.01595913991332054,-3.5675275325775146,-0.6982195377349854,23.61825180053711,39.0,0
35.797,4,-80.0,-79.0961,-0.019314508885145187,-4.684711933135986,-0.9168695211410522,23.61825180053711,39.0,0
35.802,4,-80.0,-79.1455,-0.025697005912661552,-2.619248151779175,-0.5126268267631531,23.636198043823242,39.0,0
35.807,4,-80.0,-79.2004,-0.029297174885869026,-1.8550565242767334,-0.3630628287792206,23.600303649902344,39.0,0
35.812,4,-80.0,-79.2554,-0.02856058068573475,-0.7260772585868835,-0.1421043872833252,23.61825180053711,39.0,0
35.817,4,-80.0,-79.2938,-0.024037914350628853,-1.9746310710906982,-0.3864654004573822,23.636198043823242,39.0,0
35.822,4,-80.0,-79.3268,-0.019808458164334297,-3.0924906730651855,-0.6052475571632385,23.61825180053711,39.0,0
35.827,4,-80.0,-79.3542,-0.01555776596069336,-3.0553102493286133,-0.5979707837104797,23.636198043823242,39.0,0
35.832,4,-80.0,-79.3762,-0.014953025616705418,-3.5316061973571777,-0.691189169883728,23.61825180053711,39.0,0
35.837,4,-80.0,-79.4037,-0.014375463128089905,-3.3558175563812256,-0.6567846536636353,23.61825180053711,39.0,0
35.842,4,-80.0,-79.4257,-0.012446523644030094,-4.095529079437256,-0.8015574812889099,23.61825180053711,39.0,0
35.847,4,-80.0,-79.4476,-0.011733128689229488,-3.8649630546569824,-0.7564321756362915,23.636198043823242,39.0,0
35.852,4,-80.0,-79.4641,-0.011214637197554111,-4.128228187561035,-0.8079571723937988,23.636198043823242,39.0,0
35.857,4,-80.0,-79.4861,-0.01101403683423996,-3.1407742500305176,-0.6146973967552185,23.636198043823242,39.0,0
35.862,4,-80.0,-79.5081,-0.011379673145711422,-3.329704999923706,-0.6516740322113037,23.61825180053711,39.0,0
35.867,4,-80.0,-79.5245,-0.011084982194006443,-3.433175802230835,-0.6719248294830322,23.61825180053711,39.0,0
35.872,4,-80.0,-79.5465,-0.010286983102560043,-4.143132209777832,-0.8108741641044617,23.61825180053711,39.0,0
35.876,4,-80.0,-79.563,-0.010595995001494884,-3.1079461574554443,-0.6082724332809448,23.61825180053711,39.0,0
35.882,4,-80.0,-79.5905,-0.013371780514717102,-1.2200244665145874,-0.23877738416194916,23.61825180053711,39.0,0
35.887,4,-80.0,-79.6179,-0.016780711710453033,-2.6137747764587402,-0.511555552482605,23.61825180053711,39.0,0
35.892,4,-80.0,-79.6564,-0.01937481388449669,-2.6448938846588135,-0.517646074295044,23.61825180053711,39.0,0
35.897,4,-80.0,-79.6893,-0.018470430746674538,-1.404484510421753,-0.2748790383338928,23.61825180053711,39.0,0
35.902,4,-80.0,-79.7168,-0.01678628847002983,-1.6386032104492188,-0.32069963216781616,23.61825180053711,39.0,0
35.907,4,-80.0,-79.7443,-0.014199781231582165,-1.8855948448181152,-0.3690396547317505,23.636198043823242,39.0,0
35.912,4,-80.0,-79.7607,-0.012140391394495964,-1.8876584768295288,-0.36944353580474854,23.61825180053711,39.0,0
35.916,4,-80.0,-79.7827,-0.010916586965322495,-1.7043551206588745,-0.333568274974823,23.61825180053711,39.0,0
35.922,4,-80.0,-79.7937,-0.00809427909553051,-2.0568814277648926,-0.40256306529045105,23.636198043823242,39.0,0
35.927,4,-80.0,-79.8047,-0.004953471012413502,-2.4984917640686035,-0.48899292945861816,23.690038681030273,39.0,0
36.945,5,0.0,-79.8706,9.513863005849998e-06,-2.2799272537231445,-0.44621652364730835,23.636198043823242,39.0,0
36.951,5,0.0,-79.8706,9.513863005849998e-06,-2.5342817306518555,-0.5039437413215637,23.61825180053711,39.0,0
36.956,5,0.0,-79.8706,9.513863005849998e-06,-2.1757378578186035,-0.4258250892162323,23.61825180053711,39.0,0
36.961,5,0.0,-79.8706,9.513863005849998e-06,-2.8874504566192627,-0.5651180744171143,23.61825180053711,39.0,0
36.966,5,0.0,-79.8706,9.513863005849998e-06,-2.4477052688598633,-0.47905322909355164,23.61825180053711,39.0,0
36.971,5,0.0,-79.8706,9.513863005849998e-06,-2.0715487003326416,-0.40543365478515625,23.61825180053711,39.0,0
36.975,5,0.0,-79.8706,9.513863005849998e-06,-1.9267585277557373,-0.377096027135849,23.636198043823242,39.0,0
36.981,5,0.0,-79.8706,9.513863005849998e-06,-2.3435158729553223,-0.4586617946624756,23.61825180053711,39.0,0
36.986,5,0.0,-79.8706,0.00020307503291405737,-2.3431882858276367,-0.45859766006469727,23.636198043823242,39.0,0
36.991,5,0.0,-79.8706,8.676687139086425e-05,-1.358704686164856,-0.2659192383289337,23.61825180053711,39.0,0
36.996,5,0.0,-79.8706,1.0799301890074275e-05,-1.087030291557312,-0.21274840831756592,23.61825180053711,39.0,0
37.0,5,0.0,-79.8706,0.00045583085739053786,-1.6270174980163574,-0.31843215227127075,23.61825180053711,39.0,0
37.005,5,0.0,-79.8651,0.00033089134376496077,-0.44483059644699097,-0.0870601236820221,23.61825180053711,39.0,0
37.01,5,0.0,-79.8651,0.0001395338767906651,-0.2515243887901306,-0.04922715574502945,23.636198043823242,39.0,0
37.015,5,0.0,-79.8651,0.0005066390731371939,-0.17703497409820557,-0.03464844450354576,23.636198043823242,39.0,0
37.021,5,0.0,-79.8651,0.0005156987463124096,0.44922977685928345,0.08792111277580261,23.61825180053711,39.0,0
37.025,5,0.0,-79.8651,0.0009609140106476843,0.9063805341720581,0.17739248275756836,23.636198043823242,39.0,0
37.03,5,0.0,-79.8596,0.0011136449174955487,2.35939359664917,0.4617692828178406,23.61825180053711,39.0,0
37.035,5,0.0,-79.8596,0.0020458849612623453,1.3127520084381104,0.2569255828857422,23.636198043823242,39.0,0
37.041,5,0.0,-79.8541,0.0022429961245507,1.4997680187225342,0.2935274839401245,23.636198043823242,39.0,0
37.046,5,0.0,-79.8486,0.002648482332006097,1.3860505819320679,0.2712712287902832,23.61825180053711,39.0,0
37.05,5,0.0,-79.8431,0.0033437591046094894,1.892374038696289,0.3703664541244507,23.636198043823242,39.0,0
37.055,5,0.0,-79.8322,0.0037431244272738695,2.3404157161712646,0.4580550193786621,23.654146194458008,39.0,0
37.06,5,0.0,-79.8267,0.0036603619810193777,2.5681118965148926,0.502618670463562,23.61825180053711,39.0,0
37.065,5,0.0,-79.8157,0.004760208539664745,3.1629834175109863,0.6190440654754639,23.600303649902344,39.0,0
37.07,5,0.0,-79.8102,0.005680510774254799,2.444796323776245,0.4784839153289795,23.61825180053711,39.0,0
37.075,5,0.0,-79.7937,0.006313348188996315,3.9789810180664062,0.7787472605705261,23.61825180053711,39.0,0
37.08,5,0.0,-79.7827,0.007102404721081257,3.771279811859131,0.7380969524383545,23.61825180053711,39.0,0
37.085,5,0.0,-79.7717,0.006884847767651081,4.637179374694824,0.9075667262077332,23.636198043823242,39.0,0
37.09,5,0.0,-79.7607,0.006621257402002811,4.04130744934082,0.7909454703330994,23.636198043823242,39.0,0
37.095,5,0.0,-79.7443,0.006883807480335236,4.3092241287231445,0.8433808088302612,23.636198043823242,39.0,0
37.1,5,0.0,-79.7278,0.009635411202907562,4.040238380432129,0.790736198425293,23.636198043823242,39.0,0
37.105,5,0.0,-79.7058,0.012182003818452358,3.8316142559051514,0.7499052882194519,23.636198043823242,39.0,0
37.11,5,0.0,-79.6838,0.0126637052744627,4.707947731018066,0.9214171171188354,23.61825180053711,39.0,0
37.115,5,0.0,-79.6564,0.013230006210505962,4.5641326904296875,0.8932703733444214,23.61825180053711,39.0,0
37.121,5,0.0,-79.6289,0.01641005091369152,4.0022687911987305,0.7833050489425659,23.61825180053711,39.0,0
37.125,5,0.0,-79.5905,0.018807411193847656,3.6251347064971924,0.7094941139221191,23.61825180053711,39.0,0
37.131,5,0.0,-79.5465,0.02219894900918007,3.3272643089294434,0.6511963605880737,23.61825180053711,39.0,0
37.136,5,0.0,-79.5026,0.025290783494710922,2.443636417388916,0.4782569110393524,23.636198043823242,39.0,0
37.14,5,0.0,-79.4586,0.025024132803082466,1.643951654434204,0.3217463791370392,23.636198043823242,39.0,0
37.146,5,0.0,-79.4147,0.02463841624557972,2.3551671504974365,0.4609421193599701,23.654146194458008,39.0,0
37.15,5,0.0,-79.3762,0.022324681282043457,2.7363088130950928,0.5355373620986938,23.61825180053711,39.0,0
37.156,5,0.0,-79.3433,0.018785487860441208,2.794649362564087,0.5469554662704468,23.61825180053711,39.0,0
37.161,5,0.0,-79.3103,0.017073798924684525,5.423879146575928,1.0615358352661133,23.61825180053711,39.0,0
37.165,5,0.0,-79.2883,0.014846989884972572,6.602630138397217,1.2922353744506836,23.61825180053711,39.0,0
37.17,5,0.0,-79.2719,0.009820950217545033,4.731010913848877,0.9259309768676758,23.61825180053711,39.0,0
37.175,5,0.0,-79.2664,0.005671874154359102,7.644954204559326,1.4962341785430908,23.636198043823242,39.0,0
37.18,5,0.0,-79.2499,0.007151925005018711,7.985318660736084,1.5628485679626465,23.61825180053711,39.0,0
37.186,5,0.0,-79.2224,0.012920869514346123,8.797715187072754,1.7218469381332397,23.61825180053711,39.0,0
37.19,5,0.0,-79.1895,0.01857271045446396,6.47194242477417,1.266657829284668,23.61825180053711,39.0,0
37.195,5,0.0,-79.1345,0.028758486732840538,5.034296035766602,0.9852885007858276,23.636198043823242,39.0,0
37.2,5,0.0,-79.0686,0.03352479264140129,3.369903087615967,0.6595414280891418,23.636198043823242,39.0,0
37.205,5,0.0,-79.0027,0.035901036113500595,2.615727663040161,0.5119377970695496,23.61825180053711,39.0,0
37.21,5,0.0,-78.9258,0.04022788256406784,1.63690984249115,0.320368230342865,23.61825180053711,39.0,0
37.216,5,0.0,-78.8489,0.04171179234981537,1.4063774347305298,0.27524951100349426,23.636198043823242,39.0,0
37.221,5,0.0,-78.7939,0.03424382954835892,2.388265609741211,0.46741998195648193,23.61825180053711,39.0,0
37.225,5,0.0,-78.75,0.026125337928533554,6.309953212738037,1.2349541187286377,23.636198043823242,39.0,0
37.23,5,0.0,-78.717,0.019533120095729828,4.818526268005371,0.9430590867996216,23.636198043823242,39.0,0
37.235,5,0.0,-78.6951,0.014572027139365673,8.68051528930664,1.6989092826843262,23.61825180053711,39.0,0
37.24,5,0.0,-78.6676,0.016040384769439697,7.001553535461426,1.3703107833862305,23.636198043823242,39.0,0
37.246,5,0.0,-78.6182,0.025421304628252983,5.937885761260986,1.1621347665786743,23.61825180053711,39.0,0
37.25,5,0.0,-78.5632,0.028533700853586197,6.049983024597168,1.1840739250183105,23.636198043823242,39.0,0
37.255,5,0.0,-78.5138,0.02926269918680191,5.286963939666748,1.0347394943237305,23.61825180053711,39.0,0
37.26,5,0.0,-78.4479,0.033669497817754745,3.812195301055908,0.7461047172546387,23.61825180053711,39.0,0
37.265,5,0.0,-78.3765,0.03890782594680786,3.758395195007324,0.7355751991271973,23.636198043823242,39.0,0
37.271,5,0.0,-78.3051,0.038613758981227875,5.235588073730469,1.0246844291687012,23.636198043823242,39.0,0
37.275,5,0.0,-78.2501,0.032005004584789276,3.9469594955444336,0.7724801301956177,23.636198043823242,39.0,0
37.28,5,0.0,-78.2117,0.02378814108669758,6.425165176391602,1.257502794265747,23.636198043823242,39.0,0
37.286,5,0.0,-78.1842,0.016162803396582603,9.37376594543457,1.834588885307312,23.636198043823242,39.0,0
37.29,5,0.0,-78.1622,0.01598215661942959,9.586018562316895,1.8761298656463623,23.600303649902344,39.0,0
37.296,5,0.0,-78.1128,0.023611048236489296,7.728091716766357,1.5125054121017456,23.600303649902344,39.0,0
37.301,5,0.0,-78.0469,0.03428727015852928,6.744237422943115,1.319949984550476,23.61825180053711,39.0,0
37.306,5,0.0,-77.97,0.03955724835395813,5.749561786651611,1.1252769231796265,23.600303649902344,39.0,0
37.31,5,0.0,-77.8876,0.04519733786582947,4.304123878479004,0.8423826694488525,23.61825180053711,39.0,0
37.315,5,0.0,-77.7887,0.051165465265512466,3.5971457958221436,0.7040163278579712,23.636198043823242,39.0,0
37.321,5,0.0,-77.7118,0.04497413709759712,6.563171863555908,1.2845127582550049,23.636198043823242,39.0,0
37.326,5,0.0,-77.6624,0.03209564462304115,8.203146934509277,1.6054809093475342,23.636198043823242,39.0,0
37.331,5,0.0,-77.6349,0.020123565569519997,9.633561134338379,1.885434865951538,23.636198043823242,39.0,0
37.336,5,0.0,-77.5964,0.022278565913438797,9.95500373840332,1.9483460187911987,23.61825180053711,39.0,0
37.341,5,0.0,-77.5195,0.03598915413022041,8.151386260986328,1.5953506231307983,23.61825180053711,39.0,0
37.346,5,0.0,-77.4426,0.04190140590071678,5.570345878601074,1.0902016162872314,23.61825180053711,39.0,0
37.35,5,0.0,-77.3547,0.04743165895342827,4.84991455078125,0.9492021799087524,23.61825180053711,39.0,0
37.355,5,0.0,-77.2504,0.0562552772462368,2.8227035999298096,0.5524461269378662,23.61825180053711,39.0,0
37.36,5,0.0,-77.157,0.0502215214073658,7.095151424407959,1.3886293172836304,23.654146194458008,39.0,0
37.365,5,0.0,-77.1021,0.035262469202280045,6.465299606323242,1.2653576135635376,23.61825180053711,39.0,0
37.37,5,0.0,-77.0526,0.031603410840034485,8.036107063293457,1.5727885961532593,23.600303649902344,39.0,0
37.376,5,0.0,-76.9647,0.0436461977660656,6.063643932342529,1.2511887550354004,23.636198043823242,39.0,0
37.38,5,0.0,-76.8768,0.048638638108968735,5.28716516494751,1.0347788333892822,23.61825180053711,39.0,0
37.385,5,0.0,-76.7834,0.05193021148443222,5.655295372009277,1.1068274974822998,23.61825180053711,39.0,0
37.39,5,0.0,-76.6791,0.05445098131895065,3.618206739425659,0.7081382274627686,23.636198043823242,39.0,0
37.395,5,0.0,-76.5967,0.04812579229474068,4.761238098144531,0.9318468570709229,23.654146194458008,39.0,0
37.4,5,0.0,-76.5253,0.04080651327967644,6.231780052185059,1.2196543216705322,23.61825180053711,39.0,0
37.405,5,0.0,-76.4539,0.04198978841304779,6.018360137939453,1.1981500387191772,23.61825180053711,39.0,0
37.41,5,0.0,-76.3605,0.04838385060429573,4.259083271026611,0.8335675597190857,23.636198043823242,39.0,0
37.415,5,0.0,-76.2616,0.05546609312295914,4.536290168762207,0.8878211379051208,23.636198043823242,39.0,0
37.421,5,0.0,-76.1517,0.05792534351348877,3.2696762084960938,0.639925479888916,23.636198043823242,39.0,0
37.425,5,0.0,-76.0583,0.05394277349114418,3.6896274089813232,0.7221163511276245,23.636198043823242,39.0,0
37.43,5,0.0,-75.976,0.04710440710186958,4.804068565368652,0.9402294158935547,23.61825180053711,39.0,0
37.435,5,0.0,-75.8936,0.04666817560791969,3.740983486175537,0.7510629892349243,23.61825180053711,39.0,0
37.44,5,0.0,-75.7837,0.05763400346040726,2.7026031017303467,0.5289406180381775,23.61825180053711,39.0,0
37.446,5,0.0,-75.6683,0.062478404492139816,1.973233699798584,0.40975815057754517,23.636198043823242,39.0,0
37.45,5,0.0,-75.575,0.05334392935037613,3.090580463409424,0.6048737168312073,23.636198043823242,39.0,0
37.456,5,0.0,-75.498,0.04502369835972786,4.497128963470459,0.8801567554473877,23.636198043823242,39.0,0
37.46,5,0.0,-75.4211,0.04605945572257042,3.3213932514190674,0.6500473022460938,23.636198043823242,39.0,0
37.466,5,0.0,-75.3223,0.052812304347753525,2.9663829803466797,0.58056640625,23.600303649902344,39.0,0
37.47,5,0.0,-75.2014,0.06293424218893051,0.9870944619178772,0.19318944215774536,23.636198043823242,39.0,0
37.475,5,0.0,-75.0916,0.060305021703243256,2.1154556274414062,0.4140269160270691,23.636198043823242,39.0,0
37.481,5,0.0,-75.0146,0.04628549516201019,3.025189161300659,0.5920756459236145,23.636198043823242,39.0,0
37.485,5,0.0,-74.9487,0.04096965119242668,4.413663387298584,0.8638212084770203,23.636198043823242,39.0,0
37.49,5,0.0,-74.8608,0.047111138701438904,3.055936574935913,0.5980933904647827,23.636198043823242,39.0,0
37.496,5,0.0,-74.762,0.05310015380382538,2.0941338539123535,0.40985390543937683,23.61825180053711,39.0,0
37.5,5,0.0,-74.6521,0.05801375210285187,2.3499631881713867,0.4599236249923706,23.636198043823242,39.0,0
37.505,5,0.0,-74.5587,0.054011642932891846,2.347003698348999,0.45934438705444336,23.61825180053711,39.0,0
37.51,5,0.0,-74.4873,0.043299779295921326,3.7622127532958984,0.7363224029541016,23.636198043823242,39.0,0
37.515,5,0.0,-74.4214,0.03908533602952957,5.284882545471191,1.034332036972046,23.61825180053711,39.0,0
37.52,5,0.0,-74.3335,0.046232227236032486,4.303130626678467,0.8421882390975952,23.61825180053711,39.0,0
37.525,5,0.0,-74.2291,0.055672287940979004,1.9130127429962158,0.37440574169158936,23.61825180053711,39.0,0
37.531,5,0.0,-74.1138,0.06062639504671097,1.85686457157135,0.36341673135757446,23.636198043823242,39.0,0
37.536,5,0.0,-74.0204,0.051655735820531845,3.1397647857666016,0.6144998073577881,23.61825180053711,39.0,0
37.54,5,0.0,-73.9655,0.038286853581666946,5.014549732208252,0.9814238548278809,23.636198043823242,39.0,0
37.545,5,0.0,-73.8995,0.037415340542793274,6.231022834777832,1.2195061445236206,23.61825180053711,39.0,0
37.55,5,0.0,-73.8062,0.0470057874917984,4.151998996734619,0.8126095533370972,23.61825180053711,39.0,0
37.556,5,0.0,-73.6963,0.05791406333446503,3.322028636932373,0.65017169713974,23.61825180053711,39.0,0
37.56,5,0.0,-73.5919,0.058400969952344894,3.3317201137542725,0.6520683765411377,23.61825180053711,39.0,0
37.565,5,0.0,-73.5095,0.047343309968709946,4.213334083557129,0.756060004234314,23.61825180053711,39.0,0
37.57,5,0.0,-73.4436,0.04008018225431442,4.778741836547852,0.9352726340293884,23.61825180053711,39.0,0
37.575,5,0.0,-73.3722,0.042026448994874954,4.804704189300537,0.9403538703918457,23.61825180053711,39.0,0
37.58,5,0.0,-73.2733,0.05058770999312401,3.9862282276153564,0.7801656126976013,23.600303649902344,39.0,0
37.585,5,0.0,-73.158,0.060918450355529785,2.0929722785949707,0.4096265733242035,23.636198043823242,39.0,0
37.59,5,0.0,-73.0536,0.05750994384288788,2.0761306285858154,0.406330406665802,23.636198043823242,39.0,0
37.595,5,0.0,-72.9822,0.04399573802947998,4.987623691558838,0.9761539697647095,23.636198043823242,39.0,0
37.6,5,0.0,-72.9163,0.03859487175941467,5.401791095733643,1.0572128295898438,23.600303649902344,39.0,0
37.605,5,0.0,-72.8339,0.0450713224709034,4.411502361297607,0.8633982539176941,23.636198043823242,39.0,0
37.61,5,0.0,-72.7295,0.05580376088619232,2.8191380500793457,0.5517482757568359,23.600303649902344,39.0,0
37.615,5,0.0,-72.6141,0.06002310663461685,1.7917977571487427,0.3506821393966675,23.636198043823242,39.0,0
37.62,5,0.0,-72.5262,0.05134490877389908,4.491485118865967,0.8790520429611206,23.636198043823242,39.0,0
37.625,5,0.0,-72.4548,0.04228726401925087,5.254671573638916,1.0284193754196167,23.61825180053711,39.0,0
37.63,5,0.0,-72.3834,0.042112935334444046,5.00656795501709,1.0725771188735962,23.600303649902344,39.0,0
37.635,5,0.0,-72.29,0.04854769632220268,4.04231595993042,0.7911428213119507,23.61825180053711,39.0,0
37.64,5,0.0,-72.1802,0.05977312847971916,2.2393198013305664,0.4382690191268921,23.636198043823242,39.0,0
37.645,5,0.0,-72.0703,0.05840019881725311,3.092442512512207,0.605238139629364,23.636198043823242,39.0,0
37.65,5,0.0,-71.9989,0.043564848601818085,5.5091729164123535,1.0782290697097778,23.636198043823242,39.0,0
37.655,5,0.0,-71.9495,0.03390282392501831,6.6535725593566895,1.3022055625915527,23.636198043823242,39.0,0
37.66,5,0.0,-71.8781,0.038739100098609924,6.590975761413574,1.289954423904419,23.61825180053711,39.0,0
37.665,5,0.0,-71.7902,0.046407170593738556,5.479442119598389,1.0724103450775146,23.61825180053711,39.0,0
37.671,5,0.0,-71.6693,0.06108599901199341,2.684762716293335,0.5254489779472351,23.61825180053711,39.0,0
37.676,5,0.0,-71.543,0.06862356513738632,1.4184519052505493,0.2776126563549042,23.61825180053711,39.0,0
37.68,5,0.0,-71.4551,0.053270358592271805,3.1618144512176514,0.6188153028488159,23.61825180053711,39.0,0
37.685,5,0.0,-71.4001,0.03709416836500168,6.329573154449463,1.2387938499450684,23.636198043823242,39.0,0
37.69,5,0.0,-71.3287,0.03908310458064079,6.420242786407471,1.2565393447875977,23.61825180053711,39.0,0
37.695,5,0.0,-71.2354,0.050009146332740784,4.011577129364014,0.785126805305481,23.61825180053711,39.0,0
37.7,5,0.0,-71.131,0.056679971516132355,2.413835287094116,0.47242435812950134,23.61825180053711,39.0,0
37.705,5,0.0,-71.0266,0.057102348655462265,3.7025604248046875,0.7246475219726562,23.636198043823242,39.0,0
37.71,5,0.0,-70.9442,0.04747578129172325,5.670549392700195,1.1098129749298096,23.636198043823242,39.0,0
37.715,5,0.0,-70.8838,0.03717928007245064,7.593320846557617,1.4861286878585815,23.61825180053711,39.0,0
37.72,5,0.0,-70.8179,0.03745872899889946,7.316816806793213,1.4320125579833984,23.600303649902344,39.0,0
37.725,5,0.0,-70.73,0.04590024799108505,6.063709735870361,1.186760425567627,23.61825180053711,39.0,0
37.73,5,0.0,-70.6201,0.058336224406957626,2.1885831356048584,0.614919900894165,23.636198043823242,39.0,0
37.735,5,0.0,-70.5048,0.06035233661532402,2.6175644397735596,0.5122972726821899,23.636198043823242,39.0,0
37.74,5,0.0,-70.4279,0.04761078208684921,4.945941925048828,0.9679962396621704,23.636198043823242,39.0,0
37.745,5,0.0,-70.3729,0.03530268743634224,7.986969470977783,1.5631717443466187,23.600303649902344,39.0,0
37.75,5,0.0,-70.307,0.03692065551877022,8.014299392700195,1.5685205459594727,23.61825180053711,39.0,0
37.755,5,0.0,-70.2301,0.04176334664225578,7.271762371063232,1.4231947660446167,23.61825180053711,39.0,0
37.76,5,0.0,-70.1312,0.051637809723615646,5.2906718254089355,1.035465121269226,23.61825180053711,39.0,0
37.765,5,0.0,-70.0214,0.058515775948762894,5.504609107971191,1.3879554271697998,23.61825180053711,39.0,0
37.77,5,0.0,-69.939,0.048230282962322235,5.508190631866455,1.078036904335022,23.61825180053711,39.0,0
37.775,5,0.0,-69.8785,0.038606829941272736,8.071388244628906,1.5796937942504883,23.61825180053711,39.0,0
37.78,5,0.0,-69.7906,0.047162704169750214,6.0362749099731445,1.1813910007476807,23.61825180053711,39.0,0
37.785,5,0.0,-69.6808,0.056835006922483444,5.1389312744140625,1.0057672262191772,23.61825180053711,39.0,0
37.79,5,0.0,-69.5709,0.0604180209338665,4.325181007385254,0.8465039134025574,23.61825180053711,39.0,0
37.795,5,0.0,-69.4501,0.06501495093107224,3.260343074798584,0.6380988359451294,23.636198043823242,39.0,0
37.8,5,0.0,-69.3512,0.056371670216321945,3.86421799659729,0.7562863230705261,23.636198043823242,39.0,0
37.805,5,0.0,-69.2743,0.046022992581129074,5.751911163330078,1.1257367134094238,23.636198043823242,39.0,0
37.81,5,0.0,-69.1864,0.04867054894566536,5.2192206382751465,1.0214810371398926,23.61825180053711,39.0,0
37.815,5,0.0,-69.082,0.05788889154791832,3.807239532470703,0.7451348304748535,23.61825180053711,39.0,0
37.82,5,0.0,-68.9612,0.06261173635721207,2.7791755199432373,0.543927013874054,23.654146194458008,39.0,0
37.825,5,0.0,-68.8623,0.056053921580314636,3.711782693862915,0.7264524698257446,23.636198043823242,39.0,0
37.83,5,0.0,-68.7854,0.04742894694209099,4.752471923828125,0.930131196975708,23.636198043823242,39.0,0
37.836,5,0.0,-68.703,0.04654518887400627,4.4003520011901855,0.8612160086631775,23.61825180053711,39.0,0
37.841,5,0.0,-68.5986,0.05566314235329628,2.9880361557006836,0.5848042368888855,23.61825180053711,39.0,0
37.845,5,0.0,-68.4778,0.06465864926576614,2.203864336013794,0.4313298165798187,23.654146194458008,39.0,0
37.85,5,0.0,-68.3734,0.05892857909202576,2.163485527038574,0.4234270751476288,23.636198043823242,39.0,0
37.856,5,0.0,-68.2965,0.04661014303565025,3.9975852966308594,0.7823883295059204,23.636198043823242,39.0,0
37.86,5,0.0,-68.2251,0.041882291436195374,4.755527973175049,0.930729329586029,23.636198043823242,39.0,0
37.865,5,0.0,-68.1372,0.046995628625154495,3.802565097808838,0.744219958782196,23.61825180053711,39.0,0
37.87,5,0.0,-68.0328,0.057068537920713425,2.0645060539245605,0.40405529737472534,23.61825180053711,39.0,0
37.876,5,0.0,-67.912,0.0629163309931755,1.4472874402999878,0.2832562327384949,23.636198043823242,39.0,0
37.881,5,0.0,-67.8186,0.05539344996213913,1.4926023483276367,0.29212504625320435,23.636198043823242,39.0,0
37.886,5,0.0,-67.7472,0.04332616552710533,4.236291885375977,0.8291069269180298,23.636198043823242,39.0,0
37.891,5,0.0,-67.6648,0.04447662830352783,3.2843244075775146,0.6427923440933228,23.61825180053711,39.0,0
37.896,5,0.0,-67.5659,0.05276989936828613,2.7650318145751953,0.54115891456604,23.61825180053711,39.0,0
37.9,5,0.0,-67.467,0.055974747985601425,1.9048773050308228,0.37281352281570435,23.61825180053711,39.0,0
37.905,5,0.0,-67.3682,0.05454735457897186,2.387454032897949,0.4672611355781555,23.636198043823242,39.0,0
37.91,5,0.0,-67.2858,0.047414734959602356,3.3345401287078857,0.6526203155517578,23.636198043823242,39.0,0
37.915,5,0.0,-67.2144,0.042518045753240585,3.5574567317962646,0.6962485313415527,23.61825180053711,39.0,0
37.921,5,0.0,-67.132,0.04525801166892052,3.8006391525268555,0.7438430190086365,23.600303649902344,39.0,0
37.925,5,0.0,-67.0331,0.052657779306173325,2.956435441970825,0.5786194801330566,23.61825180053711,39.0,0
37.931,5,0.0,-66.9232,0.05674496665596962,2.1950390338897705,0.42960259318351746,23.61825180053711,39.0,0
37.936,5,0.0,-66.8298,0.053179316222667694,2.729360342025757,0.5341774225234985,23.636198043823242,39.0,0
37.941,5,0.0,-66.7529,0.04479582980275154,3.4263505935668945,0.6705890893936157,23.636198043823242,39.0,0
37.945,5,0.0,-66.6925,0.040314048528671265,4.6159749031066895,0.903416633605957,23.600303649902344,39.0,0
37.951,5,0.0,-66.6046,0.044936031103134155,4.3055901527404785,0.8426696062088013,23.61825180053711,39.0,0
37.955,5,0.0,-66.5002,0.05436985194683075,2.7575230598449707,0.539689302444458,23.636198043823242,39.0,0
37.96,5,0.0,-66.4014,0.056308403611183167,2.239307403564453,0.4382666051387787,23.636198043823242,39.0,0
37.966,5,0.0,-66.3135,0.04918054863810539,3.6919362545013428,0.7225682139396667,23.61825180053711,39.0,0
37.97,5,0.0,-66.2421,0.04203714430332184,4.413016319274902,0.8636945486068726,23.636198043823242,39.0,0
37.975,5,0.0,-66.1652,0.04458368569612503,4.665310382843018,0.9130723476409912,23.61825180053711,39.0,0
37.981,5,0.0,-66.0718,0.049660228192806244,3.9077372550964355,0.7648037672042847,23.61825180053711,39.0,0
37.985,5,0.0,-65.9729,0.0550273172557354,2.838554859161377,0.5555484294891357,23.636198043823242,39.0,0
37.991,5,0.0,-65.863,0.05693623423576355,2.6044797897338867,0.5097364187240601,23.61825180053711,39.0,0
37.995,5,0.0,-65.7806,0.04850660264492035,4.044670104980469,0.7916035652160645,23.636198043823242,39.0,0
38.002,5,0.0,-65.7037,0.04107734188437462,4.531429767608643,0.8868698477745056,23.61825180053711,39.0,0
38.017,5,0.0,-65.5115,0.05505390465259552,2.8212783336639404,0.5521671772003174,23.61825180053711,39.0,0
38.022,5,0.0,-65.3632,0.056999046355485916,2.646512985229492,0.5179629325866699,23.636198043823242,39.0,0
38.025,5,0.0,-65.2808,0.04725009948015213,4.485116481781006,0.8519812822341919,23.61825180053711,39.0,0
38.032,5,0.0,-65.1599,0.041975200176239014,4.549156665802002,0.8903392553329468,23.61825180053711,39.0,0
38.034,5,0.0,-65.1324,0.044477421790361404,4.701845645904541,0.9202228784561157,23.61825180053711,39.0,0
38.035,5,0.0,-65.105,0.04726000130176544,4.348910808563232,0.8511480689048767,23.61825180053711,39.0,0
38.037,5,0.0,-65.0775,0.04943349212408066,2.7966299057006836,0.5473431348800659,23.636198043823242,39.0,0
38.041,5,0.0,-64.9896,0.05618303269147873,2.0474441051483154,0.40071603655815125,23.61825180053711,39.0,0
38.046,5,0.0,-64.8853,0.057176798582077026,2.048287868499756,0.40088117122650146,23.636198043823242,39.0,0
38.056,5,0.0,-64.7205,0.041420720517635345,5.317026615142822,1.0406231880187988,23.61825180053711,39.0,0
38.058,5,0.0,-64.6985,0.03930758684873581,6.0358428955078125,1.1813064813613892,23.636198043823242,39.0,0
38.06,5,0.0,-64.6655,0.038364019244909286,5.728420257568359,1.1211391687393188,23.61825180053711,39.0,0
38.066,5,0.0,-64.5831,0.04265566170215607,5.472538471221924,1.071059226989746,23.61825180053711,39.0,0
38.07,5,0.0,-64.4788,0.05392444506287575,3.5889134407043457,0.7024050951004028,23.61825180053711,39.0,0
38.075,5,0.0,-64.3689,0.062408704310655594,2.689600944519043,0.4634673297405243,23.636198043823242,39.0,0
38.08,5,0.0,-64.2645,0.05579699948430061,2.469460964202881,0.48331117630004883,23.61825180053711,39.0,0
38.085,5,0.0,-64.1931,0.044412173330783844,5.4803996086120605,1.0725977420806885,23.636198043823242,39.0,0
38.09,5,0.0,-64.1162,0.04351396486163139,5.130179405212402,1.004054307937622,23.636198043823242,39.0,0
38.095,5,0.0,-64.0228,0.0491933636367321,3.4249298572540283,0.6703109741210938,23.61825180053711,39.0,0
38.1,5,0.0,-63.924,0.05472315102815628,3.8700032234191895,0.7574186325073242,23.61825180053711,39.0,0
38.105,5,0.0,-63.8251,0.052580565214157104,2.8616538047790527,0.5600692629814148,23.61825180053711,39.0,0
38.11,5,0.0,-63.7592,0.041119545698165894,5.258233070373535,1.0291163921356201,23.600303649902344,39.0,0
38.115,5,0.0,-63.7042,0.035107824951410294,7.001412868499756,1.3702831268310547,23.61825180053711,39.0,0
38.12,5,0.0,-63.6218,0.041634850203990936,6.387973785400391,1.2502238750457764,23.600303649902344,39.0,0
38.125,5,0.0,-63.5449,0.04527681693434715,5.507795810699463,1.077959656715393,23.61825180053711,39.0,0
38.13,5,0.0,-63.4406,0.05268723890185356,5.082583427429199,0.9947390556335449,23.61825180053711,39.0,0
38.135,5,0.0,-63.3362,0.05617183446884155,3.358518362045288,0.6573132276535034,23.636198043823242,39.0,0
38.14,5,0.0,-63.2538,0.04900252819061279,5.937969207763672,1.1621510982513428,23.636198043823242,39.0,0
38.145,5,0.0,-63.1824,0.04042767360806465,6.855286598205566,1.341684103012085,23.636198043823242,39.0,0
38.15,5,0.0,-63.1055,0.04424375295639038,6.540503978729248,1.2800763845443726,23.61825180053711,39.0,0
38.155,5,0.0,-63.0121,0.048580821603536606,5.660126686096191,1.1077730655670166,23.61825180053711,39.0,0
38.16,5,0.0,-62.9187,0.052380938082933426,6.0725016593933105,1.188481092453003,23.61825180053711,39.0,0
38.165,5,0.0,-62.8143,0.05546689033508301,3.566178798675537,0.6979555487632751,23.636198043823242,39.0,0
38.17,5,0.0,-62.7319,0.04622657224535942,4.9513092041015625,0.9690467119216919,23.636198043823242,39.0,0
38.175,5,0.0,-62.677,0.037888508290052414,7.941845893859863,1.5543402433395386,23.61825180053711,39.0,0
38.18,5,0.0,-62.5891,0.045330215245485306,6.852780342102051,1.3411935567855835,23.636198043823242,39.0,0
38.185,5,0.0,-62.4847,0.05446939170360565,5.030383586883545,0.9845227599143982,23.61825180053711,39.0,0
38.19,5,0.0,-62.3749,0.06151001155376434,5.0095720291137695,0.9804495573043823,23.61825180053711,39.0,0
38.195,5,0.0,-62.2595,0.06320438534021378,3.6233716011047363,0.7091490626335144,23.61825180053711,39.0,0
38.2,5,0.0,-62.1661,0.054691486060619354,4.198805809020996,0.8217703700065613,23.61825180053711,39.0,0
38.205,5,0.0,-62.0837,0.047579746693372726,5.36234712600708,1.0494930744171143,23.636198043823242,39.0,0
38.21,5,0.0,-61.9904,0.05010350048542023,4.849332809448242,0.9490883350372314,23.61825180053711,39.0,0
38.215,5,0.0,-61.886,0.05733781307935715,3.204340934753418,0.6271383762359619,23.636198043823242,39.0,0
38.22,5,0.0,-61.7706,0.06189924478530884,2.2388668060302734,0.4381803274154663,23.636198043823242,39.0,0
38.226,5,0.0,-61.6718,0.05745743215084076,3.277531147003174,0.6414628624916077,23.61825180053711,39.0,0
38.23,5,0.0,-61.5894,0.04740315303206444,4.760690689086914,0.9317397475242615,23.636198043823242,39.0,0
38.236,5,0.0,-61.5125,0.045014746487140656,4.363156318664551,0.8539361357688904,23.61825180053711,39.0,0
38.24,5,0.0,-61.4136,0.05418522283434868,3.0427286624908447,0.5955083966255188,23.61825180053711,39.0,0
38.245,5,0.0,-61.2927,0.06331787258386612,0.8784235715866089,0.17192088067531586,23.636198043823242,39.0,0
38.25,5,0.0,-61.1829,0.06122761592268944,1.4002385139465332,0.2740480303764343,23.636198043823242,39.0,0
38.255,5,0.0,-61.1005,0.05045394226908684,3.037452459335327,0.5944757461547852,23.636198043823242,39.0,0
38.26,5,0.0,-61.0236,0.04500686004757881,4.024698734283447,0.7876949310302734,23.636198043823242,39.0,0
38.266,5,0.0,-60.9357,0.046722412109375,3.810452938079834,0.7457637786865234,23.61825180053711,39.0,0
38.27,5,0.0,-60.8368,0.05313534289598465,2.971662759780884,0.5946885943412781,23.61825180053711,39.0,0
38.275,5,0.0,-60.7324,0.05861315131187439,2.1968767642974854,0.42996227741241455,23.636198043823242,39.0,0
38.28,5,0.0,-60.6281,0.05539751425385475,1.7104755640029907,0.334766149520874,23.636198043823242,39.0,0
38.285,5,0.0,-60.5566,0.047159042209386826,3.1341071128845215,0.6133925914764404,23.61825180053711,39.0,0
38.29,5,0.0,-60.4688,0.046035509556531906,3.163987398147583,0.6192405819892883,23.636198043823242,39.0,0
38.295,5,0.0,-60.3754,0.05125700682401657,3.1418190002441406,0.6149019002914429,23.636198043823242,39.0,0
38.3,5,0.0,-60.2765,0.0550796203315258,1.367369532585144,0.4953678846359253,23.61825180053711,39.0,0
38.305,5,0.0,-60.1721,0.05569007247686386,1.7377413511276245,0.34010249376296997,23.61825180053711,39.0,0
38.31,5,0.0,-60.0897,0.047614965587854385,2.8643949031829834,0.5606057643890381,23.61825180053711,39.0,0
38.315,5,0.0,-60.0238,0.04066193848848343,3.9180495738983154,0.7668219804763794,23.61825180053711,39.0,0
38.32,5,0.0,-59.9414,0.0449218787252903,4.054752349853516,0.7935768365859985,23.61825180053711,39.0,0
38.325,5,0.0,-59.8425,0.05312001705169678,2.134551525115967,0.417764276266098,23.61825180053711,39.0,0
38.33,5,0.0,-59.7382,0.05639122426509857,2.4421370029449463,0.4779634177684784,23.61825180053711,39.0,0
38.335,5,0.0,-59.6393,0.05309358611702919,2.4694106578826904,0.4833013415336609,23.636198043823242,39.0,0
38.341,5,0.0,-59.5679,0.044852010905742645,4.21466064453125,0.8248733282089233,23.61825180053711,39.0,0
38.345,5,0.0,-59.491,0.0425083264708519,4.415855407714844,0.8642501831054688,23.636198043823242,39.0,0
38.35,5,0.0,-59.4086,0.04644981771707535,3.754425525665283,0.7347983121871948,23.61825180053711,39.0,0
38.356,5,0.0,-59.3042,0.053559787571430206,2.744049072265625,0.5370522141456604,23.61825180053711,39.0,0
38.361,5,0.0,-59.2053,0.05464695766568184,2.8774728775024414,0.5631653070449829,23.636198043823242,39.0,0
38.365,5,0.0,-59.1229,0.048977602273225784,2.969433546066284,0.5811634063720703,23.61825180053711,39.0,0
38.37,5,0.0,-59.046,0.04301122948527336,4.515361785888672,0.8837251663208008,23.636198043823242,39.0,0
38.375,5,0.0,-58.9691,0.04396827146410942,3.5968105792999268,0.7039506435394287,23.61825180053711,39.0,0
38.381,5,0.0,-58.8757,0.049100637435913086,2.618900775909424,0.5125588178634644,23.600303649902344,39.0,0
38.385,5,0.0,-58.7769,0.055882133543491364,2.2456905841827393,0.4395159184932709,23.61825180053711,39.0,0
38.391,5,0.0,-58.667,0.057235464453697205,2.1331114768981934,0.4174824357032776,23.636198043823242,39.0,0
38.395,5,0.0,-58.5901,0.045331019908189774,4.389312744140625,0.8582404851913452,23.61825180053711,39.0,0
38.401,5,0.0,-58.5242,0.039853889495134354,5.698020935058594,1.115189552307129,23.61825180053711,39.0,0
38.406,5,0.0,-58.4363,0.0468989796936512,3.0806057453155518,0.6029214859008789,23.600303649902344,39.0,0
38.411,5,0.0,-58.3319,0.0547126904129982,2.7897207736968994,0.5459908843040466,23.61825180053711,39.0,0
38.416,5,0.0,-58.2275,0.057516325265169144,2.217467784881592,0.43399226665496826,23.61825180053711,39.0,0
38.42,5,0.0,-58.1342,0.0526273287832737,2.771974802017212,0.5425177216529846,23.61825180053711,39.0,0
38.425,5,0.0,-58.0518,0.046314872801303864,4.056703090667725,0.7939586043357849,23.61825180053711,39.0,0
38.43,5,0.0,-57.9803,0.04381154850125313,4.74416446685791,0.9285053610801697,23.636198043823242,39.0,0
38.435,5,0.0,-57.8925,0.047802653163671494,4.06424617767334,0.7954349517822266,23.61825180053711,39.0,0
38.44,5,0.0,-57.7826,0.05703691020607948,1.3442292213439941,0.26308614015579224,23.61825180053711,39.0,0
38.445,5,0.0,-57.6727,0.05893494561314583,1.885039210319519,0.3689309060573578,23.636198043823242,39.0,0
38.451,5,0.0,-57.5903,0.04844273626804352,3.838332414627075,0.751220166683197,23.636198043823242,39.0,0
38.455,5,0.0,-57.5244,0.040799580514431,5.530843257904053,1.0824702978134155,23.61825180053711,39.0,0
38.461,5,0.0,-57.453,0.04106966406106949,4.779045581817627,0.9353320598602295,23.636198043823242,39.0,0
38.465,5,0.0,-57.3706,0.04462500289082527,4.752160549163818,0.9300702810287476,23.61825180053711,39.0,0
38.47,5,0.0,-57.2717,0.05176033824682236,3.555140733718872,0.6957952380180359,23.61825180053711,39.0,0
38.475,5,0.0,-57.1783,0.052776630967855453,4.616174221038818,0.9034556150436401,23.636198043823242,39.0,0
38.48,5,0.0,-57.0905,0.04760289564728737,3.889130115509033,0.7611620426177979,23.61825180053711,39.0,0
38.485,5,0.0,-57.019,0.04278137907385826,6.418222904205322,1.2561440467834473,23.636198043823242,39.0,0
38.49,5,0.0,-56.9312,0.04812222346663475,4.289142608642578,0.8394505977630615,23.61825180053711,39.0,0
38.495,5,0.0,-56.8323,0.052517108619213104,4.107522487640381,0.8039047718048096,23.61825180053711,39.0,0
38.5,5,0.0,-56.7279,0.057661112397909164,2.8695485591888428,0.5616143941879272,23.61825180053711,39.0,0
38.505,5,0.0,-56.6235,0.05695977434515953,2.88704776763916,0.5650392770767212,23.636198043823242,39.0,0
38.51,5,0.0,-56.5466,0.045655474066734314,4.042657375335693,0.7912096977233887,23.61825180053711,39.0,0
38.516,5,0.0,-56.4862,0.03685871139168739,6.416890621185303,1.2558833360671997,23.61825180053711,39.0,0
38.52,5,0.0,-56.4203,0.03822759911417961,6.72829008102417,1.316828966140747,23.61825180053711,39.0,0
38.525,5,0.0,-56.3324,0.04645669460296631,5.405052185058594,1.0578510761260986,23.61825180053711,39.0,0
38.531,5,0.0,-56.2335,0.05374841019511223,3.5862438678741455,0.7018826007843018,23.61825180053711,39.0,0
38.535,5,0.0,-56.1346,0.05331132188439369,4.308937072753906,0.8433246612548828,23.636198043823242,39.0,0
38.54,5,0.0,-56.0577,0.04327920824289322,7.220988750457764,1.4132575988769531,23.61825180053711,39.0,0
38.545,5,0.0,-56.0083,0.03413505107164383,7.976088047027588,1.561042070388794,23.600303649902344,39.0,0
38.55,5,0.0,-55.9314,0.042011991143226624,6.210845470428467,1.2155570983886719,23.61825180053711,39.0,0
38.555,5,0.0,-55.827,0.05060790479183197,5.220851421356201,1.02180016040802,23.61825180053711,39.0,0
38.56,5,0.0,-55.7336,0.05581139400601387,4.200135707855225,0.8220305442810059,23.61825180053711,39.0,0
38.566,5,0.0,-55.6128,0.05967666953802109,3.7939443588256836,0.7425327301025391,23.61825180053711,39.0,0
38.57,5,0.0,-55.5359,0.04826122522354126,6.228020191192627,1.2189184427261353,23.654146194458008,39.0,0
38.575,5,0.0,-55.4755,0.036919593811035156,7.566362380981445,1.480852484703064,23.600303649902344,39.0,0
38.581,5,0.0,-55.3931,0.04474033787846565,6.45600700378418,1.2635390758514404,23.61825180053711,39.0,0
38.585,5,0.0,-55.2942,0.0526239387691021,5.476343631744385,1.0718039274215698,23.636198043823242,39.0,0
38.59,5,0.0,-55.1843,0.058734700083732605,4.0593414306640625,0.7023581266403198,23.61825180053711,39.0,0
38.595,5,0.0,-55.0745,0.06352774798870087,3.0094738006591797,0.5889999270439148,23.654146194458008,39.0,0
38.601,5,0.0,-54.9646,0.0559408999979496,4.203341484069824,0.8226580023765564,23.61825180053711,39.0,0
38.606,5,0.0,-54.8932,0.046758729964494705,6.393436431884766,1.2512929439544678,23.636198043823242,39.0,0
38.61,5,0.0,-54.7998,0.04885365068912506,5.030014514923096,0.9844505786895752,23.61825180053711,39.0,0
38.616,5,0.0,-54.6954,0.057760704308748245,2.704928159713745,0.5293956995010376,23.61825180053711,39.0,0
38.62,5,0.0,-54.5801,0.06238964572548866,1.5200252532958984,0.297492116689682,23.61825180053711,39.0,0
38.625,5,0.0,-54.4757,0.05765235424041748,2.880345582962036,0.5637275576591492,23.61825180053711,39.0,0
38.63,5,0.0,-54.3933,0.04872461035847664,4.874597549438477,0.9540330171585083,23.636198043823242,39.0,0
38.635,5,0.0,-54.3164,0.04550991952419281,4.356499195098877,0.8526332378387451,23.636198043823242,39.0,0
38.64,5,0.0,-54.2175,0.0529169961810112,3.598419666290283,0.7042655944824219,23.61825180053711,39.0,0
38.645,5,0.0,-54.1132,0.06082577630877495,2.2411768436431885,0.43863245844841003,23.636198043823242,39.0,0
38.651,5,0.0,-53.9978,0.059268221259117126,1.425443172454834,0.27898097038269043,23.636198043823242,39.0,0
38.655,5,0.0,-53.9099,0.050341032445430756,3.5785346031188965,0.7003738284111023,23.636198043823242,39.0,0
38.66,5,0.0,-53.833,0.045246671885252,3.6240487098693848,0.7092816233634949,23.61825180053711,39.0,0
38.665,5,0.0,-53.7451,0.048505786806344986,3.7891719341278076,0.7415987253189087,23.61825180053711,39.0,0
38.67,5,0.0,-53.6517,0.05513499304652214,2.414012908935547,0.4724591374397278,23.61825180053711,39.0,0
38.675,5,0.0,-53.5419,0.05773875489830971,2.0215353965759277,0.3956453204154968,23.636198043823242,39.0,0
38.68,5,0.0,-53.4485,0.0512886717915535,3.2930428981781006,0.6444987058639526,23.61825180053711,39.0,0
38.685,5,0.0,-53.3716,0.04472111165523529,3.6598238945007324,0.7162833213806152,23.61825180053711,39.0,0
38.69,5,0.0,-53.2892,0.046207036823034286,3.951739549636841,0.7200202345848083,23.61825180053711,39.0,0
38.695,5,0.0,-53.1903,0.052414700388908386,2.7487246990203857,0.537967324256897,23.636198043823242,39.0,0
38.7,5,0.0,-53.0914,0.05501541495323181,1.3452250957489014,0.26328104734420776,23.636198043823242,39.0,0
38.705,5,0.0,-52.9871,0.05658759921789169,1.9213626384735107,0.37603995203971863,23.61825180053711,39.0,0
38.71,5,0.0,-52.8992,0.0511036142706871,2.387709617614746,0.46731114387512207,23.61825180053711,39.0,0
38.715,5,0.0,-52.8278,0.04231121018528938,4.042500019073486,0.7911788821220398,23.61825180053711,39.0,0
38.72,5,0.0,-52.7509,0.04343193769454956,4.223418712615967,0.8265873789787292,23.61825180053711,39.0,0
38.725,5,0.0,-52.663,0.05028175190091133,3.274827480316162,0.6409336924552917,23.636198043823242,39.0,0
38.731,5,0.0,-52.5476,0.05719021335244179,2.1149909496307373,0.41393595933914185,23.636198043823242,39.0,0
38.735,5,0.0,-52.4542,0.053577784448862076,2.242082357406616,0.43880969285964966,23.636198043823242,39.0,0
38.74,5,0.0,-52.3718,0.045524533838033676,3.6164112091064453,0.7077867984771729,23.61825180053711,39.0,0
38.745,5,0.0,-52.3059,0.040589943528175354,4.7601399421691895,0.9316319227218628,23.61825180053711,39.0,0
38.75,5,0.0,-52.229,0.04371648281812668,3.8032472133636475,0.7443534731864929,23.636198043823242,39.0,0
38.755,5,0.0,-52.1191,0.053903862833976746,2.5066819190979004,0.49059587717056274,23.61825180053711,39.0,0
38.76,5,0.0,-52.0148,0.05688459798693657,2.2246510982513428,0.4353981614112854,23.61825180053711,39.0,0
38.765,5,0.0,-51.9324,0.048831671476364136,3.7122573852539062,0.7265453338623047,23.636198043823242,39.0,0
38.77,5,0.0,-51.861,0.04335552453994751,4.472179412841797,0.8752736449241638,23.636198043823242,39.0,0
38.775,5,0.0,-51.7841,0.04512213170528412,4.680157661437988,0.915978193283081,23.636198043823242,39.0,0
38.78,5,0.0,-51.6852,0.04882561415433884,3.109861135482788,0.6086472272872925,23.600303649902344,39.0,0
38.785,5,0.0,-51.5863,0.054162319749593735,2.5444729328155518,0.4979921579360962,23.61825180053711,39.0,0
38.79,5,0.0,-51.4819,0.057072460651397705,2.7559595108032227,0.5393832921981812,23.636198043823242,39.0,0
38.796,5,0.0,-51.394,0.05089214816689491,3.4488704204559326,0.6749964952468872,23.61825180053711,39.0,0
38.8,5,0.0,-51.3281,0.041793860495090485,4.581073760986328,0.8965859413146973,23.636198043823242,39.0,0
38.805,5,0.0,-51.2457,0.0426396019756794,4.1156415939331055,0.8054937720298767,23.61825180053711,39.0,0
38.81,5,0.0,-51.1523,0.05122755467891693,2.324197769165039,0.454880952835083,23.61825180053711,39.0,0
38.815,5,0.0,-51.0425,0.05739941447973251,2.3413400650024414,0.4582359492778778,23.636198043823242,39.0,0
38.82,5,0.0,-50.9436,0.05486647039651871,2.8060848712921143,0.5491936206817627,23.636198043823242,39.0,0
38.825,5,0.0,-50.8722,0.045733530074357986,4.115972518920898,0.8055585622787476,23.61825180053711,39.0,0
38.83,5,0.0,-50.8008,0.0402146577835083,5.209072113037109,1.019494891166687,23.636198043823242,39.0,0
38.835,5,0.0,-50.7184,0.0455513596534729,5.0237603187561035,0.983226478099823,23.600303649902344,39.0,0
38.84,5,0.0,-50.6085,0.05595817416906357,2.3766114711761475,0.5118522644042969,23.61825180053711,39.0,0
38.845,5,0.0,-50.5042,0.0573916994035244,2.642812967300415,0.5172387957572937,23.636198043823242,39.0,0
38.85,5,0.0,-50.4163,0.05063028633594513,3.5126354694366455,0.6874762773513794,23.636198043823242,39.0,0
38.855,5,0.0,-50.3448,0.04333806782960892,4.286700248718262,0.8389725685119629,23.636198043823242,39.0,0
38.861,5,0.0,-50.2734,0.040872711688280106,5.806703090667725,1.136460304260254,23.636198043823242,39.0,0
38.865,5,0.0,-50.1855,0.04602552950382233,4.7349653244018555,0.9267048835754395,23.61825180053711,39.0,0
38.87,5,0.0,-50.0812,0.05683965981006622,2.8709328174591064,0.5618852972984314,23.61825180053711,39.0,0
38.875,5,0.0,-49.9713,0.060334548354148865,1.9787166118621826,0.38726502656936646,23.636198043823242,39.0,0
38.88,5,0.0,-49.8889,0.046229131519794464,3.2259469032287598,0.6313669681549072,23.636198043823242,39.0,0
38.886,5,0.0,-49.834,0.03596029430627823,6.320770740509033,1.2370712757110596,23.61825180053711,39.0,0
38.89,5,0.0,-49.7626,0.040559232234954834,5.2991132736206055,1.0371172428131104,23.61825180053711,39.0,0
38.896,5,0.0,-49.6692,0.04869306832551956,4.485885143280029,0.8779560923576355,23.636198043823242,39.0,0
38.9,5,0.0,-49.5538,0.06020127236843109,2.3763043880462646,0.46507900953292847,23.61825180053711,39.0,0
38.906,5,0.0,-49.4385,0.06287568062543869,1.895102620124817,0.3709004819393158,23.636198043823242,39.0,0
38.911,5,0.0,-49.3506,0.05031091719865799,4.310687065124512,0.8436671495437622,23.636198043823242,39.0,0
38.916,5,0.0,-49.2902,0.03769118711352348,6.449026107788086,1.2621726989746094,23.61825180053711,39.0,0
38.921,5,0.0,-49.2242,0.03828773275017738,6.203582763671875,1.214135766029358,23.600303649902344,39.0,0
38.925,5,0.0,-49.1418,0.04437726363539696,4.855075836181641,0.9502123594284058,23.61825180053711,39.0,0
38.931,5,0.0,-49.043,0.0514502078294754,3.629910469055176,0.7104288339614868,23.600303649902344,39.0,0
38.935,5,0.0,-48.9441,0.05499209463596344,3.801908254623413,0.7440913915634155,23.61825180053711,39.0,0
38.94,5,0.0,-48.8562,0.048722974956035614,6.1844706535339355,1.2103952169418335,23.636198043823242,39.0,0
38.945,5,0.0,-48.7903,0.0390913262963295,7.095485210418701,1.3886946439743042,23.61825180053711,39.0,0
38.951,5,0.0,-48.7189,0.04079945385456085,7.006583213806152,1.3712952136993408,23.600303649902344,39.0,0
38.955,5,0.0,-48.6365,0.045819319784641266,6.0562238693237305,1.1852953433990479,23.61825180053711,39.0,0
38.961,5,0.0,-48.5321,0.05436117947101593,3.9214086532592773,0.767479419708252,23.61825180053711,39.0,0
38.966,5,0.0,-48.4167,0.06173425540328026,2.827211380004883,0.5533283948898315,23.636198043823242,39.0,0
38.971,5,0.0,-48.3179,0.053731825202703476,5.407431602478027,0.9718884825706482,23.636198043823242,39.0,0
38.975,5,0.0,-48.2574,0.040367525070905685,6.855413436889648,1.3417088985443115,23.636198043823242,39.0,0
38.981,5,0.0,-48.1805,0.04230540618300438,6.325613498687744,1.2380191087722778,23.61825180053711,39.0,0
38.985,5,0.0,-48.0872,0.050107359886169434,5.315809726715088,1.0403850078582764,23.61825180053711,39.0,0
38.991,5,0.0,-47.9773,0.058810457587242126,4.029954433441162,0.7887235879898071,23.600303649902344,39.0,0
38.995,5,0.0,-47.8674,0.06461246311664581,2.7734172344207764,0.5428000688552856,23.636198043823242,39.0,0
39.001,5,0.0,-47.7631,0.05482649803161621,3.564134120941162,0.697555422782898,23.636198043823242,39.0,0
39.005,5,0.0,-47.6917,0.044154442846775055,5.332770347595215,1.0437043905258179,23.636198043823242,39.0,0
39.011,5,0.0,-47.6038,0.04615580290555954,4.94696044921875,0.9681955575942993,23.61825180053711,39.0,0
39.015,5,0.0,-47.5104,0.05480097606778145,3.3074612617492676,0.6473206281661987,23.636198043823242,39.0,0
39.021,5,0.0,-47.384,0.063557930290699,1.9166933298110962,0.37512609362602234,23.61825180053711,39.0,0
39.025,5,0.0,-47.2852,0.060674216598272324,-0.14524835348129272,-0.02842731773853302,23.636198043823242,39.0,0
39.031,5,0.0,-47.1918,0.04962865635752678,3.5036702156066895,0.6857216358184814,23.61825180053711,39.0,0
39.035,5,0.0,-47.1204,0.04393310844898224,4.3130106925964355,0.8441219329833984,23.61825180053711,39.0,0
39.041,5,0.0,-47.0215,0.051434844732284546,2.8744606971740723,0.5625757575035095,23.636198043823242,39.0,0
39.045,5,0.0,-46.9116,0.060045354068279266,1.9640406370162964,0.38439270853996277,23.636198043823242,39.0,0
39.051,5,0.0,-46.8018,0.057807572185993195,2.1433889865875244,0.4194938838481903,23.61825180053711,39.0,0
39.055,5,0.0,-46.7194,0.05061323940753937,3.656015157699585,0.5296729803085327,23.61825180053711,39.0,0
39.06,5,0.0,-46.6425,0.046289753168821335,4.020557403564453,0.7868843078613281,23.61825180053711,39.0,0
39.065,5,0.0,-46.5491,0.04955741763114929,3.0805928707122803,0.6029189825057983,23.61825180053711,39.0,0
39.071,5,0.0,-46.4447,0.05424953252077103,2.136087656021118,0.4180649220943451,23.600303649902344,39.0,0
39.075,5,0.0,-46.3458,0.059583358466625214,1.2811479568481445,0.2507402002811432,23.636198043823242,39.0,0
39.081,5,0.0,-46.2415,0.05287459120154381,2.316915512084961,0.45345568656921387,23.636198043823242,39.0,0
39.085,5,0.0,-46.1755,0.04351870343089104,3.6821770668029785,0.7206581830978394,23.61825180053711,39.0,0
39.091,5,0.0,-46.0931,0.0439639687538147,3.354884386062622,0.6566020250320435,23.61825180053711,39.0,0
39.095,5,0.0,-46.0052,0.05101199075579643,3.2408907413482666,0.6342917680740356,23.636198043823242,39.0,0
39.1,5,0.0,-45.9009,0.055824197828769684,1.971036434173584,0.3857618570327759,23.636198043823242,39.0,0
39.105,5,0.0,-45.7965,0.056412603706121445,1.7210532426834106,0.3368363380432129,23.61825180053711,39.0,0
39.11,5,0.0,-45.7031,0.05135970562696457,2.170914649963379,0.42488110065460205,23.636198043823242,39.0,0
39.115,5,0.0,-45.6317,0.04378338158130646,3.5652127265930176,0.6977664828300476,23.636198043823242,39.0,0
39.12,5,0.0,-45.5548,0.043622758239507675,3.3222272396087646,0.6502104997634888,23.61825180053711,39.0,0
39.125,5,0.0,-45.4669,0.050058040767908096,2.975461483001709,0.5823431611061096,23.636198043823242,39.0,0
39.131,5,0.0,-45.3625,0.05358842387795448,2.584324598312378,0.4234272837638855,23.636198043823242,39.0,0
39.135,5,0.0,-45.2637,0.05316908285021782,2.383451223373413,0.46647772192955017,23.636198043823242,39.0,0
39.14,5,0.0,-45.1758,0.05003610625863075,2.8994781970977783,0.5674721002578735,23.61825180053711,39.0,0
39.145,5,0.0,-45.0989,0.044833939522504807,3.2964911460876465,0.6451735496520996,23.61825180053711,39.0,0
39.15,5,0.0,-45.0275,0.04373317211866379,4.514699935913086,0.8835956454277039,23.600303649902344,39.0,0
39.155,5,0.0,-44.9341,0.05040006339550018,3.152433395385742,0.6169792413711548,23.600303649902344,39.0,0
39.16,5,0.0,-44.8242,0.05524532496929169,2.6005215644836426,0.5089617371559143,23.636198043823242,39.0,0
39.165,5,0.0,-44.7308,0.05279942974448204,2.344341278076172,0.4588233232498169,23.636198043823242,39.0,0
39.17,5,0.0,-44.6539,0.04495084285736084,3.5901124477386475,0.7026397585868835,23.61825180053711,39.0,0
39.175,5,0.0,-44.5825,0.041990987956523895,4.877336502075195,0.9545691013336182,23.61825180053711,39.0,0
39.181,5,0.0,-44.4946,0.04583515226840973,3.6129157543182373,0.7071027159690857,23.61825180053711,39.0,0
39.185,5,0.0,-44.3958,0.05358593165874481,2.4679791927337646,0.4830211400985718,23.636198043823242,39.0,0
39.191,5,0.0,-44.2914,0.057292256504297256,2.780507802963257,0.5441877841949463,23.636198043823242,39.0,0
39.195,5,0.0,-44.2035,0.050721343606710434,2.508742570877075,0.49099916219711304,23.61825180053711,39.0,0
39.201,5,0.0,-44.1266,0.0431935116648674,4.486619472503662,0.878099799156189,23.636198043823242,39.0,0
39.205,5,0.0,-44.0497,0.04523405060172081,3.709258556365967,0.7259584665298462,23.61825180053711,39.0,0
39.21,5,0.0,-43.9563,0.048589594662189484,3.629265069961548,0.710302472114563,23.61825180053711,39.0,0
39.215,5,0.0,-43.8629,0.05326065048575401,2.4369490146636963,0.5671131014823914,23.636198043823242,39.0,0
39.22,5,0.0,-43.7585,0.05523567646741867,2.6170966625213623,0.5122057199478149,23.636198043823242,39.0,0
39.226,5,0.0,-43.6707,0.049599140882492065,3.336505651473999,0.6530050039291382,23.636198043823242,39.0,0
39.23,5,0.0,-43.6047,0.04175948351621628,4.640835762023926,0.9082822799682617,23.636198043823242,39.0,0
39.236,5,0.0,-43.5223,0.04307757318019867,4.831066608428955,0.9455134272575378,23.61825180053711,39.0,0
39.241,5,0.0,-43.429,0.05242276191711426,2.7916452884674072,0.5463675260543823,23.61825180053711,39.0,0
39.245,5,0.0,-43.3136,0.05894250422716141,2.198474884033203,0.4302750527858734,23.636198043823242,39.0,0
39.25,5,0.0,-43.2257,0.052077263593673706,4.186349391937256,0.8193323612213135,23.61825180053711,39.0,0
39.255,5,0.0,-43.1488,0.04464934393763542,4.283982276916504,0.8384406566619873,23.61825180053711,39.0,0
39.261,5,0.0,-43.0774,0.04210257530212402,5.200161933898926,1.0177509784698486,23.61825180053711,39.0,0
39.266,5,0.0,-42.995,0.04539114981889725,5.328244209289551,1.042818546295166,23.61825180053711,39.0,0
39.271,5,0.0,-42.9016,0.05100502818822861,3.2147939205169678,0.6291841864585876,23.61825180053711,39.0,0
39.275,5,0.0,-42.7863,0.05884381756186485,2.613072156906128,0.5114180445671082,23.61825180053711,39.0,0
39.28,5,0.0,-42.6874,0.054477985948324203,2.499269962310791,0.4891452193260193,23.636198043823242,39.0,0
39.285,5,0.0,-42.6215,0.04234043136239052,5.953449249267578,1.1651808023452759,23.636198043823242,39.0,0
39.29,5,0.0,-42.5555,0.03713931888341904,6.288052558898926,1.2306677103042603,23.600303649902344,39.0,0
39.295,5,0.0,-42.4786,0.0420926958322525,5.630868911743164,1.1020468473434448,23.61825180053711,39.0,0
39.3,5,0.0,-42.3853,0.0495898462831974,4.79415225982666,0.938288688659668,23.61825180053711,39.0,0
39.305,5,0.0,-42.2754,0.05914625898003578,3.5886850357055664,0.7023603916168213,23.61825180053711,39.0,0
39.31,5,0.0,-42.1655,0.05910510569810867,3.3366668224334717,0.6530365943908691,23.636198043823242,39.0,0
39.316,5,0.0,-42.0886,0.046670425683259964,5.234745025634766,1.024519443511963,23.61825180053711,39.0,0
39.32,5,0.0,-42.0282,0.03858432546257973,6.737978935241699,1.3187252283096313,23.600303649902344,39.0,0
39.325,5,0.0,-41.9403,0.04543565958738327,5.297255516052246,1.0367536544799805,23.61825180053711,39.0,0
39.331,5,0.0,-41.8414,0.05329405143857002,5.089159965515137,0.9960262179374695,23.61825180053711,39.0,0
39.335,5,0.0,-41.7426,0.05273301526904106,3.33772349357605,0.653243362903595,23.61825180053711,39.0,0
39.34,5,0.0,-41.6656,0.04579976946115494,4.996518135070801,0.9778947830200195,23.636198043823242,39.0,0
39.345,5,0.0,-41.5997,0.03864864632487297,5.626693248748779,1.1012296676635742,23.61825180053711,39.0,0
39.35,5,0.0,-41.5283,0.04061143845319748,6.556183815002441,1.3023838996887207,23.61825180053711,39.0,0
39.355,5,0.0,-41.4459,0.044135287404060364,6.028125762939453,1.1797960996627808,23.61825180053711,39.0,0
39.36,5,0.0,-41.3525,0.05036555603146553,4.85514497756958,0.950225830078125,23.61825180053711,39.0,0
39.365,5,0.0,-41.2372,0.06120620295405388,3.0813186168670654,0.6030610203742981,23.636198043823242,39.0,0
39.37,5,0.0,-41.1328,0.05736713856458664,4.060818195343018,0.7947640419006348,23.654146194458008,39.0,0
39.375,5,0.0,-41.0559,0.04705274850130081,5.267793655395508,1.0309875011444092,23.636198043823242,39.0,0
39.38,5,0.0,-40.979,0.04314493015408516,6.424384593963623,1.257349967956543,23.61825180053711,39.0,0
39.385,5,0.0,-40.8966,0.04671743884682655,5.079029560089111,0.9940434694290161,23.600303649902344,39.0,0
39.391,5,0.0,-40.7867,0.05609537661075592,4.044378280639648,0.7915464639663696,23.61825180053711,39.0,0
39.395,5,0.0,-40.6714,0.06382178515195847,2.6267971992492676,0.46459054946899414,23.636198043823242,39.0,0
39.4,5,0.0,-40.5725,0.05717281997203827,3.5966947078704834,0.7039279937744141,23.61825180053711,39.0,0
39.406,5,0.0,-40.4901,0.046827271580696106,4.18870735168457,0.8197939395904541,23.636198043823242,39.0,0
39.411,5,0.0,-40.4077,0.04776208475232124,4.903725624084473,0.9597338438034058,23.61825180053711,39.0,0
39.415,5,0.0,-40.3088,0.054036591202020645,2.905399799346924,0.5686310529708862,23.61825180053711,39.0,0
39.42,5,0.0,-40.199,0.05925599858164787,2.5909955501556396,0.5070973634719849,23.61825180053711,39.0,0
39.425,5,0.0,-40.0946,0.058718279004096985,2.1369788646698,0.4182393550872803,23.636198043823242,39.0,0
39.431,5,0.0,-39.9957,0.05236125364899635,3.1714425086975098,0.6206996440887451,23.636198043823242,39.0,0
39.435,5,0.0,-39.9188,0.04651113972067833,4.057375907897949,0.7018015384674072,23.61825180053711,39.0,0
39.441,5,0.0,-39.8309,0.049971919506788254,3.034447193145752,0.5938875675201416,23.61825180053711,39.0,0
39.446,5,0.0,-39.7156,0.05904455482959747,2.6711480617523193,0.522784411907196,23.61825180053711,39.0,0
39.45,5,0.0,-39.6167,0.05794910341501236,1.7752693891525269,0.3474472761154175,23.636198043823242,39.0,0
39.455,5,0.0,-39.5233,0.050184521824121475,2.3884544372558594,0.4674569368362427,23.636198043823242,39.0,0
39.46,5,0.0,-39.4464,0.04553304612636566,3.5023133754730225,0.6854561567306519,23.61825180053711,39.0,0
39.465,5,0.0,-39.3585,0.04844166338443756,3.0952374935150146,0.6057851910591125,23.61825180053711,39.0,0
39.47,5,0.0,-39.2596,0.05538241192698479,2.1503217220306396,0.4208507537841797,23.61825180053711,39.0,0
39.475,5,0.0,-39.1553,0.05842246860265732,1.713455319404602,0.33534932136535645,23.61825180053711,39.0,0
39.48,5,0.0,-39.0564,0.0532180517911911,2.232107162475586,0.4368574023246765,23.61825180053711,39.0,0
39.486,5,0.0,-38.9795,0.04603644832968712,3.0509188175201416,0.5971113443374634,23.61825180053711,39.0,0
39.491,5,0.0,-38.9026,0.04366864636540413,3.324721336364746,0.6506986618041992,23.636198043823242,39.0,0
39.495,5,0.0,-38.8092,0.05016353353857994,2.4044926166534424,0.4705958366394043,23.61825180053711,39.0,0
39.5,5,0.0,-38.7158,0.05352161452174187,2.733820676803589,0.5350503921508789,23.636198043823242,39.0,0
39.505,5,0.0,-38.6115,0.05393530800938606,1.9669814109802246,0.38496825098991394,23.61825180053711,39.0,0
39.51,5,0.0,-38.5181,0.05255992338061333,2.12778639793396,0.4164402186870575,23.636198043823242,39.0,0
39.515,5,0.0,-38.4357,0.04790997877717018,2.782363176345825,0.544550895690918,23.636198043823242,39.0,0
39.52,5,0.0,-38.3643,0.043501295149326324,3.5654921531677246,0.722314715385437,23.61825180053711,39.0,0
39.525,5,0.0,-38.2709,0.050656456500291824,2.699249029159546,0.5282841920852661,23.61825180053711,39.0,0
39.531,5,0.0,-38.161,0.05517178028821945,1.65728759765625,0.32435643672943115,23.61825180053711,39.0,0
39.535,5,0.0,-38.0731,0.05073823034763336,3.3125293254852295,0.648312509059906,23.61825180053711,39.0,0
39.54,5,0.0,-37.9907,0.04668065533041954,3.3120222091674805,0.648213267326355,23.636198043823242,39.0,0
39.545,5,0.0,-37.9138,0.04421995207667351,3.335679769515991,0.6528433561325073,23.61825180053711,39.0,0
39.55,5,0.0,-37.8369,0.04541533812880516,4.253315448760986,0.8324387073516846,23.61825180053711,39.0,0
39.555,5,0.0,-37.7435,0.04863786697387695,4.551570892333984,0.8908118009567261,23.61825180053711,39.0,0
39.56,5,0.0,-37.6501,0.0512227825820446,2.78769850730896,0.545595109462738,23.636198043823242,39.0,0
39.565,5,0.0,-37.5568,0.05142645537853241,3.043142557144165,0.5955893993377686,23.61825180053711,39.0,0
39.57,5,0.0,-37.4689,0.048790182918310165,2.8978185653686523,0.6941752433776855,23.636198043823242,39.0,0
39.575,5,0.0,-37.392,0.046741947531700134,4.053486347198486,0.7933290004730225,23.61825180053711,39.0,0
39.58,5,0.0,-37.3041,0.04753658175468445,3.478868246078491,0.6808675527572632,23.600303649902344,39.0,0
39.585,5,0.0,-37.2107,0.05169426649808884,3.054980993270874,0.5979063510894775,23.61825180053711,39.0,0
39.59,5,0.0,-37.1118,0.05641687288880348,2.3337926864624023,0.4567587971687317,23.636198043823242,39.0,0
39.595,5,0.0,-37.0129,0.052913129329681396,2.6871047019958496,0.5259073376655579,23.61825180053711,39.0,0
39.6,5,0.0,-36.9305,0.04599824920296669,3.961474895477295,0.7753210067749023,23.61825180053711,39.0,0
39.605,5,0.0,-36.8481,0.04565956071019173,3.708277940750122,0.7257665395736694,23.61825180053711,39.0,0
39.61,5,0.0,-36.7603,0.05044105276465416,3.6443657875061035,0.7132579684257507,23.61825180053711,39.0,0
39.615,5,0.0,-36.6614,0.052839141339063644,3.4265592098236084,0.6706298589706421,23.61825180053711,39.0,0
39.62,5,0.0,-36.5735,0.048967618495225906,6.460218906402588,1.2643632888793945,23.636198043823242,39.0,0
39.625,5,0.0,-36.4966,0.04547470062971115,4.399056911468506,0.8609625697135925,23.636198043823242,39.0,0
39.63,5,0.0,-36.4087,0.04687533155083656,4.138927936553955,0.8100513219833374,23.61825180053711,39.0,0
39.635,5,0.0,-36.3263,0.047326549887657166,3.668278932571411,0.7179380655288696,23.61825180053711,39.0,0
39.64,5,0.0,-36.2329,0.05004711076617241,4.22426176071167,0.8267524242401123,23.61825180053711,39.0,0
39.645,5,0.0,-36.134,0.053385332226753235,3.0377988815307617,0.5945435166358948,23.61825180053711,39.0,0
39.65,5,0.0,-36.0461,0.051618192344903946,3.1325907707214355,0.613095760345459,23.61825180053711,39.0,0
39.655,5,0.0,-35.9637,0.04662300646305084,3.8275883197784424,0.749117374420166,23.636198043823242,39.0,0
39.66,5,0.0,-35.8868,0.0435129813849926,4.76071834564209,0.931745171546936,23.61825180053711,39.0,0
39.665,5,0.0,-35.8044,0.045642271637916565,4.961603164672852,0.9710613489151001,23.61825180053711,39.0,0
39.67,5,0.0,-35.7056,0.05322917178273201,3.4767086505889893,0.6441353559494019,23.61825180053711,39.0,0
39.675,5,0.0,-35.6012,0.05725202336907387,3.2971701622009277,0.6453064680099487,23.636198043823242,39.0,0
39.681,5,0.0,-35.5078,0.05086959898471832,4.5226731300354,0.8851560354232788,23.61825180053711,39.0,0
39.685,5,0.0,-35.4364,0.042888034135103226,5.3949875831604,1.055881381034851,23.690038681030273,39.0,0
39.69,5,0.0,-35.3595,0.042366113513708115,5.330569267272949,1.043273687362671,23.61825180053711,39.0,0
39.695,5,0.0,-35.2771,0.04530234634876251,4.836698055267334,0.9466155767440796,23.61825180053711,39.0,0
39.7,5,0.0,-35.1892,0.05009784176945686,3.749579906463623,0.7338499426841736,23.600303649902344,39.0,0
39.705,5,0.0,-35.0848,0.053806085139513016,3.690584421157837,0.7223036289215088,23.636198043823242,39.0,0
39.71,5,0.0,-34.9969,0.050645861774683,3.567535400390625,0.6982210874557495,23.61825180053711,39.0,0
39.715,5,0.0,-34.92,0.04501214250922203,5.299027919769287,1.0371005535125732,23.636198043823242,39.0,0
39.72,5,0.0,-34.8376,0.04429451748728752,5.475112438201904,1.0715630054473877,23.61825180053711,39.0,0
39.726,5,0.0,-34.7552,0.045892417430877686,4.662158489227295,0.9124554395675659,23.636198043823242,39.0,0
39.731,5,0.0,-34.6619,0.05213301628828049,4.576659679412842,0.8957220315933228,23.61825180053711,39.0,0
39.735,5,0.0,-34.5575,0.05622093379497528,2.801116466522217,0.548221230506897,23.61825180053711,39.0,0
39.741,5,0.0,-34.4641,0.05008653923869133,5.506188869476318,1.0776450634002686,23.61825180053711,39.0,0
39.745,5,0.0,-34.4037,0.038961317390203476,6.625375747680664,1.2966870069503784,23.636198043823242,39.0,0
39.751,5,0.0,-34.3378,0.03823354095220566,7.560849189758301,1.4797735214233398,23.61825180053711,39.0,0
39.755,5,0.0,-34.2554,0.0438050702214241,5.86181116104126,1.1472457647323608,23.61825180053711,39.0,0
39.762,5,0.0,-34.162,0.05139361321926117,4.8696722984313965,0.9530690908432007,23.61825180053711,39.0,0
39.765,5,0.0,-34.0521,0.06018785759806633,3.177828073501587,0.6219493746757507,23.61825180053711,39.0,0
39.77,5,0.0,-33.9423,0.05746753141283989,3.6866836547851562,0.7215402126312256,23.61825180053711,39.0,0
39.775,5,0.0,-33.8654,0.0479484461247921,5.126299858093262,1.0032950639724731,23.61825180053711,39.0,0
39.781,5,0.0,-33.783,0.046068910509347916,5.435284614562988,1.0637680292129517,23.61825180053711,39.0,0
39.785,5,0.0,-33.6951,0.0488523431122303,4.657320499420166,0.9115086793899536,23.636198043823242,39.0,0
39.79,5,0.0,-33.5962,0.055302731692790985,3.5448060035705566,0.693772554397583,23.61825180053711,39.0,0
39.795,5,0.0,-33.4808,0.06166955828666687,2.443643093109131,0.4782582223415375,23.636198043823242,39.0,0
39.8,5,0.0,-33.382,0.05776521563529968,3.1649107933044434,0.6194213032722473,23.61825180053711,39.0,0
39.805,5,0.0,-33.2941,0.048461735248565674,4.5592360496521,0.8923119902610779,23.636198043823242,39.0,0
39.81,5,0.0,-33.2117,0.04721827805042267,4.928819179534912,0.9646450281143188,23.61825180053711,39.0,0
39.815,5,0.0,-33.1183,0.05363531410694122,3.4381661415100098,0.6729015111923218,23.61825180053711,39.0,0
39.82,5,0.0,-33.0029,0.060314763337373734,2.036247730255127,0.3985247313976288,23.636198043823242,39.0,0
39.825,5,0.0,-32.8986,0.05840349942445755,2.6371748447418213,0.5161353349685669,23.636198043823242,39.0,0
39.83,5,0.0,-32.8107,0.05058906972408295,3.3215038776397705,0.6500689387321472,23.636198043823242,39.0,0
39.835,5,0.0,-32.7338,0.04621502757072449,4.041686534881592,0.7910196781158447,23.61825180053711,39.0,0
39.84,5,0.0,-32.6404,0.05109133571386337,2.6437275409698486,0.5174177885055542,23.600303649902344,39.0,0
39.845,5,0.0,-32.525,0.05956154689192772,1.646057367324829,0.3221585154533386,23.636198043823242,39.0,0
39.85,5,0.0,-32.4261,0.05695551633834839,2.1431021690368652,0.4194377660751343,23.61825180053711,39.0,0
39.856,5,0.0,-32.3438,0.04875224456191063,3.4251186847686768,0.6703479290008545,23.636198043823242,39.0,0
39.86,5,0.0,-32.2614,0.04613017290830612,3.9863836765289307,0.7801960706710815,23.636198043823242,39.0,0
39.865,5,0.0,-32.1735,0.04786188155412674,3.1647250652313232,0.6193849444389343,23.61825180053711,39.0,0
39.87,5,0.0,-32.0801,0.05245891958475113,2.629676342010498,0.5146677494049072,23.61825180053711,39.0,0
39.876,5,0.0,-31.9647,0.05835041031241417,1.9191036224365234,0.37559783458709717,23.61825180053711,39.0,0
39.88,5,0.0,-31.8713,0.05543015897274017,1.8403340578079224,0.36018142104148865,23.636198043823242,39.0,0
39.885,5,0.0,-31.7944,0.045897867530584335,2.797361373901367,0.5474862456321716,23.636198043823242,39.0,0
39.89,5,0.0,-31.7175,0.04482182860374451,3.7991178035736084,0.7435452342033386,23.61825180053711,39.0,0
39.895,5,0.0,-31.6241,0.05081254243850708,2.2085607051849365,0.4322490096092224,23.61825180053711,39.0,0
39.9,5,0.0,-31.5198,0.05442630499601364,2.606241464614868,0.5100811719894409,23.61825180053711,39.0,0
39.905,5,0.0,-31.4264,0.05259387940168381,2.609454393386841,0.5107100009918213,23.600303649902344,39.0,0
39.91,5,0.0,-31.3385,0.050013117492198944,2.4535694122314453,0.48020094633102417,23.636198043823242,39.0,0
39.915,5,0.0,-31.2561,0.047185301780700684,3.4351046085357666,0.6723023653030396,23.636198043823242,39.0,0
39.92,5,0.0,-31.1737,0.0449620857834816,3.403315782546997,0.6660807728767395,23.61825180053711,39.0,0
39.925,5,0.0,-31.0858,0.04980405792593956,2.4699044227600098,0.4833979606628418,23.61825180053711,39.0,0
39.93,5,0.0,-30.9869,0.053517960011959076,1.646134614944458,0.3221736550331116,23.61825180053711,39.0,0
39.935,5,0.0,-30.8936,0.052218541502952576,3.2022523880004883,0.6267296075820923,23.61825180053711,39.0,0
39.94,5,0.0,-30.8057,0.04931725561618805,2.474205255508423,0.4842396676540375,23.61825180053711,39.0,0
39.945,5,0.0,-30.7288,0.044186729937791824,3.4819931983947754,0.6814791560173035,23.636198043823242,39.0,0
39.951,5,0.0,-30.6519,0.043582115322351456,3.503035306930542,0.6855974197387695,23.61825180053711,39.0,0
39.955,5,0.0,-30.564,0.04892321303486824,3.254279613494873,0.6369121074676514,23.61825180053711,39.0,0
39.96,5,0.0,-30.4596,0.05582151934504509,2.8887217044830322,0.5653668642044067,23.636198043823242,39.0,0
39.965,5,0.0,-30.3607,0.05400748550891876,2.3086721897125244,0.45184236764907837,23.636198043823242,39.0,0
39.97,5,0.0,-30.2838,0.04571569338440895,3.4862637519836426,0.6823149919509888,23.61825180053711,39.0,0
39.975,5,0.0,-30.2069,0.04430750757455826,4.27797269821167,0.8372644186019897,23.61825180053711,39.0,0
39.98,5,0.0,-30.119,0.04859432205557823,2.6083099842071533,0.5104860067367554,23.61825180053711,39.0,0
39.985,5,0.0,-30.0146,0.05367252230644226,2.4322590827941895,0.4760302007198334,23.61825180053711,39.0,0
39.99,5,0.0,-29.9158,0.05518036335706711,3.164785385131836,0.6193967461585999,23.636198043823242,39.0,0
39.995,5,0.0,-29.8279,0.051081184297800064,2.8890798091888428,0.5654369592666626,23.636198043823242,39.0,0
40.0,5,0.0,-29.7455,0.047159045934677124,3.870009183883667,0.7574198246002197,23.61825180053711,39.0,0
40.005,5,0.0,-29.6631,0.04647079482674599,3.4226396083831787,0.6698627471923828,23.61825180053711,39.0,0
40.01,5,0.0,-29.5697,0.050346553325653076,2.9882214069366455,0.5848404765129089,23.61825180053711,39.0,0
40.015,5,0.0,-29.4708,0.05349680408835411,2.723403215408325,0.5330115556716919,23.61825180053711,39.0,0
40.02,5,0.0,-29.3774,0.051834262907505035,2.783031463623047,0.5446816682815552,23.61825180053711,39.0,0
40.025,5,0.0,-29.295,0.047352541238069534,3.859707832336426,0.7554036378860474,23.636198043823242,39.0,0
40.03,5,0.0,-29.2236,0.04255722090601921,3.841851234436035,0.7519088983535767,23.61825180053711,39.0,0
40.035,5,0.0,-29.1467,0.04164382442831993,4.855200290679932,0.9502367377281189,23.636198043823242,39.0,0
40.04,5,0.0,-29.0588,0.04920784384012222,3.986234188079834,0.7801668047904968,23.61825180053711,39.0,0
40.045,5,0.0,-28.9545,0.055508632212877274,2.1515183448791504,0.4210849404335022,23.600303649902344,39.0,0
40.05,5,0.0,-28.8611,0.0526670478284359,2.621393918991089,0.5130467414855957,23.636198043823242,39.0,0
40.056,5,0.0,-28.7842,0.04529433697462082,4.024310111999512,0.7876188158988953,23.61825180053711,39.0,0
40.061,5,0.0,-28.7018,0.0448736697435379,4.6861724853515625,0.9171554446220398,23.61825180053711,39.0,0
40.065,5,0.0,-28.6194,0.04671936482191086,4.722044944763184,0.9241762161254883,23.61825180053711,39.0,0
40.07,5,0.0,-28.526,0.04989800974726677,3.2929155826568604,0.6444737911224365,23.61825180053711,39.0,0
40.075,5,0.0,-28.4271,0.05516066029667854,2.782658576965332,0.5446087121963501,23.636198043823242,39.0,0
40.08,5,0.0,-28.3173,0.057036351412534714,3.081204414367676,0.6030386686325073,23.61825180053711,39.0,0
40.085,5,0.0,-28.2404,0.04666919633746147,4.876043319702148,0.9543160200119019,23.61825180053711,39.0,0
40.09,5,0.0,-28.1744,0.04001176357269287,6.037840366363525,1.1816973686218262,23.61825180053711,39.0,0
40.095,5,0.0,-28.092,0.044387757778167725,4.416344165802002,0.864345908164978,23.61825180053711,39.0,0
40.1,5,0.0,-28.0042,0.05070218816399574,4.534176826477051,0.8874074816703796,23.61825180053711,39.0,0
40.105,5,0.0,-27.8998,0.05401097983121872,4.854794502258301,0.9501572847366333,23.61825180053711,39.0,0
40.11,5,0.0,-27.8119,0.0498737096786499,3.157444953918457,0.6179601550102234,23.61825180053711,39.0,0
40.116,5,0.0,-27.7405,0.04090689867734909,6.329679489135742,1.2388148307800293,23.636198043823242,39.0,0
40.12,5,0.0,-27.6691,0.0410446971654892,6.140796184539795,1.2018474340438843,23.61825180053711,39.0,0
40.125,5,0.0,-27.5812,0.045920465141534805,4.82358455657959,0.9440490007400513,23.61825180053711,39.0,0
40.13,5,0.0,-27.4878,0.05231604352593422,4.49267053604126,0.879284143447876,23.61825180053711,39.0,0
40.135,5,0.0,-27.3779,0.057973120361566544,4.33085298538208,0.8476139903068542,23.636198043823242,39.0,0
40.14,5,0.0,-27.2791,0.05469224229454994,5.273552417755127,1.0321146249771118,23.61825180053711,39.0,0
40.145,5,0.0,-27.2076,0.044381532818078995,6.31041145324707,1.2350437641143799,23.636198043823242,39.0,0
40.15,5,0.0,-27.1417,0.040477070957422256,6.780640602111816,1.3270747661590576,23.61825180053711,39.0,0
40.156,5,0.0,-27.0593,0.041629858314991,6.4187912940979,1.2562553882598877,23.600303649902344,39.0,0
40.16,5,0.0,-26.9769,0.047551944851875305,5.289402008056641,1.0352165699005127,23.600303649902344,39.0,0
40.165,5,0.0,-26.8671,0.05876753106713295,3.227504253387451,0.6316717863082886,23.636198043823242,39.0,0
40.17,5,0.0,-26.7572,0.05825527384877205,6.190971851348877,1.211667537689209,23.636198043823242,39.0,0
40.175,5,0.0,-26.6748,0.04741315171122551,5.182798862457275,1.014352798461914,23.636198043823242,39.0,0
40.18,5,0.0,-26.6034,0.04364140331745148,6.003444671630859,1.1749656200408936,23.654146194458008,39.0,0
40.185,5,0.0,-26.51,0.0494205541908741,4.892649173736572,0.9575660228729248,23.61825180053711,39.0,0
40.19,5,0.0,-26.4001,0.0577426478266716,2.78519606590271,0.5451053380966187,23.61825180053711,39.0,0
40.195,5,0.0,-26.2848,0.06398238241672516,2.4024524688720703,0.47019654512405396,23.636198043823242,39.0,0
40.2,5,0.0,-26.1859,0.05588298290967941,3.470339298248291,0.6791982650756836,23.61825180053711,39.0,0
40.205,5,0.0,-26.109,0.04576576128602028,5.200201988220215,1.017758846282959,23.636198043823242,39.0,0
40.21,5,0.0,-26.0266,0.04685623571276665,4.269162654876709,0.8355401754379272,23.61825180053711,39.0,0
40.215,5,0.0,-25.9222,0.05456145480275154,2.96409010887146,0.5801175832748413,23.61825180053711,39.0,0
40.22,5,0.0,-25.8124,0.06026000529527664,2.437145709991455,0.4769865870475769,23.636198043823242,39.0,0
40.225,5,0.0,-25.7135,0.05822337418794632,2.3314318656921387,0.45629677176475525,23.636198043823242,39.0,0
40.23,5,0.0,-25.6201,0.052098892629146576,3.09051251411438,0.6048604249954224,23.636198043823242,39.0,0
40.235,5,0.0,-25.5377,0.046187203377485275,4.3348612785339355,0.8483984470367432,23.654146194458008,39.0,0
40.241,5,0.0,-25.4553,0.048000268638134,3.581843137741089,0.7010213136672974,23.61825180053711,39.0,0
40.245,5,0.0,-25.3455,0.05871647223830223,1.686566710472107,0.3300867974758148,23.61825180053711,39.0,0
40.25,5,0.0,-25.2301,0.06178952381014824,1.6018608808517456,0.3135085999965668,23.636198043823242,39.0,0
40.255,5,0.0,-25.1422,0.05209476500749588,2.879518508911133,0.5635656714439392,23.61825180053711,39.0,0
40.26,5,0.0,-25.0653,0.043789640069007874,3.7050907611846924,0.7251427173614502,23.61825180053711,39.0,0
40.266,5,0.0,-24.9884,0.04534253105521202,3.858867645263672,0.7552392482757568,23.636198043823242,39.0,0
40.27,5,0.0,-24.8895,0.052040595561265945,2.007336378097534,0.392866313457489,23.636198043823242,39.0,0
40.275,5,0.0,-24.7906,0.055857103317976,1.8712838888168335,0.3662388026714325,23.61825180053711,39.0,0
40.28,5,0.0,-24.6863,0.05504852533340454,2.3596694469451904,0.4618232846260071,23.61825180053711,39.0,0
40.285,5,0.0,-24.6039,0.04877616465091705,2.6150479316711426,0.5118047595024109,23.61825180053711,39.0,0
40.29,5,0.0,-24.527,0.04434768483042717,4.090714931488037,0.8006152510643005,23.61825180053711,39.0,0
40.295,5,0.0,-24.4391,0.048111528158187866,3.1109278202056885,0.6088559627532959,23.636198043823242,39.0,0
40.3,5,0.0,-24.3402,0.05425981432199478,2.710062265396118,0.5304005146026611,23.61825180053711,39.0,0
40.306,5,0.0,-24.2358,0.05450858548283577,2.071732759475708,0.4054696559906006,23.61825180053711,39.0,0
40.31,5,0.0,-24.1479,0.05046731233596802,2.344465494155884,0.45884764194488525,23.636198043823242,39.0,0
40.315,5,0.0,-24.0656,0.0457160547375679,3.405601978302002,0.6665282249450684,23.61825180053711,39.0,0
40.32,5,0.0,-23.9886,0.04422498121857643,3.352281093597412,0.6560925245285034,23.61825180053711,39.0,0
40.325,5,0.0,-23.9008,0.049914877861738205,3.238436222076416,0.633811354637146,23.636198043823242,39.0,0
40.33,5,0.0,-23.7964,0.05464655160903931,2.312082529067993,0.4525098204612732,23.636198043823242,39.0,0
40.335,5,0.0,-23.703,0.05203145742416382,3.0367236137390137,0.5419226884841919,23.636198043823242,39.0,0
40.34,5,0.0,-23.6151,0.04880262166261673,2.506608486175537,0.4905814826488495,23.636198043823242,39.0,0
40.345,5,0.0,-23.5327,0.04631767049431801,3.847775936126709,0.7530683875083923,23.636198043823242,39.0,0
40.35,5,0.0,-23.4613,0.04425913840532303,5.274432182312012,1.0322867631912231,23.61825180053711,39.0,0
40.355,5,0.0,-23.3734,0.047684721648693085,3.782749891281128,0.74034184217453,23.61825180053711,39.0,0
40.36,5,0.0,-23.2745,0.05307651311159134,2.923464298248291,0.5721665024757385,23.61825180053711,39.0,0
40.365,5,0.0,-23.1757,0.0539686493575573,3.137803554534912,0.6141159534454346,23.636198043823242,39.0,0
40.37,5,0.0,-23.0933,0.04769241809844971,3.8025577068328857,0.7442185282707214,23.636198043823242,39.0,0
40.376,5,0.0,-23.0164,0.043691642582416534,4.094161033630371,0.8012897372245789,23.636198043823242,39.0,0
40.38,5,0.0,-22.9285,0.04680955782532692,3.623199462890625,0.7091153860092163,23.61825180053711,39.0,0
40.385,5,0.0,-22.8296,0.053613703697919846,3.130779504776001,0.6127412915229797,23.636198043823242,39.0,0
40.39,5,0.0,-22.7252,0.056895919144153595,2.1520049571990967,0.42118018865585327,23.636198043823242,39.0,0
40.395,5,0.0,-22.6318,0.05341537296772003,2.2265560626983643,0.43577098846435547,23.61825180053711,39.0,0
40.4,5,0.0,-22.5549,0.045273203402757645,3.3514981269836426,0.6559392809867859,23.636198043823242,39.0,0
40.405,5,0.0,-22.478,0.04461001232266426,4.933748245239258,0.9656097292900085,23.61825180053711,39.0,0
40.41,5,0.0,-22.3846,0.05012570321559906,3.578115701675415,0.7002918124198914,23.636198043823242,39.0,0
40.415,5,0.0,-22.2803,0.05518399178981781,2.7436490058898926,0.5369739532470703,23.61825180053711,39.0,0
40.42,5,0.0,-22.1814,0.055455297231674194,2.6092488765716553,0.5106697678565979,23.636198043823242,39.0,0
40.425,5,0.0,-22.1045,0.048133399337530136,3.82535982131958,0.7486812472343445,23.61825180053711,39.0,0
40.43,5,0.0,-22.0276,0.04229583591222763,4.260357856750488,0.8338170051574707,23.61825180053711,39.0,0
40.436,5,0.0,-21.9562,0.04138827323913574,4.532096862792969,0.8870004415512085,23.61825180053711,39.0,0
40.441,5,0.0,-21.8683,0.04693494364619255,3.5037379264831543,0.6857349276542664,23.61825180053711,39.0,0
40.445,5,0.0,-21.7694,0.05238513648509979,2.7400848865509033,0.5362764000892639,23.61825180053711,39.0,0
40.45,5,0.0,-21.676,0.05459805950522423,2.9395265579223633,0.5753101706504822,23.61825180053711,39.0,0
40.455,5,0.0,-21.5881,0.04875044897198677,3.866567373275757,0.7264691591262817,23.636198043823242,39.0,0
40.46,5,0.0,-21.5167,0.04138237237930298,5.474431991577148,1.0714298486709595,23.61825180053711,39.0,0
40.465,5,0.0,-21.4453,0.041639093309640884,4.688437461853027,0.9175987243652344,23.61825180053711,39.0,0
40.47,5,0.0,-21.3519,0.048715777695178986,4.210023403167725,0.8239657282829285,23.61825180053711,39.0,0
40.476,5,0.0,-21.2476,0.05495760962367058,3.1175737380981445,0.6101567149162292,23.636198043823242,39.0,0
40.48,5,0.0,-21.1487,0.05558039993047714,3.257451295852661,0.6375328302383423,23.636198043823242,39.0,0
40.485,5,0.0,-21.0663,0.0504981093108654,3.291419506072998,0.6441810131072998,23.636198043823242,39.0,0
40.491,5,0.0,-20.9784,0.04667585715651512,4.260359287261963,0.8670515418052673,23.61825180053711,39.0,0
40.495,5,0.0,-20.896,0.047206077724695206,3.59838604927063,0.7042590379714966,23.61825180053711,39.0,0
40.5,5,0.0,-20.8081,0.04841741546988487,3.324695587158203,0.6506936550140381,23.61825180053711,39.0,0
40.505,5,0.0,-20.7092,0.052948541939258575,2.8842694759368896,0.5644955039024353,23.636198043823242,39.0,0
40.51,5,0.0,-20.6158,0.052736058831214905,5.024193286895752,0.9833111763000488,23.61825180053711,39.0,0
40.515,5,0.0,-20.5334,0.04575273394584656,5.086292743682861,0.9954650402069092,23.636198043823242,39.0,0
40.52,5,0.0,-20.473,0.03984060883522034,6.063957214355469,1.1868088245391846,23.636198043823242,39.0,0
40.525,5,0.0,-20.4016,0.040539130568504333,5.963037014007568,1.1670572757720947,23.61825180053711,39.0,0
40.531,5,0.0,-20.3027,0.048626143485307693,4.0864949226379395,0.7997893691062927,23.636198043823242,39.0,0
40.535,5,0.0,-20.1929,0.05837515369057655,2.953164577484131,0.577979326248169,23.636198043823242,39.0,0
40.541,5,0.0,-20.083,0.058757804334163666,2.3095831871032715,0.45202064514160156,23.636198043823242,39.0,0
40.545,5,0.0,-20.0061,0.048135995864868164,4.679060935974121,0.9157636165618896,23.61825180053711,39.0,0
40.55,5,0.0,-19.9347,0.04085338115692139,5.401750564575195,1.0572049617767334,23.61825180053711,39.0,0
40.555,5,0.0,-19.8633,0.04184567183256149,5.6937408447265625,1.1143518686294556,23.61825180053711,39.0,0
40.56,5,0.0,-19.7754,0.047476720064878464,5.50897216796875,1.0781898498535156,23.61825180053711,39.0,0
40.565,5,0.0,-19.6655,0.05650309473276138,4.735027313232422,0.9267170429229736,23.636198043823242,39.0,0
40.57,5,0.0,-19.5667,0.0545957088470459,3.8514904975891113,0.7537953853607178,23.636198043823242,39.0,0
40.575,5,0.0,-19.4897,0.04725991562008858,5.080414772033691,0.9943146705627441,23.636198043823242,39.0,0
40.58,5,0.0,-19.4128,0.04406903684139252,6.049716472625732,1.1840217113494873,23.636198043823242,39.0,0
40.586,5,0.0,-19.325,0.04831736162304878,4.797726154327393,0.9389881491661072,23.61825180053711,39.0,0
40.59,5,0.0,-19.2206,0.05445175990462303,4.807039260864258,0.9408109188079834,23.61825180053711,39.0,0
40.595,5,0.0,-19.1052,0.06325539201498032,2.384722948074341,0.4667266309261322,23.636198043823242,39.0,0
40.6,5,0.0,-18.9954,0.06018900126218796,2.8649046421051025,0.5607055425643921,23.636198043823242,39.0,0
40.605,5,0.0,-18.913,0.04922819510102272,3.547231435775757,0.6942472457885742,23.61825180053711,39.0,0
40.61,5,0.0,-18.8306,0.045922473073005676,4.4911675453186035,0.8789899349212646,23.636198043823242,39.0,0
40.615,5,0.0,-18.7317,0.054104678332805634,2.8914031982421875,0.565891683101654,23.61825180053711,39.0,0
40.62,5,0.0,-18.6163,0.06008254364132881,3.1192703247070312,0.610488772392273,23.636198043823242,39.0,0
40.625,5,0.0,-18.5175,0.05902199074625969,2.1770472526550293,0.4260813593864441,23.61825180053711,39.0,0
40.63,5,0.0,-18.4241,0.05139787495136261,2.675356149673462,0.5236079692840576,23.636198043823242,39.0,0
40.635,5,0.0,-18.3472,0.04665917158126831,3.8398537635803223,0.7515179514884949,23.636198043823242,39.0,0
40.641,5,0.0,-18.2593,0.04823385179042816,3.1438682079315186,0.6153029203414917,23.636198043823242,39.0,0
40.645,5,0.0,-18.1549,0.05442199483513832,2.2962353229522705,0.44940829277038574,23.61825180053711,39.0,0
40.65,5,0.0,-18.0505,0.056721143424510956,2.17791748046875,0.426251620054245,23.636198043823242,39.0,0
40.655,5,0.0,-17.9572,0.05362819507718086,2.3587212562561035,0.4616377055644989,23.636198043823242,39.0,0
40.66,5,0.0,-17.8748,0.04709835723042488,3.756239891052246,0.7351534366607666,23.636198043823242,39.0,0
40.665,5,0.0,-17.7924,0.04546625167131424,3.769646167755127,0.7377772331237793,23.636198043823242,39.0,0
40.67,5,0.0,-17.7045,0.049993064254522324,2.466520071029663,0.48273560404777527,23.61825180053711,39.0,0
40.675,5,0.0,-17.6056,0.05503079667687416,1.6960458755493164,0.33194202184677124,23.61825180053711,39.0,0
40.681,5,0.0,-17.4957,0.05589576065540314,2.165137529373169,0.4237504005432129,23.61825180053711,39.0,0
40.685,5,0.0,-17.4133,0.04886389523744583,3.335983991622925,0.6529029011726379,23.636198043823242,39.0,0
40.69,5,0.0,-17.3364,0.04525265097618103,3.427604913711548,0.5800937414169312,23.636198043823242,39.0,0
40.695,5,0.0,-17.2485,0.04802175983786583,2.9036998748779297,0.56829833984375,23.636198043823242,39.0,0
40.7,5,0.0,-17.1497,0.052457019686698914,2.8334288597106934,0.5545452237129211,23.636198043823242,39.0,0
40.705,5,0.0,-17.0508,0.05380165949463844,2.4354405403137207,0.4766528606414795,23.61825180053711,39.0,0
40.71,5,0.0,-16.9629,0.05139739066362381,2.0278236865997314,0.3968760371208191,23.636198043823242,39.0,0
40.715,5,0.0,-16.875,0.04897206276655197,2.8201777935028076,0.5519517660140991,23.61825180053711,39.0,0
40.72,5,0.0,-16.7981,0.044308602809906006,3.741001605987549,0.7321710586547852,23.61825180053711,39.0,0
40.726,5,0.0,-16.7157,0.04642247408628464,2.9043352603912354,0.5684226751327515,23.61825180053711,39.0,0
40.731,5,0.0,-16.6168,0.05271412804722786,2.9482624530792236,0.5770199298858643,23.61825180053711,39.0,0
40.736,5,0.0,-16.5179,0.05423603951931,3.05157732963562,0.5972402095794678,23.61825180053711,39.0,0
40.741,5,0.0,-16.4246,0.05041477084159851,3.2566699981689453,0.6373799443244934,23.61825180053711,39.0,0
40.745,5,0.0,-16.3477,0.046943649649620056,3.386669874191284,0.662822961807251,23.636198043823242,39.0,0
40.75,5,0.0,-16.2708,0.04365067929029465,3.857774257659912,0.7550252676010132,23.61825180053711,39.0,0
40.755,5,0.0,-16.1884,0.045383185148239136,3.152794361114502,0.6170499324798584,23.61825180053711,39.0,0
40.76,5,0.0,-16.0895,0.05130241438746452,2.963823080062866,0.5800653696060181,23.61825180053711,39.0,0
40.765,5,0.0,-16.0016,0.0509280189871788,3.427279472351074,0.6707708239555359,23.636198043823242,39.0,0
40.77,5,0.0,-15.9137,0.04830484837293625,3.6916942596435547,0.7225208282470703,23.61825180053711,39.0,0
40.775,5,0.0,-15.8258,0.04791465774178505,3.8421149253845215,0.7519604563713074,23.61825180053711,39.0,0
40.78,5,0.0,-15.7379,0.04880008101463318,3.554899215698242,0.695747971534729,23.636198043823242,39.0,0
40.785,5,0.0,-15.65,0.05009942501783371,3.3256683349609375,0.6508839726448059,23.636198043823242,39.0,0
40.79,5,0.0,-15.5511,0.053991690278053284,3.0915796756744385,0.6050692796707153,23.61825180053711,39.0,0
40.795,5,0.0,-15.4468,0.05612209066748619,1.8474538326263428,0.3615748882293701,23.636198043823242,39.0,0
40.8,5,0.0,-15.3644,0.049634285271167755,3.326674222946167,0.651080846786499,23.61825180053711,39.0,0
40.805,5,0.0,-15.2875,0.0450490303337574,3.748795509338379,0.7336964011192322,23.636198043823242,39.0,0
40.811,5,0.0,-15.1941,0.049275923520326614,2.9882965087890625,0.5848551988601685,23.61825180053711,39.0,0
40.815,5,0.0,-15.0952,0.05402166768908501,2.6989901065826416,0.528233528137207,23.636198043823242,39.0,0
40.82,5,0.0,-14.9963,0.05432089790701866,2.4698591232299805,0.48338907957077026,23.636198043823242,39.0,0
40.825,5,0.0,-14.9084,0.05035307630896568,2.4694621562957764,0.48331138491630554,23.61825180053711,39.0,0
40.831,5,0.0,-14.826,0.045934971421957016,3.6079142093658447,0.7061238288879395,23.61825180053711,39.0,0
40.836,5,0.0,-14.7491,0.04302384331822395,4.312408924102783,0.8440040946006775,23.61825180053711,39.0,0
40.841,5,0.0,-14.6667,0.047360796481370926,4.042450428009033,0.7911691665649414,23.61825180053711,39.0,0
40.846,5,0.0,-14.5734,0.049969036132097244,2.698446273803711,0.5281270742416382,23.61825180053711,39.0,0
40.85,5,0.0,-14.4965,0.04561726003885269,6.911864757537842,1.3527573347091675,23.636198043823242,39.0,0
40.856,5,0.0,-14.4196,0.04192356392741203,5.848844051361084,1.1447079181671143,23.636198043823242,39.0,0
40.86,5,0.0,-14.3427,0.04433310404419899,4.9706902503967285,0.9728398323059082,23.636198043823242,39.0,0
40.865,5,0.0,-14.2548,0.04743364080786705,4.4937872886657715,0.8795026540756226,23.636198043823242,39.0,0
40.87,5,0.0,-14.1724,0.04565327242016792,4.759584903717041,0.9315232634544373,23.61825180053711,39.0,0
40.875,5,0.0,-14.0845,0.04941515251994133,5.468444347381592,1.0702579021453857,23.61825180053711,39.0,0
40.88,5,0.0,-13.9801,0.05534662306308746,3.3056859970092773,0.6469731330871582,23.636198043823242,39.0,0
40.885,5,0.0,-13.8867,0.05089105665683746,4.021969318389893,0.7871607542037964,23.636198043823242,39.0,0
40.89,5,0.0,-13.8098,0.04580555856227875,5.25702428817749,1.0288797616958618,23.61825180053711,39.0,0
40.895,5,0.0,-13.7274,0.04666972905397415,4.054388999938965,0.7935056686401367,23.600303649902344,39.0,0
40.9,5,0.0,-13.634,0.050708796828985214,4.286708354949951,0.8389741778373718,23.61825180053711,39.0,0
40.905,5,0.0,-13.5352,0.054088227450847626,2.650789260864258,0.518799901008606,23.600303649902344,39.0,0
40.91,5,0.0,-13.4363,0.05445961654186249,3.59916353225708,0.7044111490249634,23.636198043823242,39.0,0
40.915,5,0.0,-13.3484,0.049624014645814896,4.583525657653809,0.8970658779144287,23.61825180053711,39.0,0
40.92,5,0.0,-13.2715,0.04464699700474739,5.49224853515625,1.0749168395996094,23.61825180053711,39.0,0
40.925,5,0.0,-13.2001,0.04221988096833229,6.17919397354126,1.209362506866455,23.61825180053711,39.0,0
40.93,5,0.0,-13.1122,0.0458906814455986,4.992372512817383,0.9770834445953369,23.600303649902344,39.0,0
40.935,5,0.0,-13.0133,0.05264309421181679,5.845901966094971,1.144132137298584,23.636198043823242,39.0,0
40.94,5,0.0,-12.9144,0.05365386977791786,3.3147220611572266,0.648741602897644,23.636198043823242,39.0,0
40.945,5,0.0,-12.8265,0.04963944852352142,4.648388385772705,0.9097604155540466,23.61825180053711,39.0,0
40.95,5,0.0,-12.7496,0.04597367346286774,5.1595025062561035,1.0097932815551758,23.636198043823242,39.0,0
40.955,5,0.0,-12.6727,0.043062724173069,6.410739421844482,1.2546794414520264,23.61825180053711,39.0,0
40.96,5,0.0,-12.5903,0.046584609895944595,5.218721389770508,1.021383285522461,23.61825180053711,39.0,0
40.966,5,0.0,-12.486,0.05519760400056839,3.5829215049743652,0.701232373714447,23.636198043823242,39.0,0
40.971,5,0.0,-12.3816,0.05624639242887497,4.787395000457764,0.9369661808013916,23.636198043823242,39.0,0
40.976,5,0.0,-12.2992,0.04835396260023117,4.392985820770264,0.8597743511199951,23.636198043823242,39.0,0
40.981,5,0.0,-12.2223,0.04559973627328873,5.13362979888916,1.0047296285629272,23.61825180053711,39.0,0
40.986,5,0.0,-12.1289,0.048560693860054016,5.502662658691406,1.076954960823059,23.600303649902344,39.0,0
40.99,5,0.0,-12.0355,0.05261090025305748,3.4241280555725098,0.6701540946960449,23.61825180053711,39.0,0
40.995,5,0.0,-11.9257,0.06012215092778206,3.557199239730835,0.6961981058120728,23.636198043823242,39.0,0
41.0,5,0.0,-11.8158,0.061326492577791214,2.816617488861084,0.5512549877166748,23.636198043823242,39.0,0
41.006,5,0.0,-11.7224,0.051267072558403015,3.616024971008301,0.7077112197875977,23.636198043823242,39.0,0
41.01,5,0.0,-11.6455,0.0447402261197567,4.153503894805908,0.8129040598869324,23.61825180053711,39.0,0
41.015,5,0.0,-11.5576,0.050453104078769684,3.777299165725708,0.7392749786376953,23.61825180053711,39.0,0
41.02,5,0.0,-11.4423,0.05904834717512131,2.3442394733428955,0.4588034152984619,23.636198043823242,39.0,0
41.025,5,0.0,-11.3379,0.0604073591530323,2.0711405277252197,0.4053537845611572,23.61825180053711,39.0,0
41.03,5,0.0,-11.2335,0.054623059928417206,3.219792366027832,0.6301624178886414,23.61825180053711,39.0,0
41.035,5,0.0,-11.1511,0.04858029633760452,3.033491373062134,0.5937005281448364,23.636198043823242,39.0,0
41.04,5,0.0,-11.0632,0.04939403384923935,2.535858392715454,0.4963061511516571,23.636198043823242,39.0,0
41.045,5,0.0,-10.9644,0.05663042515516281,1.905903935432434,0.3730144500732422,23.61825180053711,39.0,0
41.051,5,0.0,-10.8545,0.05597769096493721,1.896636724472046,0.3712007403373718,23.61825180053711,39.0,0
41.056,5,0.0,-10.7721,0.047914113849401474,3.151470899581909,0.6167908906936646,23.636198043823242,39.0,0
41.061,5,0.0,-10.6897,0.0466294027864933,3.3625171184539795,0.6580958366394043,23.636198043823242,39.0,0
41.065,5,0.0,-10.6018,0.05005063861608505,2.264863967895508,0.44326841831207275,23.636198043823242,39.0,0
41.07,5,0.0,-10.5084,0.05114545673131943,2.8389294147491455,0.36527547240257263,23.61825180053711,39.0,0
41.075,5,0.0,-10.4095,0.05331038311123848,2.551590919494629,0.4993852376937866,23.61825180053711,39.0,0
41.08,5,0.0,-10.3107,0.05472653731703758,1.8514821529388428,0.3623632788658142,23.61825180053711,39.0,0
41.085,5,0.0,-10.2228,0.04954935982823372,3.754606008529663,0.7348336577415466,23.61825180053711,39.0,0
41.09,5,0.0,-10.1459,0.04459641873836517,4.06353759765625,0.795296311378479,23.61825180053711,39.0,0
41.095,5,0.0,-10.0635,0.04578534513711929,3.3251495361328125,0.6507824063301086,23.636198043823242,39.0,0
41.1,5,0.0,-9.9646,0.052737507969141006,2.1763834953308105,0.42595142126083374,23.636198043823242,39.0,0
41.105,5,0.0,-9.8602,0.05668875575065613,2.1433537006378174,0.41948696970939636,23.61825180053711,39.0,0
41.11,5,0.0,-9.7668,0.05331038683652878,2.6447811126708984,0.517624020576477,23.61825180053711,39.0,0
41.116,5,0.0,-9.6844,0.047292716801166534,3.2323684692382812,0.6326237916946411,23.61825180053711,39.0,0
41.12,5,0.0,-9.6075,0.04420650377869606,2.8414454460144043,0.5561141967773438,23.61825180053711,39.0,0
41.125,5,0.0,-9.5251,0.047229357063770294,3.1080284118652344,0.6082885265350342,23.61825180053711,39.0,0
41.13,5,0.0,-9.4263,0.0517444983124733,3.0994060039520264,0.6066009998321533,23.636198043823242,39.0,0
41.135,5,0.0,-9.3329,0.05244871973991394,2.891096353530884,0.5658316016197205,23.61825180053711,39.0,0
41.141,5,0.0,-9.2395,0.05104036256670952,2.334219217300415,0.4568422734737396,23.636198043823242,39.0,0
41.145,5,0.0,-9.1571,0.04831685125827789,6.095952033996582,1.1930707693099976,23.61825180053711,39.0,0
41.15,5,0.0,-9.0802,0.045843590050935745,3.598435878753662,0.7042688131332397,23.61825180053711,39.0,0
41.155,5,0.0,-8.9923,0.045228127390146255,3.7092502117156982,0.7259568572044373,23.61825180053711,39.0,0
41.16,5,0.0,-8.9044,0.049198225140571594,3.849306344985962,0.7533679008483887,23.61825180053711,39.0,0
41.166,5,0.0,-8.811,0.050722360610961914,3.159391403198242,0.6183410882949829,23.61825180053711,39.0,0
41.171,5,0.0,-8.7231,0.04816370829939842,3.8712687492370605,0.757666289806366,23.61825180053711,39.0,0
41.175,5,0.0,-8.6462,0.04743029549717903,3.8225796222686768,0.7481371164321899,23.61825180053711,39.0,0
41.181,5,0.0,-8.5583,0.04759036749601364,4.141448020935059,0.810544490814209,23.636198043823242,39.0,0
41.185,5,0.0,-8.465,0.04952867701649666,3.4926705360412598,0.6835688352584839,23.61825180053711,39.0,0
41.19,5,0.0,-8.3716,0.05294911190867424,2.7212417125701904,0.5325884819030762,23.61825180053711,39.0,0
41.195,5,0.0,-8.2672,0.0564248263835907,2.3730216026306152,0.46443650126457214,23.61825180053711,39.0,0
41.2,5,0.0,-8.1793,0.0503290556371212,3.3362698554992676,0.652958869934082,23.61825180053711,39.0,0
41.205,5,0.0,-8.1024,0.04506751894950867,4.061227798461914,0.7948441505432129,23.636198043823242,39.0,0
41.21,5,0.0,-8.009,0.05116787925362587,2.8519961833953857,0.5581791400909424,23.61825180053711,39.0,0
41.215,5,0.0,-7.9047,0.05643682926893234,2.188999652862549,0.42842063307762146,23.61825180053711,39.0,0
41.22,5,0.0,-7.8113,0.05261726304888725,2.9813687801361084,0.5834993124008179,23.636198043823242,39.0,0
41.225,5,0.0,-7.7289,0.04864354804158211,3.6850526332855225,0.7212209701538086,23.636198043823242,39.0,0
41.23,5,0.0,-7.641,0.046021346002817154,3.8017563819885254,0.7440616488456726,23.61825180053711,39.0,0
41.236,5,0.0,-7.5641,0.04575921595096588,4.354097366333008,0.8521631956100464,23.636198043823242,39.0,0
41.241,5,0.0,-7.4707,0.05037151649594307,2.768972873687744,0.5419301986694336,23.636198043823242,39.0,0
41.245,5,0.0,-7.3718,0.05240838974714279,4.650819778442383,0.9102362990379333,23.61825180053711,39.0,0
41.25,5,0.0,-7.2894,0.048978161066770554,4.304119110107422,0.8423817157745361,23.61825180053711,39.0,0
41.255,5,0.0,-7.2235,0.03933995962142944,5.185863971710205,1.0149526596069336,23.636198043823242,39.0,0
41.261,5,0.0,-7.1631,0.03583448752760887,6.575850486755371,1.286994218826294,23.61825180053711,39.0,0
41.265,5,0.0,-7.0752,0.045170772820711136,4.472998142242432,0.8754339218139648,23.61825180053711,39.0,0
41.27,5,0.0,-6.9818,0.05031715705990791,4.13681173324585,0.8096370697021484,23.61825180053711,39.0,0
41.275,5,0.0,-6.8884,0.05266077071428299,3.3409342765808105,0.6538717746734619,23.61825180053711,39.0,0
41.28,5,0.0,-6.7896,0.05329003557562828,3.1614410877227783,0.6187422275543213,23.61825180053711,39.0,0
41.285,5,0.0,-6.7126,0.0459381602704525,5.939461708068848,1.1624431610107422,23.636198043823242,39.0,0
41.29,5,0.0,-6.6467,0.03936154395341873,6.096085548400879,1.1930968761444092,23.61825180053711,39.0,0
41.295,5,0.0,-6.5643,0.0443139411509037,5.605891227722168,1.097158432006836,23.61825180053711,39.0,0
41.3,5,0.0,-6.4709,0.04997287690639496,4.937192916870117,0.966283917427063,23.61825180053711,39.0,0
41.305,5,0.0,-6.3666,0.0551382377743721,4.658164024353027,0.9116737246513367,23.61825180053711,39.0,0
41.31,5,0.0,-6.2567,0.05979155749082565,2.3923566341400146,0.46822068095207214,23.636198043823242,39.0,0
41.315,5,0.0,-6.1633,0.05218058452010155,5.17702054977417,1.0132218599319458,23.636198043823242,39.0,0
41.32,5,0.0,-6.0974,0.04241563379764557,6.427832126617432,1.2580246925354004,23.61825180053711,39.0,0
41.325,5,0.0,-6.0205,0.04198939725756645,6.394840240478516,1.2515677213668823,23.61825180053711,39.0,0
41.331,5,0.0,-5.9326,0.04679322615265846,4.946419715881348,0.9680896997451782,23.61825180053711,39.0,0
41.335,5,0.0,-5.8337,0.05326615646481514,5.125647068023682,1.0031672716140747,23.636198043823242,39.0,0
41.34,5,0.0,-5.7294,0.05640970543026924,3.588654041290283,0.7023543119430542,23.61825180053711,39.0,0
41.345,5,0.0,-5.6415,0.05129173770546913,6.159136772155762,1.2054369449615479,23.61825180053711,39.0,0
41.351,5,0.0,-5.5591,0.0469803661108017,5.6740336418151855,1.11049485206604,23.636198043823242,39.0,0
41.355,5,0.0,-5.4822,0.045375753194093704,5.507392883300781,1.0778807401657104,23.61825180053711,39.0,0
41.36,5,0.0,-5.3943,0.046436671167612076,5.723087310791016,1.1200953722000122,23.61825180053711,39.0,0
41.365,5,0.0,-5.3009,0.05219269171357155,5.223028659820557,1.022226333618164,23.61825180053711,39.0,0
41.37,5,0.0,-5.202,0.05223175510764122,3.8402886390686035,0.7516030073165894,23.636198043823242,39.0,0
41.375,5,0.0,-5.1306,0.04419853910803795,7.64388370513916,1.4960246086120605,23.636198043823242,39.0,0
41.381,5,0.0,-5.0592,0.040435247123241425,7.649637699127197,1.4971507787704468,23.636198043823242,39.0,0
41.385,5,0.0,-4.9713,0.04657987132668495,5.832940101623535,1.1415953636169434,23.61825180053711,39.0,0
41.39,5,0.0,-4.8779,0.05204928666353226,4.616673469543457,0.9035534262657166,23.61825180053711,39.0,0
41.395,5,0.0,-4.7681,0.059451863169670105,4.884481906890869,0.9559675455093384,23.636198043823242,39.0,0
41.4,5,0.0,-4.6527,0.06434556096792221,4.928273677825928,0.6435697674751282,23.636198043823242,39.0,0
41.405,5,0.0,-4.5428,0.057772696018218994,3.69844388961792,0.4730846583843231,23.636198043823242,39.0,0
41.41,5,0.0,-4.4604,0.050221726298332214,3.76043438911438,0.7576771974563599,23.636198043823242,39.0,0
41.416,5,0.0,-4.3671,0.052634067833423615,3.479120969772339,0.6809170246124268,23.636198043823242,39.0,0
41.42,5,0.0,-4.2572,0.05803932994604111,1.5558514595031738,0.304503858089447,23.61825180053711,39.0,0
41.426,5,0.0,-4.1528,0.057044100016355515,1.6192148923873901,0.31690505146980286,23.636198043823242,39.0,0
41.43,5,0.0,-4.0594,0.051296770572662354,2.3343582153320312,0.4568694829940796,23.636198043823242,39.0,0
41.435,5,0.0,-3.9825,0.04581174626946449,3.8263208866119385,0.7488693594932556,23.61825180053711,39.0,0
41.44,5,0.0,-3.9001,0.045303601771593094,3.055701732635498,0.5980474352836609,23.61825180053711,39.0,0
41.445,5,0.0,-3.8068,0.05063321068882942,1.3612064123153687,0.26640886068344116,23.636198043823242,39.0,0
41.45,5,0.0,-3.7189,0.05232205614447594,1.1395249366760254,0.22302240133285522,23.636198043823242,39.0,0
41.456,5,0.0,-3.6255,0.047765977680683136,1.780363917350769,0.3484443426132202,23.636198043823242,39.0,0
41.46,5,0.0,-3.5596,0.044244904071092606,2.210556983947754,0.4326397180557251,23.61825180053711,39.0,0
41.466,5,0.0,-3.4827,0.03919137641787529,3.419581890106201,0.6692643165588379,23.636198043823242,39.0,0
41.47,5,0.0,-3.4222,0.035307109355926514,3.5583972930908203,0.6964325904846191,23.61825180053711,39.0,0
41.476,5,0.0,-3.3508,0.03920447453856468,3.413635492324829,0.6681005358695984,23.61825180053711,39.0,0
41.481,5,0.0,-3.2629,0.04618186876177788,2.120177745819092,0.4149510860443115,23.636198043823242,39.0,0
41.486,5,0.0,-3.1641,0.05291121453046799,0.9784844517707825,0.1915043294429779,23.61825180053711,39.0,0
41.491,5,0.0,-3.0762,0.04916059225797653,1.6629681587219238,0.3254682123661041,23.636198043823242,39.0,0
41.495,5,0.0,-3.0157,0.03769311681389809,2.93915057182312,0.5752365589141846,23.61825180053711,39.0,0
41.5,5,0.0,-2.9663,0.03042091801762581,4.142539978027344,0.8107582330703735,23.61825180053711,39.0,0
41.506,5,0.0,-2.9114,0.030089253559708595,4.476556777954102,0.8761303424835205,23.61825180053711,39.0,0
41.511,5,0.0,-2.8455,0.03528088331222534,3.3197126388549805,0.6497184038162231,23.61825180053711,39.0,0
41.516,5,0.0,-2.7631,0.04374786093831062,1.6600598096847534,0.32489901781082153,23.636198043823242,39.0,0
41.52,5,0.0,-2.6697,0.050888556987047195,0.7007167935371399,0.13714095950126648,23.600303649902344,39.0,0
41.526,5,0.0,-2.5818,0.047546837478876114,0.9488542675971985,0.1857052445411682,23.61825180053711,39.0,0
41.53,5,0.0,-2.5214,0.03648862987756729,2.781608819961548,0.5444032549858093,23.61825180053711,39.0,0
41.536,5,0.0,-2.4829,0.02440103329718113,4.605311870574951,0.901329755783081,23.61825180053711,39.0,0
41.541,5,0.0,-2.4445,0.022843848913908005,5.6646504402160645,1.1086584329605103,23.61825180053711,39.0,0
41.545,5,0.0,-2.3895,0.031109800562262535,4.078669548034668,0.7982577681541443,23.61825180053711,39.0,0
41.55,5,0.0,-2.3126,0.03783988580107689,1.7991396188735962,0.3521190583705902,23.61825180053711,39.0,0
41.556,5,0.0,-2.2302,0.044360995292663574,1.5636729001998901,0.3060346245765686,23.61825180053711,39.0,0
41.56,5,0.0,-2.1533,0.043526146560907364,1.4956872463226318,0.2927287817001343,23.61825180053711,39.0,0
41.566,5,0.0,-2.0874,0.0376005545258522,2.1256422996520996,0.41602060198783875,23.61825180053711,39.0,0
41.571,5,0.0,-2.038,0.029717309400439262,2.4696595668792725,0.4833500385284424,23.61825180053711,39.0,0
41.576,5,0.0,-1.994,0.025508791208267212,4.031257152557373,0.7889784574508667,23.636198043823242,39.0,0
41.581,5,0.0,-1.9501,0.02455286681652069,4.661990642547607,0.9124226570129395,23.600303649902344,39.0,0
41.586,5,0.0,-1.9061,0.024471448734402657,4.5644683837890625,0.8933359980583191,23.636198043823242,39.0,0
41.59,5,0.0,-1.8567,0.026900824159383774,3.9297659397125244,0.7691150903701782,23.61825180053711,39.0,0
41.596,5,0.0,-1.7963,0.0330904982984066,3.4341912269592285,0.6721236109733582,23.636198043823242,39.0,0
41.6,5,0.0,-1.7249,0.03899160400032997,2.318110466003418,0.4536895751953125,23.600303649902344,39.0,0
41.606,5,0.0,-1.6534,0.03848841413855553,1.4515268802642822,0.2840859293937683,23.61825180053711,39.0,0
41.61,5,0.0,-1.5985,0.03213639557361603,2.3801987171173096,0.465841144323349,23.61825180053711,39.0,0
41.616,5,0.0,-1.5601,0.02418067678809166,3.2833404541015625,0.6425998210906982,23.61825180053711,39.0,0
41.62,5,0.0,-1.5216,0.020826350897550583,4.583940029144287,0.8971469402313232,23.61825180053711,39.0,0
41.625,5,0.0,-1.4886,0.020780928432941437,5.219871520996094,1.0216084718704224,23.61825180053711,39.0,0
41.63,5,0.0,-1.4502,0.020148582756519318,3.8415045738220215,0.7518410086631775,23.61825180053711,39.0,0
41.636,5,0.0,-1.4117,0.021247513592243195,4.240915775299072,0.8300118446350098,23.636198043823242,39.0,0
41.64,5,0.0,-1.3623,0.026197833940386772,3.4315857887268066,0.6716136336326599,23.61825180053711,39.0,0
41.645,5,0.0,-1.3074,0.030619734898209572,2.693154811859131,0.5875505208969116,23.61825180053711,39.0,0
41.65,5,0.0,-1.2469,0.033771682530641556,2.6454529762268066,0.5177555084228516,23.636198043823242,39.0,0
41.656,5,0.0,-1.181,0.0346442349255085,1.2574832439422607,0.24610865116119385,23.61825180053711,39.0,0
41.66,5,0.0,-1.1206,0.03249204903841019,1.8985962867736816,0.3715842366218567,23.61825180053711,39.0,0
41.665,5,0.0,-1.0767,0.026142362505197525,2.3537518978118896,0.46066510677337646,23.61825180053711,39.0,0
41.67,5,0.0,-1.0437,0.019868826493620872,2.8983817100524902,0.5672574639320374,23.636198043823242,39.0,0
41.675,5,0.0,-1.0217,0.01615406572818756,4.386371612548828,0.8584797382354736,23.61825180053711,39.0,0
41.681,5,0.0,-0.9943,0.0157320499420166,4.643789768218994,0.908860445022583,23.636198043823242,39.0,0
41.685,5,0.0,-0.9668,0.01472114771604538,5.29253625869751,1.035830020904541,23.636198043823242,39.0,0
41.69,5,0.0,-0.9393,0.015754088759422302,3.700028657913208,0.7241520285606384,23.61825180053711,39.0,0
41.695,5,0.0,-0.9009,0.019473254680633545,3.526637315750122,0.6902167201042175,23.636198043823242,39.0,0
41.7,5,0.0,-0.8569,0.02372119575738907,2.663093090057373,0.5212079286575317,23.636198043823242,39.0,0
41.706,5,0.0,-0.8075,0.025686923414468765,2.140547752380371,0.4189378023147583,23.61825180053711,39.0,0
41.711,5,0.0,-0.7581,0.02767345868051052,0.7072569727897644,0.138420969247818,23.61825180053711,39.0,0
41.715,5,0.0,-0.7031,0.029029371216893196,0.990193247795105,0.19379590451717377,23.636198043823242,39.0,0
41.72,5,0.0,-0.6592,0.026579923927783966,0.785742998123169,0.15378187596797943,23.636198043823242,39.0,0
41.725,5,0.0,-0.6152,0.023324517533183098,0.7965223789215088,0.1558915674686432,23.61825180053711,39.0,0
41.731,5,0.0,-0.5878,0.017442503944039345,2.5064005851745605,0.4905408024787903,23.600303649902344,39.0,0
41.735,5,0.0,-0.5713,0.012381140142679214,3.3715431690216064,0.6598623991012573,23.61825180053711,39.0,0
41.741,5,0.0,-0.5493,0.010519351810216904,3.3174593448638916,0.64927738904953,23.61825180053711,39.0,0
41.746,5,0.0,-0.5328,0.009848681278526783,3.2965164184570312,0.6451785564422607,23.61825180053711,39.0,0
41.75,5,0.0,-0.5164,0.009063048288226128,3.7102859020233154,0.7261595129966736,23.636198043823242,39.0,0
41.756,5,0.0,-0.5054,0.008685597218573093,4.257684230804443,0.8332936763763428,23.636198043823242,39.0,0
41.76,5,0.0,-0.4834,0.009714251384139061,4.007720947265625,0.784372091293335,23.61825180053711,39.0,0
41.765,5,0.0,-0.4724,0.0083770751953125,4.265050888061523,0.8347355127334595,23.61825180053711,39.0,0
41.77,5,0.0,-0.4559,0.008386748842895031,3.1546428203582764,0.6174116730690002,23.61825180053711,39.0,0
41.775,5,0.0,-0.4395,0.009763471782207489,4.121830463409424,0.8067049980163574,23.600303649902344,39.0,0
41.78,5,0.0,-0.4175,0.009991070255637169,4.260237693786621,0.8337934017181396,23.636198043823242,39.0,0
41.786,5,0.0,-0.401,0.00948849692940712,4.34107780456543,0.8496150970458984,23.61825180053711,39.0,0
41.791,5,0.0,-0.3845,0.01095091924071312,3.8162078857421875,0.7468900680541992,23.636198043823242,39.0,0
41.795,5,0.0,-0.3571,0.012697256170213223,2.8961727619171143,0.5668251514434814,23.636198043823242,39.0,0
41.801,5,0.0,-0.3296,0.014630294404923916,2.4632599353790283,0.4820975065231323,23.61825180053711,39.0,0
41.805,5,0.0,-0.2966,0.016989633440971375,1.8472281694412231,0.36153072118759155,23.636198043823242,39.0,0
41.811,5,0.0,-0.2637,0.01909371092915535,1.7995275259017944,0.35219496488571167,23.600303649902344,39.0,0
41.815,5,0.0,-0.2307,0.01839708723127842,1.1832554340362549,0.19360828399658203,23.636198043823242,39.0,0
41.82,5,0.0,-0.2032,0.0165699515491724,0.5611884593963623,0.10983314365148544,23.61825180053711,39.0,0
41.825,5,0.0,-0.1813,0.011971496045589447,1.527044653892517,0.2988659143447876,23.61825180053711,39.0,0
41.83,5,0.0,-0.1703,0.008018980734050274,1.0970200300216675,0.2147035449743271,23.636198043823242,39.0,0
41.835,5,0.0,-0.1593,0.007548237685114145,2.4197046756744385,0.47357308864593506,23.61825180053711,39.0,0
41.84,5,0.0,-0.1483,0.005941593088209629,2.2449676990509033,0.4393744170665741,23.61825180053711,39.0,0
41.845,5,0.0,-0.1428,0.0036702794022858143,2.092982530593872,0.40962857007980347,23.61825180053711,39.0,0
