t_s,kp,kd,dir,setpoint,mode,position_rev_out,velocity_rps_out,torque_Nm_out,q_current_A,d_current_A,bus_voltage_V,power_W,bus_current_A_derived,fet_temp_C,motor_temp_C,fault,orbis_position_rev_out,orbis_velocity_rps_out,encoder_validity
0.0,4000,80,1,7.698440555908019,0,7.6984405517578125,-1.3090450011077337e-05,0.0,-0.36558064818382263,0.9251350164413452,23.5,0.0,0.0,34.0,nan,0,0.9229736924171448,-0.0006545225041918457,nan
0.021,4000,80,1,7.699494828807656,10,7.6984405517578125,-1.3090450011077337e-05,0.32073551416397095,0.06277283281087875,-0.059751223772764206,23.5,-0.009677333757281303,-0.00041180143648005544,34.0,nan,0,0.9229736924171448,-0.0006545225041918457,nan
0.041,4000,80,1,7.700493947557698,10,7.6984405517578125,-1.3090450011077337e-05,0.6110942363739014,0.11960045993328094,0.07100723683834076,23.5,0.059032030403614044,0.0025120012937708104,34.0,nan,0,0.9229736924171448,-0.0006545225041918457,nan
0.06,4000,80,1,7.701448868407898,10,7.698455810546875,0.00021334324264898896,2.6575424671173096,0.5201215744018555,0.09646226465702057,23.5,0.255771279335022,0.010883884227022212,34.0,nan,0,0.9231696724891663,-0.0026217964477837086,nan
0.081,4000,80,1,7.702496770507424,10,7.6984710693359375,0.0025876208674162626,4.389321327209473,0.8590571284294128,0.02334916591644287,23.5,0.7138650417327881,0.030377235818416514,34.0,nan,0,0.9244570136070251,0.12309899181127548,nan
0.1,4000,80,1,7.703458543407761,10,7.698577880859375,0.007006247527897358,6.222929954528809,1.2179222106933594,0.07248334586620331,23.5,1.3824801445007324,0.0588289423191801,34.0,nan,0,0.9293745160102844,0.4673760235309601,nan
0.121,4000,80,1,7.704493785058004,10,7.698944091796875,0.024086419492959976,5.615119457244873,1.0989644527435303,-0.15528368949890137,23.5,1.7710429430007935,0.07536352948939547,34.0,nan,0,0.9478948712348938,1.5253098011016846,nan
0.141,4000,80,1,7.7054935559077435,10,7.6995391845703125,0.024112794548273087,6.1915106773376465,1.2117730379104614,0.07596544921398163,23.5,1.9479471445083618,0.08289136785141965,34.0,nan,0,0.9777762293815613,1.2351206541061401,nan
0.161,4000,80,1,7.706494764257515,10,7.7002105712890625,0.04106384515762329,6.913304328918457,1.353039026260376,0.08333185315132141,23.5,2.824362277984619,0.12018562885040933,34.0,nan,0,0.011220504529774189,2.364758014678955,nan
0.181,4000,80,1,7.707493337157941,10,7.7010345458984375,0.033877626061439514,8.769012451171875,1.6768922805786133,-0.027778971940279007,23.5,3.0493836402893066,0.12976100596975773,34.0,nan,0,0.052417024970054626,1.6972256898880005,nan
0.201,4000,80,1,7.708492743407989,10,7.701995849609375,0.05862031504511833,7.986368179321289,1.5630539655685425,-0.13285216689109802,23.5,3.4224178791046143,0.1456348033661538,34.0,nan,0,0.10081260651350021,3.236849308013916,nan
0.221,4000,80,1,7.709492293407677,10,7.7031097412109375,0.06142142787575722,7.6240153312683105,1.589261531829834,0.03726014494895935,23.5,4.436282634735107,0.18877798445681307,34.0,nan,0,0.15657496452331543,3.6198132038116455,nan
0.24,4000,80,1,7.710451749657661,10,7.7045440673828125,0.07409179210662842,6.168643951416016,1.207297682762146,-0.08911958336830139,23.5,3.582021713256836,0.1524264558832696,34.0,nan,0,0.22828112542629242,4.111473560333252,nan
0.261,4000,80,1,7.711498630907593,10,7.7063446044921875,0.08542449027299881,5.547135829925537,1.0856590270996094,0.09953825175762177,23.5,3.03383207321167,0.12909923715794341,34.0,nan,0,0.3184855282306671,4.68284273147583,nan
0.281,4000,80,1,7.712494583007358,10,7.7081451416015625,0.09369414299726486,3.1054627895355225,0.5666942596435547,-0.12801004946231842,23.5,1.4260129928588867,0.06068140395144199,34.0,nan,0,0.4082539677619934,4.431518077850342,nan
0.3,4000,80,1,7.713464518408003,10,7.7098846435546875,0.0892672911286354,3.9535396099090576,0.7737679481506348,-0.03652894124388695,23.5,1.9799139499664307,0.08425165744538003,34.0,nan,0,0.4952881932258606,4.360797882080078,nan
0.321,4000,80,1,7.714496972557393,10,7.711639404296875,0.07591909915208817,5.752237319946289,1.125800609588623,-0.06926757097244263,23.5,2.5366830825805664,0.10794396096087516,34.0,nan,0,0.5829564332962036,3.731443166732788,nan
0.341,4000,80,1,7.715487983007918,10,7.712982177734375,0.06304869800806046,6.923330783843994,1.3550013303756714,0.040360771119594574,23.5,3.2806930541992188,0.13960395975315826,34.0,nan,0,0.6498894095420837,3.469540596008301,nan
0.361,4000,80,1,7.716476005908047,10,7.7144317626953125,0.07007837295532227,5.630765914916992,1.1020267009735107,-0.008132257498800755,23.5,2.7215936183929443,0.11581249439969976,34.0,nan,0,0.7225250601768494,3.6401751041412354,nan
0.381,4000,80,1,7.717503235057669,10,7.715850830078125,0.05929609015583992,6.092635154724121,1.192421555519104,-0.03652193397283554,23.5,2.50747013092041,0.10670085663491106,34.0,nan,0,0.7937585711479187,3.0759565830230713,nan
0.401,4000,80,1,7.7184816163076935,10,7.71697998046875,0.049238771200180054,6.39114236831665,1.2508440017700195,0.23522844910621643,23.5,2.530540704727173,0.10768258317987969,34.0,nan,0,0.849749743938446,2.512436628341675,nan
0.421,4000,80,1,7.719497974657864,10,7.7181243896484375,0.05267685651779175,5.981144428253174,1.2199862003326416,-0.014863967895507812,23.5,1.8129231929779053,0.07714566778629384,34.0,nan,0,0.907051146030426,2.2761080265045166,nan
0.44,4000,80,1,7.720457197557701,10,7.7191162109375,0.05432291701436043,4.877193450927734,0.9545411467552185,0.02162805199623108,23.5,1.7016860246658325,0.07241217126237585,34.0,nan,0,0.9568600654602051,2.6324102878570557,nan
0.46,4000,80,1,7.721464883007869,10,7.7198333740234375,0.03798239678144455,7.213925361633301,1.4118752479553223,0.00684575317427516,23.5,2.749268054962158,0.11699012999838972,34.0,nan,0,0.9925258159637451,2.260075569152832,nan
0.48,4000,80,1,7.722457399658017,10,7.7208709716796875,0.04375157132744789,7.687094211578369,1.504481554031372,-0.08320280909538269,23.5,2.01173996925354,0.08560595613844851,34.0,nan,0,0.04403747245669365,1.5755397081375122,nan
0.501,4000,80,1,7.723467320507918,10,7.721527099609375,0.042574964463710785,8.349807739257812,1.6341845989227295,-0.06089786812663078,23.5,3.7669925689697266,0.16029755612637134,34.0,nan,0,0.07734948396682739,2.645655393600464,nan
0.521,4000,80,1,7.724498853807747,10,7.7225494384765625,0.03955377638339996,8.909626960754395,1.6590099334716797,0.14155569672584534,23.5,3.438603401184082,0.1463235489865567,34.0,nan,0,0.12823720276355743,1.8539806604385376,nan
0.54,4000,80,1,7.725452697557923,10,7.723602294921875,0.06309854984283447,6.659053802490234,1.3032783269882202,0.09645988047122955,23.5,2.7678303718566895,0.11778001582368891,34.0,nan,0,0.18099507689476013,3.1746227741241455,nan
0.56,4000,80,1,7.726451558007832,10,7.72467041015625,0.06334812194108963,6.660893440246582,1.3036384582519531,-0.22724118828773499,23.5,2.8107995986938477,0.11960849356144032,34.0,nan,0,0.23477762937545776,3.6351373195648193,nan
0.58,4000,80,1,7.727457499657614,10,7.725982666015625,0.06215623766183853,4.616289138793945,0.9034781455993652,-0.011984298937022686,23.5,2.1608693599700928,0.09195188765830183,34.0,nan,0,0.29974183440208435,3.22127628326416,nan
0.6,4000,80,1,7.72845064550784,10,7.7271575927734375,0.05285624414682388,4.560705184936523,0.9841686487197876,-0.06007877737283707,23.5,1.9556572437286377,0.08321945717994203,34.0,nan,0,0.35896962881088257,2.709740161895752,nan
0.621,4000,80,1,7.729493599657874,10,7.72833251953125,0.048869237303733826,3.890242099761963,0.7613796591758728,-0.012581623159348965,23.5,1.499816656112671,0.06382198536649664,34.0,nan,0,0.41732165217399597,2.3079488277435303,nan
0.64,4000,80,1,7.730452710057582,10,7.729461669921875,0.05852200463414192,3.7094075679779053,0.7259876132011414,0.13483639061450958,23.5,1.0357272624969482,0.044073500531785034,34.0,nan,0,0.4738561809062958,2.659285545349121,nan
0.661,4000,80,1,7.731493897557814,10,7.7306060791015625,0.05638885498046875,2.880833387374878,0.5638229846954346,0.04820336028933525,23.5,0.9194939732551575,0.03912740311724074,34.0,nan,0,0.5312595367431641,2.5818610191345215,nan
0.681,4000,80,1,7.732494362157743,10,7.7313232421875,0.03416278213262558,5.489163875579834,1.0743130445480347,-0.18551144003868103,23.5,1.7206931114196777,0.07322098346466714,34.0,nan,0,0.5673677325248718,1.7856813669204712,nan
0.701,4000,80,1,7.733494078807419,10,7.7322845458984375,0.04511821269989014,4.917998790740967,0.9625273942947388,-0.18215757608413696,23.5,1.3031047582626343,0.055451266309048265,34.0,nan,0,0.615368127822876,1.7400574684143066,nan
0.721,4000,80,1,7.734495366307967,10,7.732940673828125,0.04021709784865379,7.455833435058594,1.459220290184021,-0.05086561664938927,23.5,2.8705904483795166,0.12215278503742624,34.0,nan,0,0.6480898857116699,2.4804441928863525,nan
0.741,4000,80,1,7.7354939725577445,10,7.734039306640625,0.04668658226728439,5.630537986755371,1.1019821166992188,0.13218146562576294,23.5,1.860756754875183,0.07918113850532695,34.0,nan,0,0.7029536962509155,1.9455029964447021,nan
0.761,4000,80,1,7.736493778807928,10,7.7351837158203125,0.05888485908508301,4.486621856689453,0.8781002759933472,-0.04563979059457779,23.5,1.4064176082611084,0.05984755779834504,34.0,nan,0,0.7603793144226074,2.5569303035736084,nan
0.781,4000,80,1,7.737493941307914,10,7.7360687255859375,0.05170092359185219,5.299343585968018,1.0371623039245605,-0.018655287101864815,23.5,2.2781894207000732,0.09694423066808823,34.0,nan,0,0.8044968843460083,3.058351516723633,nan
0.801,4000,80,1,7.738493937157911,10,7.736968994140625,0.033722925931215286,7.351807594299316,1.4388607740402222,0.12423031032085419,23.5,2.612187385559082,0.11115691002379073,34.0,nan,0,0.8493242859840393,1.721077561378479,nan
0.821,4000,80,1,7.739499283007901,10,7.738037109375,0.055779773741960526,5.291841983795166,1.0356941223144531,0.058238089084625244,23.5,1.8423142433166504,0.07839635077943193,34.0,nan,0,0.9024921655654907,2.2694804668426514,nan
0.841,4000,80,1,7.740501716307337,10,7.7389678955078125,0.05591361224651337,5.509210586547852,1.1941626071929932,-0.06976467370986938,23.5,2.3710737228393555,0.10089675416337683,34.0,nan,0,0.9491986036300659,3.094453811645508,nan
0.86,4000,80,1,7.741456553807804,10,7.7398834228515625,0.03806639462709427,6.216490268707275,1.2166619300842285,-0.214067742228508,23.5,2.5194056034088135,0.1072087490812261,34.0,nan,0,0.9947907328605652,1.797411561012268,nan
0.881,4000,80,1,7.742495910057917,10,7.7409515380859375,0.051109686493873596,6.703008651733398,1.3118809461593628,0.03510423004627228,23.5,2.069000482559204,0.08804257372592358,34.0,nan,0,0.048751942813396454,2.1036596298217773,nan
0.901,4000,80,1,7.7434969288078745,10,7.7415618896484375,0.03378215804696083,8.223115921020508,1.6386736631393433,-0.023531703278422356,23.5,4.052138805389404,0.17243143852720869,34.0,nan,0,0.07920076698064804,2.1118175983428955,nan
0.921,4000,80,1,7.74448147675794,10,7.7425537109375,0.04366869851946831,8.0902099609375,1.5833773612976074,0.07504414767026901,23.5,3.273909330368042,0.13931529065395923,34.0,nan,0,0.12820766866207123,1.9625756740570068,nan
0.94,4000,80,1,7.745452883007968,10,7.743560791015625,0.060254309326410294,6.885091304779053,1.3475173711776733,-0.14783929288387299,23.5,3.026247978210449,0.12877650971108295,34.0,nan,0,0.17871539294719696,3.231964588165283,nan
0.961,4000,80,1,7.746496451757415,10,7.74468994140625,0.06088785082101822,5.885030269622803,1.1517901420593262,-0.24697743356227875,23.5,2.8460659980773926,0.12110919140754862,34.0,nan,0,0.23537962138652802,3.3862721920013428,nan
0.981,4000,80,1,7.74750240590802,10,7.7459716796875,0.0590253546833992,5.603654384613037,1.1361730098724365,-0.039114177227020264,23.5,2.5165929794311523,0.10708906295451712,34.0,nan,0,0.2997273802757263,3.3374927043914795,nan
1.001,4000,80,1,7.7484893038075855,10,7.7471771240234375,0.05405065789818764,5.037622928619385,0.985939621925354,-0.01105975266546011,23.5,1.7142966985702515,0.07294879568384048,34.0,nan,0,0.35963428020477295,2.6517467498779297,nan
1.021,4000,80,1,7.749483580907693,10,7.748291015625,0.051707521080970764,4.662024021148682,0.8441166877746582,0.005278768949210644,23.5,1.421567440032959,0.060492231490764214,34.0,nan,0,0.4157969653606415,2.4767425060272217,nan
1.041,4000,80,1,7.750497243407883,10,7.7494964599609375,0.06155579909682274,3.747427463531494,0.7334287166595459,-0.16587674617767334,23.5,1.1637194156646729,0.04951997513466693,34.0,nan,0,0.4757968485355377,2.7988362312316895,nan
1.061,4000,80,1,7.751498649657881,10,7.750579833984375,0.05507005751132965,4.097559452056885,0.8019548654556274,0.13229478895664215,23.5,0.9485812783241272,0.040365160779750095,34.0,nan,0,0.5299436450004578,2.6452410221099854,nan
1.081,4000,80,1,7.752487868407481,10,7.7513885498046875,0.038660891354084015,5.251958847045898,1.0278884172439575,-0.1288989782333374,23.5,1.6345617771148682,0.06955582030276035,34.0,nan,0,0.5701239705085754,2.0740082263946533,nan
1.101,4000,80,1,7.753498512157969,10,7.7523040771484375,0.04073413461446762,5.366289138793945,1.0899715423583984,-0.022943368181586266,23.5,1.5758559703826904,0.06705770086734852,34.0,nan,0,0.6159576177597046,1.5170743465423584,nan
1.121,4000,80,1,7.75449654755794,10,7.75299072265625,0.04126499965786934,6.578251838684082,1.2874641418457031,-0.0641704648733139,23.5,2.7727203369140625,0.1179880994431516,34.0,nan,0,0.6504876613616943,2.4927053451538086,nan
1.141,4000,80,1,7.755495162157606,10,7.753997802734375,0.045433320105075836,6.804299354553223,1.326113224029541,0.34564322233200073,23.5,2.2734856605529785,0.09674407066182887,34.0,nan,0,0.7010842561721802,2.144937753677368,nan
1.16,4000,80,1,7.756459662157433,10,7.7551116943359375,0.06284241378307343,3.3397223949432373,0.7779473662376404,-0.22923126816749573,23.5,1.1568999290466309,0.04922978421475025,34.0,nan,0,0.7565279006958008,2.949068546295166,nan
1.181,4000,80,1,7.757481264257515,10,7.7560882568359375,0.04987788200378418,5.917272090911865,1.1581003665924072,-0.1830168068408966,23.5,2.060054302215576,0.08766188520066281,34.0,nan,0,0.8055695295333862,2.6752278804779053,nan
1.201,4000,80,1,7.758482687157814,10,7.756988525390625,0.038565993309020996,7.198307514190674,1.4083120822906494,0.10048966109752655,23.5,2.3817124366760254,0.10134946539046917,34.0,nan,0,0.8502139449119568,1.8056689500808716,nan
1.221,4000,80,1,7.759495545507527,10,7.7579498291015625,0.05075681954622269,6.537045001983643,1.2793993949890137,-0.021007655188441277,23.5,1.9783246517181396,0.0841840277326868,34.0,nan,0,0.8986517190933228,2.169374465942383,nan
1.24,4000,80,1,7.760450487157507,10,7.7587738037109375,0.04990151897072792,6.462159633636475,1.2647432088851929,0.06640353798866272,23.5,3.007662296295166,0.12798562962958154,34.0,nan,0,0.9395744204521179,2.917452812194824,nan
1.26,4000,80,1,7.761459468407704,10,7.7598876953125,0.04363127052783966,7.096108913421631,1.3888167142868042,0.034056663513183594,23.5,2.5514698028564453,0.10857318310027426,34.0,nan,0,0.9951742887496948,2.0757791996002197,nan
1.28,4000,80,1,7.762451499657621,10,7.76092529296875,0.05508189648389816,5.315761089324951,1.2210919857025146,0.1532547026872635,23.5,2.1484713554382324,0.0914243129973716,34.0,nan,0,0.04747984930872917,2.382607936859131,nan
1.301,4000,80,1,7.763496339257838,10,7.761688232421875,0.03851785883307457,7.609800815582275,1.4893540143966675,-0.09454020112752914,23.5,3.7211172580718994,0.1583454152371021,34.0,nan,0,0.08568374067544937,2.2023696899414062,nan
1.321,4000,80,1,7.76448995380779,10,7.7625579833984375,0.03560076653957367,9.484782218933105,1.8563164472579956,0.085268035531044,23.5,3.4389138221740723,0.14633675839038604,34.0,nan,0,0.12865452468395233,1.6452158689498901,nan
1.34,4000,80,1,7.765456793407796,10,7.763458251953125,0.054109252989292145,8.619608879089355,1.6869888305664062,0.06565405428409576,23.5,3.5425193309783936,0.15074550344588908,34.0,nan,0,0.17364251613616943,2.8414714336395264,nan
1.361,4000,80,1,7.766498962157496,10,7.76458740234375,0.06037662550806999,6.410135269165039,1.254561185836792,0.06400250643491745,23.5,3.3285889625549316,0.1416420835129758,34.0,nan,0,0.23053185641765594,3.3877146244049072,nan
1.381,4000,80,1,7.767494145507956,10,7.7659454345703125,0.06332824379205704,5.222970485687256,1.0222150087356567,0.022483911365270615,23.5,2.288794755935669,0.0973955215291774,34.0,nan,0,0.2983323633670807,3.2224011421203613,nan
1.401,4000,80,1,7.7684658142578,10,7.7671661376953125,0.05672880634665489,4.400899410247803,0.8613230586051941,0.07280958443880081,23.5,1.9182018041610718,0.08162560868770519,34.0,nan,0,0.3593349754810333,2.8878462314605713,nan
1.42,4000,80,1,7.769456187157632,10,7.768280029296875,0.05080529674887657,5.412360668182373,1.0592814683914185,0.25785040855407715,23.5,1.5823956727981567,0.0673359860765173,34.0,nan,0,0.41461852192878723,2.3810927867889404,nan
1.441,4000,80,1,7.7704841809078085,10,7.7694854736328125,0.06149076297879219,3.7558822631835938,0.7350834608078003,-0.06993871927261353,23.5,1.0179778337478638,0.04331820569139846,34.0,nan,0,0.47507378458976746,2.98931622505188,nan
1.462,4000,80,1,7.771519905907919,10,7.770599365234375,0.050215501338243484,3.8381714820861816,0.7511886358261108,0.18912169337272644,23.5,1.0305607318878174,0.04385364816543904,34.0,nan,0,0.5312459468841553,2.2251319885253906,nan
1.481,4000,80,1,7.772493324657992,10,7.771392822265625,0.03990386798977852,4.605690002441406,0.9014037847518921,-0.06234842538833618,23.5,1.602259874343872,0.0681812712486754,34.0,nan,0,0.5702176690101624,2.045236587524414,nan
1.501,4000,80,1,7.773499051757974,10,7.7722625732421875,0.0378602035343647,5.613641738891602,1.09867525100708,-0.1573127955198288,23.5,1.5162938833236694,0.06452314397121997,34.0,nan,0,0.6140711307525635,1.439152479171753,nan
1.521,4000,80,1,7.774482626757528,10,7.77294921875,0.04323804751038551,6.363019943237305,1.3029124736785889,0.04001941531896591,23.5,2.8046464920043945,0.11934665923422956,34.0,nan,0,0.6484405994415283,2.4710519313812256,nan
1.541,4000,80,1,7.775498264257478,10,7.77392578125,0.03721911087632179,7.034127235412598,1.483563780784607,-0.013706319034099579,23.5,2.5409154891967773,0.10812406337007563,34.0,nan,0,0.6972211599349976,1.7784584760665894,nan
1.561,4000,80,1,7.776496958007922,10,7.7750244140625,0.06223956495523453,5.938889026641846,1.1623311042785645,0.18447938561439514,23.5,1.8593069314956665,0.07911944389343262,34.0,nan,0,0.7518243193626404,2.9668564796447754,nan
1.581,4000,80,1,7.777490678807956,10,7.776031494140625,0.05217762663960457,5.460930347442627,1.0687873363494873,0.0935574397444725,23.5,2.3190083503723145,0.09868120639882189,34.0,nan,0,0.8027034401893616,2.5936596393585205,nan
1.601,4000,80,1,7.778499262157859,10,7.776885986328125,0.0384620800614357,7.719569683074951,1.510837435722351,0.15102040767669678,23.5,2.8309061527252197,0.1204640916053285,34.0,nan,0,0.8448735475540161,2.180788993835449,nan
1.621,4000,80,1,7.779475701757476,10,7.7779083251953125,0.05032120272517204,6.738175392150879,1.3187637329101562,-0.006341153290122747,23.5,1.9621453285217285,0.08349554589454164,34.0,nan,0,0.8962337970733643,2.1188411712646484,nan
1.641,4000,80,1,7.780499568407688,10,7.778656005859375,0.046968501061201096,7.362666130065918,1.5467994213104248,-0.06878164410591125,23.5,3.445161819458008,0.14660263061523438,34.0,nan,0,0.9341028928756714,2.7962629795074463,nan
1.661,4000,80,1,7.7814801225576975,10,7.7798309326171875,0.055621083825826645,6.389962673187256,1.2506132125854492,0.14055150747299194,23.5,2.4368326663970947,0.10369500708072743,34.0,nan,0,0.9927595853805542,2.4856255054473877,nan
1.681,4000,80,1,7.782467489257399,10,7.780853271484375,0.04900509864091873,6.464195251464844,1.3174083232879639,0.22397486865520477,23.5,2.3135480880737305,0.0984488548116481,34.0,nan,0,0.04385978356003761,2.2035634517669678,nan
1.701,4000,80,1,7.783494818407783,10,7.78167724609375,0.042188532650470734,8.34486198425293,1.6332167387008667,0.03319229930639267,23.5,3.5669875144958496,0.15178670274450423,34.0,nan,0,0.08490511775016785,2.341379404067993,nan
1.721,4000,80,1,7.784496149657937,10,7.782470703125,0.03162796050310135,8.766026496887207,1.7156450748443604,0.04478259012103081,23.5,4.076554298400879,0.17347039567663314,34.0,nan,0,0.12403517961502075,1.746543526649475,nan
1.741,4000,80,1,7.785475649657749,10,7.7835235595703125,0.05875293165445328,7.545487403869629,1.4767669439315796,0.010690531693398952,23.5,3.077817916870117,0.13097097518596243,34.0,nan,0,0.17725804448127747,3.0489113330841064,nan
1.761,4000,80,1,7.7864975871576485,10,7.7845611572265625,0.05865758657455444,6.913906097412109,1.3531568050384521,0.08139112591743469,23.5,3.6378045082092285,0.15480019183869057,34.0,nan,0,0.22915442287921906,3.467376232147217,nan
1.781,4000,80,1,7.787498080907974,10,7.7859344482421875,0.06399202346801758,5.732789039611816,1.1219942569732666,0.11556413769721985,23.5,2.4157557487487793,0.10279811696803316,34.0,nan,0,0.2976902723312378,3.0938169956207275,nan
1.801,4000,80,1,7.7884964350574615,10,7.7871246337890625,0.0554637648165226,5.313209056854248,1.0398759841918945,0.1333802044391632,23.5,2.1807291507720947,0.09279698513923808,34.0,nan,0,0.3572691082954407,2.877610206604004,nan
1.821,4000,80,1,7.789473974657451,10,7.78826904296875,0.050783175975084305,4.26501989364624,0.8347294330596924,-0.12564891576766968,23.5,1.2602421045303345,0.05362732359703551,34.0,nan,0,0.4140094518661499,2.3103718757629395,nan
1.841,4000,80,1,7.790497578807846,10,7.7894439697265625,0.061198342591524124,3.389212131500244,0.7262987494468689,-0.02049635350704193,23.5,1.2082438468933105,0.051414631782694065,34.0,nan,0,0.47276678681373596,2.936209201812744,nan
1.861,4000,80,1,7.791473133007823,10,7.79058837890625,0.05574819818139076,3.9315168857574463,0.7694577574729919,-0.12899868190288544,23.5,1.0135747194290161,0.043130839124638984,34.0,nan,0,0.5301419496536255,2.5283989906311035,nan
1.881,4000,80,1,7.792490783007818,10,7.7913665771484375,0.03791449964046478,5.398741722106934,1.0566160678863525,0.0019914554432034492,23.5,1.798337697982788,0.07652500842479949,34.0,nan,0,0.5688690543174744,2.0853946208953857,nan
1.901,4000,80,1,7.793496124657397,10,7.79229736328125,0.04086002707481384,5.6698126792907715,1.1096687316894531,-0.015407057479023933,23.5,1.594637155532837,0.06785690023543987,34.0,nan,0,0.6159529685974121,1.5319805145263672,nan
1.921,4000,80,1,7.794496085057474,10,7.7929840087890625,0.043147653341293335,6.643945693969727,1.3003214597702026,-0.10970869660377502,23.5,2.702773332595825,0.11501163117429043,34.0,nan,0,0.6500822901725769,2.698072671890259,nan
1.94,4000,80,1,7.795459818407837,10,7.7938995361328125,0.037163782864809036,7.297947883605957,1.3713405132293701,-0.018886743113398552,23.5,2.377285957336426,0.10116110456750747,34.0,nan,0,0.6958471536636353,1.602437138557434,nan
1.961,4000,80,1,7.796496380907776,10,7.7949981689453125,0.06742337346076965,5.117124557495117,1.0014992952346802,0.2312670797109604,23.5,1.6754765510559082,0.07129687451301737,34.0,nan,0,0.7508789896965027,3.3107645511627197,nan
1.98,4000,80,1,7.797461355907582,10,7.796112060546875,0.0581761859357357,5.2156548500061035,1.0207831859588623,-0.08995302021503448,23.5,1.9395134449005127,0.08253248701704309,34.0,nan,0,0.8065703511238098,2.9305551052093506,nan
2.0,4000,80,1,7.798451883007512,10,7.79681396484375,0.02671169862151146,8.50735855102539,1.6650197505950928,0.007859024219214916,23.5,2.9357926845550537,0.12492734827893845,34.0,nan,0,0.841705858707428,1.5471539497375488,nan
2.021,4000,80,1,7.799490118407995,10,7.7979736328125,0.06536662578582764,4.5109944343566895,0.8828704357147217,-0.15942668914794922,23.5,1.490004539489746,0.06340444848892536,34.0,nan,0,0.8996090292930603,2.935382604598999,nan
2.041,4000,80,1,7.80047544550762,10,7.7988128662109375,0.04401325061917305,7.201719284057617,1.4094862937927246,0.08239756524562836,23.5,3.1918959617614746,0.13582536007495635,34.0,nan,0,0.9412746429443359,2.511451244354248,nan
2.061,4000,80,1,7.801501370508051,10,7.7997589111328125,0.04134353995323181,8.196331024169922,1.6041468381881714,0.003254429902881384,23.5,2.9701321125030518,0.12638860053204476,34.0,nan,0,0.9886282086372375,1.970063328742981,nan
2.081,4000,80,1,7.8025024600574415,10,7.8008270263671875,0.054824814200401306,6.792766571044922,1.3294479846954346,0.2958625257015228,23.5,2.480717420578003,0.10556244342885118,34.0,nan,0,0.04215792939066887,2.4195518493652344,nan
2.101,4000,80,1,7.803497726757634,10,7.801666259765625,0.04816102236509323,6.744367599487305,1.3199756145477295,-0.09772893041372299,23.5,3.4119391441345215,0.14518889975040516,34.0,nan,0,0.08389785140752792,2.7846145629882812,nan
2.12,4000,80,1,7.804455847557985,10,7.802490234375,0.029418818652629852,9.710147857666016,1.9004240036010742,0.01522580161690712,23.5,3.5930404663085938,0.15289533899185506,34.0,nan,0,0.12557083368301392,1.352026343345642,nan
2.141,4000,80,1,7.805500916307939,10,7.803558349609375,0.06339792907238007,7.519567966461182,1.471693992614746,-0.025469735264778137,23.5,3.068772554397583,0.130586066144578,34.0,nan,0,0.1785806566476822,3.073481798171997,nan
2.16,4000,80,1,7.806452997557791,10,7.8044586181640625,0.05176280438899994,7.27612829208374,1.4240492582321167,0.011940966360270977,23.5,3.912065029144287,0.1664708523040122,34.0,nan,0,0.22422604262828827,3.208726167678833,nan
2.181,4000,80,1,7.807493549657376,10,7.805938720703125,0.06573988497257233,5.07564640045166,0.9933813810348511,0.05196712911128998,23.5,2.4844002723693848,0.1057191605263568,34.0,nan,0,0.297677218914032,3.5218505859375,nan
2.201,4000,80,1,7.8084958309074874,10,7.80712890625,0.050865478813648224,5.225430965423584,1.0226964950561523,-0.028278743848204613,23.5,2.150113821029663,0.09149420515019843,34.0,nan,0,0.35703960061073303,2.5728721618652344,nan
2.221,4000,80,1,7.809494503807947,10,7.8083038330078125,0.05204816535115242,4.483656406402588,0.8775198459625244,0.018269143998622894,23.5,1.5734971761703491,0.06695732664554677,34.0,nan,0,0.4162265658378601,2.337327718734741,nan
2.241,4000,80,1,7.810476295507398,10,7.80938720703125,0.05986133962869644,3.890699625015259,0.7614692449569702,-0.004674803465604782,23.5,1.1507738828659058,0.04896910139854918,34.0,nan,0,0.470214307308197,2.739382266998291,nan
2.261,4000,80,1,7.811469918407966,10,7.8104705810546875,0.05936793237924576,3.742875099182129,0.7325377464294434,-0.13146036863327026,23.5,1.173926591873169,0.04995432305843272,34.0,nan,0,0.5241338014602661,3.1794700622558594,nan
2.281,4000,80,1,7.8124883205076925,10,7.81134033203125,0.03519454970955849,5.210546016693115,1.0197832584381104,0.03843463212251663,23.5,1.805323839187622,0.07682229102926051,34.0,nan,0,0.5677337646484375,1.631187081336975,nan
2.301,4000,80,1,7.8134933850575194,10,7.8123016357421875,0.04618818685412407,5.187520980834961,1.0152769088745117,-0.10319050401449203,23.5,1.471827745437622,0.06263096789096265,34.0,nan,0,0.6157727837562561,1.7470420598983765,nan
2.321,4000,80,1,7.814499920507662,10,7.813018798828125,0.04219862446188927,6.7567338943481445,1.322395920753479,-0.048792868852615356,23.5,2.6230363845825195,0.11161856955670296,34.0,nan,0,0.6518502831459045,2.6511168479919434,nan
2.341,4000,80,1,7.815469143407974,10,7.813934326171875,0.038066502660512924,6.750374794006348,1.3496663570404053,0.12672100961208344,23.5,2.385213851928711,0.10149846178420047,34.0,nan,0,0.6979215145111084,1.6537344455718994,nan
2.36,4000,80,1,7.81645523715779,10,7.8148345947265625,0.057522643357515335,6.3215413093566895,1.2372219562530518,-0.06346923112869263,23.5,2.6164345741271973,0.11133764145222116,34.0,nan,0,0.7427143454551697,3.38796067237854,nan
2.381,4000,80,1,7.81750006630755,10,7.816070556640625,0.05868573486804962,4.849276542663574,0.949077308177948,-0.04705221205949783,23.5,2.296286106109619,0.09771430238764336,34.0,nan,0,0.8045145273208618,3.0943260192871094,nan
2.401,4000,80,1,7.818498835057837,10,7.8169097900390625,0.0277640949934721,8.820182800292969,1.7262442111968994,-0.011960387229919434,23.5,2.712510108947754,0.11542596208288315,34.0,nan,0,0.846642255783081,1.242751121520996,nan
2.42,4000,80,1,7.819464060057364,10,7.8177947998046875,0.05740915983915329,6.738961696624756,1.3189175128936768,-0.02110959216952324,23.5,2.556736707687378,0.10879730671010118,34.0,nan,0,0.8905196189880371,3.1753792762756348,nan
2.441,4000,80,1,7.820501035057535,10,7.8186492919921875,0.036371953785419464,8.506200790405273,1.6647932529449463,0.016989273950457573,23.5,3.7185897827148438,0.15823786309424867,34.0,nan,0,0.9329906702041626,2.084376811981201,nan
2.461,4000,80,1,7.821505287157927,10,7.819610595703125,0.0425482802093029,8.182547569274902,1.5336312055587769,0.07007402181625366,23.5,3.1257529258728027,0.13301076280309798,34.0,nan,0,0.981540858745575,1.777793526649475,nan
2.481,4000,80,1,7.822473878807798,10,7.82061767578125,0.067571260035038,6.959797382354736,1.3621385097503662,-0.2730438709259033,23.5,2.6100480556488037,0.11106587470845973,34.0,nan,0,0.03190305456519127,3.514200210571289,nan
2.5,4000,80,1,7.82344858300785,10,7.8215179443359375,0.039702583104372025,8.833198547363281,1.6769390106201172,0.024838007986545563,23.5,4.084650039672852,0.17381489530522773,34.0,nan,0,0.07668047398328781,2.2316293716430664,nan
2.521,4000,80,1,7.824497201757914,10,7.82257080078125,0.03547098860144615,7.951013565063477,1.556134581565857,-0.0653032660484314,23.5,3.3155529499053955,0.14108735957044236,34.0,nan,0,0.12901325523853302,1.3772910833358765,nan
2.541,4000,80,1,7.825485074657628,10,7.8234710693359375,0.0597042441368103,8.348091125488281,1.6338486671447754,-0.12784814834594727,23.5,3.410527467727661,0.14512882841394303,34.0,nan,0,0.1745685487985611,3.4710283279418945,nan
2.561,4000,80,1,7.8264765288076905,10,7.824493408203125,0.05204727500677109,8.011272430419922,1.5679281949996948,0.04888516291975975,23.5,3.886103868484497,0.16536612206317008,34.0,nan,0,0.2254532277584076,3.0804998874664307,nan
2.581,4000,80,1,7.827497828807829,10,7.825836181640625,0.06354447454214096,5.550045490264893,1.0862284898757935,-0.06290891021490097,23.5,2.463987112045288,0.10485051540618247,34.0,nan,0,0.29249894618988037,3.4026663303375244,nan
2.601,4000,80,1,7.8284955705079495,10,7.8271331787109375,0.055934879928827286,4.849085330963135,0.9490399360656738,0.04780642315745354,23.5,1.9778413772583008,0.08416346286205535,34.0,nan,0,0.35754796862602234,2.4985904693603516,nan
2.621,4000,80,1,7.829486580907543,10,7.8282470703125,0.0508650578558445,5.78246545791626,0.8511952757835388,-0.15048521757125854,23.5,1.4096086025238037,0.05998334478824697,34.0,nan,0,0.4129316210746765,2.315770149230957,nan
2.641,4000,80,1,7.830498649657967,10,7.8293609619140625,0.05862680450081825,5.007887363433838,0.9801198840141296,0.004972729831933975,23.5,1.4163037538528442,0.06026824484480188,34.0,nan,0,0.4687259793281555,2.8653178215026855,nan
2.661,4000,80,1,7.8314948871578975,10,7.830352783203125,0.056976623833179474,3.7717745304107666,0.7381937503814697,0.01757214404642582,23.5,1.527032732963562,0.06498011629632179,34.0,nan,0,0.5189248919487,3.192692756652832,nan
2.681,4000,80,1,7.832494264257549,10,7.8313446044921875,0.04026632755994797,5.356462001800537,1.0483412742614746,-0.10414519906044006,23.5,1.612605094909668,0.0686214934004114,34.0,nan,0,0.5677691698074341,1.942280888557434,nan
2.701,4000,80,1,7.833494791307749,10,7.8323211669921875,0.04620789363980293,4.75372314453125,0.9303760528564453,0.14161036908626556,23.5,1.4799808263778687,0.06297790750544122,34.0,nan,0,0.6166099309921265,1.8325062990188599,nan
2.721,4000,80,1,7.834494237157924,10,7.833038330078125,0.0425536148250103,7.006593704223633,1.3712972402572632,-0.02176830917596817,23.5,2.7400240898132324,0.11659676977928649,34.0,nan,0,0.6531326770782471,2.5104026794433594,nan
2.741,4000,80,1,7.835494395507704,10,7.833984375,0.03748241439461708,7.316991806030273,1.4320467710494995,-0.0030663758516311646,23.5,2.4159252643585205,0.10280533039823492,34.0,nan,0,0.6999943852424622,1.7614061832427979,nan
2.761,4000,80,1,7.836493985058041,10,7.8349456787109375,0.05373546481132507,6.584688186645508,1.2887239456176758,0.0975923240184784,23.5,2.188537359237671,0.09312924932926259,34.0,nan,0,0.7482524514198303,2.7254204750061035,nan
2.781,4000,80,1,7.837493612157414,10,7.8359222412109375,0.05272842198610306,5.628058433532715,1.1014968156814575,-0.13616767525672913,23.5,2.6218838691711426,0.1115695263477082,34.0,nan,0,0.7967113256454468,3.038501501083374,nan
2.801,4000,80,1,7.83849338090804,10,7.8369903564453125,0.041279762983322144,6.936380386352539,1.3575553894042969,0.10959021747112274,23.5,2.3683536052703857,0.10078100447959089,34.0,nan,0,0.8502257466316223,1.9383846521377563,nan
2.821,4000,80,1,7.839493308007514,10,7.8378143310546875,0.045320477336645126,7.241760730743408,1.4173229932785034,0.13875237107276917,23.5,2.7003135681152344,0.11490696034532913,34.0,nan,0,0.8912476301193237,2.3699193000793457,nan
2.841,4000,80,1,7.840494989257422,10,7.8386383056640625,0.04637749493122101,7.8367719650268555,1.5337756872177124,-0.06682191789150238,23.5,3.6153197288513184,0.15384339271707737,34.0,nan,0,0.9326540231704712,2.661125898361206,nan
2.861,4000,80,1,7.841496370507957,10,7.8395233154296875,0.031879715621471405,9.2936429977417,1.9602649211883545,-0.0008046464063227177,23.5,3.5895004272460938,0.15274469903174867,34.0,nan,0,0.9770635366439819,1.2895146608352661,nan
2.881,4000,80,1,7.8424959496580415,10,7.8404083251953125,0.05861454829573631,7.347133636474609,1.6529254913330078,-0.07464702427387238,23.5,4.083258152008057,0.17375566604289602,34.0,nan,0,0.021722547709941864,3.5679118633270264,nan
2.901,4000,80,1,7.843494951757748,10,7.841522216796875,0.04266878589987755,8.568544387817383,1.7184494733810425,-0.12431201338768005,23.5,3.8282625675201416,0.16290479010724007,34.0,nan,0,0.07672256976366043,2.1659369468688965,nan
2.921,4000,80,1,7.844489747557963,10,7.8425750732421875,0.051960986107587814,7.559094429016113,1.479430079460144,-0.11151739954948425,23.5,2.9936864376068115,0.12739091223858773,34.0,nan,0,0.12982235848903656,2.4500253200531006,nan
2.941,4000,80,1,7.8454992267579655,10,7.8435821533203125,0.05410279333591461,7.934903144836426,1.5529816150665283,0.1781206578016281,23.5,3.2217800617218018,0.1370970239030554,34.0,nan,0,0.18020859360694885,2.9400572776794434,nan
2.961,4000,80,1,7.846469889257423,10,7.8444976806640625,0.05193120241165161,7.37825345993042,1.4440367221832275,-0.058296725153923035,23.5,3.729017972946167,0.15868161587004967,34.0,nan,0,0.2261466085910797,3.15179705619812,nan
2.98,4000,80,1,7.847457087157818,10,7.8457794189453125,0.06364944577217102,6.161871433258057,1.020993709564209,-0.08753231167793274,23.5,2.5601518154144287,0.10894263044316718,34.0,nan,0,0.2900482714176178,3.3932836055755615,nan
3.001,4000,80,1,7.848491495507915,10,7.8472442626953125,0.06460227072238922,4.303518295288086,0.8422641158103943,0.05614989250898361,23.5,1.633218765258789,0.06949867086207613,34.0,nan,0,0.36345404386520386,3.124164581298828,nan
3.02,4000,80,1,7.849451774657791,10,7.848236083984375,0.04503347724676132,5.963043689727783,1.1670585870742798,0.15997880697250366,23.5,1.8325291872024536,0.07797996541287036,34.0,nan,0,0.41298505663871765,2.2591640949249268,nan
3.041,4000,80,1,7.850496395507799,10,7.849395751953125,0.05747624859213829,4.032620429992676,0.7596011161804199,0.05350889265537262,23.5,1.319798231124878,0.05616162685637779,34.0,nan,0,0.47102099657058716,2.700395107269287,nan
3.061,4000,80,1,7.851496670507913,10,7.850372314453125,0.052241094410419464,5.421335697174072,1.0610380172729492,-0.25052326917648315,23.5,1.6284043788909912,0.06929380335706345,34.0,nan,0,0.5198783874511719,2.652646541595459,nan
3.081,4000,80,1,7.852489949658048,10,7.851226806640625,0.036847759038209915,6.145440578460693,1.202756404876709,0.13742952048778534,23.5,2.0149970054626465,0.08574455342394241,34.0,nan,0,0.5621010661125183,1.9437130689620972,nan
3.1,4000,80,1,7.853458797557687,10,7.8521728515625,0.052073802798986435,5.586123466491699,1.0781737565994263,0.011911142617464066,23.5,1.4677910804748535,0.062459194913823554,34.0,nan,0,0.609741747379303,2.3680903911590576,nan
3.121,4000,80,1,7.854496505907446,10,7.85302734375,0.04516272991895676,6.4877471923828125,1.2697510719299316,0.12069866061210632,23.5,2.6898703575134277,0.11446256840482671,34.0,nan,0,0.6524866223335266,2.4893643856048584,nan
3.14,4000,80,1,7.855454683007702,10,7.8538818359375,0.03576672822237015,7.5172295570373535,1.4712364673614502,0.04463430866599083,23.5,2.5424511432647705,0.10818941035169236,34.0,nan,0,0.6949848532676697,1.5482773780822754,nan
3.161,4000,80,1,7.856497753807344,10,7.8549041748046875,0.058200981467962265,6.082921981811523,1.1905205249786377,0.23838278651237488,23.5,2.3553247451782227,0.10022658490120097,34.0,nan,0,0.7462477684020996,2.8865139484405518,nan
3.181,4000,80,1,7.85749627255791,10,7.8557586669921875,0.046436212956905365,6.415602684020996,1.2556312084197998,-0.037562381476163864,23.5,3.185896873474121,0.13557007972230303,34.0,nan,0,0.788596510887146,2.8337979316711426,nan
3.201,4000,80,1,7.858495843407582,10,7.857025146484375,0.050976503640413284,5.226287841796875,1.0228642225265503,-0.0619463175535202,23.5,2.0837881565093994,0.08867183644720848,34.0,nan,0,0.8519337773323059,2.240638017654419,nan
3.22,4000,80,1,7.8594597975577924,10,7.8578948974609375,0.03823188319802284,7.8628339767456055,1.5388764142990112,0.07811176031827927,23.5,2.327719211578369,0.09905188134376039,34.0,nan,0,0.895412027835846,1.4919244050979614,nan
3.241,4000,80,1,7.8604751538077835,10,7.8582916259765625,0.029651585966348648,9.028666496276855,1.767047643661499,0.042998939752578735,23.5,4.445326805114746,0.18916284277084025,34.0,nan,0,0.9156056046485901,2.035641670227051,nan
3.261,4000,80,1,7.861494255907746,10,7.8595123291015625,0.05649152025580406,8.154879570007324,1.596034288406372,0.0027375640347599983,23.5,2.9294357299804688,0.12465683957363696,34.0,nan,0,0.9765554070472717,2.0137267112731934,nan
3.281,4000,80,1,7.86247113715799,10,7.860198974609375,0.044039152562618256,9.251094818115234,1.8105802536010742,-0.0434684082865715,23.5,5.049810409545898,0.21488554934237866,34.0,nan,0,0.011058056727051735,2.6945865154266357,nan
3.301,4000,80,1,7.863474543407937,10,7.861358642578125,0.052727922797203064,7.887805938720703,1.5437638759613037,-0.11880147457122803,23.5,3.6956069469451904,0.15725987008277406,34.0,nan,0,0.06862887740135193,2.546590805053711,nan
3.321,4000,80,1,7.86449767050799,10,7.8624420166015625,0.0483628548681736,8.663228034973145,1.695525884628296,0.03739510104060173,23.5,3.584716796875,0.1525411402925532,34.0,nan,0,0.12329596281051636,2.183781862258911,nan
3.341,4000,80,1,7.865497558007337,10,7.8635711669921875,0.05909951031208038,7.717004299163818,1.5103354454040527,0.08111897110939026,23.5,3.1454882621765137,0.13385056434793674,34.0,nan,0,0.1796422302722931,2.8166134357452393,nan
3.36,4000,80,1,7.8664496684075855,10,7.8644561767578125,0.05237092077732086,7.69558048248291,1.5025689601898193,0.06341398507356644,23.5,3.9023985862731934,0.16605951430949759,34.0,nan,0,0.22413241863250732,3.2258780002593994,nan
3.381,4000,80,1,7.867496810057491,10,7.8657684326171875,0.05772690102458,6.233621597290039,1.2200148105621338,0.012352140620350838,23.5,3.033632755279541,0.12909075554381025,34.0,nan,0,0.2890181541442871,3.276315689086914,nan
3.401,4000,80,1,7.86850224340742,10,7.8672637939453125,0.06858772039413452,4.295229434967041,0.8406419157981873,-0.07669652998447418,23.5,1.680403470993042,0.07150653068055497,34.0,nan,0,0.3641623556613922,3.4419503211975098,nan
3.421,4000,80,1,7.869488628807448,10,7.8682861328125,0.040262334048748016,5.075676918029785,0.9933874011039734,-0.16052526235580444,23.5,1.8453700542449951,0.07852638528702106,34.0,nan,0,0.4152209460735321,1.823596477508545,nan
3.44,4000,80,1,7.870456166307849,10,7.8693695068359375,0.06171039864420891,2.7749667167663574,0.5431032776832581,0.13960297405719757,23.5,1.3488125801086426,0.05739628000462309,34.0,nan,0,0.46962404251098633,2.9527320861816406,nan
3.461,4000,80,1,7.871505174657796,10,7.870391845703125,0.04552756994962692,5.082065105438232,1.049263834953308,-0.12444515526294708,23.5,1.6756725311279297,0.0713052140905502,34.0,nan,0,0.5206232070922852,2.180751323699951,nan
3.48,4000,80,1,7.872448385057942,10,7.8709716796875,0.02615918032824993,7.871632099151611,1.5405983924865723,-0.028247233480215073,23.5,2.4422481060028076,0.1039254513192684,34.0,nan,0,0.5497280359268188,1.503177285194397,nan
3.5,4000,80,1,7.873459001757874,10,7.8719635009765625,0.0589292049407959,5.667143821716309,1.1091464757919312,-0.04038307070732117,23.5,2.193668842315674,0.09334761031130527,34.0,nan,0,0.5994074940681458,3.1867668628692627,nan
3.521,4000,80,1,7.8744975475579855,10,7.8729248046875,0.04506530985236168,6.957887649536133,1.320022463798523,7.761883171042427e-05,23.5,2.9071145057678223,0.12370700024543925,34.0,nan,0,0.6468666195869446,2.626926898956299,nan
3.541,4000,80,1,7.87549720175739,10,7.873992919921875,0.04225136339664459,7.827950477600098,1.5320491790771484,0.36980170011520386,23.5,2.518501043319702,0.10717025716254051,34.0,nan,0,0.7006554007530212,1.6879435777664185,nan
3.561,4000,80,1,7.876498703807738,10,7.8749237060546875,0.053746264427900314,5.944156169891357,1.1633620262145996,-0.18495196104049683,23.5,2.1031718254089355,0.08949667342165683,34.0,nan,0,0.7469833493232727,2.779967784881592,nan
3.581,4000,80,1,7.877492355907452,10,7.87567138671875,0.03702293708920479,7.850140571594238,1.536392092704773,-0.19925861060619354,23.5,3.582388401031494,0.15244205961836146,34.0,nan,0,0.784579336643219,2.1599338054656982,nan
3.601,4000,80,1,7.878479951757617,10,7.87689208984375,0.06328269094228745,5.644217014312744,1.1046593189239502,0.1075354516506195,23.5,2.1531405448913574,0.09162300191027054,34.0,nan,0,0.8457728624343872,2.677079677581787,nan
3.621,4000,80,1,7.8795145913078155,10,7.877960205078125,0.04240095615386963,7.626760005950928,1.4926731586456299,0.08772988617420197,23.5,2.3069095611572266,0.09816636430456284,34.0,nan,0,0.898664653301239,1.4791473150253296,nan
3.641,4000,80,1,7.880472964257933,10,7.878326416015625,0.023092303425073624,10.227148056030273,2.0016088485717773,-0.025242257863283157,23.5,4.5731587409973145,0.194602499616907,34.0,nan,0,0.9174485802650452,1.4931503534317017,nan
3.66,4000,80,1,7.881462853807898,10,7.87939453125,0.061353880912065506,7.637266635894775,1.4947295188903809,0.03941008076071739,23.5,3.3179147243499756,0.14118786061063726,34.0,nan,0,0.9704391360282898,2.909389019012451,nan
3.681,4000,80,1,7.882495710057992,10,7.880218505859375,0.04015139862895012,10.499682426452637,2.054947853088379,0.09635236114263535,23.5,5.075519561767578,0.21597955581989695,34.0,nan,0,0.011805584654211998,2.196347236633301,nan
3.701,4000,80,1,7.883493489257671,10,7.8811187744140625,0.038860078901052475,10.438399314880371,2.0429539680480957,0.027120765298604965,23.5,4.847298622131348,0.20626802647367437,34.0,nan,0,0.056559931486845016,1.9777969121932983,nan
3.721,4000,80,1,7.884496076757933,10,7.88232421875,0.0630962997674942,7.69046688079834,1.5051416158676147,-0.3551063537597656,23.5,3.235318422317505,0.1376731243539364,34.0,nan,0,0.11708563566207886,2.5493409633636475,nan
3.741,4000,80,1,7.885493972557743,10,7.88348388671875,0.06987117230892181,7.276790618896484,1.4241788387298584,-0.25531184673309326,23.5,2.9909658432006836,0.1272751422638589,34.0,nan,0,0.17522136867046356,3.6928930282592773,nan
3.761,4000,80,1,7.886494510057674,10,7.884521484375,0.053411006927490234,7.203159332275391,1.4097681045532227,-0.07742837816476822,23.5,3.9330461025238037,0.16736366393718313,34.0,nan,0,0.22733207046985626,3.054793357849121,nan
3.781,4000,80,1,7.887495470507566,10,7.8858184814453125,0.0599767230451107,5.726375579833984,1.1207389831542969,0.041773080825805664,23.5,2.778839588165283,0.1182484931134163,34.0,nan,0,0.2919479012489319,3.0227432250976562,nan
3.801,4000,80,1,7.888493099657354,10,7.8871612548828125,0.06538186222314835,4.401821136474609,0.8615034818649292,0.0706443339586258,23.5,1.8579243421554565,0.07906061030448751,34.0,nan,0,0.35931894183158875,3.288059949874878,nan
3.821,4000,80,1,7.889493499657693,10,7.88836669921875,0.05038105323910713,5.3254499435424805,0.9358341693878174,0.03481123596429825,23.5,1.5644292831420898,0.0665714588571102,34.0,nan,0,0.419056236743927,2.2649919986724854,nan
3.841,4000,80,1,7.890498339257466,10,7.8894500732421875,0.05532876029610634,4.371663570404053,0.7797948122024536,0.025012372061610222,23.5,1.3105242252349854,0.05576698830787172,34.0,nan,0,0.4735160171985626,2.5905404090881348,nan
3.86,4000,80,1,7.891452643407684,10,7.8902435302734375,0.04339619353413582,5.388835430145264,1.168837070465088,-0.06425362825393677,23.5,2.2303991317749023,0.09491060135212351,34.0,nan,0,0.5133598446846008,2.422300100326538,nan
3.881,4000,80,1,7.892499276757736,10,7.8909454345703125,0.020428568124771118,8.327985763549805,1.6299138069152832,0.01839260384440422,23.5,2.755018472671509,0.11723482862431953,34.0,nan,0,0.5484264492988586,0.8991692662239075,nan
3.901,4000,80,1,7.893495662157512,10,7.8917083740234375,0.052463650703430176,6.23215913772583,1.2197285890579224,-0.029135776683688164,23.5,3.1589064598083496,0.13442155148120635,34.0,nan,0,0.5863974094390869,3.2951204776763916,nan
3.921,4000,80,1,7.894499058007932,10,7.892822265625,0.044992316514253616,6.496103763580322,1.2713866233825684,-0.7906413078308105,23.5,2.9215543270111084,0.12432146072387695,34.0,nan,0,0.6418232917785645,2.3057286739349365,nan
3.941,4000,80,1,7.8954961642579295,10,7.8939666748046875,0.05307049676775932,5.970839977264404,1.1685844659805298,-0.14842435717582703,23.5,1.92600417137146,0.08195762431367914,34.0,nan,0,0.6993948221206665,2.1649837493896484,nan
3.961,4000,80,1,7.896498518408044,10,7.8949432373046875,0.053462810814380646,7.138366222381592,1.3970870971679688,-0.25990474224090576,23.5,2.325408458709717,0.09895355143445603,34.0,nan,0,0.7482680678367615,2.6623637676239014,nan
3.981,4000,80,1,7.897490578807629,10,7.895782470703125,0.039499036967754364,7.813448429107666,1.5292109251022339,-0.01608177274465561,23.5,3.381836414337158,0.14390793252498546,34.0,nan,0,0.7900210022926331,1.9994781017303467,nan
4.001,4000,80,1,7.898494566307637,10,7.8968353271484375,0.05520952492952347,6.66109037399292,1.4018080234527588,0.33899837732315063,23.5,2.722940444946289,0.11586980616792719,34.0,nan,0,0.8425152897834778,2.949904441833496,nan
4.021,4000,80,1,7.899495412157558,10,7.8979949951171875,0.05163242295384407,6.8423943519592285,1.3391607999801636,-0.21048644185066223,23.5,1.8859537839889526,0.0802533525101682,34.0,nan,0,0.9007794260978699,1.9989393949508667,nan
4.041,4000,80,1,7.900494916307799,10,7.8985748291015625,0.032677359879016876,8.78547477722168,1.7194513082504272,-0.0789836123585701,23.5,4.177853107452393,0.1777809832958465,34.0,nan,0,0.9296187162399292,1.897957682609558,nan
4.061,4000,80,1,7.901497635057604,10,7.8994903564453125,0.04292667657136917,8.444123268127441,1.6526436805725098,-0.08063610643148422,23.5,3.290379524230957,0.14001614996727477,34.0,nan,0,0.9754263758659363,2.0071046352386475,nan
4.081,4000,80,1,7.90249725175745,10,7.900299072265625,0.045975327491760254,8.865355491638184,1.7350852489471436,-0.09963180869817734,23.5,4.721718788146973,0.200924203750935,34.0,nan,0,0.015754112973809242,2.457629919052124,nan
4.101,4000,80,1,7.903497312157561,10,7.901031494140625,0.025996796786785126,12.65742015838623,2.477250099182129,0.04708690941333771,23.5,5.321722507476807,0.22645627691390666,34.0,nan,0,0.05257422477006912,1.2346845865249634,nan
4.121,4000,80,1,7.904476743407577,10,7.9019622802734375,0.0654979720711708,9.272846221923828,1.8148373365402222,0.056422796100378036,23.5,5.206119537353516,0.2215370015895113,34.0,nan,0,0.09929941594600677,4.054533004760742,nan
4.141,4000,80,1,7.905498920507672,10,7.9032135009765625,0.05883673205971718,8.881378173828125,1.7398741245269775,-0.14878669381141663,23.5,4.842667102813721,0.2060709405452647,34.0,nan,0,0.16203010082244873,3.500697612762451,nan
4.161,4000,80,1,7.906494914257928,10,7.904449462890625,0.052938204258680344,7.274074077606201,1.423647165298462,0.035869888961315155,23.5,3.7924580574035645,0.16138119393206657,34.0,nan,0,0.2235495001077652,2.626372814178467,nan
4.181,4000,80,1,7.907499426757568,10,7.90576171875,0.06259514391422272,5.729771137237549,1.2194857597351074,0.03799290955066681,23.5,3.0515806674957275,0.1298544964891799,34.0,nan,0,0.2892519235610962,3.0380940437316895,nan
4.201,4000,80,1,7.908494995507499,10,7.9070892333984375,0.0651092529296875,3.977485418319702,0.7784545421600342,-0.052096158266067505,23.5,1.6912968158721924,0.07197007727115712,34.0,nan,0,0.3550941050052643,3.391099691390991,nan
4.221,4000,80,1,7.9094972434075315,10,7.9083404541015625,0.05315795913338661,4.865499019622803,0.9522522687911987,0.06951398402452469,23.5,1.5549763441085815,0.06616920613228007,34.0,nan,0,0.4181496202945709,2.3431456089019775,nan
4.241,4000,80,1,7.91049434130764,10,7.90936279296875,0.05393318459391594,4.963608741760254,0.9714539051055908,0.10567497462034225,23.5,1.5432538986206055,0.06567037866470661,34.0,nan,0,0.4693692624568939,2.652437925338745,nan
4.261,4000,80,1,7.911494691307598,10,7.91033935546875,0.05001405254006386,5.6668477058410645,1.10908842086792,-0.07003659754991531,23.5,1.953436017036438,0.08312493689516758,34.0,nan,0,0.5175995230674744,2.4833061695098877,nan
4.281,4000,80,1,7.912494316307857,10,7.9109344482421875,0.01632247120141983,8.813089370727539,1.724855899810791,-0.07023980468511581,23.5,2.82195782661438,0.12008331177082468,34.0,nan,0,0.5474624633789062,0.6298239827156067,nan
4.301,4000,80,1,7.913476610057842,10,7.9115447998046875,0.040736112743616104,8.99283504486084,1.7600349187850952,0.059171512722969055,23.5,3.9621057510375977,0.16860024472500415,34.0,nan,0,0.5783933401107788,2.5020592212677,nan
4.321,4000,80,1,7.914496658007556,10,7.9127197265625,0.04863506183028221,7.541762351989746,1.476037859916687,0.056899167597293854,23.5,2.963779926300049,0.12611829473617228,34.0,nan,0,0.6371204257011414,2.2529561519622803,nan
4.341,4000,80,1,7.915494016307639,10,7.913818359375,0.05740111321210861,6.163815021514893,1.2063525915145874,0.08426132053136826,23.5,2.3283302783966064,0.09907788418708964,34.0,nan,0,0.691512942314148,2.6919312477111816,nan
4.361,4000,80,1,7.916499543407554,10,7.9149169921875,0.06126280501484871,6.437335014343262,1.2598845958709717,0.08955015987157822,23.5,2.4129672050476074,0.10267945553394074,34.0,nan,0,0.7470030784606934,2.7855489253997803,nan
4.38,4000,80,1,7.917458647557941,10,7.91571044921875,0.041787952184677124,7.979983806610107,1.5618045330047607,-0.065168097615242,23.5,3.4168848991394043,0.14539935741018742,34.0,nan,0,0.7865356802940369,2.411363124847412,nan
4.401,4000,80,1,7.918492095507826,10,7.91668701171875,0.035238806158304214,8.589792251586914,1.6811532974243164,-0.06783994287252426,23.5,3.226064682006836,0.13727934817050366,34.0,nan,0,0.8349359035491943,1.5122194290161133,nan
4.421,4000,80,1,7.919500474657979,10,7.9179229736328125,0.07189823687076569,5.453485012054443,1.0673301219940186,0.15299014747142792,23.5,2.002415895462036,0.0852091870409377,34.0,nan,0,0.8969950079917908,3.355710744857788,nan
4.441,4000,80,1,7.920501862157834,10,7.918701171875,0.037183113396167755,7.984175682067871,1.5626248121261597,0.13780425488948822,23.5,3.730896472930908,0.15876155203961312,34.0,nan,0,0.9359819889068604,2.0599398612976074,nan
4.461,4000,80,1,7.92149944340781,10,7.9194793701171875,0.027001844719052315,10.262757301330566,2.008578062057495,-0.1263362169265747,23.5,3.7122459411621094,0.157967912389877,34.0,nan,0,0.9744088649749756,0.957426130771637,nan
4.48,4000,80,1,7.922455939257633,10,7.920135498046875,0.049360327422618866,9.165665626525879,1.7938604354858398,0.03299228101968765,23.5,5.065744876861572,0.2155636117813435,34.0,nan,0,0.007486211135983467,3.0454819202423096,nan
4.501,4000,80,1,7.923499043407354,10,7.9210357666015625,0.023192154243588448,11.672318458557129,2.2844507694244385,2.888065637307591e-06,23.5,5.505951881408691,0.23429582474079538,34.0,nan,0,0.052285995334386826,1.0920424461364746,nan
4.52,4000,80,1,7.924454451757628,10,7.9217987060546875,0.05176461115479469,10.680973052978516,2.0904293060302734,-0.1340831220149994,23.5,6.27636194229126,0.26707923158686214,34.0,nan,0,0.09077051281929016,3.1771059036254883,nan
4.541,4000,80,1,7.925498441307717,10,7.923187255859375,0.06319303810596466,8.635818481445312,1.6901614665985107,-0.32574576139450073,23.5,4.522697448730469,0.19245521058427525,34.0,nan,0,0.16065284609794617,3.2492096424102783,nan
4.561,4000,80,1,7.926498412157524,10,7.92449951171875,0.0636366754770279,6.404173374176025,1.253394365310669,-0.038503117859363556,23.5,3.704568386077881,0.1576412079182077,34.0,nan,0,0.22558197379112244,3.168827533721924,nan
4.581,4000,80,1,7.9274951017578115,10,7.9257354736328125,0.0572388581931591,6.327430248260498,1.2383744716644287,0.028743967413902283,23.5,3.0982110500335693,0.13183876808653486,34.0,nan,0,0.287685751914978,3.016578197479248,nan
4.601,4000,80,1,7.928494641307768,10,7.926971435546875,0.055077675729990005,5.6977057456970215,1.1151279211044312,0.14407196640968323,23.5,2.3601765632629395,0.10043304524523147,34.0,nan,0,0.349672794342041,2.7176411151885986,nan
4.621,4000,80,1,7.929496276757707,10,7.9283447265625,0.06366177648305893,2.6968088150024414,0.5278065800666809,0.0353831946849823,23.5,1.2578738927841187,0.05352654862911143,34.0,nan,0,0.4178321659564972,2.822876453399658,nan
4.641,4000,80,1,7.930497230907347,10,7.929443359375,0.04814628139138222,4.413671493530273,0.8638228178024292,0.03146589547395706,23.5,1.5867823362350464,0.06752265260574665,34.0,nan,0,0.47298821806907654,2.2209062576293945,nan
4.661,4000,80,1,7.9314977788075325,10,7.930328369140625,0.047850411385297775,5.13310432434082,1.004626750946045,-0.057550571858882904,23.5,1.9445629119873047,0.08274735795690659,34.0,nan,0,0.5170488953590393,2.5708343982696533,nan
4.681,4000,80,1,7.932494912157561,10,7.9309539794921875,0.019274424761533737,8.56826114654541,1.6769393682479858,0.059166476130485535,23.5,2.6972849369049072,0.11477808242148542,34.0,nan,0,0.5485327243804932,0.8201566338539124,nan
4.701,4000,80,1,7.93349431005772,10,7.9315643310546875,0.038941770792007446,8.781537055969238,1.718680739402771,-0.01539637427777052,23.5,4.102345943450928,0.17456791248727352,34.0,nan,0,0.5792964696884155,2.315352439880371,nan
4.721,4000,80,1,7.934494089257349,10,7.9325714111328125,0.04621480777859688,8.234853744506836,1.6116864681243896,-0.08658235520124435,23.5,3.051382541656494,0.129846065602404,34.0,nan,0,0.6296354532241821,2.2162680625915527,nan
4.74,4000,80,1,7.9354510309080055,10,7.9336090087890625,0.0614720955491066,7.112921237945557,1.512651801109314,0.2731059789657593,23.5,2.8820338249206543,0.12263973723066614,34.0,nan,0,0.6816493272781372,2.8838369846343994,nan
4.761,4000,80,1,7.936485143407479,10,7.934814453125,0.06487223505973816,6.415347576141357,1.2555813789367676,0.03918101638555527,23.5,2.7554731369018555,0.11725417603837683,34.0,nan,0,0.7413315176963806,3.404529094696045,nan
4.781,4000,80,1,7.937488960057816,10,7.9357147216796875,0.03643892705440521,8.242646217346191,1.6132113933563232,0.011035056784749031,23.5,3.763573408126831,0.1601520599202907,34.0,nan,0,0.7865811586380005,2.0035219192504883,nan
4.801,4000,80,1,7.938490387157797,10,7.936737060546875,0.03778435289859772,8.758221626281738,1.714117407798767,0.13468818366527557,23.5,2.979145050048828,0.12677212978931182,34.0,nan,0,0.8375729322433472,1.2216286659240723,nan
4.821,4000,80,1,7.939496722557667,10,7.9376678466796875,0.06799890100955963,6.318864822387695,1.2366982698440552,-0.07296836376190186,23.5,2.9105589389801025,0.12385357187149372,34.0,nan,0,0.8842165470123291,4.058473587036133,nan
4.841,4000,80,1,7.940494824657796,10,7.9387969970703125,0.0487702377140522,7.515439510345459,1.470885992050171,0.05501275509595871,23.5,3.2187047004699707,0.13696615746680726,34.0,nan,0,0.9404101967811584,2.6363964080810547,nan
4.861,4000,80,1,7.941493637157689,10,7.93951416015625,0.021932126954197884,11.01759147644043,2.156310558319092,-0.02687016688287258,23.5,3.866295576095581,0.16452321600406727,34.0,nan,0,0.9764245748519897,0.787056565284729,nan
4.881,4000,80,1,7.942494112157871,10,7.9401092529296875,0.04153582826256752,10.532173156738281,2.061306953430176,0.1093231663107872,23.5,5.536643981933594,0.23560187157164228,34.0,nan,0,0.006470866035670042,2.5707828998565674,nan
4.901,4000,80,1,7.943485070507447,10,7.9410247802734375,0.02883184887468815,11.610394477844238,2.2723312377929688,0.07861024141311646,23.5,5.251684188842773,0.2234759229294797,34.0,nan,0,0.05238175764679909,1.0814106464385986,nan
4.921,4000,80,1,7.944481558007825,10,7.941619873046875,0.03858616203069687,11.780632972717285,2.305649518966675,-0.13449634611606598,23.5,7.33269739151001,0.3120296762344685,34.0,nan,0,0.08206066489219666,2.295342445373535,nan
4.941,4000,80,1,7.945482562157847,10,7.94281005859375,0.061613429337739944,9.142095565795898,1.7186567783355713,-0.18690192699432373,23.5,5.429882526397705,0.23105883091054064,34.0,nan,0,0.14153951406478882,3.2227425575256348,nan
4.961,4000,80,1,7.946466026757841,10,7.944244384765625,0.0643286406993866,7.307216644287109,1.4301337003707886,0.009192872792482376,23.5,3.986347198486328,0.1696317956802693,34.0,nan,0,0.2128898799419403,3.252230405807495,nan
4.981,4000,80,1,7.947490999657745,10,7.945648193359375,0.05989030748605728,6.442602634429932,1.2609156370162964,0.11863794922828674,23.5,3.1266303062438965,0.13304809813803814,34.0,nan,0,0.28301870822906494,3.0376222133636475,nan
5.001,4000,80,1,7.948496018407601,10,7.9470367431640625,0.06431785225868225,4.334247589111328,0.848278284072876,0.08607154339551926,23.5,1.8480098247528076,0.07863871594692798,34.0,nan,0,0.35254159569740295,2.934337615966797,nan
5.021,4000,80,1,7.949482783007985,10,7.9483184814453125,0.06490402668714523,4.411684513092041,0.8634339570999146,-0.04075758531689644,23.5,1.3529630899429321,0.05757289744438009,34.0,nan,0,0.41653990745544434,2.9013397693634033,nan
5.041,4000,80,1,7.950485035057497,10,7.9494781494140625,0.05081998184323311,4.650369167327881,0.9101481437683105,0.0731898844242096,23.5,1.469011902809143,0.06251114480038907,34.0,nan,0,0.47477221488952637,2.2308831214904785,nan
5.061,4000,80,1,7.951494295508016,10,7.9503631591796875,0.045774877071380615,5.888978958129883,1.1210639476776123,-0.3101878762245178,23.5,1.7992584705352783,0.07656419023554376,34.0,nan,0,0.5189558267593384,2.2320847511291504,nan
5.081,4000,80,1,7.952496476757366,10,7.95098876953125,0.021117979660630226,8.312501907348633,1.6268832683563232,0.10102994740009308,23.5,2.78206205368042,0.11838561930554978,34.0,nan,0,0.5501974821090698,1.0073338747024536,nan
5.1,4000,80,1,7.953451476757615,10,7.951568603515625,0.034874554723501205,7.821850299835205,1.530855417251587,-0.043317392468452454,23.5,3.8117079734802246,0.16220033929703084,34.0,nan,0,0.5794689655303955,1.9403085708618164,nan
5.121,4000,80,1,7.954500226757951,10,7.95245361328125,0.03435055911540985,10.214987754821777,1.9992287158966064,0.06624192744493484,23.5,3.9732978343963623,0.16907650359133455,34.0,nan,0,0.6232414245605469,1.635526418685913,nan
5.14,4000,80,1,7.955456645507362,10,7.9535064697265625,0.06582863628864288,7.27630090713501,1.4240829944610596,-0.0030361865647137165,23.5,3.0685315132141113,0.13057580907294092,34.0,nan,0,0.67662513256073,3.4680542945861816,nan
5.161,4000,80,1,7.956491510057819,10,7.954620361328125,0.059149984270334244,6.541259765625,1.3183451890945435,-0.03919753432273865,23.5,3.4674272537231445,0.14755009590311252,34.0,nan,0,0.7322070002555847,3.4856786727905273,nan
5.181,4000,80,1,7.957491914257841,10,7.9558258056640625,0.04683227092027664,7.119429111480713,1.393380880355835,0.0021252697333693504,23.5,3.1255195140838623,0.13300083038654734,34.0,nan,0,0.7921151518821716,2.161879062652588,nan
5.2,4000,80,1,7.958461133007947,10,7.9567413330078125,0.04435424134135246,7.9843339920043945,1.5626559257507324,0.0397995300590992,23.5,2.9148998260498047,0.12403829047020445,34.0,nan,0,0.8381385207176208,2.030421495437622,nan
5.221,4000,80,1,7.959495649657762,10,7.9576416015625,0.052383799105882645,7.857027053833008,1.3982515335083008,-0.060936376452445984,23.5,3.4759111404418945,0.14791111235922955,34.0,nan,0,0.8828312754631042,3.100008726119995,nan
5.241,4000,80,1,7.96049574755743,10,7.958831787109375,0.05456625297665596,6.886874198913574,1.3478662967681885,0.09682054817676544,23.5,2.84393310546875,0.1210184300199468,34.0,nan,0,0.9424775242805481,2.724348783493042,nan
5.261,4000,80,1,7.9614965621578415,10,7.959625244140625,0.02831023931503296,9.797165870666504,1.9174546003341675,0.13738784193992615,23.5,3.632260322570801,0.154564269045566,34.0,nan,0,0.9819121956825256,1.2922618389129639,nan
5.281,4000,80,1,7.962493616307617,10,7.960235595703125,0.038504309952259064,10.372404098510742,2.0300376415252686,0.03758345916867256,23.5,5.27692174911499,0.22454986166446766,34.0,nan,0,0.013065448962152004,2.206699848175049,nan
5.301,4000,80,1,7.963481970507561,10,7.961029052734375,0.03114555962383747,11.668473243713379,2.283698081970215,0.058629851788282394,23.5,5.358319282531738,0.22801358649071227,34.0,nan,0,0.0525536835193634,1.3859713077545166,nan
5.321,4000,80,1,7.964493793407743,10,7.9617156982421875,0.03859834745526314,12.134544372558594,2.374915361404419,0.07382042706012726,23.5,7.175095558166504,0.3053232152411278,34.0,nan,0,0.08656617254018784,2.242192268371582,nan
5.34,4000,80,1,7.965463295507649,10,7.962615966796875,0.044898178428411484,11.015336036682129,2.155869245529175,-0.06180192530155182,23.5,6.707309246063232,0.285417414726095,34.0,nan,0,0.13176804780960083,2.5745959281921387,nan
5.361,4000,80,1,7.9664930767576125,10,7.9640960693359375,0.06748467683792114,8.800246238708496,1.7223422527313232,-0.04540041834115982,23.5,4.331362247467041,0.18431328712625705,34.0,nan,0,0.20577509701251984,3.0078279972076416,nan
5.381,4000,80,1,7.967494745507426,10,7.9656219482421875,0.07717277109622955,5.698014736175537,1.1151883602142334,0.16905158758163452,23.5,2.8748786449432373,0.12233526148694626,34.0,nan,0,0.28188809752464294,3.5073447227478027,nan
5.401,4000,80,1,7.96849590380734,10,7.967010498046875,0.06422009319067001,3.6838881969451904,0.7209930419921875,-0.04825744032859802,23.5,2.0778419971466064,0.0884188083892173,34.0,nan,0,0.3514491021633148,3.1854875087738037,nan
5.421,4000,80,1,7.969493426757978,10,7.9682464599609375,0.06016792729496956,4.875461578369141,0.9542021751403809,0.16455551981925964,23.5,1.718885898590088,0.07314408079106757,34.0,nan,0,0.4130060076713562,3.1367251873016357,nan
5.441,4000,80,1,7.970493628807887,10,7.9694976806640625,0.05802077800035477,3.9446051120758057,0.7720193862915039,-0.06354137510061264,23.5,1.27266526222229,0.05415596860520383,34.0,nan,0,0.4758095145225525,2.526705503463745,nan
5.461,4000,80,1,7.9714941600577705,10,7.970428466796875,0.047249939292669296,5.394464492797852,1.055778980255127,-0.06824585795402527,23.5,1.577289342880249,0.06711869544171273,34.0,nan,0,0.5226075649261475,2.1702516078948975,nan
5.481,4000,80,1,7.9724947538074025,10,7.9709014892578125,0.012741507031023502,9.765618324279785,1.9112803936004639,0.1394151896238327,23.5,3.0827908515930176,0.1311825894294901,34.0,nan,0,0.5458753705024719,0.5972084999084473,nan
5.501,4000,80,1,7.973493905907524,10,7.97161865234375,0.04513442888855934,7.9157328605651855,1.549229621887207,0.020426852628588676,23.5,3.6833839416503906,0.15673974219788897,34.0,nan,0,0.5822135806083679,2.305528163909912,nan
5.521,4000,80,1,7.974500583007464,10,7.9724273681640625,0.02773849479854107,10.287668228149414,2.013453483581543,0.07071438431739807,23.5,4.224173069000244,0.1797520454893721,34.0,nan,0,0.6221250295639038,1.3121075630187988,nan
5.54,4000,80,1,7.975455437157504,10,7.973297119140625,0.06032277271151543,7.982838153839111,1.6139216423034668,-0.016950104385614395,23.5,4.162867069244385,0.17714327954231424,34.0,nan,0,0.666183352470398,3.605743169784546,nan
5.561,4000,80,1,7.976493943407692,10,7.9745025634765625,0.0542871318757534,7.450273513793945,1.4581321477890015,0.0759192407131195,23.5,3.854041576385498,0.16400176920789353,34.0,nan,0,0.7262083888053894,3.0822489261627197,nan
5.581,4000,80,1,7.977489872557632,10,7.9757537841796875,0.05720854178071022,6.677043437957764,1.116068959236145,-0.025519615039229393,23.5,2.8057920932769775,0.11939540822455223,34.0,nan,0,0.7889175415039062,2.795915365219116,nan
5.6,4000,80,1,7.97844490590796,10,7.976715087890625,0.03730592876672745,8.293190956115723,1.6231038570404053,0.12931515276432037,23.5,3.05661678314209,0.13006879928264212,34.0,nan,0,0.8363543152809143,1.614956259727478,nan
5.621,4000,80,1,7.979493635057585,10,7.977691650390625,0.052316196262836456,7.543735980987549,1.4429547786712646,0.08075439929962158,23.5,3.1035537719726562,0.13206611795628326,34.0,nan,0,0.8858798742294312,2.6866037845611572,nan
5.64,4000,80,1,7.980450130907408,10,7.9786224365234375,0.05789736658334732,6.744011402130127,1.302884817123413,0.10163848102092743,23.5,3.33428955078125,0.14188466173537234,34.0,nan,0,0.9321752190589905,3.4443063735961914,nan
5.661,4000,80,1,7.98147400800735,10,7.9798736572265625,0.04237921163439751,7.728078842163086,1.512502908706665,-0.005472482182085514,23.5,2.773951530456543,0.11804049065772523,34.0,nan,0,0.9942241311073303,1.6383471488952637,nan
5.68,4000,80,1,7.982448580907654,10,7.98046875,0.031578101217746735,9.958106994628906,1.94895339012146,0.030759617686271667,23.5,4.228080749511719,0.1799183297664561,34.0,nan,0,0.02425202913582325,1.4935591220855713,nan
5.701,4000,80,1,7.983493749657642,10,7.9807891845703125,0.006283821538090706,14.680973052978516,2.8732900619506836,0.059699200093746185,23.5,6.518072605133057,0.27736479170778966,34.0,nan,0,0.04002075642347336,0.1536562591791153,nan
5.721,4000,80,1,7.984493337157615,10,7.9814300537109375,0.05017153173685074,12.291431427001953,2.405620574951172,0.05390673875808716,23.5,7.472086429595947,0.31796112466365734,34.0,nan,0,0.07219120860099792,2.678649425506592,nan
5.74,4000,80,1,7.9854517725580045,10,7.982391357421875,0.043783459812402725,13.561979293823242,2.6542859077453613,0.049889545887708664,23.5,7.071290969848633,0.3009059987169631,34.0,nan,0,0.12079710513353348,1.9300382137298584,nan
5.761,4000,80,1,7.986493510057331,10,7.9838409423828125,0.08604476600885391,8.524540901184082,1.628061056137085,-0.02463521808385849,23.5,4.571854591369629,0.1945470038880693,34.0,nan,0,0.19276727735996246,4.009639739990234,nan
5.781,4000,80,1,7.987466108007353,10,7.9853668212890625,0.08280053734779358,6.015110015869141,1.1772487163543701,-0.04128367826342583,23.5,3.2670822143554688,0.1390247750789561,34.0,nan,0,0.26925450563430786,4.126524925231934,nan
5.801,4000,80,1,7.9884932350578275,10,7.9869384765625,0.0669795423746109,5.075263023376465,0.9933063387870789,0.09468373656272888,23.5,2.201901435852051,0.0936979334405128,34.0,nan,0,0.3475520610809326,3.087064027786255,nan
5.821,4000,80,1,7.989494964257752,10,7.988189697265625,0.05228480324149132,4.209624767303467,0.8238877654075623,0.15847907960414886,23.5,1.7117040157318115,0.07283846875454517,34.0,nan,0,0.4105187952518463,2.42781662940979,nan
5.841,4000,80,1,7.9904836267574835,10,7.9894256591796875,0.06551248580217361,3.870102882385254,0.7574381232261658,-0.01936662569642067,23.5,1.3215582370758057,0.056236520726630025,34.0,nan,0,0.47219744324684143,2.8732964992523193,nan
5.861,4000,80,1,7.991497980908022,10,7.990509033203125,0.04906739294528961,4.989315986633301,0.9764851927757263,0.03695836290717125,23.5,1.3463163375854492,0.05729005691852975,34.0,nan,0,0.5265362858772278,2.126340389251709,nan
5.881,4000,80,1,7.992492295507688,10,7.990875244140625,0.008362676948308945,9.98184585571289,1.953599452972412,0.011079709976911545,23.5,3.2514147758483887,0.13835807556801655,34.0,nan,0,0.544537365436554,0.38716650009155273,nan
5.901,4000,80,1,7.993495772557796,10,7.9915618896484375,0.04639128968119621,8.515832901000977,1.6666784286499023,0.05646523833274841,23.5,3.857978582382202,0.16416930137796604,34.0,nan,0,0.5792437195777893,2.5378224849700928,nan
5.921,4000,80,1,7.9944976455073595,10,7.992401123046875,0.029955711215734482,10.263230323791504,1.9117405414581299,0.019038038328289986,23.5,4.156231880187988,0.1768609310718293,34.0,nan,0,0.621208906173706,1.2304753065109253,nan
5.941,4000,80,1,7.9954801809079035,10,7.9932403564453125,0.05206015333533287,9.195867538452148,1.7997715473175049,-0.022811539471149445,23.5,4.675073146820068,0.19893928284340717,34.0,nan,0,0.6629688739776611,3.0286169052124023,nan
5.96,4000,80,1,7.996444693407826,10,7.9943695068359375,0.054288167506456375,8.387735366821289,1.641607642173767,0.11836512386798859,23.5,4.1108174324035645,0.17492840137887508,34.0,nan,0,0.7197076082229614,2.8979828357696533,nan
5.981,4000,80,1,7.99749717465747,10,7.9956512451171875,0.0576920323073864,7.397898197174072,1.288478136062622,0.03877939283847809,23.5,3.1136879920959473,0.132497361365785,34.0,nan,0,0.7835881114006042,2.98221492767334,nan
6.001,4000,80,1,7.9984944746574875,10,7.99676513671875,0.039810340851545334,8.278392791748047,1.620207667350769,0.13214242458343506,23.5,3.0260260105133057,0.12876706427716195,34.0,nan,0,0.8392540216445923,1.6411381959915161,nan
6.021,4000,80,1,7.999496703807377,10,7.9977569580078125,0.05949103832244873,7.460170745849609,1.460069179534912,-0.07668618857860565,23.5,2.880608558654785,0.12257908760233129,34.0,nan,0,0.8889811038970947,2.9188106060028076,nan
6.04,4000,80,1,8.000454024657662,10,7.9983978271484375,0.03263755515217781,9.221436500549316,1.804775595664978,0.09192399680614471,23.5,4.357550621032715,0.18542768600139212,34.0,nan,0,0.9211398363113403,2.0943336486816406,nan
6.06,4000,80,1,8.001454880907838,10,7.9997406005859375,0.06432010233402252,6.516388893127441,1.275356650352478,0.1439497470855713,23.5,2.3274452686309814,0.09904022419706304,34.0,nan,0,0.9879117012023926,2.5051183700561523,nan
6.081,4000,80,1,8.002496991307996,10,8.00054931640625,0.03861546516418457,9.490467071533203,1.806898832321167,-0.027908986434340477,23.5,3.8988497257232666,0.1659084989669475,34.0,nan,0,0.028531545773148537,1.9103566408157349,nan
6.101,4000,80,1,8.003474926757915,10,8.000900268554688,0.008905552327632904,14.736101150512695,2.884079694747925,0.04500672221183777,23.5,6.140986442565918,0.2613185720240816,34.0,nan,0,0.04587935283780098,0.43152812123298645,nan
6.121,4000,80,1,8.004497464258018,10,8.001556396484375,0.04394727200269699,12.536069869995117,2.4535000324249268,-0.03999132663011551,23.5,7.450643539428711,0.3170486612522856,34.0,nan,0,0.07908786833286285,2.4223105907440186,nan
6.141,4000,80,1,8.005503362157468,10,8.002532958984375,0.03625664487481117,12.89813232421875,2.5243611335754395,0.09441941231489182,23.5,6.86617374420166,0.29217760613624083,34.0,nan,0,0.12728263437747955,1.5798338651657104,nan
6.161,4000,80,1,8.006496210057955,10,8.003677368164062,0.07591550797224045,9.046857833862305,1.7706079483032227,0.18818435072898865,23.5,5.624879837036133,0.2393565888100482,34.0,nan,0,0.18518882989883423,4.283480167388916,nan
6.181,4000,80,1,8.007472547557697,10,8.005203247070312,0.07852837443351746,7.144168853759766,1.3982226848602295,-0.2791295647621155,23.5,3.471561908721924,0.14772603866901804,34.0,nan,0,0.2614045739173889,4.011269569396973,nan
6.201,4000,80,1,8.008494574657377,10,8.006866455078125,0.07818230241537094,5.4411115646362305,1.064908504486084,0.14111971855163574,23.5,2.0600028038024902,0.08765969377882937,34.0,nan,0,0.3445943295955658,3.5347816944122314,nan
6.221,4000,80,1,8.009495616307683,10,8.0081787109375,0.06054430827498436,5.603830814361572,1.0967551469802856,-0.010749030858278275,23.5,1.7647781372070312,0.07509694200880984,34.0,nan,0,0.41011756658554077,2.651890993118286,nan
6.241,4000,80,1,8.010495487157456,10,8.0093994140625,0.0697849914431572,2.6212244033813477,0.5130136013031006,0.07147765159606934,23.5,0.7722890377044678,0.0328633633065731,34.0,nan,0,0.4712962806224823,3.5672872066497803,nan
6.261,4000,80,1,8.011467199657634,10,8.010513305664062,0.050397925078868866,4.757608890533447,0.9311365485191345,0.036454200744628906,23.5,1.249221682548523,0.053158369470149916,34.0,nan,0,0.5268586874008179,2.1586928367614746,nan
6.281,4000,80,1,8.01248708715793,10,8.011001586914062,0.017773116007447243,9.697827339172363,1.8980125188827515,-0.021146517246961594,23.5,2.833749294281006,0.12058507635238323,34.0,nan,0,0.5510690212249756,1.0773589611053467,nan
6.301,4000,80,1,8.013492426757873,10,8.01165771484375,0.03685516119003296,8.622912406921387,1.6876354217529297,-0.04617280513048172,23.5,4.032698631286621,0.17160419707602642,34.0,nan,0,0.5834512710571289,2.088515281677246,nan
6.321,4000,80,1,8.014495653807533,10,8.012481689453125,0.031447671353816986,9.814462661743164,1.9208400249481201,0.01065213605761528,23.5,3.9173312187194824,0.16669494547742478,34.0,nan,0,0.6250153183937073,1.4151933193206787,nan
6.34,4000,80,1,8.015464864257954,10,8.013275146484375,0.04871952533721924,9.791484832763672,1.9163429737091064,-0.0076413871720433235,23.5,4.643123149871826,0.19757970850518408,34.0,nan,0,0.6649121642112732,2.690899610519409,nan
6.361,4000,80,1,8.016469155907542,10,8.014312744140625,0.051204562187194824,8.084650039672852,1.6278421878814697,-0.036352161318063736,23.5,4.295675277709961,0.18279469266850898,34.0,nan,0,0.7165942192077637,2.8710689544677734,nan
6.381,4000,80,1,8.01749842675781,10,8.015625,0.055947840213775635,7.307124137878418,1.4301155805587769,0.011690656654536724,23.5,3.226503610610962,0.13729802598344518,34.0,nan,0,0.7823094129562378,2.677238702774048,nan
6.401,4000,80,1,8.01849446215783,10,8.016830444335938,0.04982655495405197,7.649637699127197,1.4971507787704468,0.14237989485263824,23.5,2.5782341957092285,0.10971209343443526,34.0,nan,0,0.8427582383155823,1.743032455444336,nan
6.421,4000,80,1,8.019496043407706,10,8.017623901367188,0.05178527534008026,8.5691499710083,1.6771132946014404,0.01865745708346367,23.5,3.7489523887634277,0.1595298888835501,34.0,nan,0,0.8822377920150757,3.1164731979370117,nan
6.44,4000,80,1,8.02045445175754,10,8.018463134765625,0.03122112713754177,10.165066719055176,2.0465521812438965,0.10946424305438995,23.5,4.26941442489624,0.1816772095700528,34.0,nan,0,0.9237575531005859,1.6103463172912598,nan
6.461,4000,80,1,8.021500408007704,10,8.019729614257812,0.06909394264221191,6.195777416229248,1.2126080989837646,-0.13479912281036377,23.5,2.3786118030548096,0.10121752353424722,34.0,nan,0,0.9876783490180969,3.1000027656555176,nan
6.481,4000,80,1,8.022505839257791,10,8.02069091796875,0.03816482797265053,9.030210494995117,1.7673499584197998,-0.02791704051196575,23.5,3.120694637298584,0.1327955164807908,34.0,nan,0,0.035330213606357574,1.4609488248825073,nan
6.5,4000,80,1,8.023456635057663,10,8.02093505859375,0.01023950707167387,13.646307945251465,2.670790433883667,0.03389542177319527,23.5,6.072844505310059,0.258418915119577,34.0,nan,0,0.04740055277943611,0.5965414643287659,nan
6.521,4000,80,1,8.024494576757569,10,8.021591186523438,0.035614002496004105,12.814521789550781,2.5079972743988037,-0.04287271201610565,23.5,7.649417877197266,0.3255071437105219,34.0,nan,0,0.08058148622512817,1.9644501209259033,nan
6.54,4000,80,1,8.025457495507725,10,8.022552490234375,0.04119342193007469,12.776046752929688,2.4239721298217773,0.028733808547258377,23.5,6.858494281768799,0.29185082050079997,34.0,nan,0,0.12827402353286743,1.6971242427825928,nan
6.561,4000,80,1,8.026475593407666,10,8.023605346679688,0.06333940476179123,11.169690132141113,2.1860785484313965,0.035781342536211014,23.5,6.321135520935059,0.26898449025255566,34.0,nan,0,0.18115666508674622,3.465991258621216,nan
6.58,4000,80,1,8.027463058007559,10,8.025070190429688,0.08151226490736008,8.066612243652344,1.6698483228683472,0.13629665970802307,23.5,4.407108306884766,0.18753652369722407,34.0,nan,0,0.25463539361953735,4.057129859924316,nan
6.601,4000,80,1,8.028468524657363,10,8.02667236328125,0.08406880497932434,4.4128522872924805,0.7613989114761353,0.011363796889781952,23.5,2.035142660140991,0.08660181532514856,34.0,nan,0,0.33470264077186584,4.0410475730896,nan
6.62,4000,80,1,8.029449870507959,10,8.028060913085938,0.06419428437948227,4.67164421081543,0.9143120646476746,-0.059401270002126694,23.5,1.6658563613891602,0.07088750473996426,34.0,nan,0,0.4037647247314453,2.7151033878326416,nan
6.641,4000,80,1,8.030499422557476,10,8.029312133789062,0.06435558944940567,5.8656511306762695,1.0713276863098145,-0.057589855045080185,23.5,1.74455988407135,0.07423659081154681,34.0,nan,0,0.4663310945034027,3.279996156692505,nan
6.661,4000,80,1,8.031481645508027,10,8.030548095703125,0.06107737496495247,3.933441162109375,0.7698343992233276,0.18267564475536346,23.5,1.1015255451202393,0.046873427451925076,34.0,nan,0,0.528628945350647,2.699849843978882,nan
6.681,4000,80,1,8.032469630907869,10,8.031112670898438,0.021589942276477814,8.127130508422852,1.5906033515930176,0.0024547840002924204,23.5,2.527618408203125,0.1075582301363032,34.0,nan,0,0.5561038255691528,0.9805547595024109,nan
6.701,4000,80,1,8.033494849658016,10,8.031707763671875,0.03755324333906174,8.341829299926758,1.6326231956481934,0.055119410157203674,23.5,3.886275291442871,0.16537341665714345,34.0,nan,0,0.5865159034729004,2.1893177032470703,nan
6.721,4000,80,1,8.034496391307764,10,8.032440185546875,0.02634645439684391,10.881463050842285,2.1296682357788086,0.0903904065489769,23.5,4.226230621337891,0.17983960090799533,34.0,nan,0,0.6230193376541138,1.2628202438354492,nan
6.741,4000,80,1,8.035494366307828,10,8.033294677734375,0.05281011387705803,9.286295890808105,1.817469596862793,-0.07576646655797958,23.5,4.562653541564941,0.19415546985382728,34.0,nan,0,0.6654067635536194,3.0054688453674316,nan
6.761,4000,80,1,8.03649746425799,10,8.03424072265625,0.04484475031495094,9.22920036315918,1.8062951564788818,-0.21502047777175903,23.5,4.8504252433776855,0.20640107418628448,34.0,nan,0,0.7129296660423279,2.7951791286468506,nan
6.781,4000,80,1,8.037496460057444,10,8.03546142578125,0.05134434625506401,8.369998931884766,1.6381362676620483,-0.048134610056877136,23.5,3.631892681121826,0.15454862472858835,34.0,nan,0,0.7736169695854187,2.269063711166382,nan
6.801,4000,80,1,8.03847502880744,10,8.036636352539062,0.06792929023504257,10.4993896484375,2.0548906326293945,-0.40657562017440796,23.5,2.157564878463745,0.09181127142398915,34.0,nan,0,0.8330275416374207,3.013955593109131,nan
6.821,4000,80,1,8.039500324657999,10,8.037796020507812,0.05008305609226227,7.995654582977295,1.5648715496063232,0.020578226074576378,23.5,2.830446243286133,0.12044452099089926,34.0,nan,0,0.8904399871826172,2.1569485664367676,nan
6.841,4000,80,1,8.040486660057647,10,8.0384521484375,0.03675297275185585,9.528672218322754,1.8649063110351562,0.09960658848285675,23.5,4.244950294494629,0.18063618274445228,34.0,nan,0,0.9233874678611755,2.3353805541992188,nan
6.861,4000,80,1,8.041495512157415,10,8.039596557617188,0.06081671267747879,7.316760063171387,1.4320014715194702,0.022575264796614647,23.5,3.0435233116149902,0.12951163028148896,34.0,nan,0,0.9809820055961609,2.9427390098571777,nan
6.881,4000,80,1,8.042496714257865,10,8.040771484375,0.053550709038972855,7.301820278167725,1.4290775060653687,0.19422820210456848,23.5,2.7169137001037598,0.11561334894058552,34.0,nan,0,0.03944014385342598,2.1826770305633545,nan
6.901,4000,80,1,8.043471168407994,10,8.041091918945312,0.015532712452113628,13.190120697021484,2.581507682800293,0.04623013362288475,23.5,5.669636249542236,0.24126111700179728,34.0,nan,0,0.05557733029127121,0.9620770215988159,nan
6.92,4000,80,1,8.04445662255748,10,8.0416259765625,0.031879447400569916,13.108115196228027,2.565458059310913,0.08630794286727905,23.5,7.6340436935424805,0.32485292312946723,34.0,nan,0,0.08213546127080917,1.8674761056900024,nan
6.941,4000,80,1,8.04549329550791,10,8.042495727539062,0.035003695636987686,14.28992748260498,2.7967567443847656,0.06913812458515167,23.5,7.474991798400879,0.3180847573787608,34.0,nan,0,0.12579859793186188,1.6103363037109375,nan
6.96,4000,80,1,8.046455545507339,10,8.043472290039062,0.06087098643183708,12.488995552062988,2.310255527496338,0.0740593820810318,23.5,6.856886386871338,0.29178239944133355,34.0,nan,0,0.17491915822029114,3.257622241973877,nan
6.981,4000,80,1,8.047494151757562,10,8.044845581054688,0.08113579452037811,9.344908714294434,1.6954939365386963,0.03881587088108063,23.5,5.4506402015686035,0.23194213623696186,34.0,nan,0,0.2434684783220291,4.583999156951904,nan
7.001,4000,80,1,8.048493618407516,10,8.046493530273438,0.08359408378601074,5.9558281898498535,1.1656464338302612,0.14647430181503296,23.5,3.0786333084106445,0.1310056726983253,34.0,nan,0,0.32596296072006226,4.3152174949646,nan
7.021,4000,80,1,8.049496818407349,10,8.048049926757812,0.06794998794794083,4.76118278503418,0.9318360686302185,-0.005002008751034737,23.5,1.855652093887329,0.07896391888882251,34.0,nan,0,0.403812050819397,2.7930164337158203,nan
7.04,4000,80,1,8.05045249755785,10,8.049240112304688,0.06328773498535156,4.143807411193848,0.8110062479972839,-0.004130418878048658,23.5,1.701555848121643,0.07240663183496353,34.0,nan,0,0.46326547861099243,3.2539446353912354,nan
7.061,4000,80,1,8.051472514257327,10,8.050521850585938,0.0644114539027214,3.8099989891052246,0.7456748485565186,0.027330461889505386,23.5,1.0254215002059937,0.0436349574555742,34.0,nan,0,0.5270389914512634,3.0508716106414795,nan
7.081,4000,80,1,8.052495683007871,10,8.051223754882812,0.024249853566288948,7.127927303314209,1.3950440883636475,0.06339739263057709,23.5,2.403360366821289,0.1022706539072889,34.0,nan,0,0.5621799826622009,1.140648365020752,nan
7.101,4000,80,1,8.053499393407398,10,8.051910400390625,0.04033801332116127,8.571192741394043,1.6775131225585938,0.03968251496553421,23.5,3.071608066558838,0.1307067262365463,34.0,nan,0,0.5963323712348938,2.200227737426758,nan
7.121,4000,80,1,8.05449534550789,10,8.052337646484375,0.012230273336172104,11.979299545288086,2.344531536102295,-0.17588774859905243,23.5,4.607382297515869,0.19605882117088805,34.0,nan,0,0.618049681186676,0.5802986025810242,nan
7.141,4000,80,1,8.055474997557754,10,8.05316162109375,0.05529947951436043,9.082962989807129,1.7776744365692139,-0.10165756195783615,23.5,5.15144681930542,0.2192105029491668,34.0,nan,0,0.6591798067092896,3.1453771591186523,nan
7.16,4000,80,1,8.056459472557613,10,8.054168701171875,0.041662249714136124,10.252435684204102,2.0065579414367676,-0.03142634034156799,23.5,4.834418296813965,0.2057199275239985,34.0,nan,0,0.7090758085250854,1.9936786890029907,nan
7.181,4000,80,1,8.057493955907553,10,8.055404663085938,0.05543418601155281,8.767279624938965,1.7158902883529663,0.09909296035766602,23.5,3.6582746505737305,0.15567126172654172,34.0,nan,0,0.7714894413948059,2.1429481506347656,nan
7.201,4000,80,1,8.058493283007552,10,8.056533813476562,0.06567353755235672,6.738976955413818,1.318920612335205,0.004438999108970165,23.5,3.2602710723876953,0.13873493925054023,34.0,nan,0,0.8273349404335022,3.2664592266082764,nan
7.221,4000,80,1,8.059497893407384,10,8.057785034179688,0.06540940701961517,6.156378269195557,1.2048970460891724,0.27260953187942505,23.5,2.6830999851226807,0.11417446745202896,34.0,nan,0,0.8905643224716187,2.9246506690979004,nan
7.241,4000,80,1,8.060498076757353,10,8.058456420898438,0.034435298293828964,10.191885948181152,1.994707465171814,0.07165627181529999,23.5,4.582087516784668,0.19498244752275182,34.0,nan,0,0.9236246347427368,2.2815310955047607,nan
7.261,4000,80,1,8.061495774657665,10,8.059524536132812,0.04830285906791687,8.572498321533203,1.677768588066101,-0.026821590960025787,23.5,3.42030668258667,0.14554496521645405,34.0,nan,0,0.9771881699562073,2.025449752807617,nan
7.281,4000,80,1,8.062489255907709,10,8.060699462890625,0.06740845739841461,6.957773208618164,1.3617422580718994,0.16305726766586304,23.5,2.5398736000061035,0.10807972765983419,34.0,nan,0,0.03595234453678131,3.0050082206726074,nan
7.301,4000,80,1,8.063495453807986,10,8.061294555664062,0.021255582571029663,11.864537239074707,2.322070837020874,0.0918787270784378,23.5,5.020253658294678,0.21362781524658203,34.0,nan,0,0.06542477756738663,1.1061334609985352,nan
7.321,4000,80,1,8.064485928807693,10,8.0618896484375,0.03686399385333061,12.395841598510742,2.4260551929473877,0.047568775713443756,23.5,6.3036932945251465,0.2682422678521339,34.0,nan,0,0.09509893506765366,1.968431830406189,nan
7.341,4000,80,1,8.06549796840772,10,8.062362670898438,0.016317566856741905,14.771248817443848,2.890958547592163,-0.17758546769618988,23.5,7.514199256896973,0.31975315986795627,34.0,nan,102,0.11930064111948013,0.9023392200469971,nan
7.36,4000,80,1,8.066452033007948,10,8.063339233398438,0.06762123107910156,11.710887908935547,2.291999340057373,0.008646919392049313,23.5,7.65207052230835,0.3256200222258872,34.0,nan,0,0.1681201308965683,3.8650197982788086,nan
7.381,4000,80,1,8.067496126757755,10,8.064682006835938,0.07090926915407181,10.386201858520508,1.8989603519439697,-0.22152380645275116,23.5,6.409032821655273,0.272724800921501,34.0,nan,0,0.23506169021129608,4.13452672958374,nan
7.4,4000,80,1,8.068448262157466,10,8.066299438476562,0.08091418445110321,6.996175765991211,1.3293137550354004,0.036693282425403595,23.5,3.843039035797119,0.16353357599136678,34.0,nan,0,0.31612759828567505,4.127859115600586,nan
7.421,4000,80,1,8.069497695507737,10,8.068008422851562,0.07673365622758865,4.252569198608398,0.8322925567626953,-0.05041548237204552,23.5,1.78863525390625,0.07611213846409574,34.0,nan,0,0.4015711843967438,3.229227066040039,nan
7.441,4000,80,1,8.070500066307424,10,8.0692138671875,0.06524423509836197,4.548985004425049,0.9944495558738708,0.02404916100203991,23.5,1.969637393951416,0.08381435718942196,34.0,nan,0,0.46168428659439087,3.3385629653930664,nan
7.461,4000,80,1,8.071494445507408,10,8.070480346679688,0.06650694459676743,4.2370686531066895,0.8292588591575623,-0.12742222845554352,23.5,1.2839252948760986,0.054635118930897814,34.0,nan,0,0.525056779384613,3.3885304927825928,nan
7.481,4000,80,1,8.072495747557689,10,8.071212768554688,0.023814745247364044,7.118798732757568,1.3932573795318604,0.09486687183380127,23.5,2.4608445167541504,0.10471678794698512,34.0,nan,0,0.561578094959259,1.150107979774475,nan
7.501,4000,80,1,8.073494883007509,10,8.071884155273438,0.04097156971693039,7.866356372833252,1.539565920829773,-0.06307660043239594,23.5,3.0249595642089844,0.12872168358336103,34.0,nan,0,0.5953679084777832,2.220137596130371,nan
7.521,4000,80,1,8.07449400175755,10,8.072372436523438,0.013612987473607063,12.3283052444458,2.412837266921997,-0.05135000869631767,23.5,4.842153072357178,0.20604906690881608,34.0,nan,0,0.6194673776626587,0.6642194390296936,nan
7.54,4000,80,1,8.075452330907858,10,8.073196411132812,0.05349300429224968,9.648219108581543,1.8883036375045776,-0.25108858942985535,23.5,4.874544143676758,0.20742741036922374,34.0,nan,0,0.6609987020492554,3.0585803985595703,nan
7.561,4000,80,1,8.076498874657402,10,8.07427978515625,0.044169072061777115,9.645554542541504,1.8579128980636597,-0.1896180361509323,23.5,4.7265119552612305,0.20112816830898853,34.0,nan,0,0.7148180603981018,2.4467785358428955,nan
7.581,4000,80,1,8.077476933007704,10,8.075439453125,0.054910119622945786,8.900352478027344,1.7407803535461426,0.19050759077072144,23.5,3.672189474105835,0.15626338187684405,34.0,nan,0,0.7730605006217957,2.241250514984131,nan
7.601,4000,80,1,8.07849828505786,10,8.076461791992188,0.057780299335718155,8.553975105285645,1.6741433143615723,0.036457061767578125,23.5,3.6942825317382812,0.15720351198886304,34.0,nan,0,0.823991060256958,2.881211042404175,nan
7.621,4000,80,1,8.079496110057509,10,8.077651977539062,0.06737419217824936,6.740179538726807,1.3191559314727783,-0.047784339636564255,23.5,3.1080386638641357,0.13225696441975046,34.0,nan,0,0.8839694857597351,3.492455244064331,nan
7.641,4000,80,1,8.080496528807991,10,8.078567504882812,0.034267909824848175,9.5379638671875,1.9221562147140503,0.028605161234736443,23.5,4.329832553863525,0.18424819378142662,34.0,nan,0,0.9289770722389221,1.8129419088363647,nan
7.661,4000,80,1,8.081474333007638,10,8.079559326171875,0.05123761668801308,7.896637916564941,1.54549241065979,0.0701170414686203,23.5,3.44516658782959,0.14660283352466338,34.0,nan,0,0.9791721105575562,2.1559605598449707,nan
7.681,4000,80,1,8.082497291307655,10,8.080642700195312,0.0636046752333641,7.575089454650879,1.3222647905349731,-0.052216269075870514,23.5,3.0345518589019775,0.12912986633625437,34.0,nan,0,0.03297129273414612,3.335070848464966,nan
7.701,4000,80,1,8.083494703807801,10,8.081451416015625,0.03246795013546944,10.222250938415527,1.954010009765625,-0.03752732649445534,23.5,4.485991954803467,0.19089327467248796,34.0,nan,0,0.07381666451692581,1.511667251586914,nan
7.721,4000,80,1,8.0844930621577,10,8.08209228515625,0.027272172272205353,12.488646507263184,2.444218397140503,0.018505392596125603,23.5,5.037725448608398,0.21437129568546376,34.0,nan,0,0.1054997369647026,1.0216050148010254,nan
7.74,4000,80,1,8.085452299657474,10,8.082260131835938,0.008389477618038654,14.57514476776123,2.8525779247283936,-0.03154745697975159,23.5,6.964552879333496,0.29636395231206364,34.0,nan,102,0.11407751590013504,0.4971400499343872,nan
7.761,4000,80,1,8.086494428807775,10,8.0828857421875,0.04730338603258133,14.256328582763672,2.7901809215545654,-0.08305276930332184,23.5,10.257623672485352,0.4364946243610788,34.0,nan,102,0.14514455199241638,3.014864683151245,nan
7.781,4000,80,1,8.087498883007349,10,8.08441162109375,0.06791982799768448,11.31845760345459,2.2151947021484375,-0.08657505363225937,23.5,7.477512359619141,0.31819201530294217,35.0,nan,0,0.22158287465572357,3.4906275272369385,nan
7.801,4000,80,1,8.08849871840793,10,8.08612060546875,0.08377650380134583,7.519777774810791,1.6343234777450562,-0.12162989377975464,23.5,4.6988372802734375,0.19995052256482712,34.0,nan,0,0.3073902726173401,4.27701997756958,nan
7.821,4000,80,1,8.089496814258013,10,8.0877685546875,0.08587326854467392,4.8082966804504395,0.9410569667816162,0.008034308440983295,23.5,2.3017184734344482,0.09794546695465738,34.0,nan,0,0.3894514739513397,4.424345970153809,nan
7.841,4000,80,1,8.090497505907837,10,8.089202880859375,0.0646551176905632,4.217360496520996,0.825401782989502,-0.11816529929637909,23.5,1.9533073902130127,0.08311946341331969,34.0,nan,0,0.46107473969459534,3.1838276386260986,nan
7.861,4000,80,1,8.091493649657782,10,8.090347290039062,0.06018820032477379,5.295473098754883,1.0364048480987549,-0.04379884526133537,23.5,1.8770639896392822,0.07987506338890563,34.0,nan,0,0.5183508992195129,3.165494918823242,nan
7.882,4000,80,1,8.092559810057715,10,8.091400146484375,0.03771093487739563,6.192871570587158,1.2120393514633179,0.040834806859493256,23.5,2.164137125015259,0.09209094149001101,35.0,nan,0,0.5707274079322815,1.7037065029144287,nan
7.901,4000,80,1,8.093487147557603,10,8.09210205078125,0.03661303222179413,7.100550651550293,1.3896859884262085,0.10141464322805405,23.5,2.284799575805664,0.09722551386407081,34.0,nan,0,0.6062667369842529,1.484808087348938,nan
7.921,4000,80,1,8.094495451757389,10,8.092498779296875,0.023245632648468018,10.62381362915039,2.07924222946167,0.09318451583385468,23.5,4.554120063781738,0.19379234313964844,34.0,nan,0,0.6256049871444702,1.712444543838501,nan
7.941,4000,80,1,8.095470797557933,10,8.0933837890625,0.0505947470664978,9.097358703613281,1.7804917097091675,0.01765703596174717,23.5,4.216745376586914,0.17943597347178358,35.0,nan,0,0.6699301600456238,2.736924409866333,nan
7.961,4000,80,1,8.096496224658036,10,8.094284057617188,0.044195644557476044,9.818777084350586,1.9216845035552979,-0.051339637488126755,23.5,4.860360145568848,0.2068238359816531,34.0,nan,0,0.7153227925300598,2.538382053375244,nan
7.981,4000,80,1,8.097497245507835,10,8.095443725585938,0.054040368646383286,9.260881423950195,1.8124957084655762,0.08054207265377045,23.5,3.8306386470794678,0.16300589987572203,34.0,nan,0,0.7729618549346924,2.480168342590332,nan
8.001,4000,80,1,8.098497949657755,10,8.09649658203125,0.05205604434013367,8.873703002929688,1.7367188930511475,0.06524869799613953,23.5,3.664719581604004,0.15594551411080868,35.0,nan,0,0.8256842494010925,2.2761354446411133,nan
8.021,4000,80,1,8.09949661215796,10,8.097503662109375,0.06399404257535934,7.777492046356201,1.5221737623214722,-0.21375051140785217,23.5,3.888242483139038,0.16545712694208672,34.0,nan,0,0.8763612508773804,3.625325918197632,nan
8.041,4000,80,1,8.100480841307578,10,8.098617553710938,0.0423804447054863,8.814095497131348,1.725052833557129,0.06525510549545288,23.5,3.8584794998168945,0.16419061701348486,34.0,nan,0,0.9316085577011108,1.903737187385559,nan
8.06,4000,80,1,8.101459860057362,10,8.099533081054688,0.0469212681055069,9.022929191589355,1.7659249305725098,0.07820349186658859,23.5,3.511775016784668,0.14943723475679438,34.0,nan,0,0.9778760075569153,2.0930898189544678,nan
8.081,4000,80,1,8.102494664257389,10,8.100509643554688,0.057090967893600464,8.550311088562012,1.6734261512756348,0.08132781088352203,23.5,3.9169225692749023,0.16667755613935756,35.0,nan,0,0.026717141270637512,3.1533215045928955,nan
8.101,4000,80,1,8.103498024657888,10,8.101547241210938,0.04299530014395714,8.96192455291748,1.7539852857589722,0.12692031264305115,23.5,4.159636497497559,0.17700580840415142,35.0,nan,0,0.07817336171865463,2.109135866165161,nan
8.121,4000,80,1,8.10449898300794,10,8.102249145507812,0.024816641584038734,12.137176513671875,2.3754303455352783,-0.14255069196224213,23.5,4.671479225158691,0.19878635000675282,34.0,nan,0,0.11291530728340149,0.7877177000045776,nan
8.141,4000,80,1,8.105470839257755,10,8.10260009765625,0.028530696406960487,13.314474105834961,2.6058454513549805,0.07940901070833206,23.5,7.411673069000244,0.3153903433617125,35.0,nan,0,0.13057594001293182,1.975852131843567,nan
8.161,4000,80,1,8.106497718407622,10,8.103683471679688,0.056857094168663025,11.882316589355469,2.3255505561828613,-0.061796680092811584,23.5,5.966485500335693,0.25389300001428483,35.0,nan,0,0.18535645306110382,2.68999981880188,nan
8.181,4000,80,1,8.107490945507738,10,8.1046142578125,0.056419119238853455,11.09814453125,2.1720762252807617,0.06350782513618469,23.5,7.33588171005249,0.3121651791511698,34.0,nan,0,0.23190094530582428,3.4512150287628174,nan
8.201,4000,80,1,8.108494635058008,10,8.106185913085938,0.08225063234567642,7.365421295166016,1.3901723623275757,-0.09451441466808319,23.5,4.3305888175964355,0.1842803752168696,35.0,nan,0,0.31009340286254883,4.399452209472656,nan
8.221,4000,80,1,8.109496830908023,10,8.10772705078125,0.07778337597846985,6.124870300292969,1.19873046875,0.05089031904935837,23.5,2.973430871963501,0.1265289732750426,34.0,nan,0,0.3873941898345947,4.323113441467285,nan
8.241,4000,80,1,8.11049363715792,10,8.109146118164062,0.06667587906122208,5.601921081542969,1.0963813066482544,-0.03058570995926857,23.5,2.053884506225586,0.08739934069045047,35.0,nan,0,0.45835962891578674,3.0090081691741943,nan
8.261,4000,80,1,8.111495670507423,10,8.1103515625,0.061084162443876266,4.583761692047119,0.8971120715141296,-0.008129389956593513,23.5,1.830349087715149,0.07788719522192124,35.0,nan,0,0.5188248157501221,3.048288583755493,nan
8.281,4000,80,1,8.112491258007498,10,8.111328125,0.042232315987348557,5.762979030609131,1.127902865409851,-0.0077783530578017235,23.5,1.8717215061187744,0.0796477236646287,35.0,nan,0,0.5672978162765503,2.02292537689209,nan
8.301,4000,80,1,8.113493941307382,10,8.11212158203125,0.03795488551259041,7.240026473999023,1.4169836044311523,0.1075248271226883,23.5,2.210758686065674,0.0940748377049223,35.0,nan,0,0.6069457530975342,1.5473990440368652,nan
8.321,4000,80,1,8.114494310057484,10,8.11260986328125,0.030978700146079063,9.384811401367188,1.8367505073547363,-0.06144934147596359,23.5,4.005751609802246,0.1704575153107339,35.0,nan,0,0.6312444806098938,1.9837167263031006,nan
8.34,4000,80,1,8.11545309755747,10,8.113494873046875,0.04880032315850258,8.560358047485352,1.6753926277160645,-0.005311131477355957,23.5,3.677323341369629,0.15648184431360124,35.0,nan,0,0.6756080389022827,2.451164484024048,nan
8.361,4000,80,1,8.116494380907529,10,8.114303588867188,0.04499521479010582,9.768209457397461,1.911787509918213,-0.01372913271188736,23.5,4.929083824157715,0.2097482478364985,35.0,nan,0,0.7162282466888428,2.8111371994018555,nan
8.381,4000,80,1,8.11747277675749,10,8.115432739257812,0.04656720533967018,8.226069450378418,1.6099671125411987,0.0954999327659607,23.5,3.9546327590942383,0.16828224506783993,34.0,nan,0,0.7724047899246216,2.1035354137420654,nan
8.401,4000,80,1,8.118473610057839,10,8.11651611328125,0.05328252166509628,8.371770858764648,1.6072564125061035,0.1475127786397934,23.5,3.4863414764404297,0.1483549564442736,35.0,nan,0,0.8269518613815308,2.0849692821502686,nan
8.421,4000,80,1,8.11949432255787,10,8.117385864257812,0.054322242736816406,8.346433639526367,1.6335241794586182,-0.009856056421995163,23.5,4.772651672363281,0.2030915605260971,35.0,nan,0,0.8703206777572632,3.2514758110046387,nan
8.441,4000,80,1,8.120474003807606,10,8.118637084960938,0.05445807799696922,7.72575044631958,1.5120471715927124,0.03752145543694496,23.5,3.5636305809020996,0.15164385450647233,35.0,nan,0,0.9327385425567627,2.6899547576904297,nan
8.461,4000,80,1,8.121479060057748,10,8.11956787109375,0.03638209030032158,9.542102813720703,1.7311551570892334,-0.02171756699681282,23.5,3.7229623794555664,0.1584239310406624,34.0,nan,0,0.9791962504386902,1.5354434251785278,nan
8.481,4000,80,1,8.122499530907946,10,8.12054443359375,0.05725632980465889,8.11076545715332,1.6456297636032104,0.028071215376257896,23.5,3.9218108654022217,0.16688556874052007,34.0,nan,0,0.02824099175632,3.0281822681427,nan
8.501,4000,80,1,8.12349639965759,10,8.121490478515625,0.04908980429172516,8.3416109085083,1.7377508878707886,-0.025998501107096672,23.5,4.306875705718994,0.18327130662634017,35.0,nan,0,0.07518044114112854,2.6537961959838867,nan
8.521,4000,80,1,8.124493947557486,10,8.122299194335938,0.02729813940823078,11.51585578918457,2.253828525543213,0.13343827426433563,23.5,4.56275749206543,0.19415989327938,35.0,nan,0,0.11616479605436325,0.9379290342330933,nan
8.541,4000,80,1,8.125495830908031,10,8.122894287109375,0.03762994706630707,11.881058692932129,2.3253042697906494,-0.04677610099315643,23.5,6.513340950012207,0.2771634446813705,35.0,nan,0,0.14584288001060486,1.8518925905227661,nan
8.562,4000,80,1,8.126517203807444,10,8.123748779296875,0.03950025513768196,12.325085639953613,2.4122071266174316,-0.005052066873759031,23.5,6.245851993560791,0.2657809358962039,35.0,nan,0,0.18846842646598816,1.9316424131393433,nan
8.581,4000,80,1,8.127498278807607,10,8.124740600585938,0.0651806965470314,10.613203048706055,2.0771656036376953,0.01300798635929823,23.5,6.310823440551758,0.2685456783213514,35.0,nan,0,0.23809781670570374,3.704841136932373,nan
8.601,4000,80,1,8.128498662157645,10,8.126129150390625,0.07274480909109116,8.762589454650879,1.7149722576141357,-0.11387717723846436,23.5,5.059088706970215,0.21528037050937085,35.0,nan,0,0.30730319023132324,4.171365261077881,nan
8.621,4000,80,1,8.129502216307438,10,8.127655029296875,0.07276192307472229,6.7120513916015625,1.3484623432159424,-0.04469640180468559,23.5,3.369626522064209,0.14338836264103016,35.0,nan,0,0.3835499584674835,3.905083417892456,nan
8.641,4000,80,1,8.13047982880743,10,8.129104614257812,0.0720195397734642,5.708918571472168,1.1173224449157715,-0.02713274024426937,23.5,2.151836395263672,0.09156750618143285,35.0,nan,0,0.45649588108062744,3.5837595462799072,nan
8.661,4000,80,1,8.131496543407403,10,8.130325317382812,0.05881926789879799,4.665524482727051,0.9138455390930176,-0.06618821620941162,23.5,1.9090629816055298,0.08123672262151191,35.0,nan,0,0.5171627998352051,3.1465868949890137,nan
8.681,4000,80,1,8.132496880907993,10,8.131271362304688,0.04139406979084015,6.844116687774658,1.3394979238510132,0.07679789513349533,23.5,2.1388649940490723,0.09101553166166265,35.0,nan,0,0.5648043751716614,2.3570806980133057,nan
8.701,4000,80,1,8.133494891307773,10,8.1322021484375,0.04237047955393791,7.390815734863281,1.4583444595336914,0.10447537153959274,23.5,2.0000269412994385,0.08510752941699738,35.0,nan,0,0.6109028458595276,1.8045421838760376,nan
8.721,4000,80,1,8.134495291307385,10,8.132736206054688,0.030237697064876556,8.993083000183105,1.7600834369659424,0.05775213986635208,23.5,3.723132610321045,0.1584311749072785,35.0,nan,0,0.637781023979187,1.733115792274475,nan
8.741,4000,80,1,8.13549326425781,10,8.133636474609375,0.046024058014154434,8.304581642150879,1.625333309173584,0.02877653017640114,23.5,3.2776880264282227,0.1394760862309882,35.0,nan,0,0.6830962300300598,2.0058982372283936,nan
8.761,4000,80,1,8.136466426757387,10,8.134323120117188,0.044223885983228683,9.031268119812012,1.76755690574646,-0.054113298654556274,23.5,4.865682125091553,0.20705030319538523,35.0,nan,0,0.7171249985694885,2.528547763824463,nan
8.781,4000,80,1,8.137495033007863,10,8.135498046875,0.04678779095411301,9.350476264953613,1.8300307989120483,-0.01766212098300457,23.5,3.878998279571533,0.16506375657751204,35.0,nan,0,0.7754279971122742,2.062912940979004,nan
8.801,4000,80,1,8.138493697557706,10,8.136566162109375,0.05855770409107208,7.985524654388428,1.5628889799118042,0.1347702145576477,23.5,3.304508686065674,0.14061739089641165,35.0,nan,0,0.8291891813278198,2.361635446548462,nan
8.821,4000,80,1,8.139484362157955,10,8.13726806640625,0.04245244711637497,9.378619194030762,1.835538625717163,-0.0033725814428180456,23.5,5.352536201477051,0.22776749793519366,35.0,nan,0,0.8642968535423279,2.581717014312744,nan
8.84,4000,80,1,8.14045103925745,10,8.138427734375,0.05333710089325905,8.528745651245117,1.6692054271697998,0.07871565222740173,23.5,3.8424758911132812,0.1635096123877992,35.0,nan,0,0.9224374890327454,2.5100364685058594,nan
8.861,4000,80,1,8.141494243407932,10,8.139617919921875,0.051361195743083954,8.081321716308594,1.5816378593444824,-0.011789930984377861,23.5,3.299335241317749,0.14039724431139358,35.0,nan,0,0.9818707704544067,1.9649828672409058,nan
8.881,4000,80,1,8.14249851425774,10,8.14056396484375,0.05397326499223709,8.898259162902832,1.496850848197937,-0.03124149516224861,23.5,3.66925048828125,0.15613831865026595,35.0,nan,0,0.029191847890615463,2.708448648452759,nan
8.901,4000,80,1,8.143470293407871,10,8.1412353515625,0.03137689828872681,10.452692985534668,2.0457513332366943,0.08127693086862564,23.5,5.190744876861572,0.22088276071751373,35.0,nan,0,0.06254590302705765,1.831724762916565,nan
8.92,4000,80,1,8.144459074657778,10,8.142318725585938,0.05104140192270279,10.251836776733398,2.0064406394958496,-0.03826901316642761,23.5,3.9008660316467285,0.1659942992190097,35.0,nan,0,0.11646068841218948,1.8499780893325806,nan
8.941,4000,80,1,8.14549333300746,10,8.143035888671875,0.03924703598022461,10.983698844909668,2.149677276611328,0.057630717754364014,23.5,6.088846206665039,0.25909983858149105,35.0,nan,0,0.15235388278961182,2.1532347202301025,nan
8.96,4000,80,1,8.1464654163079,10,8.143753051757812,0.02837195247411728,12.975419998168945,2.539487600326538,0.03949432820081711,23.5,6.3971099853515625,0.27221744618517285,35.0,nan,0,0.18834935128688812,1.0625743865966797,nan
8.981,4000,80,1,8.147497958007433,10,8.144683837890625,0.0643601194024086,10.788532257080078,2.111480236053467,-0.24945849180221558,23.5,6.910475730895996,0.2940627970594041,35.0,nan,0,0.23507528007030487,3.7583835124969482,nan
9.001,4000,80,1,8.148495570507647,10,8.146072387695312,0.07166067510843277,8.245013236999512,1.6136748790740967,0.032922469079494476,23.5,5.30967378616333,0.22594356536865234,35.0,nan,0,0.304735004901886,4.087047576904297,nan
9.021,4000,80,1,8.14949731840751,10,8.147628784179688,0.07095326483249664,6.786628246307373,1.4540408849716187,-0.019254494458436966,23.5,3.594778060913086,0.15296927918779088,35.0,nan,0,0.3825840651988983,3.789456367492676,nan
9.04,4000,80,1,8.150451222557594,10,8.148971557617188,0.07321488112211227,4.278952598571777,0.6979501247406006,-0.020173929631710052,23.5,1.843871831893921,0.07846263114442216,35.0,nan,0,0.44994017481803894,3.809263229370117,nan
9.061,4000,80,1,8.151473724657981,10,8.150299072265625,0.06150286644697189,4.736338138580322,0.9269735813140869,0.07859482616186142,23.5,1.8515284061431885,0.07878844281460376,35.0,nan,0,0.5161526203155518,3.208798408508301,nan
9.081,4000,80,1,8.15249252880748,10,8.151275634765625,0.04025714844465256,6.249701976776123,1.2231619358062744,0.11250682175159454,23.5,2.187087059020996,0.09306753442642536,35.0,nan,0,0.5644140839576721,2.0614142417907715,nan
9.1,4000,80,1,8.153456778807586,10,8.152175903320312,0.044382307678461075,6.673279285430908,1.3060624599456787,0.20066088438034058,23.5,1.949819564819336,0.0829710453114611,35.0,nan,0,0.6095645427703857,1.8425546884536743,nan
9.121,4000,80,1,8.15449285380745,10,8.152877807617188,0.03951888158917427,8.341498374938965,1.6325583457946777,0.05702240765094757,23.5,3.432011604309082,0.14604304699187584,35.0,nan,0,0.6445137858390808,2.1312763690948486,nan
9.141,4000,80,1,8.155471070507328,10,8.153717041015625,0.03750302642583847,9.616840362548828,1.88216233253479,0.008552458137273788,23.5,3.161675453186035,0.13453938098663978,35.0,nan,0,0.6867411136627197,1.4309555292129517,nan
9.161,4000,80,1,8.156496299657729,10,8.154525756835938,0.052083611488342285,7.939487457275391,1.8379257917404175,0.014184474013745785,23.5,4.430447101593018,0.18852966389757522,35.0,nan,0,0.7272608876228333,2.9361629486083984,nan
9.181,4000,80,1,8.157496860058009,10,8.155593872070312,0.04548470303416252,8.464269638061523,1.6565865278244019,0.06543445587158203,23.5,3.9069395065307617,0.1662527449587558,35.0,nan,0,0.7808765172958374,2.298018217086792,nan
9.201,4000,80,1,8.158495353807657,10,8.156585693359375,0.045799050480127335,8.828375816345215,1.7278478145599365,-0.05710452422499657,23.5,3.393765449523926,0.14441555104357132,35.0,nan,0,0.8304172158241272,2.0070347785949707,nan
9.221,4000,80,1,8.159496605907762,10,8.157455444335938,0.044591449201107025,9.756640434265137,1.9095232486724854,-0.013644546270370483,23.5,4.615705490112305,0.19641299957924702,35.0,nan,0,0.8736386895179749,2.460960626602173,nan
9.241,4000,80,1,8.160470616307421,10,8.158355712890625,0.043490782380104065,10.22530746459961,2.001248598098755,-0.04556834325194359,23.5,4.567286491394043,0.19435261665506565,35.0,nan,0,0.9183419346809387,2.3429465293884277,nan
9.26,4000,80,1,8.161448339257905,10,8.159622192382812,0.061768196523189545,7.378843307495117,1.391203761100769,0.07788722217082977,23.5,3.0930004119873047,0.1316170388079704,35.0,nan,0,0.9817639589309692,2.733232259750366,nan
9.281,4000,80,1,8.162496101757998,10,8.1607666015625,0.05309167131781578,7.871092319488525,1.5404927730560303,0.033480025827884674,23.5,3.037186861038208,0.12924199408673226,35.0,nan,0,0.039367783814668655,2.355562925338745,nan
9.301,4000,80,1,8.163495793407485,10,8.161422729492188,0.02947784774005413,10.507948875427246,2.056565761566162,-0.07421208918094635,23.5,4.797402381896973,0.2041447822083818,35.0,nan,0,0.07216663658618927,1.4764294624328613,nan
9.321,4000,80,1,8.164493914257758,10,8.162277221679688,0.042381443083286285,10.688232421875,2.0918500423431396,-0.143840491771698,23.5,4.322203636169434,0.18392355898593335,35.0,nan,0,0.11475107073783875,1.5216498374938965,nan
9.341,4000,80,1,8.165491743407614,10,8.16302490234375,0.047281306236982346,10.190323829650879,2.0189261436462402,-0.015692999586462975,23.5,5.984185695648193,0.25464619981481673,35.0,nan,0,0.15220411121845245,2.719243049621582,nan
9.361,4000,80,1,8.16649262255741,10,8.163833618164062,0.027777554467320442,13.077855110168457,2.559535503387451,0.01752874068915844,23.5,6.427306175231934,0.2735023904354014,35.0,nan,0,0.1927855908870697,1.0425387620925903,nan
9.381,4000,80,1,8.16749447675756,10,8.164825439453125,0.06551472097635269,10.264463424682617,2.0089118480682373,-0.15256281197071075,23.5,6.139859199523926,0.26127060423506066,35.0,nan,0,0.2419002205133438,3.7625951766967773,nan
9.401,4000,80,1,8.168499751757912,10,8.166168212890625,0.06934583187103271,8.35213851928711,1.6346409320831299,-0.04708944261074066,23.5,4.993934631347656,0.21250785665309174,35.0,nan,0,0.30942675471305847,3.88263201713562,nan
9.421,4000,80,1,8.169495055907458,10,8.167633056640625,0.07276248931884766,7.176616191864014,1.404714584350586,-0.004760934971272945,23.5,3.3540616035461426,0.1427260256828146,35.0,nan,0,0.3828405737876892,3.6038150787353516,nan
9.441,4000,80,1,8.170498116307856,10,8.168899536132812,0.06852944940328598,5.337230682373047,1.0445773601531982,-0.04712551459670067,23.5,2.857720136642456,0.12160511219755132,35.0,nan,0,0.44635045528411865,4.0899176597595215,nan
9.461,4000,80,1,8.171494318407342,10,8.17034912109375,0.06545049697160721,3.953753709793091,0.7738099098205566,0.035630226135253906,23.5,1.767594575881958,0.07521679046306204,35.0,nan,0,0.5186205506324768,3.2380893230438232,nan
9.481,4000,80,1,8.17247160590777,10,8.171295166015625,0.041527628898620605,5.108046531677246,0.9997225999832153,-0.1133837029337883,23.5,1.7652454376220703,0.07511682713285406,35.0,nan,0,0.5658699870109558,2.0891871452331543,nan
9.501,4000,80,1,8.17349789965737,10,8.17218017578125,0.043157365173101425,6.3256683349609375,1.2380297183990479,-0.04504209756851196,23.5,1.942460536956787,0.08265789518965051,35.0,nan,0,0.6102577447891235,1.7500181198120117,nan
9.521,4000,80,1,8.174483835057611,10,8.172882080078125,0.03961722180247307,7.6337361335754395,1.4940385818481445,0.07385137677192688,23.5,3.3997085094451904,0.14466844721043365,35.0,nan,0,0.6447250843048096,2.123173713684082,nan
9.541,4000,80,1,8.175494249657634,10,8.173782348632812,0.03774373605847359,8.830540657043457,1.7282713651657104,-0.10221561044454575,23.5,2.995753049850464,0.1274788531851261,35.0,nan,0,0.6902746558189392,1.38303804397583,nan
9.561,4000,80,1,8.176496624657732,10,8.174606323242188,0.0519883967936039,8.145340919494629,1.5941674709320068,-0.15255264937877655,23.5,3.806183338165283,0.16196524843256524,35.0,nan,0,0.7312893867492676,2.7948858737945557,nan
9.581,4000,80,1,8.17747813925743,10,8.175628662109375,0.045364148914813995,8.449575424194336,1.6537107229232788,0.054507192224264145,23.5,3.878476619720459,0.16504155828597697,35.0,nan,0,0.7820903658866882,2.5209012031555176,nan
9.601,4000,80,1,8.178498185057826,10,8.176666259765625,0.04170393943786621,8.777426719665527,1.7178763151168823,-0.1320083737373352,23.5,3.4426093101501465,0.14649401319787858,35.0,nan,0,0.8341503143310547,1.5915725231170654,nan
9.621,4000,80,1,8.179496455907785,10,8.177536010742188,0.05273406207561493,8.989262580871582,1.7593357563018799,-0.20374473929405212,23.5,3.924548625946045,0.16700206918919341,35.0,nan,0,0.877892792224884,2.737780809402466,nan
9.641,4000,80,1,8.180496997557922,10,8.178207397460938,0.026942620053887367,11.319595336914062,2.257446050643921,-0.0385817289352417,23.5,5.419923782348633,0.23063505456802694,35.0,nan,0,0.9111322164535522,1.8438963890075684,nan
9.661,4000,80,1,8.181499141307714,10,8.17950439453125,0.07647588104009628,7.382558822631836,1.444879412651062,-0.09807658195495605,23.5,3.0262792110443115,0.12877783876784304,35.0,nan,0,0.9763362407684326,3.6114819049835205,nan
9.681,4000,80,1,8.182497180907369,10,8.180679321289062,0.05494825541973114,8.899910926818848,1.5976228713989258,0.1106487363576889,23.5,3.361056089401245,0.1430236633787764,35.0,nan,0,0.034609898924827576,2.471555471420288,nan
9.701,4000,80,1,8.183494487157434,10,8.181381225585938,0.03594455495476723,10.067059516906738,1.9702770709991455,-0.12433777749538422,23.5,4.86860990524292,0.2071748895848051,35.0,nan,0,0.07009927928447723,1.8964473009109497,nan
9.721,4000,80,1,8.184493543407728,10,8.182266235351562,0.04572654142975807,9.79786491394043,1.9175915718078613,0.11217877268791199,23.5,4.494678497314453,0.19126291477933843,35.0,nan,0,0.11434246599674225,2.1575028896331787,nan
9.741,4000,80,1,8.185498687157809,10,8.183258056640625,0.05240786075592041,9.78363037109375,1.9148057699203491,-0.15250414609909058,23.5,5.111047744750977,0.21749139339365858,35.0,nan,0,0.16379378736019135,2.47806715965271,nan
9.761,4000,80,1,8.18647148300733,10,8.183975219726562,0.028550496324896812,11.800220489501953,2.28312087059021,-0.01738598570227623,23.5,5.9091033935546875,0.2514512082363697,35.0,nan,0,0.19938142597675323,1.5007315874099731,nan
9.781,4000,80,1,8.187497245507979,10,8.184967041015625,0.058857571333646774,10.869763374328613,2.0769846439361572,0.12772098183631897,23.5,5.5160980224609375,0.23472757542386968,35.0,nan,0,0.24919284880161285,3.0837416648864746,nan
9.801,4000,80,1,8.188496349657356,10,8.18621826171875,0.07099492102861404,8.40714168548584,1.6040828227996826,0.01470398809760809,23.5,4.873187065124512,0.2073696623457239,35.0,nan,0,0.31183958053588867,3.9376628398895264,nan
9.821,4000,80,1,8.189496720508027,10,8.187698364257812,0.07437242567539215,6.194700717926025,1.3282060623168945,-0.06548741459846497,23.5,3.1690471172332764,0.13485306881843728,35.0,nan,0,0.38576334714889526,3.7698440551757812,nan
9.84,4000,80,1,8.190453126757342,10,8.188858032226562,0.061245985329151154,5.955417633056641,1.1655659675598145,-0.015078715048730373,23.5,2.9727282524108887,0.1264990745706761,35.0,nan,0,0.44357815384864807,3.573803424835205,nan
9.86,4000,80,1,8.19145160380794,10,8.190322875976562,0.07164542376995087,3.5746307373046875,0.6996096968650818,0.062106095254421234,23.5,1.5332189798355103,0.06524336084406426,35.0,nan,0,0.5172628164291382,3.402536630630493,nan
9.881,4000,80,1,8.192480393407452,10,8.19134521484375,0.04456162452697754,5.668437957763672,1.1000301837921143,0.0667824074625969,23.5,2.076756238937378,0.08837260591222885,35.0,nan,0,0.5685072541236877,2.1749253273010254,nan
9.901,4000,80,1,8.193500391308037,10,8.192276000976562,0.03767287731170654,7.819612503051758,1.5304173231124878,0.056712862104177475,23.5,2.0292491912841797,0.08635102941634808,35.0,nan,0,0.6143271923065186,1.3293734788894653,nan
9.921,4000,80,1,8.19449727050741,10,8.1929931640625,0.043847132474184036,7.027567386627197,1.428564429283142,0.06763410568237305,23.5,3.136989116668701,0.13348889858164686,35.0,nan,0,0.6503987312316895,2.5250699520111084,nan
9.941,4000,80,1,8.195493589257959,10,8.193878173828125,0.03516698256134987,8.437090873718262,1.6512672901153564,0.1051223874092102,23.5,3.0390543937683105,0.12932146356460897,35.0,nan,0,0.6951146125793457,1.6401777267456055,nan
9.961,4000,80,1,8.196495814257643,10,8.194793701171875,0.055153634399175644,7.368778228759766,1.4421823024749756,0.054886799305677414,23.5,3.3932337760925293,0.1443929266422353,35.0,nan,0,0.7405469417572021,2.8937125205993652,nan
9.981,4000,80,1,8.197489447557738,10,8.19573974609375,0.04652176424860954,7.8702592849731445,1.5462687015533447,0.024578630924224854,23.5,3.657061815261841,0.15561965171326983,35.0,nan,0,0.787966787815094,2.537781238555908,nan
10.001,4000,80,1,8.198497168407622,10,8.196807861328125,0.04333879426121712,8.514415740966797,1.6664009094238281,0.06414681673049927,23.5,3.1314244270324707,0.13325210327797748,35.0,nan,0,0.8414101600646973,1.8068512678146362,nan
10.021,4000,80,1,8.199473412157378,10,8.197708129882812,0.052041105926036835,7.804165840148926,1.52739417552948,0.08178567886352539,23.5,3.244694709777832,0.138072115309695,35.0,nan,0,0.8866732120513916,2.533919095993042,nan
10.04,4000,80,1,8.200453068407652,10,8.198211669921875,0.021660303696990013,11.939590454101562,2.2834219932556152,0.12743322551250458,23.5,5.3635969161987305,0.22823816664675448,35.0,nan,0,0.911749005317688,1.4738314151763916,nan
10.061,4000,80,1,8.20149422050744,10,8.199295043945312,0.06482791900634766,7.853168487548828,1.5369848012924194,0.10917158424854279,23.5,4.139859676361084,0.17616424154728016,35.0,nan,0,0.9656496644020081,3.5369484424591064,nan
10.081,4000,80,1,8.202487472557543,10,8.20068359375,0.06497754901647568,7.336803436279297,1.4359242916107178,0.07060214877128601,23.5,2.9710144996643066,0.1264261489218854,35.0,nan,0,0.03516698256134987,2.77724027633667,nan
10.101,4000,80,1,8.203475799657456,10,8.201400756835938,0.03740232065320015,10.537142753601074,2.062279462814331,-0.19919639825820923,23.5,4.6991424560546875,0.1999635087682846,35.0,nan,0,0.07093361765146255,2.057034969329834,nan
10.121,4000,80,1,8.204497878807882,10,8.202285766601562,0.035581886768341064,11.250823974609375,2.2019577026367188,-0.028996556997299194,23.5,4.664735317230225,0.19849937520128616,35.0,nan,0,0.11487409472465515,1.4424171447753906,nan
10.141,4000,80,1,8.205496853807556,10,8.203201293945312,0.06130215525627136,9.681315422058105,1.8947809934616089,-0.1471434235572815,23.5,5.359893798828125,0.22808058718417554,35.0,nan,0,0.1608680784702301,3.1972765922546387,nan
10.16,4000,80,1,8.206454887157445,10,8.204086303710938,0.034419409930706024,10.701787948608398,2.2301089763641357,-0.10797436535358429,23.5,5.322330474853516,0.22648214786610704,35.0,nan,0,0.20482558012008667,1.6603983640670776,nan
10.181,4000,80,1,8.207480287157516,10,8.205123901367188,0.056116655468940735,9.973490715026855,2.005002021789551,0.17410284280776978,23.5,5.071927070617676,0.21582668385607132,35.0,nan,0,0.25712820887565613,2.7233357429504395,nan
10.2,4000,80,1,8.208463451757408,10,8.206268310546875,0.06909317523241043,8.122503280639648,1.5896975994110107,-0.0002731810382101685,23.5,4.7908220291137695,0.20386476719633062,35.0,nan,0,0.31483152508735657,4.030275821685791,nan
10.221,4000,80,1,8.209496170507911,10,8.20770263671875,0.0697016566991806,6.534724712371826,1.2789452075958252,0.004012177232652903,23.5,3.154653549194336,0.1342405765614611,35.0,nan,0,0.38631632924079895,3.9119369983673096,nan
10.24,4000,80,1,8.210453295507607,10,8.2088623046875,0.055086176842451096,6.444945812225342,1.2613742351531982,0.06529562920331955,23.5,3.196089267730713,0.13600379862683884,35.0,nan,0,0.4438440501689911,2.9634006023406982,nan
10.261,4000,80,1,8.211471637157949,10,8.210311889648438,0.07415571808815002,3.839087963104248,0.75136798620224,-0.029645785689353943,23.5,1.738168716430664,0.07396462623109208,35.0,nan,0,0.516389012336731,3.8122079372406006,nan
10.281,4000,80,1,8.212495537157512,10,8.211410522460938,0.046120770275592804,5.497828006744385,1.0760087966918945,-0.06930430233478546,23.5,1.9630804061889648,0.08353533643357297,35.0,nan,0,0.5711971521377563,2.374053955078125,nan
10.301,4000,80,1,8.213486626757359,10,8.212295532226562,0.0331537090241909,8.028935432434082,1.571385145187378,-0.22189009189605713,23.5,1.8999836444854736,0.08085036785044569,35.0,nan,0,0.6157053709030151,1.0787196159362793,nan
10.321,4000,80,1,8.214494018407995,10,8.212936401367188,0.0441153459250927,7.580303192138672,1.4835809469223022,0.011814896017313004,23.5,3.346569538116455,0.14240721438793427,35.0,nan,0,0.6478050947189331,2.7028555870056152,nan
10.34,4000,80,1,8.215451372557427,10,8.213882446289062,0.0381413996219635,7.8414082527160645,1.534683108329773,0.0019961295183748007,23.5,2.955892324447632,0.12578265210415454,35.0,nan,0,0.6948940753936768,1.4926961660385132,nan
10.361,4000,80,1,8.216493508007979,10,8.21484375,0.055542901158332825,6.939439296722412,1.3690346479415894,0.06156556308269501,23.5,3.0211081504821777,0.12855779363753947,35.0,nan,0,0.7431957125663757,2.948580503463745,nan
10.381,4000,80,1,8.217494508007793,10,8.215774536132812,0.044566426426172256,7.129843711853027,1.3954191207885742,0.009311642497777939,23.5,3.7459888458251953,0.15940378067341257,35.0,nan,0,0.7893221378326416,2.4449689388275146,nan
10.401,4000,80,1,8.218493180907524,10,8.216796875,0.03823484852910042,8.339823722839355,1.6322306394577026,0.10044656693935394,23.5,3.270404577255249,0.13916615222362763,35.0,nan,0,0.8403920531272888,1.646414041519165,nan
10.421,4000,80,1,8.219478508007876,10,8.217636108398438,0.050892289727926254,7.87284517288208,1.5408358573913574,-0.13182023167610168,23.5,3.8532564640045166,0.16396836017040498,35.0,nan,0,0.8828521966934204,2.685839891433716,nan
10.44,4000,80,1,8.220451628807485,10,8.218399047851562,0.02762707695364952,10.94017219543457,2.154283285140991,0.02840905264019966,23.5,4.566164016723633,0.19430485177547374,35.0,nan,0,0.9210186004638672,1.3672326803207397,nan
10.461,4000,80,1,8.221494749657712,10,8.2193603515625,0.0575382299721241,8.699307441711426,1.7025871276855469,0.09559311717748642,23.5,4.008156776428223,0.17055986282673288,35.0,nan,0,0.9686994552612305,2.9142415523529053,nan
10.481,4000,80,1,8.222496487157322,10,8.220703125,0.07524082809686661,6.6972551345825195,1.3107550144195557,-0.06467144191265106,23.5,2.7146692276000977,0.11551783947234458,35.0,nan,0,0.0362994484603405,3.651921510696411,nan
10.501,4000,80,1,8.223494241307334,10,8.221466064453125,0.030512968078255653,10.459250450134277,2.0494635105133057,-0.007562398444861174,23.5,4.931652069091797,0.20985753485497008,35.0,nan,0,0.07427959889173508,1.5601997375488281,nan
10.521,4000,80,1,8.224493691307716,10,8.22235107421875,0.03665709123015404,11.606364250183105,2.271542549133301,0.033340536057949066,23.5,4.412987232208252,0.18778669073226603,35.0,nan,0,0.11808589100837708,1.3070287704467773,nan
10.541,4000,80,1,8.22547755175764,10,8.22308349609375,0.05105732008814812,9.7567777633667,1.9095500707626343,-0.009060457348823547,23.5,5.8594560623168945,0.2493385558432721,35.0,nan,0,0.15482015907764435,3.001025676727295,nan
10.561,4000,80,1,8.226493472557914,10,8.224166870117188,0.03895515203475952,10.592535018920898,2.2343335151672363,0.03811433166265488,23.5,5.348882675170898,0.22761202873067654,35.0,nan,0,0.20901444554328918,1.7882137298583984,nan
10.581,4000,80,1,8.227495855907902,10,8.225250244140625,0.05564869940280914,9.233332633972168,1.8071039915084839,0.006430358625948429,23.5,4.487112045288086,0.19094093809736537,35.0,nan,0,0.2631450295448303,2.5296173095703125,nan
10.601,4000,80,1,8.228494662157747,10,8.226394653320312,0.06818266957998276,8.182353973388672,1.6014113426208496,-0.011015338823199272,23.5,4.110177993774414,0.17490119122444314,35.0,nan,0,0.3209746479988098,3.5369668006896973,nan
10.621,4000,80,1,8.229493285057826,10,8.227767944335938,0.07070808857679367,6.962352275848389,1.3082468509674072,-0.2724362015724182,23.5,2.7160017490386963,0.11557454251228495,35.0,nan,0,0.3893894851207733,3.6066818237304688,nan
10.641,4000,80,1,8.230493874657979,10,8.228973388671875,0.05806402862071991,6.968987941741943,1.3639371395111084,-0.17211614549160004,23.5,2.8896164894104004,0.12296240380469789,35.0,nan,0,0.44994837045669556,3.0272722244262695,nan
10.661,4000,80,1,8.231493570507874,10,8.230270385742188,0.07020527124404907,4.032328128814697,0.7891881465911865,-0.04476846009492874,23.5,1.682490348815918,0.07159533399216672,35.0,nan,0,0.514916181564331,3.7419748306274414,nan
10.681,4000,80,1,8.232494385057354,10,8.23150634765625,0.0523899607360363,4.614908218383789,0.8513683080673218,0.04644915089011192,23.5,1.6242494583129883,0.06911699822608461,35.0,nan,0,0.5762282013893127,2.507145881652832,nan
10.7,4000,80,1,8.233457312157398,10,8.232330322265625,0.03370418772101402,7.1194000244140625,1.3933751583099365,-0.004206438548862934,23.5,1.9570515155792236,0.08327878789698824,35.0,nan,0,0.6173509359359741,1.3069120645523071,nan
10.721,4000,80,1,8.23449390175737,10,8.233016967773438,0.0397060364484787,6.4985504150390625,1.2718654870986938,-0.17208877205848694,23.5,3.1905877590179443,0.135769691873104,35.0,nan,0,0.6515973806381226,2.431448459625244,nan
10.74,4000,80,1,8.235446920507812,10,8.233901977539062,0.03578265756368637,8.26213550567627,1.6170258522033691,-0.04241203889250755,23.5,2.84871244430542,0.12122180614065617,35.0,nan,0,0.6957213878631592,1.4610165357589722,nan
10.761,4000,80,1,8.236468991307621,10,8.234832763671875,0.057788360863924026,7.211630821228027,1.411426067352295,-0.009980207309126854,23.5,3.2046854496002197,0.13636959360000936,35.0,nan,0,0.7422568798065186,3.205936908721924,nan
10.781,4000,80,1,8.23749648715747,10,8.235916137695312,0.05194167047739029,6.589364051818848,1.2896389961242676,0.08466492593288422,23.5,3.3664820194244385,0.14325455401806123,35.0,nan,0,0.796768844127655,2.8408586978912354,nan
10.801,4000,80,1,8.238497643407747,10,8.236907958984375,0.03977173566818237,8.62002182006836,1.6870697736740112,0.06355518102645874,23.5,3.250609874725342,0.13832382445639752,35.0,nan,0,0.84660404920578,1.878590703010559,nan
10.821,4000,80,1,8.239468860057961,10,8.23779296875,0.04563095420598984,8.47438907623291,1.6480268239974976,0.14745372533798218,23.5,3.0125303268432617,0.1281927798656707,35.0,nan,0,0.8905141949653625,1.9617167711257935,nan
10.841,4000,80,1,8.24049654965783,10,8.23846435546875,0.0420096255838871,10.035441398620605,1.8536059856414795,-0.0038357856683433056,23.5,4.46973991394043,0.1902016984655502,35.0,nan,0,0.923907458782196,2.523190975189209,nan
10.861,4000,80,1,8.241497241307655,10,8.23944091796875,0.04447242617607117,9.92290210723877,1.9420632123947144,0.04232138395309448,23.5,4.078720569610596,0.17356257743023812,35.0,nan,0,0.9733128547668457,1.9250959157943726,nan
10.88,4000,80,1,8.242453795507748,10,8.24053955078125,0.07246682792901993,6.958940029144287,1.3619706630706787,-0.0009598257020115852,23.5,3.524810791015625,0.1499919485538564,35.0,nan,0,0.02797900326550007,4.0038886070251465,nan
10.9,4000,80,1,8.243454191307677,10,8.24163818359375,0.03952996805310249,8.942249298095703,1.8553466796875,-0.10424457490444183,23.5,4.064671516418457,0.17296474537950882,35.0,nan,0,0.08243796229362488,1.7406797409057617,nan
10.92,4000,80,1,8.24445323090767,10,8.242401123046875,0.03344840556383133,11.169136047363281,2.1859703063964844,-0.04190188646316528,23.5,4.687552452087402,0.19947031711010224,35.0,nan,0,0.12077463418245316,1.5398799180984497,nan
10.941,4000,80,1,8.245498201757432,10,8.243209838867188,0.04380173981189728,11.105027198791504,2.0681169033050537,-0.13583242893218994,23.5,5.433894634246826,0.23122955890412025,35.0,nan,0,0.16176147758960724,2.4689173698425293,nan
10.961,4000,80,1,8.246494335057646,10,8.244216918945312,0.047109149396419525,10.007391929626465,1.9585990905761719,0.1634642332792282,23.5,5.116835117340088,0.2177376645676633,35.0,nan,0,0.21176032721996307,2.429903030395508,nan
10.981,4000,80,1,8.247487768407877,10,8.245346069335938,0.05409769341349602,9.386218070983887,1.8370260000228882,0.059223443269729614,23.5,4.279365539550781,0.18210066125748006,35.0,nan,0,0.2679835557937622,2.496907949447632,nan
11.001,4000,80,1,8.248496412157687,10,8.246536254882812,0.06768755614757538,7.118027687072754,1.393106460571289,0.11322405189275742,23.5,3.634714126586914,0.15466868623774102,35.0,nan,0,0.32786932587623596,3.2284135818481445,nan
11.021,4000,80,1,8.249487699657761,10,8.247817993164062,0.07114149630069733,6.651143550872803,1.3017301559448242,-0.06843659281730652,23.5,2.79022216796875,0.11873285821143617,35.0,nan,0,0.392049640417099,3.730368137359619,nan
11.041,4000,80,1,8.250470028807463,10,8.249008178710938,0.06328704953193665,5.976737976074219,1.16973876953125,-0.13902980089187622,23.5,2.731377601623535,0.1162288341116398,35.0,nan,0,0.45125502347946167,3.2210116386413574,nan
11.061,4000,80,1,8.251497768407713,10,8.250198364257812,0.06042423099279404,5.194062232971191,1.016557216644287,-0.04610993713140488,23.5,2.272146463394165,0.09668708354868788,35.0,nan,0,0.5107194185256958,3.4078080654144287,nan
11.081,4000,80,1,8.252496297557805,10,8.251571655273438,0.06626236438751221,3.425014019012451,0.6703274250030518,0.05986916646361351,23.5,1.326234221458435,0.05643549878546532,35.0,nan,0,0.5797454118728638,3.13313627243042,nan
11.101,4000,80,1,8.253466174657657,10,8.252304077148438,0.024936623871326447,7.275839328765869,1.2483714818954468,0.04773522540926933,23.5,2.210432529449463,0.09406095869997715,35.0,nan,0,0.6163703799247742,0.9322453141212463,nan
11.121,4000,80,1,8.254498130907447,10,8.253082275390625,0.044567279517650604,7.054861068725586,1.3807438611984253,-0.2090802639722824,23.5,2.9051833152770996,0.12362482192668509,35.0,nan,0,0.6548740267753601,2.4097087383270264,nan
11.141,4000,80,1,8.255496876757384,10,8.253936767578125,0.03553656116127968,8.373498916625977,1.6388213634490967,-0.008462253026664257,23.5,3.0955982208251953,0.13172758386490194,35.0,nan,0,0.6980443000793457,1.5937490463256836,nan
11.16,4000,80,1,8.256462033007843,10,8.254913330078125,0.05882134661078453,6.450747013092041,1.2625095844268799,0.03738982230424881,23.5,2.6783690452575684,0.11397315086202418,35.0,nan,0,0.7465529441833496,2.9613633155822754,nan
11.181,4000,80,1,8.25747739965736,10,8.2559814453125,0.05592433735728264,6.675075054168701,1.3064138889312744,0.04182064160704613,23.5,2.962310552597046,0.12605576819561898,35.0,nan,0,0.7998144030570984,3.16927433013916,nan
11.201,4000,80,1,8.25849599965804,10,8.2569580078125,0.0383206307888031,7.901514530181885,1.5464468002319336,-0.007280793972313404,23.5,3.1557908058166504,0.13428897046028299,35.0,nan,0,0.849048912525177,1.8653689622879028,nan
11.221,4000,80,1,8.259494091307712,10,8.257904052734375,0.04670218005776405,7.457807540893555,1.4860385656356812,0.18229584395885468,23.5,2.741234540939331,0.11664827833784387,35.0,nan,0,0.8964130878448486,1.9070161581039429,nan
11.24,4000,80,1,8.260448099657511,10,8.2584228515625,0.03318352252244949,10.232069969177246,2.0025720596313477,0.06096554920077324,23.5,4.735091209411621,0.201493242953686,35.0,nan,0,0.9223602414131165,1.9875341653823853,nan
11.261,4000,80,1,8.261492137157616,10,8.259552001953125,0.04625190049409866,9.510483741760254,1.8613466024398804,0.010344860143959522,23.5,3.820171356201172,0.16256048324260305,35.0,nan,0,0.9784731268882751,1.864274024963379,nan
11.281,4000,80,1,8.26249294550798,10,8.26055908203125,0.06425002962350845,7.647380352020264,1.496708869934082,-0.03743094578385353,23.5,3.9168381690979004,0.16667396464246384,35.0,nan,0,0.029286783188581467,3.462841749191284,nan
11.301,4000,80,1,8.263493370507781,10,8.261703491210938,0.048891082406044006,8.558122634887695,1.6298751831054688,0.021553218364715576,23.5,3.882946014404297,0.16523174529379986,35.0,nan,0,0.08622134476900101,2.514044761657715,nan
11.321,4000,80,1,8.264495480907495,10,8.262435913085938,0.0282016322016716,10.76519775390625,2.1069133281707764,0.026782214641571045,23.5,4.675573348999023,0.19896056804251164,35.0,nan,0,0.12262378633022308,1.4422876834869385,nan
11.34,4000,80,1,8.265452960057878,10,8.263275146484375,0.04752513766288757,9.775876998901367,1.9132881164550781,0.012713647447526455,23.5,5.050666809082031,0.2149219918758311,35.0,nan,0,0.16486573219299316,2.357893943786621,nan
11.361,4000,80,1,8.266493451757556,10,8.264251708984375,0.05035654082894325,8.985994338989258,1.7586959600448608,-0.14121797680854797,23.5,5.126937389373779,0.21816754848399061,35.0,nan,0,0.2139049768447876,2.8279430866241455,nan
11.381,4000,80,1,8.267497126757368,10,8.265380859375,0.04759206995368004,9.166571617126465,1.8142704963684082,-0.007023116573691368,23.5,4.376769065856934,0.18624549216412484,35.0,nan,0,0.2702854573726654,2.4415383338928223,nan
11.4,4000,80,1,8.268447239257508,10,8.266586303710938,0.06747322529554367,7.672034740447998,1.4689996242523193,0.15164589881896973,23.5,3.3716306686401367,0.14347364547404837,35.0,nan,0,0.3299468755722046,3.1450915336608887,nan
11.421,4000,80,1,8.269494626757655,10,8.2679443359375,0.07216024398803711,5.79901647567749,1.134955883026123,0.06552572548389435,23.5,2.50337553024292,0.10652661830820936,35.0,nan,0,0.39851927757263184,3.580761194229126,nan
11.441,4000,80,1,8.270495393407323,10,8.269134521484375,0.06391734629869461,5.228349685668945,0.9920257329940796,-0.07342839986085892,23.5,2.309556722640991,0.09827900947408473,35.0,nan,0,0.4574008584022522,3.4147729873657227,nan
11.461,4000,80,1,8.271493266307512,10,8.270278930664062,0.055172402411699295,4.991796016693115,0.9768915176391602,-0.023934531956911087,23.5,2.2162065505981445,0.09430666172758062,35.0,nan,0,0.5151925086975098,3.0068821907043457,nan
11.481,4000,80,1,8.27249716630758,10,8.271560668945312,0.06381281465291977,4.140710353851318,0.8100501894950867,0.039597656577825546,23.5,1.4666273593902588,0.062409674867670586,35.0,nan,0,0.5786958932876587,3.2508037090301514,nan
11.501,4000,80,1,8.27350103505741,10,8.2724609375,0.03237130865454674,6.126513957977295,1.1990522146224976,0.04265254735946655,23.5,1.9331170320510864,0.08226029923621644,35.0,nan,0,0.623647928237915,1.6812434196472168,nan
11.52,4000,80,1,8.27446487050765,10,8.273208618164062,0.04503660649061203,6.327846527099609,1.238456130027771,-0.031185952946543694,23.5,2.3506927490234375,0.1000294786818484,35.0,nan,0,0.6616599559783936,2.171562910079956,nan
11.541,4000,80,1,8.27548815380796,10,8.274032592773438,0.03644034266471863,7.723228454589844,1.5115536451339722,-0.053858496248722076,23.5,2.8609721660614014,0.12174349642814473,35.0,nan,0,0.7021900415420532,1.911203145980835,nan
11.561,4000,80,1,8.276494939257823,10,8.2750244140625,0.05322116240859032,6.654534339904785,1.3488476276397705,0.13515904545783997,23.5,2.502110004425049,0.10647276614574676,35.0,nan,0,0.7524325847625732,2.460141897201538,nan
11.58,4000,80,1,8.277452947558045,10,8.275924682617188,0.05163649469614029,6.481534957885742,1.2685351371765137,0.22912967205047607,23.5,3.293820381164551,0.1401625694112575,35.0,nan,0,0.7972450256347656,3.1103756427764893,nan
11.601,4000,80,1,8.278490014257835,10,8.277114868164062,0.047251470386981964,7.002976417541504,1.370589256286621,0.04913648962974548,23.5,2.7344906330108643,0.1163613035323772,35.0,nan,0,0.8565298318862915,2.3759515285491943,nan
11.621,4000,80,1,8.279498280907859,10,8.278030395507812,0.03734888881444931,7.825812816619873,1.5316308736801147,-0.16725823283195496,23.5,2.548530340194702,0.10844809958275328,35.0,nan,0,0.9021055698394775,1.4024385213851929,nan
11.641,4000,80,1,8.28050017880741,10,8.27862548828125,0.03637506812810898,8.566902160644531,1.6766732931137085,0.1371738761663437,23.5,4.438243389129639,0.18886142081402718,35.0,nan,0,0.9324039220809937,2.11356258392334,nan
11.661,4000,80,1,8.28147086215758,10,8.279647827148438,0.05011836811900139,8.505422592163086,1.6646409034729004,0.13649603724479675,23.5,3.409311532974243,0.14507708650954226,35.0,nan,0,0.9830012917518616,2.1137478351593018,nan
11.681,4000,80,1,8.282495847557579,10,8.280624389648438,0.05769341439008713,8.910289764404297,1.7438796758651733,-0.09044726192951202,23.5,3.6076717376708984,0.15351794628386803,35.0,nan,0,0.03204163536429405,3.0558583736419678,nan
11.701,4000,80,1,8.283484228807351,10,8.28173828125,0.05521724000573158,7.055189609527588,1.3808081150054932,0.016178634017705917,23.5,3.5954484939575195,0.15299780825351147,35.0,nan,0,0.0881606712937355,2.8364882469177246,nan
11.721,4000,80,1,8.284495803807653,10,8.282546997070312,0.027770044282078743,10.08230972290039,1.9732617139816284,-0.06072009727358818,23.5,4.52044153213501,0.19235921413340468,35.0,nan,0,0.12829576432704926,1.438421607017517,nan
11.741,4000,80,1,8.285496749657609,10,8.283432006835938,0.050910159945487976,9.522088050842285,1.8636177778244019,0.017417579889297485,23.5,4.465170860290527,0.19000727065066073,35.0,nan,0,0.17280195653438568,2.5444209575653076,nan
11.76,4000,80,1,8.286454618407875,10,8.28424072265625,0.04505632817745209,9.813045501708984,1.9205626249313354,-0.03432755917310715,23.5,5.163798809051514,0.21973611953410696,35.0,nan,0,0.2128441035747528,2.680563449859619,nan
11.781,4000,80,1,8.287496510057823,10,8.28546142578125,0.04932016879320145,10.162569046020508,1.8454865217208862,-0.08349254727363586,23.5,4.055707931518555,0.1725833162348321,35.0,nan,0,0.2740909457206726,2.2137598991394043,nan
11.801,4000,80,1,8.288492187157678,10,8.28668212890625,0.07055419683456421,6.913996696472168,1.3531745672225952,-0.08109146356582642,23.5,3.096069812774658,0.13174765160743226,35.0,nan,0,0.33524811267852783,3.4639229774475098,nan
11.821,4000,80,1,8.289465762157485,10,8.287979125976562,0.06844436377286911,5.642561435699463,1.1043353080749512,0.11081315577030182,23.5,2.276215076446533,0.09686021601900141,35.0,nan,0,0.3998704254627228,3.119481325149536,nan
11.84,4000,80,1,8.290454399657753,10,8.289077758789062,0.059083983302116394,5.729884147644043,1.1214256286621094,0.01430984865874052,23.5,2.658893346786499,0.1131443977355957,35.0,nan,0,0.45516955852508545,3.115478992462158,nan
11.861,4000,80,1,8.291500587157495,10,8.290298461914062,0.05332327261567116,5.707416534423828,1.0288519859313965,-0.014407111331820488,23.5,2.2158870697021484,0.0942930667958361,35.0,nan,0,0.5160921216011047,2.784193754196167,nan
11.881,4000,80,1,8.292485708007732,10,8.2913818359375,0.05561022460460663,4.68126916885376,0.9161957502365112,-0.0010420269099995494,23.5,1.7578725814819336,0.0748030885736993,35.0,nan,0,0.570304274559021,3.0205702781677246,nan
11.901,4000,80,1,8.293495124657781,10,8.292526245117188,0.04603336378931999,5.168558120727539,1.0115656852722168,-0.13479551672935486,23.5,1.326676845550537,0.05645433385321434,35.0,nan,0,0.6275755763053894,1.8455809354782104,nan
11.921,4000,80,1,8.294498276757801,10,8.293365478515625,0.047355007380247116,5.730213165283203,1.1214901208877563,0.18337571620941162,23.5,2.1512904167175293,0.09154427305180976,35.0,nan,0,0.6695445775985718,2.50957989692688,nan
11.941,4000,80,1,8.295500520507629,10,8.2940673828125,0.028562230989336967,8.545450210571289,1.6724748611450195,-0.08314971625804901,23.5,3.0977516174316406,0.13181921776304853,35.0,nan,0,0.7041110396385193,1.5237387418746948,nan
11.961,4000,80,1,8.296495995507573,10,8.295074462890625,0.05446717143058777,6.163424491882324,1.1477947235107422,-0.03081122785806656,23.5,2.101943254470825,0.08944439380726915,35.0,nan,0,0.7548477053642273,2.267518997192383,nan
11.981,4000,80,1,8.297490424657733,10,8.296005249023438,0.05235205218195915,6.66029167175293,1.3035205602645874,-0.03671420365571976,23.5,3.186793804168701,0.13560824698590218,35.0,nan,0,0.8014636635780334,3.159531593322754,nan
12.0,4000,80,1,8.298450085057992,10,8.297103881835938,0.05183232203125954,6.297923564910889,1.1598764657974243,-0.06930305063724518,23.5,2.244680881500244,0.09551833538298911,35.0,nan,0,0.8557885885238647,2.495617389678955,nan
12.021,4000,80,1,8.299473510057576,10,8.29803466796875,0.038100071251392365,7.9721293449401855,1.650883674621582,-0.11098562926054001,23.5,2.6509525775909424,0.11280649266344436,35.0,nan,0,0.9028453230857849,1.4868203401565552,nan
12.041,4000,80,1,8.300497118407653,10,8.298782348632812,0.041814565658569336,7.842901229858398,1.534975290298462,0.027975741773843765,23.5,4.017255783081055,0.17094705459919382,35.0,nan,0,0.9397576451301575,2.3272716999053955,nan
12.061,4000,80,1,8.30149539340782,10,8.299713134765625,0.04150621220469475,8.71963119506836,1.7065647840499878,0.06506358087062836,23.5,3.5156946182250977,0.14960402630745095,35.0,nan,0,0.9863772392272949,2.0475246906280518,nan
12.081,4000,80,1,8.302495576757789,10,8.30072021484375,0.058222804218530655,7.427671432495117,1.453708529472351,0.036525048315525055,23.5,3.248812198638916,0.138247327601656,35.0,nan,0,0.037010904401540756,2.909207344055176,nan
12.1,4000,80,1,8.303464460057873,10,8.301620483398438,0.04797232896089554,8.44500732421875,1.652816653251648,-0.055206917226314545,23.5,4.1520538330078125,0.17668314183011968,35.0,nan,0,0.08192871510982513,2.4871833324432373,nan
12.121,4000,80,1,8.304499670507354,10,8.30267333984375,0.039492059499025345,9.26392650604248,1.8130916357040405,0.13983029127120972,23.5,3.869635581970215,0.16466534391362617,35.0,nan,0,0.13462962210178375,1.5247113704681396,nan
12.14,4000,80,1,8.30545286630804,10,8.303482055664062,0.0495460219681263,9.332735061645508,1.8265585899353027,-0.08507447689771652,23.5,4.2015228271484375,0.1787882054105718,35.0,nan,0,0.1750393509864807,2.5609006881713867,nan
12.161,4000,80,1,8.306476703807855,10,8.30426025390625,0.03600966930389404,10.644430160522461,2.0832772254943848,-0.18277929723262787,23.5,5.407766342163086,0.23011771668779088,35.0,nan,0,0.2142629623413086,1.9646105766296387,nan
12.181,4000,80,1,8.30749574965739,10,8.305557250976562,0.06086788699030876,7.853008270263672,1.5369534492492676,-0.007065385580062866,23.5,3.7031731605529785,0.1575818366192757,35.0,nan,0,0.2787525951862335,2.48622465133667,nan
12.201,4000,80,1,8.308496428807846,10,8.306732177734375,0.06404925882816315,7.1510443687438965,1.3995683193206787,0.005199778359383345,23.5,3.158447742462158,0.13440203159413439,35.0,nan,0,0.3379547595977783,2.892293930053711,nan
12.221,4000,80,1,8.309494289257415,10,8.307998657226562,0.06749734282493591,5.053285121917725,0.9890049695968628,-0.10666912794113159,23.5,2.129035472869873,0.09059725416467544,35.0,nan,0,0.40082958340644836,3.2863004207611084,nan
12.241,4000,80,1,8.310497043407665,10,8.3092041015625,0.06112852320075035,5.206800937652588,1.0731823444366455,-0.04717602580785751,23.5,2.2957797050476074,0.09769275340628117,35.0,nan,0,0.4614412784576416,3.1772348880767822,nan
12.26,4000,80,1,8.311448645507332,10,8.310302734375,0.057303160429000854,5.007708549499512,0.9800848960876465,0.009596043266355991,23.5,1.950924038887024,0.08301804420795847,35.0,nan,0,0.5162009596824646,2.742279529571533,nan
12.281,4000,80,1,8.312501028808034,10,8.3114013671875,0.048360761255025864,6.328100681304932,1.2385058403015137,-0.029153598472476006,23.5,2.1038858890533447,0.08952705910865297,35.0,nan,0,0.5706813931465149,2.6333231925964355,nan
12.301,4000,80,1,8.313475437157464,10,8.312530517578125,0.05509870499372482,4.02238655090332,0.46667152643203735,-0.10060720890760422,23.5,0.8243422508239746,0.035078393652084025,35.0,nan,0,0.6274431347846985,2.581937074661255,nan
12.321,4000,80,1,8.314494866307356,10,8.31341552734375,0.04237131401896477,6.16813850402832,1.2071987390518188,0.17680537700653076,23.5,2.0246999263763428,0.08615744367558906,35.0,nan,0,0.6716113686561584,2.2813303470611572,nan
12.34,4000,80,1,8.315451195507919,10,8.314132690429688,0.033460408449172974,7.316771984100342,1.4320037364959717,-0.022450989112257957,23.5,2.654106855392456,0.11294071725074281,35.0,nan,0,0.7072057723999023,1.73904287815094,nan
12.361,4000,80,1,8.31649349340805,10,8.315139770507812,0.055023521184921265,5.354786396026611,1.0660841464996338,-0.16144439578056335,23.5,2.0541739463806152,0.08741165729279214,35.0,nan,0,0.7577662467956543,2.5986928939819336,nan
12.381,4000,80,1,8.317500183007358,10,8.31610107421875,0.0511191263794899,6.576745986938477,1.2871694564819336,-0.0698295533657074,23.5,2.833854913711548,0.12058957079623608,35.0,nan,0,0.8059457540512085,2.7723562717437744,nan
12.401,4000,80,1,8.318483608007952,10,8.317123413085938,0.05070941150188446,5.603882789611816,1.2388360500335693,-0.005690352991223335,23.5,2.6390645503997803,0.11230061916594809,35.0,nan,0,0.8571515679359436,2.7859349250793457,nan
12.421,4000,80,1,8.319497347557624,10,8.318161010742188,0.03779527172446251,7.313227653503418,1.4313101768493652,0.049887433648109436,23.5,2.38720703125,0.10158327792553191,35.0,nan,0,0.908751904964447,1.4325613975524902,nan
12.441,4000,80,1,8.320503299657863,10,8.31884765625,0.0432090125977993,8.122442245483398,1.4850718975067139,0.11409943550825119,23.5,3.748990535736084,0.15953151215898229,35.0,nan,0,0.9435002207756042,2.4517204761505127,nan
12.461,4000,80,1,8.321472430908031,10,8.319747924804688,0.04018434137105942,8.448463439941406,1.6139391660690308,-0.015158513560891151,23.5,3.5041685104370117,0.1491135536356175,35.0,nan,0,0.988037109375,2.0981321334838867,nan
12.481,4000,80,1,8.322501158007796,10,8.320846557617188,0.05433977022767067,7.849838733673096,1.5363330841064453,0.04884309694170952,23.5,2.992461681365967,0.12733879495174327,35.0,nan,0,0.043272245675325394,2.268184185028076,nan
12.501,4000,80,1,8.323500672557563,10,8.321685791015625,0.046301212161779404,8.557280540466309,1.6747901439666748,-0.045270632952451706,23.5,4.233307838439941,0.1801407590825507,35.0,nan,0,0.08487263321876526,2.7445356845855713,nan
12.521,4000,80,1,8.324478951757916,10,8.322723388671875,0.04510742053389549,7.915424346923828,1.5491693019866943,0.016726920381188393,23.5,3.4427857398986816,0.14650152084675241,35.0,nan,0,0.13686628639698029,2.136857748031616,nan
12.541,4000,80,1,8.32549505175775,10,8.323623657226562,0.04477012902498245,9.422700881958008,1.8441661596298218,0.09315754473209381,23.5,3.713641405105591,0.15802729383428046,35.0,nan,0,0.18224181234836578,2.088341236114502,nan
12.561,4000,80,1,8.32649795175748,10,8.324371337890625,0.0415225513279438,9.560572624206543,1.8711497783660889,0.08243631571531296,23.5,5.225273132324219,0.2223520481840093,35.0,nan,0,0.21957340836524963,2.40165638923645,nan
12.581,4000,80,1,8.327497314257922,10,8.3255615234375,0.057466134428977966,8.573211669921875,1.6779083013534546,-0.015785804018378258,23.5,3.896073341369629,0.16579035495189912,35.0,nan,0,0.27887725830078125,2.7711145877838135,nan
12.6,4000,80,1,8.328465151757698,10,8.326751708984375,0.061605289578437805,7.214010715484619,1.4118918180465698,-9.415286331204697e-05,23.5,3.0972108840942383,0.13179620783379736,35.0,nan,0,0.3386901617050171,3.052889347076416,nan
12.621,4000,80,1,8.329496874657341,10,8.328155517578125,0.06809660792350769,5.978704452514648,1.17012357711792,-0.03345213830471039,23.5,1.8404779434204102,0.07831821035831532,35.0,nan,0,0.4086329936981201,2.973888635635376,nan
12.641,4000,80,1,8.33048576215733,10,8.329330444335938,0.06084771826863289,5.692524433135986,1.1141138076782227,-0.060537468641996384,23.5,1.8339800834655762,0.07804170567938622,35.0,nan,0,0.467155396938324,3.072981834411621,nan
12.66,4000,80,1,8.33146174550784,10,8.33038330078125,0.05925523117184639,4.97972297668457,0.9746077060699463,-0.20621636509895325,23.5,1.937769889831543,0.08245829318432098,35.0,nan,0,0.5198879241943359,3.0793228149414062,nan
12.681,4000,80,1,8.332499537157855,10,8.331436157226562,0.045234136283397675,4.956465721130371,0.9700559377670288,-0.11782018840312958,23.5,1.93109130859375,0.08217409823803191,35.0,nan,0,0.5723798274993896,2.285613775253296,nan
12.701,4000,80,1,8.333494993407657,10,8.332550048828125,0.05554066225886345,4.677193641662598,0.915398120880127,0.06652605533599854,23.5,1.5331199169158936,0.06523914540067632,35.0,nan,0,0.6286019682884216,2.547255277633667,nan
12.721,4000,80,1,8.334493593407386,10,8.333541870117188,0.046744558960199356,4.634035110473633,0.9069513082504272,0.25118255615234375,23.5,1.6157982349395752,0.0687573716995564,35.0,nan,0,0.6779761910438538,2.2264888286590576,nan
12.74,4000,80,1,8.33545526005764,10,8.334228515625,0.03664743900299072,6.600184917449951,1.183499813079834,-0.19716297090053558,23.5,2.444000005722046,0.10400000024349132,35.0,nan,0,0.7121403813362122,2.059009075164795,nan
12.761,4000,80,1,8.336478668407652,10,8.335235595703125,0.046573299914598465,6.139679431915283,1.2016288042068481,0.173934668302536,23.5,2.1708922386169434,0.09237839313263589,35.0,nan,0,0.7629201412200928,2.0388104915618896,nan
12.781,4000,80,1,8.337481243407819,10,8.336166381835938,0.053082846105098724,6.5201735496521,1.2760974168777466,-0.08539711683988571,23.5,2.432339668273926,0.10350381567123089,35.0,nan,0,0.8094194531440735,2.7793002128601074,nan
12.8,4000,80,1,8.338459514257556,10,8.337066650390625,0.045404382050037384,6.876850128173828,1.3459043502807617,-0.01528170332312584,23.5,2.7351462841033936,0.11638920357886781,35.0,nan,0,0.8544338941574097,2.4800539016723633,nan
12.82,4000,80,1,8.339454322557867,10,8.338226318359375,0.050239238888025284,6.40927267074585,1.248326063156128,0.2982262372970581,23.5,2.055567502975464,0.08747095757342399,35.0,nan,0,0.9124546647071838,2.13044810295105,nan
12.841,4000,80,1,8.34049759340778,10,8.339065551757812,0.043594840914011,7.373587131500244,1.4431233406066895,-0.056124500930309296,23.5,2.99345064163208,0.12738087836732256,35.0,nan,0,0.9542028307914734,2.298137664794922,nan
12.861,4000,80,1,8.34148209340783,10,8.33984375,0.036642421036958694,8.658401489257812,1.6945812702178955,0.06782880425453186,23.5,3.6707444190979004,0.15620189017437874,35.0,nan,0,0.9929351210594177,1.957520604133606,nan
12.881,4000,80,1,8.342498574657656,10,8.340896606445312,0.052046846598386765,7.449270725250244,1.4579358100891113,-0.20237550139427185,23.5,2.6886088848114014,0.11440888871537878,35.0,nan,0,0.045983947813510895,1.9734121561050415,nan
12.901,4000,80,1,8.343495995507691,10,8.341705322265625,0.047303784638643265,8.36708927154541,1.6290745735168457,0.055428385734558105,23.5,4.136669158935547,0.17602847484832115,35.0,nan,0,0.08645793050527573,2.6644325256347656,nan
12.921,4000,80,1,8.344496630907814,10,8.34283447265625,0.05003329738974571,7.6934895515441895,1.5567829608917236,-0.1410900056362152,23.5,3.3239316940307617,0.14144390187364944,35.0,nan,0,0.1424063742160797,2.426884174346924,nan
12.941,4000,80,1,8.345471783007815,10,8.343658447265625,0.038121212273836136,9.294349670410156,1.7674574851989746,0.020056158304214478,23.5,3.7171597480773926,0.15817701055648478,35.0,nan,0,0.18368583917617798,1.612489938735962,nan
12.96,4000,80,1,8.346450526757689,10,8.344406127929688,0.048096731305122375,9.43880558013916,1.847318172454834,-0.014340921305119991,23.5,4.949130535125732,0.21060129936705244,35.0,nan,0,0.22105079889297485,2.708192825317383,nan
12.981,4000,80,1,8.347497308007586,10,8.3455810546875,0.055352114140987396,8.363061904907227,1.636778712272644,0.08223217725753784,23.5,3.7956013679504395,0.16151495182767828,35.0,nan,0,0.2803027629852295,2.769587516784668,nan
13.001,4000,80,1,8.348496351757785,10,8.346832275390625,0.05761859938502312,8.002352714538574,1.5661824941635132,0.22612345218658447,23.5,3.1654367446899414,0.13469943594425282,35.0,nan,0,0.3425401747226715,2.7462282180786133,nan
13.021,4000,80,1,8.349496035057381,10,8.348159790039062,0.06944085657596588,5.5092244148254395,1.0782392024993896,5.9559224609984085e-05,23.5,2.063485860824585,0.08780790897125894,35.0,nan,0,0.4090050756931305,3.3364059925079346,nan
13.04,4000,80,1,8.350452922557452,10,8.349349975585938,0.06052349880337715,5.467146873474121,1.0700039863586426,0.019509177654981613,23.5,1.7895007133483887,0.07614896652546335,35.0,nan,0,0.4683303236961365,2.8637821674346924,nan
13.061,4000,80,1,8.351498428807826,10,8.350494384765625,0.05756339803338051,4.501204967498779,0.8809544444084167,-0.01023632287979126,23.5,1.7811894416809082,0.07579529539067695,35.0,nan,0,0.5257279276847839,2.9884140491485596,nan
13.081,4000,80,1,8.352487564257899,10,8.351470947265625,0.04610469192266464,5.007131099700928,0.9799718856811523,0.017724912613630295,23.5,1.8117468357086182,0.07709561003015396,35.0,nan,0,0.5745507478713989,2.328429937362671,nan
13.101,4000,80,1,8.353496353807714,10,8.352523803710938,0.04983584210276604,5.082427024841309,0.9163645505905151,-0.05153703689575195,23.5,1.451596736907959,0.061770073910976976,35.0,nan,0,0.6269699931144714,2.3407812118530273,nan
13.12,4000,80,1,8.354465416307358,10,8.353515625,0.051194265484809875,5.587389945983887,1.093537449836731,-0.0846385508775711,23.5,1.5033555030822754,0.06397257459924575,35.0,nan,0,0.6768366694450378,2.4777116775512695,nan
13.141,4000,80,1,8.355479768407532,10,8.354324340820312,0.03931122645735741,6.178350925445557,1.2091975212097168,0.021593265235424042,23.5,2.441800832748413,0.10390641841482609,35.0,nan,0,0.7172398567199707,2.1694865226745605,nan
13.161,4000,80,1,8.356472301757458,10,8.355270385742188,0.043741174042224884,6.415136337280273,1.255539894104004,-0.00566550437361002,23.5,2.1608924865722656,0.09195287176903258,35.0,nan,0,0.7647659778594971,2.0945191383361816,nan
13.181,4000,80,1,8.357497808007611,10,8.356231689453125,0.05336004123091698,5.955288887023926,1.1655408143997192,-0.01687237247824669,23.5,2.40140700340271,0.10218753205968979,35.0,nan,0,0.8128935694694519,2.8359692096710205,nan
13.201,4000,80,1,8.358484597557982,10,8.357147216796875,0.041437871754169464,6.9587578773498535,1.361935019493103,0.01148734986782074,23.5,2.743659496307373,0.11675146792797332,35.0,nan,0,0.8580925464630127,2.1687822341918945,nan
13.22,4000,80,1,8.359463847557347,10,8.358245849609375,0.054555486887693405,6.32943868637085,1.2387676239013672,0.014184268191456795,23.5,1.8817012310028076,0.08007239280863011,35.0,nan,0,0.9129468202590942,2.336594820022583,nan
13.241,4000,80,1,8.36049559755775,10,8.359207153320312,0.046241916716098785,6.817627906799316,1.3343136310577393,-0.0730452612042427,23.5,2.292515754699707,0.0975538619021152,35.0,nan,0,0.9612234234809875,2.233067274093628,nan
13.261,4000,80,1,8.361497066307495,10,8.35992431640625,0.0372534804046154,7.6948418617248535,1.4810419082641602,-0.08754643052816391,23.5,3.2993252277374268,0.14039681820159264,35.0,nan,0,0.9972444772720337,2.0139265060424805,nan
13.281,4000,80,1,8.36249585175756,10,8.360992431640625,0.05141083523631096,7.132467746734619,1.4923515319824219,0.0011708262609317899,23.5,2.6830310821533203,0.11417153541077958,35.0,nan,0,0.0506838895380497,2.1442079544067383,nan
13.301,4000,80,1,8.363495620507457,10,8.361648559570312,0.03611603379249573,9.756560325622559,1.9095076322555542,-0.02380938082933426,23.5,4.67814302444458,0.19906991593381193,35.0,nan,0,0.08315364271402359,2.254333019256592,nan
13.32,4000,80,1,8.36444912880761,10,8.362655639648438,0.048916809260845184,9.024338722229004,1.7662007808685303,0.06959424912929535,23.5,3.786367893218994,0.1611220380093189,35.0,nan,0,0.13398095965385437,2.481762647628784,nan
13.341,4000,80,1,8.36547743300762,10,8.363754272460938,0.052045099437236786,8.072480201721191,1.5799072980880737,-0.08917781710624695,23.5,3.0793654918670654,0.13103682944115172,35.0,nan,0,0.188416987657547,2.385483503341675,nan
13.361,4000,80,1,8.366493776757853,10,8.364578247070312,0.04722585529088974,8.555949211120605,1.674529790878296,0.006004377268254757,23.5,4.497364044189453,0.19137719336976397,35.0,nan,0,0.22961564362049103,2.7730348110198975,nan
13.381,4000,80,1,8.36749268505737,10,8.365646362304688,0.049212731420993805,8.551267623901367,1.673613429069519,0.07739318907260895,23.5,3.9880619049072266,0.1697047619109458,35.0,nan,0,0.2836330533027649,2.5973920822143555,nan
13.401,4000,80,1,8.368467047557353,10,8.36688232421875,0.05850993096828461,6.370907306671143,1.2468836307525635,-0.10844740271568298,23.5,2.6609838008880615,0.11323335322927922,35.0,nan,0,0.344968318939209,2.6094610691070557,nan
13.421,4000,80,1,8.369493968407916,10,8.368179321289062,0.0701914057135582,6.068475246429443,1.1876931190490723,-0.036559611558914185,23.5,2.028780937194824,0.08633110371041805,35.0,nan,0,0.4101690351963043,3.4090576171875,nan
13.441,4000,80,1,8.370493916307897,10,8.369476318359375,0.059184279292821884,4.408047676086426,0.8627221584320068,-0.05376192927360535,23.5,1.493093729019165,0.06353590336251766,35.0,nan,0,0.47446995973587036,2.6929516792297363,nan
13.461,4000,80,1,8.37149569965768,10,8.370513916015625,0.05338994413614273,4.784421443939209,0.9481520056724548,-0.11235546320676804,23.5,1.4946370124816895,0.06360157499922083,35.0,nan,0,0.5269252061843872,2.585885524749756,nan
13.481,4000,80,1,8.372498566307332,10,8.371414184570312,0.04583226516842842,5.72159481048584,1.1198033094406128,-0.06196942552924156,23.5,1.8828599452972412,0.08012169979988261,35.0,nan,0,0.5717200636863708,2.43554949760437,nan
13.501,4000,80,1,8.373502353808,10,8.372406005859375,0.041890453547239304,5.9545698165893555,1.1654000282287598,0.024727053940296173,23.5,1.989020586013794,0.0846391738729274,35.0,nan,0,0.6214160323143005,1.9587618112564087,nan
13.521,4000,80,1,8.374500012157661,10,8.373397827148438,0.05528799444437027,5.74602746963501,1.1245851516723633,-0.013884163461625576,23.5,1.8279924392700195,0.07778691230936254,35.0,nan,0,0.6710110306739807,2.7762911319732666,nan
13.541,4000,80,1,8.375480545507891,10,8.37432861328125,0.04481308534741402,5.699982166290283,1.1155734062194824,0.06812898069620132,23.5,2.3680715560913086,0.10076900238686419,35.0,nan,0,0.7172666192054749,2.3600645065307617,nan
13.561,4000,80,1,8.376508814257978,10,8.3753662109375,0.0435514822602272,7.2588043212890625,1.4206585884094238,0.09892606735229492,23.5,2.0348453521728516,0.086589163922249,35.0,nan,0,0.7693306803703308,1.9503976106643677,nan
13.581,4000,80,1,8.37749686425741,10,8.3763427734375,0.05669541656970978,4.679314613342285,0.9158132076263428,-0.060549378395080566,23.5,2.0154829025268555,0.0857652298947598,35.0,nan,0,0.8184606432914734,2.864499568939209,nan
13.601,4000,80,1,8.378494812157442,10,8.377288818359375,0.04762791097164154,5.2136454582214355,1.0203899145126343,0.015491421334445477,23.5,2.5295839309692383,0.10764186940294632,35.0,nan,0,0.8656814694404602,2.6046082973480225,nan
13.621,4000,80,1,8.37949358300757,10,8.37835693359375,0.051406774669885635,4.321639060974121,0.84581059217453,-0.10765417665243149,23.5,1.8759701251983643,0.07982851596588784,35.0,nan,0,0.9189108610153198,2.634007692337036,nan
13.641,4000,80,1,8.380494195507344,10,8.379364013671875,0.04171624034643173,6.589319705963135,1.2896302938461304,0.05753738805651665,23.5,1.9894670248031616,0.08465817126821965,35.0,nan,0,0.9687712788581848,1.6088593006134033,nan
13.661,4000,80,1,8.3814975205074,10,8.379989624023438,0.036977607756853104,8.304594039916992,1.6253355741500854,0.05845470353960991,23.5,3.5789616107940674,0.15229623875719436,35.0,nan,0,0.0005662428447976708,2.2254436016082764,nan
13.681,4000,80,1,8.382507339257426,10,8.381011962890625,0.04379769787192345,7.684124946594238,1.503900408744812,0.003568961750715971,23.5,2.7473888397216797,0.1169101633924119,35.0,nan,0,0.05151180177927017,2.0650246143341064,nan
13.701,4000,80,1,8.383483141307806,10,8.3818359375,0.04437864571809769,8.661163330078125,1.6951216459274292,0.09240986406803131,23.5,3.4864919185638428,0.14836135823675928,35.0,nan,0,0.09295736253261566,2.4290151596069336,nan
13.721,4000,80,1,8.384493616307736,10,8.382675170898438,0.042438752949237823,9.012218475341797,1.7638286352157593,0.17001399397850037,23.5,4.090641975402832,0.17406987129373752,35.0,nan,0,0.13470926880836487,2.287083148956299,nan
13.74,4000,80,1,8.38545153090745,10,8.3837890625,0.055746372789144516,7.322042465209961,1.4330353736877441,-0.20905801653862,23.5,2.923243522644043,0.12439334138910821,35.0,nan,0,0.1902824491262436,2.369507074356079,nan
13.761,4000,80,1,8.386495926757926,10,8.384719848632812,0.0523250512778759,7.8818464279174805,1.490701675415039,-0.1390949934720993,23.5,3.7483413219451904,0.15950388604022087,35.0,nan,0,0.2372731864452362,2.8091840744018555,nan
13.78,4000,80,1,8.38746269755793,10,8.385711669921875,0.046707481145858765,7.9093194007873535,1.5479744672775269,-0.06307880580425262,23.5,3.886023759841919,0.1653627131847625,35.0,nan,0,0.28669431805610657,2.3586902618408203,nan
13.801,4000,80,1,8.388495941307339,10,8.386978149414062,0.05760292336344719,6.42874813079834,1.2582041025161743,-0.026692334562540054,23.5,2.7196216583251953,0.11572858120532746,35.0,nan,0,0.34953442215919495,2.7043755054473877,nan
13.821,4000,80,1,8.389496639257414,10,8.388198852539062,0.06361375004053116,5.258735656738281,1.0292147397994995,0.11783697456121445,23.5,2.1046626567840576,0.08956011305464075,35.0,nan,0,0.4108385741710663,3.1326260566711426,nan
13.841,4000,80,1,8.390470370507684,10,8.38946533203125,0.06421618163585663,4.255796432495117,0.8329242467880249,-0.038590896874666214,23.5,1.4113106727600098,0.060055773308936584,35.0,nan,0,0.47407183051109314,3.116173028945923,nan
13.861,4000,80,1,8.391499508007838,10,8.390640258789062,0.05460643023252487,5.189409255981445,1.0156464576721191,-0.1690950244665146,23.5,1.160961389541626,0.049402612320920254,35.0,nan,0,0.5326932072639465,2.5120203495025635,nan
13.881,4000,80,1,8.392497110057594,10,8.391555786132812,0.05137699097394943,4.919590950012207,0.9628390073776245,-0.08739178627729416,23.5,1.9092674255371094,0.08124542236328125,35.0,nan,0,0.5785068273544312,2.841362476348877,nan
13.901,4000,80,1,8.393496691307519,10,8.392532348632812,0.040074579417705536,5.931419372558594,1.1608691215515137,0.25101596117019653,23.5,1.8394421339035034,0.0782741333575959,35.0,nan,0,0.6275255680084229,1.9850249290466309,nan
13.92,4000,80,1,8.3944643746574,10,8.393524169921875,0.05728267505764961,4.649876594543457,0.910051703453064,0.11910431832075119,23.5,1.4830811023712158,0.06310983414345599,35.0,nan,0,0.6770132780075073,2.655785322189331,nan
13.941,4000,80,1,8.395483187157515,10,8.394485473632812,0.04902886226773262,5.392887592315674,1.05547034740448,0.04923560470342636,23.5,2.0642905235290527,0.0878421499374065,35.0,nan,0,0.7251692414283752,2.5279946327209473,nan
13.961,4000,80,1,8.396496170507453,10,8.395416259765625,0.04013991355895996,5.830663204193115,1.141149640083313,-0.06797337532043457,23.5,1.8638323545455933,0.07931201508704652,35.0,nan,0,0.7721056342124939,2.0079867839813232,nan
13.981,4000,80,1,8.397498668407934,10,8.396453857421875,0.05559742823243141,5.235188007354736,1.0246061086654663,0.016489308327436447,23.5,1.632814884185791,0.06948148443343792,35.0,nan,0,0.8233405351638794,2.6043484210968018,nan
14.001,4000,80,1,8.398496812157827,10,8.3973388671875,0.047028496861457825,5.380996227264404,1.05314302444458,0.08562134951353073,23.5,2.3988752365112305,0.10207979729835023,35.0,nan,0,0.8678426146507263,2.4540841579437256,nan
14.021,4000,80,1,8.399489810058002,10,8.398208618164062,0.0375516377389431,6.877284526824951,1.345989465713501,-0.002255714498460293,23.5,2.427206039428711,0.10328536337994515,35.0,nan,0,0.9109856486320496,1.911166787147522,nan
14.041,4000,80,1,8.400499116307763,10,8.399337768554688,0.05764880031347275,5.289526462554932,0.9946832060813904,0.01060434989631176,23.5,1.7171387672424316,0.07306973477627368,35.0,nan,0,0.9680771827697754,2.593204975128174,nan
14.061,4000,80,1,8.401497695507713,10,8.400222778320312,0.04419386386871338,6.716240406036377,1.3144705295562744,0.10834212601184845,23.5,2.8289012908935547,0.12037877833589594,35.0,nan,0,0.01230365689843893,2.2506940364837646,nan
14.081,4000,80,1,8.402486935057821,10,8.400985717773438,0.031456831842660904,8.555912017822266,1.6745223999023438,0.04255154728889465,23.5,3.272883653640747,0.13927164483577648,35.0,nan,0,0.0499364472925663,1.5328539609909058,nan
14.101,4000,80,1,8.403495764257967,10,8.401947021484375,0.05478598549962044,7.648402214050293,1.4969090223312378,-0.02828148752450943,23.5,3.0603225231170654,0.13022649034540704,35.0,nan,0,0.0982128158211708,2.7951645851135254,nan
14.121,4000,80,1,8.40449845590774,10,8.40264892578125,0.035493239760398865,9.520991325378418,1.863403081893921,0.03321705013513565,23.5,4.431153774261475,0.18855973507495635,35.0,nan,0,0.13302786648273468,2.1978001594543457,nan
14.14,4000,80,1,8.405459651757699,10,8.403762817382812,0.05648287758231163,8.109380722045898,1.5871294736862183,0.014411314390599728,23.5,3.066836357116699,0.13050367477092337,35.0,nan,0,0.1887921690940857,2.1671860218048096,nan
14.161,4000,80,1,8.406468685057915,10,8.404769897460938,0.05911035090684891,7.260547637939453,1.4616589546203613,-0.035169027745723724,23.5,3.427328109741211,0.14584374935068983,35.0,nan,0,0.23924587666988373,3.0269155502319336,nan
14.182,4000,80,1,8.40753717255793,10,8.405853271484375,0.05119628831744194,7.381642818450928,1.444700002670288,0.03849191218614578,23.5,3.747127056121826,0.15945221515412025,35.0,nan,0,0.29384681582450867,2.9547104835510254,nan
14.201,4000,80,1,8.408495333007885,10,8.40704345703125,0.05920222029089928,5.220654010772705,1.0217615365982056,-0.11956306546926498,23.5,2.4842476844787598,0.10571266742462808,35.0,nan,0,0.35330936312675476,2.975816249847412,nan
14.221,4000,80,1,8.409494805907887,10,8.408248901367188,0.05454462021589279,5.773691654205322,1.1299995183944702,0.17304222285747528,23.5,2.228573799133301,0.09483292762269364,35.0,nan,0,0.4136049151420593,2.5872137546539307,nan
14.24,4000,80,1,8.410450997557925,10,8.409469604492188,0.06484272330999374,4.260336875915527,0.8338128924369812,0.0027605067007243633,23.5,1.5071192979812622,0.06413273608430903,35.0,nan,0,0.47465553879737854,3.091139316558838,nan
14.261,4000,80,1,8.41149856005795,10,8.410690307617188,0.054309263825416565,3.9333913326263428,0.7865127921104431,0.19785556197166443,23.5,1.2283728122711182,0.05227118350089865,35.0,nan,0,0.5351904630661011,2.501390218734741,nan
14.281,4000,80,1,8.41247915800777,10,8.41156005859375,0.047393035143613815,5.547298908233643,1.085690975189209,0.09918885678052902,23.5,1.9058070182800293,0.08109817099063954,35.0,nan,0,0.5786077380180359,2.6577720642089844,nan
14.301,4000,80,1,8.413494943407565,10,8.412582397460938,0.043448831886053085,5.4054999351501465,1.057938814163208,-0.03652256727218628,23.5,1.664865493774414,0.07084534016061336,35.0,nan,0,0.6297828555107117,2.048250436782837,nan
14.32,4000,80,1,8.414446645507994,10,8.41351318359375,0.049806859344244,5.748567581176758,1.0550726652145386,-0.0784153863787651,23.5,1.5104377269744873,0.06427394582870159,35.0,nan,0,0.6764801144599915,2.4843974113464355,nan
14.34,4000,80,1,8.415449914257621,10,8.414474487304688,0.05251312255859375,4.414694309234619,0.864022970199585,0.02537040039896965,23.5,1.9147896766662598,0.08148041177303234,35.0,nan,0,0.7247083187103271,2.7787587642669678,nan
14.361,4000,80,1,8.416493464257652,10,8.415481567382812,0.04111235588788986,6.480910778045654,1.2684130668640137,-0.06137245520949364,23.5,1.8420896530151367,0.07838679374532496,35.0,nan,0,0.7747608423233032,1.8896328210830688,nan
14.381,4000,80,1,8.417495010057607,10,8.416458129882812,0.05109609663486481,5.946105480194092,1.163743495941162,0.13488654792308807,23.5,1.7761577367782593,0.07558118028843656,35.0,nan,0,0.8237408399581909,2.3926596641540527,nan
14.401,4000,80,1,8.418498778807404,10,8.417434692382812,0.053485479205846786,5.187084674835205,1.0151915550231934,0.12880432605743408,23.5,2.22713565826416,0.09477173013890043,35.0,nan,0,0.87254798412323,2.9189116954803467,nan
14.421,4000,80,1,8.419487466307325,10,8.418228149414062,0.0275008175522089,7.9562225341796875,1.5571540594100952,0.0438787117600441,23.5,2.5550882816314697,0.10872716092048808,35.0,nan,0,0.9121425151824951,1.3551074266433716,nan
14.441,4000,80,1,8.420473568407758,10,8.419265747070312,0.0673389583826065,6.018773555755615,1.177965760231018,-0.003914926201105118,23.5,1.9968481063842773,0.08497225984613946,35.0,nan,0,0.9639829397201538,3.5601844787597656,nan
14.461,4000,80,1,8.421503676757855,10,8.420303344726562,0.04936422407627106,5.698530197143555,1.1152892112731934,0.07262739539146423,23.5,2.4143896102905273,0.10273998341661819,35.0,nan,0,0.016100198030471802,2.5949394702911377,nan
14.482,4000,80,1,8.42253136840736,10,8.42108154296875,0.030879303812980652,7.727889060974121,1.5124657154083252,0.09379281848669052,23.5,3.0171823501586914,0.12839073830462516,35.0,nan,0,0.055161360651254654,1.5386388301849365,nan
14.501,4000,80,1,8.423499368407645,10,8.421981811523438,0.05526542663574219,7.3745222091674805,1.44330632686615,0.006762558128684759,23.5,2.958507776260376,0.12589394792597344,35.0,nan,0,0.09968855232000351,2.9168190956115723,nan
14.521,4000,80,1,8.424493483007971,10,8.4227294921875,0.03240866959095001,9.071072578430176,1.7753472328186035,0.035953812301158905,23.5,4.058160781860352,0.17268769284512134,35.0,nan,0,0.13771218061447144,1.791868805885315,nan
14.541,4000,80,1,8.425494166307907,10,8.423797607421875,0.05482393130660057,7.752789497375488,1.5173391103744507,-0.233704075217247,23.5,3.15456485748291,0.13423680244608127,35.0,nan,0,0.1911487579345703,2.2626888751983643,nan
14.561,4000,80,1,8.426489628807756,10,8.424850463867188,0.06125562638044357,6.743473052978516,1.3198004961013794,0.024149857461452484,23.5,3.2153968811035156,0.1368253991958943,35.0,nan,0,0.24353908002376556,3.3603157997131348,nan
14.581,4000,80,1,8.4274955684079,10,8.425933837890625,0.05250946432352066,7.3069610595703125,1.3455113172531128,0.035962674766778946,23.5,3.415069341659546,0.14532209964508705,35.0,nan,0,0.29750263690948486,2.8332643508911133,nan
14.601,4000,80,1,8.428494520507954,10,8.427093505859375,0.055897459387779236,5.352298259735107,1.0475263595581055,-0.04266364127397537,23.5,2.436180353164673,0.10366724907083714,35.0,nan,0,0.3553084433078766,2.9903414249420166,nan
14.62,4000,80,1,8.429443983007511,10,8.428253173828125,0.05186215788125992,5.502934455871582,1.0770081281661987,-0.16968004405498505,23.5,1.6969890594482422,0.07221230040205286,35.0,nan,0,0.41334962844848633,2.3128316402435303,nan
14.641,4000,80,1,8.430490297557842,10,8.429489135742188,0.06887755542993546,3.327244997024536,0.6511925458908081,0.027799827978014946,23.5,1.5141990184783936,0.06443400078631462,35.0,nan,0,0.47573965787887573,3.1879634857177734,nan
14.661,4000,80,1,8.431493503807722,10,8.430694580078125,0.05211982503533363,4.946189880371094,0.9680447578430176,-0.13333526253700256,23.5,1.1943445205688477,0.05082317108803607,35.0,nan,0,0.5358548164367676,2.2926018238067627,nan
14.681,4000,80,1,8.43249704965783,10,8.431610107421875,0.05038005858659744,4.514383792877197,0.8835337162017822,0.08328235894441605,23.5,1.7775499820709229,0.07564042476897544,35.0,nan,0,0.5811160802841187,2.7741739749908447,nan
14.701,4000,80,1,8.433493851757518,10,8.432662963867188,0.04940948262810707,4.348800182342529,0.8511265516281128,-0.05068155378103256,23.5,1.4005703926086426,0.05959874011100607,35.0,nan,0,0.6343272924423218,2.46229887008667,nan
14.721,4000,80,1,8.43449326840782,10,8.433578491210938,0.04184293746948242,5.725114822387695,1.024723768234253,0.005556286312639713,23.5,1.5383172035217285,0.0654603065328395,35.0,nan,0,0.6796677112579346,2.0570919513702393,nan
14.741,4000,80,1,8.435499445507592,10,8.434463500976562,0.05070366710424423,4.321938514709473,0.845869243144989,0.17800241708755493,23.5,2.0733513832092285,0.08822771843443526,35.0,nan,0,0.7242806553840637,2.7829222679138184,nan
14.761,4000,80,1,8.436492270507731,10,8.435516357421875,0.04848004877567291,5.232068061828613,1.0239955186843872,0.039021432399749756,23.5,1.7643539905548096,0.07507889321509828,35.0,nan,0,0.7769810557365417,2.4414680004119873,nan
14.781,4000,80,1,8.437498153807972,10,8.4365234375,0.045320942997932434,5.8976216316223145,1.15425443649292,0.1949518322944641,23.5,1.6965676546096802,0.07219436828126298,35.0,nan,0,0.8268306851387024,1.8986502885818481,nan
14.801,4000,80,1,8.438484655907812,10,8.437393188476562,0.050616953521966934,5.706317901611328,1.1168134212493896,-0.04327774792909622,23.5,2.100700855255127,0.08939152575553731,35.0,nan,0,0.8703015446662903,2.7194314002990723,nan
14.821,4000,80,1,8.439498768407791,10,8.438339233398438,0.03648487851023674,6.660322189331055,1.303526520729065,0.0015113790286704898,23.5,2.396552085876465,0.10198093982453042,35.0,nan,0,0.9176142811775208,1.6800599098205566,nan
14.841,4000,80,1,8.440493670507564,10,8.439254760742188,0.058513037860393524,5.983759880065918,0.9656381607055664,0.07158100605010986,23.5,2.0279452800750732,0.08629554383298184,35.0,nan,0,0.9634836912155151,3.3438918590545654,nan
14.861,4000,80,1,8.441496676757376,10,8.440399169921875,0.05146022140979767,6.028074264526367,1.179785966873169,-0.2812115550041199,23.5,2.054870367050171,0.08744129221490089,35.0,nan,0,0.020612141117453575,2.6079249382019043,nan
14.881,4000,80,1,8.442486099657978,10,8.441177368164062,0.032785892486572266,8.454025268554688,1.6545815467834473,0.009721689857542515,23.5,2.841938018798828,0.12093353271484375,35.0,nan,0,0.05986025184392929,1.6420197486877441,nan
14.9,4000,80,1,8.443463368407535,10,8.441909790039062,0.044874925166368484,8.341121673583984,1.6324846744537354,0.05909488722681999,23.5,3.316997766494751,0.14114884112743623,35.0,nan,0,0.09669466316699982,2.655341625213623,nan
14.92,4000,80,1,8.444447553807546,10,8.442825317382812,0.04346701130270958,8.003192901611328,1.5663468837738037,-0.15701931715011597,23.5,3.3672213554382324,0.14328601512503117,35.0,nan,0,0.14198023080825806,2.1064610481262207,nan
14.94,4000,80,1,8.445457441307369,10,8.443740844726562,0.04906843230128288,8.445579528808594,1.6529287099838257,-0.07456866651773453,23.5,3.3283820152282715,0.14163327724375624,35.0,nan,0,0.18812744319438934,2.457385540008545,nan
14.96,4000,80,1,8.446459041307387,10,8.444793701171875,0.059042900800704956,6.904611110687256,1.3513376712799072,-0.01394790317863226,23.5,3.4154469966888428,0.14533817007186564,35.0,nan,0,0.24083910882472992,3.1782069206237793,nan
14.981,4000,80,1,8.447496549657805,10,8.44598388671875,0.05593178793787956,7.001757621765137,1.37035071849823,0.07845908403396606,23.5,3.3029158115386963,0.14054960900164665,35.0,nan,0,0.30042529106140137,2.8251001834869385,nan
15.001,4000,80,1,8.44849747050757,10,8.447113037109375,0.053496286273002625,5.891899585723877,1.1531345844268799,-0.14281269907951355,23.5,2.7860119342803955,0.11855369933108066,35.0,nan,0,0.3566410541534424,2.6868953704833984,nan
15.021,4000,80,1,8.449471924657699,10,8.448318481445312,0.057541828602552414,4.301722526550293,0.8419127464294434,-0.02204764261841774,23.5,1.834019660949707,0.07804338982764711,35.0,nan,0,0.41668516397476196,2.684474229812622,nan
15.04,4000,80,1,8.450451245507427,10,8.449447631835938,0.06375109404325485,3.8410122394561768,0.7517446875572205,-0.01768462173640728,23.5,1.4847421646118164,0.06318051764305602,35.0,nan,0,0.47369781136512756,3.298581838607788,nan
15.061,4000,80,1,8.451480553807777,10,8.45074462890625,0.05764341726899147,3.856412410736084,0.7547587156295776,-0.10097773373126984,23.5,0.9014179706573486,0.038358211517333984,35.0,nan,0,0.5379246473312378,2.5952892303466797,nan
15.081,4000,80,1,8.452493389257869,10,8.45172119140625,0.05164574459195137,3.840019464492798,0.7515503764152527,0.029817849397659302,23.5,1.5110024213790894,0.06429797537783359,35.0,nan,0,0.5872101783752441,2.6772429943084717,nan
15.101,4000,80,1,8.453495870508048,10,8.45263671875,0.04138735309243202,5.225069999694824,1.0226259231567383,0.11393380165100098,23.5,1.568887710571289,0.06676117917324634,35.0,nan,0,0.6328262090682983,2.208101272583008,nan
15.121,4000,80,1,8.454498414257976,10,8.453659057617188,0.05003143101930618,4.876581192016602,0.9544212818145752,0.22302153706550598,23.5,1.4385381937026978,0.06121439122139139,35.0,nan,0,0.6838023662567139,2.3186166286468506,nan
15.14,4000,80,1,8.455453935057447,10,8.454513549804688,0.05124569311738014,4.717097759246826,0.9232079386711121,0.12661221623420715,23.5,1.884444236755371,0.08018911645767536,35.0,nan,0,0.726889967918396,2.894991874694824,nan
15.161,4000,80,1,8.456496508007692,10,8.455551147460938,0.04389159753918648,5.2316365242004395,1.013026475906372,0.1544896960258484,23.5,1.846603274345398,0.07857886273810204,35.0,nan,0,0.7782476544380188,2.248702049255371,nan
15.181,4000,80,1,8.457496003808044,10,8.456558227539062,0.04568266123533249,4.925256729125977,0.9342055320739746,-0.11363290250301361,23.5,1.4740290641784668,0.06272464102887093,35.0,nan,0,0.8287242650985718,1.7970324754714966,nan
15.201,4000,80,1,8.458496612157612,10,8.457412719726562,0.04951073229312897,5.228331089019775,1.0232641696929932,0.022158032283186913,23.5,2.3537988662719727,0.10016165388391372,35.0,nan,0,0.8713797330856323,2.776350259780884,nan
15.221,4000,80,1,8.459496337157905,10,8.458404541015625,0.04106103628873825,6.2036261558532715,1.214144229888916,0.1201772391796112,23.5,2.107238292694092,0.08966971458272731,35.0,nan,0,0.9208518862724304,1.979721188545227,nan
15.24,4000,80,1,8.460451295507662,10,8.459228515625,0.04498900845646858,6.926198959350586,1.355562686920166,0.08904536068439484,23.5,2.240830898284912,0.09535450630999626,35.0,nan,0,0.9625990390777588,2.265561103820801,nan
15.261,4000,80,1,8.461496189257739,10,8.46038818359375,0.061855949461460114,5.17441463470459,1.0920896530151367,-0.19793163239955902,23.5,2.041295051574707,0.08686361921594497,35.0,nan,0,0.02005915157496929,3.052809715270996,nan
15.281,4000,80,1,8.462495843407666,10,8.461257934570312,0.03451931104063988,7.467791557312012,1.461560606956482,0.039039164781570435,23.5,2.5364208221435547,0.10793280094227892,35.0,nan,0,0.0640440285205841,1.6978471279144287,nan
15.301,4000,80,1,8.463504095507957,10,8.462066650390625,0.045131146907806396,7.742320537567139,1.5152902603149414,0.015643807128071785,23.5,2.6892404556274414,0.11443576406925282,35.0,nan,0,0.10463486611843109,2.3333563804626465,nan
15.321,4000,80,1,8.464472039257814,10,8.462875366210938,0.045572299510240555,8.080985069274902,1.5815720558166504,-0.05187851935625076,23.5,3.480365753173828,0.14810067034782248,35.0,nan,0,0.1449146717786789,2.5389885902404785,nan
15.341,4000,80,1,8.465492243407786,10,8.463851928710938,0.03813520446419716,8.802375793457031,1.8633098602294922,-0.03808889910578728,23.5,3.4401679039001465,0.146390123570219,35.0,nan,0,0.1935039907693863,1.7521250247955322,nan
15.36,4000,80,1,8.466448943407883,10,8.464813232421875,0.05995609983801842,7.377452373504639,1.4438798427581787,-0.031083855777978897,23.5,3.1111197471618652,0.13238807434731342,35.0,nan,0,0.24187462031841278,3.2069249153137207,nan
15.381,4000,80,1,8.467494791307397,10,8.465988159179688,0.057541217654943466,6.31422233581543,1.2357895374298096,0.025299010798335075,23.5,3.1187143325805664,0.13271124819491772,35.0,nan,0,0.300650417804718,3.073737382888794,nan
15.401,4000,80,1,8.468473528807952,10,8.46710205078125,0.049853891134262085,6.205852031707764,1.2145798206329346,-0.06876438856124878,23.5,2.6279377937316895,0.1118271401587953,35.0,nan,0,0.3559170961380005,2.5184593200683594,nan
15.421,4000,80,1,8.469496572557544,10,8.468368530273438,0.060231611132621765,4.774933338165283,0.9345272779464722,0.1344662606716156,23.5,1.8733153343200684,0.0797155461412795,35.0,nan,0,0.4197544455528259,2.839897632598877,nan
15.441,4000,80,1,8.470504114257345,10,8.469558715820312,0.05353645980358124,5.888184070587158,1.1524074077606201,-0.17529529333114624,23.5,1.7642616033554077,0.07507496184491097,35.0,nan,0,0.4791172742843628,2.5067243576049805,nan
15.461,4000,80,1,8.471496174657657,10,8.470733642578125,0.06003258749842644,2.127174139022827,0.41632041335105896,0.05151696503162384,23.5,0.5810311436653137,0.024724729517672923,35.0,nan,0,0.5377755761146545,2.6550426483154297,nan
15.481,4000,80,1,8.472498372558038,10,8.471725463867188,0.0513632670044899,3.6302425861358643,0.710493803024292,-0.007012474816292524,23.5,1.4376941919326782,0.06117847625245439,35.0,nan,0,0.5872548222541809,2.6514036655426025,nan
15.501,4000,80,1,8.473494091307655,10,8.472671508789062,0.04284099116921425,5.248456954956055,1.02720308303833,0.05998378247022629,23.5,1.7028396129608154,0.07246126012599215,35.0,nan,0,0.6346936821937561,2.177476406097412,nan
15.521,4000,80,1,8.474493333007556,10,8.473724365234375,0.05063064023852348,4.260241985321045,0.8337942957878113,0.0063069104216992855,23.5,1.1731889247894287,0.049922932969762926,35.0,nan,0,0.686898946762085,2.218142509460449,nan
15.541,4000,80,1,8.475479047557744,10,8.474639892578125,0.05206531286239624,4.042660713195801,0.8441245555877686,-0.003796657081693411,23.5,1.6546200513839722,0.07040936388867966,35.0,nan,0,0.7330026626586914,2.7235913276672363,nan
15.561,4000,80,1,8.476494193407413,10,8.475601196289062,0.042397573590278625,5.213568210601807,1.0203747749328613,0.016435429453849792,23.5,1.7155349254608154,0.07300148618982193,35.0,nan,0,0.7808409929275513,2.176363229751587,nan
15.581,4000,80,1,8.477493997557756,10,8.47662353515625,0.046632468700408936,5.122003555297852,1.002454161643982,0.04361570626497269,23.5,1.5823776721954346,0.06733522009342274,35.0,nan,0,0.831725537776947,1.9560513496398926,nan
15.601,4000,80,1,8.478493720507684,10,8.47747802734375,0.04971085488796234,5.7496514320373535,1.1252944469451904,-0.012927589938044548,23.5,2.1281936168670654,0.09056143050498151,35.0,nan,0,0.8745731711387634,2.6701083183288574,nan
15.621,4000,80,1,8.4794934850579,10,8.478363037109375,0.03751160204410553,6.659506797790527,1.303367018699646,-0.05604708939790726,23.5,2.181830883026123,0.09284386736281375,35.0,nan,0,0.9187777042388916,1.86158287525177,nan
15.641,4000,80,1,8.48049353090755,10,8.4793701171875,0.04982651025056839,6.030218124389648,1.1802055835723877,0.13346120715141296,23.5,1.9455914497375488,0.08279112552074676,35.0,nan,0,0.9694864153862,2.195277690887451,nan
15.661,4000,80,1,8.481493814257554,10,8.48028564453125,0.05921735614538193,4.992549896240234,0.9771181344985962,0.011394882574677467,23.5,2.3492136001586914,0.09996653617696559,35.0,nan,0,0.01542614120990038,3.6077141761779785,nan
15.68,4000,80,1,8.482451660057993,10,8.481277465820312,0.038660820573568344,6.926380634307861,1.3708395957946777,-0.04156627133488655,23.5,2.3582470417022705,0.10035093794477747,35.0,nan,0,0.06507789343595505,1.7218674421310425,nan
15.701,4000,80,1,8.483493678808006,10,8.482147216796875,0.04182736948132515,8.142723083496094,1.5528199672698975,0.17952433228492737,23.5,2.497694730758667,0.10628488215994328,35.0,nan,0,0.10806617140769958,1.7357392311096191,nan
15.721,4000,80,1,8.484494060057475,10,8.482757568359375,0.038320623338222504,9.494643211364746,1.8582465648651123,0.010068966075778008,23.5,4.054636001586914,0.17253770219518783,35.0,nan,0,0.13886460661888123,2.368650197982788,nan
15.74,4000,80,1,8.485448030907717,10,8.483840942382812,0.04807677119970322,8.31556224822998,1.627482295036316,0.049922190606594086,23.5,3.044851303100586,0.12956814055747173,35.0,nan,0,0.19327954947948456,1.5905117988586426,nan
15.761,4000,80,1,8.4864943788074,10,8.48480224609375,0.061546631157398224,6.888777732849121,1.5396206378936768,0.06172680854797363,23.5,3.712906837463379,0.15799603563673953,35.0,nan,0,0.24086540937423706,3.5387001037597656,nan
15.781,4000,80,1,8.487494135057931,10,8.485946655273438,0.05549721419811249,6.196840286254883,1.2128161191940308,0.09492763876914978,23.5,3.3101139068603516,0.14085591093022773,35.0,nan,0,0.29867565631866455,3.1698803901672363,nan
15.801,4000,80,1,8.488493545507662,10,8.487152099609375,0.05296453833580017,6.647429466247559,1.301003336906433,0.08108612895011902,23.5,2.8341403007507324,0.12060171492556308,35.0,nan,0,0.3589078187942505,2.412874937057495,nan
15.821,4000,80,1,8.489493510057946,10,8.488265991210938,0.04845714941620827,6.049792289733887,1.2647498846054077,-0.11421795934438705,23.5,2.185147523880005,0.09298500101617042,35.0,nan,0,0.41397446393966675,2.3606748580932617,nan
15.84,4000,80,1,8.490455380907951,10,8.489456176757812,0.06404637545347214,4.116427898406982,0.8056477308273315,-0.005056457594037056,23.5,1.53410804271698,0.06528119330710554,35.0,nan,0,0.4737775921821594,2.9184181690216064,nan
15.861,4000,80,1,8.491472870508005,10,8.490646362304688,0.06633204966783524,3.5950534343719482,0.7036067247390747,0.033672451972961426,23.5,1.2178585529327393,0.051823768209903795,35.0,nan,0,0.5332881212234497,3.3441014289855957,nan
15.881,4000,80,1,8.492495576757937,10,8.491806030273438,0.05496259406208992,3.7078146934509277,0.4016936421394348,0.0554918609559536,23.5,0.8743364810943604,0.03720580770614299,35.0,nan,0,0.5912023782730103,2.764801502227783,nan
15.901,4000,80,1,8.493499095508014,10,8.492752075195312,0.04389131814241409,5.3334527015686035,1.0438380241394043,-0.09764253348112106,23.5,1.724402666091919,0.07337883685497527,35.0,nan,0,0.638350784778595,2.3709466457366943,nan
15.921,4000,80,1,8.49447611425785,10,8.493728637695312,0.04773050546646118,4.259170055389404,0.8335844874382019,-0.07204584777355194,23.5,1.143577218055725,0.048662860342796814,35.0,nan,0,0.6870814561843872,2.1999778747558594,nan
15.941,4000,80,1,8.495497845507634,10,8.49462890625,0.05129671096801758,4.301331996917725,0.8418362140655518,-0.06222628802061081,23.5,1.80806565284729,0.07693896395094851,35.0,nan,0,0.7323064208030701,2.7089602947235107,nan
15.961,4000,80,1,8.496496939257485,10,8.495635986328125,0.04626024514436722,4.658023834228516,0.9116462469100952,-0.05124077945947647,23.5,1.7191625833511353,0.0731558546106866,35.0,nan,0,0.7826666831970215,2.3345656394958496,nan
15.981,4000,80,1,8.497496312157454,10,8.496597290039062,0.045159418135881424,5.354437351226807,1.0479450225830078,0.08084602653980255,23.5,1.6771018505096436,0.07136603619189973,35.0,nan,0,0.8304662704467773,1.9211698770523071,nan
16.001,4000,80,1,8.498501953807862,10,8.497482299804688,0.04983828589320183,5.5699052810668945,1.0901153087615967,-0.014522362500429153,23.5,2.206115484237671,0.09387725464841153,35.0,nan,0,0.8749579191207886,2.724417209625244,nan
16.021,4000,80,1,8.499496089257445,10,8.498336791992188,0.034516341984272,6.6706342697143555,1.3055448532104492,0.05823766812682152,23.5,2.30773663520813,0.0982015589450268,35.0,nan,0,0.917650580406189,1.8006342649459839,nan
16.041,4000,80,1,8.500496901758014,10,8.499359130859375,0.05769110471010208,3.7699029445648193,0.737827479839325,-0.029136380180716515,23.5,1.5766682624816895,0.06709226648858253,35.0,nan,0,0.9692422151565552,2.7236380577087402,nan
16.061,4000,80,1,8.501468218407535,10,8.50018310546875,0.045045919716358185,5.943253040313721,1.1631852388381958,0.0007822059560567141,23.5,2.9743196964263916,0.1265667955926124,35.0,nan,0,0.010352599434554577,2.686706304550171,nan
16.08,4000,80,1,8.502453664257336,10,8.5013427734375,0.04901250824332237,6.029148578643799,1.1799962520599365,0.06230504810810089,23.5,2.0124542713165283,0.0856363519709161,35.0,nan,0,0.06843780726194382,1.9942903518676758,nan
16.101,4000,80,1,8.503496797557455,10,8.502243041992188,0.042691316455602646,7.001779079437256,1.3703550100326538,0.05526723712682724,23.5,2.342710494995117,0.09968980829766456,35.0,nan,0,0.11312728375196457,1.7157632112503052,nan
16.121,4000,80,1,8.504497318407813,10,8.5029296875,0.03934362530708313,8.366233825683594,1.6373995542526245,0.06877779960632324,23.5,3.80008864402771,0.16170589974586,35.0,nan,0,0.1474209874868393,2.226316213607788,nan
16.141,4000,80,1,8.505492141307332,10,8.503982543945312,0.047844696789979935,8.060091018676758,1.5774827003479004,0.15576715767383575,23.5,2.9080147743225098,0.12374530954563871,35.0,nan,0,0.2001313418149948,2.021369695663452,nan
16.161,4000,80,1,8.506496483007504,10,8.504959106445312,0.05870085582137108,7.193155765533447,1.4238771200180054,-0.025160638615489006,23.5,2.986966133117676,0.1271049418347947,35.0,nan,0,0.249262273311615,3.0912420749664307,nan
16.181,4000,80,1,8.507498022557412,10,8.506011962890625,0.05014583468437195,7.133401393890381,1.3961153030395508,0.09224038571119308,23.5,3.3389291763305664,0.14208209260981133,35.0,nan,0,0.30157727003097534,2.8273706436157227,nan
16.2,4000,80,1,8.508448160057743,10,8.50714111328125,0.05560009926557541,6.999847412109375,1.3699767589569092,0.06398700922727585,23.5,2.4999680519104004,0.1063816192302298,35.0,nan,0,0.3581852316856384,2.6456656455993652,nan
16.221,4000,80,1,8.509495235057694,10,8.508346557617188,0.054824624210596085,5.254286289215088,1.028343915939331,-0.04014815017580986,23.5,1.999216079711914,0.08507302466859208,35.0,nan,0,0.41842320561408997,2.6066503524780273,nan
16.24,4000,80,1,8.510457535057503,10,8.509536743164062,0.06377298384904861,4.006006717681885,0.7840365767478943,0.10631068050861359,23.5,1.4273476600646973,0.060738198300625414,35.0,nan,0,0.4776236414909363,2.9908297061920166,nan
16.261,4000,80,1,8.51149352675784,10,8.510726928710938,0.05768779292702675,4.991296768188477,0.9768728613853455,0.024687839671969414,23.5,1.1775624752044678,0.05010904149806246,35.0,nan,0,0.537004292011261,2.8464558124542236,nan
16.281,4000,80,1,8.512498141307878,10,8.5118408203125,0.05500725284218788,3.3199918270111084,0.6497730016708374,-0.11579824984073639,23.5,1.163443922996521,0.04950825204240515,35.0,nan,0,0.5930699110031128,2.692267894744873,nan
16.302,4000,80,1,8.513539649657469,10,8.512802124023438,0.045571908354759216,4.486929416656494,0.6481132507324219,-0.12475671619176865,23.5,1.2217466831207275,0.05198922055832883,35.0,nan,0,0.6409570574760437,2.505232572555542,nan
16.321,4000,80,1,8.51449450590735,10,8.513748168945312,0.04455384612083435,4.042501926422119,0.7911792993545532,0.0071396613493561745,23.5,1.297677755355835,0.055220330015141914,35.0,nan,0,0.6882404685020447,2.0568687915802,nan
16.341,4000,80,1,8.515497483007493,10,8.514694213867188,0.05138806626200676,5.001000881195068,0.9787721037864685,-0.2336486279964447,23.5,1.510280728340149,0.06426726503575102,35.0,nan,0,0.7355242967605591,2.567793130874634,nan
16.361,4000,80,1,8.516497368407727,10,8.515655517578125,0.046053603291511536,5.3329949378967285,0.8632595539093018,-0.04429822415113449,23.5,1.6530606746673584,0.07034300743265355,35.0,nan,0,0.7838653326034546,2.2973647117614746,nan
16.381,4000,80,1,8.517495151757611,10,8.5166015625,0.04042935371398926,5.7727251052856445,1.1298103332519531,0.06639041006565094,23.5,1.7450991868972778,0.07425953986796927,35.0,nan,0,0.8312223553657532,1.6507264375686646,nan
16.401,4000,80,1,8.518496033007978,10,8.51751708984375,0.050639957189559937,4.943732738494873,0.967563807964325,0.18202827870845795,23.5,2.0563056468963623,0.08750236795303669,35.0,nan,0,0.8768045902252197,2.64096736907959,nan
16.421,4000,80,1,8.519497737157508,10,8.518417358398438,0.03952654078602791,6.827000617980957,1.3361481428146362,-0.020926252007484436,23.5,2.1494832038879395,0.09146737037821019,35.0,nan,0,0.9219961166381836,1.9937235116958618,nan
16.441,4000,80,1,8.520497120507935,10,8.519393920898438,0.05099358409643173,5.668078899383545,1.1093294620513916,0.0349971242249012,23.5,1.9444867372512817,0.08274411647877794,35.0,nan,0,0.9708200097084045,2.336376190185547,nan
16.461,4000,80,1,8.521470878808032,10,8.520339965820312,0.04646823927760124,6.203591346740723,1.2141374349594116,0.00590766966342926,23.5,2.4651384353637695,0.10489950788781997,35.0,nan,0,0.01819528639316559,2.3523974418640137,nan
16.481,4000,80,1,8.522496060057893,10,8.521347045898438,0.05140191316604614,6.1793341636657715,1.2093899250030518,-0.0014518068637698889,23.5,2.39762544631958,0.1020266147370034,35.0,nan,0,0.06829441338777542,2.5351645946502686,nan
16.501,4000,80,1,8.523499180907676,10,8.522247314453125,0.04094879701733589,7.635582447052002,1.4943997859954834,0.16866996884346008,23.5,2.389578342437744,0.10168418478458485,35.0,nan,0,0.11361298710107803,1.6289584636688232,nan
16.521,4000,80,1,8.52450126215772,10,8.5230712890625,0.047368187457323074,7.444911479949951,1.4570826292037964,0.09394553303718567,23.5,3.221782922744751,0.1370971456487128,35.0,nan,0,0.15486347675323486,2.59360408782959,nan
16.541,4000,80,1,8.525476803807397,10,8.523956298828125,0.03982469066977501,7.2971649169921875,1.4527332782745361,0.035870593041181564,23.5,2.9437947273254395,0.12526786073725274,35.0,nan,0,0.19878150522708893,1.945774793624878,nan
16.56,4000,80,1,8.526462672557683,10,8.524871826171875,0.05105520039796829,7.839590072631836,1.5343273878097534,0.052650731056928635,23.5,3.337169647216797,0.142007219030502,35.0,nan,0,0.24460630118846893,2.60305118560791,nan
16.581,4000,80,1,8.527466266307602,10,8.52593994140625,0.057055097073316574,6.126270294189453,1.1990045309066772,0.15815821290016174,23.5,3.182631492614746,0.13543112734530835,35.0,nan,0,0.29831668734550476,3.217355489730835,nan
16.601,4000,80,1,8.528499403807656,10,8.527191162109375,0.05812900885939598,5.695981502532959,1.1199994087219238,0.058317746967077255,23.5,2.6004514694213867,0.11065750933708028,35.0,nan,0,0.3607092499732971,3.0372862815856934,nan
16.621,4000,80,1,8.529492426757498,10,8.5283203125,0.04963379725813866,6.328718185424805,1.148193359375,0.00590828200802207,23.5,2.1669769287109375,0.09221178420046543,35.0,nan,0,0.41722941398620605,2.333418130874634,nan
16.64,4000,80,1,8.530457145507535,10,8.52947998046875,0.06440535187721252,4.023041725158691,0.7490729689598083,0.0657438263297081,23.5,1.515627145767212,0.06449477216030688,35.0,nan,0,0.47488918900489807,3.16601300239563,nan
16.661,4000,80,1,8.531505935057794,10,8.53076171875,0.05214545130729675,4.999846458435059,0.8939187526702881,-0.0042122481390833855,23.5,1.1479499340057373,0.04884893336194627,35.0,nan,0,0.538657546043396,2.325425863265991,nan
16.682,4000,80,1,8.532563568407932,10,8.531875610351562,0.055656835436820984,4.927604675292969,0.9644073843955994,-0.15750494599342346,23.5,1.1270339488983154,0.047958891442481506,35.0,nan,0,0.594633936882019,2.581695318222046,nan
16.701,4000,80,1,8.533473724657961,10,8.532699584960938,0.043549761176109314,6.063321113586426,1.1866843700408936,0.049766894429922104,23.5,1.8092544078826904,0.07698954927160385,35.0,nan,0,0.6356265544891357,2.2976415157318115,nan
16.721,4000,80,1,8.534498610057927,10,8.533767700195312,0.04760899394750595,4.099818229675293,0.8023969531059265,-0.042832307517528534,23.5,1.1814440488815308,0.05027421484602258,35.0,nan,0,0.6891922950744629,2.0311379432678223,nan
16.741,4000,80,1,8.535495360057395,10,8.534713745117188,0.055342648178339005,3.530545234680176,0.6909815073013306,0.10043032467365265,23.5,1.3678433895111084,0.058206101681323764,35.0,nan,0,0.7366201877593994,2.7833595275878906,nan
16.761,4000,80,1,8.536494301757921,10,8.535629272460938,0.04361302778124809,4.688755512237549,0.9176608920097351,0.016660228371620178,23.5,1.7636678218841553,0.07504969454826192,35.0,nan,0,0.7823535203933716,2.2693419456481934,nan
16.78,4000,80,1,8.537453374657344,10,8.536590576171875,0.041319817304611206,5.20332670211792,1.000930666923523,-0.0703948587179184,23.5,1.6485891342163086,0.0701527291155876,35.0,nan,0,0.8303400874137878,1.586616039276123,nan
16.801,4000,80,1,8.538483493407695,10,8.537445068359375,0.05125737935304642,4.524604797363281,0.8855341672897339,-0.14389467239379883,23.5,2.0701828002929688,0.08809288511884973,35.0,nan,0,0.8735114336013794,2.7460720539093018,nan
16.821,4000,80,1,8.53949394755764,10,8.538375854492188,0.04102389141917229,6.405729293823242,1.2536988258361816,0.10967239737510681,23.5,2.2862772941589355,0.09728839549612492,35.0,nan,0,0.9199174642562866,2.1294801235198975,nan
16.841,4000,80,1,8.54049797880798,10,8.539413452148438,0.0500144436955452,5.623511791229248,1.100606918334961,-0.14317891001701355,23.5,1.9071089029312134,0.08115357033749844,35.0,nan,0,0.9718922972679138,2.176927328109741,nan
16.861,4000,80,1,8.541496183007986,10,8.540435791015625,0.05704561993479729,5.477250576019287,1.071981430053711,-0.0437677763402462,23.5,2.05944561958313,0.08763598381204808,35.0,nan,0,0.02269478514790535,2.834320068359375,nan
16.881,4000,80,1,8.542493872557682,10,8.541213989257812,0.04077805578708649,6.654507637023926,1.2554090023040771,0.04435674101114273,23.5,2.684558868408203,0.11423654759183843,35.0,nan,0,0.06197075545787811,2.3838117122650146,nan
16.901,4000,80,1,8.543493978807966,10,8.542266845703125,0.04110841825604439,6.9199347496032715,1.3543367385864258,0.05857430398464203,23.5,2.2378904819488525,0.09522938221058946,35.0,nan,0,0.11388015747070312,1.4742101430892944,nan
16.921,4000,80,1,8.54447728300802,10,8.542999267578125,0.04650816321372986,7.276271343231201,1.4240772724151611,-0.007826474495232105,23.5,3.393221139907837,0.14439238893224837,35.0,nan,0,0.1511659473180771,2.676961660385132,nan
16.941,4000,80,1,8.54549477465771,10,8.543930053710938,0.03842984884977341,8.5526762008667,1.67388916015625,-0.07117101550102234,23.5,3.289271593093872,0.13996900396144135,35.0,nan,0,0.19743703305721283,2.1238951683044434,nan
16.961,4000,80,1,8.54646703715771,10,8.544998168945312,0.06059691682457924,6.534748554229736,1.2789498567581177,-0.0019439589232206345,23.5,2.613502025604248,0.11121285215337226,35.0,nan,0,0.25100505352020264,2.8450326919555664,nan
16.981,4000,80,1,8.547494264257695,10,8.546096801757812,0.061151668429374695,6.2100911140441895,1.215409517288208,-0.05209530144929886,23.5,2.997429847717285,0.12755020628584193,35.0,nan,0,0.30614620447158813,3.436624050140381,nan
17.001,4000,80,1,8.54849323925737,10,8.547195434570312,0.049380987882614136,6.20091438293457,1.213613510131836,0.036140382289886475,23.5,2.8695590496063232,0.12210889572792864,35.0,nan,0,0.36063152551651,2.8475944995880127,nan
17.02,4000,80,1,8.549456112157351,10,8.548324584960938,0.05125186964869499,5.541290760040283,0.6744170188903809,-0.18084053695201874,23.5,1.4545516967773438,0.061895816884142286,35.0,nan,0,0.4173206686973572,2.4123075008392334,nan
17.04,4000,80,1,8.55044758300792,10,8.549484252929688,0.05963577702641487,4.02527379989624,0.7878074645996094,-0.07331137359142303,23.5,1.526033878326416,0.06493761184367727,35.0,nan,0,0.4748407006263733,2.7414822578430176,nan
17.061,4000,80,1,8.551498635057944,10,8.550765991210938,0.055412620306015015,3.488750696182251,0.6828017234802246,0.14602498710155487,23.5,1.0040616989135742,0.04272602974100316,35.0,nan,0,0.5390310287475586,2.3125617504119873,nan
17.081,4000,80,1,8.552495737157736,10,8.551788330078125,0.059266552329063416,3.437558889389038,0.6727826595306396,-0.016928821802139282,23.5,1.380635380744934,0.05875044173382698,35.0,nan,0,0.590032696723938,3.1290650367736816,nan
17.101,4000,80,1,8.553493774657548,10,8.552764892578125,0.04632672667503357,4.390465259552002,0.8592809438705444,-0.07437166571617126,23.5,1.4801812171936035,0.0629864347741959,35.0,nan,0,0.6391967535018921,2.467468023300171,nan
17.121,4000,80,1,8.554496470507733,10,8.553787231445312,0.044066302478313446,4.6151041984558105,0.9125716686248779,0.08189623802900314,23.5,1.4058719873428345,0.059824339886929125,35.0,nan,0,0.6901378035545349,2.0710225105285645,nan
17.141,4000,80,1,8.5554960705078,10,8.554763793945312,0.05520192161202431,3.7993133068084717,0.7435835599899292,-0.06214563548564911,23.5,1.382467269897461,0.05882839446372174,35.0,nan,0,0.7391006946563721,2.800229787826538,nan
17.161,4000,80,1,8.556474264257853,10,8.555679321289062,0.047339294105768204,3.867016077041626,0.7568339705467224,0.03590758889913559,23.5,1.8625891208648682,0.0792591115261646,35.0,nan,0,0.7852533459663391,2.593118667602539,nan
17.181,4000,80,1,8.55749752880802,10,8.55670166015625,0.03914890065789223,5.467356204986572,1.070044994354248,0.017146343365311623,23.5,1.6747970581054688,0.07126795991938165,35.0,nan,0,0.836115300655365,1.8365485668182373,nan
17.201,4000,80,1,8.558496537157774,10,8.557525634765625,0.04803498461842537,6.116303443908691,1.1970537900924683,-0.20304684340953827,23.5,1.9286524057388306,0.08207031513782258,35.0,nan,0,0.8776185512542725,2.58718204498291,nan
17.22,4000,80,1,8.559450503807605,10,8.558303833007812,0.03313707932829857,6.115553379058838,1.1969070434570312,0.08342207968235016,23.5,2.2507166862487793,0.09577517813824593,35.0,nan,0,0.9159031510353088,1.5575491189956665,nan
17.241,4000,80,1,8.560469114258016,10,8.559402465820312,0.06114847958087921,4.408498287200928,0.8628102540969849,0.052326448261737823,23.5,1.512827754020691,0.06437564910726344,35.0,nan,0,0.9714240431785583,2.9823591709136963,nan
17.261,4000,80,1,8.561495158007896,10,8.560546875,0.05577364191412926,5.131048202514648,1.0042243003845215,-0.06418804824352264,23.5,1.6423234939575195,0.0698861061258519,35.0,nan,0,0.028382811695337296,2.5509307384490967,nan
17.281,4000,80,1,8.562487189257812,10,8.561203002929688,0.030504431575536728,7.852192401885986,1.5367937088012695,-0.031125394627451897,23.5,2.9415102005004883,0.12517064682980802,35.0,nan,0,0.06095757335424423,1.6469967365264893,nan
17.301,4000,80,1,8.563496424657936,10,8.562286376953125,0.056651048362255096,5.6481218338012695,1.1054235696792603,-0.09424583613872528,23.5,1.9370653629302979,0.08242831331618289,35.0,nan,0,0.11551422625780106,2.354633092880249,nan
17.321,4000,80,1,8.56450630380787,10,8.563156127929688,0.047369975596666336,6.488293647766113,1.2698578834533691,-0.009865617379546165,23.5,3.0758121013641357,0.13088562133464407,35.0,nan,0,0.15906783938407898,2.6014974117279053,nan
17.341,4000,80,1,8.5654765142579,10,8.563980102539062,0.03584485501050949,8.32075309753418,1.6284983158111572,0.18384847044944763,23.5,3.1840386390686035,0.1354910059178129,35.0,nan,0,0.20022578537464142,1.6158620119094849,nan
17.361,4000,80,1,8.566493735057886,10,8.565109252929688,0.0630539059638977,5.007836818695068,0.9801100492477417,-0.09326380491256714,23.5,2.1052587032318115,0.08958547673326858,35.0,nan,0,0.2560650110244751,2.7946183681488037,nan
17.381,4000,80,1,8.567496616307473,10,8.566146850585938,0.05911239609122276,6.599941253662109,1.185924768447876,-0.15644124150276184,23.5,2.8005480766296387,0.11917225857998462,35.0,nan,0,0.308127224445343,3.26440691947937,nan
17.401,4000,80,1,8.568494735057904,10,8.567276000976562,0.050394538789987564,6.551637649536133,1.2822554111480713,-0.05546274408698082,23.5,2.6579244136810303,0.11310316653961831,36.0,nan,0,0.36457815766334534,2.725226402282715,nan
17.421,4000,80,1,8.569493026757847,10,8.568405151367188,0.05198086053133011,5.226129055023193,1.0228331089019775,0.062466613948345184,23.5,2.0980215072631836,0.08927751094736952,36.0,nan,0,0.4214194118976593,2.3286359310150146,nan
17.44,4000,80,1,8.570453749657464,10,8.569549560546875,0.06044042482972145,4.095757007598877,0.8016020655632019,0.02754538133740425,23.5,1.600259780883789,0.06809616088867188,35.0,nan,0,0.4785304069519043,2.889728546142578,nan
17.461,4000,80,1,8.571497066307348,10,8.570785522460938,0.05493656545877457,3.4037113189697266,0.6661581993103027,-0.09568791836500168,23.5,0.9171229004859924,0.039026506403659254,35.0,nan,0,0.5405257940292358,2.3699052333831787,nan
17.481,4000,80,1,8.572468555907836,10,8.571731567382812,0.052266962826251984,4.413763999938965,0.8638409376144409,-0.030953099951148033,23.5,1.3306310176849365,0.056622596497231344,35.0,nan,0,0.5876476764678955,2.738332509994507,nan
17.501,4000,80,1,8.573486049657369,10,8.57275390625,0.04619106650352478,4.238597393035889,0.7477947473526001,-0.12202619016170502,23.5,1.2653214931488037,0.053843467793566115,36.0,nan,0,0.6384732127189636,2.3810720443725586,nan
17.521,4000,80,1,8.574497345507554,10,8.573776245117188,0.0492173470556736,4.287528038024902,0.8391346335411072,0.0917310118675232,23.5,1.3125360012054443,0.05585259579597635,35.0,nan,0,0.6893742084503174,2.255120277404785,nan
17.541,4000,80,1,8.57549669965738,10,8.574752807617188,0.05312017351388931,5.412269115447998,1.0592635869979858,-0.15248289704322815,23.5,1.4791637659072876,0.0629431389747782,35.0,nan,0,0.7388633489608765,2.6801705360412598,nan
17.561,4000,80,1,8.5764962205074,10,8.57574462890625,0.048032063990831375,4.755113124847412,0.9306480884552002,-0.03102262131869793,23.5,1.4834657907485962,0.06312620386164239,35.0,nan,0,0.7880218029022217,2.5156867504119873,nan
17.581,4000,80,1,8.577496512157817,10,8.576705932617188,0.04293648153543472,5.458018779754639,1.0682175159454346,0.09985357522964478,23.5,1.5981205701828003,0.0680051306460766,35.0,nan,0,0.8357937932014465,2.0425260066986084,nan
17.601,4000,80,1,8.57849167880777,10,8.577560424804688,0.044681087136268616,5.8256120681762695,1.0902003049850464,0.0051185558550059795,23.5,1.983391284942627,0.08439962914649476,36.0,nan,0,0.8787261247634888,2.3109772205352783,nan
17.621,4000,80,1,8.579493476757492,10,8.578369140625,0.03747476264834404,6.452285289764404,1.2628107070922852,0.025243297219276428,23.5,2.2715494632720947,0.09666167928817425,35.0,nan,0,0.9195405840873718,1.8258007764816284,nan
17.641,4000,80,1,8.580495010057351,10,8.579360961914062,0.055157098919153214,5.595394134521484,1.1536005735397339,0.19878558814525604,23.5,2.013085126876831,0.08566319688837579,35.0,nan,0,0.9690520167350769,2.7283775806427,nan
17.661,4000,80,1,8.58149394340799,10,8.580429077148438,0.05639074370265007,6.111293792724609,1.1960734128952026,-0.0173378586769104,23.5,2.1557297706604004,0.0917331817302298,35.0,nan,0,0.02220148593187332,2.7750794887542725,nan
17.681,4000,80,1,8.582486708007496,10,8.581268310546875,0.034557461738586426,7.976014137268066,1.5610275268554688,0.08167853206396103,23.5,2.584118366241455,0.10996248366984915,35.0,nan,0,0.06461251527070999,1.7394707202911377,nan
17.701,4000,80,1,8.58349537880786,10,8.582199096679688,0.05410592257976532,5.762284755706787,1.2606592178344727,0.0778852328658104,23.5,2.296456813812256,0.09772156654520238,36.0,nan,0,0.11088019609451294,2.758331298828125,nan
17.721,4000,80,1,8.584493251757525,10,8.5831298828125,0.046226222068071365,6.893519401550293,1.2113122940063477,0.08299043029546738,23.5,2.9562556743621826,0.12579811380264608,36.0,nan,0,0.15717819333076477,2.3511781692504883,nan
17.741,4000,80,1,8.585481258007352,10,8.583999633789062,0.039450667798519135,7.9901604652404785,1.5637962818145752,-0.06155696138739586,23.5,3.1454482078552246,0.13384885990873296,35.0,nan,0,0.20125383138656616,1.9596511125564575,nan
17.761,4000,80,1,8.586493176757362,10,8.585098266601562,0.060336362570524216,6.075694561004639,1.1891061067581177,0.22701601684093475,23.5,2.4788708686828613,0.10548386675246219,35.0,nan,0,0.25610408186912537,2.968137741088867,nan
17.781,4000,80,1,8.587493568407812,10,8.586166381835938,0.05753205716609955,6.282484531402588,1.2295780181884766,-0.05188095569610596,23.5,2.77180814743042,0.11794928286937957,35.0,nan,0,0.3095695674419403,3.2277727127075195,nan
17.801,4000,80,1,8.588492943407623,10,8.5872802734375,0.05147556588053703,6.0149102210998535,1.1772096157073975,0.04238874465227127,23.5,2.6299057006835938,0.11191088088015293,36.0,nan,0,0.36527058482170105,2.692816972732544,nan
17.821,4000,80,1,8.589494168407695,10,8.588363647460938,0.048928890377283096,5.742372035980225,1.123869776725769,0.09560957551002502,23.5,2.169281482696533,0.09230985032751206,35.0,nan,0,0.41936853528022766,2.3604791164398193,nan
17.841,4000,80,1,8.590493737157525,10,8.589523315429688,0.0608331672847271,4.681062698364258,0.9161553382873535,0.012437975965440273,23.5,1.5791734457015991,0.06719887002985528,36.0,nan,0,0.47712332010269165,2.809898614883423,nan
17.86,4000,80,1,8.591456643407586,10,8.590667724609375,0.05915611982345581,4.936271667480469,1.006273865699768,-0.0006620624917559326,23.5,1.2170031070709229,0.051787366258337145,35.0,nan,0,0.5342901945114136,2.879272937774658,nan
17.881,4000,80,1,8.592493203807685,10,8.591781616210938,0.05183647200465202,4.034217834472656,0.789557933807373,0.0511174276471138,23.5,1.446523666381836,0.061554198569439826,35.0,nan,0,0.5897063612937927,2.5309360027313232,nan
17.901,4000,80,1,8.593493945507365,10,8.592803955078125,0.05234365910291672,4.313068389892578,0.5451043844223022,0.0014086667215451598,23.5,1.0971782207489014,0.04668843492548516,35.0,nan,0,0.641016960144043,2.8834452629089355,nan
17.921,4000,80,1,8.594493201757727,10,8.593780517578125,0.041994690895080566,6.092010021209717,1.192299246788025,-0.20260265469551086,23.5,1.168291687965393,0.04971453991342098,35.0,nan,0,0.6903051137924194,1.9181419610977173,nan
17.94,4000,80,1,8.595447520507882,10,8.594711303710938,0.05383334681391716,3.326543092727661,0.6510552167892456,0.01420881412923336,23.5,1.4102983474731445,0.060012695637155083,35.0,nan,0,0.736842691898346,2.6582226753234863,nan
17.961,4000,80,1,8.59649372050772,10,8.595794677734375,0.05428755283355713,3.804600954055786,0.7446184158325195,0.04818864166736603,23.5,1.4142159223556519,0.060179400951304335,36.0,nan,0,0.7908181548118591,2.7614479064941406,nan
17.981,4000,80,1,8.597493270507407,10,8.596725463867188,0.0363600067794323,5.944401264190674,1.163409948348999,-0.027637464925646782,23.5,1.5479021072387695,0.06586817477611785,36.0,nan,0,0.8371577262878418,1.8836511373519897,nan
18.0,4000,80,1,8.598450687158042,10,8.597549438476562,0.044818274676799774,5.569166660308838,1.0899708271026611,-0.022961825132369995,23.5,1.9377772808074951,0.08245860769393597,36.0,nan,0,0.8785197138786316,2.2118046283721924,nan
18.021,4000,80,1,8.599499689257941,10,8.598297119140625,0.03372464329004288,7.78016471862793,1.4008946418762207,-0.10363791882991791,23.5,2.5701355934143066,0.10936747206018325,36.0,nan,0,0.9158029556274414,1.9785892963409424,nan
18.041,4000,80,1,8.600494701758002,10,8.59930419921875,0.05208883807063103,5.93557071685791,1.1616816520690918,-0.011599767953157425,23.5,2.0053319931030273,0.08533327630225648,35.0,nan,0,0.9661905169487,2.3849453926086426,nan
18.061,4000,80,1,8.601496391307595,10,8.600357055664062,0.05959806218743324,5.300200462341309,1.0373300313949585,-0.13126680254936218,23.5,2.296283721923828,0.09771420093292886,35.0,nan,0,0.018779052421450615,3.2919304370880127,nan
18.081,4000,80,1,8.602495041307705,10,8.601333618164062,0.04151004180312157,7.1762895584106445,1.4045093059539795,0.15382856130599976,23.5,2.4045393466949463,0.10232082326361473,36.0,nan,0,0.06748891621828079,2.1324031352996826,nan
18.101,4000,80,1,8.603494547557787,10,8.60223388671875,0.047457098960876465,6.998337745666504,1.3696813583374023,0.17568951845169067,23.5,2.2754907608032227,0.09682939407673288,36.0,nan,0,0.11297136545181274,2.1438074111938477,nan
18.12,4000,80,1,8.60445567465795,10,8.603179931640625,0.05187823250889778,6.59204626083374,1.2901639938354492,-0.006434283219277859,23.5,2.703620433807373,0.1150476780343563,36.0,nan,0,0.16002073884010315,2.63577938079834,nan
18.141,4000,80,1,8.605489726757517,10,8.604095458984375,0.04005609080195427,7.593123435974121,1.486090064048767,0.10552539676427841,23.5,3.0423853397369385,0.1294632059462527,35.0,nan,0,0.20584097504615784,2.1255462169647217,nan
18.16,4000,80,1,8.60645817675759,10,8.605148315429688,0.05687330663204193,5.943246364593506,1.1631839275360107,0.01688380166888237,23.5,2.352311849594116,0.10009837657847304,35.0,nan,0,0.25811466574668884,2.82361102104187,nan
18.181,4000,80,1,8.607497483008048,10,8.606338500976562,0.05945766717195511,5.947120666503906,1.1639422178268433,-0.22397825121879578,23.5,2.1390116214752197,0.09102177112660509,35.0,nan,0,0.3181820809841156,2.983288526535034,nan
18.201,4000,80,1,8.608493791307412,10,8.607391357421875,0.05369456112384796,5.340370178222656,1.0451918840408325,0.030602239072322845,23.5,2.227775812149048,0.09479897072974672,36.0,nan,0,0.3708265721797943,2.9445877075195312,nan
18.221,4000,80,1,8.609492395507552,10,8.6083984375,0.043248992413282394,6.427257537841797,1.257912278175354,0.03801698982715607,23.5,2.2453691959381104,0.09554762535906852,36.0,nan,0,0.4211074709892273,2.158342123031616,nan
18.24,4000,80,1,8.610447237157498,10,8.609527587890625,0.061136744916439056,4.039342880249023,0.7105094790458679,-0.005211170297116041,23.5,1.4342018365859985,0.06102986538663824,35.0,nan,0,0.4776839315891266,2.825247049331665,nan
18.261,4000,80,1,8.61149194755781,10,8.61077880859375,0.055891506373882294,3.2873075008392334,0.6433762311935425,-0.10070925205945969,23.5,1.0125490427017212,0.043087193306456224,35.0,nan,0,0.5396357178688049,2.499022960662842,nan
18.281,4000,80,1,8.612475491307853,10,8.611831665039062,0.05411138758063316,4.412281036376953,0.8635506629943848,0.03821225464344025,23.5,1.3302141427993774,0.05660485714039904,36.0,nan,0,0.5927162170410156,2.6301331520080566,nan
18.301,4000,80,1,8.613495174657876,10,8.61279296875,0.04874385893344879,3.871077299118042,0.757628858089447,0.009264189749956131,23.5,1.5008082389831543,0.06386418038226188,36.0,nan,0,0.6406488418579102,2.6601579189300537,nan
18.321,4000,80,1,8.614495574657488,10,8.61383056640625,0.04578888788819313,4.977674961090088,0.9742068648338318,-0.1520516276359558,23.5,1.2307511568069458,0.052372389651359395,36.0,nan,0,0.6920968294143677,2.0881567001342773,nan
18.341,4000,80,1,8.615510964257558,10,8.614761352539062,0.049537938088178635,4.465073585510254,0.8738829493522644,-0.13463428616523743,23.5,1.3469569683074951,0.05731731780031894,35.0,nan,0,0.7393593192100525,2.4117414951324463,nan
18.36,4000,80,1,8.616445745507374,10,8.6156005859375,0.04378524795174599,5.126737594604492,1.0033806562423706,0.07624265551567078,23.5,1.7874832153320312,0.07606311554604388,36.0,nan,0,0.7808746695518494,2.3087422847747803,nan
18.38,4000,80,1,8.617458680908022,10,8.616653442382812,0.045260246843099594,5.129046440124512,1.0537643432617188,0.09437572956085205,23.5,1.6479344367980957,0.0701248696509828,35.0,nan,0,0.833656370639801,1.924506425857544,nan
18.401,4000,80,1,8.618493189257425,10,8.617630004882812,0.054762519896030426,5.4636664390563965,1.0693228244781494,-0.04287729412317276,23.5,1.506291151046753,0.06409749578922352,36.0,nan,0,0.8823970556259155,2.7925047874450684,nan
18.421,4000,80,1,8.619492574657489,10,8.618316650390625,0.025856787338852882,8.027778625488281,1.5711586475372314,-0.1806597113609314,23.5,2.665825605392456,0.11343938746350876,36.0,nan,0,0.91670161485672,1.236354947090149,nan
18.441,4000,80,1,8.620492633007963,10,8.61932373046875,0.06109289824962616,5.4358344078063965,1.063875675201416,0.1160164326429367,23.5,2.0338134765625,0.08654525432180851,36.0,nan,0,0.9667607545852661,2.9403135776519775,nan
18.461,4000,80,1,8.621474153807505,10,8.6202392578125,0.05074926093220711,6.221773147583008,1.1875231266021729,0.022071754559874535,23.5,2.7784359455108643,0.11823131683024954,35.0,nan,0,0.012726020999252796,2.926708936691284,nan
18.481,4000,80,1,8.622479162157834,10,8.621292114257812,0.04127415269613266,7.030641078948975,1.3760037422180176,0.11622107028961182,23.5,2.3187315464019775,0.09866942750646714,36.0,nan,0,0.06527478247880936,1.844582438468933,nan
18.501,4000,80,1,8.623493785057509,10,8.622222900390625,0.049872949719429016,6.661555290222168,1.3037679195404053,0.14984554052352905,23.5,2.395419120788574,0.10193272854419465,36.0,nan,0,0.11174838989973068,2.278238534927368,nan
18.521,4000,80,1,8.624498285057781,10,8.623153686523438,0.05366881564259529,6.5624847412109375,1.2843782901763916,-0.12222090363502502,23.5,2.8839921951293945,0.12272307213316573,36.0,nan,0,0.15903620421886444,2.9070253372192383,nan
18.54,4000,80,1,8.625460380908045,10,8.624069213867188,0.04013356566429138,8.120099067687988,1.5892271995544434,0.03868788480758667,23.5,3.023524284362793,0.12866060784522523,35.0,nan,0,0.20449958741664886,1.9848120212554932,nan
18.561,4000,80,1,8.626494612157696,10,8.625167846679688,0.056489426642656326,6.321193218231201,1.2371538877487183,0.06479094922542572,23.5,2.467778444290161,0.10501184869319835,36.0,nan,0,0.259145051240921,2.6740939617156982,nan
18.581,4000,80,1,8.627495751757671,10,8.626266479492188,0.06177356094121933,6.224939823150635,1.218315601348877,-0.06554186344146729,23.5,2.4624412059783936,0.10478473216929335,36.0,nan,0,0.3144245743751526,3.2959115505218506,nan
18.601,4000,80,1,8.628475085058017,10,8.627304077148438,0.04989831522107124,5.897989749908447,1.2388249635696411,-0.007634345442056656,23.5,2.5784263610839844,0.10972027068442487,36.0,nan,0,0.3660852909088135,2.7196149826049805,nan
18.621,4000,80,1,8.629493726757937,10,8.628402709960938,0.048176687210798264,5.382717609405518,1.0534799098968506,0.20307475328445435,23.5,2.1008548736572266,0.08939807973009475,36.0,nan,0,0.42136210203170776,2.2783610820770264,nan
18.64,4000,80,1,8.6304624559074,10,8.6295166015625,0.061304524540901184,4.598130702972412,0.8999242782592773,-0.08094684779644012,23.5,1.7102041244506836,0.0727746435936461,36.0,nan,0,0.47658294439315796,2.861708879470825,nan
18.661,4000,80,1,8.6314931642577,10,8.630630493164062,0.052987322211265564,4.416590690612793,0.8643941283226013,0.001528037479147315,23.5,1.530090093612671,0.06511021674947536,35.0,nan,0,0.5324395895004272,2.5406088829040527,nan
18.681,4000,80,1,8.632493126757618,10,8.631683349609375,0.05599389970302582,3.8235511779785156,0.7483272552490234,0.20014414191246033,23.5,1.4671871662139893,0.06243349643463784,36.0,nan,0,0.585060715675354,2.7927582263946533,nan
18.701,4000,80,1,8.633494941307436,10,8.63275146484375,0.051176607608795166,4.404003143310547,0.8619305491447449,0.06523190438747406,23.5,1.6199909448623657,0.06893578488776024,36.0,nan,0,0.6386501789093018,2.7053680419921875,nan
18.721,4000,80,1,8.634493601758004,10,8.6337890625,0.0460812970995903,4.7775187492370605,0.9265217781066895,-0.09950392693281174,23.5,1.2682616710662842,0.05396858174750145,36.0,nan,0,0.6902920007705688,2.1408050060272217,nan
18.741,4000,80,1,8.635478793407675,10,8.63470458984375,0.05120125785470009,5.067789077758789,0.9719715118408203,-0.21161064505577087,23.5,1.5070021152496338,0.06412774958509079,36.0,nan,0,0.7362396717071533,2.535538673400879,nan
18.761,4000,80,1,8.636493622557465,10,8.635650634765625,0.044745367020368576,4.956781387329102,0.9701176881790161,-0.09131830930709839,23.5,1.6348453760147095,0.06956788834105147,36.0,nan,0,0.7838395237922668,2.322559356689453,nan
18.781,4000,80,1,8.637498153807975,10,8.636703491210938,0.0494406633079052,6.003020763397217,1.1748826503753662,-0.17420989274978638,23.5,1.5403707027435303,0.06554768947844809,36.0,nan,0,0.8363360166549683,2.279292583465576,nan
18.801,4000,80,1,8.638494495507622,10,8.63763427734375,0.04869123175740242,5.219505786895752,1.0228979587554932,-0.0613965205848217,23.5,1.7291278839111328,0.07357990995366523,36.0,nan,0,0.8823769092559814,2.580740213394165,nan
18.821,4000,80,1,8.639494643407671,10,8.638427734375,0.03338919207453728,6.41580057144165,1.2556700706481934,-0.13645724952220917,23.5,2.3751673698425293,0.10107095190819274,36.0,nan,0,0.9225700497627258,1.7038954496383667,nan
18.841,4000,80,1,8.640480097557885,10,8.639312744140625,0.05014294013381004,5.922947883605957,1.1592111587524414,0.2721955180168152,23.5,2.2256667613983154,0.09470922388929001,36.0,nan,0,0.9665687680244446,2.6455092430114746,nan
18.861,4000,80,1,8.641494385057742,10,8.6402587890625,0.04734565690159798,6.698960781097412,1.3110888004302979,0.05753745138645172,23.5,2.7939305305480957,0.11889066087438706,36.0,nan,0,0.014013011008501053,2.5449116230010986,nan
18.881,4000,80,1,8.642492183007564,10,8.64129638671875,0.04436887800693512,6.463860511779785,1.2650760412216187,0.12987098097801208,23.5,2.366002321243286,0.10068094984013984,36.0,nan,0,0.06557881087064743,1.8747060298919678,nan
18.901,4000,80,1,8.643493803807361,10,8.642196655273438,0.05022764578461647,6.833171844482422,1.3373558521270752,0.1784035563468933,23.5,2.4818873405456543,0.10561222725726188,36.0,nan,0,0.11077068001031876,2.47880482673645,nan
18.921,4000,80,1,8.644492866307703,10,8.64312744140625,0.049593485891819,7.125504493713379,1.3945698738098145,-0.07309193909168243,23.5,3.159574270248413,0.134449968946741,36.0,nan,0,0.1573527306318283,2.7613534927368164,nan
18.941,4000,80,1,8.64546866215751,10,8.644210815429688,0.04753482714295387,6.728360176086426,1.3168426752090454,-0.1305268108844757,23.5,2.4689688682556152,0.10506250503215384,36.0,nan,0,0.2116822898387909,2.1991126537323,nan
18.961,4000,80,1,8.646493266307518,10,8.645294189453125,0.052791330963373184,6.176976680755615,1.2093902826309204,-0.0010333034442737699,23.5,2.2430362701416016,0.09544835192091922,36.0,nan,0,0.2655549645423889,2.4154868125915527,nan
18.981,4000,80,1,8.647495887157858,10,8.646438598632812,0.06602028012275696,5.081451416015625,0.9945175051689148,-0.021068215370178223,23.5,1.810106635093689,0.07702581425930591,36.0,nan,0,0.32287901639938354,3.47517466545105,nan
19.0,4000,80,1,8.64846512465738,10,8.6475830078125,0.05534607172012329,4.844152450561523,0.9480745196342468,-0.11300861835479736,23.5,1.787956953048706,0.07608327459781727,36.0,nan,0,0.38046887516975403,2.7277894020080566,nan
19.021,4000,80,1,8.649493895507478,10,8.648666381835938,0.05033525824546814,4.307650566101074,0.8430728912353516,0.042291756719350815,23.5,1.7114522457122803,0.07282775513669278,36.0,nan,0,0.4345213770866394,2.462631940841675,nan
19.04,4000,80,1,8.650448764257455,10,8.64971923828125,0.05845848098397255,2.641517162322998,0.5169851779937744,-0.11206284165382385,23.5,1.024301528930664,0.043587299103432516,36.0,nan,0,0.4868007004261017,2.926064968109131,nan
19.061,4000,80,1,8.651493458007463,10,8.650802612304688,0.040073249489068985,4.611030578613281,0.9024490118026733,-0.13896140456199646,23.5,1.1848442554473877,0.05041890448712288,36.0,nan,0,0.5411714315414429,1.778716802597046,nan
19.081,4000,80,1,8.652497147557733,10,8.651611328125,0.04536347836256027,5.1943039894104,1.0166044235229492,0.12886254489421844,23.5,1.876434326171875,0.0798482691988032,36.0,nan,0,0.5818745493888855,2.4757790565490723,nan
19.101,4000,80,1,8.653494770507677,10,8.652664184570312,0.05045906454324722,4.061237335205078,0.7948460578918457,-0.0022192117758095264,23.5,1.4383480548858643,0.06120630020790912,36.0,nan,0,0.6338664293289185,2.530137777328491,nan
19.121,4000,80,1,8.654493183007435,10,8.65374755859375,0.05295411869883537,4.041806697845459,0.7910431623458862,0.07339123636484146,23.5,1.4024114608764648,0.0596770834415517,36.0,nan,0,0.6884912252426147,2.723332166671753,nan
19.14,4000,80,1,8.655458574657679,10,8.654739379882812,0.05021139606833458,5.141269683837891,1.0062248706817627,0.009940044954419136,23.5,1.2659765481948853,0.0538713424763781,36.0,nan,0,0.7382326126098633,2.6154873371124268,nan
19.161,4000,80,1,8.656493622557901,10,8.655654907226562,0.042803965508937836,6.054058074951172,1.1848714351654053,-0.03022858314216137,23.5,1.8808739185333252,0.08003718802269469,36.0,nan,0,0.7838834524154663,2.233704090118408,nan
19.181,4000,80,1,8.657496570507648,10,8.656631469726562,0.04755512997508049,4.92081880569458,0.9836677312850952,0.04137924313545227,23.5,1.677056074142456,0.0713640882613811,36.0,nan,0,0.8322358727455139,2.1899704933166504,nan
19.201,4000,80,1,8.658495797557409,10,8.657638549804688,0.04781101271510124,5.467256546020508,1.0700254440307617,-0.018330655992031097,23.5,1.7207767963409424,0.07322454452514648,36.0,nan,0,0.8825984597206116,2.1259655952453613,nan
19.221,4000,80,1,8.659496801757633,10,8.658462524414062,0.04092671349644661,6.442290306091309,1.2608544826507568,-0.15801650285720825,23.5,2.1209006309509277,0.09025109067876289,36.0,nan,0,0.9240256547927856,2.192030906677246,nan
19.24,4000,80,1,8.6604546705079,10,8.65924072265625,0.038670897483825684,7.438887596130371,1.4559037685394287,0.11072015762329102,23.5,2.3210694789886475,0.09876891399951691,36.0,nan,0,0.9632563591003418,1.8768856525421143,nan
19.261,4000,80,1,8.661496505907419,10,8.660202026367188,0.05459851771593094,6.101546764373779,1.1941657066345215,0.06971283257007599,23.5,2.8274312019348145,0.12031622135892828,36.0,nan,0,0.011334679089486599,2.953014850616455,nan
19.281,4000,80,1,8.66249570800792,10,8.661209106445312,0.04422802850604057,6.434212684631348,1.2592735290527344,0.09776957333087921,23.5,2.4175286293029785,0.10287355869374376,36.0,nan,0,0.06153150647878647,1.9580883979797363,nan
19.301,4000,80,1,8.663494799657931,10,8.662139892578125,0.05025012418627739,6.486371040344238,1.2694816589355469,0.15534701943397522,23.5,2.5838797092437744,0.10995232805292657,36.0,nan,0,0.10816141963005066,2.3550925254821777,nan
19.321,4000,80,1,8.664496291308026,10,8.663070678710938,0.05139010772109032,7.117151260375977,1.392935037612915,-0.03527289256453514,23.5,3.136899471282959,0.13348508388438124,36.0,nan,0,0.1543772667646408,2.8073346614837646,nan
19.34,4000,80,1,8.665464724657799,10,8.664169311523438,0.05300433933734894,6.382451057434082,1.230034351348877,0.03959079831838608,23.5,2.45596981048584,0.10450935363769531,36.0,nan,0,0.2096860110759735,2.295522689819336,nan
19.361,4000,80,1,8.666494574657557,10,8.665328979492188,0.055395353585481644,6.275717735290527,1.2282536029815674,-0.013243764638900757,23.5,2.159522294998169,0.09189456574460293,36.0,nan,0,0.2676537036895752,2.7220778465270996,nan
19.38,4000,80,1,8.667461712157822,10,8.66650390625,0.06286724656820297,5.191427230834961,1.1028318405151367,0.20386886596679688,23.5,1.8488292694091797,0.07867358593230551,36.0,nan,0,0.3260270953178406,2.9521079063415527,nan
19.401,4000,80,1,8.66847149965761,10,8.667709350585938,0.05800815299153328,4.616675853729248,0.90355384349823,-0.00262093055061996,23.5,1.4231641292572021,0.060560175713072435,36.0,nan,0,0.386292427778244,2.744685411453247,nan
19.421,4000,80,1,8.669492743408048,10,8.668777465820312,0.05445864424109459,3.705085515975952,0.725141704082489,0.045823536813259125,23.5,1.5201961994171143,0.06468919997519636,36.0,nan,0,0.4399987459182739,2.7935378551483154,nan
19.441,4000,80,1,8.6704793496574,10,8.669769287109375,0.04825111851096153,5.290206432342529,1.0353740453720093,0.06367354094982147,23.5,1.4700878858566284,0.06255693131304801,36.0,nan,0,0.48909705877304077,2.6352732181549072,nan
19.461,4000,80,1,8.671494001757676,10,8.670852661132812,0.04605083912611008,4.1140313148498535,0.8051786422729492,0.08023586869239807,23.5,1.2361029386520386,0.052600125049022915,36.0,nan,0,0.5433565974235535,1.9871103763580322,nan
19.481,4000,80,1,8.67249598505805,10,8.671707153320312,0.04658295959234238,4.248873710632324,0.8315693140029907,0.11134897172451019,23.5,1.6786210536956787,0.07143068313598633,36.0,nan,0,0.5860172510147095,2.481631278991699,nan
19.501,4000,80,1,8.673495564257612,10,8.67266845703125,0.045779407024383545,4.9484543800354,0.9684879779815674,0.13646647334098816,23.5,1.6387221813201904,0.06973285877958257,36.0,nan,0,0.6346831321716309,2.364717483520508,nan
19.521,4000,80,1,8.674494230908024,10,8.673751831054688,0.053670138120651245,4.31074333190918,0.8436781167984009,0.027727678418159485,23.5,1.2862812280654907,0.05473537140704216,36.0,nan,0,0.6884846091270447,2.442704916000366,nan
19.54,4000,80,1,8.675449566307364,10,8.674697875976562,0.0497322678565979,5.4883503913879395,1.0741537809371948,-0.22176943719387054,23.5,1.5870542526245117,0.06753422351593667,36.0,nan,0,0.7360823750495911,2.4462320804595947,nan
19.561,4000,80,1,8.676497862157706,10,8.675643920898438,0.04211762920022011,5.356513500213623,1.0483512878417969,0.009599491953849792,23.5,1.8513367176055908,0.07878028585555706,36.0,nan,0,0.7828953266143799,2.208568811416626,nan
19.581,4000,80,1,8.677498066307457,10,8.67657470703125,0.04482274502515793,5.077919960021973,0.9938263893127441,-0.039253104478120804,23.5,1.68753981590271,0.0718102049320302,36.0,nan,0,0.8296427726745605,2.0901262760162354,nan
19.601,4000,80,1,8.678492591307444,10,8.677566528320312,0.05571600794792175,5.410051345825195,1.0588295459747314,-0.20366424322128296,23.5,1.7302961349487305,0.07362962276377577,36.0,nan,0,0.8791853785514832,2.817758798599243,nan
19.621,4000,80,1,8.679494835057998,10,8.67840576171875,0.03844355419278145,6.313515663146973,1.2356512546539307,0.0889473706483841,23.5,2.320140838623047,0.09872939738821476,36.0,nan,0,0.921496570110321,2.147124767303467,nan
19.641,4000,80,1,8.680499112157854,10,8.679428100585938,0.043259549885988235,6.055365562438965,1.1851273775100708,-0.16237249970436096,23.5,1.976548194885254,0.08410843382490442,36.0,nan,0,0.9720844030380249,1.8128738403320312,nan
19.661,4000,80,1,8.681484791307598,10,8.68011474609375,0.04412812739610672,6.830816745758057,1.406363844871521,0.06357322633266449,23.5,3.275317668914795,0.13937521995382107,36.0,nan,0,0.00676337955519557,2.823523998260498,nan
19.681,4000,80,1,8.682491299657709,10,8.68115234375,0.04129591956734657,7.004446506500244,1.3708770275115967,-0.06894581019878387,23.5,2.6759910583496094,0.11387195992977062,36.0,nan,0,0.05855043977499008,1.7898056507110596,nan
19.701,4000,80,1,8.683466349657834,10,8.682113647460938,0.056238725781440735,6.524992942810059,1.2770404815673828,0.12815925478935242,23.5,2.522716999053955,0.10734965953421086,36.0,nan,0,0.10633084923028946,2.7762978076934814,nan
19.72,4000,80,1,8.684459393407456,10,8.683029174804688,0.051207974553108215,6.371558666229248,1.2470111846923828,-0.07531790435314178,23.5,3.21641206741333,0.1368685986133332,36.0,nan,0,0.15261772274971008,2.8539693355560303,nan
19.74,4000,80,1,8.68545154550739,10,8.68414306640625,0.049941204488277435,6.871509552001953,1.3448591232299805,0.17032717168331146,23.5,2.577024221420288,0.10966060516682077,36.0,nan,0,0.20813284814357758,2.475135564804077,nan
19.761,4000,80,1,8.686493985058046,10,8.68536376953125,0.05666479095816612,5.4790472984313965,1.0723330974578857,-0.034075330942869186,23.5,1.9832829236984253,0.08439501802972023,36.0,nan,0,0.2689615786075592,2.6940102577209473,nan
19.78,4000,80,1,8.68744485175776,10,8.686508178710938,0.06395991146564484,2.9613378047943115,0.5795789361000061,-0.14768624305725098,23.5,1.0982824563980103,0.046735423676511074,36.0,nan,0,0.32637354731559753,3.095679521560669,nan
19.801,4000,80,1,8.688494101757538,10,8.687774658203125,0.06044936180114746,4.405796051025391,0.7798255681991577,0.024046603590250015,23.5,1.281887173652649,0.05454839036819783,36.0,nan,0,0.3893826901912689,2.9058876037597656,nan
19.821,4000,80,1,8.689483347557694,10,8.688766479492188,0.053794484585523605,4.377044200897217,0.8566543459892273,0.06832602620124817,23.5,1.674326777458191,0.0712479479769443,36.0,nan,0,0.4394699037075043,2.8711929321289062,nan
19.841,4000,80,1,8.690493747557781,10,8.689834594726562,0.04764920100569725,4.070632457733154,0.7966848611831665,-0.09283121675252914,23.5,1.3862040042877197,0.05898740443777531,36.0,nan,0,0.4930161237716675,2.3841943740844727,nan
19.861,4000,80,1,8.691493649657792,10,8.690887451171875,0.04388521984219551,3.956418752670288,0.7743315100669861,0.09548263251781464,23.5,1.1922173500061035,0.050732653191749084,36.0,nan,0,0.5449541807174683,1.9922689199447632,nan
19.881,4000,80,1,8.692493803807888,10,8.691696166992188,0.044193342328071594,5.694514274597168,1.114503264427185,0.06436945497989655,23.5,1.690661907196045,0.07194305988068277,36.0,nan,0,0.5858799815177917,2.3020739555358887,nan
19.901,4000,80,1,8.693493472557753,10,8.692581176757812,0.0407523438334465,4.6845173835754395,0.9168314933776855,0.3067820072174072,23.5,1.7947118282318115,0.0763707160949707,36.0,nan,0,0.6303450465202332,2.0819625854492188,nan
19.921,4000,80,1,8.694494708007555,10,8.69366455078125,0.05673380568623543,3.949205160140991,0.7729196548461914,0.051447030156850815,23.5,1.346356749534607,0.05729177657594072,36.0,nan,0,0.6842286586761475,2.6797478199005127,nan
19.941,4000,80,1,8.695494293407688,10,8.6947021484375,0.05346525460481644,4.9311933517456055,1.0146955251693726,-0.25250008702278137,23.5,1.5397825241088867,0.06552266060037816,36.0,nan,0,0.7357290983200073,2.617811679840088,nan
19.961,4000,80,1,8.696491051757771,10,8.695571899414062,0.03879094496369362,4.255164623260498,0.9756342768669128,-0.13210329413414001,23.5,1.7381640672683716,0.07396442839439879,36.0,nan,0,0.7794348001480103,1.9920679330825806,nan
19.981,4000,80,1,8.697500480907916,10,8.696548461914062,0.047625694423913956,5.586363792419434,1.093336582183838,0.19092148542404175,23.5,1.8459866046905518,0.0785526214761937,36.0,nan,0,0.828622043132782,2.0891692638397217,nan
20.001,4000,80,1,8.698440551757812,10,8.697479248046875,0.054506294429302216,5.890821933746338,1.1529237031936646,-0.4304869771003723,23.5,2.0608630180358887,0.08769629863982505,36.0,nan,0,0.8751717209815979,3.0454578399658203,nan
20.02,4000,80,1,8.698440551757812,10,8.69842529296875,0.03884945809841156,5.030115604400635,0.9844703078269958,-0.01146679650992155,23.5,1.780665397644043,0.07577299564442735,36.0,nan,0,0.9218530654907227,1.6415940523147583,nan
20.04,4000,80,1,8.698440551757812,10,8.69927978515625,0.04579462483525276,5.507935523986816,1.0779869556427002,0.1336166262626648,23.5,1.5764875411987305,0.06708457622122257,36.0,nan,0,0.9652844071388245,2.094636917114258,nan
20.061,4000,80,1,8.698440551757812,10,8.699859619140625,0.02336958609521389,7.914955139160156,1.5490773916244507,-0.023757299408316612,23.5,2.0582683086395264,0.08758588547402239,36.0,nan,0,0.9937087297439575,1.213541030883789,nan
20.081,4000,80,1,8.698440551757812,10,8.700485229492188,0.0348350815474987,5.50858736038208,1.0781145095825195,-0.01639152504503727,23.5,1.7960658073425293,0.07642833222734167,36.0,nan,0,0.024836741387844086,1.7402677536010742,nan
20.101,4000,80,1,8.698440551757812,10,8.700942993164062,0.016814887523651123,7.212516784667969,1.2340092658996582,0.10939493030309677,23.5,1.7934656143188477,0.07631768571569565,36.0,nan,0,0.04832279682159424,0.7861179113388062,nan
0.0,4000,80,-1,8.700973500341934,10,8.701004028320312,0.017640432342886925,6.161622047424316,1.205923318862915,0.10610466450452805,23.5,1.7214269638061523,0.07325221122579371,36.0,nan,0,0.05132226273417473,0.9883015751838684,nan
0.021,4000,80,-1,8.699916787842085,10,8.701324462890625,0.011935391463339329,6.839501857757568,1.3385947942733765,-0.1409166306257248,23.5,1.7264560461044312,0.07346621472784813,36.0,nan,0,0.06731396168470383,0.5608474016189575,nan
0.041,4000,80,-1,8.698915219092305,10,8.701568603515625,0.010650044307112694,5.501194000244141,1.0766675472259521,0.05819004029035568,23.5,1.5562009811401367,0.0662213183463888,36.0,nan,0,0.07927663624286652,0.4638828933238983,nan
0.061,4000,80,-1,8.697917727391905,10,8.70166015625,0.0029835845343768597,6.412466049194336,1.2550173997879028,-0.09337814152240753,23.5,1.5618720054626465,0.06646263853032539,36.0,nan,0,0.0839022621512413,0.11561061441898346,nan
0.081,4000,80,-1,8.696921881591697,10,8.701690673828125,0.0003195169265381992,6.655412197113037,1.302565574645996,-0.05006936192512512,23.5,1.2817319631576538,0.05454178566628314,36.0,nan,0,0.08547012507915497,-0.006196786183863878,nan
0.101,4000,80,-1,8.695919087842048,10,8.701690673828125,1.3020663800489274e-06,5.707386493682861,1.1170225143432617,-0.10030420869588852,23.5,0.9363240003585815,0.03984357448334389,36.0,nan,0,0.08551042526960373,-5.57053936063312e-05,nan
0.121,4000,80,-1,8.694920673241722,10,8.701690673828125,-6.506433436470616e-08,3.5623087882995605,0.6971981525421143,0.0850066989660263,23.5,0.35701701045036316,0.015192213210653751,36.0,nan,0,0.08551031351089478,-3.2532168461330002e-06,nan
0.14,4000,80,-1,8.69396673159208,10,8.701690673828125,-0.0005693217972293496,1.6664279699325562,0.32614535093307495,0.019214503467082977,23.5,0.09899424016475677,0.004212520858074756,36.0,nan,0,0.08517816662788391,-0.001284130266867578,nan
0.161,4000,80,-1,8.692918975342035,10,8.701675415039062,-0.0007307042251341045,-0.7433335185050964,-0.14548170566558838,0.060901932418346405,23.5,0.023939348757267,0.0010186956917985956,36.0,nan,0,0.08455730229616165,0.002483668504282832,nan
0.181,4000,80,-1,8.691945019092236,10,8.70166015625,-0.0002691646513994783,-4.010741710662842,-0.6600058078765869,-0.002507656579837203,23.5,0.43350112438201904,0.01844685635668166,36.0,nan,0,0.08366070687770844,0.005989271681755781,nan
0.201,4000,80,-1,8.690916575342271,10,8.70159912109375,-0.005393701139837503,-6.294472694396973,-1.2319241762161255,-0.03844470530748367,23.5,1.5831127166748047,0.06736649858190659,36.0,nan,0,0.08041483163833618,-0.3249308466911316,nan
0.22,4000,80,-1,8.689955969092262,10,8.701431274414062,-0.009729485958814621,-9.018423080444336,-1.765042781829834,0.10868530720472336,23.5,2.753248929977417,0.11715952893520923,36.0,nan,0,0.07260146737098694,-0.6877416372299194,nan
0.241,4000,80,-1,8.688933675341833,10,8.700759887695312,-0.04586319252848625,-7.8718647956848145,-1.5406439304351807,0.134038046002388,23.5,3.158630132675171,0.13440979287979452,36.0,nan,0,0.03829333186149597,-2.6643965244293213,nan
0.261,4000,80,-1,8.687924429491979,10,8.699478149414062,-0.07025056332349777,-5.7494940757751465,-1.1252636909484863,-0.015391603112220764,23.5,2.627507209777832,0.11180881743735456,36.0,nan,0,0.9742879867553711,-3.9396302700042725,nan
0.281,4000,80,-1,8.686917348241696,10,8.697967529296875,-0.07149186730384827,-6.053922176361084,-1.1848448514938354,-0.03275817260146141,23.5,2.555950164794922,0.10876383679978391,36.0,nan,0,0.8989711403846741,-3.6203010082244873,nan
0.301,4000,80,-1,8.685914566992142,10,8.696517944335938,-0.07118605077266693,-6.06563663482666,-1.1871376037597656,-0.03745683282613754,23.5,2.683734893798828,0.11420148484250332,36.0,nan,0,0.8261440992355347,-3.5913846492767334,nan
0.321,4000,80,-1,8.684938606592187,10,8.695114135742188,-0.07258216291666031,-6.108733177185059,-1.1955722570419312,0.0387190617620945,23.5,2.779834747314453,0.11829084031125332,36.0,nan,0,0.7561072111129761,-3.76338267326355,nan
0.341,4000,80,-1,8.683915221141797,10,8.693466186523438,-0.08016650378704071,-6.029755592346191,-1.1801151037216187,0.060013920068740845,23.5,2.816370964050293,0.11984557293831034,36.0,nan,0,0.6735174059867859,-3.9593682289123535,nan
0.361,4000,80,-1,8.682912856592157,10,8.69183349609375,-0.08091886341571808,-6.172798156738281,-1.2081106901168823,0.1209648996591568,23.5,2.974229335784912,0.12656295045893243,36.0,nan,0,0.5921841859817505,-4.1947102546691895,nan
0.381,4000,80,-1,8.68191253784171,10,8.690032958984375,-0.09682803601026535,-6.531957626342773,-1.278403639793396,-0.037429310381412506,23.5,3.4106504917144775,0.1451340634772118,36.0,nan,0,0.5022146701812744,-5.176592826843262,nan
0.4,4000,80,-1,8.680961889892206,10,8.687973022460938,-0.10730564594268799,-4.49237060546875,-0.8792254328727722,-0.010297915898263454,23.5,2.7461044788360596,0.11685550973770466,36.0,nan,0,0.39895039796829224,-5.178735256195068,nan
0.421,4000,80,-1,8.679919787841937,10,8.685928344726562,-0.09237436205148697,-5.968029499053955,-1.168034315109253,-0.20155315101146698,23.5,3.8005406856536865,0.16172513555973134,36.0,nan,0,0.29721716046333313,-4.561817169189453,nan
0.441,4000,80,-1,8.67891598574206,10,8.684188842773438,-0.08529316633939743,-6.650692939758301,-1.3016419410705566,-0.045015767216682434,23.5,3.8758368492126465,0.16492922762607007,36.0,nan,0,0.21004913747310638,-4.052717685699463,nan
0.461,4000,80,-1,8.67791686909186,10,8.682464599609375,-0.08464282006025314,-7.513552188873291,-1.4705166816711426,-0.06413121521472931,23.5,4.317608833312988,0.18372803546012717,36.0,nan,0,0.12376025319099426,-4.297791957855225,nan
0.481,4000,80,-1,8.676920894091745,10,8.680862426757812,-0.07676839828491211,-8.519241333007812,-1.667345404624939,0.03108382225036621,23.5,4.179205894470215,0.17783854870086022,36.0,nan,0,0.04401399567723274,-3.9357919692993164,nan
0.501,4000,80,-1,8.675919814891676,10,8.679046630859375,-0.09510127454996109,-5.723062515258789,-0.9863249659538269,-0.12911593914031982,23.5,2.735236644744873,0.11639304871254778,36.0,nan,0,0.9530147910118103,-4.91782808303833,nan
0.521,4000,80,-1,8.674920019091951,10,8.677261352539062,-0.08279140293598175,-4.591681957244873,-0.9551103115081787,-0.24487200379371643,23.5,2.3622288703918457,0.1005203774634828,36.0,nan,0,0.8637164831161499,-4.11591100692749,nan
0.541,4000,80,-1,8.673919848242077,10,8.675857543945312,-0.06747889518737793,-4.820223331451416,-0.9433912038803101,-0.14707009494304657,23.5,2.1484014987945557,0.09142134037423641,36.0,nan,0,0.7932990193367004,-3.324892282485962,nan
0.56,4000,80,-1,8.672957762842271,10,8.674652099609375,-0.060065221041440964,-4.912265777587891,-0.9614052772521973,-0.21885624527931213,23.5,1.9812116622924805,0.08430687924648853,36.0,nan,0,0.732897937297821,-2.9405832290649414,nan
0.582,4000,80,-1,8.671870902391676,10,8.673355102539062,-0.05302104726433754,-5.004233360290527,-0.9794046878814697,-0.11386387050151825,23.5,1.7193257808685303,0.07316279918589491,36.0,nan,0,0.6680747270584106,-2.7253499031066895,nan
0.602,4000,80,-1,8.670874510741852,10,8.672393798828125,-0.04724019020795822,-4.752921104431152,-0.9302191138267517,0.012285307049751282,23.5,1.5456452369689941,0.06577213774336145,36.0,nan,0,0.6200059652328491,-2.327078342437744,nan
0.621,4000,80,-1,8.669920010741771,10,8.67156982421875,-0.04442800581455231,-5.6274566650390625,-1.1013790369033813,-0.03762345388531685,23.5,1.800726056098938,0.07662664068506118,36.0,nan,0,0.5791435837745667,-2.229327917098999,nan
0.641,4000,80,-1,8.668920206592157,10,8.670608520507812,-0.051145050674676895,-5.4876813888549805,-1.074022889137268,0.020481031388044357,23.5,1.8793580532073975,0.0799726831152084,36.0,nan,0,0.5307756662368774,-2.598377227783203,nan
0.661,4000,80,-1,8.667938285742276,10,8.669403076171875,-0.06182532757520676,-3.5036392211914062,-0.6857156157493591,0.005153557285666466,23.5,1.3593932390213013,0.057846520809417074,36.0,nan,0,0.47105640172958374,-2.991179943084717,nan
0.681,4000,80,-1,8.666919275341934,10,8.668136596679688,-0.05970873311161995,-2.851855516433716,-0.5581516027450562,-0.005648748949170113,23.5,0.8869237899780273,0.037741437871405416,36.0,nan,0,0.40743744373321533,-2.5963118076324463,nan
0.701,4000,80,-1,8.665920035741875,10,8.667236328125,-0.04573197290301323,-4.23698091506958,-0.8292417526245117,0.15785662829875946,23.5,1.3197776079177856,0.05616074927309726,36.0,nan,0,0.36281463503837585,-2.391887664794922,nan
0.721,4000,80,-1,8.664920044092288,10,8.6663818359375,-0.039777860045433044,-5.082546710968018,-0.9947318434715271,-0.003969365730881691,23.5,1.714954137802124,0.07297677182136698,36.0,nan,0,0.3196403384208679,-1.9280730485916138,nan
0.741,4000,80,-1,8.663919923242066,10,8.665557861328125,-0.039546456187963486,-6.185425758361816,-1.2105821371078491,-0.0010546413250267506,23.5,2.0119142532348633,0.08561337247807929,36.0,nan,0,0.27853623032569885,-2.0179522037506104,nan
0.76,4000,80,-1,8.66295245659203,10,8.664718627929688,-0.0438530258834362,-6.097573280334473,-1.1933879852294922,0.08195526897907257,23.5,2.083404302597046,0.08865550223817216,36.0,nan,0,0.23624274134635925,-2.192403554916382,nan
0.781,4000,80,-1,8.66191869824179,10,8.663818359375,-0.04630821570754051,-6.271579265594482,-1.1201573610305786,0.05519812926650047,23.5,2.4903769493103027,0.10597348720469374,36.0,nan,0,0.1912093311548233,-2.560894250869751,nan
0.801,4000,80,-1,8.660919939891757,10,8.662826538085938,-0.046447522938251495,-7.192447662353516,-1.4076716899871826,0.11372378468513489,23.5,2.247209072113037,0.0956259179622569,36.0,nan,0,0.14191047847270966,-2.2950010299682617,nan
0.821,4000,80,-1,8.659920350342146,10,8.66180419921875,-0.0528300479054451,-6.19219970703125,-1.2119078636169434,-0.18923035264015198,23.5,2.2472057342529297,0.09562577592565659,36.0,nan,0,0.09078829735517502,-2.570401191711426,nan
0.841,4000,80,-1,8.658919473241987,10,8.660934448242188,-0.044252026826143265,-6.992629051208496,-1.3416694402694702,-0.008802592754364014,23.5,2.911518096923828,0.12389438710314163,36.0,nan,0,0.04701313376426697,-2.2435686588287354,nan
0.861,4000,80,-1,8.657919098241837,10,8.659896850585938,-0.054166801273822784,-5.386679172515869,-1.0542552471160889,-0.0706278532743454,23.5,2.283085346221924,0.09715256792433719,36.0,nan,0,0.9957866072654724,-2.7715134620666504,nan
0.881,4000,80,-1,8.656919598241803,10,8.658599853515625,-0.06946994364261627,-3.5849854946136475,-0.7016363143920898,0.03190816938877106,23.5,1.432138204574585,0.060942051258492974,36.0,nan,0,0.9307677745819092,-3.6380388736724854,nan
0.901,4000,80,-1,8.655920504491952,10,8.657394409179688,-0.05611060932278633,-4.0591139793396,-0.7944304943084717,-0.025781145319342613,23.5,1.3135806322097778,0.05589704817913948,36.0,nan,0,0.8701164722442627,-2.971143960952759,nan
0.921,4000,80,-1,8.654920564891656,10,8.656356811523438,-0.04600052163004875,-4.7667670249938965,-0.9329289793968201,0.07225758582353592,23.5,1.4640905857086182,0.06230172705143056,36.0,nan,0,0.8186362981796265,-2.2523066997528076,nan
0.941,4000,80,-1,8.653920696141723,10,8.6553955078125,-0.046788714826107025,-4.538629055023193,-0.8882788419723511,-0.12584535777568817,23.5,1.5929535627365112,0.0677852579887877,36.0,nan,0,0.770400881767273,-2.138530969619751,nan
0.961,4000,80,-1,8.652940977391701,10,8.654403686523438,-0.05233607813715935,-4.041168689727783,-0.7909183502197266,-0.0215234886854887,23.5,1.3676252365112305,0.05819681857494598,36.0,nan,0,0.7211765646934509,-2.619824171066284,nan
0.981,4000,80,-1,8.651920373242321,10,8.6534423828125,-0.0474400594830513,-4.687154293060303,-0.950222373008728,-0.006213720887899399,23.5,1.5890353918075562,0.06761852731095984,36.0,nan,0,0.6725494265556335,-2.5260965824127197,nan
1.001,4000,80,-1,8.650916583641813,10,8.652420043945312,-0.04678273946046829,-4.312684059143066,-0.8513011932373047,0.047661155462265015,23.5,1.5686230659484863,0.06674991769993559,36.0,nan,0,0.6217158436775208,-2.3408284187316895,nan
1.021,4000,80,-1,8.649915916992178,10,8.651412963867188,-0.04818319156765938,-5.292899131774902,-1.0359010696411133,-0.008912572637200356,23.5,1.407735824584961,0.05990365210999834,36.0,nan,0,0.5714532732963562,-2.2124550342559814,nan
1.041,4000,80,-1,8.648919608641883,10,8.6505126953125,-0.05032459646463394,-5.669439792633057,-1.109595775604248,-0.13394734263420105,23.5,1.7820405960083008,0.07583151472375747,36.0,nan,0,0.5262815356254578,-2.7114481925964355,nan
1.061,4000,80,-1,8.64791979824222,10,8.64935302734375,-0.05674521625041962,-3.585458993911743,-0.7017289996147156,0.08920691907405853,23.5,1.199384093284607,0.05103762099083434,36.0,nan,0,0.46828070282936096,-2.7656214237213135,nan
1.081,4000,80,-1,8.646920056592354,10,8.648193359375,-0.056026849895715714,-2.637538433074951,-0.5162064433097839,-0.04269607365131378,23.5,0.8646340370178223,0.03679293774543924,36.0,nan,0,0.41008251905441284,-2.559673309326172,nan
1.101,4000,80,-1,8.645914598242236,10,8.647201538085938,-0.047655973583459854,-3.0686259269714355,-0.6005768775939941,0.15163958072662354,23.5,1.052497148513794,0.04478711270271463,36.0,nan,0,0.3606153726577759,-2.3983829021453857,nan
1.121,4000,80,-1,8.64494049199202,10,8.646408081054688,-0.039455264806747437,-5.398050308227539,-1.0564807653427124,-0.01699850708246231,23.5,1.7825084924697876,0.07585142521148032,36.0,nan,0,0.32077544927597046,-2.0978002548217773,nan
1.141,4000,80,-1,8.643917762841738,10,8.64556884765625,-0.037906669080257416,-5.791296005249023,-1.2254745960235596,0.0836329385638237,23.5,2.0697903633117676,0.08807618567284117,36.0,nan,0,0.2793637812137604,-1.8403654098510742,nan
1.161,4000,80,-1,8.642918960742099,10,8.644668579101562,-0.04654365032911301,-5.667296409606934,-1.1091762781143188,-0.03954420983791351,23.5,2.0837831497192383,0.08867162339230801,36.0,nan,0,0.23423662781715393,-2.345886707305908,nan
1.181,4000,80,-1,8.64192716284233,10,8.643798828125,-0.04466934874653816,-5.85953950881958,-1.146801233291626,-0.05683494359254837,23.5,2.665846347808838,0.11344027011952501,36.0,nan,0,0.19064585864543915,-2.4149363040924072,nan
1.201,4000,80,-1,8.64091536284177,10,8.642791748046875,-0.046837177127599716,-6.914931297302246,-1.3533575534820557,0.07795991003513336,23.5,2.130368232727051,0.09065396735008727,36.0,nan,0,0.14032532274723053,-2.2680447101593018,nan
1.221,4000,80,-1,8.639920219092165,10,8.641754150390625,-0.056301865726709366,-5.514641761779785,-1.1471779346466064,-0.04863034188747406,23.5,2.053414821624756,0.08737935411169175,36.0,nan,0,0.08844577521085739,-2.863779306411743,nan
1.241,4000,80,-1,8.638921504491737,10,8.640777587890625,-0.048370592296123505,-6.042593002319336,-1.182627558708191,0.10995452105998993,23.5,2.2661638259887695,0.09643250323356466,36.0,nan,0,0.039164312183856964,-2.4834372997283936,nan
1.261,4000,80,-1,8.637941787842284,10,8.639892578125,-0.04325953871011734,-6.4884209632873535,-1.2698827981948853,-0.12724238634109497,23.5,2.600072145462036,0.11064136789200153,36.0,nan,0,0.9953362941741943,-2.3641409873962402,nan
1.281,4000,80,-1,8.636921608642297,10,8.638641357421875,-0.06528583914041519,-3.956106185913086,-0.7742702960968018,0.023601993918418884,23.5,1.3852473497390747,0.05894669573357765,36.0,nan,0,0.9328733086585999,-3.5207018852233887,nan
1.301,4000,80,-1,8.635920164892013,10,8.637359619140625,-0.05986020341515541,-3.489459753036499,-0.7738800048828125,-0.034074194729328156,23.5,1.293776512145996,0.05505431966578707,36.0,nan,0,0.8683819770812988,-2.8457295894622803,nan
1.321,4000,80,-1,8.634919650341908,10,8.636322021484375,-0.05051219463348389,-3.921123504638672,-0.7674236297607422,-0.10541486740112305,23.5,1.4025685787200928,0.05968376930723799,36.0,nan,0,0.8165367841720581,-2.5595500469207764,nan
1.341,4000,80,-1,8.633920087842126,10,8.6353759765625,-0.04306582361459732,-5.288287162780762,-1.0349984169006348,-0.06950968503952026,23.5,1.7727434635162354,0.07543589206452066,36.0,nan,0,0.7692234516143799,-2.293511390686035,nan
1.361,4000,80,-1,8.632914577391785,10,8.634368896484375,-0.05085304006934166,-5.134721279144287,-1.0049432516098022,-0.25554734468460083,23.5,1.626206636428833,0.06920028240122694,36.0,nan,0,0.7190161943435669,-2.460526704788208,nan
1.381,4000,80,-1,8.63192200034173,10,8.633453369140625,-0.04851330816745758,-4.917846202850342,-0.9624974727630615,0.09106652438640594,23.5,1.5181207656860352,0.06460088364621426,36.0,nan,0,0.6729979515075684,-2.407456636428833,nan
1.401,4000,80,-1,8.630914794091952,10,8.632400512695312,-0.048776429146528244,-4.7723846435546875,-0.9340283870697021,0.06774159520864487,23.5,1.5381660461425781,0.0654538743039395,36.0,nan,0,0.6205635666847229,-2.5054633617401123,nan
1.421,4000,80,-1,8.62991552739186,10,8.631378173828125,-0.052119407802820206,-4.933609485626221,-0.965582549571991,0.19962254166603088,23.5,1.1010113954544067,0.04685154874274071,36.0,nan,0,0.5691933035850525,-2.5725257396698,nan
1.441,4000,80,-1,8.628919946141833,10,8.63043212890625,-0.04788321256637573,-5.296572685241699,-1.036620020866394,-0.03837398439645767,23.5,1.3444708585739136,0.05721152589676228,36.0,nan,0,0.5224431753158569,-2.5752530097961426,nan
1.461,4000,80,-1,8.62794381909189,10,8.62939453125,-0.05677352473139763,-4.152496337890625,-0.812578558921814,0.018680686131119728,23.5,1.467947006225586,0.062465830052152595,36.0,nan,0,0.4699724614620209,-2.9542901515960693,nan
1.481,4000,80,-1,8.62692012739208,10,8.628173828125,-0.05581951513886452,-2.730341911315918,-0.5343695282936096,0.10765613615512848,23.5,1.1939440965652466,0.0508061317687339,36.0,nan,0,0.4090535342693329,-2.689650535583496,nan
1.501,4000,80,-1,8.625920323241736,10,8.627197265625,-0.04518565163016319,-5.006305694580078,-0.9798104166984558,-0.018768353387713432,23.5,1.268770694732666,0.053990242329049615,36.0,nan,0,0.36032652854919434,-2.0506863594055176,nan
1.521,4000,80,-1,8.624919896142092,10,8.626358032226562,-0.04425543174147606,-4.681778430938721,-0.9162954092025757,-0.05275673419237137,23.5,1.7174265384674072,0.0730819803603152,36.0,nan,0,0.31865236163139343,-2.213391065597534,nan
1.541,4000,80,-1,8.623915754492192,10,8.62554931640625,-0.036165907979011536,-5.942901134490967,-1.1631163358688354,0.07700567692518234,23.5,2.141575336456299,0.0911308653811191,36.0,nan,0,0.2780354619026184,-1.895004153251648,nan
1.561,4000,80,-1,8.622918148242025,10,8.6246337890625,-0.04582485184073448,-6.083439826965332,-1.1906218528747559,0.11537417024374008,23.5,1.8413375616073608,0.07835478985563238,36.0,nan,0,0.23248156905174255,-2.099616527557373,nan
1.581,4000,80,-1,8.62191808989228,10,8.623794555664062,-0.04474285617470741,-6.264229774475098,-1.2260053157806396,-0.005562163889408112,23.5,2.5631520748138428,0.1090703010559082,36.0,nan,0,0.19004662334918976,-2.43062686920166,nan
1.6,4000,80,-1,8.620961164891924,10,8.622833251953125,-0.04852733016014099,-6.263077259063721,-1.2257797718048096,0.05029252916574478,23.5,2.1613826751708984,0.0919737308583361,36.0,nan,0,0.14262104034423828,-2.4042584896087646,nan
1.621,4000,80,-1,8.61994234824233,10,8.621795654296875,-0.05491776764392853,-5.865700721740723,-1.1480070352554321,0.1333080530166626,23.5,1.840752363204956,0.07832988779595558,36.0,nan,0,0.09025450050830841,-2.695225715637207,nan
1.641,4000,80,-1,8.618934262842231,10,8.6207275390625,-0.05295505002140999,-5.250637531280518,-1.0276298522949219,-0.05215933173894882,23.5,2.1048827171325684,0.08956947732479015,36.0,nan,0,0.03721032291650772,-2.6167852878570557,nan
1.661,4000,80,-1,8.617917979491903,10,8.619781494140625,-0.042163215577602386,-5.912563323974609,-1.1571787595748901,0.1403823047876358,23.5,2.5184497833251953,0.10716807588617852,36.0,nan,0,0.9897195100784302,-2.2470908164978027,nan
1.681,4000,80,-1,8.616916250342182,10,8.61859130859375,-0.06379052996635437,-4.042360305786133,-0.7475641965866089,0.2591567635536194,23.5,1.1360431909561157,0.048342263444941094,36.0,nan,0,0.9302459359169006,-3.1465187072753906,nan
1.701,4000,80,-1,8.615938546141841,10,8.617385864257812,-0.061002157628536224,-2.3922696113586426,-0.4682036340236664,0.005915728397667408,23.5,0.9057031869888306,0.038540561148460876,36.0,nan,0,0.8695759177207947,-2.945314407348633,nan
1.721,4000,80,-1,8.614927310741766,10,8.616348266601562,-0.04887683689594269,-4.133345127105713,-0.8089586496353149,0.05774952098727226,23.5,1.4476770162582397,0.06160327728758467,36.0,nan,0,0.8182027339935303,-2.3628313541412354,nan
1.741,4000,80,-1,8.613907066991667,10,8.615371704101562,-0.04461134970188141,-5.023508071899414,-0.983177125453949,-0.05173085257411003,23.5,1.6152609586715698,0.06873450887964126,36.0,nan,0,0.7689315676689148,-2.2721874713897705,nan
1.76,4000,80,-1,8.61296349199183,10,8.614395141601562,-0.052065953612327576,-4.404483318328857,-0.8620245456695557,0.06397603452205658,23.5,1.347179651260376,0.0573267936706543,36.0,nan,0,0.7208158373832703,-2.6110293865203857,nan
1.781,4000,80,-1,8.611919985742132,10,8.613418579101562,-0.048298221081495285,-5.392879962921143,-1.0029888153076172,-0.08124388754367828,23.5,1.728058099746704,0.07353438722326401,36.0,nan,0,0.6718809604644775,-2.487396240234375,nan
1.801,4000,80,-1,8.610920637842353,10,8.6124267578125,-0.04741781949996948,-4.356066703796387,-0.8525485992431641,0.012073926627635956,23.5,1.7005939483642578,0.07236569993039395,36.0,nan,0,0.6221187710762024,-2.3969037532806396,nan
1.821,4000,80,-1,8.609920875341775,10,8.611373901367188,-0.053579363971948624,-4.309380054473877,-0.843411386013031,-0.16487102210521698,23.5,1.4186519384384155,0.060368167593124064,36.0,nan,0,0.5693919062614441,-2.6382150650024414,nan
1.841,4000,80,-1,8.60892114199232,10,8.610397338867188,-0.048912204802036285,-4.70862340927124,-0.9215494394302368,-0.04202725738286972,23.5,1.5538270473480225,0.06612029988714989,36.0,nan,0,0.5207576751708984,-2.6589584350585938,nan
1.861,4000,80,-1,8.607943162842274,10,8.609375,-0.0513969361782074,-3.6582231521606445,-0.7159700393676758,0.09770970046520233,23.5,1.2860774993896484,0.05472670210168717,36.0,nan,0,0.4690113961696625,-2.5492844581604004,nan
1.881,4000,80,-1,8.606920329492276,10,8.608200073242188,-0.05461958795785904,-3.6876189708709717,-0.7217232584953308,-0.03571609407663345,23.5,1.1619670391082764,0.04944540591950112,36.0,nan,0,0.4109640121459961,-2.5815930366516113,nan
1.901,4000,80,-1,8.60592078784175,10,8.607208251953125,-0.04979546740651131,-2.791858434677124,-0.5464092493057251,-0.1230544000864029,23.5,1.0551769733428955,0.04490114780182534,36.0,nan,0,0.3613242506980896,-2.443570375442505,nan
1.921,4000,80,-1,8.604914981591719,10,8.60638427734375,-0.03945188596844673,-4.844078540802002,-0.9480599761009216,0.064372718334198,23.5,1.8835642337799072,0.08015166952254925,36.0,nan,0,0.31995782256126404,-1.924409031867981,nan
1.941,4000,80,-1,8.603923266992206,10,8.605560302734375,-0.03852112591266632,-6.746803283691406,-1.3204522132873535,0.15756314992904663,23.5,2.1569764614105225,0.09178623240044777,36.0,nan,0,0.27902400493621826,-1.8329063653945923,nan
1.961,4000,80,-1,8.60293713989231,10,8.604690551757812,-0.04538543149828911,-6.841547966003418,-1.2328875064849854,-0.20173639059066772,23.5,2.271906852722168,0.09667688734987949,36.0,nan,0,0.23547856509685516,-2.1177775859832764,nan
1.981,4000,80,-1,8.601922964891855,10,8.603775024414062,-0.04757508262991905,-5.820715427398682,-1.18398916721344,0.09416648745536804,23.5,2.4100730419158936,0.10255629965599547,36.0,nan,0,0.18956570327281952,-2.6510190963745117,nan
2.0,4000,80,-1,8.600957996142096,10,8.602813720703125,-0.04861106723546982,-6.251969337463379,-1.1559302806854248,0.1180630549788475,23.5,2.0944766998291016,0.0891266680778341,36.0,nan,0,0.14108620584011078,-2.467641592025757,nan
2.021,4000,80,-1,8.599928806591924,10,8.601760864257812,-0.053299516439437866,-5.784444808959961,-1.0953383445739746,-0.056757569313049316,23.5,2.0078251361846924,0.08543936749722095,36.0,nan,0,0.08840744197368622,-2.5158979892730713,nan
2.041,4000,80,-1,8.598917304492351,10,8.60064697265625,-0.055846456438302994,-5.232884407043457,-1.0241552591323853,-0.034568652510643005,23.5,2.0079281330108643,0.08544375034088784,36.0,nan,0,0.03333105519413948,-2.7697317600250244,nan
2.06,4000,80,-1,8.597948560742225,10,8.599639892578125,-0.04753974825143814,-5.0941972732543945,-0.9970120787620544,-0.1362127959728241,23.5,2.1670432090759277,0.09221460464152884,36.0,nan,0,0.9823389053344727,-2.3249621391296387,nan
2.081,4000,80,-1,8.596921337841923,10,8.598587036132812,-0.056817058473825455,-3.78952693939209,-0.741668164730072,0.08189427107572556,23.5,1.3600270748138428,0.057873492545269904,36.0,nan,0,0.9295664429664612,-2.9852848052978516,nan
2.101,4000,80,-1,8.595916044092156,10,8.597381591796875,-0.06180143728852272,-3.366729736328125,-0.6589202880859375,-0.03792063891887665,23.5,1.2489680051803589,0.05314757468852591,36.0,nan,0,0.8698018193244934,-3.255685329437256,nan
2.12,4000,80,-1,8.594956812841703,10,8.596328735351562,-0.047844551503658295,-5.323739051818848,-1.0419368743896484,0.11618911474943161,23.5,1.3880131244659424,0.059064388275146484,36.0,nan,0,0.817068338394165,-2.219182014465332,nan
2.14,4000,80,-1,8.593955216991892,10,8.595367431640625,-0.042307086288928986,-5.617257118225098,-1.0993828773498535,0.17573873698711395,23.5,1.447588562965393,0.061599513317676304,36.0,nan,0,0.7692455649375916,-2.169355869293213,nan
2.161,4000,80,-1,8.592940477391679,10,8.594375610351562,-0.05279988795518875,-4.940145015716553,-0.9668617248535156,-0.1607416719198227,23.5,1.4561337232589722,0.061963137159956265,36.0,nan,0,0.7196535468101501,-2.656097412109375,nan
2.181,4000,80,-1,8.591918812842053,10,8.593368530273438,-0.05175916478037834,-5.651369094848633,-1.1060590744018555,-0.18556146323680878,23.5,1.5533537864685059,0.0661001611263194,36.0,nan,0,0.6689881086349487,-2.7269399166107178,nan
2.201,4000,80,-1,8.590914464891833,10,8.592330932617188,-0.046433571726083755,-4.286561012268066,-0.8389453291893005,-0.026956643909215927,23.5,1.5820579528808594,0.06732161501620679,36.0,nan,0,0.6172218918800354,-2.310530424118042,nan
2.221,4000,80,-1,8.589920477392301,10,8.59130859375,-0.05402439087629318,-3.753552198410034,-0.734627366065979,-0.11266728490591049,23.5,1.2099483013153076,0.0514871617580982,36.0,nan,0,0.5660350918769836,-2.6560370922088623,nan
2.241,4000,80,-1,8.588930429492033,10,8.59033203125,-0.05243998393416405,-3.6807265281677246,-0.7203742861747742,-0.19452282786369324,23.5,1.329711675643921,0.05658347555931578,36.0,nan,0,0.5168373584747314,-2.8385229110717773,nan
2.261,4000,80,-1,8.58792005034193,10,8.589248657226562,-0.05048161745071411,-4.09350061416626,-0.801160454750061,-0.085062175989151,23.5,1.3206539154052734,0.056198038953415894,36.0,nan,0,0.4628380835056305,-2.4740662574768066,nan
2.281,4000,80,-1,8.58691949614222,10,8.588241577148438,-0.04824937880039215,-3.98600435256958,-0.7801218032836914,-0.005817730911076069,23.5,1.3860993385314941,0.05898295057580826,36.0,nan,0,0.4129575192928314,-2.264357328414917,nan
2.301,4000,80,-1,8.58592049199215,10,8.587265014648438,-0.05103341117501259,-4.359523296356201,-0.8512377738952637,-0.04878693073987961,23.5,1.4208012819290161,0.060459629018256,36.0,nan,0,0.3637527525424957,-2.4764068126678467,nan
2.321,4000,80,-1,8.584926291991726,10,8.586380004882812,-0.043057169765233994,-4.8080925941467285,-0.9410170316696167,-0.011775940656661987,23.5,1.6043128967285156,0.06826863390334109,36.0,nan,0,0.31976112723350525,-1.9701509475708008,nan
2.34,4000,80,-1,8.583956279492124,10,8.585586547851562,-0.037247322499752045,-6.532045364379883,-1.2784209251403809,0.05761080980300903,23.5,2.1026883125305176,0.08947609840555394,36.0,nan,0,0.27995413541793823,-1.7811826467514038,nan
2.36,4000,80,-1,8.582951294092346,10,8.584671020507812,-0.04507969319820404,-5.976664066314697,-1.1697242259979248,-0.13915559649467468,23.5,2.0725038051605225,0.08819165128342649,36.0,nan,0,0.2344328612089157,-2.200101613998413,nan
2.381,4000,80,-1,8.581915250341991,10,8.583816528320312,-0.04628634452819824,-6.486974716186523,-1.2695997953414917,-0.02747575007379055,23.5,2.5544910430908203,0.108701746514503,36.0,nan,0,0.1913270354270935,-2.7388179302215576,nan
2.401,4000,80,-1,8.580943456591923,10,8.582778930664062,-0.048946261405944824,-5.959753036499023,-1.166414499282837,0.28110867738723755,23.5,2.127659797668457,0.09053871479440243,36.0,nan,0,0.1398347169160843,-2.224224090576172,nan
2.42,4000,80,-1,8.579965154491948,10,8.581817626953125,-0.04988804832100868,-6.72288179397583,-1.3157703876495361,-0.23340442776679993,23.5,2.4437944889068604,0.10399125484710044,36.0,nan,0,0.09119851142168045,-2.4228837490081787,nan
2.441,4000,80,-1,8.578915081592278,10,8.580703735351562,-0.05659003183245659,-5.184591770172119,-1.0241715908050537,0.099074587225914,23.5,1.95188570022583,0.0830589659670566,36.0,nan,0,0.03563927859067917,-2.8673148155212402,nan
2.46,4000,80,-1,8.577961654491812,10,8.57958984375,-0.05325716361403465,-4.8749680519104,-0.9541056156158447,0.0360402911901474,23.5,1.8151156902313232,0.07723896554175844,36.0,nan,0,0.9801635146141052,-2.5994369983673096,nan
2.481,4000,80,-1,8.576919485742112,10,8.578521728515625,-0.051463283598423004,-5.494439125061035,-1.075345516204834,0.15342864394187927,23.5,1.5138798952102661,0.06442042107277728,36.0,nan,0,0.9264603853225708,-2.608095407485962,nan
2.501,4000,80,-1,8.575926656591767,10,8.57745361328125,-0.05619187653064728,-4.463462829589844,-1.0357215404510498,-0.021208396181464195,23.5,1.5062024593353271,0.06409372167384371,36.0,nan,0,0.872904896736145,-2.9293630123138428,nan
2.521,4000,80,-1,8.574917366992306,10,8.57635498046875,-0.04965950548648834,-3.711750030517578,-0.6497431993484497,0.04369119927287102,23.5,1.2167718410491943,0.05177752515102955,36.0,nan,0,0.8186345100402832,-2.5226004123687744,nan
2.54,4000,80,-1,8.573959489892152,10,8.575408935546875,-0.046741336584091187,-3.9516024589538574,-0.7733888626098633,-0.10283799469470978,23.5,1.4391311407089233,0.061239623008890354,36.0,nan,0,0.7714506983757019,-2.187556505203247,nan
2.561,4000,80,-1,8.572916985741907,10,8.574371337890625,-0.05150260776281357,-4.559835433959961,-0.8924292922019958,-0.051734037697315216,23.5,1.5155164003372192,0.06449005958881784,36.0,nan,0,0.7192284464836121,-2.4832191467285156,nan
2.581,4000,80,-1,8.571916883641828,10,8.573394775390625,-0.05017174780368805,-5.159618377685547,-1.0098159313201904,-0.17424580454826355,23.5,1.6582870483398438,0.07056540631233378,36.0,nan,0,0.6706937551498413,-2.466843366622925,nan
2.6,4000,80,-1,8.570963987841973,10,8.572418212890625,-0.047774143517017365,-3.9652340412139893,-1.003309726715088,0.1865575909614563,23.5,1.4588665962219238,0.062079429626464844,36.0,nan,0,0.6214355826377869,-2.266819715499878,nan
2.621,4000,80,-1,8.569919587842017,10,8.57135009765625,-0.051252126693725586,-3.9845223426818848,-0.7798317670822144,-0.023825928568840027,23.5,1.2447417974472046,0.05296773606158318,36.0,nan,0,0.568122148513794,-2.488532304763794,nan
2.641,4000,80,-1,8.568919552391893,10,8.570327758789062,-0.05294405296444893,-3.7700493335723877,-0.7378561496734619,-0.11111580580472946,23.5,1.5082056522369385,0.0641789639249761,36.0,nan,0,0.5171401500701904,-2.864779233932495,nan
2.661,4000,80,-1,8.567915783642096,10,8.5692138671875,-0.05270111560821533,-3.998870372772217,-0.69773930311203,0.026491409167647362,23.5,1.2239468097686768,0.05208284296887986,36.0,nan,0,0.4613131284713745,-2.6674325466156006,nan
2.681,4000,80,-1,8.566917048241889,10,8.5682373046875,-0.041685838252305984,-4.332869052886963,-0.8480085730552673,-0.07430832087993622,23.5,1.4627622365951538,0.06224520155724059,36.0,nan,0,0.4125922918319702,-2.0971744060516357,nan
2.701,4000,80,-1,8.565928571142289,10,8.567306518554688,-0.048807814717292786,-4.462314605712891,-0.8733429908752441,-0.10205195844173431,23.5,1.39276123046875,0.059266435339095744,36.0,nan,0,0.36564841866493225,-2.6072428226470947,nan
2.721,4000,80,-1,8.56491774199167,10,8.566375732421875,-0.047023482620716095,-5.2330522537231445,-1.0241881608963013,-0.0040719397366046906,23.5,1.7753584384918213,0.07554716759539665,36.0,nan,0,0.3196905553340912,-2.3968398571014404,nan
2.741,4000,80,-1,8.563919314891976,10,8.565582275390625,-0.03420407325029373,-7.0387115478515625,-1.3775832653045654,0.0956985354423523,23.5,2.1902990341186523,0.093204214217815,36.0,nan,0,0.2797693908214569,-1.8198282718658447,nan
2.761,4000,80,-1,8.562918314892162,10,8.564651489257812,-0.048876747488975525,-6.2864789962768555,-1.2303597927093506,0.027684491127729416,23.5,1.9201443195343018,0.08170826891635327,36.0,nan,0,0.23292593657970428,-2.461958646774292,nan
2.781,4000,80,-1,8.56192191699229,10,8.563735961914062,-0.049724116921424866,-5.775578498840332,-1.1303688287734985,0.05609121546149254,23.5,2.364516019821167,0.10061770297111348,36.0,nan,0,0.18713560700416565,-2.7413768768310547,nan
2.801,4000,80,-1,8.560916194091991,10,8.562652587890625,-0.04849984869360924,-5.938809871673584,-1.1623156070709229,0.044967055320739746,23.5,2.0350844860076904,0.08659933983011449,36.0,nan,0,0.13309061527252197,-2.2857632637023926,nan
2.821,4000,80,-1,8.55991563159187,10,8.561630249023438,-0.05121941491961479,-5.0152997970581055,-0.9815706014633179,-0.16132768988609314,23.5,2.013766288757324,0.08569218250031167,36.0,nan,0,0.08186430484056473,-2.341721773147583,nan
2.84,4000,80,-1,8.558963062841944,10,8.5606689453125,-0.05549103021621704,-5.210160732269287,-1.0197079181671143,0.040389031171798706,23.5,1.8732237815856934,0.07971165028024227,36.0,nan,0,0.0340547189116478,-3.002347469329834,nan
2.861,4000,80,-1,8.557916133641996,10,8.559432983398438,-0.05494838207960129,-4.688348293304443,-0.9175812602043152,0.020629217848181725,23.5,1.57926344871521,0.06720269994532808,36.0,nan,0,0.9725455045700073,-2.6919257640838623,nan
2.881,4000,80,-1,8.556916871142315,10,8.558456420898438,-0.04340898245573044,-5.228463649749756,-0.9699150323867798,-0.05113671347498894,23.5,1.6594195365905762,0.07061359730172664,36.0,nan,0,0.9235728979110718,-1.9208585023880005,nan
2.901,4000,80,-1,8.555915837841898,10,8.557449340820312,-0.056972816586494446,-4.217511177062988,-0.825431227684021,-0.14030125737190247,23.5,1.3532190322875977,0.057583788607982876,36.0,nan,0,0.8727174401283264,-2.924696683883667,nan
2.92,4000,80,-1,8.554962446141875,10,8.556381225585938,-0.053145620971918106,-4.400909900665283,-0.8613251447677612,0.07278883457183838,23.5,1.3708128929138184,0.05833246352824759,36.0,nan,0,0.8198646903038025,-2.658489227294922,nan
2.94,4000,80,-1,8.553967508641657,10,8.555374145507812,-0.045799873769283295,-4.473826885223389,-0.8755961656570435,-0.08046212047338486,23.5,1.6676294803619385,0.07096295661114632,36.0,nan,0,0.769116997718811,-2.356438636779785,nan
2.961,4000,80,-1,8.552917971141872,10,8.554306030273438,-0.053013239055871964,-3.1735618114471436,-0.6211144328117371,-0.3189961314201355,23.5,1.2919074296951294,0.054974784242345934,36.0,nan,0,0.7162037491798401,-2.594672918319702,nan
2.981,4000,80,-1,8.551918058642334,10,8.5533447265625,-0.05005916953086853,-4.258314609527588,-0.8334170579910278,0.1340785026550293,23.5,1.4656087160110474,0.06236632834089563,36.0,nan,0,0.6678582429885864,-2.802227258682251,nan
3.001,4000,80,-1,8.550920006592062,10,8.55230712890625,-0.0472649522125721,-5.212437152862549,-1.0201534032821655,0.02686493657529354,23.5,1.4887778759002686,0.0633522500383093,36.0,nan,0,0.6163585782051086,-2.475473403930664,nan
3.021,4000,80,-1,8.54991674824196,10,8.55126953125,-0.05080445110797882,-4.033738613128662,-0.7894641757011414,0.01960568316280842,23.5,1.2397605180740356,0.05275576672655471,36.0,nan,0,0.5642582774162292,-2.4003262519836426,nan
3.041,4000,80,-1,8.54891684824179,10,8.550323486328125,-0.051165007054805756,-3.1163806915283203,-0.609923243522644,-0.013209905475378036,23.5,0.9205164313316345,0.03917091197155891,36.0,nan,0,0.5164428353309631,-2.743586540222168,nan
3.06,4000,80,-1,8.54795668364168,10,8.54925537109375,-0.05185260623693466,-3.83145809173584,-0.7498747706413269,0.13245649635791779,23.5,1.2766153812408447,0.054324058776206156,36.0,nan,0,0.4631690979003906,-2.4831297397613525,nan
3.081,4000,80,-1,8.546918450341765,10,8.548248291015625,-0.04237712174654007,-4.56097936630249,-0.892653226852417,-0.08970199525356293,23.5,1.4413942098617554,0.06133592382390449,36.0,nan,0,0.4128674268722534,-1.8282585144042969,nan
3.101,4000,80,-1,8.545921212842224,10,8.54736328125,-0.04802710935473442,-4.491318225860596,-0.8790194988250732,0.0216204971075058,23.5,1.5970752239227295,0.06796064782649913,36.0,nan,0,0.3688250184059143,-2.4105217456817627,nan
3.121,4000,80,-1,8.544921616992362,10,8.546463012695312,-0.04665141925215721,-5.171442031860352,-1.0121300220489502,0.18530148267745972,23.5,1.7315864562988281,0.07368453005526929,36.0,nan,0,0.3239682912826538,-2.409493923187256,nan
3.141,4000,80,-1,8.54392186074183,10,8.545562744140625,-0.03984814137220383,-5.729319095611572,-1.1213151216506958,0.02124153822660446,23.5,2.0523877143859863,0.08733564742068027,36.0,nan,0,0.2789943516254425,-1.8079321384429932,nan
3.161,4000,80,-1,8.542921669092175,10,8.544692993164062,-0.04583670571446419,-6.321313858032227,-1.2371774911880493,0.173500657081604,23.5,2.042163372039795,0.08690056902297,36.0,nan,0,0.23537307977676392,-2.2137975692749023,nan
3.181,4000,80,-1,8.541921644091781,10,8.543777465820312,-0.04660334810614586,-6.58780574798584,-1.2893339395523071,0.04673232138156891,23.5,2.647585391998291,0.11266320817014004,36.0,nan,0,0.18977272510528564,-2.535419225692749,nan
3.201,4000,80,-1,8.540921175341646,10,8.542709350585938,-0.05318150296807289,-5.922481060028076,-1.1591198444366455,0.08098061382770538,23.5,2.05721116065979,0.08754090045360809,36.0,nan,0,0.13575859367847443,-2.57509183883667,nan
3.221,4000,80,-1,8.539919769091648,10,8.541595458984375,-0.05281484127044678,-5.942352771759033,-1.1630090475082397,0.020281946286559105,23.5,2.1204891204833984,0.09023357959503824,36.0,nan,0,0.0805823802947998,-2.543611764907837,nan
3.241,4000,80,-1,8.538933716992323,10,8.540740966796875,-0.047474078834056854,-6.41711950302124,-1.0752184391021729,-0.0806441605091095,23.5,2.2640576362609863,0.09634287813876538,36.0,nan,0,0.03733600303530693,-2.7684760093688965,nan
3.261,4000,80,-1,8.537942937842308,10,8.539596557617188,-0.05591612309217453,-4.3558454513549805,-0.8525053858757019,-0.07915043085813522,23.5,1.9953398704528809,0.08490807959373961,36.0,nan,0,0.980277419090271,-2.826491594314575,nan
3.281,4000,80,-1,8.536912881591705,10,8.538314819335938,-0.054984625428915024,-4.703653812408447,-0.9205767512321472,0.1341552734375,23.5,1.2375355958938599,0.05266108918697276,36.0,nan,0,0.9161826372146606,-2.333890914916992,nan
3.301,4000,80,-1,8.535919621142238,10,8.537429809570312,-0.04868943989276886,-5.507274150848389,-1.077857494354248,0.028668835759162903,23.5,1.550473690032959,0.06597760383118974,36.0,nan,0,0.8720575571060181,-2.6257123947143555,nan
3.32,4000,80,-1,8.534959006591816,10,8.536468505859375,-0.050099652260541916,-5.022261142730713,-0.9829330444335938,0.152804434299469,23.5,1.5490262508392334,0.06591601067400993,36.0,nan,0,0.8239668011665344,-2.5208380222320557,nan
3.341,4000,80,-1,8.533944939891807,10,8.53533935546875,-0.04956645891070366,-4.035042762756348,-0.7897193431854248,0.0485665425658226,23.5,1.5779896974563599,0.06714849776410042,36.0,nan,0,0.7677250504493713,-2.199864387512207,nan
3.361,4000,80,-1,8.532912279492301,10,8.534332275390625,-0.05030930042266846,-5.227360725402832,-1.0230741500854492,-0.022892341017723083,23.5,1.3694928884506226,0.058276293125558404,36.0,nan,0,0.7170504331588745,-2.5501484870910645,nan
3.381,4000,80,-1,8.53191802534202,10,8.533401489257812,-0.04846586287021637,-5.797142028808594,-1.1345890760421753,-0.2563340663909912,23.5,1.8388597965240479,0.07824935304357651,36.0,nan,0,0.6704300045967102,-2.421311378479004,nan
3.401,4000,80,-1,8.530922125341748,10,8.532318115234375,-0.051138296723365784,-4.2234368324279785,-0.8265910148620605,0.02144283428788185,23.5,1.3673328161239624,0.05818437515421117,36.0,nan,0,0.6163219809532166,-2.571035861968994,nan
3.421,4000,80,-1,8.529938775341725,10,8.531295776367188,-0.051988549530506134,-3.8658618927001953,-0.7566081285476685,0.04039093106985092,23.5,1.0781216621398926,0.04587751753786777,36.0,nan,0,0.5651136636734009,-2.5496318340301514,nan
3.44,4000,80,-1,8.52896480659183,10,8.530410766601562,-0.04873407259583473,-3.3580944538116455,-0.6572302579879761,0.18491607904434204,23.5,1.0291361808776855,0.043793028973518534,36.0,nan,0,0.5210264325141907,-2.745732307434082,nan
3.46,4000,80,-1,8.52796445449203,10,8.529266357421875,-0.05382837727665901,-3.0484938621520996,-0.6695417761802673,0.041860491037368774,23.5,1.119765281677246,0.0476495864543509,36.0,nan,0,0.46417587995529175,-2.517091989517212,nan
3.48,4000,80,-1,8.526960323241656,10,8.528213500976562,-0.04796861857175827,-3.772563934326172,-0.8090912699699402,0.05585543066263199,23.5,1.315201997756958,0.05596604245774289,36.0,nan,0,0.41138914227485657,-2.1320478916168213,nan
3.501,4000,80,-1,8.525917473241861,10,8.527328491210938,-0.0435389019548893,-5.233346462249756,-1.0242457389831543,0.03178340941667557,23.5,1.6839230060577393,0.07165629813011656,36.0,nan,0,0.36740952730178833,-2.2460641860961914,nan
3.521,4000,80,-1,8.524917731591994,10,8.52642822265625,-0.044870276004076004,-5.019400119781494,-0.9823731184005737,0.08450938761234283,23.5,1.7792279720306396,0.07571182859704849,36.0,nan,0,0.32237184047698975,-2.3069350719451904,nan
3.541,4000,80,-1,8.523918791992037,10,8.525527954101562,-0.04254204034805298,-5.730266571044922,-1.1215004920959473,-0.0060276249423623085,23.5,2.038630723953247,0.0867502435724786,36.0,nan,0,0.27696308493614197,-2.0564966201782227,nan
3.561,4000,80,-1,8.522920175342005,10,8.524673461914062,-0.04335660859942436,-6.812000274658203,-1.3332122564315796,-0.09096776694059372,23.5,2.1388120651245117,0.0910132793670005,36.0,nan,0,0.23406578600406647,-2.1098594665527344,nan
3.581,4000,80,-1,8.521943712842038,10,8.523818969726562,-0.045583657920360565,-6.253475666046143,-1.170430302619934,-0.020060205832123756,23.5,2.676213264465332,0.11388141550916306,36.0,nan,0,0.19177141785621643,-2.447645425796509,nan
3.601,4000,80,-1,8.520920075342291,10,8.522796630859375,-0.050074610859155655,-6.164980411529541,-1.206580638885498,0.13537293672561646,23.5,2.1494903564453125,0.09146767474235372,36.0,nan,0,0.1408500373363495,-2.5729734897613525,nan
3.621,4000,80,-1,8.519923221141651,10,8.52166748046875,-0.057637736201286316,-5.060211181640625,-0.9903604388237,-0.09324973076581955,23.5,1.985433578491211,0.08448653525494515,36.0,nan,0,0.08427481353282928,-2.772386312484741,nan
3.641,4000,80,-1,8.518920044091645,10,8.52069091796875,-0.04737969860434532,-6.130331516265869,-1.1997992992401123,0.005350619554519653,23.5,2.3236865997314453,0.09888028083963597,36.0,nan,0,0.03507229685783386,-2.3166747093200684,nan
3.661,4000,80,-1,8.517944731591705,10,8.519607543945312,-0.05791090056300163,-4.749556064605713,-0.9295606017112732,-0.14354872703552246,23.5,2.053149700164795,0.08736807234743808,36.0,nan,0,0.9808129668235779,-2.7786121368408203,nan
3.681,4000,80,-1,8.516940887842065,10,8.518402099609375,-0.0581149123609066,-4.099859714508057,-0.802405059337616,-0.04613931104540825,23.5,1.2674970626831055,0.05393604522055768,36.0,nan,0,0.9209153652191162,-2.730525493621826,nan
3.701,4000,80,-1,8.515920585741696,10,8.5174560546875,-0.04235509783029556,-5.91610050201416,-1.157871127128601,0.09721334278583527,23.5,1.7468929290771484,0.07433586932243184,36.0,nan,0,0.8730913400650024,-2.052475929260254,nan
3.72,4000,80,-1,8.51495585449229,10,8.5164794921875,-0.0524224191904068,-4.307529926300049,-0.894641101360321,0.1266213357448578,23.5,1.5195798873901367,0.06466297393149519,36.0,nan,0,0.8243283033370972,-2.6271612644195557,nan
3.74,4000,80,-1,8.513962231591721,10,8.515365600585938,-0.05409649387001991,-4.086774826049805,-0.7998441457748413,-0.04634874314069748,23.5,1.483197808265686,0.06311480035173132,36.0,nan,0,0.7692223787307739,-2.592714309692383,nan
3.761,4000,80,-1,8.512928310741698,10,8.51434326171875,-0.048795945942401886,-4.976968288421631,-0.9740685820579529,-0.07797263562679291,23.5,1.4457179307937622,0.06151991194867073,36.0,nan,0,0.7181462049484253,-2.337233304977417,nan
3.781,4000,80,-1,8.51192077534215,10,8.513381958007812,-0.050407879054546356,-4.3953022956848145,-0.8602277040481567,0.1820753812789917,23.5,1.274451732635498,0.05423198862278715,36.0,nan,0,0.6694271564483643,-2.735307455062866,nan
3.801,4000,80,-1,8.51092046284175,10,8.512298583984375,-0.05132516846060753,-4.093196392059326,-0.8011009097099304,-0.08562397956848145,23.5,1.3980019092559814,0.05948944294706304,36.0,nan,0,0.6152271628379822,-2.5447051525115967,nan
3.821,4000,80,-1,8.50992082949233,10,8.511215209960938,-0.05386171117424965,-3.3332228660583496,-0.6523625254631042,0.037183139473199844,23.5,0.8902287483215332,0.03788207439666099,36.0,nan,0,0.5612789988517761,-2.5922558307647705,nan
3.841,4000,80,-1,8.508920123241841,10,8.510238647460938,-0.05016058683395386,-4.096637725830078,-0.6703497767448425,-0.025879550725221634,23.5,1.1996551752090454,0.051049156391874274,36.0,nan,0,0.512833297252655,-2.6442856788635254,nan
3.861,4000,80,-1,8.50794440034224,10,8.509185791015625,-0.05472015589475632,-3.8618226051330566,-0.7558175325393677,-0.09271816909313202,23.5,1.186761498451233,0.050500489295797146,36.0,nan,0,0.45955654978752136,-2.5562734603881836,nan
3.88,4000,80,-1,8.506970569091937,10,8.50823974609375,-0.04146938771009445,-4.689489841461182,-0.9178045988082886,0.0038166693411767483,23.5,1.5057809352874756,0.06407578448031812,36.0,nan,0,0.4122615158557892,-1.988742709159851,nan
3.901,4000,80,-1,8.505920489892015,10,8.507354736328125,-0.0400361493229866,-5.670867443084717,-1.1422733068466187,0.04533929377794266,23.5,1.7814457416534424,0.07580620177248691,36.0,nan,0,0.3682054877281189,-1.86130690574646,nan
3.921,4000,80,-1,8.5049200003421,10,8.506515502929688,-0.04466945677995682,-5.475242614746094,-1.0715885162353516,-0.052519794553518295,23.5,2.108860731124878,0.08973875451595226,36.0,nan,0,0.32626399397850037,-2.245070457458496,nan
3.941,4000,80,-1,8.503919660741667,10,8.505599975585938,-0.044270746409893036,-6.000667095184326,-1.174422025680542,-0.09138882160186768,23.5,2.203247547149658,0.09375521477232589,36.0,nan,0,0.2808508276939392,-2.2052383422851562,nan
3.961,4000,80,-1,8.502920458641894,10,8.504684448242188,-0.04176317900419235,-7.142030239105225,-1.3978042602539062,-0.16849802434444427,23.5,2.3364439010620117,0.09942314472604305,36.0,nan,0,0.23519553244113922,-1.9411349296569824,nan
3.981,4000,80,-1,8.501947781592026,10,8.503890991210938,-0.04500908404588699,-5.952423095703125,-1.3989752531051636,-0.12693867087364197,23.5,3.126521587371826,0.13304347180305642,36.0,nan,0,0.19534018635749817,-2.673163890838623,nan
4.0,4000,80,-1,8.500958508642363,10,8.502853393554688,-0.04976498335599899,-6.743659973144531,-1.3198370933532715,0.04964294657111168,23.5,2.358140468597412,0.10034640291903882,36.0,nan,0,0.14329057931900024,-2.53983473777771,nan
4.02,4000,80,-1,8.499963652392037,10,8.501693725585938,-0.06290443986654282,-4.525508880615234,-0.8387055397033691,-0.021886935457587242,23.5,1.712776780128479,0.07288411830333953,36.0,nan,0,0.08490858227014542,-3.2343790531158447,nan
4.041,4000,80,-1,8.498919598242358,10,8.500564575195312,-0.05049554258584976,-5.935947418212891,-1.1617554426193237,-0.14364415407180786,23.5,2.106647491455078,0.08964457410447141,36.0,nan,0,0.028787588700652122,-2.4613559246063232,nan
4.06,4000,80,-1,8.497959912841909,10,8.499649047851562,-0.05131969228386879,-4.1955647468566895,-0.8431283235549927,-0.041172951459884644,23.5,1.8487553596496582,0.07867044083615567,36.0,nan,0,0.9827306866645813,-2.8590598106384277,nan
4.081,4000,80,-1,8.496920139891882,10,8.498382568359375,-0.05674536153674126,-4.5666375160217285,-0.8937605619430542,0.12952196598052979,23.5,1.2343685626983643,0.052526321816951674,36.0,nan,0,0.9198176860809326,-2.6956803798675537,nan
4.101,4000,80,-1,8.495921394092148,10,8.49737548828125,-0.047773659229278564,-4.2813944816589355,-0.8379341959953308,0.04210321232676506,23.5,1.661460041999817,0.07070042731914114,36.0,nan,0,0.8696715831756592,-2.2243831157684326,nan
4.12,4000,80,-1,8.49495126909169,10,8.496475219726562,-0.05132115259766579,-5.0372443199157715,-0.9858655333518982,0.13257648050785065,23.5,1.837510585784912,0.07819193982063456,36.0,nan,0,0.8240981698036194,-2.6906704902648926,nan
4.141,4000,80,-1,8.493920691991661,10,8.495376586914062,-0.050436846911907196,-4.300026893615723,-0.841580867767334,-0.065590500831604,23.5,1.4438968896865845,0.061442420837726996,36.0,nan,0,0.7694985866546631,-2.6049587726593018,nan
4.161,4000,80,-1,8.492920448241785,10,8.49432373046875,-0.052212946116924286,-4.512704849243164,-0.8832051753997803,-0.04178517311811447,23.5,1.466103196144104,0.062387370048685276,36.0,nan,0,0.7169995903968811,-2.349778413772583,nan
4.181,4000,80,-1,8.491921606592223,10,8.493362426757812,-0.05098247900605202,-4.049279689788818,-0.7925057411193848,-0.015502655878663063,23.5,1.5822935104370117,0.0673316387420005,36.0,nan,0,0.6684905886650085,-2.667999744415283,nan
4.201,4000,80,-1,8.490921344092204,10,8.4923095703125,-0.05011875927448273,-4.0151848793029785,-0.7858328819274902,0.16059565544128418,23.5,1.4467135667800903,0.06156227943745065,36.0,nan,0,0.6157732605934143,-2.584595203399658,nan
4.221,4000,80,-1,8.489920073241956,10,8.4912109375,-0.05472906306385994,-2.6126701831817627,-0.5113393664360046,-0.032472118735313416,23.5,1.1703022718429565,0.04980009667416836,36.0,nan,0,0.5611099600791931,-2.5866949558258057,nan
4.241,4000,80,-1,8.488924008642062,10,8.490203857421875,-0.051081929355859756,-4.072239875793457,-0.796999454498291,-0.11784012615680695,23.5,1.2750804424285889,0.054258742231003784,36.0,nan,0,0.5109426975250244,-2.491046905517578,nan
4.26,4000,80,-1,8.487966398242135,10,8.4892578125,-0.05252489820122719,-4.042433261871338,-0.7202587127685547,0.05820169672369957,23.5,1.200695514678955,0.05109342615655128,36.0,nan,0,0.46373602747917175,-2.7434253692626953,nan
4.281,4000,80,-1,8.486921702392284,10,8.488235473632812,-0.041302140802145004,-4.688697814941406,-0.9176496267318726,-0.0173085518181324,23.5,1.5486505031585693,0.06590002141100296,36.0,nan,0,0.41254326701164246,-1.8854962587356567,nan
4.3,4000,80,-1,8.4859506544919,10,8.487411499023438,-0.041135240346193314,-5.0343098640441895,-0.9852911829948425,-0.037412650883197784,23.5,1.7472864389419556,0.07435261442306194,36.0,nan,0,0.3714779019355774,-1.8891667127609253,nan
4.321,4000,80,-1,8.48491919614171,10,8.486587524414062,-0.04520818218588829,-5.782404899597168,-1.1317048072814941,0.011142604053020477,23.5,2.3531930446624756,0.10013587424095641,36.0,nan,0,0.32962343096733093,-2.443364143371582,nan
4.341,4000,80,-1,8.483918564891793,10,8.48565673828125,-0.042624641209840775,-6.803964138031006,-1.3316395282745361,-0.06500181555747986,23.5,2.319855213165283,0.0987172431134163,36.0,nan,0,0.28310367465019226,-2.1218090057373047,nan
4.361,4000,80,-1,8.482919062842122,10,8.484710693359375,-0.04694594815373421,-6.602694988250732,-1.292248010635376,0.020753880962729454,23.5,2.1967225074768066,0.09347755350965134,36.0,nan,0,0.23588284850120544,-2.2806556224823,nan
4.381,4000,80,-1,8.481917831592002,10,8.483901977539062,-0.04165179282426834,-6.598383903503418,-1.304916501045227,-0.13948167860507965,23.5,3.0983312129974365,0.13184388140414624,36.0,nan,0,0.19563625752925873,-2.326488494873047,nan
4.401,4000,80,-1,8.480917558642252,10,8.482803344726562,-0.05038429796695709,-6.451900959014893,-1.262735366821289,0.09737910330295563,23.5,2.404280185699463,0.10230979513614735,36.0,nan,0,0.14106455445289612,-2.3116097450256348,nan
4.421,4000,80,-1,8.47990881909209,10,8.481765747070312,-0.05783010274171829,-5.308322429656982,-1.0389195680618286,-0.11835771799087524,23.5,2.0938141345977783,0.08909847381267141,36.0,nan,0,0.08880160748958588,-3.101588010787964,nan
4.441,4000,80,-1,8.47891055659202,10,8.480636596679688,-0.05754808709025383,-4.6638641357421875,-0.9127893447875977,-0.023259032517671585,23.5,2.1011252403259277,0.08940958469472032,36.0,nan,0,0.03221842274069786,-2.7797911167144775,nan
4.461,4000,80,-1,8.47794200239223,10,8.479660034179688,-0.047041866928339005,-5.932969570159912,-1.2024638652801514,0.12924954295158386,23.5,2.139414072036743,0.0910388966824146,36.0,nan,0,0.9833168387413025,-2.611476182937622,nan
4.481,4000,80,-1,8.47692382324167,10,8.478424072265625,-0.05760212242603302,-4.485502243041992,-0.8778812289237976,0.048633500933647156,23.5,1.4085214138031006,0.05993708143842981,36.0,nan,0,0.9221502542495728,-2.5840582847595215,nan
4.501,4000,80,-1,8.475920402391786,10,8.477432250976562,-0.050898533314466476,-5.305428981781006,-1.0383533239364624,0.12322630733251572,23.5,1.4499861001968384,0.06170153617858887,36.0,nan,0,0.8718753457069397,-2.4921581745147705,nan
4.521,4000,80,-1,8.474924135742187,10,8.476486206054688,-0.048903483897447586,-5.357000827789307,-1.048446774482727,0.14172539114952087,23.5,1.8306094408035278,0.07789827407674586,36.0,nan,0,0.8249183893203735,-2.5633456707000732,nan
4.541,4000,80,-1,8.473920006591653,10,8.475418090820312,-0.050105899572372437,-4.297879219055176,-0.8411605358123779,-0.16141200065612793,23.5,1.7561362981796265,0.07472920417785645,36.0,nan,0,0.7715458869934082,-2.464294195175171,nan
4.561,4000,80,-1,8.472944160742191,10,8.474334716796875,-0.056370172649621964,-3.832149028778076,-0.6017492413520813,-0.06538688391447067,23.5,1.152152180671692,0.049027752369008165,36.0,nan,0,0.717620849609375,-2.6890017986297607,nan
4.581,4000,80,-1,8.471920575341938,10,8.47332763671875,-0.051654279232025146,-3.3346493244171143,-0.6526417136192322,0.03191549330949783,23.5,1.1285107135772705,0.04802173249264981,36.0,nan,0,0.6667686700820923,-2.697664737701416,nan
4.601,4000,80,-1,8.470919654492173,10,8.4722900390625,-0.04775469750165939,-3.9446263313293457,-0.7720235586166382,-0.11262965202331543,23.5,1.6406385898590088,0.06981440807910676,36.0,nan,0,0.6150088310241699,-2.099242925643921,nan
4.621,4000,80,-1,8.46991970449235,10,8.47125244140625,-0.05322161689400673,-3.929567813873291,-0.7690762877464294,0.09259139001369476,23.5,1.0306508541107178,0.04385748315364756,36.0,nan,0,0.5629578232765198,-2.582555055618286,nan
4.641,4000,80,-1,8.468920479492226,10,8.470230102539062,-0.05220773071050644,-3.42759370803833,-0.6708323359489441,0.004757335875183344,23.5,1.199102759361267,0.05102564933452201,36.0,nan,0,0.5122586488723755,-2.7563235759735107,nan
4.66,4000,80,-1,8.46795858364203,10,8.469223022460938,-0.05098247528076172,-3.985138177871704,-0.7799522876739502,0.019495148211717606,23.5,1.2760930061340332,0.054301830048256734,36.0,nan,0,0.46203985810279846,-2.5654330253601074,nan
4.681,4000,80,-1,8.466925639891997,10,8.468246459960938,-0.03902692347764969,-4.949803829193115,-0.9687520861625671,-0.0697815865278244,23.5,1.644467830657959,0.06997735449608336,36.0,nan,0,0.41324934363365173,-1.8020836114883423,nan
4.701,4000,80,-1,8.465927427392307,10,8.467453002929688,-0.04018408805131912,-5.740185260772705,-1.1234418153762817,0.02847888134419918,23.5,1.7336636781692505,0.07377292247528726,36.0,nan,0,0.3731745779514313,-1.8291994333267212,nan
4.721,4000,80,-1,8.464945462842296,10,8.466690063476562,-0.04214107245206833,-6.232933521270752,-1.2782624959945679,-0.04198236018419266,23.5,2.684643030166626,0.11424012894326067,36.0,nan,0,0.3349583148956299,-2.376965284347534,nan
4.741,4000,80,-1,8.463914131592173,10,8.465682983398438,-0.041218098253011703,-6.023929119110107,-1.1789747476577759,-0.12225399911403656,23.5,2.378204822540283,0.10120020521448013,36.0,nan,0,0.28445199131965637,-1.9120686054229736,nan
4.76,4000,80,-1,8.462962952392262,10,8.46478271484375,-0.051285408437252045,-5.549620628356934,-1.0861454010009766,-0.014043356291949749,23.5,2.045260190963745,0.08703234855164872,36.0,nan,0,0.23938529193401337,-2.5842039585113525,nan
4.781,4000,80,-1,8.461918212842283,10,8.463912963867188,-0.041337866336107254,-7.96803092956543,-1.5594651699066162,-0.1074545830488205,23.5,3.396120548248291,0.14451576801056557,36.0,nan,0,0.1959831714630127,-2.3198349475860596,nan
4.8,4000,80,-1,8.460957064892137,10,8.462890625,-0.05224291607737541,-7.131579399108887,-1.395758867263794,0.04499438405036926,23.5,2.4956488609313965,0.10619782386942113,36.0,nan,0,0.1454869657754898,-2.44256854057312,nan
4.82,4000,80,-1,8.459953733642033,10,8.461837768554688,-0.05619840323925018,-5.769517421722412,-1.1291825771331787,-0.0763307511806488,23.5,2.251164674758911,0.09579424147910261,36.0,nan,0,0.09274502098560333,-2.945805072784424,nan
4.841,4000,80,-1,8.458915977391735,10,8.460647583007812,-0.0603611022233963,-3.9273600578308105,-0.7686442732810974,0.04181846231222153,23.5,1.8378593921661377,0.07820678264536757,36.0,nan,0,0.033247146755456924,-2.976682662963867,nan
4.861,4000,80,-1,8.457941827391915,10,8.45953369140625,-0.04792792350053787,-5.688839435577393,-1.1133925914764404,0.13474947214126587,23.5,1.8997375965118408,0.08083989772390812,36.0,nan,0,0.9776376485824585,-2.2127668857574463,nan
4.881,4000,80,-1,8.456923041991832,10,8.458465576171875,-0.057832859456539154,-4.4044036865234375,-0.8620089292526245,-0.05488487333059311,23.5,1.5294203758239746,0.06508171812016914,36.0,nan,0,0.9235600233078003,-2.84658145904541,nan
4.901,4000,80,-1,8.45591582324196,10,8.457427978515625,-0.049700360745191574,-5.313007354736328,-1.0398365259170532,0.11001084744930267,23.5,1.5693798065185547,0.06678211942632148,36.0,nan,0,0.872024416923523,-2.346160411834717,nan
4.921,4000,80,-1,8.454917866992037,10,8.456466674804688,-0.04818488657474518,-5.478535175323486,-1.0722328424453735,0.09847612679004669,23.5,1.8676669597625732,0.07947518977713078,36.0,nan,0,0.8239442110061646,-2.3713104724884033,nan
4.941,4000,80,-1,8.453914946142323,10,8.455413818359375,-0.050176288932561874,-4.258356094360352,-0.8334252238273621,-0.025578713044524193,23.5,1.6295603513717651,0.06934299367539426,36.0,nan,0,0.7715985774993896,-2.4590189456939697,nan
4.961,4000,80,-1,8.452942187841836,10,8.454360961914062,-0.05588216334581375,-3.7126879692077637,-0.7266296148300171,-0.14835482835769653,23.5,1.252107858657837,0.05328118547480157,36.0,nan,0,0.718597948551178,-2.730686902999878,nan
4.981,4000,80,-1,8.451939241991932,10,8.45343017578125,-0.04575589671730995,-4.465455055236816,-0.9345082640647888,0.11111705750226974,23.5,1.5676822662353516,0.06670988366958942,36.0,nan,0,0.6722534894943237,-2.284170627593994,nan
5.001,4000,80,-1,8.450917785742059,10,8.452392578125,-0.049509987235069275,-4.50814151763916,-0.882311999797821,0.09535925090312958,23.5,1.5992789268493652,0.06805442241912192,36.0,nan,0,0.6198733448982239,-2.564685344696045,nan
5.021,4000,80,-1,8.449917500341689,10,8.451324462890625,-0.05420848727226257,-4.399397373199463,-0.8610291481018066,0.06625677645206451,23.5,1.1439204216003418,0.04867746474895072,36.0,nan,0,0.5668379068374634,-2.676839590072632,nan
5.041,4000,80,-1,8.448911046142166,10,8.450225830078125,-0.05567951872944832,-3.731962203979492,-0.7304019331932068,-0.17873460054397583,23.5,1.244823694229126,0.05297122103102664,36.0,nan,0,0.5118973255157471,-2.813209295272827,nan
5.061,4000,80,-1,8.447935669092113,10,8.44927978515625,-0.044989753514528275,-4.076282501220703,-0.8267279863357544,-0.015292099677026272,23.5,1.4492267370224,0.061669222852017015,36.0,nan,0,0.46448537707328796,-2.2072479724884033,nan
5.081,4000,80,-1,8.446944379492198,10,8.448333740234375,-0.0469190739095211,-3.889899253845215,-0.7613126039505005,0.016141409054398537,23.5,1.3118782043457031,0.05582460444024269,36.0,nan,0,0.41697031259536743,-2.0781478881835938,nan
5.101,4000,80,-1,8.44591910449235,10,8.447479248046875,-0.04200250655412674,-5.9294819831848145,-1.1604900360107422,-0.10969094932079315,23.5,1.8521790504455566,0.0788161298061939,36.0,nan,0,0.3743720054626465,-2.032244920730591,nan
5.12,4000,80,-1,8.444951273241896,10,8.446746826171875,-0.04000005125999451,-6.926400184631348,-1.3556021451950073,-0.00025293632643297315,23.5,2.7671773433685303,0.11775222737738426,36.0,nan,0,0.3378213346004486,-2.325655460357666,nan
5.141,4000,80,-1,8.443921431592026,10,8.44573974609375,-0.047380585223436356,-6.852319717407227,-1.341103434562683,-0.0399557426571846,23.5,2.2366034984588623,0.09517461695569626,36.0,nan,0,0.2877190411090851,-2.190533399581909,nan
5.161,4000,80,-1,8.442942700342247,10,8.444808959960938,-0.05201907828450203,-6.662005424499512,-1.3038560152053833,-0.13358497619628906,23.5,2.54030179977417,0.10809794892656042,36.0,nan,0,0.24093087017536163,-2.7160847187042236,nan
5.181,4000,80,-1,8.441921498242301,10,8.443862915039062,-0.04284252971410751,-7.150985240936279,-1.3995568752288818,-0.007714871317148209,23.5,3.170741081237793,0.13492515239309757,36.0,nan,0,0.1938256472349167,-2.2781314849853516,nan
5.201,4000,80,-1,8.440921023242119,10,8.44293212890625,-0.04535852000117302,-7.775097370147705,-1.521705150604248,0.06198132783174515,23.5,2.905501365661621,0.1236383559856009,36.0,nan,0,0.1473686695098877,-2.3982784748077393,nan
5.221,4000,80,-1,8.43992097949231,10,8.441879272460938,-0.054856497794389725,-6.011421203613281,-1.2504768371582031,-0.05280003696680069,23.5,2.616626739501953,0.11134581870221077,36.0,nan,0,0.09458481520414352,-2.823404550552368,nan
5.241,4000,80,-1,8.438920933641931,10,8.4407958984375,-0.059743329882621765,-6.465703010559082,-1.2654367685317993,-0.10633697360754013,23.5,2.0696465969085693,0.08807006795355614,36.0,nan,0,0.040374018251895905,-3.310837507247925,nan
5.261,4000,80,-1,8.437942621141703,10,8.439498901367188,-0.059854909777641296,-3.672713041305542,-0.7188059687614441,-0.07401371002197266,23.5,1.6626302003860474,0.07075022129302329,36.0,nan,0,0.9759077429771423,-2.8252739906311035,nan
5.281,4000,80,-1,8.436916431591818,10,8.438491821289062,-0.04731525853276253,-4.686644077301025,-0.9174482226371765,-0.025850985199213028,23.5,1.7040338516235352,0.07251207879249086,36.0,nan,0,0.9255605340003967,-2.4101083278656006,nan
5.301,4000,80,-1,8.435919114892023,10,8.437408447265625,-0.05492676794528961,-4.272535800933838,-0.8362004160881042,-0.06837309896945953,23.5,1.5811253786087036,0.06728193100462569,36.0,nan,0,0.8710839152336121,-2.6673097610473633,nan
5.321,4000,80,-1,8.434920910742223,10,8.43646240234375,-0.046526554971933365,-5.226428031921387,-1.022891640663147,0.1115221381187439,23.5,1.7122896909713745,0.07286339110516488,36.0,nan,0,0.8235316872596741,-2.3645033836364746,nan
5.341,4000,80,-1,8.433919552392037,10,8.435501098632812,-0.04715393856167793,-5.509206295013428,-1.0782356262207031,-0.028548790141940117,23.5,1.8374780416488647,0.07819055496378148,36.0,nan,0,0.7753763198852539,-2.26334547996521,nan
5.361,4000,80,-1,8.432939619092215,10,8.434402465820312,-0.05910099297761917,-4.477425575256348,-0.8763004541397095,0.140232115983963,23.5,1.3940201997756958,0.05932000850109344,36.0,nan,0,0.7203751802444458,-2.9451401233673096,nan
5.38,4000,80,-1,8.43196673784187,10,8.43341064453125,-0.049346692860126495,-4.681039810180664,-0.9161508083343506,0.12372057139873505,23.5,1.4580390453338623,0.06204421469505797,36.0,nan,0,0.671022891998291,-2.4492499828338623,nan
5.401,4000,80,-1,8.43091590239201,10,8.432373046875,-0.04783831536769867,-5.207696437835693,-1.0192255973815918,0.10615572333335876,23.5,1.6800563335418701,0.07149175887412214,36.0,nan,0,0.6194630861282349,-2.6934139728546143,nan
5.42,4000,80,-1,8.429959591991794,10,8.431365966796875,-0.05152842402458191,-4.5057244300842285,-0.8818389773368835,-0.09963436424732208,23.5,1.497645378112793,0.06372959055799118,36.0,nan,0,0.5689920783042908,-2.430131435394287,nan
5.441,4000,80,-1,8.428929487842108,10,8.4302978515625,-0.05604584515094757,-3.793372869491577,-0.7424209117889404,-0.05200725048780441,23.5,1.341004490852356,0.057064020887334296,36.0,nan,0,0.515683114528656,-3.053004026412964,nan
5.462,4000,80,-1,8.427888837842332,10,8.429168701171875,-0.04894675686955452,-3.8388853073120117,-0.7745153903961182,0.013311631977558136,23.5,1.3242101669311523,0.05634936880558095,36.0,nan,0,0.4588530361652374,-2.3466320037841797,nan
5.481,4000,80,-1,8.426932581591975,10,8.4283447265625,-0.0377420037984848,-5.250260353088379,-1.0275559425354004,0.05360666662454605,23.5,1.760677456855774,0.07492244497258613,36.0,nan,0,0.417976975440979,-1.832226037979126,nan
5.501,4000,80,-1,8.425899291991666,10,8.427474975585938,-0.04298018664121628,-4.420426845550537,-0.9021939635276794,-0.2783304750919342,23.5,1.8638867139816284,0.07931432825453738,36.0,nan,0,0.37404540181159973,-2.0031933784484863,nan
5.521,4000,80,-1,8.424911137841994,10,8.426712036132812,-0.040315721184015274,-6.69025182723999,-1.3093842267990112,-0.08818875998258591,23.5,2.772707462310791,0.11798755158769324,36.0,nan,0,0.33605560660362244,-2.161332607269287,nan
5.541,4000,80,-1,8.423919416991705,10,8.425811767578125,-0.04522684961557388,-6.93911600112915,-1.358090877532959,0.10273543000221252,23.5,2.6667702198028564,0.11347958382139815,36.0,nan,0,0.2908867299556732,-2.3351686000823975,nan
5.561,4000,80,-1,8.422943369091811,10,8.42486572265625,-0.0494423471391201,-6.927945613861084,-1.3559045791625977,-0.12841083109378815,23.5,2.776580572128296,0.11815236477141684,36.0,nan,0,0.24371880292892456,-2.525876760482788,nan
5.581,4000,80,-1,8.421920246141966,10,8.42388916015625,-0.04725015535950661,-5.750729084014893,-1.1255053281784058,-0.07390154898166656,23.5,3.015745162963867,0.12832958140271775,36.0,nan,0,0.1952974796295166,-2.589684247970581,nan
5.601,4000,80,-1,8.420919910741944,10,8.422958374023438,-0.0431843064725399,-7.383131980895996,-1.4449914693832397,-0.025258539244532585,23.5,3.0773987770080566,0.13095313944715134,36.0,nan,0,0.14852170646190643,-2.261655569076538,nan
5.621,4000,80,-1,8.419920308642034,10,8.421951293945312,-0.05571383982896805,-6.899875640869141,-1.35041081905365,-0.050071075558662415,23.5,2.7938222885131836,0.11888605483034824,36.0,nan,0,0.09811247885227203,-2.7883498668670654,nan
5.641,4000,80,-1,8.418920548242024,10,8.4208984375,-0.052527740597724915,-6.649966716766357,-1.301499843597412,-0.04896685108542442,23.5,3.0350613594055176,0.12915154720874542,36.0,nan,0,0.045692939311265945,-2.9330878257751465,nan
5.66,4000,80,-1,8.417961235741679,10,8.419601440429688,-0.06692469865083694,-3.623830556869507,-0.8386637568473816,-0.0959397703409195,23.5,1.7379872798919678,0.07395690552731778,36.0,nan,0,0.9807640314102173,-3.161760091781616,nan
5.681,4000,80,-1,8.41691942534235,10,8.418472290039062,-0.04510663077235222,-5.330413818359375,-1.043243169784546,-0.10380864143371582,23.5,1.7959704399108887,0.07642427403876122,36.0,nan,0,0.924711287021637,-1.8527969121932983,nan
5.701,4000,80,-1,8.415921056592198,10,8.417556762695312,-0.0521036796271801,-5.029059410095215,-1.0517370700836182,0.11478646099567413,23.5,1.6975600719451904,0.07223659880617832,36.0,nan,0,0.8783706426620483,-2.5820205211639404,nan
5.721,4000,80,-1,8.414920477392299,10,8.41656494140625,-0.04835517331957817,-5.628793716430664,-1.1016407012939453,-0.03023568168282509,23.5,2.0996956825256348,0.08934875244789935,36.0,nan,0,0.8291502594947815,-2.556988000869751,nan
5.741,4000,80,-1,8.413920010742006,10,8.415542602539062,-0.048973649740219116,-5.058053970336914,-0.9899382591247559,0.09761720895767212,23.5,1.7273688316345215,0.07350505666529879,36.0,nan,0,0.7779325842857361,-2.3342270851135254,nan
5.761,4000,80,-1,8.412918354492287,10,8.4144287109375,-0.05748448148369789,-4.78549337387085,-0.88744056224823,0.004149419255554676,23.5,1.5620853900909424,0.06647171872727414,36.0,nan,0,0.7222193479537964,-2.9810190200805664,nan
5.781,4000,80,-1,8.411938916992224,10,8.41339111328125,-0.0518324114382267,-5.840649604797363,-1.1045101881027222,-0.17088566720485687,23.5,1.8202053308486938,0.07745554599356144,36.0,nan,0,0.6705347895622253,-2.5141892433166504,nan
5.801,4000,80,-1,8.410920344092304,10,8.412429809570312,-0.04448028281331062,-4.668905735015869,-0.9137760996818542,0.10947677493095398,23.5,1.8901267051696777,0.0804309236242416,36.0,nan,0,0.6223223209381104,-2.414771318435669,nan
5.821,4000,80,-1,8.409919991991776,10,8.411361694335938,-0.052287597209215164,-5.233788967132568,-1.0030217170715332,0.027629178017377853,23.5,1.5076135396957397,0.06415376764662722,36.0,nan,0,0.5684581995010376,-2.469892740249634,nan
5.841,4000,80,-1,8.408920389891867,10,8.410400390625,-0.049169037491083145,-4.932474613189697,-0.9653605222702026,0.04626086354255676,23.5,1.5752248764038086,0.06703084580441739,36.0,nan,0,0.5207802653312683,-2.6729938983917236,nan
5.861,4000,80,-1,8.407945216992086,10,8.409286499023438,-0.056331899017095566,-3.567183017730713,-0.6981520652770996,0.07678081095218658,23.5,1.2966066598892212,0.05517475148464771,36.0,nan,0,0.4649776816368103,-2.667703866958618,nan
5.881,4000,80,-1,8.406920735741735,10,8.408340454101562,-0.036067549139261246,-5.6780924797058105,-1.1112892627716064,0.11908890306949615,23.5,1.7782927751541138,0.07567203298528144,36.0,nan,0,0.4180103838443756,-1.4660810232162476,nan
5.901,4000,80,-1,8.405919658642237,10,8.40753173828125,-0.04359320551156998,-6.677450180053711,-1.3068788051605225,-0.1778763383626938,23.5,2.1402478218078613,0.09107437539607921,36.0,nan,0,0.37740644812583923,-2.0984017848968506,nan
5.921,4000,80,-1,8.4049396315917,10,8.406768798828125,-0.039142463356256485,-7.20534610748291,-1.41019606590271,-0.07723189890384674,23.5,3.011258602142334,0.12813866392095039,36.0,nan,0,0.33900004625320435,-2.2589032649993896,nan
5.941,4000,80,-1,8.403920808641855,10,8.405868530273438,-0.042350687086582184,-7.000406265258789,-1.4422005414962769,0.006655262783169746,23.5,2.840017795562744,0.12085182108777634,36.0,nan,0,0.29434657096862793,-2.2312464714050293,nan
5.961,4000,80,-1,8.40291932534165,10,8.404891967773438,-0.05185994133353233,-6.486157417297363,-1.269439935684204,0.034054793417453766,23.5,3.009477138519287,0.12806285695826752,36.0,nan,0,0.24544118344783783,-2.5749123096466064,nan
5.981,4000,80,-1,8.401920491991772,10,8.403961181640625,-0.045173972845077515,-6.307194232940674,-1.2344141006469727,0.04811201989650726,23.5,3.110630750656128,0.13236726598536713,36.0,nan,0,0.1985647827386856,-2.358537435531616,nan
6.001,4000,80,-1,8.400938177391803,10,8.4029541015625,-0.04477916657924652,-6.982868194580078,-1.3666538000106812,-0.019922306761145592,23.5,2.9358158111572266,0.12492833238966922,36.0,nan,0,0.14821051061153412,-1.9601318836212158,nan
6.02,4000,80,-1,8.399968364892269,10,8.402084350585938,-0.052625443786382675,-7.457482814788818,-1.4239619970321655,0.019739843904972076,23.5,3.231884479522705,0.13752699912862576,36.0,nan,0,0.10494495183229446,-2.8191299438476562,nan
6.041,4000,80,-1,8.398920962841661,10,8.400909423828125,-0.05259638652205467,-6.0367913246154785,-1.1814920902252197,0.12154655158519745,23.5,2.636174440383911,0.1121776357610175,36.0,nan,0,0.04619072005152702,-2.7741858959198,nan
6.06,4000,80,-1,8.397951479491898,10,8.399673461914062,-0.06719069927930832,-3.709418773651123,-0.9144663214683533,-0.07830055058002472,23.5,1.931718349456787,0.08220078082794839,36.0,nan,0,0.9839127659797668,-3.4236843585968018,nan
6.081,4000,80,-1,8.396921189891877,10,8.398391723632812,-0.05356834828853607,-5.341010570526123,-1.0453171730041504,0.02597387693822384,23.5,1.4694608449935913,0.06253024872313155,36.0,nan,0,0.9200002551078796,-2.0704662799835205,nan
6.101,4000,80,-1,8.395921794092287,10,8.3975830078125,-0.04418991133570671,-5.939455509185791,-1.1624419689178467,0.13797888159751892,23.5,1.837672472000122,0.07819882859574988,36.0,nan,0,0.8797159790992737,-2.3720123767852783,nan
6.121,4000,80,-1,8.394919466992,10,8.396575927734375,-0.05063948035240173,-6.31166410446167,-1.2352888584136963,0.018934184685349464,23.5,2.1775691509246826,0.0926625170606248,36.0,nan,0,0.82919842004776,-2.6241328716278076,nan
6.141,4000,80,-1,8.393946635742036,10,8.395614624023438,-0.0462866835296154,-5.670871257781982,-1.1098759174346924,-0.003185463137924671,23.5,2.0548648834228516,0.08744105886905751,36.0,nan,0,0.7816720604896545,-2.363140821456909,nan
6.161,4000,80,-1,8.392921537841907,10,8.394485473632812,-0.05866948515176773,-4.583704948425293,-0.8971009254455566,0.1078285276889801,23.5,1.6181025505065918,0.06885542768113156,36.0,nan,0,0.7249742150306702,-2.971626043319702,nan
6.181,4000,80,-1,8.391921846142218,10,8.393402099609375,-0.05422099307179451,-4.74336576461792,-0.928348958492279,0.08069522678852081,23.5,1.6653082370758057,0.07086418030109812,36.0,nan,0,0.6708093285560608,-2.813365936279297,nan
6.201,4000,80,-1,8.390921700342009,10,8.392425537109375,-0.043116096407175064,-5.844738960266113,-1.1439045667648315,0.0993134006857872,23.5,1.836240291595459,0.07813788474874293,36.0,nan,0,0.6218257546424866,-2.1795878410339355,nan
6.221,4000,80,-1,8.389920741991958,10,8.391403198242188,-0.05367957800626755,-6.068381309509277,-1.1876747608184814,-0.011254684999585152,23.5,1.4823355674743652,0.06307810925422831,36.0,nan,0,0.5708600282669067,-2.778209924697876,nan
6.241,4000,80,-1,8.388919304491722,10,8.390396118164062,-0.05096154659986496,-3.01137113571167,-0.5893712639808655,0.19059967994689941,23.5,1.1175894737243652,0.047556998881887885,36.0,nan,0,0.5201498866081238,-2.6382007598876953,nan
6.261,4000,80,-1,8.387920589892023,10,8.389266967773438,-0.055487487465143204,-4.147131443023682,-0.8116568326950073,-0.0018764127744361758,23.5,1.345503330230713,0.0572554608608814,36.0,nan,0,0.4642891585826874,-2.6711912155151367,nan
6.281,4000,80,-1,8.386919779492022,10,8.3883056640625,-0.042162008583545685,-5.40197229385376,-1.0572483539581299,0.03940049558877945,23.5,1.6588058471679688,0.07058748285821144,36.0,nan,0,0.4162746071815491,-1.8712619543075562,nan
6.301,4000,80,-1,8.385942241991874,10,8.387603759765625,-0.036333974450826645,-6.44746208190918,-1.261866569519043,0.14258772134780884,23.5,2.1412301063537598,0.09111617473845786,36.0,nan,0,0.381072998046875,-1.781519889831543,nan
6.321,4000,80,-1,8.384915021141936,10,8.386795043945312,-0.04303916543722153,-6.829107761383057,-1.3365604877471924,-0.1173018217086792,23.5,3.085660934448242,0.13130472061481882,36.0,nan,0,0.34046563506126404,-2.3250038623809814,nan
6.341,4000,80,-1,8.383918760741656,10,8.385910034179688,-0.04206318408250809,-7.0305562019348145,-1.3759870529174805,-0.19139128923416138,23.5,3.027287006378174,0.12882072367566696,36.0,nan,0,0.2959262430667877,-1.9586719274520874,nan
6.363,4000,80,-1,8.38284307739232,10,8.384857177734375,-0.05293992534279823,-7.054615020751953,-1.3806957006454468,-0.05244872719049454,23.5,3.0543603897094727,0.1299727825408286,36.0,nan,0,0.2433132529258728,-2.771113395690918,nan
6.381,4000,80,-1,8.38191785864183,10,8.384002685546875,-0.044065237045288086,-6.968342304229736,-1.3638108968734741,0.2165965437889099,23.5,2.878843307495117,0.12250397053170711,36.0,nan,0,0.2008022516965866,-2.2785744667053223,nan
6.401,4000,80,-1,8.380917666992174,10,8.38299560546875,-0.04840777814388275,-6.570828914642334,-1.2860113382339478,0.08863510936498642,23.5,3.088369131088257,0.1314199630250322,36.0,nan,0,0.15049055218696594,-2.255364179611206,nan
6.421,4000,80,-1,8.37994472324208,10,8.382095336914062,-0.05054396390914917,-6.6922197341918945,-1.3097693920135498,0.16419783234596252,23.5,3.1482748985290527,0.13396914461825757,36.0,nan,0,0.10544224083423615,-2.68575119972229,nan
6.441,4000,80,-1,8.378920350341652,10,8.380950927734375,-0.0592154823243618,-6.061848163604736,-1.1863961219787598,-0.05623846873641014,23.5,2.9415674209594727,0.12517308174295627,36.0,nan,0,0.04777241125702858,-3.160947322845459,nan
6.46,4000,80,-1,8.377966583641683,10,8.379714965820312,-0.06531309336423874,-4.395402431488037,-0.8602472543716431,0.0659572184085846,23.5,1.8456525802612305,0.07853840767069066,36.0,nan,0,0.9860858917236328,-3.2919909954071045,nan
6.481,4000,80,-1,8.376919039891801,10,8.3782958984375,-0.05832606554031372,-3.4913249015808105,-0.5417609214782715,-0.06029894948005676,23.5,1.1004436016082764,0.046827387302479845,36.0,nan,0,0.9150340557098389,-2.413618326187134,nan
6.501,4000,80,-1,8.37591894824218,10,8.377548217773438,-0.03775620460510254,-6.815772533416748,-1.3339505195617676,0.07940930873155594,23.5,2.197382926940918,0.09350565646557098,36.0,nan,0,0.8778678178787231,-1.9546998739242554,nan
6.521,4000,80,-1,8.374920896141704,10,8.376708984375,-0.0441516637802124,-5.710265159606934,-1.1175858974456787,0.01213997881859541,23.5,2.6547889709472656,0.1129697434445645,36.0,nan,0,0.8357889652252197,-2.3896710872650146,nan
6.541,4000,80,-1,8.373918183641946,10,8.375640869140625,-0.04999978095293045,-6.713906764984131,-1.3110904693603516,0.25840216875076294,23.5,1.8334729671478271,0.07802012626160966,36.0,nan,0,0.78284752368927,-2.3120107650756836,nan
6.561,4000,80,-1,8.372917566991966,10,8.37451171875,-0.060331568121910095,-4.560734748840332,-0.8926053047180176,0.048610977828502655,23.5,1.6259441375732422,0.06918911223715925,36.0,nan,0,0.7264757752418518,-3.0970935821533203,nan
6.581,4000,80,-1,8.371920214891727,10,8.373428344726562,-0.055723126977682114,-4.509994983673096,-0.8826748132705688,0.09193426370620728,23.5,1.5438884496688843,0.0656973808369738,36.0,nan,0,0.6723636984825134,-2.8944010734558105,nan
6.601,4000,80,-1,8.370919877391863,10,8.37237548828125,-0.046118367463350296,-6.182174205780029,-1.209945797920227,0.039271317422389984,23.5,1.8911387920379639,0.08047399115055165,36.0,nan,0,0.6191937327384949,-2.2486908435821533,nan
6.621,4000,80,-1,8.369919781592035,10,8.371414184570312,-0.04862099513411522,-5.325745582580566,-1.0423296689987183,-0.08312998712062836,23.5,1.571717619895935,0.06688160084663554,36.0,nan,0,0.5716739892959595,-2.4070191383361816,nan
6.641,4000,80,-1,8.368917279491871,10,8.37042236328125,-0.05107513815164566,-4.912160873413086,-0.8429960012435913,0.04380735382437706,23.5,1.4341404438018799,0.06102725292773957,36.0,nan,0,0.5214751362800598,-2.7011616230010986,nan
6.661,4000,80,-1,8.367918229492354,10,8.369308471679688,-0.057223185896873474,-4.059997081756592,-0.7946033477783203,0.07956652343273163,23.5,1.374078631401062,0.05847143112344945,36.0,nan,0,0.4660646617412567,-2.77103590965271,nan
6.681,4000,80,-1,8.36692449614202,10,8.368301391601562,-0.04154404625296593,-5.303590774536133,-1.0379935503005981,0.12622322142124176,23.5,1.7452974319458008,0.07426797582748089,36.0,nan,0,0.4158814549446106,-1.673140287399292,nan
6.701,4000,80,-1,8.365916083641789,10,8.3675537109375,-0.0346975103020668,-7.120153427124023,-1.3935226202011108,-0.1300627589225769,23.5,2.3103179931640625,0.0983114039644282,36.0,nan,0,0.37855157256126404,-1.6781433820724487,nan
6.721,4000,80,-1,8.364917110741956,10,8.366897583007812,-0.03560730069875717,-6.711833953857422,-1.4971598386764526,-0.007068140432238579,23.5,3.2451868057250977,0.1380930555627701,36.0,nan,0,0.345745712518692,-1.9557641744613647,nan
6.741,4000,80,-1,8.363940623241799,10,8.365982055664062,-0.04525954648852348,-7.055438995361328,-1.380856990814209,-0.011317780241370201,23.5,3.0776302814483643,0.1309629906999304,36.0,nan,0,0.2996686100959778,-2.00693941116333,nan
6.761,4000,80,-1,8.362916712841981,10,8.3651123046875,-0.04826679080724716,-7.457788944244385,-1.6010026931762695,0.03783155605196953,23.5,3.664541244506836,0.15593792529816322,36.0,nan,0,0.2562059462070465,-2.4568307399749756,nan
6.781,4000,80,-1,8.36192318989197,10,8.364105224609375,-0.04862574115395546,-8.341410636901855,-1.4937567710876465,0.10113798081874847,23.5,3.212315797805786,0.13669428926833133,36.0,nan,0,0.2057258039712906,-2.4033801555633545,nan
6.801,4000,80,-1,8.360936427392154,10,8.363021850585938,-0.05339912697672844,-7.114075183868408,-1.392332911491394,-0.5124073624610901,23.5,3.128507137298584,0.13312796328930146,36.0,nan,0,0.15199750661849976,-2.61842679977417,nan
6.821,4000,80,-1,8.359920710742156,10,8.362030029296875,-0.048817228525877,-7.601539134979248,-1.4877370595932007,-0.22880679368972778,23.5,3.4976391792297363,0.14883570975445687,36.0,nan,0,0.10220362991094589,-2.3378117084503174,nan
6.841,4000,80,-1,8.3589199919923,10,8.361038208007812,-0.05470605567097664,-6.243865489959717,-1.2220196723937988,-0.033983513712882996,23.5,3.2358274459838867,0.13769478493548454,36.0,nan,0,0.05273257941007614,-3.1793956756591797,nan
6.86,4000,80,-1,8.357953098241708,10,8.35980224609375,-0.05878355726599693,-5.7213311195373535,-1.1197516918182373,0.06289767473936081,23.5,2.1187853813171387,0.09016108005604845,36.0,nan,0,0.9908685684204102,-2.8463969230651855,nan
6.881,4000,80,-1,8.35692582114207,10,8.358413696289062,-0.06747736036777496,-3.8502254486083984,-0.7535477876663208,-0.056389711797237396,23.5,1.3266233205795288,0.05645205619487357,36.0,nan,0,0.921286940574646,-3.0589919090270996,nan
6.901,4000,80,-1,8.355918389892034,10,8.357467651367188,-0.04023084416985512,-6.469354629516602,-1.2661514282226562,0.02905002050101757,23.5,1.8198798894882202,0.07744169742503065,36.0,nan,0,0.8740013837814331,-1.727757453918457,nan
6.921,4000,80,-1,8.35491469614208,10,8.356735229492188,-0.041933026164770126,-6.5843048095703125,-1.2886488437652588,0.0628378838300705,23.5,2.8070931434631348,0.11945077206226105,36.0,nan,0,0.8374512791633606,-2.511861801147461,nan
6.941,4000,80,-1,8.353916923241925,10,8.35565185546875,-0.04849877581000328,-6.7465996742248535,-1.3204123973846436,0.08730723708868027,23.5,1.9024262428283691,0.08095430820546251,36.0,nan,0,0.7834501266479492,-2.19974422454834,nan
6.961,4000,80,-1,8.352916225342053,10,8.354629516601562,-0.05654454976320267,-5.7430033683776855,-1.1239932775497437,-0.17048004269599915,23.5,1.8934142589569092,0.08057081953008124,36.0,nan,0,0.7317227721214294,-3.03024959564209,nan
6.981,4000,80,-1,8.351918098241732,10,8.353530883789062,-0.05673977732658386,-5.334146976470947,-1.0439739227294922,0.05900072306394577,23.5,1.917874813079834,0.08161169417360996,36.0,nan,0,0.6770598888397217,-2.9606106281280518,nan
7.001,4000,80,-1,8.350917891992141,10,8.352401733398438,-0.050451260060071945,-4.499926567077637,-0.8807042837142944,-0.10921008884906769,23.5,1.754351019859314,0.07465323488763038,36.0,nan,0,0.620441734790802,-2.5681469440460205,nan
7.021,4000,80,-1,8.349927312842194,10,8.351470947265625,-0.045608893036842346,-5.968812465667725,-1.1681876182556152,0.0751437172293663,23.5,1.7617861032485962,0.07496962141483388,36.0,nan,0,0.5738223791122437,-2.2640936374664307,nan
7.041,4000,80,-1,8.348918194091677,10,8.3504638671875,-0.054476797580718994,-5.476579666137695,-1.071850061416626,-0.19925060868263245,23.5,1.826695442199707,0.07773172094466839,36.0,nan,0,0.5238194465637207,-2.979954481124878,nan
7.06,4000,80,-1,8.347962729491703,10,8.349395751953125,-0.05296054109930992,-5.008237838745117,-0.9801884889602661,0.09243372082710266,23.5,1.6938576698303223,0.07207904978001371,36.0,nan,0,0.4703216850757599,-2.7230494022369385,nan
7.081,4000,80,-1,8.346921525341898,10,8.348312377929688,-0.045081138610839844,-5.1388750076293945,-1.005756139755249,0.03226398304104805,23.5,1.6042091846466064,0.06826422062325985,36.0,nan,0,0.41650375723838806,-1.8887313604354858,nan
7.101,4000,80,-1,8.345919604491794,10,8.347503662109375,-0.04000885412096977,-6.65416145324707,-1.3023208379745483,-0.056069158017635345,23.5,2.122546672821045,0.09032113501366149,36.0,nan,0,0.3760785758495331,-1.7903563976287842,nan
7.121,4000,80,-1,8.344919510742331,10,8.34686279296875,-0.035328902304172516,-8.126900672912598,-1.5905582904815674,0.012172894552350044,23.5,3.2320125102996826,0.137532447246795,36.0,nan,0,0.3436879515647888,-2.0330121517181396,nan
7.141,4000,80,-1,8.343919271141933,10,8.345932006835938,-0.04367966949939728,-8.089315414428711,-1.5832022428512573,-0.07866606116294861,23.5,3.048224449157715,0.12971167868756234,36.0,nan,0,0.2971581220626831,-1.9708040952682495,nan
7.161,4000,80,-1,8.342943333642326,10,8.34515380859375,-0.04394921287894249,-8.009926795959473,-1.5676648616790771,-0.05671926587820053,23.5,3.696810007095337,0.15731106413171647,36.0,nan,0,0.2582014203071594,-2.250105142593384,nan
7.181,4000,80,-1,8.341916827391834,10,8.344207763671875,-0.046368081122636795,-8.905900955200195,-1.7430205345153809,0.1605302095413208,23.5,3.3449759483337402,0.1423394020567549,36.0,nan,0,0.21090327203273773,-2.334834098815918,nan
7.201,4000,80,-1,8.340919833641966,10,8.343093872070312,-0.05791537091135979,-7.3812408447265625,-1.4446213245391846,0.10180738568305969,23.5,2.909303665161133,0.12380015596430352,36.0,nan,0,0.15530630946159363,-2.837921619415283,nan
7.221,4000,80,-1,8.33992013989191,10,8.342025756835938,-0.05094435438513756,-7.732131481170654,-1.5282543897628784,-0.25424644351005554,23.5,3.3945980072021484,0.14445097902987866,36.0,nan,0,0.10203736275434494,-2.337493896484375,nan
7.241,4000,80,-1,8.338920523242269,10,8.341201782226562,-0.04136255756020546,-8.54832935333252,-1.6730382442474365,0.07092510163784027,23.5,3.7338075637817383,0.1588854282460314,36.0,nan,0,0.061087578535079956,-2.4168202877044678,nan
7.261,4000,80,-1,8.33791872949223,10,8.33990478515625,-0.06932555139064789,-5.6785993576049805,-1.1113884449005127,-0.21794728934764862,23.5,2.419084072113037,0.10293974774949094,36.0,nan,0,0.9959354400634766,-3.2656142711639404,nan
7.281,4000,80,-1,8.336921316992084,10,8.338531494140625,-0.07050856202840805,-3.601684331893921,-0.7049045562744141,-0.2580817639827728,23.5,1.5856897830963135,0.06747616098282185,36.0,nan,0,0.927488386631012,-3.4451606273651123,nan
7.301,4000,80,-1,8.335920916991745,10,8.337432861328125,-0.04771121218800545,-5.761933326721191,-1.176851511001587,0.051367517560720444,23.5,1.646267294883728,0.07005392744186077,36.0,nan,0,0.8722752332687378,-2.1284797191619873,nan
7.321,4000,80,-1,8.334919737841846,10,8.336715698242188,-0.03858284279704094,-7.133817672729492,-1.3961968421936035,-0.028320608660578728,23.5,2.9542248249053955,0.12571169467682533,36.0,nan,0,0.8360409736633301,-2.324533462524414,nan
7.341,4000,80,-1,8.333948039892128,10,8.335769653320312,-0.04699290543794632,-6.193919658660889,-1.2122445106506348,0.13802939653396606,23.5,2.230074405670166,0.09489678322000707,36.0,nan,0,0.7892205119132996,-2.379847526550293,nan
7.361,4000,80,-1,8.3329382044918,10,8.334716796875,-0.05544738098978996,-6.557504653930664,-1.2834036350250244,-0.011444210074841976,23.5,2.014496326446533,0.08572324793389503,36.0,nan,0,0.7367671132087708,-2.7874810695648193,nan
7.381,4000,80,-1,8.331918106591909,10,8.333572387695312,-0.058403510600328445,-4.269482135772705,-0.8356027603149414,0.05281613767147064,23.5,1.727381706237793,0.07350560452075715,36.0,nan,0,0.6793118119239807,-3.100529670715332,nan
7.401,4000,80,-1,8.330919994092254,10,8.332443237304688,-0.05345651134848595,-4.1529107093811035,-0.8127879500389099,-0.002996472641825676,23.5,1.6927117109298706,0.07203028557148386,36.0,nan,0,0.6228178143501282,-2.5479652881622314,nan
7.421,4000,80,-1,8.3299140794923,10,8.331451416015625,-0.0440848283469677,-5.951014041900635,-1.1647042036056519,-0.04727229103446007,23.5,1.8812994956970215,0.08005529768923496,36.0,nan,0,0.5728431344032288,-1.9852403402328491,nan
7.441,4000,80,-1,8.32891523574217,10,8.330551147460938,-0.047272443771362305,-6.177983283996582,-1.2091255187988281,-0.20499353110790253,23.5,2.2366318702697754,0.09517582426679895,36.0,nan,0,0.5282726883888245,-2.528616428375244,nan
7.461,4000,80,-1,8.327927421141794,10,8.329421997070312,-0.05821198225021362,-4.415159225463867,-0.864113986492157,0.07111407816410065,23.5,1.6135635375976562,0.06866227819564495,36.0,nan,0,0.4720010459423065,-2.7752935886383057,nan
7.481,4000,80,-1,8.326916027392144,10,8.328338623046875,-0.0487154982984066,-4.73926305770874,-0.9275460243225098,0.08945448696613312,23.5,1.5192933082580566,0.06465077907481093,36.0,nan,0,0.4179994463920593,-2.2140488624572754,nan
7.501,4000,80,-1,8.325919569091639,10,8.327484130859375,-0.04062490537762642,-6.790796756744385,-1.3290624618530273,-0.0448695570230484,23.5,1.9835476875305176,0.08440628457576671,36.0,nan,0,0.37519392371177673,-1.7856121063232422,nan
7.52,4000,80,-1,8.32495373574202,10,8.326889038085938,-0.03213908523321152,-8.101053237915039,-1.58549964427948,0.06837951391935349,23.5,3.3320889472961426,0.14179101903387842,36.0,nan,0,0.3453134596347809,-1.838749647140503,nan
7.541,4000,80,-1,8.32392052114228,10,8.326034545898438,-0.04180105775594711,-7.638973236083984,-1.4950635433197021,0.07952174544334412,23.5,3.2511138916015625,0.13834527198304522,36.0,nan,0,0.3025856018066406,-1.951485276222229,nan
7.56,4000,80,-1,8.322964771142141,10,8.325241088867188,-0.045905835926532745,-8.50734806060791,-1.6650176048278809,-0.008226473815739155,23.5,4.179292678833008,0.17784224165246842,36.0,nan,0,0.26288357377052307,-2.6081862449645996,nan
7.581,4000,80,-1,8.32192036909182,10,8.324264526367188,-0.04635881260037422,-8.659119606018066,-1.6947215795516968,-0.004073673859238625,23.5,3.750727415084839,0.15960542191850377,36.0,nan,0,0.21389688551425934,-2.3375117778778076,nan
7.601,4000,80,-1,8.320920125341944,10,8.32318115234375,-0.05483591929078102,-7.445276737213135,-1.4571541547775269,0.09281763434410095,23.5,3.123826026916504,0.13292876710282994,36.0,nan,0,0.15985943377017975,-2.5785834789276123,nan
7.621,4000,80,-1,8.319920360742252,10,8.322128295898438,-0.05709896609187126,-7.590626239776611,-1.4856013059616089,0.03270839527249336,23.5,3.3065109252929688,0.14070259256565826,36.0,nan,0,0.10678055882453918,-2.935527801513672,nan
7.641,4000,80,-1,8.31892082114209,10,8.3211669921875,-0.04303089901804924,-7.974530220031738,-1.560737133026123,0.08705560863018036,23.5,3.5472474098205566,0.15094669829023646,36.0,nan,0,0.05884966254234314,-2.3071250915527344,nan
7.661,4000,80,-1,8.317920802391743,10,8.319961547851562,-0.06796840578317642,-6.193600654602051,-1.2121820449829102,0.06912771612405777,23.5,2.3472063541412354,0.09988112145281852,36.0,nan,0,0.9986199140548706,-3.473485231399536,nan
7.681,4000,80,-1,8.316920625342025,10,8.318634033203125,-0.06266050785779953,-5.490902900695801,-1.0746533870697021,-0.08786691725254059,23.5,2.093628406524658,0.08909057049041098,36.0,nan,0,0.932393491268158,-3.0482985973358154,nan
7.7,4000,80,-1,8.315953881591847,10,8.317489624023438,-0.055666156113147736,-4.180311679840088,-0.8181507587432861,-0.20782290399074554,23.5,1.7552661895751953,0.07469217827979555,36.0,nan,0,0.8750972747802734,-2.5873560905456543,nan
7.721,4000,80,-1,8.314919950342299,10,8.316650390625,-0.03655628859996796,-6.995934963226318,-1.3692110776901245,0.05750512704253197,23.5,2.675727128982544,0.11386072889287421,36.0,nan,0,0.8329334259033203,-1.8124717473983765,nan
7.741,4000,80,-1,8.313920421141663,10,8.315811157226562,-0.04371502622961998,-7.211060047149658,-1.4113143682479858,-0.04039058834314346,23.5,2.783752679824829,0.11845756084360975,36.0,nan,0,0.7910646200180054,-2.2511544227600098,nan
7.761,4000,80,-1,8.312945477392347,10,8.314804077148438,-0.054369691759347916,-6.185057163238525,-1.210510015487671,0.01324729435145855,23.5,2.423203945159912,0.10311506149616648,36.0,nan,0,0.740820050239563,-2.7907283306121826,nan
7.781,4000,80,-1,8.31191638159216,10,8.313674926757812,-0.05715525895357132,-5.229694843292236,-1.0235309600830078,0.04975413903594017,23.5,2.1780550479888916,0.09268319353144219,36.0,nan,0,0.6842639446258545,-3.0247390270233154,nan
7.801,4000,80,-1,8.310919575342265,10,8.312530517578125,-0.05463084578514099,-4.503106594085693,-0.8813266158103943,-0.1040712222456932,23.5,1.8889503479003906,0.08038086586810173,36.0,nan,0,0.6269547343254089,-2.596029281616211,nan
7.821,4000,80,-1,8.309920202392092,10,8.311477661132812,-0.049213260412216187,-5.799295425415039,-1.0714786052703857,-0.05471491068601608,23.5,1.8196792602539062,0.07743316001080452,36.0,nan,0,0.574690043926239,-2.464874505996704,nan
7.841,4000,80,-1,8.308917164892042,10,8.310592651367188,-0.044019825756549835,-7.1259589195251465,-1.3946588039398193,-0.19190219044685364,23.5,2.474459648132324,0.10529615523967337,36.0,nan,0,0.5299291610717773,-2.1722538471221924,nan
7.861,4000,80,-1,8.307939796141724,10,8.309494018554688,-0.06058233976364136,-4.520555019378662,-0.9822230339050293,0.06746796518564224,23.5,1.8082435131072998,0.07694653247265106,36.0,nan,0,0.4750754237174988,-3.245269298553467,nan
7.881,4000,80,-1,8.306919002391803,10,8.30841064453125,-0.047623880207538605,-5.728518962860107,-0.9796034097671509,-0.03218521177768707,23.5,1.780207633972168,0.07575351633924118,36.0,nan,0,0.4212120771408081,-2.1773898601531982,nan
7.9,4000,80,-1,8.305948773241832,10,8.307571411132812,-0.04245449975132942,-5.9892473220825195,-1.1721869707107544,0.12390922009944916,23.5,2.010780096054077,0.08556511047038626,36.0,nan,0,0.3793124854564667,-2.0449349880218506,nan
7.921,4000,80,-1,8.304919966992017,10,8.30682373046875,-0.03703661262989044,-7.971762180328369,-1.5601954460144043,0.02477313205599785,23.5,3.1442208290100098,0.13379663102170256,36.0,nan,0,0.3418404757976532,-1.970249891281128,nan
7.941,4000,80,-1,8.303920102392292,10,8.306060791015625,-0.03635696694254875,-9.096213340759277,-1.780267596244812,-0.0332900807261467,23.5,3.465953826904297,0.14748739688954454,36.0,nan,0,0.3034708797931671,-1.5456664562225342,nan
7.961,4000,80,-1,8.30291924199191,10,8.305267333984375,-0.04390714690089226,-9.368781089782715,-1.8336132764816284,-0.12664808332920074,23.5,4.519936561584473,0.19233772602487118,36.0,nan,0,0.2642292380332947,-2.5455362796783447,nan
7.981,4000,80,-1,8.301935108641917,10,8.304412841796875,-0.04166872426867485,-9.16973876953125,-1.7946577072143555,-0.039911508560180664,23.5,4.110001087188721,0.1748936632846264,36.0,nan,0,0.2210603654384613,-2.101799249649048,nan
8.001,4000,80,-1,8.300937310742299,10,8.303375244140625,-0.05750150978565216,-8.108046531677246,-1.5868682861328125,0.09480012953281403,23.5,3.9633049964904785,0.16865127644640335,36.0,nan,0,0.169279083609581,-2.780315399169922,nan
8.021,4000,80,-1,8.299946177392119,10,8.30224609375,-0.06001799926161766,-7.639614582061768,-1.4951890707015991,0.01739683747291565,23.5,3.6442043781280518,0.15507252672885327,36.0,nan,0,0.112799271941185,-3.1153554916381836,nan
8.041,4000,80,-1,8.298917385742241,10,8.301193237304688,-0.046802621334791183,-8.318201065063477,-1.62799870967865,0.08110745251178741,23.5,3.664686679840088,0.15594411403574843,36.0,nan,0,0.060445912182331085,-2.315480947494507,nan
8.061,4000,80,-1,8.297939098242203,10,8.300140380859375,-0.05745045095682144,-7.502081394195557,-1.4682716131210327,-0.1585368812084198,23.5,3.3664021492004395,0.14325115528512508,36.0,nan,0,0.007662452757358551,-3.076907157897949,nan
8.08,4000,80,-1,8.29695896489211,10,8.298751831054688,-0.06981410086154938,-4.404995441436768,-0.8970557451248169,-0.012954778969287872,23.5,1.8773365020751953,0.07988665966277426,36.0,nan,0,0.9381133913993835,-3.2251288890838623,nan
8.101,4000,80,-1,8.295925410742347,10,8.297561645507812,-0.056856684386730194,-4.76077127456665,-0.9844650626182556,0.01190857868641615,23.5,1.721369981765747,0.0732497864581169,36.0,nan,0,0.8785747289657593,-2.820537567138672,nan
8.12,4000,80,-1,8.294951758642128,10,8.296646118164062,-0.042931247502565384,-6.690718173980713,-1.3094755411148071,0.08681970834732056,23.5,2.5094337463378906,0.10678441473778258,36.0,nan,0,0.8332662582397461,-2.1860766410827637,nan
8.14,4000,80,-1,8.293965014891729,10,8.29583740234375,-0.040077127516269684,-7.007475852966309,-1.3714698553085327,-0.0001036465255310759,23.5,2.77492618560791,0.11808196534501746,36.0,nan,0,0.7925654053688049,-1.9753663539886475,nan
8.161,4000,80,-1,8.292945069092093,10,8.294876098632812,-0.052679792046546936,-7.175259113311768,-1.4043076038360596,-0.11910506337881088,23.5,2.8692946434020996,0.12209764440008934,36.0,nan,0,0.7444401979446411,-2.8557944297790527,nan
8.181,4000,80,-1,8.291921504492349,10,8.293777465820312,-0.05236002430319786,-6.329115390777588,-1.2387043237686157,0.01895495317876339,23.5,2.700986385345459,0.11493559086576421,36.0,nan,0,0.6892090439796448,-2.8434436321258545,nan
8.201,4000,80,-1,8.290921306591919,10,8.2926025390625,-0.056950587779283524,-5.211380481719971,-1.019946575164795,0.09898996353149414,23.5,1.8142476081848145,0.07720202588020487,36.0,nan,0,0.6306415796279907,-2.7152366638183594,nan
8.221,4000,80,-1,8.289920812842322,10,8.291473388671875,-0.05568964034318924,-5.461273193359375,-1.0688544511795044,-0.05329214036464691,23.5,1.6256368160247803,0.06917603472445874,36.0,nan,0,0.5740036964416504,-2.6154003143310547,nan
8.241,4000,80,-1,8.288920154491645,10,8.29058837890625,-0.041068267077207565,-6.1729960441589355,-1.3766379356384277,-0.014903195202350616,23.5,2.3891348838806152,0.10166531420768575,36.0,nan,0,0.5300629138946533,-2.1164755821228027,nan
8.261,4000,80,-1,8.287945441991909,10,8.289581298828125,-0.05628003180027008,-5.266419410705566,-1.0307185649871826,-0.17601677775382996,23.5,2.3043882846832275,0.09805907594396714,36.0,nan,0,0.47936907410621643,-2.950394630432129,nan
8.28,4000,80,-1,8.286961602391969,10,8.288421630859375,-0.05307682976126671,-5.292738437652588,-1.0358695983886719,0.011966709047555923,23.5,1.5351598262786865,0.06532595005441219,36.0,nan,0,0.421480655670166,-2.3429291248321533,nan
8.301,4000,80,-1,8.28592165864175,10,8.287551879882812,-0.04041523486375809,-6.603519439697266,-1.2924094200134277,-0.1611739546060562,23.5,2.2092480659484863,0.09401055599780793,36.0,nan,0,0.3780439496040344,-1.9580837488174438,nan
8.32,4000,80,-1,8.284961994092013,10,8.286849975585938,-0.03599264472723007,-8.399051666259766,-1.643822431564331,0.03107634000480175,23.5,3.1516733169555664,0.13411375816832197,36.0,nan,0,0.34346359968185425,-1.954469084739685,nan
8.341,4000,80,-1,8.283919960742063,10,8.28607177734375,-0.03593887761235237,-9.35534954071045,-1.8309844732284546,0.07397261261940002,23.5,3.6618313789367676,0.15582261186964969,36.0,nan,0,0.3044189214706421,-1.49457848072052,nan
8.361,4000,80,-1,8.282919858641984,10,8.285308837890625,-0.044229209423065186,-8.590509414672852,-1.6812937259674072,-0.12080799043178558,23.5,4.480665683746338,0.1906666248402697,36.0,nan,0,0.2660544216632843,-2.5829451084136963,nan
8.381,4000,80,-1,8.281919773241682,10,8.284378051757812,-0.04449836537241936,-9.438875198364258,-1.8473317623138428,0.012479430064558983,23.5,4.273960113525391,0.18187064312874002,36.0,nan,0,0.21955199539661407,-2.0511295795440674,nan
8.401,4000,80,-1,8.28091967949222,10,8.28338623046875,-0.05410819873213768,-8.0989408493042,-1.5850861072540283,0.0147367212921381,23.5,3.9287917613983154,0.16718262814460916,36.0,nan,0,0.1695609837770462,-2.6723084449768066,nan
8.421,4000,80,-1,8.279919360741772,10,8.282257080078125,-0.06076465919613838,-8.015095710754395,-1.5686763525009155,-0.006612900644540787,23.5,3.8454318046569824,0.16363539594285031,36.0,nan,0,0.11348862200975418,-3.201807975769043,nan
8.441,4000,80,-1,8.27891987114199,10,8.281158447265625,-0.050252921879291534,-7.844093322753906,-1.5352087020874023,0.008230632171034813,23.5,3.6478993892669678,0.1552297612454029,36.0,nan,0,0.05867929384112358,-2.5225558280944824,nan
8.46,4000,80,-1,8.277949073242056,10,8.280166625976562,-0.050243157893419266,-8.224032402038574,-1.6095685958862305,-0.28905820846557617,23.5,3.5879335403442383,0.15267802299337185,36.0,nan,0,0.00869770348072052,-2.635284185409546,nan
8.481,4000,80,-1,8.276918791991923,10,8.27874755859375,-0.07522166520357132,-4.583873748779297,-0.8104934692382812,-0.029149843379855156,23.5,1.809080958366394,0.07698216844112316,36.0,nan,0,0.9378771781921387,-3.715780019760132,nan
8.501,4000,80,-1,8.275919666991834,10,8.277603149414062,-0.05315130203962326,-6.018675327301025,-1.1693063974380493,0.05506901070475578,23.5,1.9319669008255005,0.08221135748193618,36.0,nan,0,0.8805460929870605,-2.678499221801758,nan
8.521,4000,80,-1,8.274940669092032,10,8.276596069335938,-0.04820793494582176,-6.4879150390625,-1.269783854484558,0.01690952107310295,23.5,2.237147569656372,0.09519776892154774,36.0,nan,0,0.8304502964019775,-2.306222677230835,nan
8.541,4000,80,-1,8.273919921142081,10,8.275802612304688,-0.03458663448691368,-8.114608764648438,-1.5881527662277222,-0.07008187472820282,23.5,2.9522032737731934,0.1256256712243912,36.0,nan,0,0.7906177043914795,-1.757326364517212,nan
8.561,4000,80,-1,8.272945083642119,10,8.27490234375,-0.05174807459115982,-6.247952461242676,-1.2228195667266846,-0.13879266381263733,23.5,3.146925926208496,0.13391174154078705,36.0,nan,0,0.7454063892364502,-2.625927209854126,nan
8.581,4000,80,-1,8.271923644092023,10,8.273818969726562,-0.0540480837225914,-6.185425281524658,-1.2105820178985596,-0.0007641627453267574,23.5,2.7945375442504883,0.11891649124470163,36.0,nan,0,0.691466748714447,-2.8346970081329346,nan
8.601,4000,80,-1,8.270943281592192,10,8.272705078125,-0.05758640170097351,-5.597614288330078,-1.0955384969711304,-0.05275634676218033,23.5,2.1523828506469727,0.09159075960199883,36.0,nan,0,0.6356443166732788,-2.811563491821289,nan
8.621,4000,80,-1,8.269920287842254,10,8.27154541015625,-0.05553518235683441,-5.365668773651123,-1.0501432418823242,-0.20484326779842377,23.5,2.0761404037475586,0.08834640015947058,36.0,nan,0,0.5775294899940491,-2.487180709838867,nan
8.641,4000,80,-1,8.268920023241666,10,8.270584106445312,-0.04274093359708786,-6.411708354949951,-1.254868984222412,-0.02625124715268612,23.5,2.2285263538360596,0.09483090867387488,36.0,nan,0,0.5300366878509521,-2.090224027633667,nan
8.661,4000,80,-1,8.267911435742285,10,8.26959228515625,-0.05400019511580467,-5.686927795410156,-1.11301851272583,-0.10166674852371216,23.5,2.38855242729187,0.10164052882093064,36.0,nan,0,0.48022761940956116,-2.8657472133636475,nan
8.681,4000,80,-1,8.266924279491654,10,8.2684326171875,-0.05364815890789032,-5.267372131347656,-1.03090500831604,0.11527659744024277,23.5,1.867377519607544,0.0794628731747891,36.0,nan,0,0.42250996828079224,-2.3644351959228516,nan
8.701,4000,80,-1,8.26591966489214,10,8.267608642578125,-0.038784224539995193,-6.7899861335754395,-1.3289037942886353,0.04935299977660179,23.5,2.3457396030426025,0.09981870651245117,36.0,nan,0,0.38135433197021484,-1.7524409294128418,nan
8.721,4000,80,-1,8.264914137841702,10,8.266830444335938,-0.04106701910495758,-7.269715309143066,-1.422794222831726,0.025267643854022026,23.5,3.062671184539795,0.13032643338467212,36.0,nan,0,0.341835618019104,-2.053230047225952,nan
8.741,4000,80,-1,8.263942935741948,10,8.266036987304688,-0.036658693104982376,-9.033251762390137,-1.7679450511932373,-0.03950933367013931,23.5,3.517667293548584,0.1496879699382376,36.0,nan,0,0.30251437425613403,-1.727645754814148,nan
8.761,4000,80,-1,8.262916148242226,10,8.26531982421875,-0.0398259237408638,-9.291068077087402,-1.818403720855713,-0.04840580374002457,23.5,4.695281982421875,0.19979923329454788,36.0,nan,0,0.2666199803352356,-2.2281346321105957,nan
8.781,4000,80,-1,8.261914171141694,10,8.264404296875,-0.04444103315472603,-9.445961952209473,-1.8487186431884766,-0.1754310578107834,23.5,4.490049362182617,0.19106593030564328,36.0,nan,0,0.22108161449432373,-2.3487799167633057,nan
8.801,4000,80,-1,8.260924185741901,10,8.263458251953125,-0.05171408876776695,-10.40376091003418,-2.0361745357513428,-0.12979890406131744,23.5,4.586239814758301,0.1951591410535447,36.0,nan,0,0.173627108335495,-2.6218745708465576,nan
8.821,4000,80,-1,8.259928321142075,10,8.26239013671875,-0.055915918201208115,-8.573307037353516,-1.6779268980026245,0.013614488765597343,23.5,4.417754650115967,0.18798955957940283,36.0,nan,0,0.12009568512439728,-3.0412793159484863,nan
8.841,4000,80,-1,8.25894417949167,10,8.261245727539062,-0.052744071930646896,-7.674863815307617,-1.5020878314971924,0.0739133208990097,23.5,3.6683878898620605,0.15610161233455577,36.0,nan,0,0.06263507157564163,-2.575392723083496,nan
8.861,4000,80,-1,8.257917396142153,10,8.2601318359375,-0.051746614277362823,-7.832159042358398,-1.5328729152679443,-0.3062293827533722,23.5,3.481945753097534,0.14816790438712912,36.0,nan,0,0.0070957764983177185,-2.4342281818389893,nan
8.881,4000,80,-1,8.256947302391932,10,8.258941650390625,-0.07015544921159744,-6.307791233062744,-1.2345309257507324,-0.08902063220739365,23.5,2.5971925258636475,0.11051883088781479,36.0,nan,0,0.9478437304496765,-3.798196792602539,nan
8.901,4000,80,-1,8.255916621141665,10,8.25762939453125,-0.05593564733862877,-5.709847927093506,-1.1642119884490967,-0.05813854560256004,23.5,2.1617987155914307,0.09199143470601832,36.0,nan,0,0.882079541683197,-2.5609638690948486,nan
8.921,4000,80,-1,8.25491946284165,10,8.256622314453125,-0.05123879760503769,-6.015517711639404,-1.1773285865783691,-0.03893489018082619,23.5,2.5491721630096436,0.10847541119189973,36.0,nan,0,0.8319887518882751,-2.5423686504364014,nan
8.941,4000,80,-1,8.253920050342282,10,8.25567626953125,-0.04155566170811653,-7.096867084503174,-1.388965129852295,0.027323342859745026,23.5,2.4695522785186768,0.10508733100079476,36.0,nan,0,0.7847152352333069,-1.743335485458374,nan
8.961,4000,80,-1,8.25294371699202,10,8.254837036132812,-0.046873386949300766,-7.6007208824157715,-1.487576961517334,-0.1192847490310669,23.5,2.912353277206421,0.12392992668963493,36.0,nan,0,0.7421674132347107,-2.2911489009857178,nan
8.98,4000,80,-1,8.25196315449212,10,8.253936767578125,-0.045989297330379486,-7.268150329589844,-1.422487735748291,0.028696827590465546,23.5,2.9778456687927246,0.12671683696990318,36.0,nan,0,0.6972761154174805,-2.414168119430542,nan
9.001,4000,80,-1,8.250924085742014,10,8.252792358398438,-0.0555812269449234,-6.716595649719238,-1.314540147781372,0.10750006139278412,23.5,2.2345314025878906,0.0950864426633145,36.0,nan,0,0.6403361558914185,-2.731825113296509,nan
9.021,4000,80,-1,8.249946041991649,10,8.25164794921875,-0.06022409722208977,-4.410704135894775,-0.8632420897483826,-0.0446324497461319,23.5,1.788318157196045,0.07609864498706574,36.0,nan,0,0.5827938914299011,-2.8890695571899414,nan
9.041,4000,80,-1,8.248941154492064,10,8.2506103515625,-0.047801364213228226,-5.6265387535095215,-1.1011993885040283,0.04343657195568085,23.5,2.021955728530884,0.08604066929918655,36.0,nan,0,0.5309240818023682,-2.408676862716675,nan
9.061,4000,80,-1,8.247943206592032,10,8.249649047851562,-0.04911794140934944,-6.470650672912598,-1.2664048671722412,-0.0020858044736087322,23.5,2.553800106048584,0.10867234493823762,36.0,nan,0,0.48315179347991943,-2.592290163040161,nan
9.081,4000,80,-1,8.246914583641779,10,8.24847412109375,-0.053555652499198914,-5.569122791290283,-0.9454853534698486,-0.13294166326522827,23.5,1.829977035522461,0.07787136321372175,36.0,nan,0,0.4241752624511719,-2.3591907024383545,nan
9.101,4000,80,-1,8.245936664892366,10,8.247604370117188,-0.04278329759836197,-6.579885482788086,-1.2877838611602783,0.07860001921653748,23.5,2.2203457355499268,0.0944827972574437,36.0,nan,0,0.38079574704170227,-1.9644755125045776,nan
9.121,4000,80,-1,8.244935752391761,10,8.246917724609375,-0.03646087273955345,-8.30532455444336,-1.6254786252975464,-0.01876174658536911,23.5,3.248152256011963,0.13821924493667928,36.0,nan,0,0.3462146818637848,-1.9846932888031006,nan
9.141,4000,80,-1,8.24392481699179,10,8.24603271484375,-0.03949248045682907,-8.794299125671387,-1.721178412437439,-0.01723739132285118,23.5,3.4707350730895996,0.14769085417402553,36.0,nan,0,0.30221793055534363,-1.7524021863937378,nan
9.161,4000,80,-1,8.242916469091874,10,8.245254516601562,-0.042882587760686874,-9.523418426513672,-1.8638782501220703,0.11729276180267334,23.5,4.522834777832031,0.1924610543758311,36.0,nan,0,0.26356929540634155,-2.3936026096343994,nan
9.181,4000,80,-1,8.241944044092092,10,8.244400024414062,-0.043353624641895294,-9.401006698608398,-1.8410123586654663,-0.15318338572978973,23.5,4.521239757537842,0.19239318117182305,36.0,nan,0,0.2206297516822815,-2.329444169998169,nan
9.2,4000,80,-1,8.240959508642122,10,8.243484497070312,-0.04826381430029869,-10.153142929077148,-1.9871249198913574,-0.09677388519048691,23.5,4.589468955993652,0.19529655131887882,36.0,nan,0,0.17484615743160248,-2.387941837310791,nan
9.221,4000,80,-1,8.239927087842084,10,8.24249267578125,-0.05290435999631882,-8.821671485900879,-1.7265355587005615,0.08826342225074768,23.5,4.702826499938965,0.20012027659314743,36.0,nan,0,0.1251068115234375,-2.826068878173828,nan
9.24,4000,80,-1,8.23895048159175,10,8.2413330078125,-0.055995259433984756,-8.497389793395996,-1.6630686521530151,0.20291289687156677,23.5,3.5982208251953125,0.15311577979554522,37.0,nan,0,0.06740085780620575,-2.7881481647491455,nan
9.261,4000,80,-1,8.237921002392254,10,8.240158081054688,-0.0554380863904953,-7.670966625213623,-1.5013251304626465,-0.3824011981487274,23.5,3.5028576850891113,0.1490577738335792,37.0,nan,0,0.008697588928043842,-2.772895574569702,nan
9.281,4000,80,-1,8.236916689891954,10,8.238998413085938,-0.06197299808263779,-6.849544525146484,-1.3405603170394897,0.05525786802172661,23.5,2.6970081329345703,0.11476630352913066,36.0,nan,0,0.9504613280296326,-3.285444974899292,nan
9.3,4000,80,-1,8.235962496142024,10,8.23773193359375,-0.06230786070227623,-4.93277645111084,-0.9654195308685303,-0.025911372154951096,23.5,2.2212014198303223,0.0945192093544818,36.0,nan,0,0.8872174024581909,-2.881899356842041,nan
9.321,4000,80,-1,8.23491695239209,10,8.236709594726562,-0.04577454552054405,-5.481451988220215,-1.0728037357330322,0.014412637799978256,23.5,2.6249027252197266,0.11169798830722241,36.0,nan,0,0.8360947966575623,-2.36205792427063,nan
9.341,4000,80,-1,8.233913325342296,10,8.235733032226562,-0.04390992596745491,-7.133988857269287,-1.3962304592132568,0.0967520996928215,23.5,2.6463003158569336,0.11260852407901845,36.0,nan,0,0.7873020172119141,-1.8925116062164307,nan
9.361,4000,80,-1,8.232938652391754,10,8.234893798828125,-0.04513516649603844,-8.276467323303223,-1.6198309659957886,-0.08450668305158615,23.5,3.2293930053710938,0.13742097895196143,36.0,nan,0,0.7455924153327942,-2.2057242393493652,nan
9.381,4000,80,-1,8.231918271142062,10,8.233917236328125,-0.050413861870765686,-6.891075611114502,-1.1568841934204102,-0.10832785815000534,23.5,2.9505774974823,0.12555648925456595,36.0,nan,0,0.6965276002883911,-2.729933738708496,nan
9.401,4000,80,-1,8.230912985742183,10,8.2327880859375,-0.05209656432271004,-7.343843460083008,-1.4373021125793457,0.11893896758556366,23.5,2.278200626373291,0.09694470750524643,37.0,nan,0,0.6396375298500061,-2.555156707763672,nan
9.421,4000,80,-1,8.229947889892358,10,8.231674194335938,-0.057176973670721054,-5.699650287628174,-1.1155084371566772,-0.0003836886608041823,23.5,1.9327633380889893,0.0822452484293187,36.0,nan,0,0.5844686031341553,-2.8626887798309326,nan
9.441,4000,80,-1,8.228914760742194,10,8.230545043945312,-0.054320078343153,-4.942235946655273,-1.1088480949401855,0.04788535460829735,23.5,1.9508016109466553,0.08301283450836831,36.0,nan,0,0.5279405117034912,-2.7317090034484863,nan
9.461,4000,80,-1,8.227917848242218,10,8.22955322265625,-0.04881658777594566,-5.760174751281738,-1.1273540258407593,-0.03604738041758537,23.5,2.4297397136688232,0.1033931793050563,36.0,nan,0,0.4785177409648895,-2.530634880065918,nan
9.481,4000,80,-1,8.22691833784193,10,8.228546142578125,-0.048363517969846725,-6.454776287078857,-1.2632981538772583,0.075069360435009,23.5,1.9750535488128662,0.08404483186437729,36.0,nan,0,0.42802348732948303,-2.3973968029022217,nan
9.501,4000,80,-1,8.225919752391933,10,8.227615356445312,-0.04510430246591568,-6.391995429992676,-1.2510108947753906,0.09645219892263412,23.5,2.2738983631134033,0.09676163247291078,36.0,nan,0,0.3813827931880951,-2.1360976696014404,nan
9.521,4000,80,-1,8.224920283642136,10,8.226913452148438,-0.03568998724222183,-8.637450218200684,-1.6904805898666382,0.13595125079154968,23.5,3.2409262657165527,0.13791175598793842,36.0,nan,0,0.3460150361061096,-1.924843430519104,nan
9.541,4000,80,-1,8.223931937842286,10,8.22607421875,-0.03983183205127716,-8.833148956298828,-1.7287819385528564,-0.005639424081891775,23.5,3.538681983947754,0.15058221208288314,37.0,nan,0,0.30470889806747437,-1.6918275356292725,nan
9.561,4000,80,-1,8.2229189878417,10,8.225296020507812,-0.04402982071042061,-9.501875877380371,-1.8596619367599487,-0.05907980352640152,23.5,4.797713279724121,0.20415801190315408,36.0,nan,0,0.2657824754714966,-2.4521448612213135,nan
9.581,4000,80,-1,8.221917019091785,10,8.224441528320312,-0.038568165153265,-9.889142990112305,-1.9354560375213623,0.03807567059993744,23.5,4.39263916015625,0.18692081532579788,36.0,nan,0,0.22271640598773956,-1.8695745468139648,nan
9.601,4000,80,-1,8.220929150342277,10,8.223495483398438,-0.05427912622690201,-9.49368667602539,-1.8580591678619385,0.028179077431559563,23.5,4.934150695800781,0.2099638593957779,36.0,nan,0,0.1754065901041031,-2.7352187633514404,nan
9.621,4000,80,-1,8.219919931591727,10,8.222579956054688,-0.04699243605136871,-10.242575645446777,-2.0046281814575195,-0.07588884234428406,23.5,5.0474090576171875,0.21478336415392288,36.0,nan,0,0.12942513823509216,-2.649106502532959,nan
9.641,4000,80,-1,8.218920694092237,10,8.221389770507812,-0.056898050010204315,-8.558247566223145,-1.6749794483184814,0.08476682007312775,23.5,3.940164566040039,0.16766657727829953,36.0,nan,0,0.07015175372362137,-2.6727240085601807,nan
9.661,4000,80,-1,8.217944773242204,10,8.220169067382812,-0.06089416518807411,-7.823321342468262,-1.5311431884765625,-0.03156277909874916,23.5,3.4177329540252686,0.14543544485213908,37.0,nan,0,0.009178870357573032,-3.047928810119629,nan
9.68,4000,80,-1,8.21695737534174,10,8.219009399414062,-0.060076162219047546,-6.2718281745910645,-1.227492332458496,0.04521932452917099,23.5,2.834545373916626,0.12061895208155855,36.0,nan,0,0.9512713551521301,-3.0417420864105225,nan
9.701,4000,80,-1,8.215932369091757,10,8.217803955078125,-0.061630237847566605,-5.52661657333374,-1.0816431045532227,0.057929180562496185,23.5,2.218048095703125,0.09438502534906915,36.0,nan,0,0.8905432224273682,-3.0832462310791016,nan
9.721,4000,80,-1,8.214916069091856,10,8.216766357421875,-0.044184062629938126,-6.116703510284424,-1.1971321105957031,-0.08013414591550827,23.5,2.9902877807617188,0.12724628854305187,37.0,nan,0,0.8390119671821594,-2.1158056259155273,nan
9.741,4000,80,-1,8.213931210742164,10,8.215805053710938,-0.0474216528236866,-7.205042839050293,-1.4101366996765137,-0.07037898898124695,23.5,2.746330976486206,0.11686514793558324,37.0,nan,0,0.7912284731864929,-2.291063070297241,nan
9.761,4000,80,-1,8.212942604492135,10,8.21490478515625,-0.048024117946624756,-7.45878791809082,-1.4597985744476318,-0.08167550712823868,23.5,3.3261327743530273,0.14153756486608626,36.0,nan,0,0.7454859614372253,-2.330653667449951,nan
9.781,4000,80,-1,8.211925671141952,10,8.213958740234375,-0.04749314859509468,-7.410075664520264,-1.4502646923065186,0.09192709624767303,23.5,3.2278528213500977,0.13735543920638713,36.0,nan,0,0.6982377767562866,-2.410207748413086,nan
9.8,4000,80,-1,8.210952194091814,10,8.212860107421875,-0.05333581939339638,-6.425992488861084,-1.257664680480957,0.04546390101313591,23.5,2.611393690109253,0.11112313574932992,37.0,nan,0,0.643601655960083,-2.484455108642578,nan
9.821,4000,80,-1,8.209914808641777,10,8.211700439453125,-0.057416364550590515,-5.722267150878906,-1.1199349164962769,0.04347112774848938,23.5,1.9776525497436523,0.08415542764866606,36.0,nan,0,0.5853821039199829,-2.705793619155884,nan
9.841,4000,80,-1,8.208944621142297,10,8.210662841796875,-0.05285211279988289,-5.935637474060059,-1.1616947650909424,-0.015017382800579071,23.5,2.165008544921875,0.09212802318816489,36.0,nan,0,0.5338255167007446,-2.648303985595703,nan
9.861,4000,80,-1,8.207912296141883,10,8.209548950195312,-0.05331346020102501,-5.003934860229492,-0.9793462753295898,0.03924015909433365,23.5,2.1741998195648193,0.09251914125807742,36.0,nan,0,0.47838056087493896,-2.7783875465393066,nan
9.88,4000,80,-1,8.206957906592296,10,8.2086181640625,-0.04492104798555374,-6.18438720703125,-1.210378885269165,-0.04743961617350578,23.5,2.3376822471618652,0.09947584030476023,36.0,nan,0,0.43137991428375244,-2.205219268798828,nan
9.901,4000,80,-1,8.205916431592057,10,8.2076416015625,-0.04847841337323189,-6.509655952453613,-1.3122327327728271,-0.017551621422171593,23.5,2.459536552429199,0.10466112989060422,36.0,nan,0,0.38273507356643677,-2.3346428871154785,nan
9.921,4000,80,-1,8.204939421141905,10,8.206924438476562,-0.03642972186207771,-8.255841255187988,-1.6157939434051514,0.2009943425655365,23.5,3.4021358489990234,0.1447717382552776,37.0,nan,0,0.34717506170272827,-1.8944453001022339,nan
9.941,4000,80,-1,8.20391717324165,10,8.206100463867188,-0.037149570882320404,-9.070667266845703,-1.7752679586410522,-0.03972099348902702,23.5,3.6830835342407227,0.15672695890386054,37.0,nan,0,0.30587753653526306,-1.6283202171325684,nan
9.961,4000,80,-1,8.20294340239198,10,8.20538330078125,-0.04177618771791458,-9.267902374267578,-1.8135576248168945,0.05133433640003204,23.5,4.756701469421387,0.20241282848601647,36.0,nan,0,0.26982563734054565,-2.504763126373291,nan
9.981,4000,80,-1,8.201924135741871,10,8.204483032226562,-0.03923693671822548,-9.964890480041504,-1.9502809047698975,-0.20475536584854126,23.5,4.836730480194092,0.20581831830613156,37.0,nan,0,0.2249392718076706,-1.9240667819976807,nan
10.001,4000,80,-1,8.200918952391664,10,8.203536987304688,-0.05426643416285515,-9.454523086547852,-1.8447397947311401,-0.09860673546791077,23.5,4.9405388832092285,0.21023569715783952,37.0,nan,0,0.17715387046337128,-2.7088518142700195,nan
10.021,4000,80,-1,8.19991709824172,10,8.20257568359375,-0.044986579567193985,-9.893817901611328,-1.9885395765304565,0.029263539239764214,23.5,5.1804585456848145,0.22044504449722616,37.0,nan,0,0.12970444560050964,-2.3706209659576416,nan
10.041,4000,80,-1,8.198926041991951,10,8.201461791992188,-0.056404970586299896,-9.269998550415039,-1.8142800331115723,-0.003479928709566593,23.5,4.2934064865112305,0.18269814836218,37.0,nan,0,0.07343155145645142,-2.8011608123779297,nan
10.061,4000,80,-1,8.197922073242086,10,8.200210571289062,-0.06512974202632904,-7.575746536254883,-1.444940447807312,0.02806471846997738,23.5,3.2714180946350098,0.13920928062276638,37.0,nan,0,0.011429251171648502,-3.228459596633911,nan
10.081,4000,80,-1,8.196944616991829,10,8.198989868164062,-0.06381538510322571,-6.115592002868652,-1.196914553642273,0.08331707119941711,23.5,2.5843935012817383,0.10997419154390375,36.0,nan,0,0.9501832723617554,-3.3579928874969482,nan
10.101,4000,80,-1,8.195920796142314,10,8.197708129882812,-0.06234215199947357,-5.771618843078613,-1.070660948753357,-0.06888185441493988,23.5,2.3728418350219727,0.1009719929796584,36.0,nan,0,0.8862202763557434,-3.2507221698760986,nan
10.121,4000,80,-1,8.194933239892276,10,8.196746826171875,-0.04100463166832924,-6.526257038116455,-1.2772879600524902,-0.06520414352416992,23.5,2.9240589141845703,0.12442803890147108,37.0,nan,0,0.8382283449172974,-2.042741537094116,nan
10.14,4000,80,-1,8.19395237324207,10,8.19598388671875,-0.03732558712363243,-8.077657699584961,-1.580920696258545,0.08547444641590118,23.5,3.162757158279419,0.13458541099061358,36.0,nan,0,0.799811601638794,-1.8092577457427979,nan
10.161,4000,80,-1,8.192916296142362,10,8.194976806640625,-0.05515778437256813,-7.458399772644043,-1.4597225189208984,0.08303327113389969,23.5,3.147920608520508,0.13395406844768118,37.0,nan,0,0.749584972858429,-2.738565444946289,nan
10.181,4000,80,-1,8.191914206591905,10,8.193939208984375,-0.05019128695130348,-7.121758937835693,-1.3938368558883667,0.08593772351741791,23.5,3.2088911533355713,0.13654855971640728,37.0,nan,0,0.6974737644195557,-2.757922649383545,nan
10.201,4000,80,-1,8.190929754491668,10,8.192886352539062,-0.04995562881231308,-6.654670238494873,-1.3024203777313232,0.010069148615002632,23.5,2.7389414310455322,0.11655069919342691,36.0,nan,0,0.6447446346282959,-2.5383732318878174,nan
10.221,4000,80,-1,8.189918894092267,10,8.191818237304688,-0.05475594103336334,-6.410369396209717,-1.2546069622039795,0.17304502427577972,23.5,2.251861572265625,0.09582389669215426,36.0,nan,0,0.5917060375213623,-2.9037880897521973,nan
10.241,4000,80,-1,8.188915654492309,10,8.190689086914062,-0.05537421628832817,-5.888141632080078,-1.1523990631103516,0.15804429352283478,23.5,2.2405548095703125,0.09534275785405585,37.0,nan,0,0.5349584817886353,-2.7208974361419678,nan
10.261,4000,80,-1,8.187943421141979,10,8.189590454101562,-0.05615580826997757,-5.215299129486084,-1.0207135677337646,-0.09074191749095917,23.5,2.2380197048187256,0.09523488105611598,36.0,nan,0,0.4801534414291382,-2.768890142440796,nan
10.281,4000,80,-1,8.186920475342056,10,8.188568115234375,-0.04522307217121124,-6.2346038818359375,-1.2202069759368896,0.140987366437912,23.5,2.0951085090637207,0.0891535535771796,37.0,nan,0,0.428773432970047,-2.035966157913208,nan
10.301,4000,80,-1,8.18592080239178,10,8.187667846679688,-0.047443732619285583,-7.60524845123291,-1.4884631633758545,-0.04968452453613281,23.5,2.602463722229004,0.11074313711612782,36.0,nan,0,0.3838748037815094,-2.461101770401001,nan
10.321,4000,80,-1,8.184920085741766,10,8.186904907226562,-0.03602822870016098,-7.706995487213135,-1.5083764791488647,0.11179125308990479,23.5,3.4960789680480957,0.14876931778928068,36.0,nan,0,0.3458658754825592,-1.8446420431137085,nan
10.341,4000,80,-1,8.183919760741997,10,8.186080932617188,-0.03702480345964432,-9.095643043518066,-1.7801560163497925,0.03881742060184479,23.5,3.7766332626342773,0.16070779840996924,37.0,nan,0,0.3045279085636139,-1.614525556564331,nan
10.361,4000,80,-1,8.18294662949193,10,8.185440063476562,-0.03623897209763527,-10.071341514587402,-1.9167730808258057,0.12538620829582214,23.5,4.841869831085205,0.20603701408873212,36.0,nan,0,0.2724054157733917,-2.228980302810669,nan
10.381,4000,80,-1,8.181919316991848,10,8.184494018554688,-0.0427221916615963,-10.233454704284668,-2.002843141555786,-0.20195351541042328,23.5,4.883421897888184,0.20780518714417803,36.0,nan,0,0.22562693059444427,-2.079087972640991,nan
10.401,4000,80,-1,8.180918281592318,10,8.183456420898438,-0.0568728893995285,-9.652064323425293,-1.8890562057495117,-0.006236174143850803,23.5,4.580173492431641,0.19490099967794217,37.0,nan,0,0.17362751066684723,-2.8312575817108154,nan
10.421,4000,80,-1,8.179919939891994,10,8.182510375976562,-0.04636694863438606,-8.999073028564453,-1.7612557411193848,0.19898180663585663,23.5,4.514850616455078,0.19212130282787568,37.0,nan,0,0.12576493620872498,-2.3411803245544434,nan
10.441,4000,80,-1,8.178917298241872,10,8.181488037109375,-0.05132908746600151,-9.178628921508789,-1.7963975667953491,0.033431895077228546,23.5,4.666783809661865,0.19858654509199428,37.0,nan,0,0.07533633708953857,-2.6789278984069824,nan
10.461,4000,80,-1,8.177918558641982,10,8.180267333984375,-0.06479886919260025,-7.343570232391357,-1.4372485876083374,0.14167667925357819,23.5,3.215331554412842,0.13682261933671666,37.0,nan,0,0.01404165755957365,-3.2806966304779053,nan
10.481,4000,80,-1,8.176919225342141,10,8.178970336914062,-0.06286268681287766,-7.294625282287598,-1.4684865474700928,-0.1654907763004303,23.5,3.009580135345459,0.12806723980193443,37.0,nan,0,0.9488038420677185,-3.029574394226074,nan
10.501,4000,80,-1,8.175917983642291,10,8.17791748046875,-0.05193030834197998,-7.399158000946045,-1.4481281042099,0.20151358842849731,23.5,3.1692287921905518,0.13486079966768305,37.0,nan,0,0.8964784741401672,-2.7830629348754883,nan
10.521,4000,80,-1,8.174920166991804,10,8.176834106445312,-0.053802892565727234,-5.932962417602539,-1.1611711978912354,0.0684252604842186,23.5,2.6367411613464355,0.11220175154665683,37.0,nan,0,0.8420793414115906,-2.6606638431549072,nan
10.541,4000,80,-1,8.173935827391695,10,8.175872802734375,-0.04269968345761299,-7.04717493057251,-1.379239559173584,-0.15272191166877747,23.5,3.1219844818115234,0.13285040348134142,36.0,nan,0,0.7943445444107056,-1.9311800003051758,nan
10.561,4000,80,-1,8.172920502391943,10,8.174957275390625,-0.04866332933306694,-7.72553825378418,-1.5120056867599487,0.1223493218421936,23.5,3.004584312438965,0.12785465159314743,37.0,nan,0,0.7483750581741333,-2.4355199337005615,nan
10.581,4000,80,-1,8.171929827392168,10,8.173995971679688,-0.04816019907593727,-7.449267864227295,-1.370268702507019,0.057400673627853394,23.5,3.1648688316345215,0.13467526943125624,37.0,nan,0,0.7002384066581726,-2.5905518531799316,nan
10.601,4000,80,-1,8.17091871489175,10,8.172882080078125,-0.05430503189563751,-7.128264904022217,-1.395110011100769,0.030840111896395683,23.5,2.6972453594207764,0.11477639827322453,37.0,nan,0,0.6444863677024841,-2.5946028232574463,nan
10.621,4000,80,-1,8.169920237841879,10,8.171798706054688,-0.052019935101270676,-7.258408546447754,-1.4205812215805054,-0.16527721285820007,23.5,2.616370439529419,0.11133491232040081,37.0,nan,0,0.5908970236778259,-2.4990341663360596,nan
10.641,4000,80,-1,8.168921046142358,10,8.17071533203125,-0.05672615021467209,-6.184259414672852,-1.2103538513183594,0.02351672574877739,23.5,2.359304666519165,0.10039594325613468,37.0,nan,0,0.5360279679298401,-2.8251593112945557,nan
10.66,4000,80,-1,8.16796648989185,10,8.169586181640625,-0.06171834468841553,-4.751674652099609,-0.929975152015686,-0.0245986208319664,23.5,2.1225907802581787,0.09032301192587995,37.0,nan,0,0.4800074100494385,-3.225641965866089,nan
10.681,4000,80,-1,8.166920339891666,10,8.168502807617188,-0.045222070068120956,-5.77256441116333,-1.1297788619995117,-0.06690911948680878,23.5,2.2267866134643555,0.09475687716869598,37.0,nan,0,0.42569607496261597,-1.993545651435852,nan
10.701,4000,80,-1,8.165914398241883,10,8.167694091796875,-0.03973610699176788,-6.958343982696533,-1.3618539571762085,-0.017928536981344223,23.5,2.713235855102539,0.11545684489798039,37.0,nan,0,0.38554519414901733,-1.9887384176254272,nan
10.721,4000,80,-1,8.164919137841942,10,8.16693115234375,-0.040285203605890274,-7.8112335205078125,-1.5287774801254272,0.14061002433300018,23.5,3.3057427406311035,0.14066990385664271,37.0,nan,0,0.34759268164634705,-2.157418727874756,nan
10.741,4000,80,-1,8.163918441991708,10,8.166091918945312,-0.039633385837078094,-8.713598251342773,-1.7755846977233887,0.02122662216424942,23.5,3.7251577377319336,0.1585173505417844,37.0,nan,0,0.3055501878261566,-1.8702837228775024,nan
10.761,4000,80,-1,8.162917498242322,10,8.165328979492188,-0.041377875953912735,-9.559839248657227,-1.8710062503814697,-0.0553659051656723,23.5,4.941854000091553,0.21029165957836396,37.0,nan,0,0.26728054881095886,-2.104170083999634,nan
10.781,4000,80,-1,8.161924525342338,10,8.164505004882812,-0.03946135565638542,-11.304214477539062,-2.212407112121582,-0.11137901246547699,23.5,5.095351219177246,0.21682345613520196,37.0,nan,0,0.22613537311553955,-2.0439209938049316,nan
10.801,4000,80,-1,8.160939896141654,10,8.16357421875,-0.05253054201602936,-10.799529075622559,-2.1136324405670166,-0.03475004434585571,23.5,5.15046501159668,0.21916872389773104,37.0,nan,0,0.17928697168827057,-2.6837546825408936,nan
10.82,4000,80,-1,8.159959423242263,10,8.162551879882812,-0.051030322909355164,-8.830830574035645,-1.7283281087875366,0.08840172737836838,23.5,4.721836090087891,0.20092919532288897,37.0,nan,0,0.1280006319284439,-2.5480480194091797,nan
10.841,4000,80,-1,8.158917910741739,10,8.161453247070312,-0.05046437680721283,-9.506448745727539,-1.8605568408966064,-0.012785041704773903,23.5,4.5343017578125,0.19294901097074468,37.0,nan,0,0.07357130199670792,-2.705183267593384,nan
10.86,4000,80,-1,8.157949771142022,10,8.160354614257812,-0.05704081058502197,-8.084356307983398,-1.582231879234314,-0.053024426102638245,23.5,3.9157352447509766,0.16662703169153092,37.0,nan,0,0.018226465210318565,-2.8638081550598145,nan
10.881,4000,80,-1,8.156924585741955,10,8.159027099609375,-0.0690716803073883,-6.056812286376953,-1.185410499572754,0.26261526346206665,23.5,2.6982176303863525,0.11481777150580223,37.0,nan,0,0.952172040939331,-3.471421241760254,nan
10.9,4000,80,-1,8.155956627392161,10,8.157928466796875,-0.05179545283317566,-7.309701442718506,-1.4306199550628662,-0.06681235134601593,23.5,3.175079822540283,0.13510977968256524,37.0,nan,0,0.8966768383979797,-2.4956319332122803,nan
10.921,4000,80,-1,8.154929794091741,10,8.156906127929688,-0.049044448882341385,-7.867957592010498,-1.539879322052002,0.08656792342662811,23.5,3.0333471298217773,0.1290786012690118,37.0,nan,0,0.8459966778755188,-2.485419511795044,nan
10.941,4000,80,-1,8.15391574199167,10,8.1558837890625,-0.048885371536016464,-6.715231418609619,-1.3142731189727783,-0.15426242351531982,23.5,3.109394073486328,0.13231464142495014,37.0,nan,0,0.7949932217597961,-2.297111749649048,nan
10.961,4000,80,-1,8.152926914892316,10,8.154983520507812,-0.04768799617886543,-7.986921310424805,-1.5631622076034546,0.0005040622199885547,23.5,3.393131732940674,0.1443885843804542,37.0,nan,0,0.7500507235527039,-2.4351396560668945,nan
10.981,4000,80,-1,8.151904039891825,10,8.153976440429688,-0.05088408291339874,-7.7737321853637695,-1.5214380025863647,0.1576363742351532,23.5,3.150531768798828,0.13406518165101397,37.0,nan,0,0.6991670727729797,-2.579878568649292,nan
11.001,4000,80,-1,8.15094478159227,10,8.152908325195312,-0.05485100299119949,-7.142224311828613,-1.3978421688079834,-0.06971684098243713,23.5,2.8668923377990723,0.12199541862974776,37.0,nan,0,0.6461669206619263,-2.864809274673462,nan
11.021,4000,80,-1,8.149917433642267,10,8.151763916015625,-0.054660193622112274,-6.1116414070129395,-1.1961413621902466,0.011720828711986542,23.5,2.3612542152404785,0.10047890277619058,37.0,nan,0,0.588947594165802,-2.589073657989502,nan
11.041,4000,80,-1,8.148916783642207,10,8.150726318359375,-0.05223210155963898,-6.2032670974731445,-1.214073896408081,0.18656836450099945,23.5,2.1748547554016113,0.09254701086815367,37.0,nan,0,0.5371113419532776,-2.576054811477661,nan
11.061,4000,80,-1,8.147943812842286,10,8.149612426757812,-0.060466546565294266,-5.5092010498046875,-1.0782346725463867,0.003049743128940463,23.5,2.117079496383667,0.09008848920781562,37.0,nan,0,0.4811396598815918,-3.1115221977233887,nan
11.08,4000,80,-1,8.146950662841855,10,8.148483276367188,-0.04991715028882027,-5.28459358215332,-1.0342755317687988,-0.07953879237174988,23.5,1.95097017288208,0.08302000735668426,37.0,nan,0,0.42473703622817993,-2.1840782165527344,nan
11.101,4000,80,-1,8.145917981592365,10,8.147689819335938,-0.03725964203476906,-7.372274875640869,-1.442866563796997,-0.062379878014326096,23.5,2.8769586086273193,0.12242377057988593,37.0,nan,0,0.3849296569824219,-1.7762415409088135,nan
11.12,4000,80,-1,8.144960891991659,10,8.146987915039062,-0.03813770040869713,-8.344883918762207,-1.633220911026001,-0.032957617193460464,23.5,3.5072500705718994,0.14924468385412337,37.0,nan,0,0.350008100271225,-2.0103161334991455,nan
11.141,4000,80,-1,8.143936375342317,10,8.146102905273438,-0.039627306163311005,-9.708598136901855,-1.899873971939087,0.04819277673959732,23.5,3.875286340713501,0.1649058017324894,37.0,nan,0,0.3058065176010132,-1.879049301147461,nan
11.161,4000,80,-1,8.142945916992183,10,8.145401000976562,-0.03657311946153641,-10.561421394348145,-2.067031145095825,0.07505638897418976,23.5,4.650324821472168,0.19788616261583694,37.0,nan,0,0.2709643840789795,-1.9302562475204468,nan
11.182,4000,80,-1,8.14187565034227,10,8.144546508789062,-0.0392390638589859,-11.647926330566406,-2.279676675796509,0.1265954077243805,23.5,5.488259315490723,0.2335429495953499,37.0,nan,0,0.22812393307685852,-1.8790785074234009,nan
11.201,4000,80,-1,8.140917181591801,10,8.143585205078125,-0.05639742687344551,-10.212154388427734,-1.9986742734909058,0.08126559108495712,23.5,5.082536697387695,0.21627815733564662,37.0,nan,0,0.18016180396080017,-3.0090577602386475,nan
11.221,4000,80,-1,8.139917871142105,10,8.1424560546875,-0.05494793877005577,-8.918537139892578,-1.7454936504364014,-0.05050937458872795,23.5,4.865822792053223,0.2070562890235414,37.0,nan,0,0.1231706440448761,-2.817507028579712,nan
11.241,4000,80,-1,8.13894224409233,10,8.141464233398438,-0.04344568029046059,-9.764669418334961,-2.051218032836914,0.08538111299276352,23.5,4.573294162750244,0.19460826224469124,37.0,nan,0,0.07403121888637543,-1.8616849184036255,nan
11.261,4000,80,-1,8.137942062842201,10,8.140396118164062,-0.06254912912845612,-8.502481460571289,-1.6640653610229492,-0.056903060525655746,23.5,3.5444750785827637,0.15082872674820272,37.0,nan,0,0.020697791129350662,-3.367887258529663,nan
11.281,4000,80,-1,8.13691791284219,10,8.138992309570312,-0.07406661659479141,-5.2972259521484375,-1.036747932434082,-0.03473946824669838,23.5,2.5218403339385986,0.10731235463568504,37.0,nan,0,0.9501339197158813,-3.8423125743865967,nan
11.301,4000,80,-1,8.135919789892077,10,8.137832641601562,-0.04876330867409706,-7.119866371154785,-1.3934664726257324,0.09174658358097076,23.5,3.067336082458496,0.13052493967908493,37.0,nan,0,0.8924245834350586,-2.2645633220672607,nan
11.321,4000,80,-1,8.134914831592331,10,8.136947631835938,-0.0455390103161335,-8.118268966674805,-1.5403316020965576,0.13757920265197754,23.5,3.2139039039611816,0.1367618682536673,37.0,nan,0,0.847868025302887,-2.5660457611083984,nan
11.34,4000,80,-1,8.133951583642201,10,8.135971069335938,-0.04696489870548248,-7.870790958404541,-1.5404337644577026,-0.03889404609799385,23.5,3.032034397125244,0.12902274030320188,37.0,nan,0,0.7994278073310852,-2.158229112625122,nan
11.361,4000,80,-1,8.13291858364174,10,8.135009765625,-0.04873117431998253,-7.67884635925293,-1.5028672218322754,0.09290912747383118,23.5,3.3449344635009766,0.1423376367447224,37.0,nan,0,0.7509539127349854,-2.341723918914795,nan
11.381,4000,80,-1,8.13191873364195,10,8.134048461914062,-0.04939206317067146,-7.842813968658447,-1.5349583625793457,0.08127083629369736,23.5,3.3624343872070312,0.14308231434923538,37.0,nan,0,0.7031720876693726,-2.705946207046509,nan
11.401,4000,80,-1,8.130912377392095,10,8.132904052734375,-0.055932287126779556,-7.376682758331299,-1.443729281425476,0.08887158334255219,23.5,2.8116722106933594,0.11964562598695146,37.0,nan,0,0.6456496119499207,-2.92769193649292,nan
11.421,4000,80,-1,8.129932773242043,10,8.131805419921875,-0.05613629147410393,-7.270692825317383,-1.4229854345321655,-0.14310823380947113,23.5,2.6503939628601074,0.11278272182383436,37.0,nan,0,0.5907988548278809,-2.7878477573394775,nan
11.441,4000,80,-1,8.128945535742249,10,8.130783081054688,-0.04994914308190346,-7.1194353103637695,-1.393381953239441,-0.0005892413901165128,23.5,2.8197145462036133,0.11998785302994099,37.0,nan,0,0.5396274328231812,-2.472435712814331,nan
11.461,4000,80,-1,8.12791635239192,10,8.129562377929688,-0.06259264796972275,-4.614616394042969,-0.9031507968902588,-0.15431897342205048,23.5,2.232778549194336,0.09501185315720578,37.0,nan,0,0.47854599356651306,-3.274559736251831,nan
11.481,4000,80,-1,8.12691745449193,10,8.128372192382812,-0.052522290498018265,-4.9928154945373535,-0.9771701097488403,-0.005295736249536276,23.5,1.730889916419983,0.0736548900604248,37.0,nan,0,0.4194985330104828,-2.2126383781433105,nan
11.501,4000,80,-1,8.125919285741846,10,8.127655029296875,-0.03353322669863701,-8.077118873596191,-1.580815315246582,0.04689156264066696,23.5,2.693711519241333,0.11462602209537587,37.0,nan,0,0.3835563659667969,-1.683530330657959,nan
11.521,4000,80,-1,8.124918602391707,10,8.126998901367188,-0.03538410738110542,-9.095752716064453,-1.780177354812622,-0.037841301411390305,23.5,3.751314640045166,0.1596304102146879,37.0,nan,0,0.350481778383255,-1.8519501686096191,nan
11.54,4000,80,-1,8.123953200341939,10,8.126205444335938,-0.04088841378688812,-9.572653770446777,-1.873514175415039,0.1546003669500351,23.5,4.077827453613281,0.17352457249418218,37.0,nan,0,0.3108556270599365,-1.9279835224151611,nan
11.561,4000,80,-1,8.122916914892276,10,8.125396728515625,-0.041088249534368515,-9.221033096313477,-1.804696798324585,-0.008754091337323189,23.5,5.067387580871582,0.2156335140796418,37.0,nan,0,0.2707732319831848,-2.282456159591675,nan
11.581,4000,80,-1,8.121918925341753,10,8.124603271484375,-0.036778729408979416,-11.08937931060791,-2.170360565185547,0.09575410932302475,23.5,5.253439903259277,0.22355063418124585,37.0,nan,0,0.2308889478445053,-1.9584704637527466,nan
11.601,4000,80,-1,8.120919502391926,10,8.12371826171875,-0.05056162178516388,-10.568791389465332,-2.0684735774993896,0.13029329478740692,23.5,5.61629056930542,0.23899108805554978,37.0,nan,0,0.18680723011493683,-2.9267499446868896,nan
11.621,4000,80,-1,8.119919658642184,10,8.122573852539062,-0.060480087995529175,-8.897857666015625,-1.7414464950561523,0.07157818973064423,23.5,4.766396999359131,0.20282540422804812,37.0,nan,0,0.1294417679309845,-3.211862087249756,nan
11.641,4000,80,-1,8.118919783642204,10,8.121429443359375,-0.04901871457695961,-10.370573043823242,-2.029679298400879,-0.05355871468782425,23.5,4.53126859664917,0.19281994028294341,37.0,nan,0,0.07192882895469666,-2.22784686088562,nan
11.661,4000,80,-1,8.117917110741844,10,8.120468139648438,-0.051291078329086304,-9.723184585571289,-1.90297532081604,0.18253152072429657,23.5,4.438165187835693,0.1888580930993912,37.0,nan,0,0.024288548156619072,-2.955981492996216,nan
11.681,4000,80,-1,8.116922564891873,10,8.119125366210938,-0.07094632089138031,-5.907179355621338,-1.1561250686645508,0.12796492874622345,23.5,2.6975674629211426,0.114790104805155,37.0,nan,0,0.9569389224052429,-3.5720901489257812,nan
11.701,4000,80,-1,8.115918587842323,10,8.117843627929688,-0.056529778987169266,-7.368869304656982,-1.4422000646591187,0.07624693214893341,23.5,2.7890331745147705,0.11868226274530938,37.0,nan,0,0.8924406170845032,-2.5500786304473877,nan
11.721,4000,80,-1,8.114924941991928,10,8.11700439453125,-0.04087930545210838,-7.948843479156494,-1.5557098388671875,-0.15245798230171204,23.5,3.648488759994507,0.15525484085083008,37.0,nan,0,0.850752055644989,-2.0407447814941406,nan
11.741,4000,80,-1,8.113918912842207,10,8.115982055664062,-0.05142684653401375,-8.0991849899292,-1.5850361585617065,0.01951136812567711,23.5,3.2208917140960693,0.1370592218764285,37.0,nan,0,0.7998263239860535,-2.33504056930542,nan
11.761,4000,80,-1,8.11293922739206,10,8.115036010742188,-0.04979841783642769,-7.8552374839782715,-1.5373897552490234,-0.1672862023115158,23.5,3.5889787673950195,0.1527225007402136,37.0,nan,0,0.7521058917045593,-2.4152276515960693,nan
11.78,4000,80,-1,8.111951721141674,10,8.114089965820312,-0.047022994607686996,-8.158349990844727,-1.5967134237289429,0.5484070777893066,23.5,3.2365529537200928,0.13772565760511032,37.0,nan,0,0.704753041267395,-2.367624282836914,nan
11.801,4000,80,-1,8.110917702392186,10,8.1129150390625,-0.05784861743450165,-7.175142288208008,-1.4042847156524658,-0.03508343547582626,23.5,2.9672064781188965,0.12626410545186795,37.0,nan,0,0.6464118361473083,-2.9303648471832275,nan
11.821,4000,80,-1,8.109944841991824,10,8.111770629882812,-0.06015321984887123,-5.896286487579346,-1.1539931297302246,-0.15310490131378174,23.5,2.5002286434173584,0.10639270823052589,37.0,nan,0,0.5892766714096069,-3.051635503768921,nan
11.841,4000,80,-1,8.108915973242262,10,8.110687255859375,-0.048251088708639145,-7.165930271148682,-1.4024817943572998,0.07930316030979156,23.5,2.5763895511627197,0.10963359792181786,37.0,nan,0,0.5348483324050903,-2.3165557384490967,nan
11.861,4000,80,-1,8.107940881591645,10,8.109588623046875,-0.06154289469122887,-4.988427639007568,-0.9763113260269165,-0.08646252751350403,23.5,2.0873916149139404,0.08882517510272087,37.0,nan,0,0.4797740876674652,-3.1624908447265625,nan
11.881,4000,80,-1,8.10691384199236,10,8.108352661132812,-0.05504960939288139,-4.476477146148682,-1.0409023761749268,-0.09942272305488586,23.5,1.8183027505874634,0.07737458513138142,37.0,nan,0,0.4184964895248413,-2.3681137561798096,nan
11.901,4000,80,-1,8.105916014892143,10,8.107513427734375,-0.037764884531497955,-6.456708908081055,-1.263676404953003,-0.08429234474897385,23.5,2.348567485809326,0.09993904194933304,37.0,nan,0,0.37666043639183044,-1.6334587335586548,nan
11.92,4000,80,-1,8.104957754492359,10,8.106903076171875,-0.03343749791383743,-8.5269193649292,-1.6688480377197266,-0.6043297648429871,23.5,3.638094425201416,0.15481252873197515,37.0,nan,0,0.34614941477775574,-1.7530531883239746,nan
11.941,4000,80,-1,8.103925356591942,10,8.10614013671875,-0.0361475832760334,-9.329179763793945,-1.9073046445846558,-0.0013426033547148108,23.5,4.019766330718994,0.17105388641357422,37.0,nan,0,0.30743134021759033,-1.7327193021774292,nan
11.961,4000,80,-1,8.102941356592062,10,8.105422973632812,-0.0374164953827858,-10.589692115783691,-2.072564125061035,0.1861632764339447,23.5,4.9364776611328125,0.21006287919714095,37.0,nan,0,0.2720055878162384,-2.0390396118164062,nan
11.981,4000,80,-1,8.101919171142079,10,8.104598999023438,-0.03938555717468262,-10.986589431762695,-2.154334545135498,0.09608947485685349,23.5,5.234438419342041,0.22274206039753366,37.0,nan,0,0.23032504320144653,-2.0293197631835938,nan
12.001,4000,80,-1,8.10092062739205,10,8.1036376953125,-0.05434105917811394,-10.114703178405762,-1.9796016216278076,-0.041258882731199265,23.5,5.1886115074157715,0.220791979038969,37.0,nan,0,0.18278536200523376,-2.9298605918884277,nan
12.02,4000,80,-1,8.09995919409194,10,8.102554321289062,-0.05709976702928543,-9.224398612976074,-1.8353545665740967,-0.03151514753699303,23.5,5.043472766876221,0.2146158624202647,37.0,nan,0,0.12847082316875458,-3.0300402641296387,nan
12.041,4000,80,-1,8.098917648242065,10,8.101318359375,-0.05300614610314369,-8.8272123336792,-1.567380428314209,-0.06407091021537781,23.5,4.065417766571045,0.17299650070515085,37.0,nan,0,0.0667329728603363,-2.3946409225463867,nan
12.061,4000,80,-1,8.09794462324208,10,8.100372314453125,-0.0462106354534626,-9.767111778259277,-1.7821472883224487,-0.013568050228059292,23.5,4.3304643630981445,0.1842750792807721,37.0,nan,0,0.019394000992178917,-2.416360378265381,nan
12.081,4000,80,-1,8.096918429491785,10,8.099075317382812,-0.06995915621519089,-6.904478549957275,-1.3513116836547852,-0.008613882586359978,23.5,3.1923599243164062,0.13584510316240025,37.0,nan,0,0.9543693661689758,-3.5831799507141113,nan
12.101,4000,80,-1,8.095918279491894,10,8.09771728515625,-0.06124788150191307,-7.011735439300537,-1.427796721458435,-0.22368809580802917,23.5,2.7830092906951904,0.11842592726362512,37.0,nan,0,0.8867617845535278,-2.8369650840759277,nan
12.121,4000,80,-1,8.094919198242138,10,8.096923828125,-0.03560453653335571,-8.069366455078125,-1.5824217796325684,0.000834072008728981,23.5,3.4314472675323486,0.146019032660951,37.0,nan,0,0.8471157550811768,-1.9192085266113281,nan
12.141,4000,80,-1,8.093917810742283,10,8.095993041992188,-0.04795246943831444,-7.850739479064941,-1.4894375801086426,-0.005988131742924452,23.5,3.215726137161255,0.1368394100919683,37.0,nan,0,0.8003429770469666,-2.4490880966186523,nan
12.161,4000,80,-1,8.092919766991695,10,8.095016479492188,-0.05062495917081833,-7.5926923751831055,-1.4860056638717651,0.10121859610080719,23.5,3.5644304752349854,0.15167789256319086,37.0,nan,0,0.7518076300621033,-2.4654734134674072,nan
12.181,4000,80,-1,8.091945116991706,10,8.094100952148438,-0.04557410627603531,-7.928411483764648,-1.5517109632492065,0.08260010927915573,23.5,3.73543119430542,0.1589545189066136,37.0,nan,0,0.7056611776351929,-2.2653274536132812,nan
12.201,4000,80,-1,8.09091858364191,10,8.093002319335938,-0.05540763586759567,-8.50828742980957,-1.6927640438079834,-0.12855561077594757,23.5,3.3824515342712402,0.14393410784132937,37.0,nan,0,0.6507216095924377,-2.83658504486084,nan
12.221,4000,80,-1,8.089922616991684,10,8.091827392578125,-0.05959998443722725,-6.5493879318237305,-1.2818150520324707,0.06486149877309799,23.5,2.7357335090637207,0.11641419187505195,37.0,nan,0,0.5921236872673035,-2.885115146636963,nan
12.241,4000,80,-1,8.088918541991738,10,8.090713500976562,-0.05260172113776207,-6.166039943695068,-1.3479890823364258,0.0572114996612072,23.5,2.501067638397217,0.10642841014456242,37.0,nan,0,0.5365995168685913,-2.438460111618042,nan
12.261,4000,80,-1,8.087921033641765,10,8.089691162109375,-0.05444837361574173,-6.281551837921143,-1.2293953895568848,0.11833259463310242,23.5,2.5989603996276855,0.11059405955862492,37.0,nan,0,0.4853008985519409,-3.0168297290802,nan
12.281,4000,80,-1,8.086917408642334,10,8.088424682617188,-0.05966523662209511,-4.723616600036621,-0.9244837760925293,0.12394650280475616,23.5,1.6843008995056152,0.0716723787023666,37.0,nan,0,0.42207539081573486,-2.6795339584350586,nan
12.301,4000,80,-1,8.085912787842249,10,8.0875244140625,-0.03837317228317261,-7.253794193267822,-1.4196782112121582,-0.11212286353111267,23.5,2.495363712310791,0.10618568988556558,37.0,nan,0,0.3769990801811218,-1.703869104385376,nan
12.321,4000,80,-1,8.084947998241846,10,8.086990356445312,-0.027788132429122925,-8.595447540283203,-1.6822600364685059,-0.007067199796438217,23.5,3.724923849105835,0.15850739783429085,37.0,nan,0,0.3500109314918518,-1.5323519706726074,nan
12.34,4000,80,-1,8.083955856591642,10,8.086196899414062,-0.04233777895569801,-8.416573524475098,-1.647251844406128,-0.15586842596530914,23.5,3.919640064239502,0.16679319422295752,37.0,nan,0,0.31016919016838074,-1.9833577871322632,nan
12.361,4000,80,-1,8.082915808641705,10,8.085357666015625,-0.04192086681723595,-9.73100757598877,-1.9045065641403198,-0.1820555031299591,23.5,5.147379398345947,0.21903742120621053,37.0,nan,0,0.2684827744960785,-2.5124924182891846,nan
12.381,4000,80,-1,8.081944289892276,10,8.084579467773438,-0.037801481783390045,-10.7006254196167,-2.09427547454834,0.04342450201511383,23.5,5.213310718536377,0.2218430092994203,37.0,nan,0,0.22956128418445587,-1.8353238105773926,nan
12.401,4000,80,-1,8.080936214891702,10,8.083724975585938,-0.04863372817635536,-11.115102767944336,-2.1753950119018555,0.0686732828617096,23.5,5.847762584686279,0.24884096105047998,37.0,nan,0,0.18664218485355377,-2.7709171772003174,nan
12.421,4000,80,-1,8.079919987842008,10,8.082672119140625,-0.05285174772143364,-9.801027297973633,-1.918210506439209,0.04832731932401657,23.5,5.355044364929199,0.22787422829485954,37.0,nan,0,0.13388192653656006,-2.7011797428131104,nan
12.441,4000,80,-1,8.078921169092068,10,8.08135986328125,-0.06519133597612381,-8.450057983398438,-1.6538052558898926,0.05158845707774162,23.5,3.953397274017334,0.16822967123478016,37.0,nan,0,0.06884660571813583,-3.2439591884613037,nan
12.461,4000,80,-1,8.077943446142312,10,8.080276489257812,-0.04797561094164848,-9.744866371154785,-1.9072189331054688,0.01810537837445736,23.5,3.784454345703125,0.16104061045545212,37.0,nan,0,0.014636415056884289,-2.359513759613037,nan
12.481,4000,80,-1,8.076917098242124,10,8.079147338867188,-0.06582105159759521,-7.429837226867676,-1.4541324377059937,-0.1026611253619194,23.5,3.585899829864502,0.1525914821218937,37.0,nan,0,0.957674503326416,-3.504603624343872,nan
12.501,4000,80,-1,8.07591820449234,10,8.077713012695312,-0.06512536108493805,-5.398627758026123,-1.0565937757492065,-0.0071219587698578835,23.5,2.3558082580566406,0.10024715991730386,37.0,nan,0,0.8864328265190125,-3.0257651805877686,nan
12.52,4000,80,-1,8.07495993784178,10,8.076858520507812,-0.038848526775836945,-7.459681510925293,-1.4599733352661133,0.061635009944438934,23.5,2.999664783477783,0.12764530993522483,37.0,nan,0,0.84352046251297,-1.7610865831375122,nan
12.541,4000,80,-1,8.073923991992345,10,8.076019287109375,-0.042193226516246796,-7.908539295196533,-1.5478217601776123,0.13739153742790222,23.5,3.3956260681152344,0.14449472630277593,37.0,nan,0,0.8014357686042786,-2.045149564743042,nan
12.561,4000,80,-1,8.072942358641743,10,8.074981689453125,-0.056965239346027374,-6.487893104553223,-1.5609652996063232,0.08286364376544952,23.5,3.161025047302246,0.1345117041405211,37.0,nan,0,0.7494479417800903,-2.82216739654541,nan
12.581,4000,80,-1,8.071920552392115,10,8.073959350585938,-0.04719896987080574,-7.000936031341553,-1.370189905166626,-0.02500157058238983,23.5,3.3111727237701416,0.1409009669689422,37.0,nan,0,0.6988485455513,-2.374565362930298,nan
12.601,4000,80,-1,8.070918962841827,10,8.072982788085938,-0.0482332706451416,-7.635134696960449,-1.4943121671676636,-0.05292771756649017,23.5,3.20467472076416,0.13636913705379405,37.0,nan,0,0.649339497089386,-2.576162099838257,nan
12.621,4000,80,-1,8.069919869091976,10,8.071823120117188,-0.06120947748422623,-6.803702354431152,-1.3315882682800293,-0.2655506730079651,23.5,2.942610025405884,0.1252174478896121,37.0,nan,0,0.5920799374580383,-3.127363443374634,nan
12.641,4000,80,-1,8.068919529492272,10,8.07061767578125,-0.058915041387081146,-5.904571533203125,-1.1556147336959839,-0.015713131055235863,23.5,2.2801198959350586,0.09702637855042802,37.0,nan,0,0.5315491557121277,-2.7894256114959717,nan
12.661,4000,80,-1,8.067946533641956,10,8.069580078125,-0.05344245210289955,-5.491176128387451,-1.0747069120407104,-0.087204709649086,23.5,2.345968008041382,0.09982842587410136,37.0,nan,0,0.479206383228302,-2.8545825481414795,nan
12.681,4000,80,-1,8.066900564891698,10,8.068344116210938,-0.05225127190351486,-5.964378356933594,-1.1673197746276855,0.08760710060596466,23.5,1.99357008934021,0.08483276975915786,37.0,nan,0,0.4175560176372528,-2.5794620513916016,nan
12.701,4000,80,-1,8.065937037841655,10,8.067459106445312,-0.04062299057841301,-6.9033203125,-1.2584251165390015,-0.012443246319890022,23.5,2.0528736114501953,0.08735632389149767,37.0,nan,0,0.37345993518829346,-1.6895177364349365,nan
12.72,4000,80,-1,8.064954789892369,10,8.06683349609375,-0.032755542546510696,-8.096175193786621,-1.5845448970794678,-0.043965719640254974,23.5,3.393674373626709,0.14441167547347697,37.0,nan,0,0.34270209074020386,-1.7481447458267212,nan
12.74,4000,80,-1,8.063962244091822,10,8.066116333007812,-0.03531062230467796,-9.337785720825195,-1.8275470733642578,0.06022074446082115,23.5,3.96732234954834,0.1688222276403549,37.0,nan,0,0.306714802980423,-1.7772986888885498,nan
12.761,4000,80,-1,8.062917856591962,10,8.0653076171875,-0.04344404116272926,-9.789271354675293,-1.915909767150879,0.041522298008203506,23.5,5.042789459228516,0.21458678549908577,37.0,nan,0,0.26623570919036865,-2.5789895057678223,nan
12.781,4000,80,-1,8.061922789891838,10,8.064468383789062,-0.03709958493709564,-10.978147506713867,-2.1485908031463623,-0.08938805758953094,23.5,5.101246356964111,0.2170743130623026,37.0,nan,0,0.22444382309913635,-1.9366092681884766,nan
12.801,4000,80,-1,8.0609411711419,10,8.063644409179688,-0.04816108196973801,-10.93702220916748,-2.1405420303344727,0.0888192281126976,23.5,5.580033779144287,0.2374482459210335,37.0,nan,0,0.18277034163475037,-2.5770654678344727,nan
12.821,4000,80,-1,8.059941712841834,10,8.062667846679688,-0.049962613731622696,-11.734600067138672,-2.1105525493621826,0.11924949288368225,23.5,5.336419582366943,0.22708168435604015,37.0,nan,0,0.13425518572330475,-2.5230283737182617,nan
12.84,4000,80,-1,8.058962348241772,10,8.061447143554688,-0.06455134600400925,-8.774130821228027,-1.7172311544418335,0.17657887935638428,23.5,3.8983983993530273,0.16588929358949053,37.0,nan,0,0.07328160852193832,-3.291837692260742,nan
12.861,4000,80,-1,8.057915852392041,10,8.0601806640625,-0.056609004735946655,-7.689449310302734,-1.5049424171447754,-0.36396440863609314,23.5,3.70963191986084,0.1578566774408868,37.0,nan,0,0.009611768648028374,-2.596832513809204,nan
12.881,4000,80,-1,8.056917104491738,10,8.05914306640625,-0.06064977869391441,-8.278741836547852,-1.6202759742736816,-0.04231617599725723,23.5,3.7200026512145996,0.15829798515806806,37.0,nan,0,0.9577467441558838,-3.1710989475250244,nan
12.901,4000,80,-1,8.055928989891989,10,8.057769775390625,-0.06732799857854843,-5.1752519607543945,-1.0128756761550903,-0.01731378398835659,23.5,2.447948455810547,0.10416801939619348,37.0,nan,0,0.8889206051826477,-3.200650453567505,nan
12.921,4000,80,-1,8.054944741992228,10,8.056777954101562,-0.04347351938486099,-6.729067802429199,-1.3169811964035034,-0.08435700833797455,23.5,3.062730312347412,0.13032894946159201,37.0,nan,0,0.8393121957778931,-2.270789623260498,nan
12.941,4000,80,-1,8.053930394091738,10,8.055923461914062,-0.03930390998721123,-8.470843315124512,-1.6543655395507812,-0.028487136587500572,23.5,3.3262088298797607,0.1415408012714792,37.0,nan,0,0.7967477440834045,-1.9743770360946655,nan
12.961,4000,80,-1,8.05291601489226,10,8.055007934570312,-0.05163610726594925,-8.083950996398926,-1.5821523666381836,0.09750323742628098,23.5,3.2967066764831543,0.14028539048864486,37.0,nan,0,0.750662624835968,-2.665045738220215,nan
12.981,4000,80,-1,8.051918194092293,10,8.054000854492188,-0.045361652970314026,-8.018338203430176,-1.5693110227584839,0.12393413484096527,23.5,3.5384740829467773,0.15057336523177775,37.0,nan,0,0.7008671164512634,-2.2185349464416504,nan
13.001,4000,80,-1,8.05091732949223,10,8.052978515625,-0.049148086458444595,-7.515886306762695,-1.4709734916687012,-0.1311279982328415,23.5,3.365074634552002,0.14319466530008518,37.0,nan,0,0.6495752930641174,-2.390638589859009,nan
13.021,4000,80,-1,8.049915148242151,10,8.051834106445312,-0.06064043939113617,-6.46132755279541,-1.264580249786377,0.0694330558180809,23.5,2.6466610431671143,0.11262387417732402,37.0,nan,0,0.5925017595291138,-3.1157424449920654,nan
13.041,4000,80,-1,8.04891486909183,10,8.0506591796875,-0.05850468575954437,-5.024271488189697,-1.198655366897583,0.05265341326594353,23.5,2.2479195594787598,0.09565615146718126,37.0,nan,0,0.5335380434989929,-2.971809148788452,nan
13.061,4000,80,-1,8.047918141991984,10,8.049560546875,-0.05396318808197975,-6.877443790435791,-1.3460205793380737,-0.012779871933162212,23.5,2.627915859222412,0.1118262067754218,37.0,nan,0,0.47868669033050537,-2.7491936683654785,nan
13.081,4000,80,-1,8.046922241991712,10,8.048416137695312,-0.05444962531328201,-5.382638454437256,-1.053464412689209,0.03306763246655464,23.5,1.8577312231063843,0.0790523924726121,37.0,nan,0,0.4216958284378052,-2.621001958847046,nan
13.101,4000,80,-1,8.04591979409234,10,8.047470092773438,-0.04608505591750145,-5.977713108062744,-1.1699296236038208,0.07445992529392242,23.5,2.129434108734131,0.09061421739294175,37.0,nan,0,0.37419870495796204,-2.2111093997955322,nan
13.121,4000,80,-1,8.044927152391763,10,8.046768188476562,-0.03546571359038353,-7.8825764656066895,-1.5939931869506836,-0.08072366565465927,23.5,3.5246810913085938,0.14998642941738696,37.0,nan,0,0.3389008045196533,-1.942417860031128,nan
13.141,4000,80,-1,8.043917371142022,10,8.0460205078125,-0.033416543155908585,-9.741544723510742,-1.9065688848495483,0.0529608353972435,23.5,3.928995132446289,0.16719128223175697,37.0,nan,0,0.3015032410621643,-1.4567809104919434,nan
13.161,4000,80,-1,8.042939877392207,10,8.045379638671875,-0.037303436547517776,-10.063350677490234,-2.004331111907959,-0.03567439690232277,23.5,5.073919296264648,0.21591145941551695,37.0,nan,0,0.2694063186645508,-2.1370651721954346,nan
13.181,4000,80,-1,8.041941637841962,10,8.04449462890625,-0.04131487384438515,-11.051009178161621,-2.162850856781006,-0.12549138069152832,23.5,5.024995803833008,0.213829608673745,37.0,nan,0,0.22552451491355896,-2.1394460201263428,nan
13.201,4000,80,-1,8.040919435741678,10,8.043655395507812,-0.046675052493810654,-11.0584716796875,-2.164311408996582,0.12328480184078217,23.5,5.811795711517334,0.24731045580924826,37.0,nan,0,0.18306566774845123,-2.5060548782348633,nan
13.221,4000,80,-1,8.039920066991915,10,8.042694091796875,-0.04841532185673714,-10.585943222045898,-2.0718305110931396,0.013858186081051826,23.5,5.651494979858398,0.24048914807908078,37.0,nan,0,0.1349562704563141,-2.3843486309051514,nan
13.241,4000,80,-1,8.038921302391834,10,8.041534423828125,-0.05914974585175514,-9.050825119018555,-1.7713844776153564,-0.18071892857551575,23.5,4.868294715881348,0.2071614772715467,37.0,nan,0,0.07768122106790543,-3.177231788635254,nan
13.261,4000,80,-1,8.037937883642014,10,8.040130615234375,-0.0680466964840889,-7.584277629852295,-1.4843586683273315,-0.1954953372478485,23.5,3.617328643798828,0.1539288784595246,37.0,nan,0,0.007333492394536734,-3.2058777809143066,nan
13.281,4000,80,-1,8.036920112842205,10,8.039077758789062,-0.05017128214240074,-7.422396659851074,-1.4526761770248413,-0.1440381109714508,23.5,3.5967628955841064,0.15305374023762155,37.0,nan,0,0.954634428024292,-2.6769027709960938,nan
13.301,4000,80,-1,8.035919773241773,10,8.037811279296875,-0.06632404774427414,-5.668622016906738,-1.109435796737671,0.10662150382995605,23.5,2.482003688812256,0.10561717824733004,37.0,nan,0,0.8908061981201172,-3.3674845695495605,nan
13.321,4000,80,-1,8.034919002391694,10,8.03668212890625,-0.04793456569314003,-7.131824493408203,-1.3995789289474487,-0.0005532247596420348,23.5,2.8610496520996094,0.12174679370636636,37.0,nan,0,0.8345605731010437,-2.3532371520996094,nan
13.341,4000,80,-1,8.033920421142108,10,8.035858154296875,-0.03697153180837631,-8.487519264221191,-1.6611369848251343,-0.17403143644332886,23.5,3.387773036956787,0.1441605547641186,37.0,nan,0,0.7938615083694458,-1.7562938928604126,nan
13.361,4000,80,-1,8.032914852391702,10,8.034988403320312,-0.04937610402703285,-8.507444381713867,-1.6372379064559937,-0.07255613803863525,23.5,3.740386486053467,0.1591653823852539,37.0,nan,0,0.7497023940086365,-2.5492639541625977,nan
13.381,4000,80,-1,8.031915764891899,10,8.034027099609375,-0.04466276988387108,-8.180370330810547,-1.5099356174468994,0.08826204389333725,23.5,3.3859713077545166,0.1440838854363624,37.0,nan,0,0.7017174959182739,-2.2435436248779297,nan
13.401,4000,80,-1,8.030917260741997,10,8.03302001953125,-0.05144113302230835,-8.036444664001465,-1.57285475730896,-0.1970902979373932,23.5,3.411194324493408,0.14515720529759185,37.0,nan,0,0.6518940329551697,-2.5350892543792725,nan
13.421,4000,80,-1,8.029915485742102,10,8.031890869140625,-0.05882938206195831,-6.63751220703125,-1.2990622520446777,0.11097981780767441,23.5,2.7371819019317627,0.11647582561411757,37.0,nan,0,0.5950750708580017,-2.879615068435669,nan
13.441,4000,80,-1,8.02891861489189,10,8.030685424804688,-0.06227175146341324,-5.342167377471924,-1.0455435514450073,-0.01417301595211029,23.5,2.255253791809082,0.09596824645996094,37.0,nan,0,0.534650981426239,-3.1413345336914062,nan
13.461,4000,80,-1,8.027924750342216,10,8.0294189453125,-0.05762669816613197,-5.759850978851318,-1.0373289585113525,-0.0014030224410817027,23.5,2.0777344703674316,0.08841423278159284,37.0,nan,0,0.4715573489665985,-2.7547404766082764,nan
13.481,4000,80,-1,8.026917575341947,10,8.028396606445312,-0.04931830242276192,-13.130678176879883,-2.569873809814453,0.7339394092559814,23.5,1.439186453819275,0.061241976758267015,37.0,nan,0,0.4205963909626007,-2.2949752807617188,nan
13.501,4000,80,-1,8.025939733642016,10,8.027481079101562,-0.04667363688349724,-5.9633073806762695,-1.1671102046966553,-0.09035219252109528,23.5,2.234618663787842,0.09509015590586561,37.0,nan,0,0.3746761977672577,-2.265925168991089,nan
13.521,4000,80,-1,8.024915835742293,10,8.02667236328125,-0.0383775532245636,-8.113550186157227,-1.5879454612731934,0.16051051020622253,23.5,3.195138931274414,0.13596335877763463,37.0,nan,0,0.33400633931159973,-2.0114080905914307,nan
13.54,4000,80,-1,8.02396285034193,10,8.025970458984375,-0.03357915207743645,-9.27480697631836,-1.8152210712432861,-0.18712547421455383,23.5,3.7411880493164062,0.1591994914602726,37.0,nan,0,0.298988938331604,-1.5181751251220703,nan
13.561,4000,80,-1,8.02291631489207,10,8.02520751953125,-0.042029812932014465,-9.695845603942871,-1.8976248502731323,0.08932729065418243,23.5,4.660484313964844,0.1983184814453125,37.0,nan,0,0.2612336575984955,-2.273159980773926,nan
13.58,4000,80,-1,8.021959775342118,10,8.024398803710938,-0.042894311249256134,-9.60775375366211,-1.880383849143982,-0.17275601625442505,23.5,4.652059555053711,0.19795998106611537,37.0,nan,0,0.2204517126083374,-2.148183822631836,nan
13.601,4000,80,-1,8.020917404491781,10,8.02349853515625,-0.04414388909935951,-10.339312553405762,-2.0235612392425537,-0.28211843967437744,23.5,5.408504486083984,0.2301491270674036,37.0,nan,0,0.1758929342031479,-2.1690189838409424,nan
13.621,4000,80,-1,8.019918852391863,10,8.022659301757812,-0.04454640671610832,-11.171061515808105,-2.186347007751465,0.07662351429462433,23.5,5.572468280792236,0.23712630982094623,37.0,nan,0,0.1332058608531952,-2.4915339946746826,nan
13.641,4000,80,-1,8.018920254491974,10,8.02154541015625,-0.055274248123168945,-9.505537033081055,-1.8603785037994385,-0.19578181207180023,23.5,4.760191440582275,0.2025613378971181,37.0,nan,0,0.07748980075120926,-2.8361759185791016,nan
13.661,4000,80,-1,8.017918385742092,10,8.020095825195312,-0.07793886214494705,-5.9864983558654785,-1.211277723312378,-0.14627371728420258,23.5,3.076570987701416,0.13091791437027303,37.0,nan,0,0.005602926481515169,-3.8407671451568604,nan
13.681,4000,80,-1,8.016923137842246,10,8.018905639648438,-0.052166931331157684,-7.720417499542236,-1.5110033750534058,-0.06755192577838898,23.5,2.9076592922210693,0.12373018264770508,37.0,nan,0,0.9459171891212463,-2.455491781234741,nan
13.701,4000,80,-1,8.015915979492279,10,8.017791748046875,-0.06043916195631027,-6.54892635345459,-1.2817246913909912,-0.06965997815132141,23.5,2.6892902851104736,0.1144378844727861,37.0,nan,0,0.8902828097343445,-3.114497661590576,nan
13.721,4000,80,-1,8.014917677392082,10,8.0166015625,-0.056287962943315506,-5.294216156005859,-1.2164641618728638,-0.012273088097572327,23.5,2.536447763442993,0.1079339473805529,37.0,nan,0,0.8308397531509399,-2.68283748626709,nan
13.741,4000,80,-1,8.013918127391667,10,8.015716552734375,-0.03705570474267006,-8.352555274963379,-1.6347224712371826,-0.11613117158412933,23.5,2.8249688148498535,0.120211438929781,37.0,nan,0,0.7867766618728638,-1.5510393381118774,nan
13.761,4000,80,-1,8.012942852392012,10,8.014907836914062,-0.04541974142193794,-7.955399990081787,-1.556993007659912,-0.17957448959350586,23.5,3.6138572692871094,0.15378116039519615,37.0,nan,0,0.746315598487854,-2.3470427989959717,nan
13.781,4000,80,-1,8.011938133642257,10,8.013961791992188,-0.04816673323512077,-7.840321063995361,-1.5344704389572144,0.09001177549362183,23.5,3.3569202423095703,0.14284766988551362,37.0,nan,0,0.6986010670661926,-2.5792765617370605,nan
13.801,4000,80,-1,8.01091961909188,10,8.012908935546875,-0.04880603030323982,-7.927286624908447,-1.5514907836914062,0.08663848042488098,23.5,3.1557862758636475,0.1342887776963254,37.0,nan,0,0.64589524269104,-2.441168785095215,nan
13.821,4000,80,-1,8.009916808641725,10,8.0118408203125,-0.055625610053539276,-7.179460525512695,-1.4051299095153809,0.08665886521339417,23.5,2.7642338275909424,0.1176269713868486,37.0,nan,0,0.5925657749176025,-2.892763137817383,nan
13.841,4000,80,-1,8.008948283641809,10,8.0107421875,-0.059742558747529984,-5.971124172210693,-1.1686400175094604,0.06775383651256561,23.5,2.4469501972198486,0.10412554030722761,37.0,nan,0,0.5373780727386475,-2.9893577098846436,nan
13.861,4000,80,-1,8.007919344092086,10,8.009384155273438,-0.06295712292194366,-5.031608581542969,-0.8335191011428833,-0.09566879272460938,23.5,1.810236930847168,0.07703135875945395,37.0,nan,0,0.46959495544433594,-2.9626715183258057,nan
13.881,4000,80,-1,8.006918077392045,10,8.008377075195312,-0.04099062830209732,-6.654067516326904,-1.3483918905258179,0.08920055627822876,23.5,2.1968655586242676,0.09348364079252203,37.0,nan,0,0.4197697341442108,-1.9026280641555786,nan
13.901,4000,80,-1,8.005916233642354,10,8.0074462890625,-0.04555441439151764,-6.673540115356445,-1.3061134815216064,-0.07670314610004425,23.5,2.20247220993042,0.0937222216991668,37.0,nan,0,0.37310466170310974,-2.0275044441223145,nan
13.921,4000,80,-1,8.004918171142352,10,8.006637573242188,-0.0428786538541317,-6.619361877441406,-1.3149179220199585,0.10278183221817017,23.5,2.971951484680176,0.12646602062468834,37.0,nan,0,0.33231839537620544,-2.1589131355285645,nan
13.941,4000,80,-1,8.00391628784201,10,8.005889892578125,-0.030410293489694595,-8.673629760742188,-1.6975616216659546,0.028682537376880646,23.5,3.5799386501312256,0.1523378148992011,37.0,nan,0,0.29518213868141174,-1.461057424545288,nan
13.961,4000,80,-1,8.00291684614204,10,8.005172729492188,-0.04303380846977234,-9.188643455505371,-1.7983574867248535,-0.14663350582122803,23.5,4.592494010925293,0.19542527706065077,37.0,nan,0,0.2589874565601349,-2.273948907852173,nan
13.981,4000,80,-1,8.001917333641911,10,8.004348754882812,-0.04069477319717407,-10.219780921936035,-2.000166893005371,-0.025242967531085014,23.5,4.665101528167725,0.19851495864543509,37.0,nan,0,0.2177411913871765,-2.082056999206543,nan
14.001,4000,80,-1,8.000928235742329,10,8.003433227539062,-0.049087364226579666,-9.993708610534668,-1.9559211730957031,-0.14104953408241272,23.5,4.950111389160156,0.2106430378366024,37.0,nan,0,0.17228074371814728,-2.27228045463562,nan
14.021,4000,80,-1,7.999929239891943,10,8.002593994140625,-0.042532213032245636,-11.083647727966309,-2.169238805770874,0.11847906559705734,23.5,5.535109996795654,0.2355365956083257,37.0,nan,0,0.13050074875354767,-2.29483699798584,nan
14.041,4000,80,-1,7.998915771141772,10,8.001480102539062,-0.05247411131858826,-10.260211944580078,-2.008080005645752,-0.055660124868154526,23.5,4.776385307312012,0.20325043860902178,37.0,nan,0,0.07491528242826462,-2.4381492137908936,nan
14.06,4000,80,-1,7.9979640398916745,10,8.000274658203125,-0.07523202896118164,-7.13398551940918,-1.39622962474823,0.15423837304115295,23.5,3.4385533332824707,0.14632141843755195,37.0,nan,0,0.014532352797687054,-3.980107545852661,nan
14.081,4000,80,-1,7.996927560742195,10,7.9988250732421875,-0.062005918473005295,-6.417041778564453,-1.2559130191802979,0.026495104655623436,23.5,2.457362413406372,0.10456861333644137,37.0,nan,0,0.9415908455848694,-2.862302780151367,nan
14.101,4000,80,-1,7.995943827392337,10,7.997833251953125,-0.05488884449005127,-6.853593349456787,-1.3413527011871338,0.1453307420015335,23.5,3.0905628204345703,0.13151331150785406,37.0,nan,0,0.8925502896308899,-3.1219961643218994,nan
14.121,4000,80,-1,7.994918535742189,10,7.996673583984375,-0.05391552299261093,-6.728295803070068,-1.1650397777557373,0.038128335028886795,23.5,2.692584991455078,0.11457808474276929,37.0,nan,0,0.8342540264129639,-2.7532811164855957,nan
14.141,4000,80,-1,7.993920004492255,10,7.9957122802734375,-0.040848638862371445,-8.108481407165527,-1.6251351833343506,0.038317833095788956,23.5,2.8544135093688965,0.12146440465399559,37.0,nan,0,0.7861090898513794,-1.8329497575759888,nan
14.161,4000,80,-1,7.992916941992014,10,7.994781494140625,-0.04760713130235672,-7.87225341796875,-1.4568583965301514,-0.12347503751516342,23.5,3.0703492164611816,0.13065315814728432,37.0,nan,0,0.7396481037139893,-2.538132667541504,nan
14.181,4000,80,-1,7.991932939892292,10,7.9939422607421875,-0.04349440336227417,-8.079826354980469,-1.5813450813293457,-0.0682729184627533,23.5,3.572345733642578,0.15201471206989695,37.0,nan,0,0.697760283946991,-2.325345516204834,nan
14.201,4000,80,-1,7.990918385741686,10,7.9929351806640625,-0.044539470225572586,-8.386445999145508,-1.641355276107788,-0.12182135879993439,23.5,3.394224166870117,0.14443507093064328,37.0,nan,0,0.647367000579834,-2.2054924964904785,nan
14.221,4000,80,-1,7.989915575341736,10,7.991912841796875,-0.0560288280248642,-7.6230010986328125,-1.491937518119812,-0.12513631582260132,23.5,3.067265510559082,0.1305219366195354,37.0,nan,0,0.5961752533912659,-2.855696201324463,nan
14.241,4000,80,-1,7.988924058641722,10,7.9908294677734375,-0.055412061512470245,-6.600018501281738,-1.2917243242263794,-0.042225390672683716,23.5,2.9469587802886963,0.1254025012888807,37.0,nan,0,0.5422943234443665,-2.8667259216308594,nan
14.261,4000,80,-1,7.987916294091709,10,7.989501953125,-0.06880908459424973,-4.583847522735596,-0.8971288204193115,-0.006144576705992222,23.5,2.0274460315704346,0.08627429921576317,37.0,nan,0,0.47543638944625854,-3.5343472957611084,nan
14.281,4000,80,-1,7.986919402392239,10,7.9883270263671875,-0.045080747455358505,-5.696008205413818,-1.1141903400421143,0.12798401713371277,23.5,1.9175305366516113,0.08159704411283453,37.0,nan,0,0.41734039783477783,-1.730814814567566,nan
14.301,4000,80,-1,7.985916644091783,10,7.9874725341796875,-0.04505683854222298,-6.560962677001953,-1.2840803861618042,0.12531191110610962,23.5,2.20101261138916,0.09366011112294298,37.0,nan,0,0.37403419613838196,-2.14817214012146,nan
14.321,4000,80,-1,7.984920912842069,10,7.9866485595703125,-0.04334336146712303,-6.7385969161987305,-1.3188462257385254,0.01469232328236103,23.5,3.1282949447631836,0.13311893381970993,37.0,nan,0,0.3329973518848419,-2.3849306106567383,nan
14.341,4000,80,-1,7.983915848242038,10,7.985809326171875,-0.0357404425740242,-8.573380470275879,-1.6779412031173706,0.011819003149867058,23.5,3.3010144233703613,0.1404686988668239,37.0,nan,0,0.2908594608306885,-1.6775214672088623,nan
14.361,4000,80,-1,7.982940694091673,10,7.985076904296875,-0.04482933506369591,-8.744895935058594,-1.7115094661712646,0.05222537741065025,23.5,4.137564659118652,0.17606658123909158,37.0,nan,0,0.2547351121902466,-2.3277242183685303,nan
14.381,4000,80,-1,7.981916694092075,10,7.9842376708984375,-0.03983137011528015,-9.494575500488281,-1.8582332134246826,-0.012142881751060486,23.5,4.197608947753906,0.17862165735123006,37.0,nan,0,0.21234555542469025,-1.99606454372406,nan
14.4,4000,80,-1,7.980959106591769,10,7.9832916259765625,-0.04979991912841797,-9.528407096862793,-1.8648545742034912,-0.10057907551527023,23.5,4.291973114013672,0.18263715378781584,37.0,nan,0,0.16500087082386017,-2.291928768157959,nan
14.42,4000,80,-1,7.979961983641994,10,7.9825286865234375,-0.04035883769392967,-10.425546646118164,-2.040438413619995,-0.03334307298064232,23.5,5.428736686706543,0.2310100717747465,37.0,nan,0,0.1267426609992981,-2.214618444442749,nan
14.441,4000,80,-1,7.9789180440922856,10,7.9814605712890625,-0.05130763351917267,-10.237040519714355,-2.003544807434082,0.06653082370758057,23.5,4.721325874328613,0.20090748401398353,37.0,nan,0,0.073967345058918,-2.6846680641174316,nan
14.461,4000,80,-1,7.9779169690919,10,7.980133056640625,-0.07324984669685364,-6.8472514152526855,-1.408196210861206,-0.042019277811050415,23.5,3.4585161209106445,0.14717089876215508,37.0,nan,0,0.007510905619710684,-3.8730618953704834,nan
14.481,4000,80,-1,7.9769250628422075,10,7.978729248046875,-0.062297042459249496,-2.693974256515503,-0.5272518396377563,-0.23129676282405853,23.5,2.6045305728912354,0.11083108820813767,37.0,nan,0,0.9371494650840759,-2.81905198097229,nan
14.501,4000,80,-1,7.9759424836418535,10,7.977813720703125,-0.04657312110066414,-7.469624996185303,-1.4619195461273193,0.13725823163986206,23.5,2.9952232837677,0.1274563099475617,37.0,nan,0,0.8915545344352722,-2.313296318054199,nan
14.521,4000,80,-1,7.974928173241648,10,7.97674560546875,-0.05418018251657486,-6.328460693359375,-1.2385761737823486,-0.025995058938860893,23.5,2.9149584770202637,0.12404078625618144,37.0,nan,0,0.8381888270378113,-2.6624977588653564,nan
14.541,4000,80,-1,7.973920837842167,10,7.97564697265625,-0.0484788753092289,-6.74227237701416,-1.4529621601104736,0.2643059492111206,23.5,2.349289894104004,0.09996978272782996,37.0,nan,0,0.7831918597221375,-2.1338820457458496,nan
14.561,4000,80,-1,7.972920604491816,10,7.9747314453125,-0.047437556087970734,-7.375993728637695,-1.4435943365097046,0.06837636232376099,23.5,2.7629427909851074,0.11757203365894074,37.0,nan,0,0.7371219992637634,-2.2455310821533203,nan
14.581,4000,80,-1,7.971922229492344,10,7.97381591796875,-0.04801253229379654,-7.411780834197998,-1.4505984783172607,-0.10182110965251923,23.5,3.4650187492370605,0.1474476063505132,37.0,nan,0,0.6913808584213257,-2.613370895385742,nan
14.601,4000,80,-1,7.970915131591761,10,7.9727783203125,-0.04654828831553459,-7.476287364959717,-1.4632234573364258,0.1998257339000702,23.5,2.744539976119995,0.11678893515404234,37.0,nan,0,0.6393592953681946,-2.165393114089966,nan
14.621,4000,80,-1,7.969917710741726,10,7.9718475341796875,-0.04888658970594406,-7.912209510803223,-1.4240630865097046,-0.010116146877408028,23.5,2.9320826530456543,0.12476947459768742,37.0,nan,0,0.5930326581001282,-2.5482559204101562,nan
14.641,4000,80,-1,7.968920004492253,10,7.9707794189453125,-0.05643533542752266,-6.721840858459473,-1.1481952667236328,0.005557946860790253,23.5,2.6107513904571533,0.11109580384924057,37.0,nan,0,0.5394523739814758,-2.6160295009613037,nan
14.661,4000,80,-1,7.967947319091769,10,7.96954345703125,-0.06802686303853989,-4.35354471206665,-0.8520550727844238,-0.031420789659023285,23.5,2.2875778675079346,0.09734373904289083,37.0,nan,0,0.47786882519721985,-3.615513563156128,nan
14.681,4000,80,-1,7.966915473242267,10,7.9681854248046875,-0.05239252746105194,-5.218744277954102,-1.0213878154754639,-0.12454404681921005,23.5,1.8524067401885986,0.07882581873142973,37.0,nan,0,0.40995582938194275,-2.1819956302642822,nan
14.701,4000,80,-1,7.965915256591694,10,7.96746826171875,-0.03481350839138031,-7.429937362670898,-1.45415198802948,-0.006780324038118124,23.5,2.515231132507324,0.10703111202158827,37.0,nan,0,0.3741256296634674,-1.77885103225708,nan
14.72,4000,80,-1,7.964959648242081,10,7.9667205810546875,-0.04165755212306976,-7.385476589202881,-1.4454503059387207,-0.08926677703857422,23.5,3.277400016784668,0.13946383050147523,37.0,nan,0,0.33640792965888977,-2.2288146018981934,nan
14.741,4000,80,-1,7.963917269092059,10,7.9658050537109375,-0.0410139299929142,-8.643898963928223,-1.6917428970336914,0.11922390758991241,23.5,3.3422133922576904,0.14222184647905065,37.0,nan,0,0.2912101745605469,-1.8752975463867188,nan
14.761,4000,80,-1,7.962917641991959,10,7.964996337890625,-0.042326536029577255,-8.648809432983398,-1.6927037239074707,0.10470326989889145,23.5,3.9250435829162598,0.16702313118792594,37.0,nan,0,0.2504351735115051,-1.9379549026489258,nan
14.781,4000,80,-1,7.961922927392158,10,7.964202880859375,-0.038246553391218185,-9.872642517089844,-1.932226538658142,0.07267668843269348,23.5,4.195293426513672,0.17852312453249666,37.0,nan,0,0.210889533162117,-1.929297924041748,nan
14.801,4000,80,-1,7.960917360742321,10,7.9632110595703125,-0.05086347460746765,-9.100313186645508,-1.7810699939727783,0.06339842826128006,23.5,4.098207950592041,0.17439182768476771,37.0,nan,0,0.1615241914987564,-2.2389774322509766,nan
14.821,4000,80,-1,7.959915383641789,10,7.962371826171875,-0.04341115429997444,-9.568087577819824,-1.8726205825805664,0.03586430102586746,23.5,5.383848667144775,0.2290999432827564,37.0,nan,0,0.11930642277002335,-2.4926183223724365,nan
14.841,4000,80,-1,7.958944098241779,10,7.96148681640625,-0.044978611171245575,-10.224364280700684,-1.8729400634765625,-0.00950603187084198,23.5,4.829477787017822,0.2055096930645882,37.0,nan,0,0.07496229559183121,-2.341585159301758,nan
14.86,4000,80,-1,7.9579634023917665,10,7.9603118896484375,-0.062496304512023926,-7.54784631729126,-1.4772286415100098,0.07297604531049728,23.5,3.7651662826538086,0.1602198418150557,37.0,nan,0,0.016157422214746475,-3.065977096557617,nan
14.881,4000,80,-1,7.956923002391711,10,7.9587249755859375,-0.08068513870239258,-4.570065975189209,-0.7801710963249207,-0.006250182166695595,23.5,1.8313102722167969,0.07792809669007646,37.0,nan,0,0.9369323253631592,-3.7008001804351807,nan
14.901,4000,80,-1,7.955940102392202,10,7.9576873779296875,-0.04103490710258484,-7.912538051605225,-1.5486043691635132,0.03932102397084236,23.5,2.8330445289611816,0.12055508633877368,37.0,nan,0,0.8849465847015381,-1.8676329851150513,nan
14.921,4000,80,-1,7.954934085741849,10,7.956787109375,-0.051394037902355194,-6.652364253997803,-1.301969051361084,-0.034290336072444916,23.5,3.049433469772339,0.12976312637329102,37.0,nan,0,0.840017557144165,-2.783252716064453,nan
14.941,4000,80,-1,7.953921039892163,10,7.95562744140625,-0.05396927893161774,-6.682631969451904,-1.3078930377960205,0.15236832201480865,23.5,2.3531746864318848,0.10013509303965468,37.0,nan,0,0.7820655703544617,-2.515136957168579,nan
14.961,4000,80,-1,7.952930894091702,10,7.954681396484375,-0.04501314461231232,-7.6732635498046875,-1.4497830867767334,-0.09923755377531052,23.5,2.728864908218384,0.11612191098801633,37.0,nan,0,0.7348092198371887,-2.221424102783203,nan
14.981,4000,80,-1,7.9519180523922905,10,7.9537506103515625,-0.048907916992902756,-7.9125871658325195,-1.5486139059066772,0.0447012297809124,23.5,3.177459239959717,0.13521103148764752,37.0,nan,0,0.6883275508880615,-2.504110097885132,nan
15.001,4000,80,-1,7.95094071489221,10,7.9527587890625,-0.04989313334226608,-6.036797523498535,-1.1814932823181152,0.018612872809171677,23.5,2.684260845184326,0.11422386575252452,37.0,nan,0,0.6384956240653992,-2.577169179916382,nan
15.021,4000,80,-1,7.9499382919923,10,7.9517974853515625,-0.048321086913347244,-6.99638032913208,-1.3692983388900757,-0.23450973629951477,23.5,2.83240008354187,0.12052766312944128,37.0,nan,0,0.5907089114189148,-2.5628371238708496,nan
15.041,4000,80,-1,7.94891724824193,10,7.950714111328125,-0.05706227570772171,-6.660239219665527,-1.3035104274749756,0.006635673344135284,23.5,2.2970733642578125,0.097747802734375,37.0,nan,0,0.5362242460250854,-2.8268535137176514,nan
15.06,4000,80,-1,7.947956785742287,10,7.9495391845703125,-0.06393251568078995,-5.0817060470581055,-1.0668491125106812,0.11354758590459824,23.5,2.214071273803711,0.0942157988852643,37.0,nan,0,0.47766679525375366,-3.4259209632873535,nan
15.081,4000,80,-1,7.9469173544923315,10,7.948150634765625,-0.05867461860179901,-4.286782741546631,-0.838988721370697,0.0019486596575006843,23.5,1.5497843027114868,0.0659482682004888,37.0,nan,0,0.4080575406551361,-2.488048791885376,nan
15.101,4000,80,-1,7.9459206732419325,10,7.9474029541015625,-0.02953886240720749,-7.429201126098633,-1.4540079832077026,0.021565740928053856,23.5,2.4192161560058594,0.10294536834067487,37.0,nan,0,0.37105175852775574,-1.3356080055236816,nan
15.121,4000,80,-1,7.944930664892315,10,7.946685791015625,-0.04219064489006996,-7.429725646972656,-1.3697090148925781,-0.04407484829425812,23.5,3.2510151863098145,0.13834107175786445,37.0,nan,0,0.33510029315948486,-2.2979938983917236,nan
15.141,4000,80,-1,7.943921610742115,10,7.9458160400390625,-0.040154408663511276,-8.397651672363281,-1.6435483694076538,0.08738499134778976,23.5,3.297154426574707,0.14030444368403008,37.0,nan,0,0.29133620858192444,-1.901812195777893,nan
15.161,4000,80,-1,7.942914591992309,10,7.9449310302734375,-0.044618334621191025,-9.189212799072266,-1.798469066619873,-0.33024999499320984,23.5,3.9594826698303223,0.16848862424809882,37.0,nan,0,0.24710692465305328,-2.0419719219207764,nan
15.181,4000,80,-1,7.941936148241809,10,7.94415283203125,-0.04112892225384712,-9.170632362365723,-1.7286303043365479,-0.02354257181286812,23.5,4.204595565795898,0.17891896024663398,37.0,nan,0,0.20835958421230316,-2.1343677043914795,nan
15.201,4000,80,-1,7.9409197023916995,10,7.943145751953125,-0.047300055623054504,-9.066317558288574,-1.774416446685791,0.04139706492424011,23.5,4.012976169586182,0.17076494338664602,37.0,nan,0,0.15793709456920624,-2.0978164672851562,nan
15.221,4000,80,-1,7.93992007949201,10,7.942291259765625,-0.04368004575371742,-9.336603164672852,-1.8273155689239502,0.0669155865907669,23.5,4.78922700881958,0.20379689399232256,37.0,nan,0,0.11502397805452347,-2.2619240283966064,nan
15.241,4000,80,-1,7.938920433641767,10,7.9414215087890625,-0.043770723044872284,-10.329285621643066,-2.0897865295410156,-0.07900489866733551,23.5,4.975462436676025,0.21172180581600109,37.0,nan,0,0.07166415452957153,-2.376514434814453,nan
15.261,4000,80,-1,7.9379468919920395,10,7.9402313232421875,-0.06422708928585052,-8.195169448852539,-1.603919506072998,0.027182258665561676,23.5,3.6568543910980225,0.15561082515310734,37.0,nan,0,0.012431610375642776,-3.155984878540039,nan
15.281,4000,80,-1,7.936921208642168,10,7.93878173828125,-0.07962749153375626,-4.405731201171875,-0.8622688055038452,-0.06059478223323822,23.5,2.112981081008911,0.08991408855357069,37.0,nan,0,0.9398608803749084,-4.187741279602051,nan
15.301,4000,80,-1,7.935946362841794,10,7.9375152587890625,-0.04925428330898285,-6.773438930511475,-1.3256652355194092,-0.16834789514541626,23.5,2.2218213081359863,0.09454558758025473,37.0,nan,0,0.8761759400367737,-1.9292229413986206,nan
15.321,4000,80,-1,7.93492029824193,10,7.9368133544921875,-0.04066552221775055,-7.66321325302124,-1.4998077154159546,0.21662691235542297,23.5,3.378063678741455,0.14374739058474276,37.0,nan,0,0.8411577343940735,-2.3379950523376465,nan
15.341,4000,80,-1,7.933919687841997,10,7.935699462890625,-0.05400354787707329,-6.392782211303711,-1.2511649131774902,0.032641444355249405,23.5,2.584940195083618,0.1099974551099412,37.0,nan,0,0.7856591939926147,-2.6449315547943115,nan
15.361,4000,80,-1,7.932917648241717,10,7.934600830078125,-0.05187894403934479,-5.640197277069092,-1.103872537612915,0.06007470190525055,23.5,2.290923595428467,0.09748611044376454,37.0,nan,0,0.7306197881698608,-2.4373791217803955,nan
15.381,4000,80,-1,7.931920637842275,10,7.93365478515625,-0.05180078372359276,-6.470106601715088,-1.266298532485962,0.021708346903324127,23.5,2.733856678009033,0.11633432672378864,37.0,nan,0,0.6831545233726501,-2.7309021949768066,nan
15.401,4000,80,-1,7.930933433642356,10,7.9326324462890625,-0.04947299510240555,-6.648199081420898,-1.3011538982391357,0.05742114037275314,23.5,2.5023956298828125,0.1064849204205452,37.0,nan,0,0.6319172978401184,-2.387188673019409,nan
15.421,4000,80,-1,7.929920754492203,10,7.931640625,-0.04518214613199234,-7.415767669677734,-1.421010971069336,0.01142495684325695,23.5,2.637087345123291,0.11221648277120387,37.0,nan,0,0.5828325748443604,-2.17852783203125,nan
15.441,4000,80,-1,7.928917212841778,10,7.9306182861328125,-0.05390819534659386,-6.211932182312012,-1.2157697677612305,0.042863503098487854,23.5,2.3630614280700684,0.10055580544979015,37.0,nan,0,0.5317572355270386,-2.6446235179901123,nan
15.461,4000,80,-1,7.927929381591829,10,7.929443359375,-0.0624273419380188,-5.235848903656006,-1.046919584274292,0.05561140924692154,23.5,2.100731372833252,0.08939282437588306,37.0,nan,0,0.4725019931793213,-3.181567668914795,nan
15.481,4000,80,-1,7.926920256591992,10,7.9280853271484375,-0.06260088831186295,-3.9497692584991455,-0.7730300426483154,-0.04976349323987961,23.5,1.3022284507751465,0.055413976628729635,37.0,nan,0,0.40470096468925476,-2.7920048236846924,nan
15.501,4000,80,-1,7.925918814892074,10,7.927276611328125,-0.03170028701424599,-6.650906085968018,-1.3016836643218994,-0.06931078433990479,23.5,2.192176342010498,0.0932840996600212,37.0,nan,0,0.364590585231781,-1.4611449241638184,nan
15.521,4000,80,-1,7.924919781592334,10,7.9266510009765625,-0.03732464089989662,-7.459639549255371,-1.4618504047393799,0.17183247208595276,23.5,3.223254680633545,0.13715977364398063,37.0,nan,0,0.3331075608730316,-2.3033673763275146,nan
15.541,4000,80,-1,7.923918404492006,10,7.9257659912109375,-0.042164016515016556,-8.337118148803711,-1.4965884685516357,0.04197878763079643,23.5,3.0608835220336914,0.13025036263973155,37.0,nan,0,0.288684606552124,-2.0574610233306885,nan
15.56,4000,80,-1,7.9229610753420365,10,7.9248809814453125,-0.04636887088418007,-7.815302848815918,-1.529573917388916,-0.13166549801826477,23.5,3.3215408325195312,0.1413421630859375,37.0,nan,0,0.2448711395263672,-2.1368508338928223,nan
15.581,4000,80,-1,7.921920175341811,10,7.924072265625,-0.0395483635365963,-9.008997917175293,-1.7312743663787842,0.007854393683373928,23.5,4.082431793212891,0.1737205018388464,37.0,nan,0,0.20393696427345276,-2.2213308811187744,nan
15.6,4000,80,-1,7.920962481592151,10,7.923126220703125,-0.05101235210895538,-7.839181900024414,-1.5342473983764648,0.09647159278392792,23.5,3.622147560119629,0.15413393872849485,37.0,nan,0,0.15655848383903503,-2.579974889755249,nan
15.621,4000,80,-1,7.919919504492292,10,7.9220733642578125,-0.04721972718834877,-9.43531608581543,-1.8466352224349976,-0.16064989566802979,23.5,4.265863418579102,0.18152610291825963,37.0,nan,0,0.10410840064287186,-1.966957688331604,nan
15.641,4000,80,-1,7.918919846141954,10,7.9212799072265625,-0.04078584909439087,-9.82193660736084,-1.9223027229309082,0.016123540699481964,23.5,4.742408275604248,0.20180460747252119,37.0,nan,0,0.06439130753278732,-2.1772830486297607,nan
15.661,4000,80,-1,7.917935204492106,10,7.920135498046875,-0.06294538080692291,-7.129151344299316,-1.395283579826355,-0.18731296062469482,23.5,3.6579318046569824,0.155656672538595,37.0,nan,0,0.007562956307083368,-3.220841407775879,nan
15.681,4000,80,-1,7.916927846142071,10,7.9188079833984375,-0.07133799046278,-5.917201042175293,-1.1580864191055298,0.10879340767860413,23.5,2.299980401992798,0.09787150646777863,37.0,nan,0,0.9412418603897095,-3.9213526248931885,nan
15.701,4000,80,-1,7.915920450341956,10,7.917388916015625,-0.05964347720146179,-4.157491207122803,-0.813684344291687,-0.2917153239250183,23.5,1.873957872390747,0.0797428881868403,37.0,nan,0,0.8701191544532776,-2.5248477458953857,nan
15.721,4000,80,-1,7.914914523241905,10,7.9166717529296875,-0.0364564023911953,-8.094184875488281,-1.5404781103134155,0.03421833738684654,23.5,3.4375600814819336,0.14627915240348655,37.0,nan,0,0.8341878652572632,-2.120251178741455,nan
15.741,4000,80,-1,7.913923775342128,10,7.9156646728515625,-0.05155381187796593,-6.922005653381348,-1.2874101400375366,0.20434758067131042,23.5,2.447023391723633,0.1041286549669631,37.0,nan,0,0.7841452956199646,-2.390399932861328,nan
15.761,4000,80,-1,7.91291662534205,10,7.914520263671875,-0.05776475369930267,-4.875240325927734,-0.9541589021682739,-0.03460271656513214,23.5,2.278059959411621,0.09693872167709026,37.0,nan,0,0.726563572883606,-2.6954970359802246,nan
15.781,4000,80,-1,7.911916056591881,10,7.913543701171875,-0.049490876495838165,-6.271865367889404,-1.2274996042251587,0.053543493151664734,23.5,2.442518711090088,0.10393696642936544,37.0,nan,0,0.6775760650634766,-2.345719575881958,nan
15.801,4000,80,-1,7.910917708642237,10,7.9125518798828125,-0.049637213349342346,-6.013909339904785,-1.1770137548446655,0.04752166196703911,23.5,2.3828039169311523,0.10139591135877243,37.0,nan,0,0.6280772686004639,-2.466996192932129,nan
15.821,4000,80,-1,7.909917973241691,10,7.911529541015625,-0.04644465819001198,-7.892650604248047,-1.5447120666503906,-0.1364133656024933,23.5,2.6152079105377197,0.11128544300160509,37.0,nan,0,0.5773070454597473,-2.212296962738037,nan
15.841,4000,80,-1,7.908936925342287,10,7.9105682373046875,-0.05236145853996277,-6.083763599395752,-1.1906852722167969,-0.14769430458545685,23.5,2.4259068965911865,0.10323008070600793,37.0,nan,0,0.5293389558792114,-2.6554815769195557,nan
15.861,4000,80,-1,7.907918935742064,10,7.90936279296875,-0.06134917587041855,-4.563562393188477,-0.9799607992172241,-0.018337957561016083,23.5,2.027738094329834,0.08628672741829081,37.0,nan,0,0.468686580657959,-2.928891181945801,nan
15.881,4000,80,-1,7.906918206591954,10,7.9080963134765625,-0.06191876903176308,-3.8777217864990234,-0.7589292526245117,-0.06231982260942459,23.5,1.5393102169036865,0.06550256242143347,37.0,nan,0,0.40575605630874634,-3.003779649734497,nan
15.901,4000,80,-1,7.905916794091909,10,7.9071197509765625,-0.037422794848680496,-6.1119184494018555,-1.2688939571380615,-0.050460170954465866,23.5,1.7792911529541016,0.07571451714698305,37.0,nan,0,0.35677146911621094,-1.4205026626586914,nan
15.921,4000,80,-1,7.904934685742055,10,7.9066162109375,-0.029804889112710953,-7.698646068572998,-1.5067423582077026,0.02003466710448265,23.5,3.184380531311035,0.13550555452387383,37.0,nan,0,0.33136653900146484,-1.5281784534454346,nan
15.941,4000,80,-1,7.903916556591875,10,7.9058074951171875,-0.04218210652470589,-8.548178672790527,-1.6730087995529175,0.051520030945539474,23.5,3.5427181720733643,0.15075396476907932,37.0,nan,0,0.29115113615989685,-2.19928240776062,nan
15.961,4000,80,-1,7.902916623242354,10,7.904876708984375,-0.049283578991889954,-7.958256244659424,-1.5575520992279053,-0.13232848048210144,23.5,3.2397043704986572,0.13785976044675138,37.0,nan,0,0.24419546127319336,-2.4361846446990967,nan
15.981,4000,80,-1,7.901927598242046,10,7.90399169921875,-0.0412924699485302,-8.723819732666016,-1.707384467124939,0.037874735891819,23.5,3.845522880554199,0.16363927151294463,37.0,nan,0,0.2004583477973938,-2.1590120792388916,nan
16.001,4000,80,-1,7.900915604492193,10,7.9030303955078125,-0.048050571233034134,-8.469852447509766,-1.6576793193817139,-0.18195681273937225,23.5,3.796337604522705,0.16154628104351937,37.0,nan,0,0.15186657011508942,-2.3693315982818604,nan
16.021,4000,80,-1,7.899917416991966,10,7.9020233154296875,-0.05204334482550621,-8.888065338134766,-1.7395298480987549,-0.07761116325855255,23.5,3.8615505695343018,0.16432130083124688,37.0,nan,0,0.1015058308839798,-2.6344974040985107,nan
16.041,4000,80,-1,7.898934708641909,10,7.9011993408203125,-0.040349673479795456,-9.285398483276367,-1.8172940015792847,0.07987425476312637,23.5,4.321756839752197,0.18390454637243392,37.0,nan,0,0.060236524790525436,-2.281449556350708,nan
16.061,4000,80,-1,7.897916527392235,10,7.9000701904296875,-0.06039843335747719,-7.649567604064941,-1.4971369504928589,-0.010902362875640392,23.5,3.407147169113159,0.1449849859197089,37.0,nan,0,0.003958775661885738,-3.1847920417785645,nan
16.081,4000,80,-1,7.8969286440922675,10,7.8988037109375,-0.0648006945848465,-5.949718475341797,-1.1644506454467773,0.05316140875220299,23.5,2.596127510070801,0.11047351106684258,37.0,nan,0,0.9406489729881287,-3.4533379077911377,nan
16.101,4000,80,-1,7.895912964892349,10,7.8973388671875,-0.06906548142433167,-4.862515449523926,-0.6833674907684326,-0.14335501194000244,23.5,1.5905685424804688,0.06768376776512633,37.0,nan,0,0.8675051331520081,-2.9620659351348877,nan
16.121,4000,80,-1,7.8949182794916934,10,7.89654541015625,-0.0326639786362648,-7.425479412078857,-1.4532794952392578,-0.1410391479730606,23.5,3.0552749633789062,0.13001170056931516,37.0,nan,0,0.827965497970581,-1.568687081336975,nan
16.141,4000,80,-1,7.893921631592101,10,7.895721435546875,-0.04734467715024948,-7.580122470855713,-1.4835455417633057,-0.01565338671207428,23.5,2.7961084842681885,0.11898333975609313,37.0,nan,0,0.7863388657569885,-2.569141149520874,nan
16.161,4000,80,-1,7.892920639891972,10,7.89459228515625,-0.0577617771923542,-6.523734092712402,-1.276794195175171,0.07424790412187576,23.5,2.1789324283599854,0.09272052886638235,37.0,nan,0,0.7303085923194885,-2.8849666118621826,nan
16.181,4000,80,-1,7.891920352391762,10,7.8934783935546875,-0.054536789655685425,-5.569552421569824,-1.179721713066101,-0.06730565428733826,23.5,2.3977556228637695,0.10203215416441573,37.0,nan,0,0.6747769117355347,-2.658945083618164,nan
16.201,4000,80,-1,7.890917052391896,10,7.8924102783203125,-0.0507415272295475,-5.234501361846924,-1.0244717597961426,-0.023421553894877434,23.5,2.267503023147583,0.09648949034670566,37.0,nan,0,0.6209400296211243,-2.5544180870056152,nan
16.221,4000,80,-1,7.8899200732419645,10,7.891387939453125,-0.04795878008008003,-6.853209495544434,-1.3412775993347168,0.03358176350593567,23.5,1.9958865642547607,0.08493134315977706,37.0,nan,0,0.5701339840888977,-2.275803565979004,nan
16.241,4000,80,-1,7.8889207669919506,10,7.89044189453125,-0.05126577615737915,-5.40249490737915,-1.0728613138198853,-0.0053249625489115715,23.5,2.079340934753418,0.08848259296823055,37.0,nan,0,0.5225866436958313,-2.718648910522461,nan
16.261,4000,80,-1,7.887945923241941,10,7.8892822265625,-0.06080389395356178,-4.876049995422363,-0.9543173313140869,0.0030386256985366344,23.5,1.543259620666504,0.06567062215602144,37.0,nan,0,0.4645775258541107,-3.0373458862304688,nan
16.281,4000,80,-1,7.88692027534199,10,7.8881072998046875,-0.052931517362594604,-4.497767448425293,-0.8802816271781921,0.0830804854631424,23.5,1.568974494934082,0.06676487212485456,37.0,nan,0,0.4057576656341553,-2.6346845626831055,nan
16.301,4000,80,-1,7.885920141991673,10,7.8870697021484375,-0.04595009610056877,-5.442071914672852,-1.065096378326416,0.1678362935781479,23.5,1.3219852447509766,0.056254691265999,37.0,nan,0,0.35412055253982544,-1.9173494577407837,nan
16.321,4000,80,-1,7.884919744091903,10,7.8864288330078125,-0.030430590733885765,-7.518077850341797,-1.471217155456543,0.04531983286142349,23.5,2.8344225883483887,0.12061372716376122,37.0,nan,0,0.322361558675766,-1.4571385383605957,nan
16.341,4000,80,-1,7.883919637842345,10,7.88580322265625,-0.032999325543642044,-9.509112358093262,-1.861078143119812,0.09120258688926697,23.5,3.452998638153076,0.14693611226183304,37.0,nan,0,0.29073721170425415,-1.7352659702301025,nan
16.361,4000,80,-1,7.882942054492022,10,7.8848876953125,-0.050284046679735184,-7.545536994934082,-1.4767765998840332,-0.009195205755531788,23.5,3.3348047733306885,0.14190658609917822,37.0,nan,0,0.24500398337841034,-2.4168410301208496,nan
16.381,4000,80,-1,7.881943348242211,10,7.88397216796875,-0.044885896146297455,-7.95880126953125,-1.5576586723327637,0.09231545776128769,23.5,3.711113452911377,0.15791972140048413,37.0,nan,0,0.1990220695734024,-2.464287042617798,nan
16.401,4000,80,-1,7.8809172982422835,10,7.8829193115234375,-0.04772944748401642,-8.058677673339844,-1.577206015586853,-0.12838292121887207,23.5,3.514747381210327,0.14956371834937562,37.0,nan,0,0.14665302634239197,-2.207233428955078,nan
16.42,4000,80,-1,7.87995760034174,10,7.881927490234375,-0.05548872426152229,-7.6183295249938965,-1.491023302078247,0.06295458972454071,23.5,3.3091542720794678,0.14081507540763694,37.0,nan,0,0.09726858139038086,-2.8206393718719482,nan
16.441,4000,80,-1,7.8789145044917035,10,7.88104248046875,-0.04139009863138199,-8.82149887084961,-1.726501703262329,-0.1991063356399536,23.5,4.498429775238037,0.19142254362715053,37.0,nan,0,0.05253429338335991,-2.2569193840026855,nan
16.461,4000,80,-1,7.877915106592272,10,7.8800048828125,-0.05234542116522789,-8.149846076965332,-1.5950491428375244,0.06709221005439758,23.5,3.476494073867798,0.14793591803692757,37.0,nan,0,0.0007557451608590782,-2.701874017715454,nan
16.481,4000,80,-1,7.876916035742042,10,7.87872314453125,-0.06268783658742905,-6.757477760314941,-1.155400276184082,-0.027246743440628052,23.5,2.5775907039642334,0.10968471080698866,37.0,nan,0,0.9369194507598877,-2.7533695697784424,nan
16.501,4000,80,-1,7.875916658641662,10,7.8773956298828125,-0.07230368256568909,-3.814464807510376,-0.7465488910675049,-0.0899895578622818,23.5,1.6754143238067627,0.07129422654496863,37.0,nan,0,0.8705759048461914,-3.5731425285339355,nan
16.521,4000,80,-1,7.874914487842042,10,7.876373291015625,-0.038260567933321,-7.468960285186768,-1.3623931407928467,-0.14808493852615356,23.5,2.6276323795318604,0.1118141438098664,37.0,nan,0,0.8193879127502441,-1.7743399143218994,nan
16.541,4000,80,-1,7.873918491991943,10,7.87567138671875,-0.03761086240410805,-8.063911437988281,-1.578230381011963,0.11510540544986725,23.5,2.849903106689453,0.12127247262508312,37.0,nan,0,0.7841877937316895,-2.1658143997192383,nan
16.561,4000,80,-1,7.872916048242049,10,7.874603271484375,-0.05749494954943657,-6.580117225646973,-1.2878292798995972,-0.07444792985916138,23.5,2.246940851211548,0.09561450430687438,37.0,nan,0,0.7306547164916992,-2.819377899169922,nan
16.581,4000,80,-1,7.871940460742197,10,7.87353515625,-0.05591488257050514,-6.196620464324951,-1.212773084640503,-0.05784491449594498,23.5,2.555084705352783,0.1087270087384163,37.0,nan,0,0.6772854924201965,-2.741365432739258,nan
16.601,4000,80,-1,7.870916566991953,10,7.8723907470703125,-0.05311737582087517,-6.418466567993164,-1.2561917304992676,0.056190766394138336,23.5,2.1493802070617676,0.09146298753454331,37.0,nan,0,0.6198306679725647,-2.632190227508545,nan
16.621,4000,80,-1,7.869930604491682,10,7.871337890625,-0.051589563488960266,-6.353006362915039,-1.1030700206756592,0.12276527285575867,23.5,1.5914957523345947,0.06772322350359977,37.0,nan,0,0.5673363208770752,-2.490540027618408,nan
16.641,4000,80,-1,7.868946571141722,10,7.87042236328125,-0.04857056215405464,-6.280697822570801,-1.2292282581329346,0.05958974361419678,23.5,2.084573268890381,0.08870524548469706,37.0,nan,0,0.5217652320861816,-2.3996548652648926,nan
16.661,4000,80,-1,7.867943575342368,10,7.8692779541015625,-0.06132623180747032,-4.062742710113525,-0.7951406836509705,0.10523949563503265,23.5,1.8081374168395996,0.0769420177378553,37.0,nan,0,0.464107483625412,-3.1540112495422363,nan
16.681,4000,80,-1,7.866920704492085,10,7.8680877685546875,-0.047244228422641754,-4.309179782867432,-1.0956693887710571,-0.04995923861861229,23.5,1.8711678981781006,0.07962416587991918,37.0,nan,0,0.4052673578262329,-2.2432968616485596,nan
16.701,4000,80,-1,7.865945587842005,10,7.8670654296875,-0.05294326692819595,-3.708932638168335,-0.7258946299552917,0.031720370054244995,23.5,1.3520981073379517,0.05753608967395539,37.0,nan,0,0.35364145040512085,-2.4681248664855957,nan
16.721,4000,80,-1,7.86492111074186,10,7.8663177490234375,-0.03390207514166832,-7.307321548461914,-1.4301542043685913,-0.07613399624824524,23.5,2.557711124420166,0.10883877125192196,37.0,nan,0,0.3164140284061432,-1.7618695497512817,nan
16.741,4000,80,-1,7.863920337842145,10,7.86578369140625,-0.02571846917271614,-9.740330696105957,-1.9063313007354736,0.14498108625411987,23.5,3.599102020263672,0.1531532774580286,37.0,nan,0,0.29015910625457764,-1.3793209791183472,nan
16.761,4000,80,-1,7.862919923241869,10,7.8649139404296875,-0.05063830688595772,-8.003167152404785,-1.566341757774353,-0.08578787744045258,23.5,3.758464813232422,0.15993467290350732,37.0,nan,0,0.24625854194164276,-2.5215258598327637,nan
16.781,4000,80,-1,7.861918135741879,10,7.863983154296875,-0.044619884341955185,-8.802824020385742,-1.7228467464447021,0.1432337611913681,23.5,3.7692809104919434,0.1603949323613593,37.0,nan,0,0.19939422607421875,-2.405200481414795,nan
16.801,4000,80,-1,7.8609396086416465,10,7.8629302978515625,-0.050382521003484726,-8.409058570861816,-1.695198893547058,0.05008412152528763,23.5,3.489180088043213,0.14847574842737077,37.0,nan,0,0.14687682688236237,-2.5575432777404785,nan
16.821,4000,80,-1,7.859918908641711,10,7.861846923828125,-0.05573749542236328,-7.453930377960205,-1.4588477611541748,-0.09719283878803253,23.5,3.3435394763946533,0.14227827559126185,37.0,nan,0,0.093253955245018,-2.7130486965179443,nan
16.841,4000,80,-1,7.858919239891846,10,7.8608856201171875,-0.04730397090315819,-8.127094268798828,-1.5905961990356445,-0.0050188456661999226,23.5,3.6992387771606445,0.15741441604938913,37.0,nan,0,0.044720910489559174,-2.3850176334381104,nan
16.861,4000,80,-1,7.857917450342218,10,7.8598785400390625,-0.048707135021686554,-7.520484924316406,-1.4718735218048096,-0.1863805651664734,23.5,3.4708337783813477,0.14769505439920627,37.0,nan,0,0.9947571754455566,-2.4637229442596436,nan
16.881,4000,80,-1,7.856917781592354,10,7.8585968017578125,-0.06602334976196289,-5.9430646896362305,-1.1631484031677246,0.009283266961574554,23.5,2.188438653945923,0.09312504910408183,37.0,nan,0,0.93027663230896,-3.0989339351654053,nan
16.901,4000,80,-1,7.855917194092042,10,7.85736083984375,-0.06786487251520157,-4.146987438201904,-0.7918869853019714,-0.1751105785369873,23.5,1.8768672943115234,0.07986669337495844,37.0,nan,0,0.8688581585884094,-3.6638553142547607,nan
16.92,4000,80,-1,7.854964921141807,10,7.8562774658203125,-0.047256287187337875,-4.985483646392822,-0.9757351875305176,0.1313553750514984,23.5,1.56174635887146,0.06645729186687063,37.0,nan,0,0.8141582608222961,-2.130187749862671,nan
16.941,4000,80,-1,7.853943269092277,10,7.85565185546875,-0.02626216411590576,-8.676210403442383,-1.7475745677947998,0.11220576614141464,23.5,3.1125049591064453,0.13244701953644447,37.0,nan,0,0.783275842666626,-1.4745086431503296,nan
16.961,4000,80,-1,7.852917248242018,10,7.8546600341796875,-0.05818707495927811,-6.272775650024414,-1.227677822113037,-0.06750890612602234,23.5,2.5503413677215576,0.10852516458389606,37.0,nan,0,0.7332699298858643,-3.2039153575897217,nan
16.981,4000,80,-1,7.851935777391925,10,7.853515625,-0.056770313531160355,-5.569985866546631,-1.090131163597107,0.046281006187200546,23.5,2.1653287410736084,0.09214164855632376,37.0,nan,0,0.6761063933372498,-2.836824417114258,nan
17.0,4000,80,-1,7.85096217534229,10,7.8524322509765625,-0.05269617587327957,-4.824068069458008,-0.9441436529159546,0.003853920614346862,23.5,2.32094407081604,0.09876357748153362,37.0,nan,0,0.622016429901123,-2.408622980117798,nan
17.02,4000,80,-1,7.849965269092361,10,7.851287841796875,-0.055701155215501785,-3.7187178134918213,-1.0406450033187866,0.12723635137081146,23.5,1.5357666015625,0.06535177027925532,37.0,nan,0,0.5652332901954651,-2.5685341358184814,nan
17.041,4000,80,-1,7.848916562842358,10,7.8502349853515625,-0.05168674886226654,-4.481985569000244,-0.8771928548812866,-0.06063396483659744,23.5,1.7029728889465332,0.07246693144453333,37.0,nan,0,0.5123515129089355,-2.6654720306396484,nan
17.061,4000,80,-1,7.847915956591903,10,7.84912109375,-0.05830632522702217,-4.950732231140137,-0.9689337611198425,-0.12671418488025665,23.5,1.782660722732544,0.07585790309500187,37.0,nan,0,0.4569457471370697,-2.8324477672576904,nan
17.081,4000,80,-1,7.846925019092311,10,7.8480377197265625,-0.0465627945959568,-4.575459003448486,-0.8954870700836182,0.054587267339229584,23.5,1.5694594383239746,0.06678550801378616,37.0,nan,0,0.4024176001548767,-2.123368978500366,nan
17.101,4000,80,-1,7.845927831591696,10,7.847076416015625,-0.05228056013584137,-3.7124593257904053,-0.7265848517417908,-0.0021396654192358255,23.5,1.3290739059448242,0.05655633642318401,37.0,nan,0,0.35418254137039185,-2.5303518772125244,nan
17.12,4000,80,-1,7.844952439892229,10,7.8462677001953125,-0.03821762651205063,-6.42976188659668,-1.2584023475646973,0.014585038647055626,23.5,2.1099040508270264,0.08978315109902239,37.0,nan,0,0.3139643967151642,-1.8475841283798218,nan
17.141,4000,80,-1,7.843919452391862,10,7.845703125,-0.024643143638968468,-9.051337242126465,-1.771484613418579,0.12245779484510422,23.5,3.08855938911438,0.13142805911125022,37.0,nan,0,0.2855410575866699,-1.208374261856079,nan
17.161,4000,80,-1,7.842918158641994,10,7.84490966796875,-0.0445951372385025,-8.556437492370605,-1.674625277519226,-0.05096220225095749,23.5,3.8375537395477295,0.16330015912969062,37.0,nan,0,0.24608509242534637,-2.3179516792297363,nan
17.181,4000,80,-1,7.841917631591794,10,7.8439788818359375,-0.045625489205121994,-8.69715404510498,-1.7021656036376953,0.1386687457561493,23.5,3.8779282569885254,0.16501822370163938,37.0,nan,0,0.19967670738697052,-2.3490312099456787,nan
17.201,4000,80,-1,7.840918816992059,10,7.8428955078125,-0.052734579890966415,-7.600842475891113,-1.4876006841659546,-0.04482951760292053,23.5,3.484069347381592,0.14825827010134432,37.0,nan,0,0.14571428298950195,-2.586437940597534,nan
17.221,4000,80,-1,7.8399120898917385,10,7.841796875,-0.05290159583091736,-7.968353271484375,-1.5595282316207886,0.008855901658535004,23.5,3.144059181213379,0.13378975239205868,37.0,nan,0,0.09081561118364334,-2.406383514404297,nan
17.241,4000,80,-1,7.838917381592189,10,7.8408050537109375,-0.052746228873729706,-7.184922695159912,-1.4056313037872314,0.07810737192630768,23.5,3.022275924682617,0.1286074861567071,37.0,nan,0,0.04053333401679993,-2.6069633960723877,nan
17.261,4000,80,-1,7.837920154492174,10,7.8398284912109375,-0.04791869968175888,-7.767566204071045,-1.5202311277389526,0.09124839305877686,23.5,3.147136688232422,0.13392071013754986,37.0,nan,0,0.9922409057617188,-2.4295036792755127,nan
17.281,4000,80,-1,7.836920941992146,10,7.838592529296875,-0.06853988021612167,-5.464303016662598,-1.1166470050811768,-0.04738346487283707,23.5,2.2168543338775635,0.09433422697351333,37.0,nan,0,0.9300180077552795,-3.635509967803955,nan
17.301,4000,80,-1,7.835913000341686,10,7.837371826171875,-0.058569662272930145,-4.355141639709473,-0.8523675799369812,-0.11947520822286606,23.5,1.9322896003723145,0.0822250893775453,37.0,nan,0,0.8690670132637024,-2.9542479515075684,nan
17.321,4000,80,-1,7.834920350342152,10,7.836181640625,-0.05724755674600601,-4.928041934967041,-0.9644929766654968,-0.08563470840454102,23.5,1.7259244918823242,0.07344359539924784,37.0,nan,0,0.8098447322845459,-2.7003564834594727,nan
17.341,4000,80,-1,7.833919494091977,10,7.8354034423828125,-0.03301570937037468,-7.97062349319458,-1.455393671989441,0.1396891176700592,23.5,2.595336437225342,0.11043984839256774,37.0,nan,0,0.7710555195808411,-1.628677487373352,nan
17.361,4000,80,-1,7.832940500341654,10,7.8345184326171875,-0.0475052073597908,-5.438427925109863,-1.0643832683563232,-0.13471339643001556,23.5,2.530742883682251,0.10769118653967026,37.0,nan,0,0.7267194390296936,-2.3182804584503174,nan
17.381,4000,80,-1,7.83194307534214,10,7.83355712890625,-0.05153058096766472,-6.164818286895752,-1.2065489292144775,-0.01850150153040886,23.5,2.5046963691711426,0.10658282422004862,37.0,nan,0,0.6785277724266052,-2.700150728225708,nan
17.401,4000,80,-1,7.830915258642206,10,7.83245849609375,-0.05261866748332977,-5.670897483825684,-1.109881043434143,-0.04268696531653404,23.5,2.357975482940674,0.10033938225279464,37.0,nan,0,0.6231765747070312,-2.6989378929138184,nan
17.421,4000,80,-1,7.829916289891852,10,7.831298828125,-0.055502042174339294,-4.582657814025879,-0.8968960046768188,-0.02130024880170822,23.5,1.8252031803131104,0.07766822043885575,37.0,nan,0,0.5655326247215271,-2.591279983520508,nan
17.441,4000,80,-1,7.828946741991976,10,7.8302459716796875,-0.0562707856297493,-4.448182582855225,-0.8705770969390869,-0.1234436184167862,23.5,1.7008519172668457,0.07237667733050407,37.0,nan,0,0.5131009817123413,-2.726335048675537,nan
17.461,4000,80,-1,7.827946537842226,10,7.82916259765625,-0.056126952171325684,-4.864582061767578,-0.9520728588104248,-0.22010616958141327,23.5,1.8141570091247559,0.07719817060105344,37.0,nan,0,0.45863592624664307,-2.898754358291626,nan
17.48,4000,80,-1,7.8269553669917595,10,7.8280181884765625,-0.050253305584192276,-4.675784111022949,-0.8060495853424072,0.08962193131446838,23.5,1.3842170238494873,0.058902852078701586,37.0,nan,0,0.40137603878974915,-2.392943859100342,nan
17.501,4000,80,-1,7.825907904491768,10,7.8270416259765625,-0.04609004780650139,-4.677668571472168,-0.9154910445213318,-0.03702639043331146,23.5,1.685981273651123,0.07174388398515417,37.0,nan,0,0.35246142745018005,-2.2872848510742188,nan
17.52,4000,80,-1,7.824966708642031,10,7.8262176513671875,-0.04485901817679405,-5.2895026206970215,-1.0352363586425781,0.03814069181680679,23.5,1.728935956954956,0.07357174284914707,37.0,nan,0,0.31119823455810547,-2.1149938106536865,nan
17.541,4000,80,-1,7.823914987842008,10,7.825531005859375,-0.027431463822722435,-8.073705673217773,-1.5801472663879395,0.0656527727842331,23.5,2.9988040924072266,0.12760868478328624,37.0,nan,0,0.2775723934173584,-1.535576343536377,nan
17.561,4000,80,-1,7.8229341336416915,10,7.8248291015625,-0.037544164806604385,-9.09683895111084,-1.7366069555282593,0.06816063076257706,23.5,3.4926488399505615,0.14862335489151327,37.0,nan,0,0.24233253300189972,-2.04597806930542,nan
17.58,4000,80,-1,7.821949025341754,10,7.8240203857421875,-0.04286164045333862,-9.014626502990723,-1.7642998695373535,0.05565605312585831,23.5,3.897922992706299,0.16586906351941696,37.0,nan,0,0.20177330076694489,-2.276118040084839,nan
17.601,4000,80,-1,7.820917362842017,10,7.8228759765625,-0.053484465926885605,-7.8726606369018555,-1.540799617767334,0.013327485881745815,23.5,3.252389430999756,0.13839955025530876,37.0,nan,0,0.1442357301712036,-2.7148525714874268,nan
17.62,4000,80,-1,7.819965571141809,10,7.8217926025390625,-0.06036513298749924,-6.875781536102295,-1.3456953763961792,-0.028247980400919914,23.5,2.9923391342163086,0.1273335801794174,37.0,nan,0,0.09054090082645416,-2.891538143157959,nan
17.64,4000,80,-1,7.818959885741795,10,7.820709228515625,-0.05843205377459526,-6.341655731201172,-1.2411587238311768,0.1937628835439682,23.5,2.8517675399780273,0.12135181021183095,37.0,nan,0,0.03629535064101219,-2.9525296688079834,nan
17.661,4000,80,-1,7.81791976074165,10,7.8196258544921875,-0.04751674085855484,-6.826409816741943,-1.3360323905944824,0.027341775596141815,23.5,3.012998104095459,0.12821268528065782,37.0,nan,0,0.9817293286323547,-2.569692850112915,nan
17.681,4000,80,-1,7.816928744092009,10,7.8184661865234375,-0.05981667339801788,-6.158654689788818,-1.2053426504135132,0.24839869141578674,23.5,1.710768699645996,0.07279866807004239,37.0,nan,0,0.9238867163658142,-2.9811689853668213,nan
17.701,4000,80,-1,7.815916421142181,10,7.8172760009765625,-0.05319781228899956,-5.393514633178711,-0.9267163276672363,-0.09767254441976547,23.5,1.9456560611724854,0.08279387494351001,37.0,nan,0,0.8642084002494812,-2.4911208152770996,nan
17.721,4000,80,-1,7.814917260741647,10,7.8161773681640625,-0.058040883392095566,-5.003412246704102,-0.9792439937591553,0.11523832380771637,23.5,1.5480191707611084,0.06587315620260036,37.0,nan,0,0.8092607855796814,-3.0180206298828125,nan
17.741,4000,80,-1,7.813914354491869,10,7.8152923583984375,-0.03804575651884079,-5.976465225219727,-1.1696853637695312,-0.0008615758270025253,23.5,2.4184329509735107,0.1029120404669579,37.0,nan,0,0.7652486562728882,-1.8989051580429077,nan
17.761,4000,80,-1,7.812914910742263,10,7.81451416015625,-0.04014565795660019,-7.5200371742248535,-1.4717859029769897,-0.01934627816081047,23.5,2.612239122390747,0.11115911159109562,37.0,nan,0,0.7266954779624939,-2.039538860321045,nan
17.781,4000,80,-1,7.811917629491661,10,7.8134918212890625,-0.05850266292691231,-5.2356743812561035,-1.0247012376785278,0.008742248639464378,23.5,2.194084644317627,0.09336530401351605,37.0,nan,0,0.6750572323799133,-2.8420169353485107,nan
17.8,4000,80,-1,7.810951879491774,10,7.812408447265625,-0.052870701998472214,-5.517253875732422,-1.079810619354248,0.11797096580266953,23.5,2.1701483726501465,0.09234673926170836,37.0,nan,0,0.6208103895187378,-2.7283856868743896,nan
17.821,4000,80,-1,7.809917379492259,10,7.8112030029296875,-0.05495821684598923,-4.722839832305908,-0.924331784248352,0.15036362409591675,23.5,1.5041022300720215,0.0640043502158307,37.0,nan,0,0.5604420304298401,-2.4947218894958496,nan
17.841,4000,80,-1,7.808916925342061,10,7.810089111328125,-0.05782598257064819,-4.681897163391113,-0.9163186550140381,-0.16942253708839417,23.5,1.5295560359954834,0.06508749089342483,37.0,nan,0,0.505200207233429,-2.8476972579956055,nan
17.861,4000,80,-1,7.80791662739212,10,7.808990478515625,-0.05439888313412666,-4.3904008865356445,-0.859268307685852,0.16319049894809723,23.5,1.3141263723373413,0.05592027116329112,37.0,nan,0,0.44977790117263794,-2.7624313831329346,nan
17.881,4000,80,-1,7.806926464891881,10,7.8079833984375,-0.050959352403879166,-4.143797397613525,-0.8110042810440063,0.053668033331632614,23.5,1.3692048788070679,0.058264037396045444,37.0,nan,0,0.3998624384403229,-2.652588129043579,nan
17.901,4000,80,-1,7.805913269091985,10,7.807037353515625,-0.03905605152249336,-5.662431716918945,-1.1082241535186768,-0.06062384694814682,23.5,1.73687744140625,0.07390967835771277,37.0,nan,0,0.3526245653629303,-1.589369773864746,nan
17.92,4000,80,-1,7.804960289892192,10,7.8061676025390625,-0.050606321543455124,-4.801482200622559,-0.9397232532501221,0.16892802715301514,23.5,1.5802488327026367,0.0672446311788356,37.0,nan,0,0.3088615834712982,-2.6359028816223145,nan
17.941,4000,80,-1,7.80391841699166,10,7.805419921875,-0.03180284425616264,-7.547521591186523,-1.4771651029586792,0.04269888997077942,23.5,2.7942938804626465,0.11890612257287857,37.0,nan,0,0.2717123329639435,-1.826732873916626,nan
17.961,4000,80,-1,7.80294135659206,10,7.8047027587890625,-0.034042175859212875,-8.22564697265625,-1.60988450050354,-0.06818626821041107,23.5,3.2757139205932617,0.13939208172737283,37.0,nan,0,0.23576918244361877,-1.6817941665649414,nan
17.981,4000,80,-1,7.801926258642202,10,7.803955078125,-0.04339521378278732,-7.381160736083984,-1.4446055889129639,-0.2121976613998413,23.5,3.989774465560913,0.1697776368323793,37.0,nan,0,0.19807414710521698,-2.620645523071289,nan
18.001,4000,80,-1,7.800917685742029,10,7.8028564453125,-0.051410868763923645,-8.245458602905273,-1.5529780387878418,0.05374697968363762,23.5,3.1258556842803955,0.13301513550129343,37.0,nan,0,0.14325357973575592,-2.601510763168335,nan
18.021,4000,80,-1,7.799924635742359,10,7.801727294921875,-0.061739325523376465,-6.233668804168701,-1.3183929920196533,0.06554640829563141,23.5,2.554598331451416,0.108706311976656,37.0,nan,0,0.08660303801298141,-3.125737428665161,nan
18.04,4000,80,-1,7.798963304491922,10,7.8006744384765625,-0.05521620810031891,-6.302545070648193,-1.2335041761398315,0.11495621502399445,23.5,2.5529489517211914,0.10863612560515708,37.0,nan,0,0.03430244326591492,-2.926300048828125,nan
18.061,4000,80,-1,7.797920219092344,10,7.79937744140625,-0.057469479739665985,-5.473086357116699,-1.0711663961410522,-0.060517679899930954,23.5,2.1912193298339844,0.09324337573761636,37.0,nan,0,0.9697679281234741,-2.78961443901062,nan
18.081,4000,80,-1,7.796918327391909,10,7.798309326171875,-0.05168719217181206,-4.962574481964111,-0.9712514281272888,0.10751809179782867,23.5,1.9015483856201172,0.08091695257957945,37.0,nan,0,0.9161676168441772,-2.6341328620910645,nan
18.1,4000,80,-1,7.795957512842147,10,7.7972412109375,-0.05326027795672417,-5.785324573516846,-1.1322762966156006,-0.11866264790296555,23.5,1.9135000705718994,0.08142553491795317,37.0,nan,0,0.8625162243843079,-2.3759725093841553,nan
18.121,4000,80,-1,7.794919866992137,10,7.79620361328125,-0.05821973830461502,-5.29158878326416,-1.0356446504592896,-0.024677753448486328,23.5,1.9195606708526611,0.0816834328022409,37.0,nan,0,0.8104600310325623,-3.2350292205810547,nan
18.141,4000,80,-1,7.793921046142355,10,7.7951507568359375,-0.044609904289245605,-5.488648414611816,-1.0742121934890747,0.0035622939467430115,23.5,2.088651657104492,0.08887879391934009,37.0,nan,0,0.7582303285598755,-2.3003575801849365,nan
18.161,4000,80,-1,7.792947010741778,10,7.79443359375,-0.03357971832156181,-7.719168186187744,-1.510758876800537,-0.23260974884033203,23.5,2.5615506172180176,0.10900215392417097,37.0,nan,0,0.7225415110588074,-1.8784157037734985,nan
18.181,4000,80,-1,7.791937929492274,10,7.79351806640625,-0.05355556309223175,-5.6702470779418945,-1.1097538471221924,0.016799665987491608,23.5,2.183309555053711,0.09290678957675366,37.0,nan,0,0.6767265796661377,-2.937408685684204,nan
18.201,4000,80,-1,7.790918644092022,10,7.7923736572265625,-0.05379917472600937,-6.414237022399902,-1.255363941192627,0.04560955613851547,23.5,2.4010138511657715,0.10217080217726687,37.0,nan,0,0.6193805932998657,-2.7819936275482178,nan
18.221,4000,80,-1,7.789914498241711,10,7.79119873046875,-0.057017482817173004,-4.515705585479736,-0.8837924003601074,0.026617934927344322,23.5,1.4780521392822266,0.0628958357141373,37.0,nan,0,0.5602636933326721,-2.6483476161956787,nan
18.241,4000,80,-1,7.788921127391955,10,7.7901153564453125,-0.0579778291285038,-4.848843097686768,-0.9489924907684326,-0.23303115367889404,23.5,1.2115440368652344,0.05155506539852061,37.0,nan,0,0.506115198135376,-2.991421937942505,nan
18.261,4000,80,-1,7.787919994092231,10,7.7889404296875,-0.057408418506383896,-4.061384677886963,-0.794874906539917,-0.10723058879375458,23.5,1.4977796077728271,0.06373530245841817,37.0,nan,0,0.44755956530570984,-2.8299155235290527,nan
18.281,4000,80,-1,7.786914237841852,10,7.78790283203125,-0.04673176631331444,-3.853032350540161,-0.7540971636772156,0.17716893553733826,23.5,1.1949520111083984,0.05084902174929355,37.0,nan,0,0.3959602415561676,-2.4220001697540283,nan
18.301,4000,80,-1,7.785916944091882,10,7.7869873046875,-0.03905633091926575,-5.282578468322754,-1.0338811874389648,0.10931061208248138,23.5,1.4889291524887085,0.06335868733994504,37.0,nan,0,0.3499183654785156,-1.6954940557479858,nan
18.321,4000,80,-1,7.784918364891933,10,7.786163330078125,-0.047869522124528885,-4.805692672729492,-0.9405473470687866,-0.03199584782123566,23.5,1.9063341617584229,0.081120602628018,37.0,nan,0,0.3084685802459717,-2.7725167274475098,nan
18.341,4000,80,-1,7.783918727392306,10,7.7853240966796875,-0.037663571536540985,-6.568816184997559,-1.2850019931793213,0.11547417938709259,23.5,2.5602452754974365,0.10894660746797602,37.0,nan,0,0.2671215534210205,-1.9935978651046753,nan
18.361,4000,80,-1,7.782919187842349,10,7.78460693359375,-0.03348870947957039,-8.437983512878418,-1.651442050933838,0.10233451426029205,23.5,2.9307775497436523,0.12471393828696394,37.0,nan,0,0.23071826994419098,-1.4643529653549194,nan
18.381,4000,80,-1,7.781917514892125,10,7.783905029296875,-0.03884042426943779,-9.326983451843262,-1.8254327774047852,0.10653217881917953,23.5,3.992741346359253,0.16990388707911713,37.0,nan,0,0.19630524516105652,-2.3168907165527344,nan
18.401,4000,80,-1,7.780913596141914,10,7.7828521728515625,-0.050429973751306534,-8.19434928894043,-1.6037591695785522,0.03539198637008667,23.5,3.3806309700012207,0.14385663702132853,37.0,nan,0,0.14326201379299164,-2.5186498165130615,nan
18.421,4000,80,-1,7.779917410742205,10,7.78173828125,-0.06003747880458832,-6.44610071182251,-1.2616002559661865,0.03413892537355423,23.5,2.6324808597564697,0.11202046211729659,37.0,nan,0,0.08761981129646301,-2.949477195739746,nan
18.441,4000,80,-1,7.778931846142227,10,7.7806243896484375,-0.05570191144943237,-6.726694107055664,-1.07497239112854,0.08386866748332977,23.5,2.4591317176818848,0.1046439028800802,37.0,nan,0,0.0321190170943737,-2.840184450149536,nan
18.461,4000,80,-1,7.777923412842215,10,7.7794189453125,-0.059861455112695694,-5.488127708435059,-1.0741102695465088,0.015221940353512764,23.5,2.159291982650757,0.09188476521918114,37.0,nan,0,0.9715141654014587,-3.120460271835327,nan
18.481,4000,80,-1,7.776917071142093,10,7.7783050537109375,-0.052454035729169846,-6.015186786651611,-1.0348334312438965,0.0478394478559494,23.5,1.9348994493484497,0.08233614678078509,37.0,nan,0,0.9154881238937378,-2.6378138065338135,nan
18.501,4000,80,-1,7.775906419091921,10,7.777130126953125,-0.05877278372645378,-5.546704292297363,-1.0855746269226074,0.03790128976106644,23.5,1.5364941358566284,0.06538272918538844,37.0,nan,0,0.8570309281349182,-2.8861186504364014,nan
18.521,4000,80,-1,7.774929756591887,10,7.776214599609375,-0.047929394990205765,-5.481438636779785,-1.072801113128662,0.012578806839883327,23.5,1.8592090606689453,0.07911527917740192,37.0,nan,0,0.8109897375106812,-2.6963577270507812,nan
18.541,4000,80,-1,7.773940283642156,10,7.775177001953125,-0.04873889684677124,-5.781627655029297,-1.1315526962280273,0.021650642156600952,23.5,1.9025083780288696,0.08095780332037743,37.0,nan,0,0.7590758204460144,-2.373152256011963,nan
18.561,4000,80,-1,7.772915241991728,10,7.77435302734375,-0.037048567086458206,-6.926224231719971,-1.3555676937103271,0.00976616982370615,23.5,2.3897314071655273,0.10169069817725648,37.0,nan,0,0.7179197072982788,-1.8791841268539429,nan
18.581,4000,80,-1,7.7719150607423275,10,7.7734527587890625,-0.05046582221984863,-6.98082971572876,-1.3662548065185547,0.10674478113651276,23.5,2.1714887619018555,0.09240377710220661,37.0,nan,0,0.6735521554946899,-2.607398509979248,nan
18.601,4000,80,-1,7.770915546142357,10,7.7723388671875,-0.05523524805903435,-5.86445426940918,-1.1477631330490112,-0.03197770193219185,23.5,2.2249584197998047,0.09467908169360871,37.0,nan,0,0.6176307797431946,-2.848966598510742,nan
18.621,4000,80,-1,7.76991885864191,10,7.7711944580078125,-0.05773324891924858,-4.781332015991211,-0.9357795119285583,-0.12545573711395264,23.5,1.709801435470581,0.07275750789236515,37.0,nan,0,0.560608983039856,-2.8301780223846436,nan
18.641,4000,80,-1,7.7689201378423665,10,7.77008056640625,-0.05766298249363899,-3.158548355102539,-0.6181761026382446,-0.3818223476409912,23.5,1.5858447551727295,0.06748275553926508,37.0,nan,0,0.5049594044685364,-3.042616605758667,nan
18.66,4000,80,-1,7.767948894092121,10,7.7689361572265625,-0.05777180194854736,-2.76843523979187,-0.541824996471405,0.16323436796665192,23.5,1.0828160047531128,0.0460772767980048,37.0,nan,0,0.4475732147693634,-3.060520887374878,nan
18.681,4000,80,-1,7.766915777391848,10,7.767852783203125,-0.04368215054273605,-4.411238193511963,-0.863346517086029,-0.042571019381284714,23.5,1.421174168586731,0.06047549653560557,37.0,nan,0,0.3930405378341675,-2.1133780479431152,nan
18.701,4000,80,-1,7.765916587841645,10,7.76690673828125,-0.04374657943844795,-5.141279697418213,-1.0062267780303955,0.00974762812256813,23.5,1.5386013984680176,0.06547239993480926,37.0,nan,0,0.3459276854991913,-1.9163026809692383,nan
18.721,4000,80,-1,7.764916314891895,10,7.76611328125,-0.04213397577404976,-6.5347089767456055,-1.2789421081542969,-0.01139473170042038,23.5,1.9073891639709473,0.08116549633918925,37.0,nan,0,0.3065238296985626,-2.253607749938965,nan
18.741,4000,80,-1,7.763944604492287,10,7.7652740478515625,-0.042004480957984924,-5.940062522888184,-1.1625608205795288,0.03812600299715996,23.5,2.2287063598632812,0.09483856850482048,37.0,nan,0,0.2647544741630554,-2.083625555038452,nan
18.761,4000,80,-1,7.762924702392053,10,7.7645721435546875,-0.03048301301896572,-8.318157196044922,-1.6279901266098022,0.028980031609535217,23.5,2.838003396987915,0.12076610199948574,37.0,nan,0,0.22937628626823425,-1.3719152212142944,nan
18.781,4000,80,-1,7.7619203857422745,10,7.763885498046875,-0.03953423351049423,-8.196099281311035,-1.6293864250183105,-0.11660593748092651,23.5,4.096555233001709,0.17432149927666846,37.0,nan,0,0.19474011659622192,-2.380091905593872,nan
18.8,4000,80,-1,7.760965271142055,10,7.762939453125,-0.0503854937851429,-8.14975643157959,-1.5950316190719604,-0.05662652477622032,23.5,3.47135591506958,0.14771727298168427,37.0,nan,0,0.14725330471992493,-2.583315134048462,nan
18.821,4000,80,-1,7.759920179491752,10,7.761749267578125,-0.05945117399096489,-6.529168605804443,-1.2778578996658325,-0.05287151038646698,23.5,2.805321216583252,0.11937537091843625,37.0,nan,0,0.08792385458946228,-2.8260178565979004,nan
18.841,4000,80,-1,7.758917985742307,10,7.7605438232421875,-0.06041652709245682,-6.178114414215088,-1.2091511487960815,-0.11008238047361374,23.5,2.656172752380371,0.11302862776086685,37.0,nan,0,0.02809685654938221,-3.0857338905334473,nan
18.861,4000,80,-1,7.757918100342073,10,7.7593841552734375,-0.06010697782039642,-5.219758033752441,-1.0215861797332764,0.08033603429794312,23.5,1.9616508483886719,0.083474504186752,37.0,nan,0,0.9695633053779602,-3.1829776763916016,nan
18.88,4000,80,-1,7.756951085742191,10,7.75823974609375,-0.054283369332551956,-4.416565418243408,-0.8643891215324402,-0.003251203102990985,23.5,1.7078590393066406,0.07267485273645279,37.0,nan,0,0.9129275679588318,-2.398796796798706,nan
18.901,4000,80,-1,7.755920187842282,10,7.75714111328125,-0.056895699352025986,-5.549603462219238,-1.0861420631408691,-0.03954608738422394,23.5,1.6950771808624268,0.07213094386648625,37.0,nan,0,0.8575843572616577,-2.867013692855835,nan
18.921,4000,80,-1,7.754920531591785,10,7.756134033203125,-0.04826311022043228,-5.114418029785156,-1.000969648361206,0.07735025137662888,23.5,1.6265888214111328,0.0692165455919631,37.0,nan,0,0.8070337772369385,-2.440458297729492,nan
18.941,4000,80,-1,7.753916998241772,10,7.755096435546875,-0.052053675055503845,-4.412661075592041,-0.8636250495910645,-0.03649638965725899,23.5,1.6518266201019287,0.0702904944724225,37.0,nan,0,0.7555749416351318,-2.615194797515869,nan
18.961,4000,80,-1,7.7529163878418395,10,7.75421142578125,-0.038545504212379456,-6.470197677612305,-1.266316294670105,0.1486087590456009,23.5,1.8364017009735107,0.07814475323291535,37.0,nan,0,0.7110772728919983,-1.6827583312988281,nan
18.981,4000,80,-1,7.751914777392091,10,7.7534027099609375,-0.044746000319719315,-6.363579750061035,-1.2454495429992676,-0.18068033456802368,23.5,2.453159809112549,0.1043897791111723,37.0,nan,0,0.6706073880195618,-2.505495548248291,nan
19.0,4000,80,-1,7.7509580482423255,10,7.75244140625,-0.05199895799160004,-5.803791522979736,-1.1358904838562012,-0.046593792736530304,23.5,2.3375415802001953,0.09946985447660406,37.0,nan,0,0.6227328777313232,-2.78364634513855,nan
19.021,4000,80,-1,7.7499137190920075,10,7.7512054443359375,-0.05913224071264267,-5.235784530639648,-1.0247228145599365,0.09320458769798279,23.5,1.4843428134918213,0.06316352397837538,37.0,nan,0,0.5611140727996826,-3.081968069076538,nan
19.041,4000,80,-1,7.7489162482423195,10,7.7500762939453125,-0.060221947729587555,-4.98288631439209,-0.9752267599105835,-0.0009208870469592512,23.5,1.3642337322235107,0.05805249924355365,37.0,nan,0,0.5039812922477722,-3.228794813156128,nan
19.06,4000,80,-1,7.7479574961420505,10,7.748931884765625,-0.05881418660283089,-3.9809112548828125,-0.7791249752044678,-0.15731769800186157,23.5,1.5236012935638428,0.0648340975984614,37.0,nan,0,0.4475381672382355,-2.960280418395996,nan
19.081,4000,80,-1,7.746926225342038,10,7.7478179931640625,-0.04509686306118965,-3.9492552280426025,-0.7729294300079346,0.05130096897482872,23.5,1.362926959991455,0.05799689191453,37.0,nan,0,0.39139148592948914,-2.1199493408203125,nan
19.101,4000,80,-1,7.745919641992084,10,7.746917724609375,-0.04286947473883629,-5.342007160186768,-1.0455121994018555,-0.01634802669286728,23.5,1.4850530624389648,0.06319374733782829,37.0,nan,0,0.3465766906738281,-1.915554165840149,nan
19.12,4000,80,-1,7.744948687841686,10,7.746124267578125,-0.041456207633018494,-6.0562286376953125,-1.1852962970733643,0.0008189046639017761,23.5,1.9828031063079834,0.08437460026842483,37.0,nan,0,0.306755393743515,-1.946339726448059,nan
19.141,4000,80,-1,7.743917033642362,10,7.745269775390625,-0.04460248723626137,-5.9796223640441895,-1.170303225517273,0.026441790163517,23.5,2.3482768535614014,0.0999266746196341,37.0,nan,0,0.2637041509151459,-2.4321556091308594,nan
19.161,4000,80,-1,7.742942427391979,10,7.7444610595703125,-0.035057809203863144,-7.5286478996276855,-1.4734711647033691,-0.17329618334770203,23.5,2.6601576805114746,0.11319819917070105,37.0,nan,0,0.22368988394737244,-1.7426092624664307,nan
19.181,4000,80,-1,7.741919677391714,10,7.7437744140625,-0.04054316133260727,-8.262803077697754,-1.6171563863754272,-0.037097685039043427,23.5,3.7599053382873535,0.15999597184201506,37.0,nan,0,0.18933358788490295,-2.3852646350860596,nan
19.201,4000,80,-1,7.740918821142266,10,7.7428436279296875,-0.04571106284856796,-8.108551979064941,-1.5869672298431396,-0.0045205093920230865,23.5,3.3544085025787354,0.14274078734377596,37.0,nan,0,0.14247916638851166,-2.2252695560455322,nan
19.221,4000,80,-1,7.739922558642145,10,7.74176025390625,-0.058301202952861786,-6.924008369445801,-1.3551340103149414,-0.03563477098941803,23.5,2.9903197288513184,0.12724764803622632,37.0,nan,0,0.0886562317609787,-3.1009881496429443,nan
19.241,4000,80,-1,7.738920106591839,10,7.74053955078125,-0.06352277845144272,-6.137635707855225,-1.2012288570404053,-0.1402604877948761,23.5,2.603029727935791,0.11076722246535281,37.0,nan,0,0.02749752067029476,-3.3128931522369385,nan
19.261,4000,80,-1,7.737919633642021,10,7.73931884765625,-0.05985226482152939,-5.231672763824463,-1.0239181518554688,-0.04100673645734787,23.5,2.034365177154541,0.08656873094274643,37.0,nan,0,0.9666619300842285,-3.062803268432617,nan
19.281,4000,80,-1,7.736920254492005,10,7.73809814453125,-0.05644681677222252,-4.758629322052002,-0.9313362836837769,0.09803326427936554,23.5,1.6017866134643555,0.06816113248784492,37.0,nan,0,0.9055214524269104,-2.5993759632110596,nan
19.301,4000,80,-1,7.735919162842046,10,7.737030029296875,-0.05332355201244354,-4.7314772605896,-0.9260222911834717,-0.10404907166957855,23.5,1.5793951749801636,0.06720830531830484,37.0,nan,0,0.8523995280265808,-2.640660524368286,nan
19.321,4000,80,-1,7.734911233642205,10,7.7360382080078125,-0.04848615080118179,-4.306310653686523,-0.8525553941726685,0.011595752090215683,23.5,1.4978556632995605,0.06373853886381109,37.0,nan,0,0.8026036024093628,-2.3705482482910156,nan
19.341,4000,80,-1,7.733913956592013,10,7.7351226806640625,-0.049421269446611404,-5.332520961761475,-1.0436556339263916,0.09957888722419739,23.5,1.7385642528533936,0.07398145756822952,37.0,nan,0,0.7567192912101746,-2.4804866313934326,nan
19.361,4000,80,-1,7.732917729492336,10,7.7341461181640625,-0.04285139963030815,-5.479892730712891,-1.0724985599517822,0.02840033732354641,23.5,1.7888507843017578,0.07612130997028757,37.0,nan,0,0.7077581286430359,-1.8961201906204224,nan
19.381,4000,80,-1,7.731914446142045,10,7.7333221435546875,-0.043692607432603836,-5.696636199951172,-1.11491858959198,0.07811633497476578,23.5,2.119675397872925,0.09019895310097552,37.0,nan,0,0.6669372916221619,-2.354083776473999,nan
19.401,4000,80,-1,7.730940210742127,10,7.7324066162109375,-0.04914102330803871,-6.218696594238281,-1.2170937061309814,0.16572600603103638,23.5,2.4005892276763916,0.10215273309261241,37.0,nan,0,0.6205242872238159,-2.7206456661224365,nan
19.421,4000,80,-1,7.7299174336418295,10,7.7312164306640625,-0.05793868750333786,-4.982138633728027,-0.9750804305076599,-0.06409309059381485,23.5,1.5203840732574463,0.06469719460669984,37.0,nan,0,0.5614117980003357,-2.8807075023651123,nan
19.441,4000,80,-1,7.72891861489189,10,7.73004150390625,-0.06260170042514801,-5.179532051086426,-1.0137133598327637,0.149916872382164,23.5,1.3682289123535156,0.05822250690866024,37.0,nan,0,0.5029775500297546,-3.295314311981201,nan
19.461,4000,80,-1,7.727917131591684,10,7.7288360595703125,-0.0597100630402565,-4.098167419433594,-0.7010692954063416,0.042579032480716705,23.5,1.1600393056869507,0.04936337471008301,37.0,nan,0,0.4421870708465576,-3.1014795303344727,nan
19.481,4000,80,-1,7.7269152836423105,10,7.727752685546875,-0.04623234644532204,-4.520106315612793,-0.8846536874771118,0.07039172947406769,23.5,1.2519797086715698,0.053275732283896586,37.0,nan,0,0.3881068229675293,-2.279240608215332,nan
19.5,4000,80,-1,7.725949112841781,10,7.7269134521484375,-0.03910312429070473,-4.51479959487915,-0.8836151361465454,0.08241310715675354,23.5,1.395080327987671,0.05936512033990089,37.0,nan,0,0.34666958451271057,-1.8200922012329102,nan
19.521,4000,80,-1,7.7249167919923005,10,7.72607421875,-0.04246935620903969,-5.13963508605957,-1.1988567113876343,0.04783177003264427,23.5,1.6712433099746704,0.07111673659466683,37.0,nan,0,0.30425477027893066,-2.150287389755249,nan
19.541,4000,80,-1,7.723919979492357,10,7.725311279296875,-0.040789298713207245,-5.934909820556641,-1.1615523099899292,-0.06162838637828827,23.5,2.555750846862793,0.10875535518565077,37.0,nan,0,0.26632168889045715,-2.3369994163513184,nan
19.561,4000,80,-1,7.72293372114219,10,7.724395751953125,-0.043831389397382736,-6.39479398727417,-1.2515586614608765,0.025952046737074852,23.5,2.371177911758423,0.10090118773440097,37.0,nan,0,0.22051478922367096,-1.951039433479309,nan
19.581,4000,80,-1,7.721916869092102,10,7.72357177734375,-0.044353727251291275,-7.110237121582031,-1.3915817737579346,0.11690723896026611,23.5,3.0078582763671875,0.12799396920711437,37.0,nan,0,0.1793287992477417,-2.3229753971099854,nan
19.601,4000,80,-1,7.720916596142351,10,7.72271728515625,-0.04024285078048706,-8.488633155822754,-1.6613547801971436,0.027140071615576744,23.5,3.295417070388794,0.1402305136335657,37.0,nan,0,0.13649623095989227,-1.994262933731079,nan
19.621,4000,80,-1,7.719918204491851,10,7.7217559814453125,-0.05154843255877495,-6.660176753997803,-1.3034981489181519,0.0035953696351498365,23.5,2.9407272338867188,0.1251373291015625,37.0,nan,0,0.0883602723479271,-2.6122288703918457,nan
19.641,4000,80,-1,7.718933660742196,10,7.720611572265625,-0.06282456964254379,-6.451260089874268,-1.2626099586486816,0.03384488821029663,23.5,2.726750373840332,0.11603193080171625,37.0,nan,0,0.031184380874037743,-3.303210496902466,nan
19.66,4000,80,-1,7.717954173241751,10,7.719329833984375,-0.060209497809410095,-4.7846784591674805,-0.9364345073699951,0.009462895803153515,23.5,1.7459824085235596,0.07429712376695999,37.0,nan,0,0.9668083190917969,-2.895524263381958,nan
19.681,4000,80,-1,7.716917414891951,10,7.718109130859375,-0.05628647655248642,-4.502688884735107,-0.7900828719139099,-0.04224022477865219,23.5,1.585254430770874,0.06745763535195208,37.0,nan,0,0.9057105183601379,-2.728853940963745,nan
19.7,4000,80,-1,7.715954525341668,10,7.7170562744140625,-0.053407635539770126,-4.528400897979736,-0.8862771391868591,0.04560939595103264,23.5,1.4375419616699219,0.06117199836893285,37.0,nan,0,0.8535271286964417,-2.5715601444244385,nan
19.721,4000,80,-1,7.714918662841965,10,7.716033935546875,-0.0508643202483654,-5.293088912963867,-1.0699913501739502,-0.07859453558921814,23.5,1.6771867275238037,0.07136964797973633,37.0,nan,0,0.8022900223731995,-2.6730854511260986,nan
19.74,4000,80,-1,7.713960137841796,10,7.7151031494140625,-0.04849838465452194,-5.02557897567749,-0.9835824370384216,0.04335309565067291,23.5,1.7566206455230713,0.07474981470310942,37.0,nan,0,0.7555473446846008,-2.3731420040130615,nan
19.761,4000,80,-1,7.712917764892345,10,7.7140655517578125,-0.04389007017016411,-5.226738929748535,-1.0229525566101074,0.027813047170639038,23.5,1.5460195541381836,0.06578806613353973,37.0,nan,0,0.7041459083557129,-1.926697850227356,nan
19.781,4000,80,-1,7.711927633642344,10,7.7132568359375,-0.04162546247243881,-6.105146884918213,-1.1948703527450562,0.05636052414774895,23.5,1.9432557821273804,0.08269173540967575,37.0,nan,0,0.6636932492256165,-1.9556695222854614,nan
19.801,4000,80,-1,7.710942227391942,10,7.71234130859375,-0.04826243594288826,-6.4529852867126465,-1.2629475593566895,-0.09458158910274506,23.5,2.2994213104248047,0.09784771533722574,37.0,nan,0,0.6174294948577881,-2.6585071086883545,nan
19.821,4000,80,-1,7.7099171169917184,10,7.711212158203125,-0.05565391480922699,-4.7631988525390625,-0.9322306513786316,0.08912907540798187,23.5,1.7138118743896484,0.07292816486764461,37.0,nan,0,0.561200737953186,-2.7658495903015137,nan
19.841,4000,80,-1,7.70891676699176,10,7.710052490234375,-0.06144240126013756,-2.9261298179626465,-0.5726882219314575,-0.3534849286079407,23.5,1.2980952262878418,0.055238094735652846,37.0,nan,0,0.5034429430961609,-3.260401725769043,nan
19.861,4000,80,-1,7.707946366992118,10,7.708892822265625,-0.058320242911577225,-2.6361443996429443,-0.515933632850647,0.04587821289896965,23.5,0.9666796922683716,0.04113530605397326,37.0,nan,0,0.44491562247276306,-3.093963623046875,nan
19.881,4000,80,-1,7.706913302392067,10,7.707733154296875,-0.04775397852063179,-3.6026482582092285,-0.7050931453704834,-0.08771742880344391,23.5,0.9031385779380798,0.03843142884842893,37.0,nan,0,0.38720905780792236,-2.081369638442993,nan
19.901,4000,80,-1,7.705919989891854,10,7.70684814453125,-0.0401068851351738,-4.2272047996521,-0.8845497369766235,-0.07168802618980408,23.5,1.5250561237335205,0.0648960052652562,37.0,nan,0,0.3431014120578766,-1.839111566543579,nan
19.921,4000,80,-1,7.704914341992125,10,7.706024169921875,-0.04226240888237953,-4.754635334014893,-0.9782184362411499,-0.12364279478788376,23.5,1.7782564163208008,0.07567048580088515,37.0,nan,0,0.30187371373176575,-1.9314242601394653,nan
19.941,4000,80,-1,7.703915798242096,10,7.7052154541015625,-0.04351210966706276,-5.925750732421875,-1.159759759902954,0.0712197870016098,23.5,2.4952049255371094,0.10617893300157913,37.0,nan,0,0.26129600405693054,-2.410709857940674,nan
19.961,4000,80,-1,7.702925702391812,10,7.7042999267578125,-0.044036541134119034,-6.919750690460205,-1.227878212928772,-0.03314054757356644,23.5,2.188606023788452,0.09313217122504051,37.0,nan,0,0.21576818823814392,-2.034975051879883,nan
19.981,4000,80,-1,7.701919519092198,10,7.7034912109375,-0.041518524289131165,-6.8498005867004395,-1.340610384941101,-0.12096662819385529,23.5,3.0343971252441406,0.12912328192528258,37.0,nan,0,0.17540833353996277,-2.1548311710357666,nan
20.001,4000,80,-1,7.7009735107421875,10,7.7026519775390625,-0.042237985879182816,-7.6101908683776855,-1.48943030834198,-0.007525903172791004,23.5,3.0577516555786133,0.1301170917267495,37.0,nan,0,0.13284876942634583,-2.0370821952819824,nan
20.021,4000,80,-1,7.7009735107421875,10,7.7017059326171875,-0.04641624912619591,-7.420489311218262,-1.4523029327392578,0.16034343838691711,23.5,2.696918487548828,0.11476248883186503,37.0,nan,0,0.08616938441991806,-2.2594969272613525,nan
20.041,4000,80,-1,7.7009735107421875,10,7.700714111328125,-0.05362240597605705,-6.4009904861450195,-1.1186227798461914,0.08051161468029022,23.5,2.2457103729248047,0.09556214352871509,37.0,nan,0,0.03601277992129326,-2.845247507095337,nan
20.061,4000,80,-1,7.7009735107421875,10,7.6995697021484375,-0.05485410615801811,-3.8343358039855957,-0.7504379749298096,0.04770419001579285,23.5,1.325594425201416,0.05640827341282621,37.0,nan,0,0.9788609743118286,-2.6842339038848877,nan
20.081,4000,80,-1,7.7009735107421875,10,7.6985931396484375,-0.0476519875228405,-2.134110450744629,-0.41767793893814087,-0.03900915011763573,23.5,0.7143901586532593,0.030399581219287628,37.0,nan,0,0.9304675459861755,-2.2418835163116455,nan
20.101,4000,80,-1,7.7009735107421875,10,7.697906494140625,-0.028025886043906212,-2.9042768478393555,-0.5684112310409546,0.00363382650539279,23.5,0.6605677604675293,0.028109266402873586,37.0,nan,0,0.8957346677780151,-1.4021400213241577,nan
20.121,4000,80,-1,7.7009735107421875,10,7.6973419189453125,-0.03055255115032196,-2.8606009483337402,-0.5598632097244263,-0.08230029046535492,23.5,0.5185226202011108,0.02206479234898344,37.0,nan,0,0.867742657661438,-1.4433963298797607,nan
20.141,4000,80,-1,7.7009735107421875,10,7.69696044921875,-0.012914851307868958,-4.060746192932129,-0.794749915599823,-0.012541338801383972,23.5,0.3775096535682678,0.016064240577373098,37.0,nan,0,0.8488980531692505,-0.42884719371795654,nan
0.0,8000,160,1,7.696929939990514,10,7.6969146728515625,-0.008526220917701721,-2.6351993083953857,-0.5157486796379089,-0.047913696616888046,23.5,0.43331974744796753,0.018439138189275214,37.0,nan,0,0.8468354940414429,-0.29129335284233093,nan
0.021,8000,160,1,7.697985723290185,10,7.69659423828125,-0.010978921316564083,-3.4384891986846924,-0.6729647517204285,0.01016155444085598,23.5,0.49949514865875244,0.021255112708883084,37.0,nan,0,0.8301567435264587,-0.26875340938568115,nan
0.041,8000,160,1,7.698974404540786,10,7.6964874267578125,-0.003878449322655797,-3.406874418258667,-0.6667772531509399,0.03302847594022751,23.5,0.30373695492744446,0.012924976805423169,37.0,nan,0,0.8251072764396667,-0.11018672585487366,nan
0.06,8000,160,1,7.699943973290647,10,7.69647216796875,-3.109945828327909e-05,-2.1989200115203857,-0.43036216497421265,0.15932148694992065,23.5,0.011933395639061928,0.000507804069747316,37.0,nan,0,0.8243995308876038,0.0008612013189122081,nan
0.08,8000,160,1,7.7009546482906455,10,7.6964874267578125,0.00166689686011523,0.725246012210846,0.09971237182617188,-0.03996117413043976,23.5,0.03140120953321457,0.0013362216822644496,37.0,nan,0,0.8252301216125488,0.1187715083360672,nan
0.101,8000,160,1,7.701982425390453,10,7.69659423828125,0.006258720997720957,3.438140869140625,0.6728965640068054,-0.011571548879146576,23.5,0.3309725522994995,0.014083938395723384,37.0,nan,0,0.8301119804382324,0.3665715456008911,nan
0.121,8000,160,1,7.702982900390635,10,7.6968231201171875,0.01670241355895996,4.259377956390381,0.8336252570152283,-0.017896408215165138,23.5,0.7636896371841431,0.032497431369538005,37.0,nan,0,0.8420137763023376,1.0287771224975586,nan
0.141,8000,160,1,7.703963167040639,10,7.697296142578125,0.021856805309653282,4.248233318328857,0.8314440250396729,0.06286690384149551,23.5,1.184999942779541,0.05042552947998047,37.0,nan,0,0.8656351566314697,1.1770440340042114,nan
0.161,8000,160,1,7.7049768441407664,10,7.69793701171875,0.028297027572989464,5.464760780334473,1.1747608184814453,0.17502908408641815,23.5,1.3255878686904907,0.05640799441236131,37.0,nan,0,0.8977778553962708,1.1901522874832153,nan
0.181,8000,160,1,7.705984039990291,10,7.6987152099609375,0.04133516177535057,4.661160469055176,0.8583952784538269,0.041021332144737244,23.5,1.4091472625732422,0.05996371330098903,37.0,nan,0,0.9368854761123657,1.816417932510376,nan
0.201,8000,160,1,7.706984377490154,10,7.699554443359375,0.043739426881074905,5.715290069580078,1.1185693740844727,-0.0812540054321289,23.5,2.110825538635254,0.08982236334618102,37.0,nan,0,0.9784306287765503,2.254141092300415,nan
0.221,8000,160,1,7.707984606640094,10,7.700531005859375,0.0487503819167614,7.150807857513428,1.399522066116333,-0.012652522884309292,23.5,2.875683069229126,0.12236949230762238,37.0,nan,0,0.02715677209198475,2.5102458000183105,nan
0.241,8000,160,1,7.708985348290299,10,7.70159912109375,0.056690942496061325,7.034175872802734,1.3766955137252808,0.008034924045205116,23.5,3.4831466674804688,0.14821900712682845,37.0,nan,0,0.08089426159858704,2.747591018676758,nan
0.261,8000,160,1,7.709985839990259,10,7.70281982421875,0.06320235878229141,7.460363388061523,1.4601068496704102,0.00016300895367749035,23.5,4.153084754943848,0.17672701084867437,37.0,nan,0,0.14223787188529968,3.508314847946167,nan
0.281,8000,160,1,7.710987727490283,10,7.7042999267578125,0.07287897169589996,6.743750095367432,1.2346651554107666,0.10172027349472046,23.5,3.7236618995666504,0.1584536978539,37.0,nan,0,0.21611090004444122,3.8561370372772217,nan
0.301,8000,160,1,7.7119874649906714,10,7.705963134765625,0.081122025847435,5.475975036621094,1.0717318058013916,0.049503691494464874,23.5,3.1833410263061523,0.1354613202683469,37.0,nan,0,0.29938071966171265,4.149994373321533,nan
0.321,8000,160,1,7.7129612503908005,10,7.7077178955078125,0.09229893237352371,4.219960689544678,0.9541634917259216,0.034473903477191925,23.5,2.299384593963623,0.09784615293462226,37.0,nan,0,0.38696107268333435,4.687906265258789,nan
0.341,8000,160,1,7.71398408164023,10,7.7096099853515625,0.09141013771295547,6.040238857269287,1.1821668148040771,-0.11479558050632477,23.5,2.682893753051758,0.11416569161922374,37.0,nan,0,0.48133864998817444,4.652260780334473,nan
0.361,8000,160,1,7.714984435790394,10,7.7114715576171875,0.0865248367190361,5.750109672546387,1.1253840923309326,-0.07572761923074722,23.5,2.761052370071411,0.11749159021580473,37.0,nan,0,0.5743348598480225,4.270186901092529,nan
0.381,8000,160,1,7.715983958740254,10,7.713104248046875,0.08008983731269836,6.69496488571167,1.3103067874908447,0.07319997251033783,23.5,3.7999744415283203,0.1617010400650349,37.0,nan,0,0.6562425494194031,4.2658562660217285,nan
0.401,8000,160,1,7.7169829628903255,10,7.714813232421875,0.0848177894949913,5.0047454833984375,0.9795050024986267,-0.06469451636075974,23.5,2.525761604309082,0.10747921720464179,37.0,nan,0,0.7414435148239136,4.406867980957031,nan
0.42,8000,160,1,7.717950387890597,10,7.716278076171875,0.07936736941337585,5.535327434539795,1.083348035812378,0.07916084676980972,23.5,2.4302501678466797,0.10341490075943317,37.0,nan,0,0.8149548768997192,3.89924955368042,nan
0.441,8000,160,1,7.7189837899903075,10,7.71771240234375,0.07566094398498535,5.450104236602783,1.0666685104370117,-0.12713253498077393,23.5,1.993668556213379,0.08483695983886719,37.0,nan,0,0.8868439197540283,4.033511638641357,nan
0.461,8000,160,1,7.719983502490505,10,7.7190399169921875,0.06838548928499222,5.727823734283447,1.1210224628448486,-0.03330305218696594,23.5,2.121722936630249,0.09028608240979782,37.0,nan,0,0.9525609612464905,3.4980556964874268,nan
0.48,8000,160,1,7.720954071240705,10,7.720123291015625,0.059076178818941116,5.202901840209961,1.0900509357452393,0.018757853657007217,23.5,2.5223450660705566,0.1073338325987471,37.0,nan,0,0.0071635134518146515,3.284912109375,nan
0.501,8000,160,1,7.721972639990419,10,7.721038818359375,0.035555947571992874,9.093875885009766,1.7798101902008057,0.05233395844697952,23.5,4.105884075164795,0.1747184712836083,37.0,nan,0,0.05314238369464874,1.9937018156051636,nan
0.521,8000,160,1,7.722983789990396,10,7.7220458984375,0.04776602238416672,7.713551044464111,1.5096595287322998,-0.13145309686660767,23.5,2.79569673538208,0.11896581852689703,37.0,nan,0,0.10353787243366241,2.200515031814575,nan
0.541,8000,160,1,7.723983696240613,10,7.7230072021484375,0.05573708564043045,6.452639579772949,1.2628798484802246,-0.02154572866857052,23.5,3.0710015296936035,0.13068091615717461,37.0,nan,0,0.15101709961891174,3.112630844116211,nan
0.561,8000,160,1,7.724983537890513,10,7.724029541015625,0.047592658549547195,7.927699565887451,1.5515716075897217,-0.3245629072189331,23.5,3.053593635559082,0.1299401547046418,37.0,nan,0,0.20220991969108582,2.578725814819336,nan
0.581,8000,160,1,7.72595755454022,10,7.725189208984375,0.05324534326791763,4.960055351257324,0.9644114375114441,0.06786759197711945,23.5,1.9700922966003418,0.08383371474895071,37.0,nan,0,0.2602279484272003,2.3034653663635254,nan
0.601,8000,160,1,7.726985167040404,10,7.726348876953125,0.05681636184453964,5.0821003913879395,0.9946445226669312,-0.013789522461593151,23.5,1.3975121974945068,0.05946860414870242,37.0,nan,0,0.318723201751709,2.6825129985809326,nan
0.621,8000,160,1,7.7279854232903755,10,7.7273712158203125,0.05461107939481735,4.138692855834961,0.7019674777984619,0.05863146111369133,23.5,1.3361090421676636,0.05685570392202824,37.0,nan,0,0.36937880516052246,2.7692012786865234,nan
0.641,8000,160,1,7.7289855357907085,10,7.7283935546875,0.05107477679848671,3.807232141494751,0.6080765724182129,-0.1180235743522644,23.5,1.1320489645004272,0.04817229636172031,37.0,nan,0,0.42032086849212646,2.7359182834625244,nan
0.661,8000,160,1,7.729985781640427,10,7.729461669921875,0.04833078384399414,4.116016864776611,0.8055672645568848,-0.007998215034604073,23.5,1.412816047668457,0.06011983181567902,37.0,nan,0,0.473730206489563,2.3728065490722656,nan
0.681,8000,160,1,7.730956183740638,10,7.730499267578125,0.0497196726500988,3.5706613063812256,0.6988328695297241,-0.12838897109031677,23.5,0.9465086460113525,0.040276963660057556,37.0,nan,0,0.5259633660316467,2.2213985919952393,nan
0.701,8000,160,1,7.731987044140261,10,7.7313995361328125,0.04747329279780388,4.6797261238098145,0.9158937335014343,0.02516286075115204,23.5,1.8025524616241455,0.07670436006911258,37.0,nan,0,0.5707060098648071,2.560831308364868,nan
0.721,8000,160,1,7.732981139990445,10,7.7322845458984375,0.037679076194763184,7.4249138832092285,1.4531688690185547,0.004505248740315437,23.5,2.253685474395752,0.0959015095487554,37.0,nan,0,0.6149965524673462,1.6764044761657715,nan
0.74,8000,160,1,7.733947635790539,10,7.7331695556640625,0.05174927040934563,5.5063700675964355,1.0776805877685547,-0.3329097032546997,23.5,2.130924940109253,0.09067765702592566,37.0,nan,0,0.6594866514205933,2.53309965133667,nan
0.761,8000,160,1,7.734983339990142,10,7.7342071533203125,0.049360670149326324,5.3540802001953125,1.0758851766586304,-0.07120662927627563,23.5,2.1539807319641113,0.0916587545516643,37.0,nan,0,0.7111034989356995,2.6279842853546143,nan
0.78,8000,160,1,7.735937912890225,10,7.7352142333984375,0.04517059773206711,6.014122009277344,1.1770553588867188,0.046470046043395996,23.5,2.1903562545776367,0.09320664913096327,37.0,nan,0,0.7613151669502258,1.9233391284942627,nan
0.801,8000,160,1,7.73698325039077,10,7.73626708984375,0.055275220423936844,5.493236541748047,1.0751101970672607,0.0820758268237114,23.5,1.7243595123291016,0.07337700052464262,37.0,nan,0,0.8144075870513916,2.649181842803955,nan
0.821,8000,160,1,7.737986119140262,10,7.7371826171875,0.04866940900683403,6.169241905212402,1.2074146270751953,-0.14282503724098206,23.5,2.5538337230682373,0.10867377544971223,37.0,nan,0,0.8600921630859375,2.587380886077881,nan
0.841,8000,160,1,7.738984210790662,10,7.7381134033203125,0.038185298442840576,8.0656099319458,1.5404913425445557,0.03357774764299393,23.5,3.1033496856689453,0.13205743343272108,37.0,nan,0,0.9069042801856995,1.8661584854125977,nan
0.861,8000,160,1,7.739983221240257,10,7.739227294921875,0.05268393084406853,5.659356117248535,1.1076222658157349,-0.07077948749065399,23.5,1.7275782823562622,0.0735139694619686,37.0,nan,0,0.9620943665504456,2.271878480911255,nan
0.881,8000,160,1,7.740956321240812,10,7.7401275634765625,0.05318089947104454,5.398408889770508,1.0565509796142578,0.01193249598145485,23.5,2.3596010208129883,0.10040855407714844,37.0,nan,0,0.007532075047492981,3.068586587905884,nan
0.901,8000,160,1,7.741984000390223,10,7.7410736083984375,0.03768177330493927,8.720077514648438,1.7066521644592285,0.06271856278181076,23.5,3.7135791778564453,0.15802464586623172,37.0,nan,0,0.05476437509059906,2.211103916168213,nan
0.921,8000,160,1,7.742987396240644,10,7.7420654296875,0.051986679434776306,7.686823844909668,1.5044286251068115,0.08415168523788452,23.5,2.7443814277648926,0.11678218841552734,37.0,nan,0,0.10447236150503159,2.542354106903076,nan
0.941,8000,160,1,7.743983600390496,10,7.7429962158203125,0.05365697667002678,6.876792907714844,1.345893144607544,-0.016242921352386475,23.5,3.3471932411193848,0.1424337549412504,37.0,nan,0,0.15069803595542908,2.973818302154541,nan
0.961,8000,160,1,7.744983175390374,10,7.7440185546875,0.04630246385931969,7.378283977508545,1.444042682647705,-0.22896024584770203,23.5,3.2719693183898926,0.1392327369527614,37.0,nan,0,0.2017051726579666,2.4371347427368164,nan
0.98,8000,160,1,7.745953833740353,10,7.7451629638671875,0.05544747784733772,4.7822771072387695,0.8829799890518188,-0.08896464109420776,23.5,1.6941006183624268,0.07208938801542242,37.0,nan,0,0.25884267687797546,2.4739763736724854,nan
1.001,8000,160,1,7.746982258740175,10,7.7462921142578125,0.05706362426280975,4.097387313842773,0.8019211292266846,-0.0765724778175354,23.5,1.243529200553894,0.05291613619378273,37.0,nan,0,0.3152676820755005,2.735753059387207,nan
1.021,8000,160,1,7.74798771704009,10,7.747344970703125,0.056204695254564285,4.024266242980957,0.7876102924346924,-0.0683603510260582,23.5,1.467673897743225,0.062454208414605326,37.0,nan,0,0.36800050735473633,2.967406988143921,nan
1.04,8000,160,1,7.748940119140755,10,7.7483062744140625,0.04737077280879021,6.018439769744873,1.1779004335403442,-0.04117383062839508,23.5,1.8691895008087158,0.0795399787578177,37.0,nan,0,0.4163362383842468,2.6181294918060303,nan
1.061,8000,160,1,7.749986852490113,10,7.749420166015625,0.04658692702651024,3.7232682704925537,0.7287003397941589,-0.20756709575653076,23.5,1.4275176525115967,0.060745432021770074,37.0,nan,0,0.4720824956893921,2.1764914989471436,nan
1.081,8000,160,1,7.750983352490587,10,7.75048828125,0.055321063846349716,1.688820481300354,0.3305279016494751,0.05710494518280029,23.5,0.7865763902664185,0.03347133575601781,37.0,nan,0,0.5251718759536743,2.534665107727051,nan
1.101,8000,160,1,7.75198242954066,10,7.7513580322265625,0.04761747270822525,4.911301136016846,0.9612165689468384,-0.11680005490779877,23.5,1.7496589422225952,0.07445357200947214,37.0,nan,0,0.568821132183075,2.5604844093322754,nan
1.12,8000,160,1,7.752942131640158,10,7.7522735595703125,0.0426308773458004,5.957987308502197,1.2289451360702515,-0.4603886604309082,23.5,1.532392978668213,0.06520821185822183,37.0,nan,0,0.6147069931030273,1.7276803255081177,nan
1.141,8000,160,1,7.753982073290537,10,7.7532196044921875,0.050371307879686356,5.7241010665893555,1.1202938556671143,-0.2476901262998581,23.5,2.1212174892425537,0.09026457401032144,37.0,nan,0,0.6621297001838684,2.5731709003448486,nan
1.161,8000,160,1,7.754987462890132,10,7.75421142578125,0.0481562465429306,6.475643634796143,1.2673821449279785,-0.07987235486507416,23.5,2.639265537261963,0.1123091717983814,37.0,nan,0,0.711424708366394,2.7260329723358154,nan
1.181,8000,160,1,7.75598691704072,10,7.7552490234375,0.04367721453309059,6.401805400848389,1.2529308795928955,-0.0904732272028923,23.5,2.0981976985931396,0.0892850084507719,37.0,nan,0,0.7634848356246948,2.0903549194335938,nan
1.201,8000,160,1,7.7569682462402865,10,7.756195068359375,0.05243528261780739,5.428223133087158,1.0623860359191895,-0.12894386053085327,23.5,1.979763150215149,0.08424524043468719,37.0,nan,0,0.8107052445411682,2.64009690284729,nan
1.22,8000,160,1,7.75795136704037,10,7.757171630859375,0.05168873071670532,6.418343544006348,1.2561676502227783,0.08538535237312317,23.5,2.4208030700683594,0.10301289659865359,37.0,nan,0,0.859488308429718,2.71846342086792,nan
1.241,8000,160,1,7.75898540874041,10,7.7581329345703125,0.04141978174448013,7.981727123260498,1.562145709991455,-0.0563776008784771,23.5,3.0209474563598633,0.1285509555897814,37.0,nan,0,0.9074445962905884,2.049807548522949,nan
1.261,8000,160,1,7.759989912890161,10,7.75921630859375,0.055527977645397186,5.808342456817627,1.1367812156677246,-0.06064575910568237,23.5,1.7156627178192139,0.07300692416251973,37.0,nan,0,0.9616228938102722,2.6639254093170166,nan
1.281,8000,160,1,7.760988523290145,10,7.7601470947265625,0.050337012857198715,6.911275386810303,1.3526419401168823,0.08953553438186646,23.5,2.6357967853546143,0.1121615653342389,37.0,nan,0,0.008175667375326157,2.741797685623169,nan
1.301,8000,160,1,7.761987433740434,10,7.7611236572265625,0.04236448183655739,8.014924049377441,1.5686428546905518,0.07181625813245773,23.5,3.014162063598633,0.12826221547228225,37.0,nan,0,0.0573473684489727,2.1795949935913086,nan
1.321,8000,160,1,7.762984262890678,10,7.762054443359375,0.04928774759173393,7.696316242218018,1.506286382675171,-0.038593366742134094,23.5,2.904458522796631,0.12359397969347366,37.0,nan,0,0.10347259789705276,2.4677319526672363,nan
1.341,8000,160,1,7.76398568579025,10,7.7629852294921875,0.04908114671707153,8.180643081665039,1.6010764837265015,0.15154393017292023,23.5,3.64900803565979,0.15527693768765063,37.0,nan,0,0.15018534660339355,2.549375534057617,nan
1.361,8000,160,1,7.764973583740359,10,7.7639923095703125,0.04964978247880936,7.938060760498047,1.5535995960235596,0.11179409921169281,23.5,3.357499599456787,0.14287232338113987,37.0,nan,0,0.2001924365758896,2.4660146236419678,nan
1.381,8000,160,1,7.765958606640199,10,7.765167236328125,0.059093765914440155,4.9194536209106445,1.0456491708755493,-0.07582184672355652,23.5,1.8421565294265747,0.078389639550067,37.0,nan,0,0.2590886354446411,2.8039393424987793,nan
1.401,8000,160,1,7.76698852329064,10,7.7662811279296875,0.050886206328868866,5.037775993347168,0.8019741773605347,-0.012716297060251236,23.5,1.5557541847229004,0.06620230573288938,37.0,nan,0,0.31520992517471313,2.5436909198760986,nan
1.421,8000,160,1,7.767974075390522,10,7.767303466796875,0.056149646639823914,4.138883113861084,0.8100425601005554,0.03974321484565735,23.5,1.4979619979858398,0.06374306374407829,37.0,nan,0,0.36635664105415344,2.8827950954437256,nan
1.441,8000,160,1,7.768986331640191,10,7.768341064453125,0.05099865794181824,5.210965633392334,1.0198653936386108,0.13357919454574585,23.5,1.7532579898834229,0.07460672297376267,37.0,nan,0,0.41829556226730347,2.683835983276367,nan
1.46,8000,160,1,7.76994718999049,10,7.7694091796875,0.05293815955519676,3.422452449798584,0.7744020223617554,0.0187826044857502,23.5,1.2374143600463867,0.05265593021473986,37.0,nan,0,0.47127482295036316,2.6448543071746826,nan
1.481,8000,160,1,7.770960848290271,10,7.7704620361328125,0.047170791774988174,4.518674850463867,0.8843735456466675,-0.07383094727993011,23.5,1.328858494758606,0.05654716998972791,37.0,nan,0,0.5240920186042786,2.0077414512634277,nan
1.501,8000,160,1,7.771983194140194,10,7.7714080810546875,0.048521194607019424,4.877181529998779,0.9545388221740723,0.028819050639867783,23.5,1.5595989227294922,0.06636591160551031,37.0,nan,0,0.5711176991462708,2.6319305896759033,nan
1.521,8000,160,1,7.772959196240118,10,7.77227783203125,0.041159871965646744,6.351459980010986,1.2430775165557861,-0.1112704873085022,23.5,2.2442140579223633,0.0954984705498878,37.0,nan,0,0.6148722171783447,2.0022523403167725,nan
1.541,8000,160,1,7.773985150390217,10,7.77325439453125,0.05031096935272217,5.90327262878418,1.155360460281372,-0.05962931737303734,23.5,2.014160633087158,0.08570896311009184,37.0,nan,0,0.6634969711303711,2.3356642723083496,nan
1.561,8000,160,1,7.7749828649903066,10,7.774139404296875,0.0479188896715641,6.706783294677734,1.312619686126709,0.07301334291696548,23.5,2.7772042751312256,0.118178905324733,37.0,nan,0,0.7079662084579468,2.8506686687469482,nan
1.581,8000,160,1,7.775961377490603,10,7.7752227783203125,0.04632002115249634,6.924168109893799,1.3551652431488037,-0.13599467277526855,23.5,2.366420269012451,0.10069873485159367,37.0,nan,0,0.7618772387504578,2.162898540496826,nan
1.601,8000,160,1,7.776987131640635,10,7.7762298583984375,0.046173352748155594,6.185425281524658,1.2979058027267456,0.12093182653188705,23.5,2.3650834560394287,0.10064184919316718,37.0,nan,0,0.8127444982528687,2.1939644813537598,nan
1.621,8000,160,1,7.777987875390681,10,7.7771759033203125,0.05459503084421158,5.468052864074707,1.0701812505722046,0.0632437914609909,23.5,2.203662395477295,0.09377286789265085,37.0,nan,0,0.8595237731933594,3.1273725032806396,nan
1.641,8000,160,1,7.778976819140371,10,7.7780609130859375,0.036093346774578094,9.389347076416016,1.837638258934021,-0.03549811244010925,23.5,3.6758151054382324,0.1564176640612014,37.0,nan,0,0.9036598801612854,1.7667632102966309,nan
1.661,8000,160,1,7.779984917040565,10,7.77911376953125,0.05406815558671951,6.589709758758545,1.1335928440093994,0.08593826740980148,23.5,2.297891139984131,0.09778260170145238,37.0,nan,0,0.956954836845398,2.6125595569610596,nan
1.681,8000,160,1,7.780985854540631,10,7.7801666259765625,0.0510883554816246,6.175693035125732,1.2086772918701172,-0.041528552770614624,23.5,2.7100415229797363,0.11532091587147814,37.0,nan,0,0.009020889177918434,2.5537984371185303,nan
1.701,8000,160,1,7.781983417040465,10,7.78106689453125,0.041962504386901855,8.157997131347656,1.6741225719451904,-0.06546181440353394,23.5,3.27264404296875,0.13926144863696807,37.0,nan,0,0.054116662591695786,2.278355360031128,nan
1.721,8000,160,1,7.782986087890459,10,7.782012939453125,0.04464443400502205,8.509011268615723,1.8072006702423096,-0.2785292863845825,23.5,3.3104217052459717,0.14086900873387115,37.0,nan,0,0.10191267728805542,2.0890634059906006,nan
1.74,8000,160,1,7.783940098290623,10,7.7829132080078125,0.05470268055796623,7.623378753662109,1.4920114278793335,-0.03185926750302315,23.5,3.38218355178833,0.1439227043314183,37.0,nan,0,0.14627353847026825,3.0378708839416504,nan
1.761,8000,160,1,7.784969585790532,10,7.783935546875,0.046738509088754654,8.800045013427734,1.7223029136657715,0.04685542732477188,23.5,3.7554280757904053,0.15980545003363428,37.0,nan,0,0.19742432236671448,2.469961404800415,nan
1.781,8000,160,1,7.7859874170404515,10,7.7851409912109375,0.054549288004636765,5.497774600982666,1.075998306274414,-0.06946942210197449,23.5,2.1705331802368164,0.09236311405263048,37.0,nan,0,0.2576347589492798,2.547217845916748,nan
1.801,8000,160,1,7.786961831640657,10,7.7862396240234375,0.05582093074917793,4.309256553649902,0.843387246131897,0.035483818501234055,23.5,1.5842061042785645,0.06741302571398147,37.0,nan,0,0.3125954866409302,2.653928756713867,nan
1.821,8000,160,1,7.787988658740506,10,7.787322998046875,0.059932343661785126,4.114077568054199,0.8051877021789551,0.033237479627132416,23.5,1.3692220449447632,0.05826476786998992,37.0,nan,0,0.3674944043159485,3.2638461589813232,nan
1.841,8000,160,1,7.788963404540119,10,7.788299560546875,0.048614609986543655,4.8481059074401855,1.0023490190505981,-0.08878776431083679,23.5,1.7623504400253296,0.07499363574575871,37.0,nan,0,0.4160487651824951,2.7362558841705322,nan
1.861,8000,160,1,7.789987302490773,10,7.7894134521484375,0.04907511919736862,4.943299770355225,0.9674791097640991,0.19021907448768616,23.5,1.4541493654251099,0.0618786964010685,37.0,nan,0,0.471658855676651,2.591498851776123,nan
1.881,8000,160,1,7.790979989990593,10,7.790496826171875,0.04792647436261177,4.755136013031006,0.9306526184082031,-0.0006143517093732953,23.5,1.0512659549713135,0.044734721488141,37.0,nan,0,0.5257843732833862,1.8785375356674194,nan
1.901,8000,160,1,7.79198545249019,10,7.7913970947265625,0.0508439764380455,5.141446590423584,1.0062594413757324,0.005341335199773312,23.5,1.4424456357955933,0.06138066535300397,37.0,nan,0,0.5707309246063232,2.511479139328003,nan
1.921,8000,160,1,7.792956964990299,10,7.792266845703125,0.03627660870552063,7.53706169128418,1.4751179218292236,-0.08870770782232285,23.5,2.362553358078003,0.10053418545012778,37.0,nan,0,0.6138812899589539,1.5482929944992065,nan
1.941,8000,160,1,7.7939865545406075,10,7.793243408203125,0.05470877140760422,5.631540775299072,1.1021783351898193,-0.13053393363952637,23.5,1.9156569242477417,0.08151731592543582,37.0,nan,0,0.6628937721252441,2.7119033336639404,nan
1.961,8000,160,1,7.794985750390334,10,7.7941131591796875,0.04482608288526535,7.682682037353516,1.4897364377975464,0.08830827474594116,23.5,3.1763858795166016,0.13516535657517453,37.0,nan,0,0.706233024597168,2.637073516845703,nan
1.981,8000,160,1,7.795985227490747,10,7.79522705078125,0.05065371096134186,6.839623928070068,1.3386186361312866,-0.18497833609580994,23.5,2.024970769882202,0.08616896893115754,37.0,nan,0,0.7623649835586548,2.2723119258880615,nan
2.001,8000,160,1,7.796975496240339,10,7.7962646484375,0.0516493134200573,5.65548038482666,1.1259626150131226,0.06657648086547852,23.5,1.9114856719970703,0.08133981582966257,37.0,nan,0,0.8144087195396423,2.2355029582977295,nan
2.02,8000,160,1,7.797945431640256,10,7.7970733642578125,0.05011875927448273,6.6829023361206055,1.307945966720581,-0.1698434203863144,23.5,2.6873247623443604,0.114354245206143,37.0,nan,0,0.8547608852386475,2.8978610038757324,nan
2.041,8000,160,1,7.798987002490322,10,7.79815673828125,0.040587373077869415,8.30587100982666,1.6255855560302734,-0.002301244530826807,23.5,3.274947166442871,0.139359453891186,37.0,nan,0,0.9084345698356628,1.997233510017395,nan
2.061,8000,160,1,7.799987681640778,10,7.799102783203125,0.04674568027257919,7.470419406890869,1.4620749950408936,-0.020493105053901672,23.5,2.8254928588867188,0.12023373867603059,37.0,nan,0,0.9559226036071777,2.2498323917388916,nan
2.081,8000,160,1,7.800988512890763,10,7.8000640869140625,0.051944974809885025,6.924251556396484,1.3551815748214722,-0.033731572329998016,23.5,2.898773670196533,0.1233520710721929,37.0,nan,0,0.003874611807987094,2.485146999359131,nan
2.101,8000,160,1,7.8019850045406205,10,7.801025390625,0.04182281345129013,8.75948715209961,1.7143652439117432,-0.07997220754623413,23.5,3.6694464683532715,0.15614665822779877,37.0,nan,0,0.05190448462963104,2.008272171020508,nan
2.121,8000,160,1,7.802983225390199,10,7.8020782470703125,0.04864268749952316,7.814154624938965,1.5293492078781128,0.023756911978125572,23.5,2.7509403228759766,0.11706129033514794,37.0,nan,0,0.10497940331697464,2.0193309783935547,nan
2.141,8000,160,1,7.803982002490375,10,7.802947998046875,0.053728699684143066,7.579403877258301,1.4834048748016357,-0.02569795958697796,23.5,3.52750825881958,0.15010673441785446,37.0,nan,0,0.14818471670150757,2.923521041870117,nan
2.161,8000,160,1,7.804983696240379,10,7.8039703369140625,0.04705868288874626,8.65211296081543,1.6933503150939941,0.12058978527784348,23.5,3.6705687046051025,0.15619441296191924,37.0,nan,0,0.1992161124944687,2.505913019180298,nan
2.18,8000,160,1,7.805952789990261,10,7.8050994873046875,0.059788405895233154,5.218555927276611,1.0213509798049927,0.12484574317932129,23.5,2.010765790939331,0.08556450174209919,37.0,nan,0,0.2560177147388458,2.8727192878723145,nan
2.201,8000,160,1,7.806986617040094,10,7.8062896728515625,0.05857033282518387,4.356001853942871,0.8525359034538269,-0.012949284166097641,23.5,1.4692751169204712,0.06252234540087112,37.0,nan,0,0.315469354391098,2.869924306869507,nan
2.221,8000,160,1,7.807983629540105,10,7.8072967529296875,0.054210446774959564,4.143842697143555,0.8110132217407227,-0.002485748380422592,23.5,1.9402377605438232,0.08256330895931163,37.0,nan,0,0.36578652262687683,2.9772133827209473,nan
2.241,8000,160,1,7.808983658740181,10,7.808349609375,0.04775557294487953,5.328357219696045,1.0428407192230225,0.07646255195140839,23.5,1.847926378250122,0.07863516503192008,37.0,nan,0,0.41839051246643066,2.3478927612304688,nan
2.261,8000,160,1,7.809983406640095,10,7.809417724609375,0.050092510879039764,3.6986019611358643,0.7238727807998657,-0.12719197571277618,23.5,1.2331798076629639,0.05247573649629633,37.0,nan,0,0.4718354344367981,2.404958486557007,nan
2.281,8000,160,1,7.810985469140724,10,7.8105010986328125,0.051658958196640015,3.561755657196045,0.6970899105072021,0.040091730654239655,23.5,1.04770827293396,0.04458333076314723,37.0,nan,0,0.5260719060897827,2.205146074295044,nan
2.301,8000,160,1,7.811984712890262,10,7.8113555908203125,0.04632723703980446,5.623134136199951,1.100533127784729,0.05790499970316887,23.5,1.9481016397476196,0.08289794211691999,37.0,nan,0,0.5684247016906738,2.503857135772705,nan
2.32,8000,160,1,7.8129499649905485,10,7.8122711181640625,0.04183484986424446,6.835214614868164,1.3377556800842285,0.14866913855075836,23.5,2.1758065223693848,0.09258751159018659,37.0,nan,0,0.6147035360336304,1.8184864521026611,nan
2.341,8000,160,1,7.813985604540358,10,7.8132476806640625,0.05046800896525383,6.053206443786621,1.1847047805786133,-0.16542468965053558,23.5,2.2471566200256348,0.09562368595853765,37.0,nan,0,0.6629841327667236,2.5522620677948,nan
2.361,8000,160,1,7.814985779540439,10,7.8141326904296875,0.04235449805855751,8.305683135986328,1.561708927154541,0.06742078810930252,23.5,3.27675461769104,0.13943636671025703,37.0,nan,0,0.7074289917945862,2.389906883239746,nan
2.381,8000,160,1,7.815983652490105,10,7.8151702880859375,0.050156258046627045,6.212780952453613,1.2386975288391113,0.019378872588276863,23.5,2.2451558113098145,0.09553854516211976,37.0,nan,0,0.7595547437667847,2.3648674488067627,nan
2.401,8000,160,1,7.816987354540471,10,7.8162841796875,0.05706416442990303,4.6159796714782715,0.9034175872802734,0.02316342666745186,23.5,1.501132607460022,0.06387798329617114,37.0,nan,0,0.8147850036621094,2.663055419921875,nan
2.421,8000,160,1,7.8179857378905595,10,7.8170928955078125,0.04495902732014656,7.814930438995361,1.3529720306396484,-0.08440500497817993,23.5,3.1799118518829346,0.1353153979524653,37.0,nan,0,0.855756938457489,2.4517557621002197,nan
2.441,8000,160,1,7.818985754540337,10,7.8180999755859375,0.04511689022183418,7.365728855133057,1.4415854215621948,0.08710014820098877,23.5,2.988982677459717,0.12719075223232837,37.0,nan,0,0.9057753086090088,2.1360628604888916,nan
2.461,8000,160,1,7.8199827920405385,10,7.8190460205078125,0.04810170456767082,7.897677421569824,1.5456957817077637,0.048748672008514404,23.5,3.2717764377593994,0.13922452926635742,37.0,nan,0,0.9529191851615906,2.405085325241089,nan
2.481,8000,160,1,7.820982502490371,10,7.8199920654296875,0.0507512129843235,7.370506286621094,1.4425204992294312,0.08818342536687851,23.5,3.518986225128174,0.14974409468630526,37.0,nan,0,0.0007599650416523218,2.7927086353302,nan
2.501,8000,160,1,7.821987277490554,10,7.82098388671875,0.03659499064087868,9.741074562072754,1.9064767360687256,-0.040451668202877045,23.5,4.155697345733643,0.17683818492483586,37.0,nan,0,0.050405584275722504,1.90828275680542,nan
2.521,8000,160,1,7.822987123290661,10,7.822052001953125,0.05550608038902283,5.985032081604004,1.171362042427063,0.24249230325222015,23.5,2.557310104370117,0.10882170656894116,37.0,nan,0,0.10370273143053055,2.704822301864624,nan
2.541,8000,160,1,7.823984814990401,10,7.82293701171875,0.04951169714331627,8.45007038116455,1.5345592498779297,-0.045420289039611816,23.5,3.7900705337524414,0.16127959718095494,37.0,nan,0,0.14804257452487946,2.4429666996002197,nan
2.561,8000,160,1,7.824986017040648,10,7.823974609375,0.04564111307263374,9.329971313476562,1.8260176181793213,0.07801064848899841,23.5,3.7996649742126465,0.16168787124309134,37.0,nan,0,0.19948196411132812,2.2261903285980225,nan
2.58,8000,160,1,7.825954852490397,10,7.8250732421875,0.05672035738825798,6.139540672302246,1.2016017436981201,0.13703294098377228,23.5,2.326317310333252,0.09899222597162774,37.0,nan,0,0.2545948028564453,2.8238160610198975,nan
2.601,8000,160,1,7.826986767040219,10,7.8262786865234375,0.059240683913230896,3.84147047996521,0.8369061946868896,0.05911356955766678,23.5,1.4805212020874023,0.0630009022164852,37.0,nan,0,0.3150266110897064,2.9108760356903076,nan
2.621,8000,160,1,7.827986787890406,10,7.8273162841796875,0.052817150950431824,5.074760913848877,0.9383019208908081,0.15016937255859375,23.5,1.8335734605789185,0.07802440257782632,37.0,nan,0,0.36711061000823975,2.6869373321533203,nan
2.641,8000,160,1,7.8289866920407825,10,7.828369140625,0.05117937922477722,5.499382495880127,1.0763130187988281,0.06442156434059143,23.5,1.8597300052642822,0.07913744703252265,37.0,nan,0,0.4192239046096802,2.745020866394043,nan
2.661,8000,160,1,7.829987300390351,10,7.8293609619140625,0.045538417994976044,5.667867660522461,0.9757797718048096,0.05237898975610733,23.5,1.7027344703674316,0.0724567859730822,37.0,nan,0,0.46863695979118347,2.283238410949707,nan
2.681,8000,160,1,7.830990567040137,10,7.8304595947265625,0.05725512281060219,3.2032995223999023,0.6269345879554749,0.08915729820728302,23.5,0.8847190141677856,0.03764761762416109,37.0,nan,0,0.5242682099342346,2.5312814712524414,nan
2.701,8000,160,1,7.831956202490257,10,7.831298828125,0.043970804661512375,5.305342197418213,1.0383363962173462,-0.14487601816654205,23.5,1.8781195878982544,0.0799199824637555,37.0,nan,0,0.5662249326705933,2.2231853008270264,nan
2.721,8000,160,1,7.832989033740161,10,7.8323211669921875,0.04145990312099457,6.834512710571289,1.337618350982666,-0.10454344004392624,23.5,2.1240129470825195,0.09038352966308594,37.0,nan,0,0.6166343688964844,1.757375955581665,nan
2.741,8000,160,1,7.833987717040147,10,7.8332672119140625,0.04881547763943672,6.824666976928711,1.3356913328170776,-0.04073171317577362,23.5,2.179408073425293,0.09274076908192735,37.0,nan,0,0.664375364780426,2.4095587730407715,nan
2.761,8000,160,1,7.8349761295401565,10,7.8340911865234375,0.04382966831326485,7.585261821746826,1.4437978267669678,0.03469780832529068,23.5,3.0204825401306152,0.12853117192045171,37.0,nan,0,0.7056228518486023,2.5378224849700928,nan
2.781,8000,160,1,7.835955648290112,10,7.83514404296875,0.04948090389370918,6.875155925750732,1.345572829246521,0.03357531875371933,23.5,2.579434871673584,0.10976318602866315,37.0,nan,0,0.7579858303070068,2.3283748626708984,nan
2.801,8000,160,1,7.836982664990503,10,7.83624267578125,0.05280020087957382,5.209312915802002,1.0195419788360596,0.10307290405035019,23.5,1.6587406396865845,0.07058470807176956,37.0,nan,0,0.8127923607826233,2.3736908435821533,nan
2.821,8000,160,1,7.837988204540308,10,7.837158203125,0.04749706760048866,6.184271812438965,1.2103562355041504,-0.023373961448669434,23.5,2.692809581756592,0.11458764177687625,37.0,nan,0,0.859063446521759,2.558675527572632,nan
2.841,8000,160,1,7.838991914990768,10,7.83807373046875,0.04145717993378639,8.59152603149414,1.6814926862716675,-0.051336564123630524,23.5,3.273149013519287,0.13928293674550157,37.0,nan,0,0.9042844772338867,1.9684371948242188,nan
2.861,8000,160,1,7.8399860566401935,10,7.8390655517578125,0.047558799386024475,8.070951461791992,1.5796083211898804,0.07753990590572357,23.5,3.194075584411621,0.1359181099749626,37.0,nan,0,0.9545442461967468,1.9211094379425049,nan
2.88,8000,160,1,7.840941279540131,10,7.8398590087890625,0.04701733589172363,9.205238342285156,1.801605463027954,0.1410110592842102,23.5,4.213773727416992,0.1793095203156167,37.0,nan,0,0.994111955165863,2.6631417274475098,nan
2.901,8000,160,1,7.841983404540226,10,7.8409881591796875,0.049036797136068344,8.150690078735352,1.5952142477035522,-0.01443569641560316,23.5,3.0913643836975098,0.13154742058287275,37.0,nan,0,0.050373006612062454,2.0645570755004883,nan
2.921,8000,160,1,7.842982846240195,10,7.84197998046875,0.05443807318806648,7.632798671722412,1.4938549995422363,-0.09968383610248566,23.5,3.1432180404663086,0.13375395916877908,37.0,nan,0,0.09961237758398056,2.784829616546631,nan
2.941,8000,160,1,7.843982846240399,10,7.8429718017578125,0.04962654411792755,7.811769008636475,1.5288822650909424,-0.04625352844595909,23.5,3.688598871231079,0.15696165409493953,37.0,nan,0,0.14917349815368652,2.566549301147461,nan
2.961,8000,160,1,7.844986477490604,10,7.843963623046875,0.0485263355076313,8.512147903442383,1.665956974029541,-0.006286100950092077,23.5,3.6290931701660156,0.15442949660280916,37.0,nan,0,0.19921807944774628,2.494211196899414,nan
2.981,8000,160,1,7.845985429540454,10,7.845062255859375,0.052703578025102615,6.429842948913574,1.258418321609497,0.029928643256425858,23.5,2.7307019233703613,0.1162000818455473,37.0,nan,0,0.2542133629322052,2.586009979248047,nan
3.001,8000,160,1,7.846984375390459,10,7.8462371826171875,0.062050651758909225,4.231871128082275,0.8282417058944702,-0.16302545368671417,23.5,1.5062668323516846,0.06409646095113551,37.0,nan,0,0.3129144608974457,3.0070292949676514,nan
3.021,8000,160,1,7.84797001499028,10,7.847320556640625,0.053214795887470245,4.393082618713379,0.8597933053970337,0.08907120674848557,23.5,1.6564196348190308,0.0704859419071928,37.0,nan,0,0.36693257093429565,2.6364614963531494,nan
3.04,8000,160,1,7.848940183740344,10,7.8482818603515625,0.0490308552980423,4.848428249359131,0.9489113688468933,-0.050288911908864975,23.5,1.7104007005691528,0.07278300853485757,37.0,nan,0,0.41495975852012634,2.6248362064361572,nan
3.061,8000,160,1,7.849987039990812,10,7.849395751953125,0.05061854422092438,4.29463005065918,0.8405246138572693,-0.07796628773212433,23.5,1.4341342449188232,0.06102698914548184,37.0,nan,0,0.4707944989204407,2.4380252361297607,nan
3.081,8000,160,1,7.850958533740779,10,7.850341796875,0.04548198729753494,5.1413187980651855,1.0062344074249268,0.008871573023498058,23.5,1.8886034488677979,0.08036610420714034,37.0,nan,0,0.5177141427993774,2.377028465270996,nan
3.101,8000,160,1,7.8519870128904605,10,7.8513031005859375,0.046248722821474075,6.366165637969971,1.2459557056427002,0.2529851198196411,23.5,2.065988779067993,0.0879144161305529,37.0,nan,0,0.566165030002594,2.225816249847412,nan
3.121,8000,160,1,7.852985035790336,10,7.852264404296875,0.046484027057886124,5.4883198738098145,1.0741479396820068,-0.09384287893772125,23.5,1.9529281854629517,0.08310332704097667,37.0,nan,0,0.6142195463180542,2.0468575954437256,nan
3.141,8000,160,1,7.853987227490145,10,7.853240966796875,0.04876300320029259,6.311979293823242,1.235350489616394,0.0011142052244395018,23.5,2.3985002040863037,0.10206383847175761,37.0,nan,0,0.6627153754234314,2.5116019248962402,nan
3.16,8000,160,1,7.854937819140471,10,7.85406494140625,0.04366474598646164,8.097325325012207,1.446082592010498,0.07836155593395233,23.5,3.2458086013793945,0.13811951495231467,37.0,nan,0,0.7042220830917358,2.499997854232788,nan
3.181,8000,160,1,7.855987081640344,10,7.8551177978515625,0.04264136776328087,7.807430744171143,1.548088550567627,0.027260374277830124,23.5,3.132598876953125,0.13330207987034576,37.0,nan,0,0.7569370865821838,1.8455101251602173,nan
3.201,8000,160,1,7.8569882753901785,10,7.856170654296875,0.06171511858701706,4.231673717498779,0.8282030820846558,-0.13411234319210052,23.5,1.4266005754470825,0.0607064074658333,37.0,nan,0,0.8097797632217407,3.0815446376800537,nan
3.221,8000,160,1,7.857987619140478,10,7.8571624755859375,0.051732324063777924,6.221378803253174,1.217618703842163,0.07741217315196991,23.5,2.5402443408966064,0.1080955038679407,37.0,nan,0,0.8590178489685059,2.8011581897735596,nan
3.241,8000,160,1,7.8589834982907645,10,7.8579864501953125,0.0339273177087307,9.800212860107422,1.91805100440979,-0.10402743518352509,23.5,4.1540021896362305,0.1767660506228183,37.0,nan,0,0.9005323052406311,1.604702353477478,nan
3.261,8000,160,1,7.859987262890355,10,7.8590087890625,0.05589529871940613,6.855332851409912,1.3416931629180908,-0.0037026170175522566,23.5,2.970346450805664,0.1263977213108793,37.0,nan,0,0.9512894153594971,2.70198392868042,nan
3.281,8000,160,1,7.8609823357903235,10,7.8598175048828125,0.04074700176715851,10.284258842468262,2.0127861499786377,-0.08769961446523666,23.5,5.1781158447265625,0.22034535509474734,37.0,nan,0,0.9915621280670166,2.35290265083313,nan
3.301,8000,160,1,7.861985433740484,10,7.8608856201171875,0.05127445608377457,8.285869598388672,1.6216709613800049,0.03433019667863846,23.5,3.5780153274536133,0.15225597138100483,37.0,nan,0,0.045544471591711044,2.3797767162323,nan
3.321,8000,160,1,7.862987021240407,10,7.8619537353515625,0.05398773029446602,8.595158576965332,1.6822035312652588,0.039923012256622314,23.5,3.4452481269836426,0.14660630327589969,37.0,nan,0,0.09847946465015411,2.6949167251586914,nan
3.341,8000,160,1,7.863987471240399,10,7.862945556640625,0.056795019656419754,6.681981086730957,1.3077656030654907,0.16132596135139465,23.5,3.3425254821777344,0.14223512690118018,37.0,nan,0,0.1480410099029541,3.0848886966705322,nan
3.361,8000,160,1,7.864983725390632,10,7.8638916015625,0.043403830379247665,9.438348770141602,1.7560404539108276,0.01543345581740141,23.5,4.210843086242676,0.1791848121805394,37.0,nan,0,0.19554434716701508,2.222259998321533,nan
3.381,8000,160,1,7.86596825454035,10,7.865020751953125,0.05561760440468788,6.756308555603027,1.322312593460083,0.14111140370368958,23.5,2.4968976974487305,0.10625096584888215,37.0,nan,0,0.2521836459636688,2.369757652282715,nan
3.401,8000,160,1,7.866986802490285,10,7.8662261962890625,0.06711544096469879,4.095212936401367,0.8014955520629883,0.03048592433333397,23.5,1.438627004623413,0.06121817040950694,37.0,nan,0,0.3121291697025299,3.218400716781616,nan
3.422,8000,160,1,7.868007760790354,10,7.867431640625,0.05897333472967148,3.4079551696777344,0.6669887900352478,0.22654539346694946,23.5,1.2532864809036255,0.053331339612920234,37.0,nan,0,0.37218722701072693,2.9428679943084717,nan
3.441,8000,160,1,7.868974435790736,10,7.868255615234375,0.04069313406944275,6.191585540771484,1.2117877006530762,0.10726045072078705,23.5,2.3961238861083984,0.10196271855780419,37.0,nan,0,0.41341686248779297,2.3726794719696045,nan
3.461,8000,160,1,7.869983783740466,10,7.869384765625,0.05358555540442467,4.215224742889404,0.8249837756156921,-0.055813319981098175,23.5,1.4048246145248413,0.05977977083084431,37.0,nan,0,0.4704553484916687,2.472085952758789,nan
3.481,8000,160,1,7.870983469140631,10,7.8703765869140625,0.04985339567065239,5.250172138214111,1.0275386571884155,-0.308582603931427,23.5,1.7743110656738281,0.07550259853931184,37.0,nan,0,0.5198171138763428,2.3400626182556152,nan
3.501,8000,160,1,7.87198642539079,10,7.871185302734375,0.04270032420754433,6.72168493270874,1.451920986175537,0.08080513775348663,23.5,2.810852527618408,0.11961074585610247,37.0,nan,0,0.5603640079498291,2.4741709232330322,nan
3.521,8000,160,1,7.872958721240141,10,7.8721923828125,0.04683385789394379,6.474342346191406,1.267127513885498,0.09172087907791138,23.5,2.1689343452453613,0.09229507852107921,37.0,nan,0,0.6107210516929626,2.1714963912963867,nan
3.541,8000,160,1,7.873986500390314,10,7.8732147216796875,0.055409420281648636,5.567829132080078,1.2108142375946045,-0.30763471126556396,23.5,1.864719271659851,0.07934975624084473,37.0,nan,0,0.6616179347038269,2.742443561553955,nan
3.561,8000,160,1,7.874974662890603,10,7.874114990234375,0.043619487434625626,7.829282283782959,1.532309889793396,0.12135934829711914,23.5,3.155176877975464,0.13426284587129633,37.0,nan,0,0.706299364566803,2.2746198177337646,nan
3.58,8000,160,1,7.875950542040667,10,7.8751373291015625,0.046056922525167465,6.919071197509766,1.3541676998138428,0.06235598772764206,23.5,2.6442527770996094,0.11252139477019614,37.0,nan,0,0.7574857473373413,1.9488272666931152,nan
3.601,8000,160,1,7.8769557753905275,10,7.87603759765625,0.054054003208875656,6.018402576446533,1.1368032693862915,-0.009788893163204193,23.5,2.8614795207977295,0.12176508599139274,37.0,nan,0,0.8028414845466614,3.1441707611083984,nan
3.621,8000,160,1,7.877987619140188,10,7.8771820068359375,0.04770800843834877,6.456547260284424,1.2636446952819824,-0.12585720419883728,23.5,2.838895797729492,0.12080407649912733,37.0,nan,0,0.860308825969696,2.3380823135375977,nan
3.64,8000,160,1,7.878937979540209,10,7.8780059814453125,0.03197989985346794,10.32165813446045,2.006744623184204,0.015609188005328178,23.5,3.7963905334472656,0.1615485333381815,37.0,nan,0,0.9013722538948059,1.2353142499923706,nan
3.661,8000,160,1,7.879985767040492,10,7.8789520263671875,0.053194981068372726,7.415111541748047,1.4512503147125244,-0.07476801425218582,23.5,3.4138431549072266,0.1452699214854139,37.0,nan,0,0.948320746421814,2.670649528503418,nan
3.68,8000,160,1,7.880936314990689,10,7.879791259765625,0.038180701434612274,10.931002616882324,2.1393637657165527,-0.03737958148121834,23.5,5.0617780685424805,0.2153948114273396,37.0,nan,0,0.9904144406318665,2.054457902908325,nan
3.701,8000,160,1,7.881986031640557,10,7.8808135986328125,0.047563254833221436,10.328675270080566,2.0214791297912598,-0.2966769337654114,23.5,4.107312202453613,0.17477924265760056,37.0,nan,0,0.04178571328520775,2.148756742477417,nan
3.721,8000,160,1,7.882955437890636,10,7.8818206787109375,0.06067907065153122,8.00704574584961,1.567101001739502,-0.07057829946279526,23.5,3.4378066062927246,0.14628964282096701,37.0,nan,0,0.09230222553014755,3.104435443878174,nan
3.741,8000,160,1,7.883985727490657,10,7.88287353515625,0.05446431413292885,7.616616725921631,1.4906880855560303,-0.07045303285121918,23.5,4.046100616455078,0.17217449431723736,37.0,nan,0,0.14436540007591248,3.247307538986206,nan
3.76,8000,160,1,7.884947471240597,10,7.883880615234375,0.03889116272330284,10.293087005615234,2.0145139694213867,0.027054816484451294,23.5,4.394779205322266,0.1870118810775432,37.0,nan,0,0.19464139640331268,1.7505393028259277,nan
3.781,8000,160,1,7.885983669140118,10,7.8850555419921875,0.060168299823999405,6.170273303985596,1.210507869720459,-0.013405632227659225,23.5,2.107161283493042,0.0896664375954486,37.0,nan,0,0.25364789366722107,2.7375125885009766,nan
3.801,8000,160,1,7.886986587890719,10,7.88616943359375,0.06124284118413925,5.109878063201904,1.0000810623168945,-0.2701970040798187,23.5,1.9852877855300903,0.08448033129915278,37.0,nan,0,0.30908623337745667,3.21722674369812,nan
3.821,8000,160,1,7.887986398290381,10,7.88739013671875,0.05747184157371521,3.632737398147583,0.710982084274292,0.14978253841400146,23.5,1.3532301187515259,0.057584260372405355,37.0,nan,0,0.3700866997241974,2.711235523223877,nan
3.841,8000,160,1,7.888987979540256,10,7.888397216796875,0.04834027215838432,5.003713607788086,0.9743893146514893,0.07385751605033875,23.5,1.7754170894622803,0.07554966338137363,37.0,nan,0,0.420568585395813,2.5108819007873535,nan
3.861,8000,160,1,7.889989014990719,10,7.8893890380859375,0.048020124435424805,5.141161918640137,0.8263483047485352,-0.029362067580223083,23.5,1.4384942054748535,0.06121251938190866,37.0,nan,0,0.47074711322784424,2.394317388534546,nan
3.88,8000,160,1,7.89095444414052,10,7.8903045654296875,0.04837743192911148,5.4807891845703125,1.072674036026001,-0.020754262804985046,23.5,2.0879759788513184,0.08885004165324759,37.0,nan,0,0.5158096551895142,2.4608633518218994,nan
3.901,8000,160,1,7.891983837890442,10,7.8910675048828125,0.036533329635858536,10.165124893188477,1.9894698858261108,-0.00651148147881031,23.5,3.5790088176727295,0.1522982475605417,37.0,nan,0,0.5545462965965271,2.25649356842041,nan
3.921,8000,160,1,7.892986508740436,10,7.892181396484375,0.05500439554452896,6.1591267585754395,1.205435037612915,0.11151659488677979,23.5,1.8658266067504883,0.0793968768829995,37.0,nan,0,0.6097521781921387,2.4285061359405518,nan
3.941,8000,160,1,7.8939866503904375,10,7.8931427001953125,0.05562514811754227,5.82973051071167,1.1409671306610107,-0.12874287366867065,23.5,2.2544078826904297,0.09593225032725233,37.0,nan,0,0.6584022045135498,2.7981035709381104,nan
3.961,8000,160,1,7.8949865753907975,10,7.8941497802734375,0.045479416847229004,7.373472213745117,1.443100929260254,0.03665199130773544,23.5,2.8787622451782227,0.12250052107141372,37.0,nan,0,0.7084954977035522,2.324589729309082,nan
3.981,8000,160,1,7.8959844503901,10,7.895111083984375,0.04603618383407593,6.110641956329346,1.1959457397460938,0.12052552402019501,23.5,2.7815773487091064,0.11836499356208964,37.0,nan,0,0.7565129399299622,2.1524229049682617,nan
4.001,8000,160,1,7.896985469140785,10,7.8960723876953125,0.04991476982831955,7.632975101470947,1.4938896894454956,-0.0637204572558403,23.5,3.2238714694976807,0.1371860199786247,37.0,nan,0,0.8044607639312744,2.5939669609069824,nan
4.021,8000,160,1,7.897982958740616,10,7.8971405029296875,0.05615515634417534,5.717155933380127,1.1189346313476562,-0.07606016099452972,23.5,2.408245086669922,0.10247851432637965,37.0,nan,0,0.857933759689331,2.891357421875,nan
4.041,8000,160,1,7.898987029540152,10,7.8980712890625,0.03319159895181656,9.569845199584961,1.87296462059021,0.0396028496325016,23.5,3.960355758666992,0.16852577696455287,37.0,nan,0,0.9043726325035095,1.440578818321228,nan
4.06,8000,160,1,7.899951792040523,10,7.898956298828125,0.04868669807910919,8.400251388549805,1.6440571546554565,-0.013853216543793678,23.5,3.6473512649536133,0.15520643680653673,37.0,nan,0,0.9490100145339966,2.2864348888397217,nan
4.08,8000,160,1,7.900940121240277,10,7.8998260498046875,0.04644034430384636,9.277454376220703,1.815739393234253,0.10966651886701584,23.5,4.536617279052734,0.19304754378947805,37.0,nan,0,0.9922665953636169,2.5921454429626465,nan
4.101,8000,160,1,7.901986364990447,10,7.900787353515625,0.039744772017002106,11.24220085144043,2.200270175933838,0.15990601480007172,23.5,5.285280704498291,0.2249055618935443,37.0,nan,0,0.04036935791373253,1.8343838453292847,nan
4.121,8000,160,1,7.902986308740222,10,7.9016876220703125,0.05350705608725548,9.031332015991211,1.8142383098602295,-0.012911336496472359,23.5,5.019807815551758,0.21360884321496842,37.0,nan,0,0.08562634885311127,3.040519952774048,nan
4.141,8000,160,1,7.903971837890279,10,7.90277099609375,0.048678264021873474,9.216267585754395,1.8037641048431396,0.02722511999309063,23.5,4.737252235412598,0.20158520150691905,37.0,nan,0,0.1391843557357788,2.749948740005493,nan
4.161,8000,160,1,7.904987758740757,10,7.903961181640625,0.05163337290287018,8.110549926757812,1.5873583555221558,0.10157996416091919,23.5,3.3969850540161133,0.14455255549004736,38.0,nan,0,0.1990450918674469,2.2042384147644043,nan
4.18,8000,160,1,7.905954498290524,10,7.905029296875,0.056465208530426025,6.745549201965332,1.3149102926254272,0.11605566740036011,23.5,2.539201498031616,0.10805112757581345,38.0,nan,0,0.2523663341999054,2.6756322383880615,nan
4.201,8000,160,1,7.906975406640416,10,7.906158447265625,0.05760645121335983,5.866354942321777,1.1481350660324097,-0.1786097288131714,23.5,2.198206901550293,0.09354071921490609,37.0,nan,0,0.30880650877952576,2.9763214588165283,nan
4.221,8000,160,1,7.907989600390286,10,7.9073486328125,0.06337342411279678,2.5031089782714844,0.48989659547805786,0.19958184659481049,23.5,1.2591404914855957,0.05358044644619556,38.0,nan,0,0.368432879447937,3.12432599067688,nan
4.241,8000,160,1,7.908986631640439,10,7.9083404541015625,0.048730142414569855,4.781304836273193,0.9357742667198181,-0.023789390921592712,23.5,1.748715877532959,0.07441344159714719,37.0,nan,0,0.41823747754096985,2.4770989418029785,nan
4.261,8000,160,1,7.909987214990545,10,7.9093780517578125,0.05077226459980011,3.9470572471618652,0.7724992632865906,-0.05740909278392792,23.5,1.3934614658355713,0.059296232588747715,37.0,nan,0,0.4702014625072479,2.5783753395080566,nan
4.281,8000,160,1,7.910986087890344,10,7.9103851318359375,0.04968177154660225,4.806545257568359,0.9407142400741577,0.026630796492099762,23.5,1.7434011697769165,0.07418728382029433,37.0,nan,0,0.5203428268432617,2.308070182800293,nan
4.301,8000,160,1,7.911974233740332,10,7.91107177734375,0.033443987369537354,9.068770408630371,1.7748966217041016,0.0048257652670145035,23.5,3.820864200592041,0.16258996598264006,37.0,nan,0,0.5544888377189636,2.154794692993164,nan
4.321,8000,160,1,7.912989935790395,10,7.9121246337890625,0.057995881885290146,5.750256538391113,1.125412940979004,0.07529909908771515,23.5,1.9702718257904053,0.08384135428895341,37.0,nan,0,0.6075031161308289,2.888645887374878,nan
4.341,8000,160,1,7.913984256640108,10,7.9130401611328125,0.050116829574108124,7.367456912994385,1.3750760555267334,0.06724632531404495,23.5,3.285917282104492,0.1398262673235954,37.0,nan,0,0.6527052521705627,2.9313297271728516,nan
4.361,8000,160,1,7.914983608740298,10,7.914093017578125,0.04574285447597504,7.127923011779785,1.395043134689331,0.06341838091611862,23.5,3.125626564025879,0.1330053857032289,37.0,nan,0,0.7056664824485779,2.410367727279663,nan
4.381,8000,160,1,7.9159834107907985,10,7.9151153564453125,0.041398242115974426,8.45394229888916,1.6545653343200684,-0.012164599262177944,23.5,3.164963722229004,0.13467930732889377,37.0,nan,0,0.756757915019989,1.7682900428771973,nan
4.401,8000,160,1,7.916982908740468,10,7.9160919189453125,0.05315793305635452,6.598877906799316,1.2915010452270508,-0.2883329391479492,23.5,2.555004358291626,0.10872358971453727,37.0,nan,0,0.8052921891212463,2.5895209312438965,nan
4.421,8000,160,1,7.917990298290536,10,7.9169769287109375,0.05015094205737114,7.937673568725586,1.5535237789154053,0.034531380981206894,23.5,3.4528133869171143,0.1469282292305155,37.0,nan,0,0.8497320413589478,3.086583375930786,nan
4.441,8000,160,1,7.918985567040366,10,7.9180755615234375,0.03691275790333748,9.251599311828613,1.7374457120895386,0.041676752269268036,23.5,3.6960768699645996,0.15727986680700423,38.0,nan,0,0.9043281674385071,1.5497138500213623,nan
4.46,8000,160,1,7.919951756640515,10,7.91900634765625,0.04989568516612053,7.763348579406738,1.519405722618103,0.17615392804145813,23.5,3.2460122108459473,0.13812817918493392,38.0,nan,0,0.951416015625,2.2410995960235596,nan
4.481,8000,160,1,7.920985442040549,10,7.9197235107421875,0.03725291043519974,11.51083755493164,2.2528462409973145,-0.3144821524620056,23.5,5.728095054626465,0.24374872572878573,37.0,nan,0,0.9874547719955444,2.4469377994537354,nan
4.501,8000,160,1,7.921985750390744,10,7.9207763671875,0.04069799929857254,10.639917373657227,2.0878334045410156,0.1697915643453598,23.5,4.862627983093262,0.20692033970609625,38.0,nan,0,0.039379801601171494,1.4935561418533325,nan
4.521,8000,160,1,7.922964225390754,10,7.9215850830078125,0.05155758559703827,10.315585136413574,2.0189173221588135,-0.016994431614875793,23.5,5.837173938751221,0.24839038037239236,37.0,nan,0,0.0804663598537445,2.745103120803833,nan
4.541,8000,160,1,7.923984992040644,10,7.9227447509765625,0.05096177011728287,9.438455581665039,1.8472497463226318,0.03483208641409874,23.5,4.719759941101074,0.2008408485574925,37.0,nan,0,0.13804897665977478,2.5743041038513184,nan
4.561,8000,160,1,7.924969919140134,10,7.92388916015625,0.056374046951532364,7.4246721267700195,1.4531214237213135,0.04744455963373184,23.5,3.201406717300415,0.13623007307661342,37.0,nan,0,0.19515536725521088,2.5906589031219482,nan
4.581,8000,160,1,7.925986860790729,10,7.9250640869140625,0.05934712663292885,5.6839423179626465,1.2530889511108398,0.0882420539855957,23.5,2.269763469696045,0.09658567956153383,37.0,nan,0,0.25433504581451416,2.7495384216308594,nan
4.601,8000,160,1,7.9269747920407125,10,7.9261474609375,0.06124275550246239,5.3711066246032715,1.051207423210144,-0.10563763976097107,23.5,1.836592674255371,0.0781528797555477,37.0,nan,0,0.3082897961139679,3.061896324157715,nan
4.621,8000,160,1,7.927987712890174,10,7.9272308349609375,0.05757170170545578,4.284176826477051,0.8814932703971863,0.06904272735118866,23.5,2.049839973449707,0.08722723291275349,37.0,nan,0,0.36240246891975403,3.1617608070373535,nan
4.641,8000,160,1,7.928986971240377,10,7.928375244140625,0.0482264906167984,5.24454927444458,1.0264382362365723,-0.04907253384590149,23.5,1.4841547012329102,0.06315551920140043,37.0,nan,0,0.4196521043777466,2.346912384033203,nan
4.661,8000,160,1,7.929986400390774,10,7.9293670654296875,0.047144245356321335,5.249283313751221,1.027364730834961,0.05715790390968323,23.5,1.6092149019241333,0.06847722986911206,37.0,nan,0,0.4696245789527893,2.169426202774048,nan
4.681,8000,160,1,7.930986108740766,10,7.930328369140625,0.05000089481472969,5.279887676239014,1.0333545207977295,0.07311682403087616,23.5,2.008553981781006,0.08547038220344706,38.0,nan,0,0.5174703598022461,2.5592410564422607,nan
4.701,8000,160,1,7.931982758740199,10,7.9310760498046875,0.032374121248722076,10.165142059326172,1.9894733428955078,0.005173630081117153,23.5,3.9646530151367188,0.16870863894198804,37.0,nan,0,0.5545967817306519,1.9766888618469238,nan
4.721,8000,160,1,7.932968106640331,10,7.9320068359375,0.051801782101392746,7.869777202606201,1.5402352809906006,-0.2499927282333374,23.5,2.889246940612793,0.12294667832394864,38.0,nan,0,0.6014692783355713,2.8489763736724854,nan
4.74,8000,160,1,7.93394034414014,10,7.9329833984375,0.05166923254728317,7.4684367179870605,1.4616868495941162,0.03396870940923691,23.5,3.3144683837890625,0.14104120782081117,38.0,nan,0,0.6497873067855835,2.660416841506958,nan
4.761,8000,160,1,7.93498681499041,10,7.9340057373046875,0.04413275793194771,8.2157564163208,1.607948660850525,-0.13976126909255981,23.5,3.4617857933044434,0.14731003375763588,38.0,nan,0,0.7013417482376099,2.3000354766845703,nan
4.781,8000,160,1,7.935986050390786,10,7.935150146484375,0.05191296339035034,6.634556293487549,1.2984838485717773,0.23132741451263428,23.5,2.3866405487060547,0.10155917228536403,37.0,nan,0,0.758138120174408,2.1769251823425293,nan
4.801,8000,160,1,7.936987271240653,10,7.936065673828125,0.055107176303863525,6.097842216491699,1.1934406757354736,-0.08118383586406708,23.5,2.821096897125244,0.12004667647341465,38.0,nan,0,0.8041147589683533,3.0236752033233643,nan
4.821,8000,160,1,7.937957358740098,10,7.9369354248046875,0.04137730598449707,8.80239486694336,1.722762942314148,0.11022377014160156,23.5,4.421041011810303,0.18812940475788523,37.0,nan,0,0.8475013971328735,2.5725185871124268,nan
4.841,8000,160,1,7.938987983740665,10,7.9381561279296875,0.04962558299303055,6.461446762084961,1.264603614807129,0.01866181008517742,23.5,2.316494941711426,0.09857425283878407,37.0,nan,0,0.9085276126861572,1.9820975065231323,nan
4.86,8000,160,1,7.939954533740095,10,7.939056396484375,0.05107499659061432,7.608332633972168,1.4890666007995605,0.03373705595731735,23.5,3.0416414737701416,0.12943155207532517,37.0,nan,0,0.9538654685020447,2.3942058086395264,nan
4.88,8000,160,1,7.94094592749025,10,7.93975830078125,0.0346025750041008,10.96933364868164,2.1468658447265625,-0.01941733807325363,23.5,5.741455554962158,0.24431725765796417,38.0,nan,0,0.9887368083000183,2.090217351913452,nan
4.901,8000,160,1,7.941977337890424,10,7.9407958984375,0.04637724906206131,10.364143371582031,2.028420925140381,0.08930958807468414,23.5,4.355156421661377,0.18532580517707986,37.0,nan,0,0.04054033383727074,1.8085664510726929,nan
4.921,8000,160,1,7.9429848232903195,10,7.9415435791015625,0.04373995214700699,13.036262512207031,2.3587756156921387,0.032763514667749405,23.5,6.98189640045166,0.2971019744873047,37.0,nan,0,0.07829132676124573,2.1772122383117676,nan
4.941,8000,160,1,7.943985073290244,10,7.942626953125,0.054360806941986084,10.462067604064941,2.04758620262146,-0.08804453909397125,23.5,5.166260242462158,0.21984086138136844,37.0,nan,0,0.13240844011306763,2.758174180984497,nan
4.96,8000,160,1,7.944943133740164,10,7.9438018798828125,0.055791620165109634,8.404133796691895,1.6448171138763428,-0.05884798988699913,23.5,3.7708187103271484,0.16046037065221908,37.0,nan,0,0.19100816547870636,2.4195830821990967,nan
4.98,8000,160,1,7.945954467040431,10,7.9449615478515625,0.059105705469846725,6.6530890464782715,1.302111029624939,-0.02836383879184723,23.5,2.442450523376465,0.10393406482453042,37.0,nan,0,0.2486865520477295,2.665430784225464,nan
5.001,8000,160,1,7.946958504540091,10,7.946075439453125,0.06122724711894989,4.873355865478516,0.9537900686264038,0.043602850288152695,23.5,2.226825475692749,0.09475853088054251,37.0,nan,0,0.30513307452201843,3.414266586303711,nan
5.02,8000,160,1,7.947954296240643,10,7.947174072265625,0.048934292048215866,5.762200832366943,1.1277505159378052,-0.020043885335326195,23.5,2.58429217338562,0.10996987971853703,37.0,nan,0,0.35947784781455994,2.582103967666626,nan
5.041,8000,160,1,7.948986133740256,10,7.94842529296875,0.056001193821430206,3.2805826663970947,0.6420600414276123,0.10878196358680725,23.5,1.2456474304199219,0.05300627363489029,37.0,nan,0,0.4220932424068451,2.6966288089752197,nan
5.061,8000,160,1,7.949982879540768,10,7.949432373046875,0.04857765883207321,4.459400653839111,0.8727726340293884,-0.16073524951934814,23.5,1.4579341411590576,0.06203975068761947,38.0,nan,0,0.4723873734474182,2.3456428050994873,nan
5.081,8000,160,1,7.950961719140469,10,7.950347900390625,0.050090573728084564,4.7606987953186035,0.9317413568496704,0.06327595561742783,23.5,1.8612096309661865,0.07920040982834836,37.0,nan,0,0.5186895728111267,2.634760618209839,nan
5.101,8000,160,1,7.951983608740557,10,7.95111083984375,0.034657154232263565,9.122847557067871,1.7854803800582886,-0.18561193346977234,23.5,3.59074330329895,0.15279758737442342,37.0,nan,0,0.5566733479499817,2.029649019241333,nan
5.121,8000,160,1,7.9529832212407205,10,7.9520263671875,0.04910659044981003,8.905617713928223,1.7429652214050293,-0.13702376186847687,23.5,3.1845178604125977,0.1355113983154297,37.0,nan,0,0.6021891832351685,2.6449992656707764,nan
5.141,8000,160,1,7.953985852490587,10,7.952911376953125,0.052768442779779434,7.118385314941406,1.393176555633545,0.09605196118354797,23.5,3.5583972930908203,0.15142116140812,38.0,nan,0,0.6462393999099731,3.0745418071746826,nan
5.161,8000,160,1,7.954983260790323,10,7.953948974609375,0.043917834758758545,9.341679573059082,1.8283090591430664,0.029000362381339073,23.5,3.77858829498291,0.16079099127586852,38.0,nan,0,0.6981157064437866,2.148078441619873,nan
5.18,8000,160,1,7.955944562890363,10,7.9550933837890625,0.05891302600502968,5.936870574951172,1.1619360446929932,0.1421818882226944,23.5,2.0891757011413574,0.08890109366558968,37.0,nan,0,0.7552688717842102,2.6657063961029053,nan
5.201,8000,160,1,7.9569836691407545,10,7.956085205078125,0.050736282020807266,7.576930522918701,1.4829208850860596,-0.26708051562309265,23.5,3.052384376525879,0.12988869687344165,38.0,nan,0,0.8052725195884705,2.782539129257202,nan
5.221,8000,160,1,7.957986977490509,10,7.95703125,0.043090466409921646,8.516847610473633,1.6668767929077148,-0.0503026619553566,23.5,3.752239227294922,0.1596697543529754,38.0,nan,0,0.8527629971504211,2.269226551055908,nan
5.241,8000,160,1,7.9589894503908,10,7.958099365234375,0.05482541397213936,6.421875953674316,1.3032513856887817,-0.026830879971385002,23.5,2.1450958251953125,0.09128067341256649,37.0,nan,0,0.9058986902236938,2.519792079925537,nan
5.261,8000,160,1,7.959987329540309,10,7.959136962890625,0.054714467376470566,5.840963363647461,1.1431655883789062,0.03792480379343033,23.5,2.319873809814453,0.0987180344601895,37.0,nan,0,0.9580686688423157,2.5626046657562256,nan
5.281,8000,160,1,7.96098881079015,10,7.9599151611328125,0.04208146035671234,10.431246757507324,2.0415539741516113,-0.0867607519030571,23.5,4.518743515014648,0.1922869580857297,37.0,nan,0,0.9968693852424622,2.2239153385162354,nan
5.301,8000,160,1,7.961986375390552,10,7.9608001708984375,0.045912813395261765,10.011192321777344,1.9593429565429688,0.08060955256223679,23.5,4.519213676452637,0.19230696495543134,38.0,nan,0,0.04122845083475113,2.1607468128204346,nan
5.321,8000,160,1,7.962976423290092,10,7.9615631103515625,0.04275757819414139,12.211795806884766,2.3900346755981445,0.013330711983144283,23.5,6.954510688781738,0.29593662505454205,37.0,nan,0,0.0792943686246872,2.16155743598938,nan
5.341,8000,160,1,7.963983044140331,10,7.9624786376953125,0.0414019450545311,13.11823558807373,2.531552314758301,0.08469536900520325,23.5,7.559305191040039,0.3216725613208527,37.0,nan,0,0.12502160668373108,2.3362925052642822,nan
5.361,8000,160,1,7.9649834732903395,10,7.9637603759765625,0.05858210474252701,8.590498924255371,1.6812915802001953,-0.17932286858558655,23.5,3.5819668769836426,0.15242412242483586,38.0,nan,0,0.18869148194789886,2.430159091949463,nan
5.381,8000,160,1,7.965983306640555,10,7.9649810791015625,0.07189203798770905,6.251445293426514,1.2235031127929688,-0.108740895986557,23.5,1.9180068969726562,0.08161731476479388,38.0,nan,0,0.2502853274345398,3.4754393100738525,nan
5.401,8000,160,1,7.966983044140215,10,7.966094970703125,0.05921664461493492,4.950253486633301,0.9688401222229004,-0.06854194402694702,23.5,2.291172504425049,0.09749670231595953,38.0,nan,0,0.30604469776153564,3.2487049102783203,nan
5.421,8000,160,1,7.967982717040285,10,7.96722412109375,0.05224831774830818,6.171109676361084,1.2077802419662476,0.03715883195400238,23.5,2.373271942138672,0.10099029541015625,37.0,nan,0,0.3618484437465668,2.733224630355835,nan
5.441,8000,160,1,7.968957298290478,10,7.96832275390625,0.056131284683942795,4.416032791137695,0.8642849922180176,-0.013811214827001095,23.5,1.5199658870697021,0.06467939944977456,38.0,nan,0,0.4168137013912201,2.865154504776001,nan
5.461,8000,160,1,7.969960398290276,10,7.96942138671875,0.05047779530286789,3.957425117492676,0.7745283842086792,-0.0938691720366478,23.5,1.2525432109832764,0.05329971110567133,38.0,nan,0,0.4717150032520294,2.4245851039886475,nan
5.481,8000,160,1,7.970983752490428,10,7.9704132080078125,0.04778466746211052,5.69312858581543,1.114232063293457,-0.10109212249517441,23.5,1.840008020401001,0.07829821363408515,37.0,nan,0,0.5212432742118835,2.3109493255615234,nan
5.501,8000,160,1,7.9719834024901495,10,7.9710693359375,0.03170142322778702,9.915788650512695,1.9406709671020508,0.08483366668224335,23.5,4.180935859680176,0.1779121642417096,38.0,nan,0,0.5544382333755493,2.097766876220703,nan
5.521,8000,160,1,7.972982821240293,10,7.9720001220703125,0.04753668233752251,8.81219482421875,1.7246809005737305,-0.2734491527080536,23.5,3.1568474769592285,0.1343339351897544,38.0,nan,0,0.6011183261871338,2.414614200592041,nan
5.541,8000,160,1,7.973955610790289,10,7.9727783203125,0.04682427644729614,9.610968589782715,1.8810131549835205,0.0663127675652504,23.5,4.836208343505859,0.2057960997236536,38.0,nan,0,0.6399558782577515,2.6715049743652344,nan
5.561,8000,160,1,7.974983689990767,10,7.9739227294921875,0.04418773949146271,9.652111053466797,1.8890652656555176,0.0030440008267760277,23.5,4.0096516609191895,0.17062347493273147,37.0,nan,0,0.6973657011985779,1.921266794204712,nan
5.58,8000,160,1,7.975953042040782,10,7.975067138671875,0.061073217540979385,5.436557769775391,1.112896203994751,0.10298976302146912,23.5,2.0668952465057373,0.0879529892130101,37.0,nan,0,0.7540636658668518,2.738833427429199,nan
5.601,8000,160,1,7.976986417040461,10,7.9761199951171875,0.05652453377842903,6.445595741271973,1.2615013122558594,-0.13476604223251343,23.5,2.432344913482666,0.10350403887160281,37.0,nan,0,0.8065756559371948,2.83650803565979,nan
5.621,8000,160,1,7.977981892040406,10,7.9769744873046875,0.0465770848095417,8.660440444946289,1.6949803829193115,0.05700000375509262,23.5,3.75334095954895,0.15971663657655108,37.0,nan,0,0.8499734997749329,2.708885908126831,nan
5.64,8000,160,1,7.978948312890132,10,7.9779510498046875,0.044278353452682495,9.378788948059082,1.7366279363632202,0.126950204372406,23.5,3.586660385131836,0.1526238461758228,38.0,nan,0,0.898739218711853,1.9855892658233643,nan
5.661,8000,160,1,7.979985502490306,10,7.9791717529296875,0.06361677497625351,4.841280937194824,0.9475125074386597,0.07198441028594971,23.5,1.7356855869293213,0.07385896114592856,38.0,nan,0,0.9591768980026245,2.9982552528381348,nan
5.681,8000,160,1,7.980963717040138,10,7.9799957275390625,0.038872189819812775,9.548781394958496,1.8688420057296753,0.08227691799402237,23.5,4.51740837097168,0.19223014344560338,38.0,nan,0,0.0007056152098812163,2.050013542175293,nan
5.701,8000,160,1,7.981985389990585,10,7.98077392578125,0.03165271133184433,12.835186958312988,2.5120418071746826,-0.012834589928388596,23.5,6.1256256103515625,0.26066491958942817,37.0,nan,0,0.03949839249253273,1.33836030960083,nan
5.721,8000,160,1,7.982970402490171,10,7.98150634765625,0.040862713009119034,13.588876724243164,2.659550428390503,0.02187151275575161,23.5,7.4065775871276855,0.31517351434585894,38.0,nan,0,0.07615126669406891,2.0215108394622803,nan
5.741,8000,160,1,7.983969989990144,10,7.982421875,0.04293261468410492,13.31956958770752,2.6068429946899414,-0.08728845417499542,23.5,7.504088401794434,0.31932291071465674,37.0,nan,0,0.12181421369314194,2.195679187774658,nan
5.76,8000,160,1,7.984947231640397,10,7.9836578369140625,0.07008037716150284,7.722742080688477,1.511458396911621,0.056470878422260284,23.5,3.337465524673462,0.14201980956057284,38.0,nan,0,0.1835547387599945,3.1461598873138428,nan
5.781,8000,160,1,7.985985723290648,10,7.984893798828125,0.06739760935306549,5.057013034820557,1.363174319267273,-0.14071103930473328,23.5,2.750051975250244,0.11702348830852102,38.0,nan,0,0.2457282394170761,3.473775863647461,nan
5.801,8000,160,1,7.986984973290234,10,7.9861602783203125,0.06631751358509064,3.866954803466797,0.7568219900131226,-0.03616589307785034,23.5,1.6812362670898438,0.07154196881233378,37.0,nan,0,0.30867862701416016,3.3998591899871826,nan
5.821,8000,160,1,7.988000794140677,10,7.9872589111328125,0.0580892488360405,4.681125164031982,0.9161676168441772,-0.0114928362891078,23.5,1.9715577363967896,0.08389607388922508,37.0,nan,0,0.3640193045139313,3.1824257373809814,nan
5.841,8000,160,1,7.988995235790204,10,7.988250732421875,0.04283146932721138,6.223928451538086,1.2181177139282227,0.17533467710018158,23.5,2.5434749126434326,0.10823297500610352,38.0,nan,0,0.4131748080253601,2.451246976852417,nan
5.861,8000,160,1,7.989983152490455,10,7.989410400390625,0.053358592092990875,3.502880334854126,0.6855670809745789,-0.015162978321313858,23.5,1.149255633354187,0.04890449503634838,38.0,nan,0,0.4712439477443695,2.3990089893341064,nan
5.88,8000,160,1,7.990951002490325,10,7.990386962890625,0.04858913645148277,4.3885579109191895,0.8589076995849609,-0.028322644531726837,23.5,1.579798936843872,0.06722548667420732,38.0,nan,0,0.5202187895774841,2.2515804767608643,nan
5.901,8000,160,1,7.991983156640341,10,7.9911041259765625,0.03404160216450691,9.378623008728027,1.8355395793914795,-0.017760928720235825,23.5,3.7882018089294434,0.161200076975721,38.0,nan,0,0.5562039017677307,2.0437121391296387,nan
5.921,8000,160,1,7.992983892040498,10,7.9920196533203125,0.04964716359972954,7.743953227996826,1.4316763877868652,0.17403744161128998,23.5,3.1462433338165283,0.1338826950560225,38.0,nan,0,0.6020203828811646,2.3835365772247314,nan
5.941,8000,160,1,7.993983823290178,10,7.9928436279296875,0.04742717742919922,9.229904174804688,1.8064329624176025,0.04963112622499466,23.5,4.625136852264404,0.19681433413891083,38.0,nan,0,0.6429980397224426,2.4877960681915283,nan
5.961,8000,160,1,7.994981508740598,10,7.9939117431640625,0.04984201490879059,8.624342918395996,1.687915325164795,0.03445058688521385,23.5,3.516084671020508,0.149620624298745,38.0,nan,0,0.6967985033988953,2.069753408432007,nan
5.98,8000,160,1,7.995953073290726,10,7.9949798583984375,0.058990608900785446,6.895989894866943,1.3496503829956055,0.1268848478794098,23.5,2.5410704612731934,0.10813065792651887,38.0,nan,0,0.7502590417861938,2.7146785259246826,nan
6.001,8000,160,1,7.996981933740604,10,7.99609375,0.060239002108573914,5.2351508140563965,1.0245988368988037,-0.016934696584939957,23.5,2.2784035205841064,0.09695334130145133,38.0,nan,0,0.805385410785675,3.252842903137207,nan
6.021,8000,160,1,7.997982887890244,10,7.9969329833984375,0.04237677529454231,9.261987686157227,1.6288294792175293,0.12414398044347763,23.5,4.422154903411865,0.1881768044005049,38.0,nan,0,0.8476015329360962,2.901437520980835,nan
6.041,8000,160,1,7.998987312890673,10,7.9980010986328125,0.036033619195222855,10.315492630004883,2.156461000442505,-0.008539238013327122,23.5,4.18121337890625,0.17792397357047873,37.0,nan,0,0.900641918182373,1.308539867401123,nan
6.061,8000,160,1,7.999987310790308,10,7.9990234375,0.06610304117202759,4.742848873138428,0.9282478094100952,-0.08185240626335144,23.5,1.8975977897644043,0.08074884211763422,37.0,nan,0,0.9524447917938232,3.3436901569366455,nan
6.081,8000,160,1,8.000983710790749,10,7.9999847412109375,0.04379226267337799,8.567123413085938,1.6767165660858154,0.03694932907819748,23.5,3.889504909515381,0.16551084721342046,38.0,nan,0,0.0005153112579137087,2.254272937774658,nan
6.101,8000,160,1,8.001988631640412,10,8.000823974609375,0.03348049148917198,12.492408752441406,2.4449548721313477,-0.22061195969581604,23.5,5.361606597900391,0.22815347225108046,38.0,nan,0,0.04187878966331482,1.3800824880599976,nan
6.121,8000,160,1,8.002984533740523,10,8.0015869140625,0.04704687371850014,11.65847396850586,2.066318988800049,0.0926225334405899,23.5,6.391522407531738,0.2719796769162442,37.0,nan,0,0.07993391901254654,2.367324113845825,nan
6.14,8000,160,1,8.003954781640637,10,8.002395629882812,0.03351122885942459,15.210858345031738,2.976996898651123,-0.0517694465816021,23.5,8.55748176574707,0.3641481602445562,38.0,nan,102,0.12073589861392975,1.6546276807785034,nan
6.161,8000,160,1,8.00498284414061,10,8.003585815429688,0.06322871893644333,8.593459129333496,1.822435736656189,0.07051658630371094,23.5,4.501009464263916,0.19153231762825174,38.0,nan,0,0.1802496463060379,3.2281222343444824,nan
6.181,8000,160,1,8.005957812890117,10,8.004806518554688,0.06649132817983627,7.3678879737854,1.4420080184936523,-0.02444186806678772,23.5,3.2992708683013916,0.14039450503410178,38.0,nan,0,0.2411050647497177,3.426387310028076,nan
6.201,8000,160,1,8.006987173290687,10,8.006088256835938,0.06771381199359894,4.411713600158691,0.863439679145813,0.04063539579510689,23.5,1.985290288925171,0.08448043782660301,38.0,nan,0,0.3055354952812195,3.57669734954834,nan
6.22,8000,160,1,8.007941898290298,10,8.00714111328125,0.05092756077647209,5.93470573425293,1.1615123748779297,-0.03170255571603775,23.5,2.825693130493164,0.12024226087204953,38.0,nan,0,0.3577730059623718,2.8510971069335938,nan
6.24,8000,160,1,8.008943146240195,10,8.008255004882812,0.04460156336426735,6.453497886657715,1.2630479335784912,-0.006175163201987743,23.5,2.297424077987671,0.09776272672287961,38.0,nan,0,0.41329798102378845,2.08193039894104,nan
6.261,8000,160,1,8.009969812890628,10,8.009429931640625,0.05875213444232941,2.989757776260376,0.5851411819458008,-0.08172189444303513,23.5,0.9810417890548706,0.041746459108717895,38.0,nan,0,0.47230005264282227,2.6680667400360107,nan
6.28,8000,160,1,8.010952835790519,10,8.01043701171875,0.05032339319586754,5.0650315284729,0.9913038611412048,-0.08261241018772125,23.5,1.2661734819412231,0.05387972263579673,38.0,nan,0,0.523097574710846,2.1839518547058105,nan
6.301,8000,160,1,8.011972860790408,10,8.011154174804688,0.03591078147292137,8.365008354187012,1.7929761409759521,-0.11573710292577744,23.5,3.4401419162750244,0.14638901771383084,38.0,nan,0,0.5583347082138062,1.9459459781646729,nan
6.321,8000,160,1,8.01298646704017,10,8.01202392578125,0.04709308594465256,8.232329368591309,1.6111924648284912,-0.1013355478644371,23.5,3.1629714965820312,0.13459453176944813,38.0,nan,0,0.6024169325828552,2.5078396797180176,nan
6.341,8000,160,1,8.01395892329019,10,8.012832641601562,0.045844726264476776,8.712300300598145,1.7964978218078613,-0.027487052604556084,23.5,4.572405815124512,0.19457046021806432,38.0,nan,0,0.6427605152130127,2.482630968093872,nan
6.361,8000,160,1,8.014976246240256,10,8.01385498046875,0.04447251185774803,9.816508293151855,1.9212403297424316,-0.06591898202896118,23.5,4.3077592849731445,0.18330890574353806,38.0,nan,0,0.6934020519256592,2.0689127445220947,nan
6.38,8000,160,1,8.015951752490217,10,8.01495361328125,0.06015642359852791,7.19375467300415,1.407927393913269,0.050245873630046844,23.5,2.540952682495117,0.108125646063622,38.0,nan,0,0.7484851479530334,2.8087472915649414,nan
6.401,8000,160,1,8.0169861857903,10,8.01611328125,0.06464429944753647,5.585752487182617,1.093216896057129,-0.3510826826095581,23.5,1.8866868019104004,0.0802845447621447,38.0,nan,0,0.8064180612564087,3.456418514251709,nan
6.421,8000,160,1,8.017983198290311,10,8.016983032226562,0.03732406347990036,10.685234069824219,2.0912632942199707,0.158847838640213,23.5,4.690933704376221,0.19961420018622217,38.0,nan,0,0.8500471711158752,2.053246259689331,nan
6.441,8000,160,1,8.018986902490722,10,8.017990112304688,0.042597126215696335,10.146523475646973,1.98582923412323,0.08397220820188522,23.5,3.6478350162506104,0.15522702196811108,37.0,nan,0,0.9002135396003723,1.6683188676834106,nan
6.461,8000,160,1,8.019969558740558,10,8.018890380859375,0.058560069650411606,6.806392192840576,1.3321146965026855,-0.10583009570837021,23.5,3.410861015319824,0.14514302192850315,38.0,nan,0,0.9452766180038452,3.298644781112671,nan
6.481,8000,160,1,8.020976746240192,10,8.020034790039062,0.04709242656826973,7.622692108154297,1.4918769598007202,0.03763658553361893,23.5,3.62876558303833,0.15441555672503532,38.0,nan,0,0.00241084024310112,2.274973154067993,nan
6.501,8000,160,1,8.021982817040405,10,8.020858764648438,0.029191045090556145,12.629304885864258,2.471747398376465,0.058991365134716034,23.5,5.612560272216797,0.2388323520092254,38.0,nan,0,0.043741703033447266,1.1003308296203613,nan
6.521,8000,160,1,8.022985033740403,10,8.021560668945312,0.03656340390443802,13.395831108093262,2.584794282913208,0.013545854017138481,23.5,8.175941467285156,0.34791240286319813,38.0,nan,0,0.07892976701259613,2.021584987640381,nan
6.54,8000,160,1,8.02394758374066,10,8.022415161132812,0.03273824229836464,14.987813949584961,2.0888607501983643,-1.0477123260498047,23.5,6.637935638427734,0.2824653463160738,38.0,nan,0,0.12153827399015427,1.4143187999725342,nan
6.561,8000,160,1,8.024967639990788,10,8.023513793945312,0.059118349105119705,9.924832344055176,1.9424408674240112,0.01795114576816559,23.5,5.426915168762207,0.23093256037285986,38.0,nan,0,0.17629727721214294,2.8350210189819336,nan
6.581,8000,160,1,8.025977500390578,10,8.024734497070312,0.06901692599058151,7.1778178215026855,1.4048084020614624,-0.0917285606265068,23.5,3.528369426727295,0.15014337986073595,38.0,nan,0,0.23752696812152863,3.5204319953918457,nan
6.601,8000,160,1,8.026983606640712,10,8.025985717773438,0.06641554832458496,5.502842903137207,1.0769902467727661,0.04730483889579773,23.5,2.599022388458252,0.11059669738120222,38.0,nan,0,0.3004220724105835,3.6873109340667725,nan
6.621,8000,160,1,8.02798862749041,10,8.027252197265625,0.056055352091789246,4.728102684020996,0.9773770570755005,-0.11852430552244186,23.5,1.9582295417785645,0.08332891667142828,38.0,nan,0,0.36354392766952515,2.7537193298339844,nan
6.641,8000,160,1,8.02898407954053,10,8.028274536132812,0.04718136042356491,5.608112335205078,1.097593069076538,-0.1646994799375534,23.5,1.8977004289627075,0.08075320974309394,38.0,nan,0,0.4149889051914215,2.2687032222747803,nan
6.661,8000,160,1,8.029985106640376,10,8.029403686523438,0.058485716581344604,3.5340123176574707,0.6916600465774536,0.12214036285877228,23.5,1.1265357732772827,0.04793769247988437,38.0,nan,0,0.47119197249412537,2.831507682800293,nan
6.681,8000,160,1,8.030973658740548,10,8.030487060546875,0.04961052164435387,4.5076727867126465,0.8822202682495117,-0.05903616547584534,23.5,1.2774847745895386,0.05436105423785271,38.0,nan,0,0.5248869061470032,2.1919102668762207,nan
6.701,8000,160,1,8.031985633740257,10,8.031173706054688,0.03596591576933861,8.87975788116455,1.7379039525985718,0.011944323778152466,23.5,3.361900806427002,0.14305960878412774,38.0,nan,0,0.5597225427627563,1.9723812341690063,nan
6.72,8000,160,1,8.03295321079058,10,8.03204345703125,0.04527470842003822,9.068371772766113,1.7748186588287354,-0.016975119709968567,23.5,3.2042648792266846,0.13635169698836955,38.0,nan,0,0.6029964089393616,1.9897363185882568,nan
6.741,8000,160,1,8.033970117040733,10,8.032806396484375,0.045321229845285416,9.979692459106445,1.883969783782959,0.13868698477745056,23.5,4.773735046386719,0.203137661548371,38.0,nan,0,0.6409794092178345,2.4258532524108887,nan
6.761,8000,160,1,8.03497836499009,10,8.033828735351562,0.04210638254880905,10.219171524047852,2.0000476837158203,-0.033347707241773605,23.5,4.717788219451904,0.20075694550859166,38.0,nan,0,0.692255973815918,1.7918057441711426,nan
6.781,8000,160,1,8.035985496240754,10,8.034942626953125,0.05874333903193474,7.579178333282471,1.483360767364502,0.08906371891498566,23.5,2.966108798980713,0.12621739570130694,38.0,nan,0,0.7478611469268799,2.5831973552703857,nan
6.801,8000,160,1,8.036972867040456,10,8.035888671875,0.05660697817802429,7.134550094604492,1.396340250968933,-0.019980262964963913,23.5,3.7520549297332764,0.15966191190354367,38.0,nan,0,0.7950758337974548,3.278012990951538,nan
6.821,8000,160,1,8.037985917040348,10,8.037033081054688,0.05209894850850105,7.259520053863525,1.2165051698684692,-0.006993574555963278,23.5,2.9805867671966553,0.1268334794551768,38.0,nan,0,0.8523094654083252,2.918832778930664,nan
6.841,8000,160,1,8.038987069140418,10,8.037994384765625,0.03925107792019844,10.314726829528809,2.018749237060547,0.03101319447159767,23.5,3.9910547733306885,0.16983211801407186,38.0,nan,0,0.9007368087768555,1.7221232652664185,nan
6.861,8000,160,1,8.03998821499044,10,8.03900146484375,0.05466826260089874,6.500544548034668,1.2722556591033936,-0.13070303201675415,23.5,3.0987348556518555,0.131861057687313,38.0,nan,0,0.9506731629371643,2.711364507675171,nan
6.88,8000,160,1,8.040951858740296,10,8.039993286132812,0.05077284574508667,7.0008463859558105,1.3095440864562988,-0.0857597142457962,23.5,2.9910356998443604,0.12727811488699406,38.0,nan,0,0.0008131982176564634,2.5427300930023193,nan
6.901,8000,160,1,8.041985962890609,10,8.040908813476562,0.029903415590524673,12.219700813293457,2.3915817737579346,0.03186298906803131,23.5,5.162649154663086,0.2196871980707696,38.0,nan,0,0.04646200314164162,1.0736430883407593,nan
6.921,8000,160,1,8.042984194140441,10,8.041595458984375,0.033383388072252274,13.480485916137695,2.638336658477783,-0.018895618617534637,23.5,8.042266845703125,0.34222412109375,38.0,nan,0,0.0804288312792778,1.7373055219650269,nan
6.941,8000,160,1,8.043974602490195,10,8.042465209960938,0.03947646543383598,13.924428939819336,2.7252230644226074,-0.08628451079130173,23.5,7.721135139465332,0.32855894210490777,38.0,nan,0,0.12429358065128326,1.887238621711731,nan
6.961,8000,160,1,8.0449860232904,10,8.04351806640625,0.05546480044722557,11.41122817993164,2.233351230621338,-0.00817966926842928,23.5,5.953801155090332,0.25335324064214176,38.0,nan,0,0.17696920037269592,2.948143720626831,nan
6.981,8000,160,1,8.04598454624065,10,8.044677734375,0.06943647563457489,7.6434760093688965,1.495944857597351,-0.18037644028663635,23.5,3.967214584350586,0.16881764188725898,38.0,nan,0,0.23501205444335938,3.89620041847229,nan
7.0,8000,160,1,8.046950039990769,10,8.045883178710938,0.0617007277905941,7.033393383026123,1.376542329788208,0.0027592843398451805,23.5,3.3309569358825684,0.14174284833542844,38.0,nan,0,0.2952059507369995,3.319042921066284,nan
7.021,8000,160,1,8.047958750390533,10,8.047149658203125,0.05762428790330887,4.681434154510498,0.9162280559539795,0.004612928256392479,23.5,2.0190646648406982,0.08591764531237014,38.0,nan,0,0.3582219183444977,2.8546364307403564,nan
7.041,8000,160,1,8.048983187890551,10,8.048233032226562,0.04727852717041969,6.268117427825928,1.2698664665222168,0.008762169629335403,23.5,2.33705997467041,0.09944936062427277,38.0,nan,0,0.4125101566314697,2.5915300846099854,nan
7.061,8000,160,1,8.049982552490107,10,8.049362182617188,0.05069899931550026,5.4601216316223145,1.0686290264129639,0.057638198137283325,23.5,1.6633418798446655,0.07078050552530492,38.0,nan,0,0.46869274973869324,2.334649085998535,nan
7.081,8000,160,1,8.050982235790432,10,8.05047607421875,0.05392548441886902,3.7592568397521973,0.7357438802719116,-0.14991721510887146,23.5,0.9910818338394165,0.042173695056996446,38.0,nan,0,0.5249039530754089,2.134402275085449,nan
7.101,8000,160,1,8.051982096240678,10,8.051239013671875,0.038795918226242065,7.258474826812744,1.4205942153930664,-0.0362456813454628,23.5,2.7568721771240234,0.11731370966485206,38.0,nan,0,0.5631492137908936,1.977125883102417,nan
7.121,8000,160,1,8.052984452490634,10,8.052108764648438,0.04204950109124184,8.289205551147461,1.7550147771835327,0.061948370188474655,23.5,3.0811538696289062,0.13111293062250665,38.0,nan,0,0.6063959002494812,1.7070682048797607,nan
7.141,8000,160,1,8.053982812890169,10,8.052810668945312,0.045884180814027786,9.090897560119629,1.7797179222106934,-0.05537852644920349,23.5,4.721078872680664,0.20089697330556017,38.0,nan,0,0.6416872143745422,2.7442266941070557,nan
7.16,8000,160,1,8.054953212890538,10,8.053787231445312,0.04220084473490715,11.01679801940918,2.1561553478240967,-0.03731215372681618,23.5,4.539614200592041,0.19317507236561876,38.0,nan,0,0.6905410885810852,1.6028873920440674,nan
7.18,8000,160,1,8.055953450390367,10,8.05487060546875,0.06407852470874786,8.007698059082031,1.5672285556793213,-0.3857753872871399,23.5,2.560196876525879,0.10894454793727144,38.0,nan,0,0.7446081638336182,3.106916904449463,nan
7.201,8000,160,1,8.056983235790536,10,8.05584716796875,0.05461179092526436,7.978880405426025,1.5615885257720947,0.10338623821735382,23.5,4.166586399078369,0.17730154889695188,38.0,nan,0,0.7935996055603027,3.069248676300049,nan
7.221,8000,160,1,8.057983004540434,10,8.056991577148438,0.05079413950443268,7.78067684173584,1.5227971076965332,0.022758975625038147,23.5,3.464658260345459,0.14743226639767912,38.0,nan,0,0.8503679633140564,2.4951138496398926,nan
7.241,8000,160,1,8.058983519140744,10,8.058013916015625,0.03715994581580162,9.552589416503906,2.005953311920166,0.058470141142606735,23.5,3.9090609550476074,0.16634301936372797,38.0,nan,0,0.9016114473342896,1.172649621963501,nan
7.261,8000,160,1,8.059983731640383,10,8.058929443359375,0.05353128910064697,7.778285503387451,1.5223290920257568,-0.21264080703258514,23.5,3.48370099067688,0.14824259534795234,38.0,nan,0,0.9475576877593994,2.6491408348083496,nan
7.281,8000,160,1,8.060984042040214,10,8.0599365234375,0.05213409289717674,7.033450126647949,1.3765534162521362,-0.02127334475517273,23.5,3.506551742553711,0.14921496776824303,38.0,nan,0,0.9979830980300903,2.940037250518799,nan
7.301,8000,160,1,8.061986992040325,10,8.060958862304688,0.03550334647297859,11.366421699523926,2.2245819568634033,-0.19789420068264008,23.5,4.649392604827881,0.19784649382246303,38.0,nan,0,0.049138013273477554,1.4396049976348877,nan
7.321,8000,160,1,8.062988725390456,10,8.061721801757812,0.038347892463207245,12.433488845825195,2.4334232807159424,0.03275522589683533,23.5,7.006259918212891,0.2981387199239528,38.0,nan,0,0.08689086884260178,2.0909969806671143,nan
7.341,8000,160,1,8.063986019140426,10,8.062347412109375,0.02113335393369198,15.228536605834961,2.980456829071045,0.07382763177156448,23.5,7.759753704071045,0.3302022852796189,38.0,nan,102,0.11829929798841476,0.954463541507721,nan
7.361,8000,160,1,8.064980246240154,10,8.063385009765625,0.06771434098482132,10.355389595031738,2.026707649230957,-0.12216287106275558,23.5,5.694306373596191,0.24231090951473155,38.0,nan,0,0.1704849749803543,3.492368698120117,nan
7.381,8000,160,1,8.065985671240194,10,8.06451416015625,0.0662270188331604,8.899359703063965,1.7551405429840088,-0.058324843645095825,23.5,5.328161716461182,0.2267302858068588,38.0,nan,0,0.22696100175380707,3.7171475887298584,nan
7.401,8000,160,1,8.066987087890444,10,8.065811157226562,0.05988128110766411,7.398341655731201,1.4479682445526123,-0.026093482971191406,23.5,4.010863304138184,0.1706750342186461,38.0,nan,0,0.2913970947265625,3.314448833465576,nan
7.421,8000,160,1,8.067984437890114,10,8.067108154296875,0.06073560565710068,5.39263391494751,1.0554206371307373,-0.050280749797821045,23.5,2.2758209705352783,0.0968434455546927,38.0,nan,0,0.3561611771583557,3.080150604248047,nan
7.44,8000,160,1,8.068942377490744,10,8.068222045898438,0.0484425351023674,6.924578666687012,1.355245590209961,-0.031084146350622177,23.5,2.2255921363830566,0.09470604835672582,38.0,nan,0,0.41188573837280273,2.2241833209991455,nan
7.461,8000,160,1,8.069984156640563,10,8.06939697265625,0.05688692256808281,3.8803539276123047,0.7594444155693054,-0.17874734103679657,23.5,1.1829352378845215,0.05033766969721368,38.0,nan,0,0.4705016613006592,2.5063066482543945,nan
7.481,8000,160,1,8.070984173290341,10,8.070480346679688,0.05623036250472069,3.9704673290252686,0.7348769903182983,-0.1293603479862213,23.5,0.8834376335144043,0.03759309078784699,38.0,nan,0,0.5247725248336792,2.460843801498413,nan
7.501,8000,160,1,8.071983706640456,10,8.071243286132812,0.03896788880228996,7.682626724243164,1.503607153892517,-0.029931511729955673,23.5,2.7700748443603516,0.11787552529192985,38.0,nan,0,0.5627352595329285,1.8964931964874268,nan
7.521,8000,160,1,8.072982885790404,10,8.072113037109375,0.04447450488805771,7.981827259063721,1.5621652603149414,0.08448593318462372,23.5,2.882781744003296,0.12267156357460833,38.0,nan,0,0.6065804958343506,1.897576928138733,nan
7.541,8000,160,1,8.073955119140734,10,8.07281494140625,0.04772959649562836,8.616265296936035,1.6863343715667725,-0.1802365481853485,23.5,4.48152494430542,0.19070318911937958,38.0,nan,0,0.6419730186462402,2.787323236465454,nan
7.561,8000,160,1,8.074986206640457,10,8.073822021484375,0.039955008774995804,10.932668685913086,2.1396899223327637,-0.0017133167712017894,23.5,4.843881607055664,0.20612262157683678,38.0,nan,0,0.6922225952148438,1.7837040424346924,nan
7.58,8000,160,1,8.075952512890213,10,8.074844360351562,0.05958813056349754,7.513631820678711,1.4705322980880737,0.06378094106912613,23.5,3.4366250038146973,0.14623936186445521,38.0,nan,0,0.7434581518173218,3.1214776039123535,nan
7.601,8000,160,1,8.076983894140717,10,8.075820922851562,0.047377992421388626,9.69852066040039,1.8981482982635498,0.015043790452182293,23.5,5.05088472366333,0.21493126483673744,38.0,nan,0,0.7916098833084106,2.6682920455932617,nan
7.621,8000,160,1,8.077987169140393,10,8.076919555664062,0.05038537457585335,9.273622512817383,1.8149893283843994,-0.05667422339320183,23.5,3.76651668548584,0.1602773057653549,38.0,nan,0,0.8468904495239258,2.7769172191619873,nan
7.64,8000,160,1,8.078947473290459,10,8.078033447265625,0.049288343638181686,8.108209609985352,1.586900234222412,-0.015257390215992928,23.5,2.878302574157715,0.12248096060245595,38.0,nan,0,0.9026970267295837,1.8445744514465332,nan
7.661,8000,160,1,8.079958954540775,10,8.078872680664062,0.04984869807958603,7.773542404174805,1.521400809288025,-0.15799355506896973,23.5,3.8691487312316895,0.16464462686092296,38.0,nan,0,0.9448955059051514,2.8306994438171387,nan
7.681,8000,160,1,8.080956833740487,10,8.079864501953125,0.049112215638160706,9.621414184570312,1.8830574750900269,0.07321134209632874,23.5,4.528857231140137,0.19271732898468666,38.0,nan,0,0.994330644607544,2.862494468688965,nan
7.701,8000,160,1,8.08197665039042,10,8.080978393554688,0.04149665683507919,9.506321907043457,1.8605320453643799,-0.01604733243584633,23.5,4.0061774253845215,0.1704756351227456,38.0,nan,0,0.049797821789979935,1.7598609924316406,nan
7.721,8000,160,1,8.082986862890534,10,8.081832885742188,0.042708177119493484,11.60869312286377,2.271998167037964,-0.069371297955513,23.5,5.340376853942871,0.227250078891186,38.0,nan,0,0.09243638813495636,1.983544945716858,nan
7.741,8000,160,1,8.083988914990181,10,8.0823974609375,0.024042567238211632,14.70897388458252,2.878770351409912,-0.18061897158622742,23.5,8.090718269348145,0.3442858838020487,38.0,nan,102,0.12057327479124069,1.4427794218063354,nan
7.761,8000,160,1,8.084986927490531,10,8.083480834960938,0.06195768341422081,11.096943855285645,2.1718411445617676,-0.13100934028625488,23.5,5.468048095703125,0.23268289768949468,38.0,nan,0,0.1746530383825302,2.8844571113586426,nan
7.781,8000,160,1,8.085971610790143,10,8.084487915039062,0.06316087394952774,9.438281059265137,1.9159635305404663,-0.03889552876353264,23.5,5.794718265533447,0.2465837559801467,38.0,nan,0,0.22564908862113953,3.5117714405059814,nan
7.801,8000,160,1,8.086986308740592,10,8.085800170898438,0.06117519363760948,7.62338399887085,1.4920125007629395,-0.03176247328519821,23.5,3.992432117462158,0.16989072840264502,38.0,nan,0,0.29100528359413147,3.1796562671661377,nan
7.821,8000,160,1,8.08797453374063,10,8.087020874023438,0.056652773171663284,6.005370616912842,1.1753425598144531,-0.0241837240755558,23.5,2.997987747192383,0.12757394668903757,38.0,nan,0,0.3518039286136627,3.086337089538574,nan
7.841,8000,160,1,8.088987223290308,10,8.088302612304688,0.053601060062646866,5.12498140335083,1.072805643081665,-0.012154407799243927,23.5,1.822800636291504,0.07756598452304272,38.0,nan,0,0.41620689630508423,2.284766912460327,nan
7.861,8000,160,1,8.08998715039051,10,8.08935546875,0.05183909833431244,5.447722911834717,1.0662024021148682,0.09221284091472626,23.5,1.4823925495147705,0.06308053402190512,38.0,nan,0,0.4689842760562897,2.3446595668792725,nan
7.88,8000,160,1,8.090950881640303,10,8.090347290039062,0.058707647025585175,3.5892460346221924,0.7024701833724976,0.005561718251556158,23.5,1.2544013261795044,0.05337877983742572,38.0,nan,0,0.518500804901123,2.9673407077789307,nan
7.901,8000,160,1,8.091987302490445,10,8.091323852539062,0.04222754389047623,6.147558212280273,1.203170895576477,-0.17976157367229462,23.5,2.279935598373413,0.0970185361009963,38.0,nan,0,0.5670044422149658,2.2001917362213135,nan
7.92,8000,160,1,8.092936967040433,10,8.092147827148438,0.038364239037036896,8.566211700439453,1.6765382289886475,0.06958740204572678,23.5,2.9489002227783203,0.12548511586290725,38.0,nan,0,0.6080114245414734,1.6072998046875,nan
7.941,8000,160,1,8.093985173290267,10,8.092926025390625,0.04717903584241867,8.560245513916016,1.7159850597381592,-0.0289938822388649,23.5,4.1831278800964355,0.1780054417062313,38.0,nan,0,0.647321879863739,2.43759822845459,nan
7.961,8000,160,1,8.094985839990105,10,8.093856811523438,0.038997821509838104,10.737587928771973,2.1015095710754395,0.01949543133378029,23.5,5.006958961486816,0.21306208346752412,38.0,nan,0,0.693457841873169,1.6444292068481445,nan
7.98,8000,160,1,8.095953812890357,10,8.094894409179688,0.05671429634094238,8.324596405029297,1.629250407218933,0.14073818922042847,23.5,3.392345666885376,0.14435513476107983,38.0,nan,0,0.7456662058830261,2.6382670402526855,nan
8.001,8000,160,1,8.096963073290672,10,8.095840454101562,0.05107029154896736,8.709559440612793,1.704593539237976,0.07200554013252258,23.5,4.3392839431762695,0.18465038056069233,38.0,nan,0,0.7930909395217896,2.5660789012908936,nan
8.021,8000,160,1,8.09798496914008,10,8.096832275390625,0.04363684728741646,10.011143684387207,1.8817110061645508,0.04213377833366394,23.5,4.835513114929199,0.2057665155289021,38.0,nan,0,0.842456042766571,2.3728408813476562,nan
8.041,8000,160,1,8.098970964990432,10,8.098007202148438,0.05236191302537918,8.02760124206543,1.5711239576339722,-0.2779697775840759,23.5,2.520562171936035,0.10725796476323554,38.0,nan,0,0.9012211561203003,2.0455832481384277,nan
8.061,8000,160,1,8.099989023290247,10,8.098968505859375,0.04937909170985222,8.286861419677734,1.6875381469726562,-0.0495898574590683,23.5,4.040518760681152,0.1719369685396235,38.0,nan,0,0.9496106505393982,2.443101406097412,nan
8.081,8000,160,1,8.100972175390773,10,8.099853515625,0.04236701503396034,8.904853820800781,1.7428157329559326,-0.018802516162395477,23.5,4.509788990020752,0.19190591446896818,38.0,nan,0,0.9938810467720032,2.374706745147705,nan
8.101,8000,160,1,8.101987150390771,10,8.100997924804688,0.053422026336193085,8.097780227661133,1.5848591327667236,0.03056321106851101,23.5,3.2537102699279785,0.13845575616714803,38.0,nan,0,0.05086033418774605,2.550452470779419,nan
8.121,8000,160,1,8.102989002490352,10,8.101882934570312,0.04423396661877632,9.906142234802246,1.8978381156921387,0.03746041655540466,23.5,4.512882709503174,0.19203756210651804,38.0,nan,0,0.09518388658761978,2.1929941177368164,nan
8.141,8000,160,1,8.103982350390282,10,8.102523803710938,0.03406982496380806,14.276528358459473,2.7673747539520264,0.1117485985159874,23.5,8.177196502685547,0.3479658086249169,38.0,nan,0,0.1271316111087799,2.3826777935028076,nan
8.161,8000,160,1,8.104984971240622,10,8.103561401367188,0.05306239426136017,11.692790985107422,2.221466064453125,0.08281955122947693,23.5,5.60054874420166,0.23832122315751744,38.0,nan,0,0.17931443452835083,2.6846508979797363,nan
8.181,8000,160,1,8.105984569140121,10,8.104537963867188,0.058588817715644836,10.73656940460205,2.1013102531433105,0.08361133933067322,23.5,5.9873809814453125,0.2547821694232048,38.0,nan,0,0.22751981019973755,3.2371327877044678,nan
8.201,8000,160,1,8.106987012890743,10,8.10577392578125,0.06342881172895432,7.379044055938721,1.444191336631775,-0.008114593103528023,23.5,3.899588108062744,0.16593991949203166,38.0,nan,0,0.2898436486721039,3.4956068992614746,nan
8.22,8000,160,1,8.107936858740134,10,8.106918334960938,0.05021091178059578,8.395149230957031,1.6430587768554688,-0.09614210575819016,23.5,3.7816014289855957,0.1609192097440679,38.0,nan,0,0.3467106223106384,2.6330525875091553,nan
8.241,8000,160,1,8.108984867040265,10,8.108169555664062,0.05082404613494873,6.439201354980469,1.2602498531341553,0.0842537209391594,23.5,2.4253320693969727,0.10320561997433926,38.0,nan,0,0.4095548689365387,2.4735493659973145,nan
8.261,8000,160,1,8.109985481640608,10,8.109298706054688,0.053344715386629105,5.332664966583252,1.0436837673187256,0.0639309510588646,23.5,1.7101389169692993,0.07277186880720422,38.0,nan,0,0.4661923944950104,2.3822124004364014,nan
8.281,8000,160,1,8.110987944140645,10,8.11041259765625,0.05730127543210983,4.175866603851318,0.9408058524131775,-0.2950986623764038,23.5,1.1996665000915527,0.0510496383017682,38.0,nan,0,0.5213353633880615,2.5991640090942383,nan
8.301,8000,160,1,8.11198622124065,10,8.111251831054688,0.04399918392300606,6.168912887573242,1.2279279232025146,0.031219277530908585,23.5,2.3262314796447754,0.09898857360190534,38.0,nan,0,0.5635861754417419,2.3580167293548584,nan
8.321,8000,160,1,8.11298672329066,10,8.1121826171875,0.039539679884910583,8.548993110656738,1.6731681823730469,0.12702514231204987,23.5,2.8333373069763184,0.12056754497771567,38.0,nan,0,0.60981285572052,1.567099928855896,nan
8.341,8000,160,1,8.113984621240515,10,8.112960815429688,0.049882907420396805,7.464165210723877,1.4608509540557861,0.18013297021389008,23.5,3.7429986000061035,0.1592765361704725,38.0,nan,0,0.6487008929252625,2.4314675331115723,nan
8.361,8000,160,1,8.11498536079015,10,8.11383056640625,0.03672804683446884,10.941583633422852,2.141434669494629,0.06382977962493896,23.5,5.363115310668945,0.2282176727944232,38.0,nan,0,0.692052960395813,1.796144723892212,nan
8.38,8000,160,1,8.115949089990307,10,8.1148681640625,0.05727289989590645,7.638744831085205,1.4950188398361206,-0.02620379999279976,23.5,3.3848955631256104,0.1440381090691749,38.0,nan,0,0.7446905374526978,2.702986478805542,nan
8.4,8000,160,1,8.116953875390744,10,8.115829467773438,0.05414365604519844,8.018383026123047,1.569319725036621,0.02505399100482464,23.5,4.350029468536377,0.18510763695899476,38.0,nan,0,0.7927248477935791,3.1982014179229736,nan
8.42,8000,160,1,8.117938204540394,10,8.116714477539062,0.03274337947368622,12.682991027832031,2.4822545051574707,-0.05794104188680649,23.5,3.8011693954467773,0.16175188916794797,38.0,nan,0,0.8367533087730408,1.9384194612503052,nan
8.441,8000,160,1,8.118986185790698,10,8.118011474609375,0.05995505303144455,6.532116413116455,1.2784347534179688,-0.17369773983955383,23.5,2.313939094543457,0.09846549338482796,38.0,nan,0,0.9015345573425293,2.635084867477417,nan
8.461,8000,160,1,8.119975306640105,10,8.118972778320312,0.050960250198841095,8.224211692810059,1.5789183378219604,-0.1052553579211235,23.5,3.40504789352417,0.1448956550435817,38.0,nan,0,0.9493223428726196,2.485706329345703,nan
8.48,8000,160,1,8.120952202490287,10,8.119842529296875,0.04364572465419769,9.903642654418945,1.9382938146591187,0.04464348778128624,23.5,4.544328689575195,0.19337568891809342,38.0,nan,0,0.9930862188339233,2.3443076610565186,nan
8.501,8000,160,1,8.121983119140339,10,8.120880126953125,0.04359808936715126,9.702611923217773,1.8989490270614624,-0.07641641050577164,23.5,4.161418914794922,0.17708165594872008,38.0,nan,0,0.04518444091081619,1.8440943956375122,nan
8.521,8000,160,1,8.12298249414015,10,8.121902465820312,0.04842693358659744,8.916481018066406,1.9002220630645752,0.1887439340353012,23.5,4.215939044952393,0.17940166148733586,38.0,nan,0,0.09575677663087845,2.014462947845459,nan
8.541,8000,160,1,8.123955102490426,10,8.12261962890625,0.03955737128853798,12.34158706665039,2.374579906463623,-0.15606410801410675,23.5,6.715523719787598,0.2857669667994722,38.0,nan,0,0.1317204385995865,2.331113338470459,nan
8.561,8000,160,1,8.124985214990728,10,8.123565673828125,0.049007609486579895,11.5621337890625,2.262885808944702,0.07578526437282562,23.5,6.026834964752197,0.25646106232988075,38.0,nan,0,0.17952105402946472,2.4547159671783447,nan
8.581,8000,160,1,8.125985950390158,10,8.124618530273438,0.06148720905184746,10.064385414123535,1.9697537422180176,-0.19000934064388275,23.5,5.361189842224121,0.2281357379669839,38.0,nan,0,0.23185516893863678,3.006232261657715,nan
8.601,8000,160,1,8.126984035790509,10,8.12567138671875,0.054356321692466736,9.196593284606934,1.5260977745056152,-0.26142776012420654,23.5,4.579647064208984,0.19487859847697805,38.0,nan,0,0.28418076038360596,3.0918397903442383,nan
8.621,8000,160,1,8.127985610790336,10,8.126953125,0.05357730761170387,7.177408695220947,1.6371777057647705,0.16892468929290771,23.5,3.91690993309021,0.16667701842937063,38.0,nan,0,0.3485088646411896,2.6456685066223145,nan
8.641,8000,160,1,8.128984539990768,10,8.128189086914062,0.05800992250442505,5.404866695404053,1.0578148365020752,0.01882738620042801,23.5,1.7409864664077759,0.07408453048543727,38.0,nan,0,0.41076982021331787,2.6733758449554443,nan
8.661,8000,160,1,8.129978206640214,10,8.129348754882812,0.05337592586874962,5.2058024406433105,1.0661371946334839,0.09296204149723053,23.5,1.5671648979187012,0.06668786799654047,38.0,nan,0,0.4684256911277771,2.3718485832214355,nan
8.681,8000,160,1,8.130982081640092,10,8.130401611328125,0.056302983313798904,4.247819423675537,0.8313630819320679,0.0639316737651825,23.5,1.3487321138381958,0.057392855908008335,38.0,nan,0,0.5207960605621338,2.6715846061706543,nan
8.701,8000,160,1,8.131972306640078,10,8.131271362304688,0.04640499874949455,5.146102428436279,1.0197266340255737,-0.03991016745567322,23.5,2.087961196899414,0.08884941263401762,38.0,nan,0,0.5642099380493164,2.5338008403778076,nan
8.721,8000,160,1,8.132978281640668,10,8.132217407226562,0.039770856499671936,7.740281581878662,1.5148911476135254,0.15663111209869385,23.5,2.7345547676086426,0.11636403266419755,38.0,nan,0,0.6118709444999695,1.7348581552505493,nan
8.741,8000,160,1,8.133966010790742,10,8.133041381835938,0.04745863750576973,8.279765129089355,1.620476245880127,0.07107903808355331,23.5,3.7727584838867188,0.16054291420794548,38.0,nan,0,0.652786374092102,2.485525608062744,nan
8.761,8000,160,1,8.134956635790136,10,8.133834838867188,0.03295596316456795,12.14016342163086,2.3760151863098145,-0.01406317763030529,23.5,5.436478614807129,0.2313395155237076,38.0,nan,0,0.692883312702179,1.6937538385391235,nan
8.781,8000,160,1,8.135986256640159,10,8.134963989257812,0.05744198337197304,7.550806045532227,1.705938696861267,-0.024444913491606712,23.5,2.944552421569824,0.12530010304552444,38.0,nan,0,0.7488020658493042,2.6885907649993896,nan
8.801,8000,160,1,8.13697299414051,10,8.1358642578125,0.05158155784010887,9.268136024475098,1.8139156103134155,0.03662543743848801,23.5,4.603558540344238,0.19589610809975483,38.0,nan,0,0.793886661529541,2.8673274517059326,nan
8.821,8000,160,1,8.137987810790206,10,8.136810302734375,0.03414866328239441,12.505182266235352,2.4474549293518066,0.042702533304691315,23.5,6.196866989135742,0.2636964676227975,38.0,nan,0,0.8411580324172974,1.932137370109558,nan
8.841,8000,160,1,8.138988002490793,10,8.137924194335938,0.05663041025400162,8.2908935546875,1.6226543188095093,0.09761883318424225,23.5,3.1353378295898438,0.13341863104637633,38.0,nan,0,0.8972405791282654,2.5790746212005615,nan
8.861,8000,160,1,8.139984644140338,10,8.138961791992188,0.055082015693187714,7.0785722732543945,1.5959619283676147,-0.13247382640838623,23.5,3.3151166439056396,0.1410687933576868,38.0,nan,0,0.9487975239753723,2.7479074001312256,nan
8.881,8000,160,1,8.140985710790106,10,8.139907836914062,0.045229602605104446,9.376029968261719,1.8350319862365723,0.04666033014655113,23.5,4.510660171508789,0.1919429860216506,38.0,nan,0,0.9960178136825562,2.6214447021484375,nan
8.901,8000,160,1,8.141973742040124,10,8.140853881835938,0.03644394502043724,11.796895980834961,2.3088324069976807,-0.052444156259298325,23.5,5.072880744934082,0.21586726574187584,38.0,nan,0,0.043881405144929886,1.549169659614563,nan
8.92,8000,160,1,8.142950177490262,10,8.141845703125,0.05837344378232956,8.4190034866333,1.647727370262146,-0.14087197184562683,23.5,3.701472043991089,0.15750944868047187,38.0,nan,0,0.09304395318031311,2.902073860168457,nan
8.941,8000,160,1,8.143973573290701,10,8.142684936523438,0.044299233704805374,10.94926929473877,2.1429388523101807,0.109784796833992,23.5,6.115694046020508,0.2602422998306599,38.0,nan,0,0.13502512872219086,2.7378146648406982,nan
8.961,8000,160,1,8.14495960664061,10,8.143585205078125,0.041580986231565475,12.162352561950684,2.3803577423095703,0.14130839705467224,23.5,6.4358811378479,0.2738672824616128,38.0,nan,0,0.180463045835495,1.9811924695968628,nan
8.981,8000,160,1,8.145986229540709,10,8.144622802734375,0.06233615428209305,8.817415237426758,1.7257025241851807,0.015768369659781456,23.5,5.274834156036377,0.22446102791644157,38.0,nan,0,0.2318422794342041,3.2271060943603516,nan
9.001,8000,160,1,8.146970052490348,10,8.145675659179688,0.053849730640649796,8.922204971313477,1.7990717887878418,0.05514146015048027,23.5,5.071578502655029,0.21581185117680976,38.0,nan,0,0.2844564914703369,3.1971306800842285,nan
9.021,8000,160,1,8.147987181640188,10,8.146957397460938,0.05425235256552696,7.3689446449279785,1.4876832962036133,-0.07249964773654938,23.5,3.307206153869629,0.14073217676040975,38.0,nan,0,0.3488743305206299,2.4020185470581055,nan
9.041,8000,160,1,8.148985785790124,10,8.14813232421875,0.0573340505361557,6.6678056716918945,1.3049911260604858,-0.13878116011619568,23.5,2.1409125328063965,0.09110266097048496,38.0,nan,0,0.4077790081501007,2.5669760704040527,nan
9.061,8000,160,1,8.149957269140565,10,8.149322509765625,0.060570988804101944,4.569772243499756,0.8943740725517273,0.19897061586380005,23.5,1.3844630718231201,0.058913322205239156,38.0,nan,0,0.46721190214157104,2.6956005096435547,nan
9.08,8000,160,1,8.150954560790693,10,8.150375366210938,0.057300299406051636,3.986053228378296,0.863520085811615,0.0388912707567215,23.5,1.5367436408996582,0.06539334642126206,38.0,nan,0,0.5198632478713989,2.951272487640381,nan
9.101,8000,160,1,8.151969394140165,10,8.1512451171875,0.03873208910226822,7.6833815574646,1.3971986770629883,0.08159124106168747,23.5,2.6798315048217773,0.11403538318390542,38.0,nan,0,0.5628110766410828,2.074099540710449,nan
9.121,8000,160,1,8.152976244140142,10,8.152236938476562,0.04405736178159714,7.172386169433594,1.4085414409637451,-0.0282391719520092,23.5,2.273036003112793,0.09672493630267204,38.0,nan,0,0.6124497056007385,1.737029790878296,nan
9.14,8000,160,1,8.153947308740303,10,8.153030395507812,0.0478149838745594,8.248825073242188,1.6144208908081055,-0.10107223689556122,23.5,3.4131038188934326,0.14523846037844393,38.0,nan,0,0.6525700092315674,2.3843462467193604,nan
9.161,8000,160,1,8.154985319140529,10,8.153915405273438,0.03671885281801224,10.692461013793945,2.092677593231201,0.05295318365097046,23.5,4.964410305023193,0.2112515023414125,38.0,nan,0,0.6968995332717896,1.9050451517105103,nan
9.181,8000,160,1,8.1559853316401,10,8.154983520507812,0.054716914892196655,7.7279791831970215,1.5124833583831787,-0.009379403665661812,23.5,2.9727683067321777,0.1265007790098799,38.0,nan,0,0.7502817511558533,2.495194911956787,nan
9.201,8000,160,1,8.15698766704007,10,8.15594482421875,0.0510040745139122,7.710496425628662,1.5090616941452026,0.1021135151386261,23.5,4.047627925872803,0.1722394862073533,38.0,nan,0,0.7983638644218445,2.705805540084839,nan
9.221,8000,160,1,8.157989677490681,10,8.156936645507812,0.04685916751623154,9.035470962524414,1.7683794498443604,0.0050841220654547215,23.5,4.2879958152771,0.18246790703306806,38.0,nan,0,0.8473440408706665,2.5204265117645264,nan
9.241,8000,160,1,8.158982173290118,10,8.157928466796875,0.051288336515426636,8.639225006103516,1.6908280849456787,0.0007527510169893503,23.5,3.6186647415161133,0.15398573368153673,38.0,nan,0,0.8969990611076355,2.299583911895752,nan
9.261,8000,160,1,8.159987321240608,10,8.159027099609375,0.06616973131895065,6.089507579803467,1.1918094158172607,-0.20546311140060425,23.5,2.4587388038635254,0.10462718314312874,38.0,nan,0,0.9521595239639282,3.2839605808258057,nan
9.281,8000,160,1,8.160963723290463,10,8.159942626953125,0.04642253741621971,7.185917377471924,1.4063935279846191,-0.08271898329257965,23.5,3.6066534519195557,0.15347461497530024,38.0,nan,0,0.9977301359176636,2.733567953109741,nan
9.301,8000,160,1,8.161983352490626,10,8.16094970703125,0.040441058576107025,10.329480171203613,2.021636724472046,0.02896006777882576,23.5,4.233239650726318,0.18013785747771568,38.0,nan,0,0.04838969558477402,1.7761720418930054,nan
9.32,8000,160,1,8.162952319140443,10,8.16180419921875,0.04644332826137543,10.410063743591309,2.0374081134796143,-0.152847021818161,23.5,4.930137634277344,0.2097930908203125,38.0,nan,0,0.09111405909061432,2.5281453132629395,nan
9.341,8000,160,1,8.163982281640331,10,8.162704467773438,0.043881796300411224,11.458797454833984,2.242661476135254,0.16623222827911377,23.5,5.846197605133057,0.24877436617587476,38.0,nan,0,0.13580141961574554,2.4718050956726074,nan
9.361,8000,160,1,8.164983625390581,10,8.163665771484375,0.044022925198078156,11.789461135864258,2.307377338409424,0.18221190571784973,23.5,5.814038276672363,0.24740588411371758,38.0,nan,0,0.1839008331298828,1.896587610244751,nan
9.381,8000,160,1,8.165985746240752,10,8.164642333984375,0.05938343331217766,9.671415328979492,1.89284348487854,-0.1806100457906723,23.5,5.101240634918213,0.2170740695709878,38.0,nan,0,0.23293086886405945,3.005293607711792,nan
9.401,8000,160,1,8.166985652490242,10,8.165771484375,0.05828670784831047,8.791338920593262,1.7205989360809326,-0.08978652954101562,23.5,4.517828941345215,0.1922480400572432,38.0,nan,0,0.28938907384872437,3.192917823791504,nan
9.421,8000,160,1,8.167987064990287,10,8.166946411132812,0.05337383225560188,8.06032657623291,1.5750058889389038,-0.1530296504497528,23.5,3.632596492767334,0.1545785741603121,38.0,nan,0,0.3483004868030548,2.8294742107391357,nan
9.441,8000,160,1,8.168986008740452,10,8.1680908203125,0.049028847366571426,7.668684959411621,1.5008785724639893,-0.09537447988986969,23.5,2.9387035369873047,0.1250512143398853,38.0,nan,0,0.40514692664146423,2.215718984603882,nan
9.461,8000,160,1,8.169985417040138,10,8.169326782226562,0.06520754843950272,3.372051477432251,0.6599618792533875,0.12036952376365662,23.5,1.208134412765503,0.051409975011297994,38.0,nan,0,0.4671536982059479,2.832160711288452,nan
9.481,8000,160,1,8.17097326704023,10,8.170394897460938,0.0560067780315876,4.679588317871094,0.9158667325973511,-0.26982399821281433,23.5,1.3918293714523315,0.059226781763929,38.0,nan,0,0.5206959843635559,2.8350110054016113,nan
9.501,8000,160,1,8.171982846240265,10,8.171310424804688,0.04319369047880173,6.926844120025635,1.1967508792877197,-0.17439165711402893,23.5,2.269893169403076,0.09659119869800324,38.0,nan,0,0.5660879611968994,2.2802517414093018,nan
9.521,8000,160,1,8.172980098290267,10,8.172271728515625,0.04736603796482086,5.356419563293457,1.048332929611206,-0.0114881731569767,23.5,2.055536985397339,0.08746965895307825,38.0,nan,0,0.6146830916404724,1.9954549074172974,nan
9.541,8000,160,1,8.173988494140199,10,8.17315673828125,0.048446349799633026,6.958614826202393,1.3619070053100586,0.013269148766994476,23.5,3.152254343032837,0.13413848268224837,38.0,nan,0,0.6586496233940125,2.5129899978637695,nan
9.56,8000,160,1,8.174950608740605,10,8.17388916015625,0.03176715970039368,10.459585189819336,2.047100305557251,0.13563209772109985,23.5,5.065712928771973,0.21556225228816905,38.0,nan,0,0.6956868767738342,1.8959370851516724,nan
9.581,8000,160,1,8.175986039990661,10,8.175018310546875,0.05081937089562416,7.8951263427734375,1.545196533203125,0.06262445449829102,23.5,3.1135947704315186,0.1324933944864476,38.0,nan,0,0.7514753937721252,2.3095805644989014,nan
9.601,8000,160,1,8.17699602124047,10,8.176010131835938,0.05629700422286987,7.608636379241943,1.4891260862350464,0.031028730794787407,23.5,3.4732303619384766,0.14779703667823305,38.0,nan,0,0.8015852570533752,2.970182418823242,nan
9.621,8000,160,1,8.177987273290622,10,8.1768798828125,0.04021652787923813,9.366549491882324,1.8331764936447144,-0.13280831277370453,23.5,5.040811538696289,0.2145026186679272,38.0,nan,0,0.8450459837913513,2.3960602283477783,nan
9.64,8000,160,1,8.178944454540746,10,8.177871704101562,0.04062829911708832,10.445550918579102,2.044353485107422,0.09713497012853622,23.5,4.518457412719727,0.19227478351998836,38.0,nan,0,0.8943947553634644,1.5942797660827637,nan
9.661,8000,160,1,8.179975158740111,10,8.178817749023438,0.05748317763209343,7.3943047523498535,1.4471781253814697,0.05449887365102768,23.5,4.055424213409424,0.17257124312380526,38.0,nan,0,0.9416573643684387,3.3970189094543457,nan
9.681,8000,160,1,8.18096077124063,10,8.179962158203125,0.05005843937397003,7.613565921783447,1.457116961479187,-0.09340031445026398,23.5,3.6377484798431396,0.15479780765289955,38.0,nan,0,0.9987668991088867,2.5237011909484863,nan
9.701,8000,160,1,8.181984644140162,10,8.180908203125,0.037828169763088226,10.819947242736816,1.9934332370758057,-0.1659155786037445,23.5,4.640181541442871,0.19745453367842006,38.0,nan,0,0.04642893373966217,1.712973952293396,nan
9.721,8000,160,1,8.182955362890775,10,8.181777954101562,0.044543445110321045,10.448184967041016,1.9786443710327148,-0.20735475420951843,23.5,5.3198370933532715,0.22637604652567112,38.0,nan,0,0.08966357260942459,2.268488883972168,nan
9.74,8000,160,1,8.18394047124019,10,8.1827392578125,0.0489928238093853,9.981867790222168,1.9536036252975464,0.010303141549229622,23.5,4.813765048980713,0.2048410659140729,38.0,nan,0,0.1380668729543686,2.4896512031555176,nan
9.761,8000,160,1,8.184987967040785,10,8.183761596679688,0.04442894458770752,11.766858100891113,2.3029534816741943,-0.04089368134737015,23.5,5.163275718688965,0.2197138603697432,38.0,nan,0,0.18908478319644928,1.9237746000289917,nan
9.781,8000,160,1,8.185986208740347,10,8.184707641601562,0.053453393280506134,9.767244338989258,1.9115986824035645,-0.03018304705619812,23.5,5.4032697677612305,0.22992637309622257,38.0,nan,0,0.23623357713222504,2.7727560997009277,nan
9.801,8000,160,1,8.186972127490286,10,8.185714721679688,0.05046868696808815,8.801517486572266,1.776402235031128,-0.12189614027738571,23.5,4.930293083190918,0.20979970566769865,38.0,nan,0,0.28663909435272217,2.787763833999634,nan
9.821,8000,160,1,8.187986342040663,10,8.186935424804688,0.05229496955871582,8.154407501220703,1.5959419012069702,0.017432408407330513,23.5,3.6650805473327637,0.1559608743545857,38.0,nan,0,0.34765514731407166,2.469945192337036,nan
9.841,8000,160,1,8.188969587890448,10,8.188079833984375,0.04767297953367233,7.464621067047119,1.4609402418136597,-0.0848739743232727,23.5,2.9183244705200195,0.12418402002212849,38.0,nan,0,0.4051448702812195,1.9714497327804565,nan
9.861,8000,160,1,8.189969267040565,10,8.189239501953125,0.06386412680149078,4.096195697784424,0.8016878962516785,0.07994148135185242,23.5,1.5933548212051392,0.06780233281723996,38.0,nan,0,0.4631391763687134,3.1060023307800293,nan
9.88,8000,160,1,8.190952892040501,10,8.190399169921875,0.05783994123339653,3.194248676300049,0.6251631379127502,-0.10083100199699402,23.5,1.1185486316680908,0.04759781411353578,38.0,nan,0,0.5212201476097107,2.754502058029175,nan
9.901,8000,160,1,8.19195544624016,10,8.191299438476562,0.045685213059186935,7.147378444671631,1.398850917816162,0.15848055481910706,23.5,2.287313938140869,0.09733250800599443,38.0,nan,0,0.5659928917884827,2.2198486328125,nan
9.921,8000,160,1,8.192986860790539,10,8.192276000976562,0.04136243835091591,8.110356330871582,1.587320327758789,-0.1021677777171135,23.5,2.5172741413116455,0.107118048566453,38.0,nan,0,0.614554226398468,1.8233559131622314,nan
9.941,8000,160,1,8.193993577490605,10,8.193145751953125,0.04635140299797058,6.924812316894531,1.3552913665771484,0.029030784964561462,23.5,3.189084529876709,0.13570572467560463,38.0,nan,0,0.6583300232887268,2.2801616191864014,nan
9.96,8000,160,1,8.194937733740502,10,8.193984985351562,0.03776553273200989,10.302688598632812,2.0163931846618652,0.08661280572414398,23.5,4.079031467437744,0.1735758071250104,38.0,nan,0,0.6999436616897583,1.9721179008483887,nan
9.98,8000,160,1,8.19595398999007,10,8.195037841796875,0.051915884017944336,7.100600242614746,1.3887532949447632,0.146737203001976,23.5,2.7593045234680176,0.11741721376459649,38.0,nan,0,0.753195583820343,2.3133435249328613,nan
10.0,8000,160,1,8.19695119414026,10,8.195999145507812,0.05498578026890755,6.416412353515625,1.1617316007614136,0.09565427154302597,23.5,3.152998447418213,0.13417014669864735,38.0,nan,0,0.8010101914405823,2.9389586448669434,nan
10.021,8000,160,1,8.1979839837404,10,8.19696044921875,0.04322146251797676,9.386834144592285,1.837146520614624,-0.05536526069045067,23.5,4.33522891998291,0.1844778263822515,38.0,nan,0,0.8492488861083984,2.429622173309326,nan
10.04,8000,160,1,8.198943333740303,10,8.19793701171875,0.03732866048812866,10.995131492614746,2.1519148349761963,-0.14021162688732147,23.5,4.086180686950684,0.17388002923194398,38.0,nan,0,0.8980293869972229,1.0588042736053467,nan
10.061,8000,160,1,8.199991606640092,10,8.198776245117188,0.05243930220603943,9.752961158752441,1.7804505825042725,0.021432531997561455,23.5,4.770414352416992,0.20299635542199967,38.0,nan,0,0.9394910335540771,2.7066919803619385,nan
10.081,8000,160,1,8.200985662890147,10,8.199935913085938,0.05743534862995148,7.42494010925293,1.4531739950180054,-0.0022502122446894646,23.5,3.377286911010742,0.143714336638755,38.0,nan,0,0.9975985288619995,2.806530714035034,nan
10.101,8000,160,1,8.201983771240325,10,8.200912475585938,0.036501143127679825,9.917693138122559,2.022304058074951,-0.18097101151943207,23.5,4.678936004638672,0.19910365977185837,38.0,nan,0,0.04684928059577942,1.715725302696228,nan
10.121,8000,160,1,8.202982414990387,10,8.201858520507812,0.049444809556007385,9.171609878540039,1.795023798942566,0.01669781282544136,23.5,4.5090227127075195,0.19187330692372423,38.0,nan,0,0.09408359229564667,2.5303351879119873,nan
10.141,8000,160,1,8.203956356640251,10,8.202682495117188,0.048543792217969894,10.735299110412598,2.1010618209838867,0.04755638167262077,23.5,5.708249092102051,0.24290421668519366,38.0,nan,0,0.1347767859697342,3.05527400970459,nan
10.161,8000,160,1,8.204985331640623,10,8.203765869140625,0.04057169333100319,12.127947807312012,2.373624324798584,0.006959704682230949,23.5,5.460305690765381,0.23235343364959068,38.0,nan,0,0.1890125423669815,1.652990460395813,nan
10.181,8000,160,1,8.205981094140574,10,8.204727172851562,0.05294797942042351,9.79134464263916,1.9163153171539307,-0.012831746600568295,23.5,4.984052658081055,0.2120873471523853,38.0,nan,0,0.2376091480255127,2.60257887840271,nan
10.201,8000,160,1,8.206962089990688,10,8.205734252929688,0.054070811718702316,9.021410942077637,1.6623551845550537,-0.09450509399175644,23.5,4.8242669105529785,0.20528795364055227,38.0,nan,0,0.28733450174331665,3.0298449993133545,nan
10.222,8000,160,1,8.208037079540357,10,8.20703125,0.05280076339840889,7.570400238037109,1.481642723083496,0.07670259475708008,23.5,3.534691333770752,0.15041239718173413,38.0,nan,0,0.35249921679496765,2.6084513664245605,nan
10.241,8000,160,1,8.208986598290343,10,8.208175659179688,0.05570055916905403,5.804610252380371,1.1360507011413574,-0.042505525052547455,23.5,2.135308265686035,0.09086418151855469,38.0,nan,0,0.4093702435493469,2.0886340141296387,nan
10.261,8000,160,1,8.209988896240233,10,8.209259033203125,0.06207406893372536,5.033711910247803,0.9851741194725037,-0.13762128353118896,23.5,1.2488573789596558,0.05314286718977258,38.0,nan,0,0.46418726444244385,2.909228563308716,nan
10.281,8000,160,1,8.210989712890282,10,8.210433959960938,0.05834456905722618,3.580944538116455,0.6553817987442017,-0.07803241908550262,23.5,0.9747422933578491,0.04147839546203613,38.0,nan,0,0.5229471325874329,2.5642006397247314,nan
10.301,8000,160,1,8.21198572954016,10,8.211318969726562,0.046958211809396744,5.476626873016357,1.071859359741211,-0.07114992290735245,23.5,2.018547534942627,0.08589563978479263,38.0,nan,0,0.5666477680206299,2.59366774559021,nan
10.321,8000,160,1,8.212984439990382,10,8.212234497070312,0.03608344867825508,8.072875022888184,1.5799846649169922,0.08781224489212036,23.5,2.9408605098724365,0.12514300042010368,38.0,nan,0,0.6128547787666321,1.5968148708343506,nan
10.341,8000,160,1,8.213982725390075,10,8.213165283203125,0.054863642901182175,6.0659074783325195,1.1155401468276978,-0.14840637147426605,23.5,2.3015265464782715,0.09793729985013921,38.0,nan,0,0.6589593291282654,2.7504308223724365,nan
10.361,8000,160,1,8.214983087890129,10,8.214004516601562,0.040620993822813034,9.165310859680176,1.7937910556793213,-0.22805261611938477,23.5,3.9708199501037598,0.16897106170654297,38.0,nan,0,0.7008363604545593,2.4318931102752686,nan
10.381,8000,160,1,8.215960848290694,10,8.215072631835938,0.05164572224020958,6.794663429260254,1.3075462579727173,0.1121770441532135,23.5,2.5815916061401367,0.10985496196341007,38.0,nan,0,0.7548421621322632,2.299835443496704,nan
10.401,8000,160,1,8.216983931640412,10,8.216094970703125,0.05635138228535652,7.1271843910217285,1.3948986530303955,-0.3663920760154724,23.5,2.681060552597046,0.11408768308923599,38.0,nan,0,0.8055124282836914,2.9875471591949463,nan
10.421,8000,160,1,8.217983900390378,10,8.216995239257812,0.0450921393930912,8.902419090270996,1.7423391342163086,-0.04486420005559921,23.5,4.086017608642578,0.1738730897294714,38.0,nan,0,0.8506776690483093,2.456266403198242,nan
10.441,8000,160,1,8.218983137890596,10,8.21795654296875,0.04447532072663307,9.527809143066406,1.8647375106811523,0.10272689163684845,23.5,3.6843667030334473,0.15678156183121053,38.0,nan,0,0.8990088701248169,1.9558364152908325,nan
10.461,8000,160,1,8.219983594140636,10,8.218826293945312,0.04785076156258583,9.25439453125,1.8112261295318604,0.12983278930187225,23.5,5.120086193084717,0.21787600821637093,38.0,nan,0,0.9426428079605103,2.6892054080963135,nan
10.481,8000,160,1,8.220983369140582,10,8.219894409179688,0.05572470650076866,7.853414058685303,1.5370328426361084,0.01518232561647892,23.5,3.741084575653076,0.15919508832566281,38.0,nan,0,0.9959955215454102,3.1423795223236084,nan
10.501,8000,160,1,8.221983556640758,10,8.220993041992188,0.03832610696554184,9.742080688476562,1.9066736698150635,0.049055300652980804,23.5,4.249434947967529,0.18082701906244805,38.0,nan,0,0.050329070538282394,1.4033516645431519,nan
10.521,8000,160,1,8.222983583740266,10,8.221893310546875,0.05120959132909775,8.40876293182373,1.6457232236862183,0.021952133625745773,23.5,4.194075584411621,0.1784713014643243,38.0,nan,0,0.09579777717590332,2.6453301906585693,nan
10.541,8000,160,1,8.223983704540284,10,8.222702026367188,0.04421890154480934,11.554304122924805,2.2613534927368164,0.11260401457548141,23.5,6.15966796875,0.2621135305851064,38.0,nan,0,0.1359976828098297,2.722811698913574,nan
10.561,8000,160,1,8.22495783789053,10,8.223785400390625,0.04726783558726311,10.94325065612793,2.141761064529419,-0.05170386657118797,23.5,4.676743984222412,0.1990103823073367,38.0,nan,0,0.19024957716464996,1.8005441427230835,nan
10.58,8000,160,1,8.225949610790108,10,8.224746704101562,0.053694333881139755,9.43730354309082,1.7098751068115234,-0.14755313098430634,23.5,4.369852542877197,0.18595117203732756,38.0,nan,0,0.23792140185832977,2.5770740509033203,nan
10.601,8000,160,1,8.226983477490272,10,8.22576904296875,0.05312129482626915,9.045330047607422,1.7703088521957397,-0.04301227629184723,23.5,5.054027557373047,0.21506500244140625,38.0,nan,0,0.2895396649837494,3.02618670463562,nan
10.621,8000,160,1,8.227986137890536,10,8.226943969726562,0.05263796076178551,7.828288555145264,1.44791841506958,0.028763141483068466,23.5,3.6692826747894287,0.15613968828891187,38.0,nan,0,0.34818434715270996,2.883784294128418,nan
10.641,8000,160,1,8.228985775390163,10,8.228118896484375,0.05107175558805466,7.5919575691223145,1.4858617782592773,-0.08825197070837021,23.5,2.8077774047851562,0.11947988956532579,38.0,nan,0,0.4067734181880951,2.3636960983276367,nan
10.661,8000,160,1,8.229985948290402,10,8.22918701171875,0.05429007485508919,6.111576557159424,1.1961287260055542,0.012918221764266491,23.5,2.348494529724121,0.09993593743506898,38.0,nan,0,0.46029791235923767,2.777677059173584,nan
10.681,8000,160,1,8.230971854540245,10,8.230331420898438,0.06512968242168427,2.4386980533599854,0.47729039192199707,0.009897477924823761,23.5,0.974074125289917,0.04144996277829434,38.0,nan,0,0.517821192741394,3.3744075298309326,nan
10.701,8000,160,1,8.23198637749009,10,8.231399536132812,0.04799269884824753,4.086706161499023,0.7998306751251221,-0.0599636510014534,23.5,1.7782835960388184,0.07567164238463057,38.0,nan,0,0.5706546306610107,2.4459621906280518,nan
10.721,8000,160,1,8.232984917040437,10,8.2322998046875,0.04010982811450958,7.4466681480407715,1.4574265480041504,-0.08843807876110077,23.5,2.334566116333008,0.09934323899289395,38.0,nan,0,0.6161245703697205,1.710558295249939,nan
10.741,8000,160,1,8.233955346240679,10,8.233169555664062,0.05041704699397087,5.8644819259643555,1.147768497467041,-0.031767137348651886,23.5,2.634183883666992,0.112092931219872,38.0,nan,0,0.6592328548431396,2.655869960784912,nan
10.761,8000,160,1,8.234986469140118,10,8.234054565429688,0.04015721380710602,9.068079948425293,1.774761438369751,0.19461917877197266,23.5,4.189732074737549,0.1782864712654276,38.0,nan,0,0.7038261294364929,2.338393211364746,nan
10.781,8000,160,1,8.235987983740767,10,8.235092163085938,0.04884859919548035,6.7696003913879395,1.3249139785766602,0.11412530392408371,23.5,2.8725123405456543,0.1222345676827938,38.0,nan,0,0.7557796239852905,2.3531200885772705,nan
10.801,8000,160,1,8.236987223290622,10,8.236129760742188,0.055755410343408585,6.1046319007873535,1.1947695016860962,-0.21607951819896698,23.5,2.499000072479248,0.10634042861613821,38.0,nan,0,0.8071113228797913,2.915586233139038,nan
10.821,8000,160,1,8.237957602490484,10,8.237014770507812,0.046007189899683,8.178243637084961,1.600606918334961,0.051937565207481384,23.5,3.7123894691467285,0.15797401996369057,38.0,nan,0,0.8513631820678711,2.617361545562744,nan
10.84,8000,160,1,8.238950414990528,10,8.237899780273438,0.039509113878011703,9.843423843383789,1.9265081882476807,0.11366879194974899,23.5,4.139194488525391,0.1761359356819315,38.0,nan,0,0.8962145447731018,1.8104616403579712,nan
10.861,8000,160,1,8.239985967040399,10,8.238922119140625,0.05470814183354378,9.37759780883789,1.8353389501571655,0.032397881150245667,23.5,3.967970848083496,0.16884982332270196,38.0,nan,0,0.9471471905708313,2.3898112773895264,nan
10.88,8000,160,1,8.240936217040131,10,8.239822387695312,0.047977905720472336,9.764914512634277,1.9111427068710327,0.051504671573638916,23.5,4.607403755187988,0.19605973426331866,38.0,nan,0,0.9917396306991577,2.661412477493286,nan
10.901,8000,160,1,8.241972900390088,10,8.241012573242188,0.04634876549243927,8.550495147705078,1.672648310661316,0.13368496298789978,23.5,3.464235305786133,0.1474142683313248,38.0,nan,0,0.05149488151073456,2.1701576709747314,nan
10.921,8000,160,1,8.242991862890618,10,8.241928100585938,0.04738513007760048,9.511375427246094,1.8615211248397827,-0.0900738537311554,23.5,4.26746940612793,0.18159444281395445,38.0,nan,0,0.09739399701356888,2.5394530296325684,nan
10.941,8000,160,1,8.243984592040201,10,8.242782592773438,0.04472079500555992,10.702675819396973,2.0946767330169678,0.01446226891130209,23.5,5.470019340515137,0.23276678044745264,38.0,nan,0,0.1397763341665268,2.464083433151245,nan
10.96,8000,160,1,8.244938612890095,10,8.243789672851562,0.053182605654001236,8.909810066223145,1.7437857389450073,-0.09226250648498535,23.5,3.847238063812256,0.16371225803456407,38.0,nan,0,0.19052647054195404,2.1905322074890137,nan
10.981,8000,160,1,8.245990229540606,10,8.244873046875,0.05760016664862633,8.337759971618652,1.6318267583847046,0.02205742709338665,23.5,3.7745327949523926,0.16061841680648478,38.0,nan,0,0.24468210339546204,2.8694980144500732,nan
11.001,8000,160,1,8.246970423290607,10,8.245864868164062,0.05464207008481026,7.990661144256592,1.4801095724105835,-0.10209840536117554,23.5,4.124375820159912,0.17550535404935796,38.0,nan,0,0.2945624887943268,3.032554864883423,nan
11.021,8000,160,1,8.247986514990755,10,8.246963500976562,0.0485718809068203,8.533601760864258,1.6701560020446777,0.1618758589029312,23.5,3.9176816940307617,0.16670985932045795,38.0,nan,0,0.34950023889541626,2.6629550457000732,nan
11.041,8000,160,1,8.24898536704057,10,8.248138427734375,0.045540064573287964,7.603695869445801,1.4881591796875,0.02628145180642605,23.5,2.98856258392334,0.12717287591163148,38.0,nan,0,0.40746060013771057,1.8568305969238281,nan
11.061,8000,160,1,8.249984531640786,10,8.249252319335938,0.055921901017427444,6.099526405334473,1.1937702894210815,-0.12024043500423431,23.5,1.833326816558838,0.07801390708761012,38.0,nan,0,0.4639347493648529,2.495216131210327,nan
11.08,8000,160,1,8.250952077490348,10,8.250274658203125,0.060311730951070786,3.5789806842803955,0.7004610896110535,-0.05113179609179497,23.5,1.5575671195983887,0.06627945189780378,38.0,nan,0,0.5148504376411438,3.355236768722534,nan
11.1,8000,160,1,8.251952569140105,10,8.251480102539062,0.0574091337621212,3.371443271636963,0.6519715189933777,0.0435153990983963,23.5,0.9756913185119629,0.04151877951114736,38.0,nan,0,0.5751287341117859,2.787461042404175,nan
11.12,8000,160,1,8.25293724414076,10,8.252273559570312,0.03664913401007652,6.697248458862305,1.3107537031173706,0.05325568467378616,23.5,2.49981689453125,0.1063751870013298,38.0,nan,0,0.6146392822265625,1.5532550811767578,nan
11.141,8000,160,1,8.253987564990513,10,8.253189086914062,0.045735470950603485,6.578991413116455,1.2876089811325073,0.08142447471618652,23.5,3.1919732093811035,0.13582864720770654,38.0,nan,0,0.660244882106781,2.3390464782714844,nan
11.161,8000,160,1,8.254984587890778,10,8.254074096679688,0.041591327637434006,8.553971290588379,1.674142599105835,0.06494329869747162,23.5,3.6614491939544678,0.15580634867891352,38.0,nan,0,0.704816460609436,2.107313394546509,nan
11.181,8000,160,1,8.25598412539037,10,8.255126953125,0.0493999607861042,7.226816654205322,1.414398193359375,0.16594034433364868,23.5,2.6693451404571533,0.11358915491307035,38.0,nan,0,0.7575632333755493,2.272596597671509,nan
11.201,8000,160,1,8.256986031640537,10,8.256210327148438,0.058317139744758606,5.255231857299805,1.069233775138855,-0.04505312442779541,23.5,2.0121331214904785,0.08562268602087143,38.0,nan,0,0.8114749193191528,2.8176395893096924,nan
11.22,8000,160,1,8.257954717040395,10,8.257080078125,0.047961682081222534,7.740420818328857,1.514918327331543,-0.07442161440849304,23.5,3.2952396869659424,0.14022296540280607,38.0,nan,0,0.8549143671989441,2.674252986907959,nan
11.241,8000,160,1,8.25898647124048,10,8.258026123046875,0.03391252085566521,10.444933891296387,2.0442328453063965,-0.1735694855451584,23.5,4.345683574676514,0.18492270530538357,38.0,nan,0,0.9021776914596558,1.3168907165527344,nan
11.261,8000,160,1,8.259984067040188,10,8.258941650390625,0.05224036052823067,8.49817180633545,1.6632217168807983,-0.12124592065811157,23.5,3.7327494621276855,0.1588404026437313,38.0,nan,0,0.9479013085365295,2.6028366088867188,nan
11.281,8000,160,1,8.260985217040417,10,8.259857177734375,0.04714300483465195,9.360590934753418,1.832010269165039,0.04147060960531235,23.5,4.502503871917725,0.19159590944330743,38.0,nan,0,0.9941285848617554,2.6141793727874756,nan
11.301,8000,160,1,8.261983660790413,10,8.261016845703125,0.05400814116001129,7.054030895233154,1.3805813789367676,-0.029807737097144127,23.5,2.9015579223632812,0.12347054988779921,38.0,nan,0,0.05216310918331146,2.517080068588257,nan
11.321,8000,160,1,8.262985206640572,10,8.261993408203125,0.04475729539990425,9.47609806060791,1.8546168804168701,0.11651021242141724,23.5,4.035510540008545,0.17172385276632107,38.0,nan,0,0.10033658891916275,1.9262090921401978,nan
11.341,8000,160,1,8.263985648290674,10,8.262863159179688,0.05170942842960358,9.640552520751953,1.8432250022888184,0.123733751475811,23.5,4.617743492126465,0.19649972306921126,38.0,nan,0,0.14420241117477417,2.903681516647339,nan
11.361,8000,160,1,8.264996354540182,10,8.263809204101562,0.045741237699985504,10.512621879577637,2.0574803352355957,-0.1895633041858673,23.5,4.889080047607422,0.20804595947265625,38.0,nan,0,0.19167529046535492,2.1452314853668213,nan
11.381,8000,160,1,8.265964885790146,10,8.264846801757812,0.0521145761013031,8.532736778259277,1.669986605644226,0.1636171191930771,23.5,4.209842205047607,0.17914222149138756,38.0,nan,0,0.2431764155626297,2.6103196144104004,nan
11.401,8000,160,1,8.266962008740649,10,8.265884399414062,0.056674808263778687,7.5803422927856445,1.3059134483337402,-0.16849802434444427,23.5,3.582308292388916,0.15243865073995388,38.0,nan,0,0.2953648865222931,2.92905855178833,nan
11.421,8000,160,1,8.267960983740323,10,8.266983032226562,0.051928043365478516,7.347603797912598,1.5351923704147339,0.07671840488910675,23.5,3.447904109954834,0.1467193238278653,38.0,nan,0,0.35022836923599243,2.67299485206604,nan
11.441,8000,160,1,8.26897284414079,10,8.268157958984375,0.048704247921705246,6.704958438873291,1.4414937496185303,0.08860976994037628,23.5,2.7031311988830566,0.11502685952693859,38.0,nan,0,0.4088704586029053,2.026154041290283,nan
11.461,8000,160,1,8.269983052490698,10,8.269302368164062,0.060312993824481964,5.036125659942627,0.9274473190307617,-0.09046858549118042,23.5,1.4074989557266235,0.05989357258411164,38.0,nan,0,0.46602663397789,2.8477256298065186,nan
11.48,8000,160,1,8.270950864990283,10,8.270294189453125,0.05909305065870285,3.5517215728759766,0.6951260566711426,0.06588857620954514,23.5,1.7073354721069336,0.0726525732811461,38.0,nan,0,0.5158558487892151,3.1211330890655518,nan
11.501,8000,160,1,8.271975783740327,10,8.271438598632812,0.0586765818297863,5.051403045654297,0.9886366128921509,-0.7465536594390869,23.5,1.1016199588775635,0.046877445058619724,38.0,nan,0,0.5729662179946899,3.1877613067626953,nan
11.52,8000,160,1,8.272936385790654,10,8.272308349609375,0.035481736063957214,6.654650688171387,1.3024165630340576,0.003009852021932602,23.5,2.7538886070251465,0.11718674923511262,38.0,nan,0,0.6159564256668091,1.5860530138015747,nan
11.541,8000,160,1,8.273983225390094,10,8.273284912109375,0.04689415916800499,5.399133205413818,1.0566927194595337,-0.05222225934267044,23.5,2.357964038848877,0.10033889527016497,38.0,nan,0,0.665166974067688,2.1894688606262207,nan
11.561,8000,160,1,8.274987056640366,10,8.274139404296875,0.045532602816820145,7.913602828979492,1.548812747001648,-0.037197016179561615,23.5,3.3778159618377686,0.14373684943990506,38.0,nan,0,0.7078076601028442,2.669543981552124,nan
11.58,8000,160,1,8.275945625390142,10,8.275100708007812,0.04453962296247482,8.48300552368164,1.6602534055709839,0.043611571192741394,23.5,2.9359312057495117,0.12493324279785156,38.0,nan,0,0.7558225393295288,2.215089797973633,nan
11.601,8000,160,1,8.276974642040278,10,8.27618408203125,0.059012994170188904,5.3412652015686035,1.0453670024871826,-0.023888342082500458,23.5,2.173607110977173,0.09249391961604991,38.0,nan,0,0.8098132610321045,2.860720634460449,nan
11.621,8000,160,1,8.277984671240102,10,8.27716064453125,0.05029616877436638,6.4414143562316895,1.2606829404830933,0.07750270515680313,23.5,2.8517510890960693,0.12135111017430082,38.0,nan,0,0.8591952323913574,2.701603412628174,nan
11.641,8000,160,1,8.27898765249045,10,8.278091430664062,0.03637552633881569,9.033530235290527,1.7679996490478516,0.0369877815246582,23.5,4.004797458648682,0.17041691313398646,38.0,nan,0,0.9055777192115784,1.556420922279358,nan
11.661,8000,160,1,8.279986546240234,10,8.27899169921875,0.04904857650399208,7.90402364730835,1.6702280044555664,-0.0003436257829889655,23.5,3.952587604522705,0.16819521721373212,38.0,nan,0,0.9502824544906616,2.742035388946533,nan
11.681,8000,160,1,8.280969952490686,10,8.279891967773438,0.04281023517251015,9.582600593566895,1.804621696472168,-0.01864440366625786,23.5,4.588951110839844,0.19527451535488696,38.0,nan,0,0.9957854151725769,2.385511875152588,nan
11.701,8000,160,1,8.28198601914044,10,8.280990600585938,0.0474066436290741,9.035050392150879,1.7682970762252808,0.017728159204125404,23.5,3.7213804721832275,0.15835661583758415,38.0,nan,0,0.050391193479299545,2.232713222503662,nan
11.721,8000,160,1,8.282987369140738,10,8.282058715820312,0.05198153853416443,8.127096176147461,1.5905966758728027,-0.09131506085395813,23.5,2.944540500640869,0.12529959577195188,38.0,nan,0,0.10409069806337357,2.3312439918518066,nan
11.741,8000,160,1,8.283981869140534,10,8.282852172851562,0.050153691321611404,9.025077819824219,1.7663452625274658,-0.04205089807510376,23.5,4.664501190185547,0.19848941234832115,38.0,nan,0,0.143508180975914,2.842928886413574,nan
11.761,8000,160,1,8.284987262890336,10,8.283828735351562,0.03867962956428528,11.65821647644043,2.2816905975341797,-0.08268105983734131,23.5,5.488187789916992,0.23353990595391455,38.0,nan,0,0.19199390709400177,1.62628972530365,nan
11.781,8000,160,1,8.285980425390136,10,8.284896850585938,0.056764401495456696,7.531052112579346,1.473941683769226,0.09193125367164612,23.5,3.5053858757019043,0.14916535641284698,38.0,nan,0,0.24580597877502441,2.7899110317230225,nan
11.801,8000,160,1,8.286974033740245,10,8.285888671875,0.05481971800327301,8.45301628112793,1.6543841361999512,0.027310742065310478,23.5,4.209419250488281,0.17912422342503326,38.0,nan,0,0.29510870575904846,3.0324506759643555,nan
11.82,8000,160,1,8.287948956640305,10,8.287002563476562,0.05334550142288208,7.109772205352783,1.3914908170700073,-0.21366696059703827,23.5,3.292208671569824,0.14009398602424783,38.0,nan,0,0.3507425785064697,2.827190637588501,nan
11.84,8000,160,1,8.28894162539071,10,8.288131713867188,0.049519672989845276,7.142436504364014,1.3978837728500366,-0.1384386122226715,23.5,2.5799765586853027,0.10978623653980012,38.0,nan,0,0.40774354338645935,2.2054529190063477,nan
11.861,8000,160,1,8.289986527490676,10,8.289276123046875,0.058482296764850616,6.202535152435303,1.0817813873291016,-0.09827475249767303,23.5,1.7148009538650513,0.07297025335595962,38.0,nan,0,0.4647999703884125,2.683826446533203,nan
11.881,8000,160,1,8.290980671240671,10,8.290328979492188,0.0557522177696228,4.406605243682861,0.8624398112297058,-0.058104246854782104,23.5,1.9987531900405884,0.08505332723576972,38.0,nan,0,0.5171568989753723,3.1245357990264893,nan
11.901,8000,160,1,8.291985439990079,10,8.291351318359375,0.05131213366985321,4.846621036529541,0.9485576152801514,-0.05657292902469635,23.5,1.6494972705841064,0.07019137321634496,38.0,nan,0,0.5684511065483093,2.8586819171905518,nan
11.921,8000,160,1,8.292956419140667,10,8.292373657226562,0.04367026686668396,6.382162094116211,1.2490863800048828,-0.15353412926197052,23.5,1.8700144290924072,0.0795750820890386,38.0,nan,0,0.6196840405464172,1.8083128929138184,nan
11.941,8000,160,1,8.293986192040741,10,8.2933349609375,0.05150499567389488,5.257258415222168,1.0289256572723389,0.007561194710433483,23.5,1.9545209407806396,0.08317110386300594,38.0,nan,0,0.6674975752830505,2.6116673946380615,nan
11.961,8000,160,1,8.294970479540627,10,8.294113159179688,0.0411888062953949,8.116969108581543,1.5886144638061523,0.05867685005068779,23.5,3.667175531387329,0.15605002261222678,38.0,nan,0,0.7064064145088196,2.6745760440826416,nan
11.981,8000,160,1,8.295984902490439,10,8.295181274414062,0.04251225292682648,7.579293251037598,1.3656138181686401,0.11465419828891754,23.5,2.956969738006592,0.1258284994896422,38.0,nan,0,0.7598497271537781,1.8486406803131104,nan
12.0,8000,160,1,8.296951006640287,10,8.296142578125,0.05418023094534874,5.56087064743042,1.0883471965789795,-0.06375022232532501,23.5,2.3371362686157227,0.09945260717513714,38.0,nan,0,0.8078427314758301,2.691373586654663,nan
12.021,8000,160,1,8.297955673290547,10,8.29718017578125,0.05244070291519165,4.985533237457275,1.1649882793426514,-0.03967082500457764,23.5,2.423257827758789,0.10311735437271442,38.0,nan,0,0.8600888848304749,2.732212781906128,nan
12.041,8000,160,1,8.298959010790698,10,8.298080444335938,0.03374394029378891,9.738126754760742,1.9058998823165894,-0.10548662394285202,23.5,4.070758819580078,0.17322377955659907,38.0,nan,0,0.9045841097831726,1.560106873512268,nan
12.061,8000,160,1,8.299984481640406,10,8.299057006835938,0.050232432782649994,8.084863662719727,1.623824954032898,-0.14195559918880463,23.5,3.245859146118164,0.1381216657922623,38.0,nan,0,0.9535090327262878,2.36181902885437,nan
12.081,8000,160,1,8.300987635790792,10,8.300003051757812,0.04813908040523529,8.561461448669434,1.675608515739441,0.07123596221208572,23.5,4.063724994659424,0.17292446785784782,38.0,nan,0,0.0007697053952142596,2.584582805633545,nan
12.101,8000,160,1,8.3019842753907,10,8.301010131835938,0.04328970983624458,9.350835800170898,1.8301010131835938,-0.0072867376729846,23.5,4.116044521331787,0.17515083069496967,38.0,nan,0,0.051384806632995605,2.060559034347534,nan
12.121,8000,160,1,8.30298268164041,10,8.302032470703125,0.05055201053619385,7.1283674240112305,1.5718581676483154,0.18254922330379486,23.5,3.2905235290527344,0.14002227783203125,38.0,nan,0,0.10237324237823486,2.3542537689208984,nan
12.14,8000,160,1,8.303940931640668,10,8.302886962890625,0.04421485960483551,9.765331268310547,1.9112242460250854,0.04841228574514389,23.5,4.686410427093506,0.19942172030185132,38.0,nan,0,0.14514291286468506,2.3056271076202393,nan
12.161,8000,160,1,8.304972154540142,10,8.303863525390625,0.03985360637307167,11.480324745178223,2.2468745708465576,0.008764171972870827,23.5,5.051389217376709,0.21495273265432804,38.0,nan,0,0.1940387636423111,1.6613296270370483,nan
12.181,8000,160,1,8.305989671240226,10,8.304931640625,0.061050184071063995,7.404787063598633,1.4492297172546387,-0.07510404288768768,23.5,3.0499396324157715,0.12978466520918178,38.0,nan,0,0.24775031208992004,2.9293830394744873,nan
12.201,8000,160,1,8.306983208740698,10,8.305953979492188,0.05437168851494789,7.716800212860107,1.5102953910827637,0.12392650544643402,23.5,3.983372211456299,0.1695052004875021,38.0,nan,0,0.298795223236084,3.02578067779541,nan
12.221,8000,160,1,8.30799070664069,10,8.30712890625,0.05448693782091141,6.284914970397949,1.2300536632537842,-0.038985732942819595,23.5,3.086256980895996,0.13133008429344664,38.0,nan,0,0.35712841153144836,3.1379470825195312,nan
12.241,8000,160,1,8.308971492040277,10,8.30816650390625,0.045304663479328156,6.9578328132629395,1.3113248348236084,0.05185950919985771,23.5,2.6130456924438477,0.1111934337210148,38.0,nan,0,0.40942347049713135,2.346863269805908,nan
12.261,8000,160,1,8.309980896240434,10,8.309310913085938,0.055182330310344696,5.007146835327148,0.9949761629104614,0.15036128461360931,23.5,1.6545367240905762,0.0704058180464075,38.0,nan,0,0.46671098470687866,2.547701358795166,nan
12.281,8000,160,1,8.310986973290694,10,8.310379028320312,0.055420808494091034,4.8082356452941895,0.9410449862480164,0.009355992078781128,23.5,1.5530948638916016,0.06608914314432347,38.0,nan,0,0.5200885534286499,2.5724775791168213,nan
12.301,8000,160,1,8.311971789990624,10,8.311264038085938,0.04724910110235214,6.0542826652526855,1.1849154233932495,0.0816887766122818,23.5,2.1200101375579834,0.09021319734289292,38.0,nan,0,0.5644384622573853,2.714250087738037,nan
12.321,8000,160,1,8.31295732749057,10,8.312408447265625,0.052581898868083954,5.007833480834961,0.9315639734268188,0.023043042048811913,23.5,1.5801018476486206,0.06723837649568598,38.0,nan,0,0.6212735176086426,2.4196317195892334,nan
12.341,8000,160,1,8.313987350390365,10,8.313385009765625,0.04564277455210686,5.929380893707275,1.1604702472686768,-0.006132650654762983,23.5,2.1624600887298584,0.09201957824382376,38.0,nan,0,0.6703591346740723,2.390625,nan
12.361,8000,160,1,8.314969237890166,10,8.314208984375,0.039283256977796555,7.284264087677002,1.4256415367126465,-0.21801786124706268,23.5,3.079939842224121,0.1310612698818775,38.0,nan,0,0.711039125919342,2.1331207752227783,nan
12.381,8000,160,1,8.315979823290384,10,8.315170288085938,0.046238142997026443,6.761168003082275,1.3232636451721191,-0.009109234437346458,23.5,2.5739312171936035,0.10952898796568526,38.0,nan,0,0.7596425414085388,2.2296366691589355,nan
12.401,8000,160,1,8.31696827539052,10,8.316207885742188,0.05612528696656227,6.153000354766846,1.2042360305786133,-0.12379787862300873,23.5,2.2219457626342773,0.09455088351635223,38.0,nan,0,0.8115730285644531,2.7915258407592773,nan
12.421,8000,160,1,8.317986494140479,10,8.317230224609375,0.05152549222111702,5.602909088134766,1.0965746641159058,-0.020466646179556847,23.5,2.205734968185425,0.09386106247597552,38.0,nan,0,0.8624482154846191,2.675865650177002,nan
12.441,8000,160,1,8.318989258740459,10,8.31817626953125,0.03739287704229355,8.704386711120605,1.7035812139511108,0.09293882548809052,23.5,3.3234782218933105,0.14142460518694938,38.0,nan,0,0.9099238514900208,1.859486699104309,nan
12.461,8000,160,1,8.319985575390438,10,8.319091796875,0.04978610947728157,7.644590854644775,1.4961628913879395,0.05510036647319794,23.5,3.2127492427825928,0.13671273373542947,38.0,nan,0,0.955583393573761,2.6260573863983154,nan
12.481,8000,160,1,8.320986171240639,10,8.320022583007812,0.050476476550102234,7.644620418548584,1.496168851852417,0.07289201021194458,23.5,3.5289669036865234,0.1501688044121925,38.0,nan,0,0.002242883201688528,2.7569847106933594,nan
12.501,8000,160,1,8.32198317954024,10,8.320999145507812,0.0438418947160244,9.28579044342041,1.8173707723617554,0.07810336351394653,23.5,3.9780149459838867,0.16927723174399517,38.0,nan,0,0.051265593618154526,2.27496337890625,nan
12.521,8000,160,1,8.322983225390619,10,8.322036743164062,0.05439700931310654,7.432973384857178,1.4547462463378906,0.14627864956855774,23.5,3.086276054382324,0.13133089593116273,38.0,nan,0,0.10287685692310333,2.9793570041656494,nan
12.541,8000,160,1,8.32398739204071,10,8.323013305664062,0.05093574896454811,7.817962646484375,1.5300945043563843,-0.06481935828924179,23.5,3.7754716873168945,0.16065836967305935,38.0,nan,0,0.15137164294719696,2.6333723068237305,nan
12.56,8000,160,1,8.324953387890112,10,8.3238525390625,0.037835702300071716,10.460724830627441,2.047323226928711,0.01303817518055439,23.5,4.922020435333252,0.20944767809928733,38.0,nan,0,0.19344426691532135,1.5964078903198242,nan
12.58,8000,160,1,8.32593752329047,10,8.324844360351562,0.05480276793241501,8.226226806640625,1.645815372467041,-0.013311022892594337,23.5,3.956380605697632,0.16835662151904815,38.0,nan,0,0.24293668568134308,2.9614601135253906,nan
12.601,8000,160,1,8.32696146499073,10,8.32598876953125,0.05507662147283554,7.314079284667969,1.4314768314361572,0.04482777416706085,23.5,3.6430916786193848,0.15502517781359085,38.0,nan,0,0.3001314103603363,3.0265917778015137,nan
12.621,8000,160,1,8.327986331640552,10,8.327072143554688,0.055038370192050934,6.019400596618652,1.1780884265899658,0.3476925492286682,23.5,2.9008617401123047,0.1234409251111619,38.0,nan,0,0.3544560670852661,3.034127712249756,nan
12.64,8000,160,1,8.328947669140309,10,8.32818603515625,0.04971799626946449,6.480989456176758,1.2684284448623657,0.06105496734380722,23.5,2.342519521713257,0.0996816817750322,38.0,nan,0,0.4099176526069641,2.484691858291626,nan
12.661,8000,160,1,8.329988519140153,10,8.329330444335938,0.054241444915533066,4.05971622467041,0.7945483922958374,0.1096227616071701,23.5,1.5147554874420166,0.06445768031668156,38.0,nan,0,0.4674896001815796,2.681628465652466,nan
12.68,8000,160,1,8.330950512890542,10,8.330352783203125,0.0565396212041378,4.036959171295166,0.7900944948196411,-0.042024485766887665,23.5,1.457865834236145,0.062036844010048726,38.0,nan,0,0.5182446241378784,2.7702488899230957,nan
12.701,8000,160,1,8.331986585790567,10,8.331344604492188,0.0521775558590889,5.082311630249023,0.9946858882904053,0.014888457953929901,23.5,1.7873449325561523,0.07605723117260223,38.0,nan,0,0.5680922865867615,2.7912991046905518,nan
12.72,8000,160,1,8.332938762890247,10,8.332366943359375,0.04924975335597992,5.289144039154053,1.0351661443710327,0.04000766575336456,23.5,1.6582036018371582,0.07056185539732589,38.0,nan,0,0.6190292835235596,2.341094732284546,nan
12.741,8000,160,1,8.333961508740307,10,8.3333740234375,0.04717595875263214,5.953913688659668,1.1652717590332031,0.03018406592309475,23.5,1.886396884918213,0.08027220786886012,38.0,nan,0,0.6695905923843384,2.2086682319641113,nan
12.761,8000,160,1,8.334985225390104,10,8.334274291992188,0.04639774188399315,6.790892124176025,1.3290810585021973,0.04430665820837021,23.5,2.7037742137908936,0.11505422186344227,38.0,nan,0,0.7150333523750305,2.505328416824341,nan
12.781,8000,160,1,8.335986981640584,10,8.33526611328125,0.044885747134685516,7.378711700439453,1.4441263675689697,-1.2351723853498697e-05,23.5,2.6285786628723145,0.11185441118605594,38.0,nan,0,0.7641265392303467,2.191131591796875,nan
12.8,8000,160,1,8.336952446240305,10,8.33624267578125,0.04933276027441025,6.201040744781494,1.213638186454773,-0.19373588263988495,23.5,2.0964412689208984,0.08921026676259142,38.0,nan,0,0.8129127025604248,2.325798511505127,nan
12.821,8000,160,1,8.337962652490372,10,8.337173461914062,0.0548841767013073,6.182572841644287,1.2100237607955933,0.2656855583190918,23.5,2.167227268218994,0.09222243694548911,38.0,nan,0,0.8597948551177979,3.11333966255188,nan
12.841,8000,160,1,8.338985439990196,10,8.33819580078125,0.04008066654205322,8.0105562210083,1.567788004875183,0.0531829372048378,23.5,3.0622243881225586,0.13030742077117272,38.0,nan,0,0.9108843803405762,1.9534945487976074,nan
12.861,8000,160,1,8.33998765664072,10,8.33917236328125,0.04825195297598839,8.061420440673828,1.5777429342269897,-0.15311023592948914,23.5,2.6166844367980957,0.11134827390630195,38.0,nan,0,0.9591023325920105,2.2899670600891113,nan
12.881,8000,160,1,8.340988379540782,10,8.340072631835938,0.04956310987472534,7.3940277099609375,1.4471240043640137,0.05593128129839897,23.5,3.4813265800476074,0.14814155659777054,38.0,nan,0,0.004529108293354511,2.5804717540740967,nan
12.901,8000,160,1,8.341986775390238,10,8.341033935546875,0.038414306938648224,10.018744468688965,1.9608210325241089,0.02652178704738617,23.5,4.148242950439453,0.17652097661444482,38.0,nan,0,0.05274907127022743,1.9790579080581665,nan
12.921,8000,160,1,8.342990677490148,10,8.34210205078125,0.055504798889160156,6.983265399932861,1.3667314052581787,-0.10045995563268661,23.5,2.4379258155822754,0.10374152406733086,38.0,nan,0,0.10612884908914566,2.619155168533325,nan
12.94,8000,160,1,8.34394114414025,10,8.343032836914062,0.05288434773683548,7.904052734375,1.5469435453414917,-0.06544466316699982,23.5,3.2984657287597656,0.1403602437770113,38.0,nan,0,0.15273647010326385,2.710611581802368,nan
12.961,8000,160,1,8.344955760790604,10,8.343856811523438,0.037708502262830734,10.961112976074219,2.145256996154785,-0.04596858471632004,23.5,5.418583393096924,0.23057801672752867,38.0,nan,0,0.19376982748508453,1.9711427688598633,nan
12.981,8000,160,1,8.345986189990786,10,8.344940185546875,0.05117647349834442,8.946635246276855,1.750993013381958,-1.661368332861457e-05,23.5,4.046382904052734,0.1721865065554355,38.0,nan,0,0.2480505406856537,2.568005323410034,nan
13.001,8000,160,1,8.346968998290672,10,8.346023559570312,0.05796484276652336,7.609514236450195,1.1598243713378906,0.11651343107223511,23.5,2.938934087753296,0.12506102501077854,38.0,nan,0,0.30249181389808655,2.9759082794189453,nan
13.021,8000,160,1,8.347985462890197,10,8.347122192382812,0.05567709356546402,5.369900703430176,1.050971508026123,-0.12159322202205658,23.5,2.755122184753418,0.11723924190440077,38.0,nan,0,0.35704168677330017,3.0066959857940674,nan
13.041,8000,160,1,8.348985342040383,10,8.348281860351562,0.0515318289399147,5.584591865539551,0.9338247179985046,-0.19896720349788666,23.5,1.812241792678833,0.07711667202888652,38.0,nan,0,0.4147779941558838,2.58278489112854,nan
13.061,8000,160,1,8.349966067040791,10,8.349365234375,0.05070459842681885,4.344529151916504,0.7583336234092712,-0.0691918358206749,23.5,1.4782023429870605,0.06290222736115152,38.0,nan,0,0.4691075086593628,2.2114624977111816,nan
13.08,8000,160,1,8.350941771240455,10,8.35040283203125,0.05449781194329262,5.580102443695068,1.0921111106872559,-0.19781169295310974,23.5,1.4322261810302734,0.06094579493745844,38.0,nan,0,0.5212492942810059,2.471313238143921,nan
13.101,8000,160,1,8.351968914990708,10,8.351333618164062,0.04629535228013992,5.652096271514893,1.106201410293579,-0.09030769765377045,23.5,1.9569579362869263,0.08327480579944367,38.0,nan,0,0.5678421258926392,2.4708523750305176,nan
13.121,8000,160,1,8.3529596253902,10,8.352371215820312,0.04537772014737129,4.337954044342041,0.849003791809082,0.07860113680362701,23.5,1.8688623905181885,0.07952605917098675,38.0,nan,0,0.6192456483840942,2.1715247631073,nan
13.141,8000,160,1,8.353982150390207,10,8.353424072265625,0.05026696249842644,5.285112380981445,0.8592109680175781,0.09452875703573227,23.5,1.4951378107070923,0.06362288556200393,38.0,nan,0,0.6724634766578674,2.339625120162964,nan
13.161,8000,160,1,8.354982802490108,10,8.35430908203125,0.04819585755467415,6.1806464195251465,1.2096467018127441,-0.04760032892227173,23.5,2.3710155487060547,0.10089427866834275,38.0,nan,0,0.716144323348999,2.636226177215576,nan
13.181,8000,160,1,8.355955344140225,10,8.355239868164062,0.041126590222120285,7.813653469085693,1.5292510986328125,-0.1552223563194275,23.5,2.763421058654785,0.11759238547467171,38.0,nan,0,0.7628508806228638,2.0283350944519043,nan
13.201,8000,160,1,8.356982829540344,10,8.35626220703125,0.051359277218580246,5.856534481048584,1.0566078424453735,0.16990956664085388,23.5,2.057620048522949,0.08755829993714677,38.0,nan,0,0.8142188191413879,2.4523935317993164,nan
13.22,8000,160,1,8.357944727490382,10,8.357177734375,0.051469769328832626,6.428196907043457,1.2580962181091309,0.08631597459316254,23.5,2.733922004699707,0.11633710658296625,38.0,nan,0,0.8602220416069031,2.7052855491638184,nan
13.241,8000,160,1,8.358987379540475,10,8.3582763671875,0.04455585405230522,6.25753927230835,1.2246958017349243,-0.09436047077178955,23.5,2.3161864280700684,0.09856112459872632,38.0,nan,0,0.9150505065917969,2.1640000343322754,nan
13.261,8000,160,1,8.359987731640274,10,8.3592529296875,0.04413789138197899,7.44398307800293,1.4049290418624878,0.08986570686101913,23.5,2.632788896560669,0.11203357006641144,38.0,nan,0,0.9632228016853333,2.068408489227295,nan
13.281,8000,160,1,8.360987367040787,10,8.360122680664062,0.051002658903598785,7.266307830810547,1.4221272468566895,0.0749371349811554,23.5,3.0397887229919434,0.12935271161667844,38.0,nan,0,0.0073492336086928844,2.780158758163452,nan
13.301,8000,160,1,8.361971577490465,10,8.361068725585938,0.04279593005776405,8.725656509399414,1.7077440023422241,0.014390031807124615,23.5,3.5754997730255127,0.15214892651172393,38.0,nan,0,0.05443422496318817,2.104865312576294,nan
13.321,8000,160,1,8.362985910790291,10,8.362030029296875,0.05492713674902916,7.915032863616943,1.5490925312042236,-0.1874455213546753,23.5,2.9640908241271973,0.12613152443094455,38.0,nan,0,0.10250432044267654,2.9895126819610596,nan
13.341,8000,160,1,8.363985362890514,10,8.363021850585938,0.054182570427656174,7.823047637939453,1.5310897827148438,0.034021951258182526,23.5,3.3592922687530518,0.14294860718098093,38.0,nan,0,0.15220887959003448,2.9250330924987793,nan
13.36,8000,160,1,8.364952698290278,10,8.36395263671875,0.04154052957892418,10.616053581237793,2.077723503112793,0.11507298052310944,23.5,4.399527549743652,0.18721393828696392,38.0,nan,0,0.19865594804286957,2.166088581085205,nan
13.38,8000,160,1,8.365950764990691,10,8.364974975585938,0.05199675261974335,7.45387077331543,1.5989196300506592,0.08999226987361908,23.5,3.38735294342041,0.1441426784434217,38.0,nan,0,0.24949395656585693,2.515110969543457,nan
13.401,8000,160,1,8.366984683740144,10,8.366043090820312,0.05964217707514763,6.426717281341553,1.2578065395355225,0.04136252403259277,23.5,3.0840320587158203,0.1312354067538647,38.0,nan,0,0.30321818590164185,3.254653215408325,nan
13.421,8000,160,1,8.367956744140235,10,8.3670654296875,0.049598339945077896,7.188398361206055,1.406879186630249,0.07399675250053406,23.5,3.3169169425964355,0.14114540181261429,38.0,nan,0,0.3543141484260559,2.7606050968170166,nan
13.441,8000,160,1,8.368986910790397,10,8.368316650390625,0.054677292704582214,4.946656703948975,0.968136191368103,0.01710221916437149,23.5,1.6411943435668945,0.06983805717305934,38.0,nan,0,0.41693365573883057,2.5665171146392822,nan
13.461,8000,160,1,8.369986760790187,10,8.369384765625,0.04866780340671539,5.603118896484375,1.0966157913208008,0.20903247594833374,23.5,1.6957199573516846,0.07215829605751849,38.0,nan,0,0.4699763357639313,2.4719135761260986,nan
13.481,8000,160,1,8.370985967040168,10,8.37042236328125,0.05465075373649597,4.748640060424805,0.9293813109397888,-0.16635246574878693,23.5,1.3221759796142578,0.056262807643159905,38.0,nan,0,0.522358775138855,2.6121366024017334,nan
13.501,8000,160,1,8.371987617040567,10,8.37139892578125,0.0509861521422863,4.616369247436523,0.9034938812255859,0.01063461136072874,23.5,1.5731281042099,0.06694162145574042,38.0,nan,0,0.5711926817893982,2.613100290298462,nan
13.521,8000,160,1,8.37297650039035,10,8.372406005859375,0.045421428978443146,6.707775592803955,1.3128139972686768,0.0010850944090634584,23.5,1.8661973476409912,0.07941265309110601,38.0,nan,0,0.6210594773292542,2.0839388370513916,nan
13.541,8000,160,1,8.373983229540308,10,8.373428344726562,0.05170407518744469,4.82907247543335,0.9451231360435486,0.13549503684043884,23.5,1.4954601526260376,0.06363660223940586,38.0,nan,0,0.6726440191268921,2.422595262527466,nan
13.561,8000,160,1,8.374984583740288,10,8.374374389648438,0.048023175448179245,4.767967700958252,0.9331640005111694,0.07875540852546692,23.5,1.994541883468628,0.08487412270079268,38.0,nan,0,0.7193722128868103,2.5790352821350098,nan
13.58,8000,160,1,8.375948048290583,10,8.37530517578125,0.045103706419467926,6.9568939208984375,1.3615702390670776,0.033050186932086945,23.5,2.1834118366241455,0.0929111419840062,38.0,nan,0,0.76656174659729,2.2475054264068604,nan
13.601,8000,160,1,8.376968064990788,10,8.376358032226562,0.054411206394433975,5.312892913818359,1.0398141145706177,-0.19522258639335632,23.5,1.4156134128570557,0.060238868632215135,38.0,nan,0,0.8189513087272644,2.6352694034576416,nan
13.621,8000,160,1,8.37798313789025,10,8.3773193359375,0.050635918974876404,5.297518730163574,1.0368051528930664,-0.03301124647259712,23.5,2.2501754760742188,0.09575214791805187,38.0,nan,0,0.8671493530273438,2.729367733001709,nan
13.641,8000,160,1,8.378983225390392,10,8.378341674804688,0.049380216747522354,4.042211055755615,0.7911223769187927,0.011845282278954983,23.5,1.5882761478424072,0.06758621905712371,38.0,nan,0,0.9178335070610046,2.418029546737671,nan
13.661,8000,160,1,8.379983533740587,10,8.37933349609375,0.04675290361046791,6.515975475311279,1.275275707244873,0.28550297021865845,23.5,2.171233654022217,0.0923929214477539,38.0,nan,0,0.9673541188240051,2.2481260299682617,nan
13.681,8000,160,1,8.38098350454019,10,8.380157470703125,0.0454980805516243,7.993550777435303,1.5644596815109253,-0.013261253945529461,23.5,3.4481797218322754,0.1467310519928628,38.0,nan,0,0.008463548496365547,2.6231956481933594,nan
13.701,8000,160,1,8.38198316499037,10,8.381149291992188,0.045826543122529984,8.090964317321777,1.5835250616073608,-0.10456167161464691,23.5,3.0345332622528076,0.12912907498948117,38.0,nan,0,0.058128099888563156,2.3176634311676025,nan
13.72,8000,160,1,8.38293660874041,10,8.38201904296875,0.04674668237566948,7.8963623046875,1.545438528060913,-0.19438664615154266,23.5,3.4450042247772217,0.14659592445860517,38.0,nan,0,0.1017526239156723,2.5242252349853516,nan
13.74,8000,160,1,8.383950946240647,10,8.383010864257812,0.05312233418226242,6.7362494468688965,1.3183866739273071,-0.11387338489294052,23.5,3.4450879096984863,0.14659948551908453,38.0,nan,0,0.15182828903198242,2.8463802337646484,nan
13.761,8000,160,1,8.38498257954051,10,8.384002685546875,0.042764611542224884,8.934874534606934,1.7486910820007324,0.07713508605957031,23.5,4.18018102645874,0.17788004367909532,38.0,nan,0,0.20090284943580627,2.307436227798462,nan
13.78,8000,160,1,8.385936617040707,10,8.384994506835938,0.05303703248500824,8.043035507202148,1.5741446018218994,-0.01297792699187994,23.5,3.077134609222412,0.1309418982647835,38.0,nan,0,0.2506130039691925,2.6418182849884033,nan
13.801,8000,160,1,8.386983006640358,10,8.386077880859375,0.056651052087545395,6.009525775909424,1.1761558055877686,0.06539441645145416,23.5,3.210538864135742,0.13661867506960604,38.0,nan,0,0.3045008182525635,2.975348472595215,nan
13.821,8000,160,1,8.387983389990396,10,8.387161254882812,0.05165542662143707,6.7943878173828125,1.3297653198242188,0.011999079957604408,23.5,2.896249771118164,0.12324467111141124,38.0,nan,0,0.35909464955329895,2.648669958114624,nan
13.84,8000,160,1,8.388947962890224,10,8.388229370117188,0.053681354969739914,6.0971879959106445,1.193312644958496,0.0830460637807846,23.5,2.0001747608184814,0.08511381960929708,38.0,nan,0,0.41270846128463745,2.6238672733306885,nan
13.861,8000,160,1,8.389983942040262,10,8.389419555664062,0.054792601615190506,4.222596645355225,0.8264265060424805,-0.11077575385570526,23.5,1.3488290309906006,0.05739698004215322,38.0,nan,0,0.47170254588127136,2.5773613452911377,nan
13.881,8000,160,1,8.390983033740476,10,8.390457153320312,0.053536586463451385,4.629513740539551,0.9060664176940918,-0.21095573902130127,23.5,1.4682475328445435,0.06247861841891674,38.0,nan,0,0.5235714316368103,2.522240400314331,nan
13.901,8000,160,1,8.391987135790249,10,8.391433715820312,0.04949771612882614,4.987816333770752,0.8389906883239746,-0.000751656829379499,23.5,1.6229522228240967,0.06906179671591901,38.0,nan,0,0.5726454854011536,2.64384388923645,nan
13.921,8000,160,1,8.39297696499051,10,8.392410278320312,0.04293614253401756,5.933093070983887,1.1611967086791992,0.06798429042100906,23.5,1.937569499015808,0.0824497659155663,38.0,nan,0,0.6212562918663025,2.193134307861328,nan
13.941,8000,160,1,8.393959927490494,10,8.393402099609375,0.05547494441270828,4.298036575317383,0.841191291809082,0.07041080296039581,23.5,1.424769639968872,0.06062849531782434,38.0,nan,0,0.6709091663360596,2.7303929328918457,nan
13.96,8000,160,1,8.394937285790354,10,8.394317626953125,0.0469694547355175,6.414294242858887,1.2553751468658447,-0.04529499262571335,23.5,2.2362523078918457,0.09515967267624875,38.0,nan,0,0.7169536352157593,2.5527334213256836,nan
13.981,8000,160,1,8.395983473290096,10,8.395339965820312,0.043373074382543564,6.125830173492432,1.198918342590332,0.04627092927694321,23.5,2.222475051879883,0.09457340646297374,38.0,nan,0,0.7680612802505493,2.3834433555603027,nan
14.001,8000,160,1,8.39698264414036,10,8.3963623046875,0.056153539568185806,5.234951496124268,1.0245598554611206,-0.20889799296855927,23.5,1.3611526489257812,0.05792138931599069,38.0,nan,0,0.8193323016166687,2.7152702808380127,nan
14.02,8000,160,1,8.397946198290436,10,8.397293090820312,0.04883863776922226,5.887226104736328,1.1522198915481567,0.15934452414512634,23.5,2.407819986343384,0.1024604249507823,38.0,nan,0,0.8656972050666809,2.5157580375671387,nan
14.041,8000,160,1,8.398982960790443,10,8.398178100585938,0.03722234442830086,8.355566024780273,1.6353116035461426,0.022314801812171936,23.5,3.1971921920776367,0.13605073157777178,38.0,nan,0,0.9098909497261047,1.9572809934616089,nan
14.061,8000,160,1,8.399982048290246,10,8.399276733398438,0.049408696591854095,6.727745532989502,1.3167223930358887,0.09325848519802094,23.5,1.9765775203704834,0.08410968171789292,38.0,nan,0,0.9647365808486938,2.1125996112823486,nan
14.081,8000,160,1,8.400985950390156,10,8.40020751953125,0.04916492477059364,7.163470268249512,1.4020003080368042,0.13849101960659027,23.5,2.8992056846618652,0.12337045466646235,38.0,nan,0,0.011581565253436565,2.3855347633361816,nan
14.1,8000,160,1,8.401942758740176,10,8.401031494140625,0.03942541405558586,9.166061401367188,1.7939379215240479,0.09973946213722229,23.5,3.8345696926116943,0.16317317840900827,38.0,nan,0,0.05261435732245445,2.1170170307159424,nan
14.121,8000,160,1,8.402983677490544,10,8.402114868164062,0.04877278208732605,8.302851676940918,1.6249946355819702,0.04394559562206268,23.5,2.9223432540893555,0.12435503208890875,38.0,nan,0,0.10667113959789276,2.020332098007202,nan
14.141,8000,160,1,8.403982433740737,10,8.402984619140625,0.05525891110301018,6.925234317779541,1.3553738594055176,-0.024898864328861237,23.5,3.592214584350586,0.15286019507874835,38.0,nan,0,0.1497509777545929,2.920259952545166,nan
14.161,8000,160,1,8.404982056640426,10,8.404006958007812,0.04367244243621826,9.475480079650879,1.8870328664779663,0.08765175938606262,23.5,4.134928226470947,0.175954392615785,38.0,nan,0,0.20096398890018463,2.169377326965332,nan
14.18,8000,160,1,8.405936129540338,10,8.405059814453125,0.05275442451238632,7.586249828338623,1.4836370944976807,0.16104717552661896,23.5,2.868476152420044,0.12206281499659762,38.0,nan,0,0.2536729574203491,2.5099055767059326,nan
14.201,8000,160,1,8.406984304540662,10,8.406082153320312,0.05647147074341774,6.246340274810791,1.2225040197372437,0.11944612860679626,23.5,3.0410664081573486,0.12940708119818506,38.0,nan,0,0.3052273690700531,3.000706911087036,nan
14.221,8000,160,1,8.40798546289078,10,8.40716552734375,0.053500089794397354,5.648703575134277,1.1055374145507812,0.09809596836566925,23.5,2.78969669342041,0.11871049759235788,38.0,nan,0,0.359273761510849,3.014204740524292,nan
14.241,8000,160,1,8.408982994140375,10,8.408233642578125,0.045943889766931534,6.267269611358643,1.226600170135498,0.09742581099271774,23.5,2.6943607330322266,0.1146536482141373,38.0,nan,0,0.4125198721885681,2.437453508377075,nan
14.261,8000,160,1,8.40998360664015,10,8.409423828125,0.05516524240374565,4.0988922119140625,0.8022156953811646,0.13070528209209442,23.5,1.3132678270339966,0.0558837373205956,38.0,nan,0,0.4724026620388031,2.4290170669555664,nan
14.28,8000,160,1,8.410937373290642,10,8.410446166992188,0.05433015152812004,4.2648444175720215,0.9488534927368164,-0.23359498381614685,23.5,1.2137534618377686,0.05164908348245824,38.0,nan,0,0.5230807065963745,2.567492723464966,nan
14.3,8000,160,1,8.411946617040655,10,8.411407470703125,0.050968509167432785,4.566230773925781,0.9944615364074707,0.023523686453700066,23.5,1.6705981492996216,0.07108928294892007,38.0,nan,0,0.5714710354804993,2.6994364261627197,nan
14.321,8000,160,1,8.412983956640517,10,8.412429809570312,0.04194952920079231,6.313752174377441,1.235697627067566,-0.04761398956179619,23.5,1.9440665245056152,0.08272623508534532,38.0,nan,0,0.6220784783363342,2.03256893157959,nan
14.341,8000,160,1,8.413983935790736,10,8.413436889648438,0.0513649508357048,4.5805768966674805,0.8964886665344238,0.03441501408815384,23.5,1.4080129861831665,0.059915446220560276,38.0,nan,0,0.6730477809906006,2.3177833557128906,nan
14.361,8000,160,1,8.414982710790342,10,8.4144287109375,0.05276944488286972,3.985992908477783,0.7801195383071899,0.01098480075597763,23.5,1.5039432048797607,0.0639975831863728,38.0,nan,0,0.7225435972213745,2.819443702697754,nan
14.38,8000,160,1,8.415941602490772,10,8.41534423828125,0.04295346513390541,7.10988712310791,1.3915133476257324,0.07212445884943008,23.5,2.269465684890747,0.09657300786769137,38.0,nan,0,0.7682585716247559,2.161175012588501,nan
14.401,8000,160,1,8.41698287954058,10,8.4163818359375,0.0500188022851944,6.382356643676758,1.249124526977539,-0.07854130864143372,23.5,1.6787996292114258,0.07143828209410323,38.0,nan,0,0.8202328681945801,2.1626524925231934,nan
14.421,8000,160,1,8.417987235790484,10,8.417343139648438,0.05259357765316963,4.94518518447876,0.9678481817245483,0.02917199581861496,23.5,1.9308557510375977,0.0821640745122382,38.0,nan,0,0.8684176802635193,2.778032064437866,nan
14.44,8000,160,1,8.418935877490718,10,8.418121337890625,0.0315353088080883,9.569841384887695,1.8729639053344727,-0.07638978958129883,23.5,3.983595371246338,0.16951469664878033,38.0,nan,0,0.9070249199867249,1.6378947496414185,nan
14.461,8000,160,1,8.419982264990526,10,8.419326782226562,0.057690590620040894,5.3783650398254395,1.0526280403137207,0.2074483036994934,23.5,1.48089599609375,0.06301685089760638,38.0,nan,0,0.9672332406044006,2.4527206420898438,nan
14.48,8000,160,1,8.420948777490398,10,8.420257568359375,0.05340549349784851,5.542219161987305,1.0846967697143555,0.057804979383945465,23.5,2.2013800144195557,0.09367574529444918,38.0,nan,0,0.013556744903326035,2.757136106491089,nan
14.501,8000,160,1,8.421967739990201,10,8.421096801757812,0.03799935430288315,9.186172485351562,1.7978739738464355,0.1570289134979248,23.5,3.99137806892395,0.1698458752733596,38.0,nan,0,0.05601000040769577,2.1213226318359375,nan
14.52,8000,160,1,8.422951856640417,10,8.422134399414062,0.05468510091304779,6.045565605163574,1.1832094192504883,0.1021583303809166,23.5,2.427812337875366,0.10331116331384536,38.0,nan,0,0.1076989620923996,2.523564577102661,nan
14.541,8000,160,1,8.423983367040623,10,8.422958374023438,0.04680192843079567,7.9158501625061035,1.727737307548523,0.06033376604318619,23.5,4.40394926071167,0.18740209620049658,38.0,nan,0,0.1488262116909027,2.7939541339874268,nan
14.561,8000,160,1,8.424982862890452,10,8.423980712890625,0.042744122445583344,9.6112060546875,1.8810595273971558,0.06500368565320969,23.5,4.236523151397705,0.18027758091054064,38.0,nan,0,0.2003137618303299,2.1520705223083496,nan
14.58,8000,160,1,8.425935700390243,10,8.425064086914062,0.05522576719522476,7.124899864196777,1.2963289022445679,0.1654352992773056,23.5,2.6168909072875977,0.11135705988457863,38.0,nan,0,0.25376996397972107,2.400432825088501,nan
14.6,8000,160,1,8.426951073290535,10,8.426101684570312,0.05757303535938263,5.840968132019043,1.1431665420532227,-0.003496041288599372,23.5,2.8112449645996094,0.11962744530211104,38.0,nan,0,0.30613836646080017,2.9969472885131836,nan
14.62,8000,160,1,8.427954821240553,10,8.427139282226562,0.052828334271907806,5.402259349822998,1.1468784809112549,-0.05525193363428116,23.5,2.598353624343872,0.11056823933378179,38.0,nan,0,0.3579598069190979,2.8156378269195557,nan
14.641,8000,160,1,8.42898511499078,10,8.428253173828125,0.046441491693258286,7.287528991699219,1.4262804985046387,0.10531746596097946,23.5,2.4986228942871094,0.10632437848030253,38.0,nan,0,0.4135199785232544,2.26670503616333,nan
14.661,8000,160,1,8.429985733740603,10,8.429428100585938,0.060205381363630295,2.783404588699341,0.544754683971405,0.019573327153921127,23.5,1.1628186702728271,0.049481645543524556,38.0,nan,0,0.47233548760414124,2.6384129524230957,nan
14.68,8000,160,1,8.430948696240364,10,8.43048095703125,0.05353071913123131,3.5886504650115967,0.7023535966873169,0.0033420666586607695,23.5,1.0597208738327026,0.045094505269476705,38.0,nan,0,0.5247656106948853,2.34704327583313,nan
14.701,8000,160,1,8.431983360790753,10,8.431411743164062,0.05098507180809975,4.3560686111450195,0.8525490164756775,0.012035458348691463,23.5,1.7062987089157104,0.07260845569854087,38.0,nan,0,0.5714502334594727,2.695295810699463,nan
14.72,8000,160,1,8.432950781640091,10,8.432418823242188,0.048447199165821075,5.32951021194458,1.043066382408142,0.05387383699417114,23.5,1.5804558992385864,0.06725344252079091,38.0,nan,0,0.6219910383224487,2.5095839500427246,nan
14.741,8000,160,1,8.433983589990374,10,8.433456420898438,0.04795084521174431,5.159971714019775,1.0098851919174194,0.14685308933258057,23.5,1.5641107559204102,0.06655790450725149,38.0,nan,0,0.6734133362770081,2.3388280868530273,nan
14.761,8000,160,1,8.43498305874017,10,8.43438720703125,0.05263955891132355,4.946415901184082,0.9680889844894409,0.07890923321247101,23.5,1.9011695384979248,0.0809008314254436,38.0,nan,0,0.7206356525421143,2.8673133850097656,nan
14.781,8000,160,1,8.435969467040549,10,8.435379028320312,0.04536152631044388,6.091054439544678,1.1921122074127197,0.09879550337791443,23.5,2.037816047668457,0.08671557649653008,38.0,nan,0,0.7700037956237793,2.318119525909424,nan
14.801,8000,160,1,8.436969244140336,10,8.436370849609375,0.046559710055589676,6.342559337615967,1.3948814868927002,-0.2714923620223999,23.5,1.4653658866882324,0.062355995178222656,38.0,nan,0,0.8195042610168457,2.0407321453094482,nan
14.821,8000,160,1,8.437974992040099,10,8.437332153320312,0.05340186506509781,4.941051006317139,0.9670390486717224,-0.04915326088666916,23.5,1.9439103603363037,0.08271958980154484,38.0,nan,0,0.8676214814186096,2.7250914573669434,nan
14.841,8000,160,1,8.438968092040149,10,8.438232421875,0.03859594836831093,8.520552635192871,1.6676020622253418,0.14962367713451385,23.5,3.029165744781494,0.12890066999070188,38.0,nan,0,0.9126294255256653,1.9648525714874268,nan
14.861,8000,160,1,8.439979242040126,10,8.439285278320312,0.05838629603385925,5.233524799346924,1.0242805480957031,-0.030675342306494713,23.5,1.685017704963684,0.07170288106228442,38.0,nan,0,0.9649925231933594,3.1266722679138184,nan
14.881,8000,160,1,8.440983971240339,10,8.440322875976562,0.048116534948349,6.270232677459717,1.2267608642578125,0.06196676194667816,23.5,2.437683582305908,0.10373121626833652,38.0,nan,0,0.01734360307455063,2.4161081314086914,nan
14.901,8000,160,1,8.441982823290154,10,8.441192626953125,0.040380511432886124,8.879965782165527,1.532077670097351,-0.12426157295703888,23.5,3.2528076171875,0.13841734541223405,38.0,nan,0,0.06027686595916748,2.000541925430298,nan
14.921,8000,160,1,8.442983702490155,10,8.442123413085938,0.05111241713166237,7.361177444458008,1.4406945705413818,0.10719721764326096,23.5,2.8009445667266846,0.11918913049900785,38.0,nan,0,0.10696209967136383,2.6165647506713867,nan
14.941,8000,160,1,8.443982979540296,10,8.44305419921875,0.04702552780508995,7.900497913360596,1.5650066137313843,-0.00037813163362443447,23.5,3.7613983154296875,0.16005950278424202,38.0,nan,0,0.15386256575584412,2.280240774154663,nan
14.961,8000,160,1,8.444964006640648,10,8.444015502929688,0.04843873903155327,7.756200313568115,1.518006682395935,-0.16350677609443665,23.5,3.3449296951293945,0.14233743383529338,38.0,nan,0,0.20205724239349365,2.5225706100463867,nan
14.98,8000,160,1,8.445949712890423,10,8.445083618164062,0.052224792540073395,7.546698093414307,1.4770039319992065,0.19214880466461182,23.5,2.8473763465881348,0.12116495091864403,38.0,nan,0,0.25527775287628174,2.500995635986328,nan
15.001,8000,160,1,8.446982479540738,10,8.446197509765625,0.05914558097720146,6.584341049194336,1.2886559963226318,-0.06269826740026474,23.5,2.2726731300354004,0.09670949489512343,38.0,nan,0,0.3105981647968292,3.0081894397735596,nan
15.021,8000,160,1,8.447987829540207,10,8.447235107421875,0.05448388308286667,5.758633136749268,1.1270523071289062,-0.04447553679347038,23.5,2.6711089611053467,0.11366421111086582,38.0,nan,0,0.362454891204834,3.137360095977783,nan
15.041,8000,160,1,8.448989629540293,10,8.448333740234375,0.046299271285533905,5.603556156158447,1.0967013835906982,0.16393832862377167,23.5,2.2059292793273926,0.0938693310352082,38.0,nan,0,0.4172372817993164,2.2136383056640625,nan
15.061,8000,160,1,8.44998706704063,10,8.449417114257812,0.056802600622177124,4.137082099914551,0.8782358169555664,0.04294739291071892,23.5,1.4977636337280273,0.06373462271183095,38.0,nan,0,0.47191327810287476,2.7593090534210205,nan
15.081,8000,160,1,8.4509862982908,10,8.450531005859375,0.05015258491039276,4.354610443115234,0.8522636890411377,-0.025131888687610626,23.5,1.2601633071899414,0.05362397051872091,38.0,nan,0,0.5274407863616943,2.29606032371521,nan
15.101,8000,160,1,8.451985829540344,10,8.45147705078125,0.0505661778151989,4.75099515914917,0.8371166586875916,0.05606351047754288,23.5,1.4552483558654785,0.06192546195172249,38.0,nan,0,0.5749154090881348,2.6471846103668213,nan
15.12,8000,160,1,8.452945573290336,10,8.452407836914062,0.044280875474214554,5.507871150970459,1.0779743194580078,0.004603710025548935,23.5,1.7294450998306274,0.07359340850343095,38.0,nan,0,0.6215745806694031,2.170193910598755,nan
15.141,8000,160,1,8.45398498164067,10,8.453460693359375,0.04855677857995033,5.617249965667725,1.099381446838379,-0.15230368077754974,23.5,1.3687667846679688,0.05824539509225399,38.0,nan,0,0.6742437481880188,2.28068208694458,nan
15.161,8000,160,1,8.454983433740553,10,8.454437255859375,0.05262647196650505,4.263273239135742,0.8067077994346619,0.18147984147071838,23.5,1.650383710861206,0.07022909407920026,38.0,nan,0,0.722996175289154,2.8200268745422363,nan
15.18,8000,160,1,8.455954077490595,10,8.45538330078125,0.042726557701826096,5.822656154632568,1.139582633972168,0.09051810204982758,23.5,2.0033555030822754,0.08524917034392661,38.0,nan,0,0.7697970867156982,2.283956289291382,nan
15.201,8000,160,1,8.456971419140599,10,8.456405639648438,0.05047745257616043,4.943486213684082,0.9675156474113464,0.038653694093227386,23.5,1.4442707300186157,0.06145832893696237,38.0,nan,0,0.8210720419883728,2.3208019733428955,nan
15.221,8000,160,1,8.457957575390163,10,8.457305908203125,0.05078722536563873,5.483424186706543,1.0731897354125977,0.0469951331615448,23.5,2.0588979721069336,0.08761267966412484,38.0,nan,0,0.8660029172897339,2.722935676574707,nan
15.241,8000,160,1,8.458989537890728,10,8.458328247070312,0.044939663261175156,5.99404239654541,1.1731255054473877,0.1067529022693634,23.5,2.2566654682159424,0.09602831779642308,38.0,nan,0,0.9172307848930359,2.3335680961608887,nan
15.261,8000,160,1,8.459986346240465,10,8.45928955078125,0.04931536689400673,5.9431562423706055,1.1631662845611572,-0.006638627499341965,23.5,2.233718156814575,0.09505183646019469,38.0,nan,0,0.9655553102493286,2.4681217670440674,nan
15.281,8000,160,1,8.460986914990633,10,8.46038818359375,0.053443778306245804,5.48363733291626,1.0732314586639404,-0.09063955396413803,23.5,1.813625693321228,0.0771755614179246,38.0,nan,0,0.020651811733841896,2.4670557975769043,nan
15.301,8000,160,1,8.461987356640735,10,8.461227416992188,0.0409705713391304,7.6647562980651855,1.5001096725463867,-0.10677526891231537,23.5,2.917001724243164,0.12412773294651762,38.0,nan,0,0.06262168288230896,1.9358141422271729,nan
15.321,8000,160,1,8.462987246240651,10,8.462173461914062,0.04818083718419075,7.326510429382324,1.4339097738265991,0.10430659353733063,23.5,2.693539619445801,0.11461870721045961,38.0,nan,0,0.10952357202768326,2.1001338958740234,nan
15.341,8000,160,1,8.463983137890306,10,8.463119506835938,0.0527435764670372,6.9033660888671875,1.3510940074920654,0.09207309782505035,23.5,3.2111470699310303,0.1366445561672779,38.0,nan,0,0.15662385523319244,2.6505887508392334,nan
15.361,8000,160,1,8.464983300390292,10,8.4639892578125,0.0437999852001667,9.216680526733398,1.803844928741455,0.056161507964134216,23.5,4.222808837890625,0.17969399310172873,38.0,nan,0,0.20063786208629608,2.657287359237671,nan
15.381,8000,160,1,8.465983246240636,10,8.465133666992188,0.05319840833544731,13.371318817138672,2.6169707775115967,1.2307236194610596,23.5,2.378115653991699,0.10119641080815742,38.0,nan,0,0.25761842727661133,2.3528246879577637,nan
15.401,8000,160,1,8.466983675390644,10,8.466217041015625,0.06032322347164154,5.437411308288574,1.064184308052063,-0.11314740031957626,23.5,2.056777000427246,0.08752242555009558,38.0,nan,0,0.31222227215766907,3.1418886184692383,nan
15.421,8000,160,1,8.467980552490177,10,8.46722412109375,0.05194924771785736,5.730339527130127,1.1215147972106934,-0.0021564518101513386,23.5,2.641362428665161,0.1123984012197941,38.0,nan,0,0.3622261583805084,2.703653335571289,nan
15.441,8000,160,1,8.46898268164076,10,8.468338012695312,0.0514649897813797,3.9642910957336426,0.7758722305297852,-0.029114723205566406,23.5,1.4240690469741821,0.060598682849965196,38.0,nan,0,0.418123334646225,2.4559452533721924,nan
15.461,8000,160,1,8.469982744140712,10,8.469436645507812,0.05138742923736572,3.924377918243408,0.7680606245994568,0.1006677970290184,23.5,1.4513241052627563,0.06175847256437261,38.0,nan,0,0.47251415252685547,2.399876832962036,nan
15.481,8000,160,1,8.470983914990198,10,8.470535278320312,0.054955899715423584,4.441577911376953,0.8692845106124878,-0.13224101066589355,23.5,0.9829201698303223,0.04182639020554563,38.0,nan,0,0.5274345874786377,2.485811233520508,nan
15.501,8000,160,1,8.471959371240505,10,8.47149658203125,0.05156916007399559,3.839264154434204,0.7514024972915649,0.02875771000981331,23.5,1.2576277256011963,0.05351607342983814,38.0,nan,0,0.5755029916763306,2.639277935028076,nan
15.521,8000,160,1,8.472985389990194,10,8.472503662109375,0.04811420664191246,5.754049777984619,1.1261552572250366,-0.1124831885099411,23.5,1.2799798250198364,0.054467226596588786,38.0,nan,0,0.6262299418449402,2.5700104236602783,nan
15.541,8000,160,1,8.473983114990537,10,8.473480224609375,0.04655962064862251,4.373984336853027,0.8560554385185242,0.07546022534370422,23.5,1.43092679977417,0.060890502118049784,38.0,nan,0,0.6752917170524597,2.316624879837036,nan
15.561,8000,160,1,8.474982479540616,10,8.474441528320312,0.05132521688938141,4.40082311630249,0.8613080978393555,0.0729871541261673,23.5,1.7042123079299927,0.07251967267787203,38.0,nan,0,0.7228881120681763,2.7372007369995117,nan
15.58,8000,160,1,8.475947185790558,10,8.475387573242188,0.044954169541597366,5.685345649719238,1.1127088069915771,0.16832754015922546,23.5,1.8730355501174927,0.0797036404305316,38.0,nan,0,0.7701914310455322,2.3593149185180664,nan
15.601,8000,160,1,8.476983637890209,10,8.476455688476562,0.049896955490112305,4.035430431365967,0.7897952795028687,-0.19198153913021088,23.5,1.2939479351043701,0.05506161425976043,38.0,nan,0,0.8237406015396118,2.1241066455841064,nan
15.621,8000,160,1,8.477983496240615,10,8.477386474609375,0.05250394344329834,4.532748222351074,0.9797594547271729,-0.027028441429138184,23.5,1.8766329288482666,0.07985672037652199,38.0,nan,0,0.8699553608894348,2.621814489364624,nan
15.641,8000,160,1,8.478982652490215,10,8.478302001953125,0.04173258692026138,7.411694526672363,1.4505815505981445,-0.1104874461889267,23.5,2.5975677967071533,0.11053479985987887,38.0,nan,0,0.9157524704933167,2.2056260108947754,nan
15.661,8000,160,1,8.479983546240677,10,8.479339599609375,0.046936772763729095,6.396672248840332,1.2519261837005615,0.12833833694458008,23.5,2.025843858718872,0.08620612164761157,38.0,nan,0,0.9677339196205139,2.020566701889038,nan
15.681,8000,160,1,8.480983754540633,10,8.480316162109375,0.06127503141760826,3.3339381217956543,0.6525025367736816,0.03463805466890335,23.5,1.4436848163604736,0.061433396440871216,38.0,nan,0,0.016474325209856033,3.229365110397339,nan
15.701,8000,160,1,8.481982839990073,10,8.481246948242188,0.041935648769140244,7.683953762054443,1.411879539489746,0.005919790826737881,23.5,2.8769900798797607,0.12242510978211747,38.0,nan,0,0.0635957196354866,2.1988658905029297,nan
15.721,8000,160,1,8.482982550390428,10,8.482208251953125,0.04580176621675491,7.146218299865723,1.3986239433288574,0.13076138496398926,23.5,2.7183303833007812,0.11567363333194813,38.0,nan,0,0.11137407273054123,1.795973300933838,nan
15.741,8000,160,1,8.483982577490664,10,8.483078002929688,0.05242343619465828,6.590252876281738,1.4315927028656006,0.04096163809299469,23.5,3.2509195804595947,0.13833700342381255,38.0,nan,0,0.1551949679851532,2.931093454360962,nan
15.761,8000,160,1,8.484983000390624,10,8.483978271484375,0.03699882701039314,9.325593948364258,1.8251608610153198,0.06072491407394409,23.5,4.809083938598633,0.2046418697276014,38.0,nan,0,0.19971436262130737,2.118079662322998,nan
15.781,8000,160,1,8.485983335790646,10,8.485122680664062,0.054091308265924454,6.922303199768066,1.3548002243041992,0.2193138599395752,23.5,2.5546350479125977,0.10870787437925948,38.0,nan,0,0.2570338845252991,2.3734288215637207,nan
15.801,8000,160,1,8.486982721240187,10,8.486190795898438,0.06054110452532768,5.328962802886963,1.042959213256836,-0.07482174038887024,23.5,2.172142505645752,0.09243159598492562,38.0,nan,0,0.3106158971786499,3.1271417140960693,nan
15.821,8000,160,1,8.487983281640467,10,8.487228393554688,0.05250951275229454,5.439453125,1.0645838975906372,0.10932675004005432,23.5,2.4266114234924316,0.10326006057414602,38.0,nan,0,0.3626886010169983,2.732994318008423,nan
15.841,8000,160,1,8.488983575390725,10,8.488296508789062,0.048627231270074844,5.664532661437988,1.108635425567627,0.052568644285202026,23.5,2.0532689094543457,0.08737314508316364,38.0,nan,0,0.4158957302570343,2.516212224960327,nan
15.861,8000,160,1,8.489956725390206,10,8.489425659179688,0.05601447448134422,4.443220138549805,0.8696058988571167,-0.1770678609609604,23.5,1.3591132164001465,0.05783460495319772,38.0,nan,0,0.4721659719944,2.3617048263549805,nan
15.88,8000,160,1,8.490947887890783,10,8.490463256835938,0.05864545330405235,2.602778673171997,0.5094034671783447,-0.05505168437957764,23.5,0.8252342939376831,0.03511635293351843,38.0,nan,0,0.524202287197113,3.01997971534729,nan
15.901,8000,160,1,8.491968792040264,10,8.49151611328125,0.052034277468919754,4.49158239364624,0.7432169318199158,0.11428497731685638,23.5,1.2224509716033936,0.05201919028099547,38.0,nan,0,0.5768268704414368,2.638198137283325,nan
15.921,8000,160,1,8.492982754540556,10,8.49249267578125,0.04556822031736374,5.011425971984863,0.9808124303817749,-0.164547398686409,23.5,1.4047000408172607,0.059774469822011095,38.0,nan,0,0.6256272196769714,2.2409603595733643,nan
15.941,8000,160,1,8.493982373290766,10,8.493499755859375,0.052575428038835526,4.864572525024414,0.9520710706710815,-0.2564343512058258,23.5,1.0119168758392334,0.04306029258890355,38.0,nan,0,0.675798237323761,2.6691529750823975,nan
15.961,8000,160,1,8.494981975390676,10,8.494476318359375,0.05161023139953613,4.2513628005981445,0.8320565223693848,0.05416407436132431,23.5,1.562556505203247,0.06649176617886157,38.0,nan,0,0.724435031414032,2.9304943084716797,nan
15.98,8000,160,1,8.495949089990592,10,8.49542236328125,0.04654916748404503,5.398715972900391,1.0566110610961914,-0.0038753559347242117,23.5,1.6686569452285767,0.07100667852036496,38.0,nan,0,0.7724199295043945,2.273946762084961,nan
16.001,8000,160,1,8.496982704540262,10,8.496429443359375,0.048596568405628204,5.256163120269775,1.0287113189697266,-0.022287575528025627,23.5,1.5829828977584839,0.06736097437270144,38.0,nan,0,0.8223408460617065,2.370371103286743,nan
16.021,8000,160,1,8.49798311289049,10,8.49737548828125,0.05138048157095909,5.253540515899658,1.028198003768921,-0.03942705690860748,23.5,2.0893566608428955,0.08890879407842109,38.0,nan,0,0.8696946501731873,2.823204278945923,nan
16.04,8000,160,1,8.498950029540703,10,8.498260498046875,0.04015282914042473,6.832121849060059,1.3371504545211792,-0.2334969937801361,23.5,2.527761459350586,0.10756431741917387,38.0,nan,0,0.9142641425132751,2.1442761421203613,nan
16.061,8000,160,1,8.49998186289011,10,8.499359130859375,0.05276254937052727,4.680729866027832,0.9160902500152588,-0.07143469899892807,23.5,1.40938401222229,0.05997378775414,38.0,nan,0,0.9686940908432007,2.3793551921844482,nan
16.081,8000,160,1,8.500982552490296,10,8.500213623046875,0.04927591234445572,6.386979103088379,1.3029308319091797,-0.039452601224184036,23.5,2.9646425247192383,0.1261550010518825,38.0,nan,0,0.011425713077187538,3.0646865367889404,nan
16.101,8000,160,1,8.5019842462403,10,8.50128173828125,0.04210631176829338,5.621252059936523,1.1001646518707275,-0.2487194985151291,23.5,2.3015284538269043,0.09793738101391082,38.0,nan,0,0.0652368813753128,2.0783753395080566,nan
16.121,8000,160,1,8.502983256640418,10,8.50225830078125,0.047369375824928284,6.507787227630615,1.273673176765442,0.20572742819786072,23.5,2.422154426574707,0.1030704011308386,38.0,nan,0,0.11352173984050751,2.0036733150482178,nan
16.141,8000,160,1,8.503984842040499,10,8.503128051757812,0.04984564334154129,7.622228622436523,1.4917863607406616,0.041072990745306015,23.5,3.426433563232422,0.14580568354180518,38.0,nan,0,0.15701983869075775,2.8687222003936768,nan
16.161,8000,160,1,8.50498352329012,10,8.504104614257812,0.04242880642414093,8.785211563110352,1.7193999290466309,0.06263788789510727,23.5,3.7781314849853516,0.16077155255256814,38.0,nan,0,0.20584924519062042,2.287301778793335,nan
16.181,8000,160,1,8.505983825390267,10,8.505157470703125,0.05147756636142731,5.719781875610352,1.1194485425949097,-0.16647624969482422,23.5,2.3456387519836426,0.09981441497802734,38.0,nan,0,0.25863081216812134,2.2452526092529297,nan
16.201,8000,160,1,8.506983287890744,10,8.506179809570312,0.05734716355800629,5.934464931488037,1.1614652872085571,-0.03337123990058899,23.5,2.5214600563049316,0.1072961726087205,38.0,nan,0,0.310178279876709,3.235621929168701,nan
16.221,8000,160,1,8.507967087890556,10,8.507217407226562,0.05120387300848961,6.885828971862793,1.3476617336273193,0.06447454541921616,23.5,2.8040359020233154,0.11932067668184321,38.0,nan,0,0.36193329095840454,2.657555103302002,nan
16.241,8000,160,1,8.508983219140628,10,8.508331298828125,0.04947712644934654,4.183453559875488,0.8187655806541443,-0.17505484819412231,23.5,1.6419904232025146,0.06987193290223466,38.0,nan,0,0.4174789786338806,2.5480329990386963,nan
16.261,8000,160,1,8.509986677490069,10,8.509490966796875,0.057244617491960526,3.327331066131592,0.6512094140052795,0.001124570262618363,23.5,0.918498158454895,0.03908502801935723,38.0,nan,0,0.4756471812725067,2.8025259971618652,nan
16.28,8000,160,1,8.510952196240378,10,8.510482788085938,0.05052774399518967,4.697091579437256,0.9192924499511719,-0.1524631828069687,23.5,1.3040401935577393,0.05549107206628678,38.0,nan,0,0.5247290730476379,2.524937391281128,nan
16.301,8000,160,1,8.511970187890238,10,8.511550903320312,0.05226384848356247,3.053388833999634,0.5975947380065918,0.024572497233748436,23.5,0.9535136818885803,0.040575050293131076,38.0,nan,0,0.5781289339065552,2.559311866760254,nan
16.321,8000,160,1,8.512982446240477,10,8.51251220703125,0.04673993960022926,3.8378219604492188,0.7511202692985535,-0.1893933266401291,23.5,1.1365129947662354,0.04836225509643555,38.0,nan,0,0.6264505982398987,2.30479097366333,nan
16.34,8000,160,1,8.513941819140728,10,8.513473510742188,0.049487508833408356,5.369952201843262,1.0509815216064453,-0.2535533308982849,23.5,1.1426284313201904,0.04862248643915704,38.0,nan,0,0.6745749115943909,2.547706127166748,nan
16.36,8000,160,1,8.514944987890322,10,8.514450073242188,0.050056952983140945,4.8116865158081055,0.9417203664779663,-0.12698528170585632,23.5,1.5503311157226562,0.06597153683926196,38.0,nan,0,0.7232783436775208,2.4035043716430664,nan
16.38,8000,160,1,8.51595094414077,10,8.515457153320312,0.0486249104142189,3.152277708053589,0.6169487833976746,-0.05532447248697281,23.5,1.277660846710205,0.05436854666851936,38.0,nan,0,0.7734613418579102,2.3129501342773438,nan
16.4,8000,160,1,8.516949754540093,10,8.516433715820312,0.04709847643971443,5.915754318237305,1.0841917991638184,0.06660936772823334,23.5,1.6519458293914795,0.07029556720814806,38.0,nan,0,0.8224871158599854,2.2331488132476807,nan
16.421,8000,160,1,8.517984969140509,10,8.51739501953125,0.04743291810154915,4.988036632537842,0.9762347936630249,-0.01217302680015564,23.5,2.0296149253845215,0.0863665925695541,38.0,nan,0,0.8704457879066467,2.3857669830322266,nan
16.44,8000,160,1,8.518952181640618,10,8.518310546875,0.04445507377386093,6.704639434814453,1.3122001886367798,-0.019824929535388947,23.5,2.1301255226135254,0.09064363926015001,38.0,nan,0,0.9164069890975952,2.078321933746338,nan
16.461,8000,160,1,8.519984294140142,10,8.51934814453125,0.04984792694449425,5.441714763641357,1.1259163618087769,0.06734547764062881,23.5,1.8801594972610474,0.08000678711749137,38.0,nan,0,0.9680949449539185,2.3421103954315186,nan
16.481,8000,160,1,8.520985035790348,10,8.520309448242188,0.04741372913122177,6.488427639007568,1.2698841094970703,0.0057415044866502285,23.5,2.589514970779419,0.11019212641614548,38.0,nan,0,0.016615597531199455,2.3748979568481445,nan
16.501,8000,160,1,8.521982748290595,10,8.521331787109375,0.05102033168077469,5.76149845123291,1.0740721225738525,-0.017707571387290955,23.5,1.9759867191314697,0.084084541239637,38.0,nan,0,0.06759650260210037,2.460047721862793,nan
16.521,8000,160,1,8.522987564990746,10,8.52227783203125,0.04738606512546539,6.7278289794921875,1.1784056425094604,-0.12762458622455597,23.5,2.3199374675750732,0.09872074330106695,38.0,nan,0,0.11466342210769653,2.1790294647216797,nan
16.543,8000,160,1,8.524096173290292,10,8.523269653320312,0.048208706080913544,7.2438530921936035,1.4177324771881104,-0.13451142609119415,23.5,3.1814825534820557,0.13538223631838534,38.0,nan,0,0.16438810527324677,2.474971294403076,nan
16.562,8000,160,1,8.525043627490215,10,8.524169921875,0.04422107711434364,7.717099666595459,1.5290398597717285,0.04072268307209015,23.5,3.4812376499176025,0.14813777233691924,38.0,nan,0,0.20970025658607483,2.3414063453674316,nan
16.581,8000,160,1,8.52598406289033,10,8.525115966796875,0.05141355097293854,7.7376275062561035,1.5143717527389526,0.051499854773283005,23.5,2.847846746444702,0.12118496793381711,38.0,nan,0,0.2570949196815491,2.568502902984619,nan
16.601,8000,160,1,8.526983158740752,10,8.52618408203125,0.05660579726099968,6.544172763824463,1.280794382095337,0.08260282874107361,23.5,2.679044246673584,0.11400188283717379,38.0,nan,0,0.31052425503730774,2.9272992610931396,nan
16.621,8000,160,1,8.527986235790724,10,8.527267456054688,0.05378790572285652,5.210417747497559,1.0197581052780151,-0.03910062834620476,23.5,2.501516342163086,0.10644750392183344,38.0,nan,0,0.36410385370254517,2.6887760162353516,nan
16.641,8000,160,1,8.528982627490752,10,8.5283203125,0.04898115620017052,5.471438407897949,1.0708439350128174,0.06597989052534103,23.5,2.1393561363220215,0.09103643133285198,38.0,nan,0,0.4170801639556885,2.3764703273773193,nan
16.661,8000,160,1,8.529983002490173,10,8.52947998046875,0.05658842623233795,4.688046455383301,0.9175221920013428,-0.023100532591342926,23.5,1.1776304244995117,0.05011193295742603,38.0,nan,0,0.47483691573143005,2.7517552375793457,nan
16.681,8000,160,1,8.53095610039016,10,8.530487060546875,0.04764933884143829,4.468511581420898,0.9800857901573181,0.009562002494931221,23.5,1.4450782537460327,0.06149269164876735,38.0,nan,0,0.5250642895698547,2.162227153778076,nan
16.701,8000,160,1,8.531983060790646,10,8.53155517578125,0.05803275480866432,2.4640655517578125,0.4822551906108856,-0.03322525694966316,23.5,0.7166529893875122,0.030495871888830305,38.0,nan,0,0.5787426233291626,2.768725872039795,nan
16.721,8000,160,1,8.532983760790358,10,8.532485961914062,0.044019799679517746,5.940407752990723,1.162628412246704,0.035997480154037476,23.5,1.6094317436218262,0.06848645717539686,38.0,nan,0,0.625433087348938,2.2362661361694336,nan
16.741,8000,160,1,8.533982825390542,10,8.533523559570312,0.05231603607535362,4.222898483276367,0.8264856338500977,0.025180501863360405,23.5,1.1527485847473145,0.04905313126584317,38.0,nan,0,0.6772966980934143,2.5496556758880615,nan
16.76,8000,160,1,8.534943154540072,10,8.534439086914062,0.053973548114299774,3.5716240406036377,0.6990212798118591,-0.08698149770498276,23.5,1.238063097000122,0.05268353604255838,38.0,nan,0,0.7231664657592773,3.0470898151397705,nan
16.781,8000,160,1,8.53598329829036,10,8.535476684570312,0.04605798050761223,5.549917221069336,1.0862033367156982,0.008433403447270393,23.5,1.58567214012146,0.06747541021793446,38.0,nan,0,0.7751603126525879,2.3706557750701904,nan
16.801,8000,160,1,8.536985648290267,10,8.5364990234375,0.04630490764975548,5.44533634185791,1.0657353401184082,0.09438428282737732,23.5,1.5127222537994385,0.06437115973614632,38.0,nan,0,0.825886607170105,1.9344563484191895,nan
16.821,8000,160,1,8.537973467040121,10,8.537368774414062,0.05205843970179558,4.0981364250183105,0.802067756652832,0.0033326006960123777,23.5,1.5694069862365723,0.06678327601006691,38.0,nan,0,0.8693668842315674,2.7484683990478516,nan
16.841,8000,160,1,8.538986117040606,10,8.53826904296875,0.042726658284664154,7.03643274307251,1.3628129959106445,-0.14417454600334167,23.5,2.543830394744873,0.10824810190403715,38.0,nan,0,0.9147029519081116,2.4121391773223877,nan
16.861,8000,160,1,8.539984962890578,10,8.539337158203125,0.05033525824546814,5.711630344390869,1.1178531646728516,0.0905793160200119,23.5,1.777747392654419,0.07564882521933698,38.0,nan,0,0.9678693413734436,2.2563893795013428,nan
16.88,8000,160,1,8.540950179540216,10,8.540313720703125,0.05655611306428909,3.8416504859924316,0.7518695592880249,-0.05381030589342117,23.5,1.64137601852417,0.06984578802230511,38.0,nan,0,0.0167088583111763,2.95682954788208,nan
16.901,8000,160,1,8.54198322954033,10,8.541229248046875,0.04780520871281624,7.33393669128418,1.3946607112884521,0.0469365194439888,23.5,2.77095890045166,0.11791314470007065,38.0,nan,0,0.06221026927232742,2.823431968688965,nan
16.921,8000,160,1,8.54298310664015,10,8.542251586914062,0.04157412797212601,7.442749500274658,1.4566595554351807,0.10028412193059921,23.5,2.874948263168335,0.12233822396461,38.0,nan,0,0.1132325530052185,1.8115200996398926,nan
16.941,8000,160,1,8.543988423290267,10,8.54315185546875,0.04930335283279419,7.145787239074707,1.398539423942566,0.053917329758405685,23.5,3.2378735542297363,0.13778185337147814,38.0,nan,0,0.15869736671447754,2.5987823009490967,nan
16.961,8000,160,1,8.544986248290645,10,8.5440673828125,0.04410693421959877,8.404539108276367,1.644896388053894,0.05658998712897301,23.5,3.9208459854125977,0.16684451001755735,38.0,nan,0,0.204189732670784,2.649418830871582,nan
16.981,8000,160,1,8.545986125390465,10,8.545166015625,0.04609784856438637,7.018121242523193,1.3735532760620117,0.09330041706562042,23.5,2.988462448120117,0.12716861481362202,38.0,nan,0,0.2590576708316803,1.9671006202697754,nan
17.001,8000,160,1,8.546983050390537,10,8.546249389648438,0.05985918268561363,5.703910827636719,1.0239883661270142,-0.03920980915427208,23.5,1.9354441165924072,0.0823593241103152,38.0,nan,0,0.3136979639530182,2.805464029312134,nan
17.021,8000,160,1,8.547984544140473,10,8.547271728515625,0.05571847781538963,5.356293678283691,1.0483083724975586,0.22827571630477905,23.5,2.2609243392944336,0.09620954635295462,38.0,nan,0,0.36451205611228943,3.1378371715545654,nan
17.041,8000,160,1,8.548982337890612,10,8.548294067382812,0.04553540050983429,6.25380277633667,1.0806570053100586,-0.299968421459198,23.5,2.157625675201416,0.09181385851920919,38.0,nan,0,0.4156137704849243,2.504857063293457,nan
17.061,8000,160,1,8.549982010790682,10,8.5494384765625,0.05391954630613327,3.751660108566284,0.7342571020126343,0.07813984155654907,23.5,1.3732467889785767,0.05843603357355645,38.0,nan,0,0.4729297161102295,2.432631015777588,nan
17.081,8000,160,1,8.550982158740208,10,8.550491333007812,0.05391291156411171,2.6096553802490234,0.510749340057373,-0.1377197802066803,23.5,0.7879816889762878,0.03353113570111863,38.0,nan,0,0.525739312171936,2.3311657905578613,nan
17.101,8000,160,1,8.551983025390637,10,8.551422119140625,0.051741037517786026,4.0942182540893555,0.8013008832931519,0.03523213043808937,23.5,1.697243571281433,0.07222313069282695,38.0,nan,0,0.5720624923706055,2.8984596729278564,nan
17.121,8000,160,1,8.55298317124032,10,8.552444458007812,0.04406991973519325,6.002663612365723,1.1748127937316895,-0.08621951937675476,23.5,1.712738275527954,0.07288247980970017,38.0,nan,0,0.62322998046875,2.21687388420105,nan
17.141,8000,160,1,8.553982154540408,10,8.553497314453125,0.05231126770377159,5.337615489959717,1.0446527004241943,-0.26701903343200684,23.5,0.9124947786331177,0.03882956504821777,38.0,nan,0,0.6759839653968811,2.5846364498138428,nan
17.161,8000,160,1,8.55498261499013,10,8.554458618164062,0.05275394767522812,4.094732761383057,0.8293553590774536,0.08615397661924362,23.5,1.5096309185028076,0.06423961355331097,38.0,nan,0,0.7236043810844421,2.898402690887451,nan
17.181,8000,160,1,8.55598345664037,10,8.555450439453125,0.045486994087696075,5.058050155639648,0.9899375438690186,-0.09762950986623764,23.5,1.6210030317306519,0.06897885241407029,38.0,nan,0,0.7736133337020874,2.181689500808716,nan
17.201,8000,160,1,8.556983387890778,10,8.556488037109375,0.046724360436201096,5.725303649902344,1.1205291748046875,0.047050219029188156,23.5,1.4823811054229736,0.06308004703927547,38.0,nan,0,0.8253002762794495,1.861802339553833,nan
17.22,8000,160,1,8.55794923579013,10,8.557357788085938,0.05044158175587654,4.994049549102783,0.977411687374115,0.1182422861456871,23.5,2.076388359069824,0.08835695144977976,38.0,nan,0,0.8689195513725281,2.7115073204040527,nan
17.241,8000,160,1,8.558977792040224,10,8.558258056640625,0.03763093799352646,7.6399030685424805,1.4952454566955566,-0.0031418120488524437,23.5,2.862544059753418,0.12181038552142204,38.0,nan,0,0.9136584401130676,1.998731255531311,nan
17.261,8000,160,1,8.559982812890649,10,8.55938720703125,0.05803590267896652,3.9765946865081787,0.8529447913169861,-0.10493245720863342,23.5,1.2770938873291016,0.054344420737408576,38.0,nan,0,0.9704194068908691,2.588653087615967,nan
17.281,8000,160,1,8.560984031640674,10,8.5604248046875,0.055388711392879486,4.143378734588623,0.8109223246574402,0.026662616059184074,23.5,1.6455433368682861,0.07002312071779941,38.0,nan,0,0.02216893434524536,2.79154372215271,nan
17.301,8000,160,1,8.561984050390292,10,8.561187744140625,0.039464958012104034,9.063212394714355,1.7738088369369507,-0.062225665897130966,23.5,3.357039451599121,0.1428527426212392,38.0,nan,0,0.0604565367102623,2.42934513092041,nan
17.321,8000,160,1,8.562984954540278,10,8.562255859375,0.04694601520895958,6.5316481590271,1.2783432006835938,0.13032443821430206,23.5,2.2719614505767822,0.0966792106628418,38.0,nan,0,0.11396856606006622,1.8230853080749512,nan
17.341,8000,160,1,8.563973575390245,10,8.563186645507812,0.05387509614229202,5.7466864585876465,1.1247141361236572,0.08509834110736847,23.5,2.713715076446533,0.11547723729559715,38.0,nan,0,0.1599319875240326,2.506216526031494,nan
17.361,8000,160,1,8.564982767040764,10,8.564071655273438,0.04074963182210922,9.293229103088379,1.818826675415039,-0.02840825729072094,23.5,4.056990623474121,0.1726378988712392,38.0,nan,0,0.20444656908512115,2.330556631088257,nan
17.38,8000,160,1,8.56594986499038,10,8.565185546875,0.05124400183558464,6.054539203643799,1.1849656105041504,-0.027979597449302673,23.5,2.4199435710906982,0.10297632217407227,38.0,nan,0,0.2600981593132019,1.9047011137008667,nan
17.401,8000,160,1,8.56698264414079,10,8.5662841796875,0.061864279210567474,4.056973934173584,0.9106395244598389,-0.10114602744579315,23.5,1.6579073667526245,0.07054924964904785,38.0,nan,0,0.3152669072151184,2.9372498989105225,nan
17.421,8000,160,1,8.567982698290125,10,8.567230224609375,0.04831074923276901,6.739694595336914,1.3190609216690063,0.01349547877907753,23.5,2.826442241668701,0.12027413794334899,38.0,nan,0,0.3626613914966583,2.674053192138672,nan
17.441,8000,160,1,8.568984094140596,10,8.568313598632812,0.04635642096400261,5.9355669021606445,1.2515603303909302,0.00878882221877575,23.5,2.2670021057128906,0.09646817471118684,38.0,nan,0,0.41695910692214966,2.2722761631011963,nan
17.461,8000,160,1,8.56998212539036,10,8.569442749023438,0.05651475861668587,3.320499897003174,0.6498724222183228,0.04172584041953087,23.5,1.1838274002075195,0.05037563405138381,38.0,nan,0,0.47300460934638977,2.7491865158081055,nan
17.481,8000,160,1,8.570955117040267,10,8.570510864257812,0.05573061853647232,2.5747079849243164,0.5039095878601074,0.11986371129751205,23.5,0.8643432855606079,0.03678056534300459,38.0,nan,0,0.5266955494880676,2.664395570755005,nan
17.501,8000,160,1,8.571982625390211,10,8.571517944335938,0.050990018993616104,4.223804473876953,0.8266629576683044,-0.018453136086463928,23.5,1.3492927551269531,0.057416712984125665,38.0,nan,0,0.5766713619232178,2.760326862335205,nan
17.521,8000,160,1,8.572985208740265,10,8.572525024414062,0.04577087610960007,5.235767364501953,1.024719476699829,-0.006312796846032143,23.5,1.5207371711730957,0.06471222004991897,38.0,nan,0,0.627507746219635,2.1802821159362793,nan
17.541,8000,160,1,8.57398400874079,10,8.573532104492188,0.04804074019193649,4.923748016357422,0.9636525511741638,0.2467418611049652,23.5,1.4138239622116089,0.060162721796238675,38.0,nan,0,0.6777392625808716,2.4172730445861816,nan
17.561,8000,160,1,8.57498260874052,10,8.574493408203125,0.05140905827283859,4.308445930480957,0.8432285189628601,0.039070624858140945,23.5,1.3958687782287598,0.05939867141398978,38.0,nan,0,0.7255522608757019,2.6332547664642334,nan
17.58,8000,160,1,8.575954696240641,10,8.575469970703125,0.04713219031691551,5.275418758392334,1.0324798822402954,-0.02557465434074402,23.5,1.6028251647949219,0.06820532616148604,38.0,nan,0,0.7743005156517029,2.3374009132385254,nan
17.601,8000,160,1,8.576969408740096,10,8.576507568359375,0.05012507364153862,4.3519463539123535,0.8517422676086426,0.038994044065475464,23.5,1.1099835634231567,0.04723334312438965,38.0,nan,0,0.82640141248703,2.1638786792755127,nan
17.621,8000,160,1,8.577985825390332,10,8.577407836914062,0.04811163619160652,5.2285614013671875,1.0233091115951538,0.0066046989522874355,23.5,2.1107544898986816,0.08981933999568859,38.0,nan,0,0.8713020086288452,2.4203224182128906,nan
17.641,8000,160,1,8.578982419140065,10,8.578323364257812,0.04260239005088806,6.976127624511719,1.3653345108032227,0.11793173849582672,23.5,2.544142961502075,0.10826140261710958,38.0,nan,0,0.9170407652854919,2.1662895679473877,nan
17.661,8000,160,1,8.57998401704024,10,8.579360961914062,0.05365629866719246,4.648500442504883,0.909782350063324,-0.12114491313695908,23.5,1.5743372440338135,0.06699307421420483,38.0,nan,0,0.9691796898841858,2.5136094093322754,nan
17.681,8000,160,1,8.58098328999038,10,8.580337524414062,0.05229713022708893,5.053648948669434,0.9890761375427246,0.10599957406520844,23.5,1.9889187812805176,0.08463484175661777,38.0,nan,0,0.01812407374382019,2.449490785598755,nan
17.701,8000,160,1,8.581963389990396,10,8.581253051757812,0.044440045952796936,7.354798793792725,1.4309614896774292,0.17981378734111786,23.5,2.6947154998779297,0.11466874467565659,38.0,nan,0,0.06344489008188248,2.2329957485198975,nan
17.721,8000,160,1,8.582983056640641,10,8.582275390625,0.05168488994240761,5.780711650848389,1.131373405456543,0.02954578772187233,23.5,1.9618737697601318,0.0834839902025588,38.0,nan,0,0.11443013697862625,2.2943899631500244,nan
17.741,8000,160,1,8.583983048290229,10,8.583221435546875,0.05209151655435562,6.642507553100586,1.3000400066375732,-0.20903825759887695,23.5,2.6554441452026367,0.1129976232001122,38.0,nan,0,0.16195344924926758,2.6318271160125732,nan
17.761,8000,160,1,8.584982458740686,10,8.584136962890625,0.04449446126818657,8.10486125946045,1.5862449407577515,0.10471796244382858,23.5,3.5280709266662598,0.15013067773047914,38.0,nan,0,0.20745538175106049,2.439265012741089,nan
17.781,8000,160,1,8.585985156640508,10,8.585205078125,0.049029506742954254,7.5103068351745605,1.469881534576416,-0.20149189233779907,23.5,2.458742380142212,0.10462733532520051,38.0,nan,0,0.26116234064102173,2.2540738582611084,nan
17.801,8000,160,1,8.58698321079062,10,8.586273193359375,0.05839046835899353,4.761202335357666,0.9318398833274841,0.00428800517693162,23.5,1.9504761695861816,0.08299898593983751,38.0,nan,0,0.31432944536209106,2.934140205383301,nan
17.821,8000,160,1,8.58798339414059,10,8.587295532226562,0.05414009466767311,5.195400714874268,1.0168191194534302,0.08669012784957886,23.5,2.245666980743408,0.09556029705291098,38.0,nan,0,0.3653915822505951,3.0290653705596924,nan
17.841,8000,160,1,8.588958562890163,10,8.588302612304688,0.04841446876525879,5.749486923217773,1.1252622604370117,-0.015471345745027065,23.5,2.129767656326294,0.09062841090750187,38.0,nan,0,0.41614505648612976,2.4996283054351807,nan
17.861,8000,160,1,8.589982948290686,10,8.589447021484375,0.05382588133215904,3.7353549003601074,0.7310659289360046,0.10383667051792145,23.5,1.249253749847412,0.05315973403606009,38.0,nan,0,0.47325706481933594,2.447519063949585,nan
17.881,8000,160,1,8.590963908740356,10,8.590530395507812,0.0555928610265255,3.3337459564208984,0.6524648666381836,-0.03210446983575821,23.5,0.9310297966003418,0.03961828921703582,38.0,nan,0,0.5272910594940186,2.6018126010894775,nan
17.901,8000,160,1,8.591982935790272,10,8.591537475585938,0.05314891040325165,4.583902359008789,0.8971395492553711,-0.031243592500686646,23.5,1.2603933811187744,0.05363376089867125,38.0,nan,0,0.5777966976165771,2.639082670211792,nan
17.921,8000,160,1,8.59298425874074,10,8.592514038085938,0.04773103445768356,3.5837113857269287,0.7013869285583496,-0.06521368771791458,23.5,1.1467527151107788,0.048797987877054416,38.0,nan,0,0.6269901394844055,2.4763126373291016,nan
17.941,8000,160,1,8.59398335664007,10,8.593521118164062,0.04700303077697754,5.070925235748291,0.9928864240646362,-0.0606987439095974,23.5,1.267637014389038,0.05394200061229949,38.0,nan,0,0.6773714423179626,2.2672767639160156,nan
17.961,8000,160,1,8.594982777490783,10,8.594497680664062,0.05303841456770897,3.503735303878784,0.6857344508171082,0.0006520452443510294,23.5,1.280155897140503,0.054474719027255446,38.0,nan,0,0.7254849076271057,2.724508285522461,nan
17.98,8000,160,1,8.595949875390193,10,8.595458984375,0.04937063530087471,3.3607263565063477,0.6192892789840698,-0.012944187968969345,23.5,1.2074611186981201,0.05138132419992,38.0,nan,0,0.7742099165916443,2.4952306747436523,nan
18.001,8000,160,1,8.596982548290521,10,8.596511840820312,0.04331579431891441,4.755458354949951,0.9307156801223755,-0.045959245413541794,23.5,1.5079824924468994,0.06416946776369785,38.0,nan,0,0.8268004059791565,1.9658645391464233,nan
18.021,8000,160,1,8.597983019140498,10,8.597427368164062,0.04636707156896591,5.762027740478516,1.1277166604995728,0.01813347637653351,23.5,2.0859627723693848,0.08876437329231425,38.0,nan,0,0.8725684285163879,2.1392385959625244,nan
18.041,8000,160,1,8.598981837890438,10,8.598236083984375,0.038799434900283813,8.520272254943848,1.523354411125183,0.1574350893497467,23.5,3.1795401573181152,0.13529958116247298,38.0,nan,0,0.9127019643783569,2.3164117336273193,nan
18.061,8000,160,1,8.59995861704008,10,8.599273681640625,0.04718300327658653,6.754307270050049,1.3219208717346191,0.14472180604934692,23.5,2.2881627082824707,0.09736862588436046,38.0,nan,0,0.9647927284240723,2.1702494621276855,nan
18.081,8000,160,1,8.600958814990715,10,8.60028076171875,0.05699322745203972,4.7686767578125,0.9339418411254883,-0.06892452389001846,23.5,1.8753869533538818,0.07980370014271837,38.0,nan,0,0.015309196896851063,2.976510524749756,nan
18.101,8000,160,1,8.601983025390634,10,8.60125732421875,0.04600823298096657,7.101498603820801,1.389871597290039,0.16455289721488953,23.5,2.782308578491211,0.11839610972303025,38.0,nan,0,0.06410668790340424,2.3132941722869873,nan
18.121,8000,160,1,8.602984060790165,10,8.602218627929688,0.04308323189616203,7.983604907989502,1.4595636129379272,0.08578427135944366,23.5,2.753009080886841,0.1171493225909294,38.0,nan,0,0.11151580512523651,2.0368573665618896,nan
18.141,8000,160,1,8.603983023290473,10,8.603225708007812,0.05140016973018646,6.9265007972717285,1.3556218147277832,-0.240090012550354,23.5,2.5350513458251953,0.10787452535426363,38.0,nan,0,0.1624903529882431,2.2677669525146484,nan
18.161,8000,160,1,8.60498259829035,10,8.6041259765625,0.0445747971534729,7.895746231079102,1.5453178882598877,0.05953408405184746,23.5,3.5216269493103027,0.14985646592809798,38.0,nan,0,0.2072909027338028,2.4234628677368164,nan
18.18,8000,160,1,8.605947277490465,10,8.605178833007812,0.05051146075129509,6.336297035217285,1.240109920501709,0.1383746713399887,23.5,2.589977264404297,0.11021179848528923,38.0,nan,0,0.25982150435447693,2.4720547199249268,nan
18.201,8000,160,1,8.606983304540314,10,8.6063232421875,0.05435916781425476,5.214209079742432,1.0930105447769165,0.09118541330099106,23.5,2.0606529712677,0.0876873604794766,38.0,nan,0,0.31689688563346863,2.6158900260925293,nan
18.221,8000,160,1,8.60798749414023,10,8.607376098632812,0.05705251544713974,4.224154949188232,0.8267314434051514,0.01506919227540493,23.5,1.7417066097259521,0.07411517488195542,38.0,nan,0,0.3697100281715393,2.9333887100219727,nan
18.241,8000,160,1,8.608985169140192,10,8.6082763671875,0.041501548141241074,6.569228172302246,1.2856981754302979,0.0930645614862442,23.5,2.745159864425659,0.11681531337981528,38.0,nan,0,0.4146767556667328,2.361463785171509,nan
18.261,8000,160,1,8.609988364990546,10,8.609420776367188,0.051214225590229034,4.312785625457764,0.9128884077072144,0.07829169183969498,23.5,1.691009521484375,0.07195785197805851,38.0,nan,0,0.4718180298805237,2.2805559635162354,nan
18.28,8000,160,1,8.61094601914008,10,8.6104736328125,0.0581430122256279,3.9625096321105957,0.7755235433578491,-0.17420744895935059,23.5,1.0388249158859253,0.044205315569613844,38.0,nan,0,0.5246935486793518,2.675267219543457,nan
18.301,8000,160,1,8.611987131640468,10,8.611526489257812,0.05214795842766762,3.7727718353271484,0.7383889555931091,0.004511912818998098,23.5,1.4529606103897095,0.06182811108041317,38.0,nan,0,0.5774331092834473,2.824293613433838,nan
18.321,8000,160,1,8.612981352490149,10,8.612518310546875,0.04810426011681557,4.534381866455078,0.887447714805603,0.0997191071510315,23.5,1.4445841312408447,0.06147166515918488,38.0,nan,0,0.6271064877510071,2.3658294677734375,nan
18.34,8000,160,1,8.613953089990517,10,8.613479614257812,0.04592730849981308,4.33951473236084,0.8493091464042664,0.1607883721590042,23.5,1.3672945499420166,0.05818274680604326,38.0,nan,0,0.6752594113349915,2.152181386947632,nan
18.361,8000,160,1,8.614985131640404,10,8.614486694335938,0.054845020174980164,3.5930089950561523,0.6672486662864685,0.087765172123909,23.5,1.2838045358657837,0.054629980249607815,38.0,nan,0,0.725337028503418,3.056957960128784,nan
18.38,8000,160,1,8.615933552490587,10,8.615371704101562,0.04418511688709259,5.879254341125488,1.1506596803665161,0.08176460862159729,23.5,1.9380744695663452,0.0824712540240998,38.0,nan,0,0.7696545124053955,2.3880529403686523,nan
18.401,8000,160,1,8.616982217040622,10,8.616500854492188,0.04790383204817772,4.917953014373779,0.9625183343887329,-0.10553412139415741,23.5,1.263185739517212,0.05375258466030689,38.0,nan,0,0.8256160020828247,1.962639570236206,nan
18.42,8000,160,1,8.617954856640408,10,8.617416381835938,0.0559508316218853,3.801335096359253,0.7439792156219482,0.019710298627614975,23.5,1.4621262550354004,0.0622181385121447,38.0,nan,0,0.8715658187866211,3.0919792652130127,nan
18.441,8000,160,1,8.618982052490155,10,8.618255615234375,0.03666369989514351,8.617834091186523,1.6866414546966553,-0.07406206429004669,23.5,3.3419041633605957,0.14220868780257853,38.0,nan,0,0.9133647084236145,2.2716827392578125,nan
18.461,8000,160,1,8.61998668164013,10,8.619308471679688,0.051145441830158234,6.41234016418457,1.2549927234649658,0.05490073561668396,23.5,1.8988373279571533,0.08080158842370865,38.0,nan,0,0.9666047096252441,2.264692544937134,nan
18.481,8000,160,1,8.620983350390434,10,8.620269775390625,0.05701104924082756,5.0260210037231445,0.9836689829826355,0.06777927279472351,23.5,2.087843418121338,0.08884440077112075,38.0,nan,0,0.014181172475218773,3.12727689743042,nan
18.501,8000,160,1,8.621982825390278,10,8.621231079101562,0.04341188445687294,6.655009746551514,1.3024868965148926,0.05207202583551407,23.5,2.9746193885803223,0.12657954845022648,38.0,nan,0,0.06279891729354858,2.1237714290618896,nan
18.521,8000,160,1,8.622984829540638,10,8.622238159179688,0.04666566848754883,6.3826584815979,1.4419931173324585,-0.025335043668746948,23.5,2.538400411605835,0.10801703879173766,38.0,nan,0,0.11290517449378967,1.9880120754241943,nan
18.541,8000,160,1,8.623983246240078,10,8.623214721679688,0.056058451533317566,5.569300651550293,1.0899970531463623,0.023031456395983696,23.5,2.398012399673462,0.10204308083716859,38.0,nan,0,0.16165581345558167,2.7683629989624023,nan
18.561,8000,160,1,8.624982692040776,10,8.624130249023438,0.046066101640462875,7.727962493896484,1.5124801397323608,0.009950131177902222,23.5,3.338977336883545,0.14208414199504446,38.0,nan,0,0.20767360925674438,2.614217519760132,nan
18.581,8000,160,1,8.625983721240464,10,8.625198364257812,0.04704534262418747,7.114727020263672,1.392460584640503,-0.19065776467323303,23.5,2.6344223022460938,0.11210307669132313,38.0,nan,0,0.26102322340011597,2.0940990447998047,nan
18.6,8000,160,1,8.626952517040609,10,8.626296997070312,0.059391945600509644,3.890655279159546,0.761460542678833,-0.0059552183374762535,23.5,1.4627776145935059,0.06224585594014918,38.0,nan,0,0.3158004879951477,2.748638153076172,nan
18.621,8000,160,1,8.627983298290182,10,8.627349853515625,0.05710596591234207,4.689468860626221,0.9178005456924438,0.004666879307478666,23.5,1.9065073728561401,0.08112797331302724,38.0,nan,0,0.3682776391506195,3.0091440677642822,nan
18.641,8000,160,1,8.628984823290356,10,8.628326416015625,0.04338671267032623,6.272809982299805,1.227684497833252,-0.03967011719942093,23.5,2.550420045852661,0.10852851258947495,38.0,nan,0,0.41757360100746155,2.2130470275878906,nan
18.661,8000,160,1,8.62998322124038,10,8.629470825195312,0.056392982602119446,3.3996384143829346,0.6653610467910767,0.10108426213264465,23.5,1.2050389051437378,0.051278251282712246,38.0,nan,0,0.47488823533058167,2.6166906356811523,nan
18.68,8000,160,1,8.630949673290141,10,8.630462646484375,0.053836576640605927,3.2934963703155518,0.6445874571800232,-0.0926399827003479,23.5,1.0683400630950928,0.045461279280642246,38.0,nan,0,0.5244434475898743,2.4804136753082275,nan
18.701,8000,160,1,8.631982983740434,10,8.6314697265625,0.050295937806367874,4.583973407745361,0.8971534967422485,-0.10738538950681686,23.5,1.551274299621582,0.06601167232432265,38.0,nan,0,0.5744474530220032,2.721163511276245,nan
18.721,8000,160,1,8.632983542040146,10,8.632492065429688,0.04671766981482506,4.991541862487793,0.9769208431243896,-0.2950606644153595,23.5,1.361477017402649,0.05793519222989996,38.0,nan,0,0.6256702542304993,2.307372808456421,nan
18.741,8000,160,1,8.63398792749065,10,8.633560180664062,0.05113813653588295,5.223598480224609,1.0223379135131836,-0.07010427862405777,23.5,1.0668842792510986,0.04539933103196164,38.0,nan,0,0.6789352297782898,2.53857421875,nan
18.761,8000,160,1,8.634986227490279,10,8.634490966796875,0.05208197608590126,4.377648830413818,0.8567726612091064,0.1145416796207428,23.5,1.4942477941513062,0.06358501251707686,38.0,nan,0,0.7258890271186829,2.868436336517334,nan
18.781,8000,160,1,8.635956660790523,10,8.635406494140625,0.042337093502283096,1.7295211553573608,0.338493674993515,-0.25916850566864014,23.5,0.6560244560241699,0.02791593429890085,38.0,nan,0,0.7715194225311279,2.1438581943511963,nan
18.801,8000,160,1,8.636986821240114,10,8.636505126953125,0.05254720523953438,3.8893282413482666,0.7612008452415466,-0.05085914582014084,23.5,1.0445054769515991,0.044447041572408474,38.0,nan,0,0.8258561491966248,2.247296094894409,nan
18.821,8000,160,1,8.637985379540604,10,8.637420654296875,0.05066640302538872,4.508686065673828,0.8824186325073242,0.055986203253269196,23.5,1.64455246925354,0.06998095613844851,38.0,nan,0,0.8722748160362244,2.6894049644470215,nan
18.841,8000,160,1,8.638964692040444,10,8.6383056640625,0.037176165729761124,7.384069442749023,1.4451749324798584,-0.09361793845891953,23.5,2.8582146167755127,0.12162615390534097,38.0,nan,0,0.9162341356277466,1.8874220848083496,nan
18.861,8000,160,1,8.639984067040476,10,8.639312744140625,0.05343766510486603,5.955162525177002,1.1655161380767822,-0.018522853031754494,23.5,1.8218328952789307,0.07752480405442258,38.0,nan,0,0.9664068222045898,2.596323013305664,nan
18.881,8000,160,1,8.640988071240262,10,8.640274047851562,0.05127529427409172,6.185348987579346,1.2105671167373657,-0.006035421974956989,23.5,2.5817275047302246,0.10986074488213722,38.0,nan,0,0.014375446364283562,2.8838436603546143,nan
18.901,8000,160,1,8.641987744140332,10,8.641220092773438,0.04363419488072395,7.130886554718018,1.3956232070922852,0.10515232384204865,23.5,2.9504876136779785,0.12555266441182888,38.0,nan,0,0.06178920716047287,2.265671730041504,nan
18.921,8000,160,1,8.642986646240733,10,8.642227172851562,0.05071384459733963,6.127913475036621,1.1993260383605957,0.03409838676452637,23.5,2.37398624420166,0.10102069124262383,38.0,nan,0,0.1122184693813324,2.3910129070281982,nan
18.941,8000,160,1,8.643983071240635,10,8.643203735351562,0.05515320599079132,5.2978949546813965,1.0368788242340088,-0.030602937564253807,23.5,2.4757258892059326,0.10535003783855032,38.0,nan,0,0.16091877222061157,2.897073745727539,nan
18.961,8000,160,1,8.644984977490074,10,8.644210815429688,0.04609011858701706,6.719903469085693,1.3159902095794678,-0.04440727084875107,23.5,3.017580032348633,0.12840766095100564,38.0,nan,0,0.21155278384685516,2.352346420288086,nan
18.98,8000,160,1,8.645951569140722,10,8.645187377929688,0.04473944008350372,8.06295108795166,1.5780425071716309,-0.017037425190210342,23.5,2.759119749069214,0.11740935102422187,38.0,nan,0,0.26065611839294434,1.8181694746017456,nan
19.0,8000,160,1,8.646939396240466,10,8.646331787109375,0.06427096575498581,3.7728230953216553,0.7383989691734314,0.002428928855806589,23.5,1.3266918659210205,0.056454973017915765,38.0,nan,0,0.3172644376754761,3.2964229583740234,nan
19.021,8000,160,1,8.647973475390588,10,8.64739990234375,0.05069068446755409,4.783907890319824,0.9362837076187134,-0.01924271695315838,23.5,1.7389371395111084,0.07399732508557907,38.0,nan,0,0.37128472328186035,2.6738266944885254,nan
19.041,8000,160,1,8.648982431640595,10,8.648422241210938,0.0470857098698616,5.418611526489258,1.0605049133300781,0.14359483122825623,23.5,2.116389751434326,0.0900591383589075,38.0,nan,0,0.42197611927986145,2.395658016204834,nan
19.061,8000,160,1,8.649985464990438,10,8.649490356445312,0.05145672708749771,4.471546649932861,0.8109886646270752,0.006762266159057617,23.5,1.4602829217910767,0.06213969879962029,38.0,nan,0,0.47528791427612305,2.5107407569885254,nan
19.082,8000,160,1,8.651006596240746,10,8.650588989257812,0.048690780997276306,4.689274311065674,0.9177624583244324,0.00957486778497696,23.5,1.242114782333374,0.05285594818439889,38.0,nan,0,0.5301992893218994,2.0944626331329346,nan
19.101,8000,160,1,8.65198047954034,10,8.651473999023438,0.04898807778954506,4.782415390014648,0.9359915256500244,-0.07673925161361694,23.5,1.6313931941986084,0.06942098698717483,38.0,nan,0,0.5744415521621704,2.6120126247406006,nan
19.121,8000,160,1,8.652957144140215,10,8.652389526367188,0.04334811121225357,4.758745193481445,0.931359052658081,-0.030226601287722588,23.5,1.8653202056884766,0.0793753279016373,38.0,nan,0,0.6206757426261902,2.194829225540161,nan
19.141,8000,160,1,8.653985627490307,10,8.65350341796875,0.05228443071246147,4.625706672668457,0.9053213000297546,-0.10890887677669525,23.5,1.1536006927490234,0.04908939118080951,38.0,nan,0,0.6758548021316528,2.4317617416381836,nan
19.161,8000,160,1,8.654958160790535,10,8.654464721679688,0.0539446622133255,4.102555274963379,0.802932620048523,0.06628133356571198,23.5,1.4679619073867798,0.062466464144118286,38.0,nan,0,0.7240875959396362,2.799053907394409,nan
19.181,8000,160,1,8.655985598290114,10,8.655441284179688,0.04461586847901344,5.300057888031006,1.0373021364212036,-0.007607867941260338,23.5,1.8933112621307373,0.08056643668641435,38.0,nan,0,0.772952675819397,2.3070969581604004,nan
19.201,8000,160,1,8.65699025664069,10,8.656463623046875,0.048873480409383774,5.1967573165893555,1.0170845985412598,0.1558295637369156,23.5,1.514683723449707,0.06445462652977477,38.0,nan,0,0.8243311643600464,2.295650005340576,nan
19.221,8000,160,1,8.657990706640682,10,8.657455444335938,0.051766712218523026,4.349598407745361,0.8512827157974243,0.03975089266896248,23.5,1.5752938985824585,0.06703378291840249,38.0,nan,0,0.8739226460456848,2.3482768535614014,nan
19.241,8000,160,1,8.658984019140167,10,8.658294677734375,0.044536761939525604,6.741518497467041,1.2282483577728271,-0.013721810653805733,23.5,2.424513101577759,0.10317077027990464,38.0,nan,0,0.9158387184143066,2.402010679244995,nan
19.261,8000,160,1,8.659985621240754,10,8.659271240234375,0.0419042594730854,6.997302055358887,1.369478702545166,0.05070836469531059,23.5,2.7453794479370117,0.11682465735902177,38.0,nan,0,0.9642584919929504,1.9463218450546265,nan
19.281,8000,160,1,8.660986883740385,10,8.6602783203125,0.05789649859070778,4.51566743850708,0.8837850093841553,-0.0268724262714386,23.5,1.8506677150726318,0.07875181766266519,38.0,nan,0,0.014933478087186813,2.889003276824951,nan
19.301,8000,160,1,8.661983896240397,10,8.66119384765625,0.0463884137570858,7.901602745056152,1.546464204788208,0.0005637682043015957,23.5,3.135556697845459,0.13342794458916846,38.0,nan,0,0.060433659702539444,2.639805555343628,nan
19.32,8000,160,1,8.662946167040333,10,8.662155151367188,0.04487396776676178,7.6109700202941895,1.489582896232605,0.09086054563522339,23.5,2.728977680206299,0.11612670979601272,38.0,nan,0,0.1087922528386116,2.052578926086426,nan
19.34,8000,160,1,8.663938796240087,10,8.663116455078125,0.05691227689385414,5.96677303314209,1.1677885055541992,0.08110956102609634,23.5,2.6083648204803467,0.11099424768001476,38.0,nan,0,0.15701453387737274,2.9788973331451416,nan
19.361,8000,160,1,8.664980798290323,10,8.664199829101562,0.05004173517227173,5.870538711547852,1.148953914642334,-0.16088639199733734,23.5,2.4806129932403564,0.10555799971235559,38.0,nan,0,0.2108398973941803,2.687769889831543,nan
19.381,8000,160,1,8.665977387890576,10,8.665267944335938,0.048328693956136703,5.8332672119140625,1.0979185104370117,0.16251523792743683,23.5,2.412747859954834,0.1026701217002057,38.0,nan,0,0.2641233801841736,2.386232614517212,nan
19.401,8000,160,1,8.666984992040648,10,8.6663818359375,0.05763662979006767,4.892515659332275,0.9575399160385132,0.16268986463546753,23.5,1.426513910293579,0.060702719586960815,38.0,nan,0,0.32019510865211487,2.8484861850738525,nan
19.421,8000,160,1,8.667990104540491,10,8.667495727539062,0.058103594928979874,3.3138837814331055,0.6485775709152222,-0.058499179780483246,23.5,1.1099051237106323,0.04723000526428223,38.0,nan,0,0.37597545981407166,2.7819297313690186,nan
19.441,8000,160,1,8.66898323579078,10,8.668487548828125,0.05335838347673416,3.3882393836975098,0.6631301045417786,-0.11481121182441711,23.5,1.5205096006393433,0.06470253619741886,38.0,nan,0,0.42509323358535767,2.978583812713623,nan
19.461,8000,160,1,8.669982542040067,10,8.669479370117188,0.044504471123218536,4.7982258796691895,0.9390859603881836,0.06139858067035675,23.5,1.8704112768173218,0.07959196922626902,38.0,nan,0,0.47525614500045776,2.265852689743042,nan
19.481,8000,160,1,8.670984492040567,10,8.670578002929688,0.0495852492749691,4.85227632522583,0.9496644735336304,0.03314889967441559,23.5,1.1757042407989502,0.05002996769357235,38.0,nan,0,0.5300478935241699,2.0226798057556152,nan
19.501,8000,160,1,8.671983381640144,10,8.671432495117188,0.046543654054403305,5.007952690124512,1.0728740692138672,-9.7374759207014e-06,23.5,1.8240761756896973,0.07762026279530626,38.0,nan,0,0.572517454624176,2.3554251194000244,nan
19.521,8000,160,1,8.67298495874054,10,8.67242431640625,0.044971249997615814,5.920231819152832,1.0453886985778809,-0.022922463715076447,23.5,1.792311668395996,0.07626858163387218,38.0,nan,0,0.622456967830658,2.2036216259002686,nan
19.541,8000,160,1,8.673984071240534,10,8.673507690429688,0.05267039313912392,5.1001505851745605,0.9981772303581238,-0.12739111483097076,23.5,1.0753324031829834,0.045758825667360996,38.0,nan,0,0.6761123538017273,2.306008815765381,nan
19.561,8000,160,1,8.674983375390708,10,8.674468994140625,0.05371546745300293,3.871356725692749,0.856061577796936,-0.11974029988050461,23.5,1.421693205833435,0.060497583226954685,38.0,nan,0,0.7245724201202393,2.755117654800415,nan
19.581,8000,160,1,8.675983135790718,10,8.6754150390625,0.0442332923412323,5.376241683959961,1.0522124767303467,-0.2276679277420044,23.5,1.807422399520874,0.07691159146897336,38.0,nan,0,0.7713754177093506,2.342594623565674,nan
19.6,8000,160,1,8.676942677490276,10,8.676406860351562,0.04866865649819374,6.390697479248047,1.2507569789886475,0.045667864382267,23.5,1.5885682106018066,0.06759864725965134,38.0,nan,0,0.8212572932243347,2.193023443222046,nan
19.621,8000,160,1,8.67798332749078,10,8.67742919921875,0.057963769882917404,4.009965419769287,0.7848113775253296,0.10042725503444672,23.5,1.333587408065796,0.056748400343225355,38.0,nan,0,0.8722785115242004,2.813214063644409,nan
19.641,8000,160,1,8.678983189990666,10,8.678268432617188,0.04158950224518776,7.105709075927734,1.390695571899414,-0.08647386729717255,23.5,2.7543880939483643,0.11720800399780273,38.0,nan,0,0.9144037961959839,2.5346953868865967,nan
19.661,8000,160,1,8.679982944140628,10,8.679306030273438,0.04185405746102333,6.889620304107666,1.3484036922454834,0.046409301459789276,23.5,2.5764331817626953,0.10963545454309341,38.0,nan,0,0.9659997224807739,1.7775789499282837,nan
19.681,8000,160,1,8.680986410790482,10,8.680267333984375,0.06029234826564789,5.198587417602539,1.0174428224563599,-0.12206685543060303,23.5,1.991004467010498,0.08472359434087226,38.0,nan,0,0.014084689319133759,3.0725884437561035,nan
19.701,8000,160,1,8.681983806640327,10,8.68115234375,0.04390046373009682,7.69172477722168,1.505387783050537,-0.08313651382923126,23.5,3.413914203643799,0.14527294483590633,38.0,nan,0,0.058764439076185226,2.663036346435547,nan
19.721,8000,160,1,8.6829846462402,10,8.682174682617188,0.046122703701257706,6.6182756423950195,1.295297384262085,-0.0528494231402874,23.5,2.704948663711548,0.11510419845581055,38.0,nan,0,0.10979969799518585,2.139902353286743,nan
19.741,8000,160,1,8.683956042040498,10,8.683151245117188,0.05699373409152031,5.287177562713623,1.0347812175750732,-0.048946138471364975,23.5,2.3223989009857178,0.09882548514832841,38.0,nan,0,0.15863296389579773,2.8239545822143555,nan
19.761,8000,160,1,8.68498352329041,10,8.684188842773438,0.05150333791971207,6.8465800285339355,1.3399800062179565,0.17217698693275452,23.5,2.941067695617676,0.1251518168347947,38.0,nan,0,0.21059079468250275,2.9124648571014404,nan
19.78,8000,160,1,8.685946856640637,10,8.685211181640625,0.04751721769571304,6.822575569152832,1.3352820873260498,-0.1310555338859558,23.5,2.541799783706665,0.10816169292368788,38.0,nan,0,0.26164212822914124,2.4338319301605225,nan
19.801,8000,160,1,8.68698285664066,10,8.6864013671875,0.057526834309101105,4.503665447235107,0.8814359903335571,0.10314237326383591,23.5,1.457414984703064,0.062017658923534634,38.0,nan,0,0.3211539089679718,2.527204751968384,nan
19.82,8000,160,1,8.687936902490744,10,8.687423706054688,0.06089368090033531,3.0926904678344727,0.6052866578102112,0.11829903721809387,23.5,1.0323487520217896,0.04392973412858679,38.0,nan,0,0.3724553883075714,3.0914371013641357,nan
19.841,8000,160,1,8.68898346499043,10,8.688400268554688,0.04739570617675781,5.274333477020264,1.0328762531280518,-0.07959633320569992,23.5,1.8971539735794067,0.08072995632252794,38.0,nan,0,0.4209430515766144,2.603898525238037,nan
19.86,8000,160,1,8.689948573290145,10,8.689437866210938,0.04720110818743706,3.9863717555999756,0.7801937460899353,0.044645845890045166,23.5,1.6144495010375977,0.06869997876755735,38.0,nan,0,0.4731666147708893,2.1883862018585205,nan
19.88,8000,160,1,8.690947464990291,10,8.690521240234375,0.05516880005598068,3.666621446609497,0.717613697052002,-0.08479809015989304,23.5,0.855372428894043,0.036398826761448635,38.0,nan,0,0.5273731350898743,2.4316723346710205,nan
19.901,8000,160,1,8.691973514990218,10,8.69146728515625,0.04994706064462662,4.5406622886657715,0.8886768221855164,-0.09675391018390656,23.5,1.6944283246994019,0.072103332965932,38.0,nan,0,0.5739778280258179,2.649217128753662,nan
19.921,8000,160,1,8.692988152490557,10,8.692413330078125,0.04380250349640846,6.560603618621826,1.2840101718902588,-0.1260266751050949,23.5,2.2179508209228516,0.09438088599671708,38.0,nan,0,0.6219353675842285,2.2993781566619873,nan
19.941,8000,160,1,8.69398315874057,10,8.693450927734375,0.05046015977859497,4.02634334564209,0.7880167365074158,0.0710231363773346,23.5,1.3722394704818726,0.05839316895667543,38.0,nan,0,0.6733148694038391,2.3538758754730225,nan
19.961,8000,160,1,8.694981598290155,10,8.694442749023438,0.054959170520305634,4.2589521408081055,0.8335418701171875,0.029506515711545944,23.5,1.454006552696228,0.06187261926366928,38.0,nan,0,0.722812831401825,2.8124704360961914,nan
19.98,8000,160,1,8.695946589990466,10,8.695343017578125,0.04383666813373566,6.2875518798828125,1.2305697202682495,-0.01582837849855423,23.5,2.1631274223327637,0.09204797541841547,38.0,nan,0,0.7684457302093506,2.1905949115753174,nan
20.0,8000,160,1,8.696929931640625,10,8.696380615234375,0.05259360373020172,5.384246826171875,1.053779125213623,-0.09421151876449585,23.5,1.4706758260726929,0.06258195004564651,38.0,nan,0,0.820000946521759,2.4235613346099854,nan
20.021,8000,160,1,8.696929931640625,10,8.697372436523438,0.05677080899477005,5.141417503356934,1.0062538385391235,0.1699688881635666,23.5,1.749516487121582,0.07444751009028008,38.0,nan,0,0.8698931932449341,3.115760564804077,nan
20.041,8000,160,1,8.696929931640625,10,8.698287963867188,0.03968758136034012,6.285310745239258,1.2301311492919922,0.3853026032447815,23.5,2.1870675086975098,0.09306670249776637,38.0,nan,0,0.9154928922653198,1.902833342552185,nan
20.061,8000,160,1,8.696929931640625,10,8.69915771484375,0.04071308672428131,5.182305812835693,1.014256238937378,0.11277326941490173,23.5,1.4955976009368896,0.06364245110369743,38.0,nan,0,0.9584991931915283,1.8421703577041626,nan
20.08,8000,160,1,8.696929931640625,10,8.699737548828125,0.02987738512456417,6.4630537033081055,1.2649182081222534,0.06297601014375687,23.5,2.0369744300842285,0.08667976298230759,38.0,nan,0,0.9875226616859436,1.4576994180679321,nan
20.101,8000,160,1,8.696929931640625,10,8.700332641601562,0.030232379212975502,6.129938125610352,1.199722409248352,0.014579668641090393,23.5,1.817505121231079,0.07734064345664167,38.0,nan,0,0.01769263483583927,1.45600163936615,nan
20.121,8000,160,1,8.696929931640625,10,8.700775146484375,0.016632264479994774,6.744460582733154,1.3199937343597412,0.008564917370676994,23.5,1.6842344999313354,0.07166955318856746,38.0,nan,0,0.039917588233947754,0.6884201765060425,nan
0.0,8000,160,-1,8.700790394873184,10,8.700820922851562,0.014014697633683681,7.459828853607178,1.5650050640106201,-0.002600729698315263,23.5,1.7961950302124023,0.07643383107286819,38.0,nan,0,0.041509903967380524,0.5665164589881897,nan
0.021,8000,160,-1,8.69976264487341,10,8.701126098632812,0.020295845344662666,6.513501167297363,1.2747914791107178,0.21270236372947693,23.5,1.1654812097549438,0.04959494509595506,38.0,nan,0,0.05685104802250862,0.8904274106025696,nan
0.041,8000,160,-1,8.698738309473267,10,8.701309204101562,0.007777421735227108,6.152096748352051,1.20405912399292,-0.11342722177505493,23.5,1.5189690589904785,0.06463698123363738,38.0,nan,0,0.066201351583004,0.25078675150871277,nan
0.061,8000,160,-1,8.697736438622817,10,8.701431274414062,0.004422137513756752,5.953013896942139,1.165095567703247,-0.036358077079057693,23.5,1.1687790155410767,0.04973527725706709,38.0,nan,0,0.07253219187259674,0.1392291784286499,nan
0.081,8000,160,-1,8.696733353222955,10,8.701446533203125,0.0003875507682096213,5.474978446960449,0.9798905849456787,0.1096026822924614,23.5,0.7751798629760742,0.03298637714791805,38.0,nan,0,0.07338426262140274,-0.0014325284864753485,nan
0.101,8000,160,-1,8.69573711987323,10,8.701446533203125,-0.0001949691795744002,3.3345844745635986,0.652629017829895,0.03217252716422081,23.5,0.16897043585777283,0.007190231313096716,38.0,nan,0,0.07329516857862473,-0.0017750838305801153,nan
0.121,8000,160,-1,8.694736599022873,10,8.701446533203125,-0.0008096268866211176,-0.30925506353378296,-0.06052593141794205,-0.18395590782165527,23.5,0.011629714630544186,0.0004948814736401782,38.0,nan,0,0.07280643284320831,-0.09845224767923355,nan
0.141,8000,160,-1,8.693754211522903,10,8.701400756835938,-0.0014646864729002118,-3.6149866580963135,-0.7075080275535583,-0.35888463258743286,23.5,0.31772297620773315,0.013520126647137582,38.0,nan,0,0.071045882999897,-0.07695040851831436,nan
0.161,8000,160,-1,8.692735899022956,10,8.701309204101562,-0.009614599868655205,-7.667062282562256,-1.500560998916626,0.13675233721733093,23.5,1.6558717489242554,0.0704626276137981,38.0,nan,0,0.06591716408729553,-0.6717285513877869,nan
0.181,8000,160,-1,8.691749344873099,10,8.700836181640625,-0.02969476394355297,-7.033492088317871,-1.3765616416931152,0.020796315744519234,23.5,2.176976203918457,0.09263728527312583,38.0,nan,0,0.04249768704175949,-1.6222333908081055,nan
0.201,8000,160,-1,8.69073625527308,10,8.700042724609375,-0.04057154431939125,-6.652312755584717,-1.2113218307495117,0.08284520357847214,23.5,1.7431304454803467,0.07417576363746156,38.0,nan,0,0.0030245736707001925,-2.149226188659668,nan
0.221,8000,160,-1,8.68973724277312,10,8.699066162109375,-0.05268608033657074,-4.7188286781311035,-0.9235466718673706,-0.24223551154136658,23.5,1.657287836074829,0.07052288664148208,38.0,nan,0,0.9541037678718567,-2.6585865020751953,nan
0.241,8000,160,-1,8.688735009473024,10,8.698013305664062,-0.0517960861325264,-5.030213356018066,-0.9844894409179688,0.009706521406769753,23.5,1.8297275304794312,0.07786074597784813,38.0,nan,0,0.9016096591949463,-2.8122737407684326,nan
0.261,8000,160,-1,8.687737169873438,10,8.696868896484375,-0.055526431649923325,-5.79026985168457,-1.1332440376281738,0.09042426943778992,23.5,2.0349278450012207,0.0865926742553711,38.0,nan,0,0.8443824648857117,-2.7359402179718018,nan
0.281,8000,160,-1,8.686736974023374,10,8.695632934570312,-0.06276516616344452,-4.893310546875,-0.9576954245567322,-0.1428256332874298,23.5,2.1855392456054688,0.09300167002576462,38.0,nan,0,0.7819780707359314,-2.943535327911377,nan
0.301,8000,160,-1,8.68573764277317,10,8.694259643554688,-0.07067036628723145,-5.670867443084717,-1.109875202178955,0.003798033809289336,23.5,2.2368669509887695,0.09518582770164977,38.0,nan,0,0.7136231064796448,-3.397509813308716,nan
0.321,8000,160,-1,8.684736234472807,10,8.692794799804688,-0.07479436695575714,-7.098151206970215,-1.389216423034668,0.007091266568750143,23.5,2.872765064239502,0.122245321882532,38.0,nan,0,0.6406774520874023,-3.536201000213623,nan
0.341,8000,160,-1,8.683759932372782,10,8.691253662109375,-0.08202719688415527,-6.854233741760254,-1.3013269901275635,0.07571098208427429,23.5,3.0127034187316895,0.12820014547794423,38.0,nan,0,0.5635119080543518,-3.969067335128784,nan
0.361,8000,160,-1,8.682737611523049,10,8.68939208984375,-0.09450443089008331,-5.011011600494385,-0.9807313680648804,0.2821381688117981,23.5,2.2042832374572754,0.0937992867003096,38.0,nan,0,0.4703054130077362,-4.632938861846924,nan
0.381,8000,160,-1,8.681762863622867,10,8.687530517578125,-0.09341203421354294,-5.071384429931641,-0.9925472736358643,-0.16563770174980164,23.5,3.242797374725342,0.13799137764788688,38.0,nan,0,0.376809298992157,-4.993901252746582,nan
0.401,8000,160,-1,8.680737061522818,10,8.68560791015625,-0.09291258454322815,-6.589184761047363,-1.2896039485931396,-0.03856932371854782,23.5,4.011202335357666,0.17068946107904961,38.0,nan,0,0.28096702694892883,-4.607354164123535,nan
0.421,8000,160,-1,8.679735630273358,10,8.68377685546875,-0.08914532512426376,-7.728122711181641,-1.5125114917755127,-0.002369961701333523,23.5,4.295517921447754,0.18278799665735124,38.0,nan,0,0.18910996615886688,-4.510654449462891,nan
0.441,8000,160,-1,8.678737640722835,10,8.6820068359375,-0.08660224080085754,-8.070863723754883,-1.5795910358428955,-0.15288980305194855,23.5,4.610475540161133,0.196190448517495,38.0,nan,0,0.10078492015600204,-4.436887264251709,nan
0.461,8000,160,-1,8.677736871973325,10,8.680328369140625,-0.08684774488210678,-6.328071117401123,-1.1874053478240967,-0.02767442725598812,23.5,3.2635903358459473,0.13887618450408287,38.0,nan,0,0.01712982915341854,-4.642151355743408,nan
0.48,8000,160,-1,8.676772744872874,10,8.678604125976562,-0.08974189311265945,-3.556380033493042,-0.696037769317627,-0.043697573244571686,23.5,1.468245029449463,0.062478511891466505,38.0,nan,0,0.9303755760192871,-4.56711483001709,nan
0.501,8000,160,-1,8.675736788623185,10,8.677001953125,-0.07467494159936905,-4.491315841674805,-0.812064528465271,-0.034418947994709015,23.5,1.659437656402588,0.07061436835755693,38.0,nan,0,0.8506342768669128,-3.4523158073425293,nan
0.521,8000,160,-1,8.674757419872916,10,8.675689697265625,-0.06593811511993408,-4.8538055419921875,-0.9499637484550476,-0.023044638335704803,23.5,1.6935195922851562,0.07206466350149601,38.0,nan,0,0.7848948836326599,-2.977818012237549,nan
0.541,8000,160,-1,8.673747278223168,10,8.674423217773438,-0.0628943145275116,-4.107953071594238,-0.803989052772522,0.05192555487155914,23.5,1.3536949157714844,0.057604038968999335,38.0,nan,0,0.7221333980560303,-3.0473439693450928,nan
0.561,8000,160,-1,8.672733694873028,10,8.67333984375,-0.05464247986674309,-3.3379833698272705,-0.6532942652702332,-0.012899334542453289,23.5,1.252341628074646,0.0532911331095594,38.0,nan,0,0.6676155924797058,-2.7108616828918457,nan
0.581,8000,160,-1,8.6717401365233,10,8.672393798828125,-0.042935311794281006,-5.48590087890625,-1.0736744403839111,0.2240760624408722,23.5,1.7783972024917603,0.07567647670177703,38.0,nan,0,0.620283305644989,-2.1631956100463867,nan
0.601,8000,160,-1,8.670734317773173,10,8.671417236328125,-0.04685535281896591,-5.256795406341553,-1.0288350582122803,0.015561066567897797,23.5,1.7629047632217407,0.07501722396688258,38.0,nan,0,0.5717693567276001,-2.303748846054077,nan
0.622,8000,160,-1,8.669689709472737,10,8.670364379882812,-0.05504925549030304,-3.5764687061309814,-0.8571705222129822,-0.22983765602111816,23.5,1.6594810485839844,0.07061621483336104,38.0,nan,0,0.5185671448707581,-3.008094072341919,nan
0.641,8000,160,-1,8.668731199023027,10,8.669281005859375,-0.05437769740819931,-4.077380180358887,-0.5814591646194458,0.1681751310825348,23.5,0.8216135501861572,0.03496227873132584,38.0,nan,0,0.46492746472358704,-2.6381847858428955,nan
0.661,8000,160,-1,8.667734263623428,10,8.668182373046875,-0.05043914169073105,-2.644465923309326,-0.609037458896637,-0.0349336713552475,23.5,0.9921292662620544,0.042218266649449124,38.0,nan,0,0.4095967411994934,-2.175356864929199,nan
0.68,8000,160,-1,8.66677823652281,10,8.667266845703125,-0.05195087939500809,-3.5782814025878906,-0.7003242373466492,-0.022243104875087738,23.5,1.0662126541137695,0.04537075123888381,38.0,nan,0,0.36406490206718445,-2.535327434539795,nan
0.701,8000,160,-1,8.665737332373105,10,8.666366577148438,-0.04365134239196777,-5.645017147064209,-1.1048158407211304,-0.21409446001052856,23.5,2.1494390964508057,0.09146549346599173,38.0,nan,0,0.3189506232738495,-2.2694284915924072,nan
0.721,8000,160,-1,8.664752824023166,10,8.66546630859375,-0.04212912172079086,-7.106109619140625,-1.3907740116119385,0.08520081639289856,23.5,2.3715362548828125,0.10091643637799202,38.0,nan,0,0.27425873279571533,-2.089857578277588,nan
0.741,8000,160,-1,8.663738696972727,10,8.664520263671875,-0.04584624618291855,-5.66972541809082,-1.1096516847610474,-0.022580865770578384,23.5,2.2765555381774902,0.09687470375223363,38.0,nan,0,0.22651217877864838,-2.2022593021392822,nan
0.761,8000,160,-1,8.662735859472745,10,8.663543701171875,-0.051614049822092056,-6.000434875488281,-1.1743766069412231,0.0919668897986412,23.5,2.1598265171051025,0.09190751136617457,38.0,nan,0,0.1779899150133133,-2.488543748855591,nan
0.78,8000,160,-1,8.661767107372729,10,8.66259765625,-0.04695833474397659,-6.7413330078125,-1.319381594657898,0.04109679162502289,23.5,2.6319162845611572,0.11199643764090031,38.0,nan,0,0.1308920532464981,-2.4228579998016357,nan
0.801,8000,160,-1,8.66073545112304,10,8.66156005859375,-0.04535209387540817,-6.418354034423828,-1.2561696767807007,0.13178470730781555,23.5,2.4759573936462402,0.10535988909132937,38.0,nan,0,0.07871431112289429,-2.072138786315918,nan
0.821,8000,160,-1,8.659741340723125,10,8.660614013671875,-0.05034571886062622,-6.6033935546875,-1.2923848628997803,-0.008752185851335526,23.5,2.739915132522583,0.11659213329883332,38.0,nan,0,0.03130396082997322,-2.4686055183410645,nan
0.841,8000,160,-1,8.658733851122818,10,8.659515380859375,-0.05601656809449196,-5.286351680755615,-1.0720571279525757,0.04187919199466705,23.5,1.9815521240234375,0.08432136697972074,38.0,nan,0,0.976545512676239,-3.0286736488342285,nan
0.86,8000,160,-1,8.657778321972732,10,8.65838623046875,-0.058799613267183304,-2.02209734916687,-0.39575526118278503,0.02193783037364483,23.5,0.7769112586975098,0.03306005356159616,38.0,nan,0,0.9200330972671509,-2.8059539794921875,nan
0.88,8000,160,-1,8.656777644873367,10,8.657379150390625,-0.052411094307899475,-3.8919925689697266,-0.7617222666740417,-0.1408229023218155,23.5,1.2798218727111816,0.05446050522175241,38.0,nan,0,0.8699039220809937,-2.7794792652130127,nan
0.901,8000,160,-1,8.655736180273383,10,8.656356811523438,-0.04741615802049637,-5.234972953796387,-1.0245640277862549,0.018956664949655533,23.5,1.705169439315796,0.07256040167301259,38.0,nan,0,0.818595290184021,-2.4469876289367676,nan
0.921,8000,160,-1,8.654736640723426,10,8.655380249023438,-0.04644157737493515,-4.352209091186523,-0.851793646812439,-0.14706096053123474,23.5,1.8134922981262207,0.07716988502664769,38.0,nan,0,0.7694368362426758,-2.339958667755127,nan
0.941,8000,160,-1,8.653737836523218,10,8.654327392578125,-0.05307890847325325,-2.8491296768188477,-0.5576181411743164,0.05926051735877991,23.5,1.0314453840255737,0.04389129293725846,38.0,nan,0,0.7166712880134583,-2.5482847690582275,nan
0.961,8000,160,-1,8.652741117773262,10,8.653366088867188,-0.050461944192647934,-3.7999463081359863,-0.7437074184417725,-0.02815329097211361,23.5,1.2605226039886475,0.05363925974419777,38.0,nan,0,0.668635368347168,-2.664564371109009,nan
0.981,8000,160,-1,8.651732921972876,10,8.652389526367188,-0.04431413114070892,-5.23090934753418,-1.023768663406372,0.04458680376410484,23.5,1.747615098953247,0.07436659995545732,38.0,nan,0,0.6202617883682251,-2.3533077239990234,nan
1.001,8000,160,-1,8.650737271973053,10,8.651382446289062,-0.04891738295555115,-5.331103324890137,-1.043378233909607,0.07582582533359528,23.5,1.4482234716415405,0.06162653070815066,38.0,nan,0,0.5699924826622009,-2.3608198165893555,nan
1.021,8000,160,-1,8.64973740322312,10,8.650405883789062,-0.05267892777919769,-4.4567179679870605,-0.8722476363182068,0.11102800816297531,23.5,1.2576208114624023,0.053515779211166056,38.0,nan,0,0.5211869478225708,-2.9397132396698,nan
1.041,8000,160,-1,8.648736053222823,10,8.6492919921875,-0.05236100032925606,-3.5769503116607666,-0.7000637054443359,0.056759174913167953,23.5,1.1618711948394775,0.04944132743997777,38.0,nan,0,0.46538782119750977,-2.632063865661621,nan
1.061,8000,160,-1,8.647763269873398,10,8.64825439453125,-0.054117344319820404,-3.030951976776123,-0.5932034850120544,-0.07637107372283936,23.5,0.979848325252533,0.041695673415001404,38.0,nan,0,0.4132389724254608,-2.4420254230499268,nan
1.081,8000,160,-1,8.646736311523277,10,8.647262573242188,-0.04839390143752098,-4.9501824378967285,-0.968826174736023,-0.1484399139881134,23.5,1.5460820198059082,0.06579072424705992,38.0,nan,0,0.36360856890678406,-2.4646596908569336,nan
1.101,8000,160,-1,8.645743701123141,10,8.646347045898438,-0.045923762023448944,-4.915443420410156,-0.9620272517204285,-0.10992538928985596,23.5,1.9202163219451904,0.08171133284873151,38.0,nan,0,0.31771624088287354,-2.3116517066955566,nan
1.121,8000,160,-1,8.644751644873034,10,8.6455078125,-0.03956437110900879,-6.744400501251221,-1.3199820518493652,0.010221332311630249,23.5,2.6777291297912598,0.11394592041664935,38.0,nan,0,0.2759888768196106,-2.1573104858398438,nan
1.141,8000,160,-1,8.643743146973433,10,8.644515991210938,-0.04790294170379639,-5.137299060821533,-1.0054477453231812,0.04076840728521347,23.5,1.9739198684692383,0.08399659014762716,38.0,nan,0,0.22620032727718353,-2.1880810260772705,nan
1.161,8000,160,-1,8.64273434697316,10,8.643539428710938,-0.05226517096161842,-5.67502498626709,-1.1106889247894287,-0.3194703161716461,23.5,2.377659559249878,0.1011770025212714,38.0,nan,0,0.17746883630752563,-2.579442262649536,nan
1.181,8000,160,-1,8.641740821972784,10,8.642562866210938,-0.04589901491999626,-6.2876434326171875,-1.2305877208709717,0.014354972168803215,23.5,2.670612335205078,0.11364307809383312,38.0,nan,0,0.1291147619485855,-2.4703497886657715,nan
1.201,8000,160,-1,8.640756361523385,10,8.641555786132812,-0.048080187290906906,-5.508925437927246,-1.0781806707382202,-0.0390763133764267,23.5,2.2917163372039795,0.09751984413633956,38.0,nan,0,0.0786069929599762,-2.3033034801483154,nan
1.22,8000,160,-1,8.639767763623244,10,8.640609741210938,-0.04989347979426384,-5.509144306182861,-1.0782235860824585,-0.005724504590034485,23.5,2.2205662727355957,0.09449218181853598,38.0,nan,0,0.031036071479320526,-2.603522539138794,nan
1.241,8000,160,-1,8.63873478652313,10,8.63958740234375,-0.053251173347234726,-5.549835205078125,-1.0357463359832764,-0.019944189116358757,23.5,2.1557345390319824,0.09173338463965883,38.0,nan,0,0.9799904823303223,-2.836402416229248,nan
1.261,8000,160,-1,8.637733205273255,10,8.638381958007812,-0.05977080389857292,-4.139542102813721,-0.8101714849472046,0.05201901122927666,23.5,1.0719163417816162,0.0456134613524092,38.0,nan,0,0.919600248336792,-2.9200403690338135,nan
1.281,8000,160,-1,8.63673363447306,10,8.637298583984375,-0.052605755627155304,-3.6870293617248535,-0.7216078639030457,-0.08492450416088104,23.5,1.2171717882156372,0.051794544179388814,38.0,nan,0,0.8657556772232056,-2.497499942779541,nan
1.3,8000,160,-1,8.635776019872722,10,8.636367797851562,-0.0483814999461174,-4.308289527893066,-0.8431980013847351,0.13881216943264008,23.5,1.3588050603866577,0.057821491931347134,38.0,nan,0,0.8190171122550964,-2.607536554336548,nan
1.32,8000,160,-1,8.634777478223262,10,8.635391235351562,-0.04513925313949585,-4.397858619689941,-0.8607279658317566,-0.07954049110412598,23.5,1.8411364555358887,0.07834623215046335,38.0,nan,0,0.77039635181427,-2.1641845703125,nan
1.341,8000,160,-1,8.63374133027319,10,8.634323120117188,-0.05292326211929321,-3.77496600151062,-0.8758562803268433,0.2220180481672287,23.5,1.0079103708267212,0.04288980301390303,38.0,nan,0,0.716414213180542,-2.581892967224121,nan
1.361,8000,160,-1,8.632751369872862,10,8.6334228515625,-0.04831000789999962,-4.576207637786865,-0.8956335783004761,0.0711309164762497,23.5,1.6013014316558838,0.06814048645344187,38.0,nan,0,0.6716304421424866,-2.6330151557922363,nan
1.381,8000,160,-1,8.631738336523272,10,8.632369995117188,-0.047397274523973465,-4.286666393280029,-0.838965892791748,-0.006506188772618771,23.5,1.6109486818313599,0.06855100773750468,38.0,nan,0,0.6194278597831726,-2.304213047027588,nan
1.401,8000,160,-1,8.630731584472965,10,8.631317138671875,-0.04959924891591072,-4.386719226837158,-0.8585478663444519,0.03769143670797348,23.5,1.2772150039672852,0.05434957463690575,38.0,nan,0,0.5665774941444397,-2.3590660095214844,nan
1.421,8000,160,-1,8.629732682373293,10,8.63037109375,-0.05260796472430229,-2.668546438217163,-0.3521643579006195,-0.005415741354227066,23.5,0.756822943687439,0.032205231646274,38.0,nan,0,0.5191150903701782,-2.9395477771759033,nan
1.441,8000,160,-1,8.62873235112275,10,8.629302978515625,-0.053361814469099045,-3.5117764472961426,-0.6873081922531128,0.12307961285114288,23.5,1.0821783542633057,0.04605014273460875,38.0,nan,0,0.4660203158855438,-2.749225378036499,nan
1.461,8000,160,-1,8.627736674022895,10,8.62823486328125,-0.04980918765068054,-3.0501582622528076,-0.5969624519348145,-0.036860499531030655,23.5,1.29423987865448,0.05507403738955234,38.0,nan,0,0.4123707115650177,-2.3543267250061035,nan
1.481,8000,160,-1,8.626746596972957,10,8.627212524414062,-0.05108235403895378,-5.455369472503662,-1.0676989555358887,-0.10526111721992493,23.5,1.2155404090881348,0.051725123790984456,38.0,nan,0,0.3612751364707947,-2.2602994441986084,nan
1.5,8000,160,-1,8.625773057372866,10,8.626388549804688,-0.04324530065059662,-4.465749740600586,-0.8740153312683105,-0.011446891352534294,23.5,1.9549216032028198,0.08318815332777957,38.0,nan,0,0.3202047049999237,-2.2028942108154297,nan
1.521,8000,160,-1,8.624741205273317,10,8.625457763671875,-0.04151071980595589,-6.557075023651123,-1.2833194732666016,0.018654925748705864,23.5,2.3057005405426025,0.09811491661883415,38.0,nan,0,0.27368298172950745,-2.151467800140381,nan
1.541,8000,160,-1,8.623733384472875,10,8.62451171875,-0.045211438089609146,-6.913162708282471,-1.2239811420440674,0.10321428626775742,23.5,2.2743048667907715,0.09677893050173496,38.0,nan,0,0.22645916044712067,-2.2961223125457764,nan
1.561,8000,160,-1,8.622733424023322,10,8.623565673828125,-0.05074971169233322,-6.065403938293457,-1.1870920658111572,-0.03884187340736389,23.5,2.335251569747925,0.09937240722331595,38.0,nan,0,0.17874668538570404,-2.469852924346924,nan
1.581,8000,160,-1,8.621745340723287,10,8.622589111328125,-0.04666619747877121,-6.328721523284912,-1.2386271953582764,0.02343590185046196,23.5,2.6220319271087646,0.11157582668547934,38.0,nan,0,0.13039320707321167,-2.327240228652954,nan
1.601,8000,160,-1,8.620733536523044,10,8.621505737304688,-0.05164112523198128,-6.526714324951172,-1.2773776054382324,-0.0634322315454483,23.5,2.057509660720825,0.0875536025838649,38.0,nan,0,0.07622768729925156,-2.6608235836029053,nan
1.621,8000,160,-1,8.619737351123336,10,8.620498657226562,-0.050562791526317596,-4.716330051422119,-0.9230576753616333,0.15799641609191895,23.5,1.745924472808838,0.07429465841739735,38.0,nan,0,0.025635620579123497,-2.5290067195892334,nan
1.64,8000,160,-1,8.618772559473296,10,8.61962890625,-0.04409980773925781,-6.463160514831543,-1.2649390697479248,-0.06254124641418457,23.5,2.796300172805786,0.11899149671513984,38.0,nan,0,0.982088565826416,-2.353101968765259,nan
1.661,8000,160,-1,8.617734267772908,10,8.618377685546875,-0.060075920075178146,-1.6679340600967407,-0.32644012570381165,0.06405261158943176,23.5,0.6696768999099731,0.0284968893578712,38.0,nan,0,0.9192459583282471,-2.8816606998443604,nan
1.681,8000,160,-1,8.61673389487333,10,8.617263793945312,-0.05800187960267067,-1.2170751094818115,-0.23820015788078308,-0.15503841638565063,23.5,0.5419549942016602,0.023061914646879157,38.0,nan,0,0.8636575937271118,-2.8172919750213623,nan
1.701,8000,160,-1,8.615757884472993,10,8.616363525390625,-0.04741087183356285,-3.9862804412841797,-0.9651079177856445,-0.05711523815989494,23.5,1.6125186681747437,0.06861781566701036,38.0,nan,0,0.8184430599212646,-2.6113457679748535,nan
1.721,8000,160,-1,8.61473325527332,10,8.615371704101562,-0.043948106467723846,-5.09089469909668,-0.9963656663894653,-0.09210431575775146,23.5,2.0058915615081787,0.08535708772375229,38.0,nan,0,0.768886387348175,-2.406404495239258,nan
1.741,8000,160,-1,8.613759713622864,10,8.614334106445312,-0.05373500660061836,-2.827028751373291,-0.6478959321975708,-0.2246405929327011,23.5,1.1891590356826782,0.05060251215670971,38.0,nan,0,0.7170518040657043,-2.4900457859039307,nan
1.761,8000,160,-1,8.61273941777327,10,8.613357543945312,-0.05187772586941719,-3.5580251216888428,-0.6963597536087036,0.11874144524335861,23.5,1.1689566373825073,0.049742835633298184,38.0,nan,0,0.6681389212608337,-2.665405035018921,nan
1.781,8000,160,-1,8.61173571152322,10,8.612380981445312,-0.04365769773721695,-5.727419853210449,-1.0245599746704102,0.019118215888738632,23.5,1.9144631624221802,0.08146651754988,38.0,nan,0,0.6193288564682007,-2.487355947494507,nan
1.801,8000,160,-1,8.610733796973369,10,8.611282348632812,-0.05464748665690422,-2.3541982173919678,-0.4607524573802948,-0.041283298283815384,23.5,0.7307722568511963,0.03109669178090197,38.0,nan,0,0.564422607421875,-2.403377056121826,nan
1.821,8000,160,-1,8.60975137822316,10,8.6103515625,-0.05094712972640991,-4.169541358947754,-0.8160427808761597,-0.1996610015630722,23.5,1.426650047302246,0.06070851265115941,38.0,nan,0,0.5179222226142883,-2.8786141872406006,nan
1.841,8000,160,-1,8.60876294072296,10,8.609344482421875,-0.0488458089530468,-3.564859628677368,-0.6976973414421082,0.06012463569641113,23.5,1.3919546604156494,0.05923211320917657,38.0,nan,0,0.4674904942512512,-2.4445202350616455,nan
1.861,8000,160,-1,8.607733736523373,10,8.608230590820312,-0.049158453941345215,-3.7559099197387695,-0.7350888252258301,-0.06987933814525604,23.5,1.1984384059906006,0.05099737897832343,38.0,nan,0,0.4123677909374237,-2.2479639053344727,nan
1.881,8000,160,-1,8.606752061523007,10,8.60723876953125,-0.05334942042827606,-4.096289157867432,-0.5534340143203735,-0.07263564318418503,23.5,0.979605495929718,0.04168534025232842,38.0,nan,0,0.36245858669281006,-2.453518867492676,nan
1.901,8000,160,-1,8.605749461523379,10,8.60638427734375,-0.043628089129924774,-5.235289573669434,-0.9644887447357178,-0.06675796210765839,23.5,1.9599535465240479,0.0834022785754914,38.0,nan,0,0.3198948800563812,-2.28731107711792,nan
1.92,8000,160,-1,8.604785574023122,10,8.605514526367188,-0.04149990528821945,-6.672883033752441,-1.3059849739074707,0.04735096916556358,23.5,2.369534492492676,0.10083125499968833,38.0,nan,0,0.27655816078186035,-2.0338706970214844,nan
1.941,8000,160,-1,8.60373723237281,10,8.604507446289062,-0.04978230968117714,-5.749952793121338,-1.125353455543518,0.005887969397008419,23.5,2.1725921630859375,0.09245073034408245,38.0,nan,0,0.22568365931510925,-2.486514091491699,nan
1.961,8000,160,-1,8.602738115723337,10,8.603530883789062,-0.0518370047211647,-5.1211256980896,-1.0022823810577393,0.010618280619382858,23.5,1.974900722503662,0.08403832861717711,38.0,nan,0,0.17686186730861664,-2.665428876876831,nan
1.981,8000,160,-1,8.601739753223233,10,8.602554321289062,-0.04602305218577385,-6.650971412658691,-1.301696538925171,0.043418824672698975,23.5,2.5177001953125,0.10713617852393617,38.0,nan,0,0.12831373512744904,-2.3371987342834473,nan
2.001,8000,160,-1,8.600737380272772,10,8.601486206054688,-0.05385971814393997,-4.567400932312012,-0.9099044799804688,0.10756130516529083,23.5,1.6835603713989258,0.0716408668680394,38.0,nan,0,0.07528434693813324,-2.68416690826416,nan
2.021,8000,160,-1,8.599736232373111,10,8.600433349609375,-0.05338175967335701,-4.943622589111328,-0.9675423502922058,0.03796812519431114,23.5,1.6758790016174316,0.07131400006882688,38.0,nan,0,0.022605817764997482,-2.756911516189575,nan
2.041,8000,160,-1,8.59873628027272,10,8.5994873046875,-0.04384811595082283,-6.65751838684082,-1.1745491027832031,-0.08974632620811462,23.5,2.5450692176818848,0.10830081777369722,38.0,nan,0,0.9749733209609985,-2.334360361099243,nan
2.061,8000,160,-1,8.59773141362312,10,8.598373413085938,-0.05722718685865402,-3.0478763580322266,-0.673241376876831,0.1303013116121292,23.5,0.9295061826705933,0.03955345458172737,38.0,nan,0,0.9194004535675049,-2.733785390853882,nan
2.081,8000,160,-1,8.596730371972813,10,8.597259521484375,-0.060750458389520645,-3.0551769733428955,-0.5979446768760681,-0.013613168150186539,23.5,0.8542593717575073,0.03635146262797904,38.0,nan,0,0.8636803030967712,-3.027613401412964,nan
2.101,8000,160,-1,8.595734567772892,10,8.596328735351562,-0.04415517300367355,-4.930265426635742,-0.964928150177002,0.06008181720972061,23.5,1.6826839447021484,0.07160357211498504,38.0,nan,0,0.8171048760414124,-2.6068661212921143,nan
2.121,8000,160,-1,8.594732857373314,10,8.5953369140625,-0.04284949600696564,-5.478075981140137,-1.0721429586410522,0.03961421176791191,23.5,1.9668476581573486,0.08369564502797228,38.0,nan,0,0.7676002979278564,-2.1891069412231445,nan
2.141,8000,160,-1,8.593734163622871,10,8.594329833984375,-0.05331947281956673,-3.0751664638519287,-0.6018569469451904,-0.1464766561985016,23.5,0.581205427646637,0.0247321458573037,38.0,nan,0,0.7170208692550659,-2.6084980964660645,nan
2.161,8000,160,-1,8.592732278223416,10,8.59332275390625,-0.05266125500202179,-3.7760415077209473,-0.7390288710594177,0.08792057633399963,23.5,0.96234130859375,0.04095069398271277,38.0,nan,0,0.6669003367424011,-2.825803518295288,nan
2.181,8000,160,-1,8.591731815723328,10,8.592300415039062,-0.04666395112872124,-5.023914337158203,-0.9832566976547241,0.05021205171942711,23.5,1.6168030500411987,0.06880012978898718,38.0,nan,0,0.6156134605407715,-2.4308066368103027,nan
2.201,8000,160,-1,8.590732282373214,10,8.591278076171875,-0.05014054477214813,-3.499727964401245,-0.6849501132965088,0.03280072286725044,23.5,0.9998914003372192,0.04254857022711571,38.0,nan,0,0.5642359256744385,-2.338378429412842,nan
2.221,8000,160,-1,8.589757857372755,10,8.590316772460938,-0.05400080606341362,-2.227984666824341,-0.4360505938529968,0.056085094809532166,23.5,0.6091791391372681,0.025922516559032684,38.0,nan,0,0.5167233943939209,-3.1251602172851562,nan
2.241,8000,160,-1,8.588734965723418,10,8.589279174804688,-0.04754367098212242,-3.359071969985962,-0.6574215888977051,0.05840199813246727,23.5,1.3857687711715698,0.05896888387964127,38.0,nan,0,0.4646861255168915,-2.446302652359009,nan
2.261,8000,160,-1,8.587736117772877,10,8.588287353515625,-0.046855974942445755,-4.20396089553833,-0.8227791786193848,-0.13522645831108093,23.5,1.452016830444336,0.06178795023167387,38.0,nan,0,0.41486918926239014,-1.9812238216400146,nan
2.281,8000,160,-1,8.586733169873336,10,8.587265014648438,-0.053679466247558594,-3.3014416694641113,-0.6461424827575684,-0.018093803897500038,23.5,1.0621943473815918,0.04519975946304646,38.0,nan,0,0.3637539744377136,-2.5561575889587402,nan
2.301,8000,160,-1,8.585734669872911,10,8.58636474609375,-0.044771187007427216,-4.937329292297363,-0.9663106203079224,-0.0530145987868309,23.5,2.0547537803649902,0.08743633107936129,38.0,nan,0,0.31869781017303467,-2.459639310836792,nan
2.321,8000,160,-1,8.5847304677729,10,8.585403442382812,-0.04283927008509636,-6.280100345611572,-1.2291114330291748,0.1550227850675583,23.5,2.4352469444274902,0.10362752955010597,38.0,nan,0,0.2710321545600891,-2.4547338485717773,nan
2.341,8000,160,-1,8.583754003223296,10,8.58453369140625,-0.043505411595106125,-5.602022647857666,-1.0964012145996094,-0.02985670417547226,23.5,2.131208658218384,0.0906897301369525,38.0,nan,0,0.2272045612335205,-2.031829833984375,nan
2.361,8000,160,-1,8.582740513623142,10,8.583572387695312,-0.05355953425168991,-5.001911163330078,-0.9789502620697021,0.04811037331819534,23.5,2.050687551498413,0.08726330006376226,38.0,nan,0,0.17928944528102875,-2.7054758071899414,nan
2.381,8000,160,-1,8.58173582197342,10,8.582550048828125,-0.04792210832238197,-6.487842559814453,-1.2697696685791016,0.0758429765701294,23.5,2.399385929107666,0.10210152889819855,38.0,nan,0,0.1281331330537796,-2.551586389541626,nan
2.401,8000,160,-1,8.58073261152313,10,8.581512451171875,-0.04908463731408119,-7.431581497192383,-1.2757538557052612,-0.0904015302658081,23.5,2.409177303314209,0.10251818311975357,38.0,nan,0,0.07656314969062805,-2.4839508533477783,nan
2.42,8000,160,-1,8.579777096972979,10,8.58050537109375,-0.05591832101345062,-5.710353851318359,-1.1176033020019531,0.010455749928951263,23.5,1.764840841293335,0.07509961026780149,38.0,nan,0,0.025500597432255745,-2.8542587757110596,nan
2.441,8000,160,-1,8.57874277822339,10,8.579421997070312,-0.04755162075161934,-5.63080358505249,-1.102034091949463,0.006914622150361538,23.5,1.9852427244186401,0.08447841380504852,38.0,nan,0,0.9720380902290344,-2.5859296321868896,nan
2.461,8000,160,-1,8.577745344873259,10,8.57843017578125,-0.0522230863571167,-4.4582200050354,-0.872541606426239,0.1619819849729538,23.5,1.5025599002838135,0.06393871916101333,38.0,nan,0,0.9224367141723633,-2.718177556991577,nan
2.481,8000,160,-1,8.576747246972813,10,8.577362060546875,-0.0552527979016304,-3.37223219871521,-0.659997284412384,0.0041740224696695805,23.5,1.2400033473968506,0.05276609988922768,38.0,nan,0,0.8690240979194641,-2.802030324935913,nan
2.501,8000,160,-1,8.575750267773405,10,8.576324462890625,-0.047379691153764725,-3.9863333702087402,-0.7801861763000488,0.003926633857190609,23.5,1.4365037679672241,0.0611278199134989,38.0,nan,0,0.817010223865509,-2.315720796585083,nan
2.521,8000,160,-1,8.574731059472837,10,8.5753173828125,-0.04670451208949089,-5.662306308746338,-1.1081997156143188,0.061072107404470444,23.5,1.6222983598709106,0.06903397276046429,38.0,nan,0,0.7668687701225281,-2.418100357055664,nan
2.541,8000,160,-1,8.573731249022972,10,8.574325561523438,-0.04965980350971222,-4.750607490539551,-0.9297662973403931,-9.470076474826783e-05,23.5,1.340610384941101,0.05704725042302558,38.0,nan,0,0.7172077298164368,-2.240701675415039,nan
2.561,8000,160,-1,8.572733421972957,10,8.573379516601562,-0.05072197690606117,-5.951752662658691,-1.164848804473877,-0.04354380816221237,23.5,1.6063663959503174,0.06835601684894968,38.0,nan,0,0.6694004535675049,-2.5515828132629395,nan
2.581,8000,160,-1,8.57173439487306,10,8.572357177734375,-0.047202352434396744,-5.080232620239258,-0.9942789077758789,-0.020189054310321808,23.5,1.6612896919250488,0.0706931783797893,38.0,nan,0,0.6182270050048828,-2.3531107902526855,nan
2.601,8000,160,-1,8.570759413622731,10,8.57135009765625,-0.051214952021837234,-3.9807755947113037,-0.7790984511375427,-0.12820902466773987,23.5,1.289711833000183,0.054881354595752475,38.0,nan,0,0.5683802366256714,-2.5288541316986084,nan
2.62,8000,160,-1,8.569781121973215,10,8.570358276367188,-0.05245698243379593,-4.515301704406738,-0.8837133646011353,0.08135110884904861,23.5,1.5144445896148682,0.06444445062190929,38.0,nan,0,0.5187471508979797,-2.8584489822387695,nan
2.641,8000,160,-1,8.568743974022805,10,8.56927490234375,-0.04556731507182121,-4.039963722229004,-0.7906824946403503,-0.028918132185935974,23.5,1.3981709480285645,0.05949663608632189,38.0,nan,0,0.464064359664917,-2.138227701187134,nan
2.661,8000,160,-1,8.567734038623172,10,8.568313598632812,-0.04357542842626572,-5.1309638023376465,-1.0042078495025635,0.0644446462392807,23.5,1.5340440273284912,0.0652784692480209,38.0,nan,0,0.41610467433929443,-2.155731678009033,nan
2.681,8000,160,-1,8.566731717772933,10,8.567306518554688,-0.05158849060535431,-4.260280609130859,-0.8338018655776978,0.005119767971336842,23.5,1.3344006538391113,0.05678300654634516,38.0,nan,0,0.36613038182258606,-2.3665597438812256,nan
2.7,8000,160,-1,8.565776301122975,10,8.566421508789062,-0.04816232621669769,-5.401547431945801,-0.8428927659988403,-0.045745208859443665,23.5,1.6960805654525757,0.07217364108308832,38.0,nan,0,0.3215540051460266,-2.4278080463409424,nan
2.721,8000,160,-1,8.56474434902339,10,8.565444946289062,-0.04337082430720329,-6.5401458740234375,-1.2800061702728271,0.09402763843536377,23.5,2.4014101028442383,0.10218766395081864,38.0,nan,0,0.2730332016944885,-2.53383207321167,nan
2.741,8000,160,-1,8.56373726987295,10,8.564498901367188,-0.044032879173755646,-6.200531959533691,-1.213538646697998,-0.12620076537132263,23.5,2.3014962673187256,0.09793601137526492,38.0,nan,0,0.22567594051361084,-2.11468768119812,nan
2.761,8000,160,-1,8.562734665723115,10,8.563507080078125,-0.056077755987644196,-4.729588985443115,-0.9256526827812195,0.02248542569577694,23.5,1.7015007734298706,0.07240428823105832,38.0,nan,0,0.17568524181842804,-2.9429385662078857,nan
2.781,8000,160,-1,8.561732421973288,10,8.5625,-0.04568057879805565,-5.623932838439941,-1.10068941116333,-0.14254367351531982,23.5,2.4736618995666504,0.10526220849219789,38.0,nan,0,0.12553289532661438,-2.3675172328948975,nan
2.801,8000,160,-1,8.560733407372759,10,8.561447143554688,-0.0481424517929554,-6.424588680267334,-1.2573899030685425,-0.05254111811518669,23.5,1.945586919784546,0.08279093275678918,38.0,nan,0,0.07326485216617584,-2.2911462783813477,nan
2.821,8000,160,-1,8.559736269873252,10,8.560409545898438,-0.05812710523605347,-3.010704278945923,-0.5892407298088074,-0.043173592537641525,23.5,1.1979866027832031,0.050978153309923536,39.0,nan,0,0.021253269165754318,-2.973525047302246,nan
2.841,8000,160,-1,8.558733469872827,10,8.559356689453125,-0.0502064973115921,-4.873913288116455,-0.953899085521698,-0.04114653915166855,23.5,1.6247766017913818,0.06913942986346305,39.0,nan,0,0.9686001539230347,-2.636176347732544,nan
2.861,8000,160,-1,8.55773538862341,10,8.558441162109375,-0.04076199606060982,-6.319504737854004,-1.2368234395980835,-0.029281219467520714,23.5,2.0689449310302734,0.08804020983107547,38.0,nan,0,0.9224768280982971,-1.9142708778381348,nan
2.881,8000,160,-1,8.556746709473378,10,8.557373046875,-0.057851824909448624,-3.7772607803344727,-0.7392675280570984,-0.01890622451901436,23.5,1.219527244567871,0.05189477636459026,38.0,nan,0,0.8689126372337341,-2.8928327560424805,nan
2.901,8000,160,-1,8.555764065722911,10,8.556350708007812,-0.05128248408436775,-3.5463571548461914,-0.6940761804580688,-0.12022775411605835,23.5,1.4679298400878906,0.06246509957820811,38.0,nan,0,0.81813645362854,-2.6131768226623535,nan
2.921,8000,160,-1,8.554723224022752,10,8.555313110351562,-0.04595082253217697,-5.648475646972656,-1.1054928302764893,0.09859224408864975,23.5,1.695953369140625,0.07216822847406915,38.0,nan,0,0.7664607167243958,-2.4253742694854736,nan
2.941,8000,160,-1,8.553739067773137,10,8.554290771484375,-0.051689814776182175,-4.2294816970825195,-0.7963876128196716,-0.24701789021492004,23.5,1.35893976688385,0.05782722412271703,38.0,nan,0,0.7149063348770142,-2.3697011470794678,nan
2.961,8000,160,-1,8.552734949022858,10,8.553298950195312,-0.052605144679546356,-2.570052146911621,-0.502998411655426,0.09754544496536255,23.5,1.0601550340652466,0.04511298017298922,38.0,nan,0,0.6655250191688538,-2.7221686840057373,nan
2.981,8000,160,-1,8.551732786522923,10,8.552291870117188,-0.04385801777243614,-4.803337097167969,-0.940086305141449,-0.04348280653357506,23.5,1.610952377319336,0.06855116499231216,38.0,nan,0,0.6152027249336243,-2.0602529048919678,nan
3.001,8000,160,-1,8.550732236522897,10,8.55126953125,-0.04901586472988129,-4.117595195770264,-0.8058761954307556,0.09116949886083603,23.5,1.1718732118606567,0.04986694518555986,39.0,nan,0,0.5644485354423523,-2.3554136753082275,nan
3.02,8000,160,-1,8.549778349023116,10,8.55035400390625,-0.05304936319589615,-2.4292497634887695,-0.47544121742248535,0.08734570443630219,23.5,1.2437217235565186,0.05292432866197951,38.0,nan,0,0.5183652639389038,-2.8722126483917236,nan
3.041,8000,160,-1,8.548735913623394,10,8.54925537109375,-0.04968355596065521,-4.247620582580566,-0.8313241004943848,-0.06443435698747635,23.5,1.14254891872406,0.04861910292442809,39.0,nan,0,0.46315309405326843,-2.3302080631256104,nan
3.061,8000,160,-1,8.547737399023035,10,8.54827880859375,-0.04395328834652901,-4.07228946685791,-0.7970091104507446,-0.15008297562599182,23.5,1.606755256652832,0.06837256411288647,38.0,nan,0,0.4144430160522461,-1.8977766036987305,nan
3.081,8000,160,-1,8.546736301123028,10,8.54730224609375,-0.05060816556215286,-3.8713536262512207,-0.7576829195022583,-0.0021478398703038692,23.5,1.4228415489196777,0.06054644889019905,38.0,nan,0,0.3654014468193054,-2.428339958190918,nan
3.101,8000,160,-1,8.545732590722773,10,8.546356201171875,-0.048351552337408066,-4.808471202850342,-0.9410910606384277,0.09657207131385803,23.5,1.6716231107711792,0.07113289833068848,38.0,nan,0,0.3185063898563385,-2.4429476261138916,nan
3.121,8000,160,-1,8.544728707373006,10,8.545455932617188,-0.0391218475997448,-6.557662010192871,-1.2834343910217285,0.04675890505313873,23.5,2.5842843055725098,0.10996954491797914,38.0,nan,0,0.2737957537174225,-2.0928444862365723,nan
3.141,8000,160,-1,8.54373465322279,10,8.544540405273438,-0.047339849174022675,-5.807456016540527,-1.1366076469421387,-0.1377660185098648,23.5,2.2878832817077637,0.09735673539181973,38.0,nan,0,0.2274082899093628,-2.260836362838745,nan
3.161,8000,160,-1,8.542735713622832,10,8.543563842773438,-0.05164143070578575,-5.424625873565674,-1.0616819858551025,0.051618631929159164,23.5,2.253668785095215,0.09590079936575382,38.0,nan,0,0.1789742410182953,-2.688383102416992,nan
3.181,8000,160,-1,8.541731380273276,10,8.542495727539062,-0.04954150691628456,-5.372342586517334,-1.0514492988586426,-0.11739133298397064,23.5,2.2722296714782715,0.09669062431822432,39.0,nan,0,0.12516584992408752,-2.481696128845215,nan
3.201,8000,160,-1,8.540735803222933,10,8.54150390625,-0.0473448820412159,-5.92135763168335,-1.1588999032974243,-0.1253821849822998,23.5,2.113708734512329,0.08994505253243953,39.0,nan,0,0.07562269270420074,-1.992415189743042,nan
3.221,8000,160,-1,8.539732865722918,10,8.540481567382812,-0.057642802596092224,-5.113413333892822,-1.0007729530334473,0.010279657319188118,23.5,1.7425074577331543,0.07414925352055976,38.0,nan,0,0.02460160106420517,-3.0056066513061523,nan
3.241,8000,160,-1,8.538732655272916,10,8.539382934570312,-0.053539860993623734,-5.169945240020752,-1.011837124824524,0.08367565274238586,23.5,1.489318609237671,0.06337525996756047,38.0,nan,0,0.970047116279602,-2.858689546585083,nan
3.261,8000,160,-1,8.537734044872932,10,8.538345336914062,-0.0453515462577343,-4.995732307434082,-0.977741003036499,0.0684218555688858,23.5,1.595844030380249,0.0679082566119255,39.0,nan,0,0.9179927706718445,-1.9806957244873047,nan
3.281,8000,160,-1,8.536734946972874,10,8.537368774414062,-0.05583260580897331,-3.838902235031128,-0.7002496123313904,0.05442233383655548,23.5,1.0926830768585205,0.04649715220674555,38.0,nan,0,0.8688703179359436,-2.8016574382781982,nan
3.301,8000,160,-1,8.535755415722825,10,8.536361694335938,-0.05139584466814995,-4.689449787139893,-0.9177968502044678,-0.005403165705502033,23.5,1.4845733642578125,0.06317333464926862,38.0,nan,0,0.818973183631897,-2.696758508682251,nan
3.321,8000,160,-1,8.534735153223311,10,8.535308837890625,-0.044445499777793884,-4.864672660827637,-0.978155791759491,-0.06220472604036331,23.5,1.8273141384124756,0.07775804844308407,38.0,nan,0,0.7661381363868713,-2.15679669380188,nan
3.341,8000,160,-1,8.53373708862274,10,8.534271240234375,-0.053158361464738846,-1.8693476915359497,-0.36585983633995056,-0.17488205432891846,23.5,0.8553589582443237,0.036398253542311645,38.0,nan,0,0.714508056640625,-2.6172890663146973,nan
3.361,8000,160,-1,8.532733249023305,10,8.533355712890625,-0.04855367913842201,-4.04680871963501,-0.792022168636322,0.06697316467761993,23.5,1.0574815273284912,0.04499921392887197,39.0,nan,0,0.6684009432792664,-2.7829415798187256,nan
3.381,8000,160,-1,8.531735842773207,10,8.532333374023438,-0.046037714928388596,-5.209136962890625,-1.0195075273513794,-0.04517039284110069,23.5,1.6212189197540283,0.06898803913846929,38.0,nan,0,0.6171870827674866,-2.336569309234619,nan
3.401,8000,160,-1,8.530736869873374,10,8.531280517578125,-0.05182519927620888,-3.877377986907959,-0.7588619589805603,-0.06313300132751465,23.5,0.8153348565101624,0.034695100277028185,39.0,nan,0,0.5644513964653015,-2.353926181793213,nan
3.421,8000,160,-1,8.529734565722913,10,8.53033447265625,-0.05284545198082924,-3.9184696674346924,-0.7797178626060486,-0.13436947762966156,23.5,1.3822612762451172,0.05881962877638797,38.0,nan,0,0.5170577168464661,-3.041666269302368,nan
3.441,8000,160,-1,8.528733971973281,10,8.529251098632812,-0.04865367338061333,-4.119415760040283,-0.8062324523925781,0.10306446254253387,23.5,1.4177680015563965,0.060330553257719,39.0,nan,0,0.46348607540130615,-2.3245458602905273,nan
3.461,8000,160,-1,8.527733951123093,10,8.528213500976562,-0.04804990068078041,-4.2234063148498535,-0.8265849947929382,0.10958456248044968,23.5,1.194699764251709,0.05083828784049826,38.0,nan,0,0.4112739562988281,-2.125523090362549,nan
3.481,8000,160,-1,8.526733117773267,10,8.527297973632812,-0.05015002563595772,-4.143651008605957,-0.8109756708145142,0.008255484513938427,23.5,1.3689173460006714,0.058251801957475376,39.0,nan,0,0.3653412163257599,-2.5154290199279785,nan
3.501,8000,160,-1,8.52573346572318,10,8.526397705078125,-0.044653166085481644,-5.125126361846924,-1.0030653476715088,-0.026014812290668488,23.5,2.0860705375671387,0.08876895904541016,39.0,nan,0,0.320954293012619,-2.3287811279296875,nan
3.521,8000,160,-1,8.524732774023152,10,8.525436401367188,-0.04127207025885582,-6.214705944061279,-1.2163126468658447,0.02276609092950821,23.5,2.409024477005005,0.1025116798725534,39.0,nan,0,0.2728324234485626,-2.0119502544403076,nan
3.541,8000,160,-1,8.52373343862274,10,8.524505615234375,-0.04735652729868889,-6.013486385345459,-1.1769310235977173,-0.04950989782810211,23.5,2.3455710411071777,0.09981153366413523,39.0,nan,0,0.22611233592033386,-2.4281508922576904,nan
3.561,8000,160,-1,8.52273331362304,10,8.523544311523438,-0.049356408417224884,-5.798481464385986,-1.1097850799560547,-0.014603577554225922,23.5,2.3678576946258545,0.10075990189897253,39.0,nan,0,0.17787641286849976,-2.355710029602051,nan
3.58,8000,160,-1,8.52178072402313,10,8.522567749023438,-0.05076425522565842,-5.386220932006836,-1.0541656017303467,0.08978285640478134,23.5,2.1921002864837646,0.09328086325462828,38.0,nan,0,0.12915320694446564,-2.4834864139556885,nan
3.601,8000,160,-1,8.520742790723316,10,8.521469116210938,-0.051405880600214005,-5.467196941375732,-1.0700137615203857,-0.01901739090681076,23.5,1.9430298805236816,0.08268212257547582,39.0,nan,0,0.07399240136146545,-2.484576463699341,nan
3.621,8000,160,-1,8.519734111522858,10,8.520538330078125,-0.04604863002896309,-5.981148719787598,-1.1706019639968872,6.77071584505029e-05,23.5,2.4610366821289062,0.10472496519697473,39.0,nan,0,0.027506284415721893,-2.607715129852295,nan
3.64,8000,160,-1,8.518778780272998,10,8.519454956054688,-0.05320121347904205,-4.782970905303955,-0.9361003637313843,0.14419318735599518,23.5,1.5201985836029053,0.06468930142991086,38.0,nan,0,0.9734198451042175,-2.651120901107788,nan
3.661,8000,160,-1,8.517731236523115,10,8.518325805664062,-0.05287020653486252,-3.7817065715789795,-0.7401375770568848,0.07803884148597717,23.5,1.123603105545044,0.047812898108299744,39.0,nan,0,0.9165729880332947,-2.3722360134124756,nan
3.68,8000,160,-1,8.516768211522878,10,8.5174560546875,-0.045933470129966736,-5.546240329742432,-1.0854837894439697,-0.040417321026325226,23.5,1.8125109672546387,0.07712812626615484,39.0,nan,0,0.8732991814613342,-2.4271469116210938,nan
3.701,8000,160,-1,8.51573425737298,10,8.51641845703125,-0.04973531514406204,-4.873864650726318,-0.9538896083831787,-0.04135029762983322,23.5,1.8488969802856445,0.07867646724619765,38.0,nan,0,0.8214520215988159,-2.6494064331054688,nan
3.721,8000,160,-1,8.514753842772926,10,8.515350341796875,-0.04894952103495598,-4.39771842956543,-0.8607004880905151,-0.07983811944723129,23.5,1.497922420501709,0.06374137959581741,39.0,nan,0,0.7684216499328613,-2.326331853866577,nan
3.741,8000,160,-1,8.513734544873305,10,8.514328002929688,-0.05142373964190483,-3.5777292251586914,-0.744860827922821,0.044267915189266205,23.5,1.2129768133163452,0.05161603460920618,38.0,nan,0,0.7170255184173584,-2.430565595626831,nan
3.761,8000,160,-1,8.512733419873266,10,8.513336181640625,-0.05134446173906326,-5.501798152923584,-0.9359392523765564,-0.03186984360218048,23.5,1.390190601348877,0.059157046865909654,38.0,nan,0,0.667415201663971,-2.645386219024658,nan
3.78,8000,160,-1,8.51176872612342,10,8.512344360351562,-0.04848461225628853,-4.245676040649414,-0.8309435248374939,0.11593072861433029,23.5,1.502090334892273,0.06391873765499034,39.0,nan,0,0.6177165508270264,-2.4893860816955566,nan
3.801,8000,160,-1,8.510731986523034,10,8.511245727539062,-0.0525750070810318,-3.953545570373535,-0.7737691402435303,0.16521573066711426,23.5,0.6770668029785156,0.028811353318234707,38.0,nan,0,0.5625758767127991,-2.62754225730896,nan
3.821,8000,160,-1,8.509736599023027,10,8.510330200195312,-0.04907377064228058,-3.8385350704193115,-0.6819871664047241,-0.14978466928005219,23.5,1.3186378479003906,0.056112248846825134,39.0,nan,0,0.5167987942695618,-2.6086862087249756,nan
3.841,8000,160,-1,8.508738544872914,10,8.50927734375,-0.05050855502486229,-3.5808568000793457,-0.6647266149520874,-0.10517572611570358,23.5,1.217419147491455,0.05180507010601936,39.0,nan,0,0.4642622768878937,-2.429868221282959,nan
3.861,8000,160,-1,8.507737784473294,10,8.50830078125,-0.04236233979463577,-4.757320880889893,-0.9310802221298218,0.03785752132534981,23.5,1.6332632303237915,0.06950056299250176,39.0,nan,0,0.41544410586357117,-1.9074151515960693,nan
3.88,8000,160,-1,8.506780494873247,10,8.50738525390625,-0.049244560301303864,-4.7347822189331055,-0.9266690611839294,-0.09812378883361816,23.5,1.6933751106262207,0.07205851534579663,38.0,nan,0,0.37013402581214905,-2.365943431854248,nan
3.901,8000,160,-1,8.505759828223391,10,8.506454467773438,-0.047784026712179184,-5.6718525886535645,-1.1100679636001587,0.1299709975719452,23.5,2.082780599594116,0.08862896168485601,38.0,nan,0,0.32299891114234924,-2.4316885471343994,nan
3.921,8000,160,-1,8.504743761523434,10,8.505462646484375,-0.04639375954866409,-5.911636829376221,-1.1569974422454834,-0.027393251657485962,23.5,2.2412807941436768,0.09537365081462454,38.0,nan,0,0.2734615206718445,-2.3330979347229004,nan
3.941,8000,160,-1,8.503735459472965,10,8.5045166015625,-0.04476132616400719,-6.731569766998291,-1.3174707889556885,0.08202451467514038,23.5,2.510880947113037,0.10684599774949094,38.0,nan,0,0.22677871584892273,-2.1837024688720703,nan
3.961,8000,160,-1,8.502733324022858,10,8.503585815429688,-0.05126219242811203,-6.8862833976745605,-1.3477506637573242,0.08995924890041351,23.5,2.3187878131866455,0.0986718218377296,38.0,nan,0,0.1799364984035492,-2.7887802124023438,nan
3.98,8000,160,-1,8.50176804902295,10,8.502609252929688,-0.048559386283159256,-6.3571343421936035,-1.2441880702972412,0.17325201630592346,23.5,2.35687518119812,0.10029256090204766,39.0,nan,0,0.13131369650363922,-2.2814319133758545,nan
4.001,8000,160,-1,8.500731753223237,10,8.501434326171875,-0.0545450784265995,-5.00218391418457,-0.9790036082267761,0.047016069293022156,23.5,1.5540623664855957,0.06613031346747215,38.0,nan,0,0.07210589200258255,-2.4195542335510254,nan
4.021,8000,160,-1,8.499751130273227,10,8.50048828125,-0.04960907995700836,-5.778562545776367,-1.1309528350830078,-0.11560266464948654,23.5,1.8682479858398438,0.07949991429105718,39.0,nan,0,0.025182146579027176,-2.542649030685425,nan
4.041,8000,160,-1,8.498742063622933,10,8.499435424804688,-0.056600239127874374,-4.0755228996276855,-0.7976419925689697,-0.1466832160949707,23.5,1.5393877029418945,0.06550585969965508,39.0,nan,0,0.9723790884017944,-3.0274598598480225,nan
4.061,8000,160,-1,8.497737242773303,10,8.498321533203125,-0.052366890013217926,-4.059816360473633,-0.7945680022239685,-0.021132048219442368,23.5,1.1634423732757568,0.04950818609684072,39.0,nan,0,0.9169233441352844,-2.506861925125122,nan
4.081,8000,160,-1,8.496735867772815,10,8.497360229492188,-0.048519156873226166,-4.351778030395508,-0.8127476572990417,0.008626522496342659,23.5,1.5310403108596802,0.06515065152594383,38.0,nan,0,0.8683205842971802,-2.394305944442749,nan
4.101,8000,160,-1,8.495737359473434,10,8.49639892578125,-0.05024445429444313,-4.537963390350342,-0.8881486654281616,-0.11214695870876312,23.5,1.7310800552368164,0.07366298107390708,39.0,nan,0,0.8205701112747192,-2.485466957092285,nan
4.121,8000,160,-1,8.494737159473162,10,8.495346069335938,-0.05011240765452385,-4.491901397705078,-0.8791335821151733,-0.01633911021053791,23.5,1.4245978593826294,0.060621185505643806,39.0,nan,0,0.7682349681854248,-2.514167547225952,nan
4.141,8000,160,-1,8.493734599022728,10,8.494308471679688,-0.051486533135175705,-4.507129192352295,-0.8821139335632324,0.06060190498828888,23.5,1.339028239250183,0.05697992507447588,39.0,nan,0,0.7163428068161011,-2.440795421600342,nan
4.161,8000,160,-1,8.49273738027333,10,8.49334716796875,-0.051595136523246765,-4.009577751159668,-0.7847354412078857,0.1658748984336853,23.5,1.2803584337234497,0.05448333760525318,39.0,nan,0,0.6677667498588562,-2.783398389816284,nan
4.181,8000,160,-1,8.491735774023264,10,8.492324829101562,-0.046368759125471115,-5.095124244689941,-0.997193455696106,-0.1114564761519432,23.5,1.8398855924606323,0.078293003934495,38.0,nan,0,0.6169900298118591,-2.451845407485962,nan
4.201,8000,160,-1,8.490736438622852,10,8.491241455078125,-0.05464908853173256,-2.898081064224243,-0.567198634147644,0.03728698939085007,23.5,0.748446524143219,0.031848788261413574,38.0,nan,0,0.5624405741691589,-2.6645145416259766,nan
4.221,8000,160,-1,8.489736934473338,10,8.490264892578125,-0.0527750588953495,-3.1502089500427246,-0.6165439486503601,-0.059666525572538376,23.5,1.15070641040802,0.04896623023012851,38.0,nan,0,0.5135973691940308,-2.751969814300537,nan
4.241,8000,160,-1,8.48873738027324,10,8.489273071289062,-0.048911694437265396,-4.081765174865723,-0.8405117988586426,-0.07810929417610168,23.5,1.360155463218689,0.05787895588164634,38.0,nan,0,0.46462738513946533,-2.386127471923828,nan
4.261,8000,160,-1,8.487736888622758,10,8.488296508789062,-0.04329334944486618,-4.3343329429626465,-0.8482949733734131,-0.13755173981189728,23.5,1.6874141693115234,0.07180485826857547,39.0,nan,0,0.4154408276081085,-2.01775860786438,nan
4.281,8000,160,-1,8.486736021973057,10,8.487350463867188,-0.046762656420469284,-5.568166255950928,-1.0566092729568481,-0.004159057978540659,23.5,1.9140658378601074,0.08144961012170669,39.0,nan,0,0.36833104491233826,-2.2732253074645996,nan
4.301,8000,160,-1,8.485734465723372,10,8.4864501953125,-0.04918168857693672,-5.293086051940918,-1.0359376668930054,-0.046297624707221985,23.5,2.161868095397949,0.0919943870382106,39.0,nan,0,0.3231029212474823,-2.397397518157959,nan
4.321,8000,160,-1,8.484744799022891,10,8.48553466796875,-0.043517570942640305,-6.367522239685059,-1.2462211847305298,0.20557783544063568,23.5,2.384673833847046,0.10147548229136366,39.0,nan,0,0.27736249566078186,-2.258747100830078,nan
4.341,8000,160,-1,8.483734005273444,10,8.484542846679688,-0.0459369495511055,-6.488247394561768,-1.2698488235473633,-0.011101062409579754,23.5,2.4332518577575684,0.1035426322450029,39.0,nan,0,0.227828711271286,-2.027060031890869,nan
4.36,8000,160,-1,8.482776865723288,10,8.483673095703125,-0.051388781517744064,-5.635851860046387,-1.1030220985412598,0.1232026219367981,23.5,2.682431697845459,0.11414602969555145,39.0,nan,0,0.1839587390422821,-2.791661024093628,nan
4.381,8000,160,-1,8.481735199023394,10,8.482620239257812,-0.04601479321718216,-7.326839923858643,-1.433974266052246,0.15396112203598022,23.5,2.7594871520996094,0.11742498519572805,39.0,nan,0,0.13179168105125427,-2.3038806915283203,nan
4.401,8000,160,-1,8.480736992773025,10,8.481491088867188,-0.059154823422431946,-5.463710784912109,-1.0693315267562866,-0.08712358772754669,23.5,1.7201058864593506,0.073195995168483,39.0,nan,0,0.07535592466592789,-2.9906013011932373,nan
4.421,8000,160,-1,8.479731688623003,10,8.480422973632812,-0.05358356237411499,-4.012543201446533,-0.7853159308433533,0.1631050854921341,23.5,1.8030529022216797,0.0767256554136885,39.0,nan,0,0.022015882655978203,-2.887526750564575,nan
4.441,8000,160,-1,8.478733905273119,10,8.4794921875,-0.04804769530892372,-5.807951927185059,-1.1137348413467407,0.131892129778862,23.5,2.1024587154388428,0.0894663283165465,38.0,nan,0,0.9753702282905579,-2.817347288131714,nan
4.461,8000,160,-1,8.47775226362283,10,8.478363037109375,-0.04975978657603264,-4.353529930114746,-0.8520521521568298,0.1455552726984024,23.5,1.367714762687683,0.05820062819947588,39.0,nan,0,0.9188061356544495,-2.177077054977417,nan
4.481,8000,160,-1,8.47674050737333,10,8.47735595703125,-0.05411381646990776,-3.5725295543670654,-0.6991984844207764,0.0665828064084053,23.5,1.3237980604171753,0.05633183235817767,39.0,nan,0,0.8685932755470276,-2.7049477100372314,nan
4.5,8000,160,-1,8.47578484697297,10,8.476470947265625,-0.05013003200292587,-5.505117416381836,-1.0774353742599487,0.041628364473581314,23.5,1.8832601308822632,0.08013872897371332,39.0,nan,0,0.8245136737823486,-2.7775964736938477,nan
4.521,8000,160,-1,8.474734280272974,10,8.475357055664062,-0.046350836753845215,-4.491537570953369,-0.8790623545646667,0.12172259390354156,23.5,2.018007755279541,0.08587267043742727,39.0,nan,0,0.7682967782020569,-2.3859176635742188,nan
4.541,8000,160,-1,8.473764555273378,10,8.474334716796875,-0.05300876870751381,-11.231310844421387,-2.19813871383667,0.456114262342453,23.5,-0.8828738927841187,-0.037569101820600796,39.0,nan,0,0.7171702980995178,-2.338027238845825,nan
4.561,8000,160,-1,8.472737890722788,10,8.473358154296875,-0.0512835830450058,-3.5676002502441406,-0.6982337832450867,0.0033534651156514883,23.5,1.2156459093093872,0.05172961316210158,39.0,nan,0,0.6685863137245178,-2.7296688556671143,nan
4.581,8000,160,-1,8.471736507373139,10,8.47235107421875,-0.04396529868245125,-5.219645977020264,-1.0215643644332886,0.08060754835605621,23.5,1.9261279106140137,0.08196288981336228,38.0,nan,0,0.618563711643219,-2.262924909591675,nan
4.601,8000,160,-1,8.470737661523167,10,8.471267700195312,-0.05511721968650818,-2.1110615730285645,-0.41316694021224976,0.11800100654363632,23.5,0.7207270860671997,0.03066923770498722,39.0,nan,0,0.5638477802276611,-2.5973081588745117,nan
4.621,8000,160,-1,8.469732453222973,10,8.470260620117188,-0.05451768636703491,-3.431966781616211,-0.6716882586479187,-0.1198735460639,23.5,1.2619917392730713,0.05370177613927963,38.0,nan,0,0.5136406421661377,-3.0668065547943115,nan
4.64,8000,160,-1,8.468777565722853,10,8.469314575195312,-0.043918341398239136,-5.450035095214844,-0.8872295618057251,0.019771495833992958,23.5,1.5408408641815186,0.06556769634814973,39.0,nan,0,0.46631965041160583,-2.3035597801208496,nan
4.661,8000,160,-1,8.467732276122847,10,8.468307495117188,-0.04015053063631058,-6.646325588226318,-1.3007872104644775,0.08447777479887009,23.5,1.9810268878936768,0.0842990165061139,39.0,nan,0,0.4157797396183014,-1.757310390472412,nan
4.681,8000,160,-1,8.466729455273166,10,8.467376708984375,-0.046282410621643066,-5.40566873550415,-1.057971715927124,-0.004803160205483437,23.5,2.0397205352783203,0.08679661852248172,38.0,nan,0,0.36975470185279846,-2.235111713409424,nan
4.701,8000,160,-1,8.465720930272804,10,8.466476440429688,-0.04829971864819527,-5.699881076812744,-1.115553617477417,0.10507802665233612,23.5,2.325641632080078,0.09896347370553524,38.0,nan,0,0.32465383410453796,-2.603515148162842,nan
4.721,8000,160,-1,8.464761732373157,10,8.465545654296875,-0.043166033923625946,-6.664559364318848,-1.3043558597564697,0.08058616518974304,23.5,2.720489978790283,0.11576553101235247,39.0,nan,0,0.2782386839389801,-2.0234079360961914,nan
4.741,8000,160,-1,8.46373587822309,10,8.464508056640625,-0.04948357492685318,-5.3299078941345215,-1.0431442260742188,-0.25650522112846375,23.5,2.318307399749756,0.09865137871275557,38.0,nan,0,0.22620674967765808,-2.2004263401031494,nan
4.761,8000,160,-1,8.462733519873293,10,8.463592529296875,-0.051086071878671646,-6.606433391571045,-1.2929797172546387,0.1898447722196579,23.5,2.5842063426971436,0.10996622734881462,39.0,nan,0,0.1799742430448532,-2.691798686981201,nan
4.781,8000,160,-1,8.461731203222737,10,8.462600708007812,-0.04571819305419922,-6.951545715332031,-1.4108519554138184,0.05419189855456352,23.5,2.914275884628296,0.12401173977141684,39.0,nan,0,0.13101442158222198,-2.4034616947174072,nan
4.801,8000,160,-1,8.460735807372842,10,8.461578369140625,-0.05111386254429817,-5.745234966278076,-1.1244300603866577,-0.1285914182662964,23.5,2.483433485031128,0.10567802063962246,39.0,nan,0,0.07987569272518158,-2.4722049236297607,nan
4.821,8000,160,-1,8.459734040722836,10,8.460464477539062,-0.05569523200392723,-5.188258171081543,-1.0154211521148682,-0.10176347941160202,23.5,1.6618061065673828,0.07071515347095246,39.0,nan,0,0.024007337167859077,-2.6742701530456543,nan
4.841,8000,160,-1,8.458733453223251,10,8.45947265625,-0.04649847000837326,-6.203328609466553,-1.2140859365463257,-0.01272707711905241,23.5,2.3134875297546387,0.09844627786189952,39.0,nan,0,0.9745011925697327,-2.445324659347534,nan
4.86,8000,160,-1,8.457779021972968,10,8.458419799804688,-0.05730385705828667,-3.589975118637085,-0.7217391729354858,-0.03539213165640831,23.5,1.1128811836242676,0.04735664611167096,38.0,nan,0,0.9215949177742004,-2.6659793853759766,nan
4.881,8000,160,-1,8.456735759472943,10,8.4573974609375,-0.05208057910203934,-4.052464485168457,-0.7931291460990906,-0.0707278773188591,23.5,1.5274468660354614,0.0649977389802324,38.0,nan,0,0.8705045580863953,-2.6169114112854004,nan
4.901,8000,160,-1,8.455735344873395,10,8.4564208984375,-0.04695959389209747,-5.436903953552246,-1.0640850067138672,0.11407076567411423,23.5,2.0253820419311523,0.08618646986941074,39.0,nan,0,0.8220391869544983,-2.406198501586914,nan
4.921,8000,160,-1,8.454735788622932,10,8.455398559570312,-0.04809937998652458,-4.25740909576416,-0.8332397937774658,-0.03103051707148552,23.5,1.875839352607727,0.0798229511747969,39.0,nan,0,0.7703540921211243,-2.2761447429656982,nan
4.941,8000,160,-1,8.453735069873076,10,8.454299926757812,-0.055484890937805176,-5.25618314743042,-1.0287151336669922,-0.022127090021967888,23.5,1.2136950492858887,0.05164659784195271,38.0,nan,0,0.7158898711204529,-2.586507797241211,nan
4.961,8000,160,-1,8.452759736523152,10,8.45343017578125,-0.04556068778038025,-4.8476362228393555,-0.9487563371658325,0.05312570929527283,23.5,1.8099579811096191,0.07701948855785613,39.0,nan,0,0.6717678904533386,-2.41406512260437,nan
4.981,8000,160,-1,8.451737930272797,10,8.452392578125,-0.04718243330717087,-5.224367618560791,-1.0224883556365967,-0.041497524827718735,23.5,1.8621363639831543,0.0792398452758789,39.0,nan,0,0.6205557584762573,-2.2747669219970703,nan
5.001,8000,160,-1,8.450727167772861,10,8.451309204101562,-0.05376778542995453,-4.023116588592529,-0.7873852252960205,-0.07771198451519012,23.5,1.0531220436096191,0.04481370398338805,39.0,nan,0,0.5661588311195374,-2.5442051887512207,nan
5.021,8000,160,-1,8.449733505272892,10,8.450302124023438,-0.054188475012779236,-3.5382635593414307,-0.6924921274185181,-0.08942070603370667,23.5,1.2068450450897217,0.05135510830169029,39.0,nan,0,0.5158982276916504,-2.8380002975463867,nan
5.041,8000,160,-1,8.44873613652308,10,8.449295043945312,-0.04723628982901573,-4.216816425323486,-0.8252952098846436,0.09200718253850937,23.5,1.5602076053619385,0.06639181299412504,39.0,nan,0,0.46561574935913086,-2.3287129402160645,nan
5.061,8000,160,-1,8.447736559472837,10,8.44830322265625,-0.04734798148274422,-4.492507457733154,-0.8792521953582764,0.00761831272393465,23.5,1.5761001110076904,0.06706808983011449,39.0,nan,0,0.41595685482025146,-2.1372499465942383,nan
5.081,8000,160,-1,8.446736365723341,10,8.447418212890625,-0.04410563036799431,-5.287232875823975,-1.0347920656204224,-0.04873308539390564,23.5,2.1397595405578613,0.0910535974705473,39.0,nan,0,0.37135130167007446,-2.0360758304595947,nan
5.101,8000,160,-1,8.445731030272878,10,8.446533203125,-0.045945461839437485,-6.477048397064209,-1.2788786888122559,-0.013590293936431408,23.5,2.625016212463379,0.11170281755163315,39.0,nan,0,0.3271021246910095,-2.3955016136169434,nan
5.121,8000,160,-1,8.444725951123115,10,8.445541381835938,-0.046855177730321884,-6.410717964172363,-1.254675269126892,0.06172112748026848,23.5,2.5485997200012207,0.10845105191494556,39.0,nan,0,0.27763640880584717,-2.298661470413208,nan
5.141,8000,160,-1,8.443733290723326,10,8.444549560546875,-0.05086072161793709,-5.980122089385986,-1.1704010963439941,-0.02173350378870964,23.5,2.174952983856201,0.09255119080239153,39.0,nan,0,0.2282273918390274,-2.435999631881714,nan
5.161,8000,160,-1,8.44273531987274,10,8.443618774414062,-0.04920068755745888,-6.719120025634766,-1.3150341510772705,0.11463478207588196,23.5,2.9013571739196777,0.12346200740083735,39.0,nan,0,0.1815805733203888,-2.5761001110076904,nan
5.181,8000,160,-1,8.44173192197341,10,8.442626953125,-0.050629548728466034,-6.891205310821533,-1.3487138748168945,0.08419539034366608,23.5,2.535515308380127,0.10789426844170753,39.0,nan,0,0.13174523413181305,-2.4823012351989746,nan
5.201,8000,160,-1,8.44073715112318,10,8.441619873046875,-0.048878200352191925,-6.010451316833496,-1.1763370037078857,-0.14546877145767212,23.5,2.6486730575561523,0.1127094918109001,38.0,nan,0,0.08169204741716385,-2.405855417251587,nan
5.221,8000,160,-1,8.439737344872997,10,8.440505981445312,-0.059475988149642944,-3.09016489982605,-0.6047923564910889,-0.02456865832209587,23.5,1.2462352514266968,0.05303128729475305,39.0,nan,0,0.02608087845146656,-3.0351150035858154,nan
5.241,8000,160,-1,8.438737774023325,10,8.439407348632812,-0.04928971081972122,-5.504959583282471,-0.9947159290313721,0.0069540455006062984,23.5,1.8098225593566895,0.07701372593007189,38.0,nan,0,0.9710681438446045,-2.3970744609832764,nan
5.261,8000,160,-1,8.437752346973143,10,8.438446044921875,-0.05091892555356026,-5.680415153503418,-1.1117438077926636,0.2662111222743988,23.5,1.3221185207366943,0.05626036258454018,39.0,nan,0,0.9231499433517456,-2.387145757675171,nan
5.281,8000,160,-1,8.436736974023374,10,8.437408447265625,-0.05187593773007393,-3.807208776473999,-0.7451287508010864,-0.03952278569340706,23.5,1.553457260131836,0.06610456426092919,39.0,nan,0,0.8706920146942139,-2.5427627563476562,nan
5.301,8000,160,-1,8.43573775947298,10,8.436431884765625,-0.04943805932998657,-5.256504535675049,-1.028778076171875,-0.005683135241270065,23.5,1.9078350067138672,0.08118446837080286,39.0,nan,0,0.8221248388290405,-2.591745376586914,nan
5.321,8000,160,-1,8.434737153223253,10,8.435440063476562,-0.04993848875164986,-4.824037551879883,-0.944137692451477,0.1421993374824524,23.5,1.6465446949005127,0.07006573169789415,39.0,nan,0,0.7724065184593201,-2.441835641860962,nan
5.341,8000,160,-1,8.43373744902274,10,8.434310913085938,-0.05759603902697563,-4.982065200805664,-0.9750661849975586,-0.010781406424939632,23.5,1.2034322023391724,0.05120988095060308,39.0,nan,0,0.7163213491439819,-2.7372477054595947,nan
5.361,8000,160,-1,8.43273560737289,10,8.433364868164062,-0.0470195934176445,-3.617722511291504,-0.7080434560775757,0.14434309303760529,23.5,1.237710952758789,0.052668551181225064,39.0,nan,0,0.6690000891685486,-2.4026858806610107,nan
5.381,8000,160,-1,8.431736069873299,10,8.432373046875,-0.04842320829629898,-5.233492851257324,-1.0242743492126465,-0.07670809328556061,23.5,1.7964904308319092,0.07644640131199613,38.0,nan,0,0.6191021800041199,-2.6506969928741455,nan
5.401,8000,160,-1,8.430737503222922,10,8.431350708007812,-0.05077885091304779,-3.7829930782318115,-0.7403894662857056,-0.16096964478492737,23.5,1.38395357131958,0.05889164133274809,39.0,nan,0,0.5681357383728027,-2.389308214187622,nan
5.421,8000,160,-1,8.429743680272809,10,8.430328369140625,-0.05524379014968872,-2.962239980697632,-0.5797555446624756,0.03758365660905838,23.5,0.9371346235275269,0.03987806908627774,39.0,nan,0,0.517084002494812,-2.9207425117492676,nan
5.441,8000,160,-1,8.428744863623438,10,8.42926025390625,-0.04594564810395241,-4.944417953491211,-0.8792209029197693,0.010693354532122612,23.5,1.561814785003662,0.06646020361717711,39.0,nan,0,0.46399053931236267,-2.2136828899383545,nan
5.461,8000,160,-1,8.427736521972843,10,8.428375244140625,-0.03907053545117378,-6.416315078735352,-1.2557706832885742,0.03256174549460411,23.5,2.2756197452545166,0.09683488277678794,39.0,nan,0,0.41979026794433594,-1.9520403146743774,nan
5.481,8000,160,-1,8.426733803223037,10,8.42742919921875,-0.045656975358724594,-5.003831386566162,-0.9793261289596558,-0.03973499685525894,23.5,1.9868323802947998,0.08454605873594893,39.0,nan,0,0.3720915615558624,-2.124791383743286,nan
5.501,8000,160,-1,8.42574870737299,10,8.426559448242188,-0.04728849232196808,-6.747534275054932,-1.3205952644348145,0.08450774848461151,23.5,2.7594470977783203,0.11742328075652426,39.0,nan,0,0.3288199305534363,-2.3823044300079346,nan
5.521,8000,160,-1,8.424750155273072,10,8.42559814453125,-0.04613173007965088,-7.574115753173828,-1.4823698997497559,0.061071231961250305,23.5,2.906667470932007,0.12368797748646837,39.0,nan,0,0.28032684326171875,-2.5379745960235596,nan
5.541,8000,160,-1,8.423749405272979,10,8.424591064453125,-0.04788123071193695,-6.701544761657715,-1.3115944862365723,0.04452664777636528,23.5,2.4353466033935547,0.10363177035717254,39.0,nan,0,0.230417862534523,-2.262500762939453,nan
5.561,8000,160,-1,8.422732099023419,10,8.423614501953125,-0.050997018814086914,-6.882421016693115,-1.3469946384429932,-0.07715551555156708,23.5,2.8006885051727295,0.11917823426266934,39.0,nan,0,0.18159355223178864,-2.4827136993408203,nan
5.58,8000,160,-1,8.421774792773071,10,8.422744750976562,-0.046163082122802734,-7.244531154632568,-1.4178651571273804,-0.2019762098789215,23.5,3.3033077716827393,0.14056628815671232,39.0,nan,0,0.1375405341386795,-2.355720043182373,nan
5.601,8000,160,-1,8.420734867772994,10,8.421615600585938,-0.05117760971188545,-7.531761169433594,-1.5105199813842773,0.07762560248374939,23.5,2.6466078758239746,0.1126216117371904,39.0,nan,0,0.08137451112270355,-2.313276529312134,nan
5.62,8000,160,-1,8.419766996973344,10,8.42059326171875,-0.059279751032590866,-5.2934112548828125,-0.9171713590621948,0.034286342561244965,23.5,1.8346889019012451,0.07807186816601043,39.0,nan,0,0.030470121651887894,-3.03828501701355,nan
5.641,8000,160,-1,8.418735709472825,10,8.419387817382812,-0.05439550802111626,-4.201931953430176,-0.8223820924758911,0.01922507956624031,23.5,1.4832539558410645,0.06311718961025806,39.0,nan,0,0.9701550006866455,-2.614792585372925,nan
5.661,8000,160,-1,8.417732765722763,10,8.418472290039062,-0.04080340266227722,-7.271808624267578,-1.423203706741333,0.0504942387342453,23.5,2.3421661853790283,0.09966664618634163,39.0,nan,0,0.9240427613258362,-1.886572003364563,nan
5.68,8000,160,-1,8.416769515722995,10,8.41748046875,-0.054081209003925323,-4.583130359649658,-0.8599411845207214,-0.21924439072608948,23.5,1.7209335565567017,0.0732312151726256,39.0,nan,0,0.8747085928916931,-2.6116418838500977,nan
5.701,8000,160,-1,8.415735974023123,10,8.416488647460938,-0.050517600029706955,-5.50916051864624,-1.0782266855239868,0.005219691898673773,23.5,2.231458902359009,0.09495569797272378,39.0,nan,0,0.8248043656349182,-2.6180388927459717,nan
5.721,8000,160,-1,8.414737253222851,10,8.415451049804688,-0.050458572804927826,-4.862860202789307,-0.9517359137535095,0.07625997811555862,23.5,1.7803759574890137,0.0757606790420857,39.0,nan,0,0.7731524109840393,-2.5036048889160156,nan
5.741,8000,160,-1,8.413737063622834,10,8.41436767578125,-0.054134514182806015,-4.476211071014404,-0.87606281042099,-0.11963000148534775,23.5,1.448338270187378,0.06163141575265438,39.0,nan,0,0.7187321186065674,-2.6796646118164062,nan
5.761,8000,160,-1,8.412737019873026,10,8.413345336914062,-0.05169251188635826,-4.266315460205078,-0.8349829912185669,0.08191420137882233,23.5,1.3626950979232788,0.057987025443543776,39.0,nan,0,0.667938232421875,-2.566262722015381,nan
5.781,8000,160,-1,8.411733751123398,10,8.412399291992188,-0.04545155540108681,-5.710599899291992,-1.1176514625549316,-0.04547017067670822,23.5,2.162808895111084,0.09203442106855676,39.0,nan,0,0.6206216812133789,-2.6342766284942627,nan
5.801,8000,160,-1,8.410761611523053,10,8.411346435546875,-0.05114772170782089,-4.105384826660156,-0.7739195823669434,-0.09876417368650436,23.5,1.2592436075210571,0.05358483436259818,39.0,nan,0,0.5679498910903931,-2.1775636672973633,nan
5.821,8000,160,-1,8.409731753222882,10,8.410324096679688,-0.05482538416981697,-4.305149555206299,-0.842583417892456,-0.05112862214446068,23.5,1.3419831991195679,0.05710566804764119,39.0,nan,0,0.5168917179107666,-3.0204710960388184,nan
5.84,8000,160,-1,8.408779405272803,10,8.409347534179688,-0.04632085561752319,-4.517602920532227,-0.7902550101280212,-0.03888077661395073,23.5,1.453157663345337,0.061836496312567525,39.0,nan,0,0.4677492082118988,-2.325085401535034,nan
5.861,8000,160,-1,8.407735238622994,10,8.40838623046875,-0.03712501376867294,-6.669975280761719,-1.3054158687591553,0.06105854734778404,23.5,2.363985061645508,0.10059510900619183,39.0,nan,0,0.42027944326400757,-1.6570687294006348,nan
5.881,8000,160,-1,8.406738261523428,10,8.407470703125,-0.04753429442644119,-6.114141464233398,-1.1966307163238525,0.087296262383461,23.5,2.0452027320861816,0.08702990349302901,39.0,nan,0,0.3745703399181366,-2.2809133529663086,nan
5.901,8000,160,-1,8.405734496973313,10,8.406585693359375,-0.04661225527524948,-9.778816223144531,-1.9138634204864502,0.6650472283363342,23.5,3.019129514694214,0.12847359636996655,39.0,nan,0,0.3297768831253052,-2.3725757598876953,nan
5.921,8000,160,-1,8.404747799022884,10,8.405654907226562,-0.046268414705991745,-6.876264572143555,-1.3094916343688965,-0.15749192237854004,23.5,2.9888339042663574,0.12718442145814288,39.0,nan,0,0.2831382751464844,-2.432417392730713,nan
5.941,8000,160,-1,8.403747146973187,10,8.404632568359375,-0.0505245104432106,-6.8548479080200195,-1.3415982723236084,-0.016393816098570824,23.5,2.4379794597625732,0.10374380679840738,39.0,nan,0,0.23220179975032806,-2.5367543697357178,nan
5.961,8000,160,-1,8.40272836362274,10,8.403594970703125,-0.05367852747440338,-5.940605163574219,-1.1623485088348389,0.04409746453166008,23.5,2.465967893600464,0.10493480398299847,39.0,nan,0,0.18061766028404236,-2.763698101043701,nan
5.981,8000,160,-1,8.401734580272754,10,8.402755737304688,-0.03941560909152031,-8.779870986938477,-1.696562647819519,0.06042100116610527,23.5,3.6829240322113037,0.15672017158345974,39.0,nan,0,0.13807286322116852,-1.987998366355896,nan
6.001,8000,160,-1,8.400742474022994,10,8.40167236328125,-0.05672655627131462,-6.637219429016113,-1.2990050315856934,0.09425345063209534,23.5,2.144951343536377,0.0912745252568671,39.0,nan,0,0.08454080671072006,-2.7512784004211426,nan
6.021,8000,160,-1,8.3997352886232,10,8.400634765625,-0.05344109237194061,-5.930516719818115,-1.1606924533843994,0.0761197879910469,23.5,2.383089780807495,0.10140807577904234,39.0,nan,0,0.03255285322666168,-2.6901395320892334,nan
6.041,8000,160,-1,8.398736351123082,10,8.399444580078125,-0.05848131701350212,-3.866842746734619,-0.75680011510849,0.036622822284698486,23.5,1.459336519241333,0.06209942635069502,39.0,nan,0,0.9724804759025574,-2.9054853916168213,nan
6.061,8000,160,-1,8.397736859472937,10,8.398406982421875,-0.044339828193187714,-6.128312110900879,-1.1995481252670288,-0.025114169344305992,23.5,2.025790214538574,0.08620383891653507,39.0,nan,0,0.9211189150810242,-1.8207387924194336,nan
6.081,8000,160,-1,8.39673131362288,10,8.3974609375,-0.05344748869538307,-3.815272808074951,-0.7467070817947388,-0.2724214196205139,23.5,1.5918728113174438,0.06773926856669973,39.0,nan,0,0.8736928105354309,-2.7727088928222656,nan
6.101,8000,160,-1,8.395729638623019,10,8.396453857421875,-0.04865872859954834,-6.184417724609375,-1.2103848457336426,-0.0218815840780735,23.5,2.20884370803833,0.0939933492782268,39.0,nan,0,0.8232094049453735,-2.326141595840454,nan
6.121,8000,160,-1,8.39474541362288,10,8.395492553710938,-0.04649369791150093,-6.3273773193359375,-1.2383642196655273,0.22415092587471008,23.5,2.046104669570923,0.08706828381152863,39.0,nan,0,0.7755343914031982,-2.4049017429351807,nan
6.141,8000,160,-1,8.393740394873024,10,8.394378662109375,-0.05685552582144737,-3.77169132232666,-0.738177478313446,-0.10896028578281403,23.5,1.2352088689804077,0.05256207953108118,39.0,nan,0,0.7193236947059631,-2.7409555912017822,nan
6.161,8000,160,-1,8.392730644872794,10,8.393341064453125,-0.05111202970147133,-5.245129108428955,-1.0265517234802246,-0.0376385822892189,23.5,1.5778560638427734,0.06714281122735206,39.0,nan,0,0.6678277850151062,-2.5204226970672607,nan
6.181,8000,160,-1,8.391732409472755,10,8.392440795898438,-0.042184870690107346,-5.748011112213135,-1.1249734163284302,-0.08160153776407242,23.5,2.3725426197052,0.10095926041298724,39.0,nan,0,0.6226652264595032,-2.2489683628082275,nan
6.201,8000,160,-1,8.39073628862316,10,8.391387939453125,-0.05526422709226608,-4.415774822235107,-0.9908673763275146,0.08769083023071289,23.5,1.185704231262207,0.05045549920264711,39.0,nan,0,0.5699915289878845,-2.7796859741210938,nan
6.221,8000,160,-1,8.389736794873173,10,8.390396118164062,-0.05126451328396797,-4.495474815368652,-0.879832923412323,-0.1754160225391388,23.5,1.7560926675796509,0.07472734755658089,39.0,nan,0,0.5207187533378601,-2.9093167781829834,nan
6.241,8000,160,-1,8.388731357373038,10,8.3892822265625,-0.05305591970682144,-3.087099313735962,-0.6041923761367798,-0.1365227997303009,23.5,1.406577467918396,0.05985436033695302,39.0,nan,0,0.46496260166168213,-2.6131577491760254,nan
6.261,8000,160,-1,8.387733974023288,10,8.38836669921875,-0.03873853385448456,-6.171933174133301,-1.2079414129257202,0.0591815784573555,23.5,2.233234167098999,0.0950312411531489,39.0,nan,0,0.41926631331443787,-1.76030433177948,nan
6.281,8000,160,-1,8.386730161523158,10,8.387481689453125,-0.04485701769590378,-7.114267349243164,-1.392370581626892,0.053065225481987,23.5,2.451324701309204,0.10431168941741294,39.0,nan,0,0.3750057518482208,-2.170849084854126,nan
6.301,8000,160,-1,8.385733621972761,10,8.3865966796875,-0.047466326504945755,-7.291865348815918,-1.4271292686462402,-0.093106709420681,23.5,3.010110855102539,0.12808982362138463,39.0,nan,0,0.33031269907951355,-2.334916591644287,nan
6.321,8000,160,-1,8.38473247197326,10,8.385665893554688,-0.04295320436358452,-8.486929893493652,-1.6063742637634277,0.15681836009025574,23.5,3.3871140480041504,0.14413251268102767,39.0,nan,0,0.28376561403274536,-2.1982791423797607,nan
6.341,8000,160,-1,8.383734880272826,10,8.384689331054688,-0.047743987292051315,-7.971114158630371,-1.5600684881210327,-0.02851581573486328,23.5,3.0136890411376953,0.1282420868569232,39.0,nan,0,0.2348126620054245,-2.3039591312408447,nan
6.361,8000,160,-1,8.382736430272782,10,8.383697509765625,-0.053710516542196274,-7.105431079864502,-1.390641212463379,0.1276116520166397,23.5,2.9284305572509766,0.124614066265999,39.0,nan,0,0.18560807406902313,-3.0218312740325928,nan
6.381,8000,160,-1,8.381735351122918,10,8.382720947265625,-0.0436009056866169,-7.2212724685668945,-1.4133131504058838,-0.14815238118171692,23.5,3.593742847442627,0.15292522755075008,39.0,nan,0,0.13668258488178253,-2.1536612510681152,nan
6.401,8000,160,-1,8.380736657373202,10,8.381698608398438,-0.05244618281722069,-7.392029285430908,-1.4467328786849976,0.06524448841810226,23.5,2.8015503883361816,0.11921491014196518,39.0,nan,0,0.08579877763986588,-2.5944387912750244,nan
6.421,8000,160,-1,8.379731315722895,10,8.380569458007812,-0.05703464522957802,-5.481330394744873,-1.072779893875122,-0.1438276767730713,23.5,2.4274115562438965,0.10329410877633602,39.0,nan,0,0.02934446558356285,-3.0205020904541016,nan
6.441,8000,160,-1,8.37873339277285,10,8.379440307617188,-0.05824160948395729,-4.143853187561035,-0.811015248298645,0.0014763096114620566,23.5,1.3726961612701416,0.058412602607240065,39.0,nan,0,0.972920298576355,-3.1037065982818604,nan
6.461,8000,160,-1,8.377733301123229,10,8.37835693359375,-0.0458800382912159,-5.710596084594727,-1.1176507472991943,-0.0015274533070623875,23.5,1.5982178449630737,0.06800926999842867,39.0,nan,0,0.9184376001358032,-1.9112800359725952,nan
6.481,8000,160,-1,8.376738767773352,10,8.377517700195312,-0.04368683323264122,-7.12448263168335,-1.3943698406219482,-0.12064024060964584,23.5,2.766817092895508,0.1177368975700216,39.0,nan,0,0.8768194913864136,-2.3158910274505615,nan
6.501,8000,160,-1,8.37573422197311,10,8.376480102539062,-0.05333174020051956,-5.798543453216553,-1.1348633766174316,0.06710468977689743,23.5,2.0568201541900635,0.08752426188042824,39.0,nan,0,0.8250066637992859,-2.823396921157837,nan
6.521,8000,160,-1,8.374733576123257,10,8.375534057617188,-0.043750133365392685,-6.437758922576904,-1.259967565536499,0.04254361614584923,23.5,2.3602676391601562,0.10043692081532579,39.0,nan,0,0.7772784233093262,-2.1956820487976074,nan
6.541,8000,160,-1,8.373734853223144,10,8.374420166015625,-0.05729244276881218,-4.8890461921691895,-0.9712612628936768,0.0013450398109853268,23.5,1.5954519510269165,0.0678915723841241,39.0,nan,0,0.72176593542099,-2.9015352725982666,nan
6.56,8000,160,-1,8.372783361523037,10,8.373428344726562,-0.05347460135817528,-4.313055992126465,-0.8441307544708252,-0.002005121437832713,23.5,1.551942229270935,0.06604009486259298,39.0,nan,0,0.6721861958503723,-2.844432830810547,nan
6.58,8000,160,-1,8.37176972822272,10,8.372406005859375,-0.04473407194018364,-5.2784600257873535,-1.0330750942230225,0.07696817070245743,23.5,2.148843765258789,0.09144016022377825,39.0,nan,0,0.6210262775421143,-2.3959996700286865,nan
6.602,8000,160,-1,8.370714094873259,10,8.371383666992188,-0.04661662131547928,-6.394952774047852,-1.2515896558761597,0.05902639031410217,23.5,1.6841685771942139,0.07166674796571122,39.0,nan,0,0.5701411962509155,-2.5381388664245605,nan
6.621,8000,160,-1,8.369734907372916,10,8.370437622070312,-0.05168470740318298,-5.310717582702637,-1.0393884181976318,0.032252416014671326,23.5,1.5438015460968018,0.06569368281262986,39.0,nan,0,0.5223302841186523,-2.728360176086426,nan
6.641,8000,160,-1,8.36873213237341,10,8.369308471679688,-0.0569269172847271,-3.5863728523254395,-0.7019078135490417,0.025231560692191124,23.5,1.1542912721633911,0.04911877753886771,39.0,nan,0,0.4658792018890381,-2.9176230430603027,nan
6.661,8000,160,-1,8.367734203222792,10,8.368377685546875,-0.03836976736783981,-5.457005500793457,-1.068019151687622,0.051341962069272995,23.5,2.1251490116119385,0.09043187283455058,39.0,nan,0,0.41963034868240356,-1.8721611499786377,nan
6.681,8000,160,-1,8.366732474022868,10,8.36749267578125,-0.043156109750270844,-7.383880138397217,-1.445137858390808,-0.02795613370835781,23.5,2.787069082260132,0.11859868435149497,39.0,nan,0,0.37534382939338684,-2.0890579223632812,nan
6.701,8000,160,-1,8.36573228652342,10,8.366622924804688,-0.044470131397247314,-6.760998725891113,-1.323230504989624,0.007753896992653608,23.5,3.2032151222229004,0.13630702647757023,39.0,nan,0,0.3317835032939911,-2.3167803287506104,nan
6.721,8000,160,-1,8.364733484473257,10,8.365707397460938,-0.043403614312410355,-8.258657455444336,-1.6163452863693237,0.1057363897562027,23.5,3.4920766353607178,0.14859900576003054,39.0,nan,0,0.2860443592071533,-1.970967173576355,nan
6.741,8000,160,-1,8.363735349023049,10,8.364730834960938,-0.05221641808748245,-7.667265892028809,-1.500600814819336,-0.2739846706390381,23.5,3.246516466140747,0.13814963685705306,39.0,nan,0,0.23693528771400452,-2.695145606994629,nan
6.761,8000,160,-1,8.362734811523119,10,8.363723754882812,-0.052203841507434845,-7.965914726257324,-1.4233343601226807,0.046641312539577484,23.5,3.201944351196289,0.1362529511147357,39.0,nan,0,0.1867607682943344,-2.7591493129730225,nan
6.781,8000,160,-1,8.36175693652331,10,8.362701416015625,-0.047604598104953766,-7.932741165161133,-1.552558422088623,-0.05451551079750061,23.5,3.157790184020996,0.13437405038387218,39.0,nan,0,0.13553476333618164,-2.242363214492798,nan
6.801,8000,160,-1,8.360733744873144,10,8.361740112304688,-0.04552818089723587,-8.434589385986328,-1.6507776975631714,0.09889593720436096,23.5,3.34977650642395,0.14254368112442342,39.0,nan,0,0.08792110532522202,-2.3435463905334473,nan
6.821,8000,160,-1,8.359761749023168,10,8.360671997070312,-0.059849534183740616,-5.563762664794922,-1.0889132022857666,-0.053214892745018005,23.5,2.2412705421447754,0.09537321455935215,39.0,nan,0,0.034400444477796555,-2.8217740058898926,nan
6.841,8000,160,-1,8.358736021973167,10,8.35955810546875,-0.05532688647508621,-5.225739479064941,-1.0216765403747559,-0.07916073501110077,23.5,2.1572837829589844,0.09179930991314827,39.0,nan,0,0.9781957268714905,-3.061600685119629,nan
6.861,8000,160,-1,8.357735061523275,10,8.358352661132812,-0.05260144919157028,-3.809858798980713,-0.7456474304199219,0.028073593974113464,23.5,1.2860769033432007,0.05472667673800854,39.0,nan,0,0.9182373285293579,-2.2398836612701416,nan
6.881,8000,160,-1,8.356743480273147,10,8.357467651367188,-0.04323646053671837,-6.280356407165527,-1.2291615009307861,0.060943614691495895,23.5,2.3262670040130615,0.09899008527715156,39.0,nan,0,0.8740423917770386,-1.9970766305923462,nan
6.901,8000,160,-1,8.355735013623056,10,8.356536865234375,-0.052975550293922424,-5.962036609649658,-1.1668614149093628,0.18630294501781464,23.5,2.318589448928833,0.09866338080548226,39.0,nan,0,0.8274880051612854,-2.952505350112915,nan
6.921,8000,160,-1,8.354735911523315,10,8.355545043945312,-0.045150842517614365,-6.923298358917236,-1.3549950122833252,0.040560685098171234,23.5,2.6366841793060303,0.11219932677898001,39.0,nan,0,0.7776688933372498,-2.2434210777282715,nan
6.941,8000,160,-1,8.3537404469731,10,8.354446411132812,-0.05535375326871872,-4.383703231811523,-0.7785043716430664,-0.05134929344058037,23.5,1.5133148431777954,0.0643963763054381,39.0,nan,0,0.7229453921318054,-2.7513368129730225,nan
6.961,8000,160,-1,8.352735192773256,10,8.353439331054688,-0.05307518690824509,-4.855130195617676,-0.9836878180503845,-0.04088632017374039,23.5,1.7412688732147217,0.07409654779637113,39.0,nan,0,0.6724603176116943,-2.580549478530884,nan
6.981,8000,160,-1,8.35174203027273,10,8.3524169921875,-0.044518742710351944,-5.222997188568115,-1.0222201347351074,-0.071808822453022,23.5,2.1272270679473877,0.09052030076371863,39.0,nan,0,0.6215179562568665,-2.1156930923461914,nan
7.001,8000,160,-1,8.350727832373382,10,8.351409912109375,-0.0476033054292202,-5.806771755218506,-1.1364737749099731,-0.029052361845970154,23.5,1.8414864540100098,0.0783611257025536,39.0,nan,0,0.57124924659729,-2.3084449768066406,nan
7.021,8000,160,-1,8.349735461523236,10,8.350418090820312,-0.052281249314546585,-3.121661424636841,-0.6109567284584045,0.10207217931747437,23.5,1.2654366493225098,0.05384836805627701,39.0,nan,0,0.5216299891471863,-2.902925968170166,nan
7.041,8000,160,-1,8.348731003222932,10,8.349349975585938,-0.052902255207300186,-4.27640438079834,-0.836957573890686,-0.022877488285303116,23.5,1.4646058082580566,0.06232365141523645,39.0,nan,0,0.4677755534648895,-2.7422263622283936,nan
7.061,8000,160,-1,8.347736069872921,10,8.348358154296875,-0.04321078211069107,-5.037281036376953,-1.0421868562698364,-0.0849093496799469,23.5,1.9399900436401367,0.0825527678144739,39.0,nan,0,0.4183467626571655,-1.86685311794281,nan
7.081,8000,160,-1,8.346734067772926,10,8.347457885742188,-0.04209467023611069,-7.235194206237793,-1.4160377979278564,0.119331955909729,23.5,2.39552640914917,0.10193729400634766,39.0,nan,0,0.3738088011741638,-1.8935598134994507,nan
7.101,8000,160,-1,8.345734124023151,10,8.34661865234375,-0.047607678920030594,-7.695511817932129,-1.5061290264129639,-0.04427275061607361,23.5,3.1299455165863037,0.1331891709185661,39.0,nan,0,0.3317161202430725,-2.5463688373565674,nan
7.121,8000,160,-1,8.34474699277344,10,8.345703125,-0.04211625084280968,-8.725584030151367,-1.654289722442627,0.03254497051239014,23.5,3.6886703968048096,0.15696469773637486,39.0,nan,0,0.28562214970588684,-2.042750358581543,nan
7.14,8000,160,-1,8.34377493027278,10,8.344833374023438,-0.04414961114525795,-9.042749404907227,-1.7698038816452026,-0.060317959636449814,23.5,3.821836471557617,0.16263133921521775,39.0,nan,0,0.24226322770118713,-2.266435384750366,nan
7.161,8000,160,-1,8.342735519872807,10,8.343795776367188,-0.0525321364402771,-7.422430992126465,-1.4609140157699585,0.05843112990260124,23.5,3.473404884338379,0.14780446316333526,39.0,nan,0,0.19047975540161133,-2.910386562347412,nan
7.181,8000,160,-1,8.34173491152324,10,8.342727661132812,-0.050856813788414,-7.558215618133545,-1.4792579412460327,-0.11377709358930588,23.5,2.725541114807129,0.11598047297051613,39.0,nan,0,0.13689596951007843,-2.430614948272705,nan
7.2,8000,160,-1,8.340769682372779,10,8.341781616210938,-0.04662508890032768,-8.22622299194336,-1.6099971532821655,0.11375366151332855,23.5,3.558103561401367,0.1514086621872922,39.0,nan,0,0.089696504175663,-2.256437301635742,nan
7.22,8000,160,-1,8.339779946973435,10,8.340805053710938,-0.057254984974861145,-6.539700984954834,-1.279919147491455,0.09519882500171661,23.5,2.9674172401428223,0.12627307404863072,39.0,nan,0,0.04078274220228195,-3.0203113555908203,nan
7.241,8000,160,-1,8.338750559472832,10,8.339584350585938,-0.052847638726234436,-5.755464553833008,-1.096146821975708,0.03807367384433746,23.5,2.3752479553222656,0.10107438107754321,39.0,nan,0,0.980139970779419,-2.6382744312286377,nan
7.26,8000,160,-1,8.3377741969729,10,8.338409423828125,-0.05952370911836624,-3.6918108463287354,-0.7225436568260193,0.06723590195178986,23.5,1.0010130405426025,0.042596299597557556,39.0,nan,0,0.9207627773284912,-2.74568247795105,nan
7.281,8000,160,-1,8.336735165723079,10,8.337417602539062,-0.04621125012636185,-6.1553425788879395,-1.204694390296936,-0.10647013038396835,23.5,2.0242578983306885,0.08613863397151866,39.0,nan,0,0.8719618320465088,-2.1978414058685303,nan
7.301,8000,160,-1,8.33573348027276,10,8.336563110351562,-0.04794782027602196,-6.708166599273682,-1.3128905296325684,0.10059693455696106,23.5,2.686734676361084,0.11432913516430145,39.0,nan,0,0.8289297223091125,-2.5611464977264404,nan
7.321,8000,160,-1,8.334733015723035,10,8.3355712890625,-0.04492712393403053,-7.933931827545166,-1.5527914762496948,-0.058888029307127,23.5,2.747997760772705,0.11693607492649809,39.0,nan,0,0.7792434096336365,-2.0263636112213135,nan
7.341,8000,160,-1,8.33373244902323,10,8.334503173828125,-0.053669411689043045,-4.941595554351807,-0.967483639717102,-0.03944850340485573,23.5,1.88447105884552,0.08019025782321362,39.0,nan,0,0.7260921001434326,-2.662208318710327,nan
7.361,8000,160,-1,8.332758349023063,10,8.33349609375,-0.054528526961803436,-5.23549222946167,-0.9624382853507996,-0.09169360250234604,23.5,1.818979024887085,0.07740336276115255,39.0,nan,0,0.6752054691314697,-2.6599814891815186,nan
7.381,8000,160,-1,8.331736359473146,10,8.332427978515625,-0.04894259199500084,-5.508569717407227,-1.0781110525131226,-0.01657184213399887,23.5,1.957672119140625,0.08330519655917554,39.0,nan,0,0.6217065453529358,-2.3594300746917725,nan
7.4,8000,160,-1,8.330776709473142,10,8.33148193359375,-0.046332113444805145,-6.169261932373047,-1.20741868019104,-0.08747291564941406,23.5,2.0026347637176514,0.08521850058372984,39.0,nan,0,0.5745067000389099,-2.333451986312866,nan
7.421,8000,160,-1,8.329737253222996,10,8.330413818359375,-0.05377670004963875,-4.64470911026001,-0.9090403914451599,0.11463140696287155,23.5,1.4373664855957031,0.06116453130194481,39.0,nan,0,0.5215449333190918,-2.916259527206421,nan
7.441,8000,160,-1,8.328746203223275,10,8.329376220703125,-0.05088776350021362,-4.567392826080322,-0.8939084410667419,0.00587964802980423,23.5,1.5799922943115234,0.06723371465155419,39.0,nan,0,0.46912312507629395,-2.5370800495147705,nan
7.461,8000,160,-1,8.327733730273033,10,8.328384399414062,-0.04567931219935417,-4.984220027923584,-0.9754878878593445,0.09530030190944672,23.5,1.8508362770080566,0.07875899051098113,39.0,nan,0,0.41958948969841003,-2.097799301147461,nan
7.481,8000,160,-1,8.326732346972861,10,8.327468872070312,-0.041687481105327606,-6.70540189743042,-1.3123493194580078,0.0014651934616267681,23.5,2.4926793575286865,0.1060714620224973,39.0,nan,0,0.3739137649536133,-2.0411438941955566,nan
7.501,8000,160,-1,8.325734836523045,10,8.32666015625,-0.043940041214227676,-8.108565330505371,-1.5869698524475098,-0.003185670357197523,23.5,3.7262611389160156,0.15856430378366024,39.0,nan,0,0.3337676227092743,-2.3229775428771973,nan
7.522,8000,160,-1,8.324714099022824,10,8.32574462890625,-0.042587265372276306,-9.69643783569336,-1.8977408409118652,0.12147422134876251,23.5,3.925211191177368,0.1670302634543561,39.0,nan,0,0.2876301407814026,-2.0619521141052246,nan
7.541,8000,160,-1,8.323735903223135,10,8.324798583984375,-0.048746757209300995,-8.84203052520752,-1.6289076805114746,0.06015989929437637,23.5,3.667905330657959,0.15608107790033868,39.0,nan,0,0.24022509157657623,-2.4952051639556885,nan
7.561,8000,160,-1,8.322734917773053,10,8.323822021484375,-0.05228400602936745,-7.689670562744141,-1.5408575534820557,-0.0002905565488617867,23.5,3.952381134033203,0.16818643123545546,39.0,nan,0,0.19188107550144196,-2.962733507156372,nan
7.581,8000,160,-1,8.321736994873211,10,8.322769165039062,-0.049829304218292236,-7.675581932067871,-1.5022284984588623,0.11702318489551544,23.5,3.3217244148254395,0.14134997509895486,39.0,nan,0,0.13917461037635803,-2.5134525299072266,nan
7.601,8000,160,-1,8.320737417772763,10,8.321746826171875,-0.04649360105395317,-8.305871963500977,-1.6255857944488525,-0.002123445039615035,23.5,3.375154972076416,0.14362361583303898,39.0,nan,0,0.08798711001873016,-2.0073156356811523,nan
7.621,8000,160,-1,8.319761349022885,10,8.320816040039062,-0.05424042418599129,-7.004291534423828,-1.3708466291427612,0.04136359691619873,23.5,3.4421815872192383,0.14647581222209524,39.0,nan,0,0.041032660752534866,-2.8647525310516357,nan
7.641,8000,160,-1,8.318735388622738,10,8.319580078125,-0.05790914222598076,-4.054908275604248,-1.0359129905700684,0.00727951480075717,23.5,2.1280646324157715,0.09055594180492645,39.0,nan,0,0.9796748161315918,-2.946197032928467,nan
7.661,8000,160,-1,8.31773699902333,10,8.318435668945312,-0.05707051604986191,-3.930394411087036,-0.7692381143569946,-0.0912366658449173,23.5,1.391279935836792,0.05920340152496987,39.0,nan,0,0.922511875629425,-2.753864049911499,nan
7.681,8000,160,-1,8.316757857373162,10,8.317428588867188,-0.04920976981520653,-5.506250858306885,-1.0776572227478027,0.0354025773704052,23.5,1.7605867385864258,0.07491858462069897,39.0,nan,0,0.8719221353530884,-2.32348895072937,nan
7.701,8000,160,-1,8.315737490723407,10,8.316574096679688,-0.04256298020482063,-6.872077941894531,-1.344970464706421,-0.08697600662708282,23.5,3.1760122776031494,0.13514945862141062,39.0,nan,0,0.8289877772331238,-2.295868158340454,nan
7.721,8000,160,-1,8.314744159473051,10,8.315628051757812,-0.045862987637519836,-6.642373561859131,-1.300013780593872,0.14405855536460876,23.5,2.735032796859741,0.11638437433445707,39.0,nan,0,0.7820495963096619,-2.489825963973999,nan
7.741,8000,160,-1,8.31373140947326,10,8.314529418945312,-0.05275590345263481,-5.068146228790283,-0.9919134378433228,-0.07493732869625092,23.5,2.010758876800537,0.08556420752342711,39.0,nan,0,0.7274333238601685,-2.579824209213257,nan
7.761,8000,160,-1,8.312733846973426,10,8.313491821289062,-0.055619195103645325,-5.23581075668335,-1.0247279405593872,0.004672672599554062,23.5,1.815241813659668,0.07724433249615609,39.0,nan,0,0.6751031279563904,-2.807715654373169,nan
7.781,8000,160,-1,8.311732609473259,10,8.31243896484375,-0.0503854975104332,-5.6608147621154785,-1.107907772064209,-0.030494457110762596,23.5,2.0584425926208496,0.08759330181365317,39.0,nan,0,0.6224908232688904,-2.6991333961486816,nan
7.801,8000,160,-1,8.310734321972998,10,8.311431884765625,-0.04570271447300911,-5.954814434051514,-1.1552002429962158,0.13605937361717224,23.5,1.7269059419631958,0.07348535923247641,39.0,nan,0,0.5721530318260193,-1.9831421375274658,nan
7.821,8000,160,-1,8.309748263622899,10,8.310501098632812,-0.05074898153543472,-6.88468074798584,-1.1160781383514404,-0.025115177035331726,23.5,1.9809322357177734,0.08429498875394781,39.0,nan,0,0.5258697867393494,-2.675654172897339,nan
7.841,8000,160,-1,8.308735819873258,10,8.309371948242188,-0.056504443287849426,-4.400864601135254,-0.8613163232803345,0.07289978861808777,23.5,1.3779454231262207,0.058635975452179606,39.0,nan,0,0.4693722724914551,-2.775765895843506,nan
7.861,8000,160,-1,8.307736615723119,10,8.30841064453125,-0.04612262174487114,-5.330427169799805,-1.0432459115982056,0.17596620321273804,23.5,1.9825656414031982,0.0843644953788595,39.0,nan,0,0.4208315312862396,-2.2506799697875977,nan
7.881,8000,160,-1,8.306753907373063,10,8.3074951171875,-0.044954556971788406,-6.653934001922607,-1.3022762537002563,0.05709575116634369,23.5,2.342479944229126,0.09967999762677132,39.0,nan,0,0.37506940960884094,-2.0837247371673584,nan
7.901,8000,160,-1,8.305736765723127,10,8.306610107421875,-0.04539307579398155,-7.696869373321533,-1.506394624710083,0.03408990055322647,23.5,3.471168041229248,0.14770927835018077,39.0,nan,0,0.3311367332935333,-2.308053493499756,nan
7.921,8000,160,-1,8.30475847822309,10,8.305816650390625,-0.03846306353807449,-9.85764217376709,-1.922363519668579,0.005419218447059393,23.5,4.513828754425049,0.1920778193372361,39.0,nan,0,0.2916608154773712,-2.160982608795166,nan
7.941,8000,160,-1,8.303731913623055,10,8.304824829101562,-0.049221768975257874,-8.328516006469727,-1.6300175189971924,-0.0008619881700724363,23.5,3.767819881439209,0.16033276091230678,39.0,nan,0,0.24167996644973755,-2.3502252101898193,nan
7.961,8000,160,-1,8.302735840722749,10,8.30389404296875,-0.04988409951329231,-8.156296730041504,-1.7339794635772705,-0.11732426285743713,23.5,4.452620506286621,0.18947321303347323,39.0,nan,0,0.19535665214061737,-2.7564806938171387,nan
7.981,8000,160,-1,8.301733644872733,10,8.302810668945312,-0.048831768333911896,-8.490614891052246,-1.661742925643921,0.22660814225673676,23.5,3.658658027648926,0.15568757564463515,39.0,nan,0,0.14106422662734985,-2.3641698360443115,nan
8.001,8000,160,-1,8.300737763623333,10,8.301773071289062,-0.05132218822836876,-6.826354503631592,-1.3360216617584229,-0.12363585084676743,23.5,3.166550874710083,0.13474684573234397,39.0,nan,0,0.0889386460185051,-2.291738748550415,nan
8.021,8000,160,-1,8.29976490947302,10,8.30084228515625,-0.05098564550280571,-7.96756649017334,-1.5593743324279785,0.0256875641644001,23.5,3.750669479370117,0.15960295656894116,39.0,nan,0,0.042601361870765686,-2.7666172981262207,nan
8.041,8000,160,-1,8.298730142773278,10,8.299636840820312,-0.06093237176537514,-3.928293228149414,-0.7688269019126892,-0.09463739395141602,23.5,1.8907506465911865,0.08045747432302922,39.0,nan,0,0.9826846718788147,-3.241713047027588,nan
8.061,8000,160,-1,8.297736561523202,10,8.298492431640625,-0.052980806678533554,-5.507937908172607,-1.0779874324798584,-0.023267827928066254,23.5,1.8049583435058594,0.07680673802152593,39.0,nan,0,0.925218403339386,-2.5586156845092773,nan
8.081,8000,160,-1,8.296733051123015,10,8.297409057617188,-0.05503012612462044,-4.513618469238281,-0.8833839297294617,-0.08485372364521027,23.5,1.5993908643722534,0.06805918571796823,39.0,nan,0,0.8709577918052673,-2.441089630126953,nan
8.101,8000,160,-1,8.295735378222894,10,8.296493530273438,-0.04750056192278862,-5.755701065063477,-1.1264784336090088,-0.057191889733076096,23.5,2.4484965801239014,0.10419134383505964,39.0,nan,0,0.8256334066390991,-2.406243324279785,nan
8.121,8000,160,-1,8.294742894873348,10,8.295608520507812,-0.043905336409807205,-6.9087958335876465,-1.352156639099121,-0.0965915322303772,23.5,3.1824536323547363,0.1354235588236058,39.0,nan,0,0.7810579538345337,-2.198735237121582,nan
8.141,8000,160,-1,8.29374795737313,10,8.294586181640625,-0.050132572650909424,-5.7609405517578125,-1.245553970336914,-0.16313672065734863,23.5,2.3623485565185547,0.10052547049015126,39.0,nan,0,0.7300617098808289,-2.39910888671875,nan
8.161,8000,160,-1,8.29273809697334,10,8.293563842773438,-0.05474736914038658,-5.881411075592041,-1.1510818004608154,0.1673651933670044,23.5,2.0542263984680176,0.08741388929651138,39.0,nan,0,0.6785709261894226,-2.853062629699707,nan
8.181,8000,160,-1,8.291741024023217,10,8.29248046875,-0.048687856644392014,-6.170973777770996,-1.2077536582946777,-0.1309681236743927,23.5,2.311326503753662,0.09835431930866648,39.0,nan,0,0.6246577501296997,-2.323007345199585,nan
8.201,8000,160,-1,8.290735888623026,10,8.291427612304688,-0.05089586600661278,-5.545552730560303,-1.085349202156067,-0.043878182768821716,23.5,1.707301378250122,0.0726511224787286,39.0,nan,0,0.5716855525970459,-2.3152568340301514,nan
8.221,8000,160,-1,8.289735103223215,10,8.290496826171875,-0.04772012308239937,-6.179046630859375,-1.2093336582183838,-0.011715835891664028,23.5,2.2732417583465576,0.09673369184453437,39.0,nan,0,0.5256661176681519,-2.4396417140960693,nan
8.241,8000,160,-1,8.288734396972727,10,8.289398193359375,-0.05763250216841698,-4.377836227416992,-0.7600489854812622,-0.046717897057533264,23.5,1.5271859169006348,0.06498663476172914,39.0,nan,0,0.47072502970695496,-3.0247836112976074,nan
8.261,8000,160,-1,8.28773799902338,10,8.288406372070312,-0.04005611687898636,-6.233467102050781,-1.219984531402588,0.12798567116260529,23.5,2.152050018310547,0.09157659652385305,39.0,nan,0,0.42122215032577515,-1.8318661451339722,nan
8.281,8000,160,-1,8.28673268862331,10,8.287490844726562,-0.04643384367227554,-5.989097595214844,-1.1721577644348145,0.11689604818820953,23.5,2.3156015872955322,0.09853623775725669,39.0,nan,0,0.37504589557647705,-2.1368789672851562,nan
8.3,8000,160,-1,8.285767199023399,10,8.286697387695312,-0.04382766783237457,-8.341273307800293,-1.6325143575668335,0.05828249454498291,23.5,3.7216637134552,0.1583686686576681,39.0,nan,0,0.33533912897109985,-2.2315170764923096,nan
8.321,8000,160,-1,8.28473574277305,10,8.285797119140625,-0.042001765221357346,-9.275662422180176,-1.9089014530181885,0.10590757429599762,23.5,4.255710601806641,0.1810940681619847,39.0,nan,0,0.2904130220413208,-2.2080912590026855,nan
8.341,8000,160,-1,8.283737190723336,10,8.284820556640625,-0.04967622086405754,-8.842469215393066,-1.6739821434020996,-0.06893957406282425,23.5,3.865152359008789,0.16447456846845912,39.0,nan,0,0.24201394617557526,-2.4993953704833984,nan
8.361,8000,160,-1,8.282737155273212,10,8.283905029296875,-0.04802145063877106,-9.058831214904785,-1.772951364517212,0.12543849647045135,23.5,4.567115783691406,0.19434535249750665,39.0,nan,0,0.196171835064888,-2.653270721435547,nan
8.381,8000,160,-1,8.281736882372938,10,8.2828369140625,-0.05187583342194557,-9.02591323852539,-1.766508936882019,0.061271872371435165,23.5,3.4873366355895996,0.14839730364211062,39.0,nan,0,0.1423291116952896,-2.645073652267456,nan
8.401,8000,160,-1,8.280737313623108,10,8.28173828125,-0.05367386341094971,-6.939537048339844,-1.358173131942749,-0.10164779424667358,23.5,3.0571045875549316,0.13008955691723115,39.0,nan,0,0.08764282613992691,-2.569166421890259,nan
8.421,8000,160,-1,8.27974903652285,10,8.280792236328125,-0.04866071417927742,-7.984435558319092,-1.602895975112915,-0.063416987657547,23.5,3.7203147411346436,0.1583112655801976,39.0,nan,0,0.040235843509435654,-2.469329595565796,nan
8.441,8000,160,-1,8.278736761523037,10,8.279739379882812,-0.05408262461423874,-6.405133247375488,-1.253582239151001,0.15446950495243073,23.5,2.9081602096557617,0.1237514982832239,39.0,nan,0,0.987548291683197,-2.932051181793213,nan
8.461,8000,160,-1,8.277740415723388,10,8.278472900390625,-0.05514858290553093,-5.224329471588135,-1.0224809646606445,0.06799139082431793,23.5,1.546674370765686,0.06581593067088026,39.0,nan,0,0.9242731332778931,-2.2329657077789307,nan
8.481,8000,160,-1,8.276736744873055,10,8.277450561523438,-0.054860636591911316,-4.555717945098877,-0.8916234374046326,-0.06413926929235458,23.5,1.732201337814331,0.07371069522614175,39.0,nan,0,0.8733192086219788,-2.806081533432007,nan
8.501,8000,160,-1,8.275732628223345,10,8.2764892578125,-0.046799253672361374,-6.70493745803833,-1.3122584819793701,0.015519498847424984,23.5,2.5613975524902344,0.10899564053149934,39.0,nan,0,0.8247184753417969,-2.4587533473968506,nan
8.521,8000,160,-1,8.274731890723347,10,8.275650024414062,-0.03777921199798584,-8.79623794555664,-1.7215579748153687,0.15796630084514618,23.5,3.413585901260376,0.14525897452171813,39.0,nan,0,0.7832693457603455,-1.8944109678268433,nan
8.541,8000,160,-1,8.273732096973259,10,8.27459716796875,-0.05370818451046944,-6.276073932647705,-1.2283233404159546,0.001968017779290676,23.5,2.2125766277313232,0.09415219692473716,39.0,nan,0,0.7307061553001404,-2.6430461406707764,nan
8.561,8000,160,-1,8.27273368652314,10,8.273590087890625,-0.05282115936279297,-6.177159786224365,-1.2089643478393555,0.06258837878704071,23.5,2.3452446460723877,0.09979764451371863,39.0,nan,0,0.6798670291900635,-2.6972947120666504,nan
8.581,8000,160,-1,8.271742134472884,10,8.272537231445312,-0.048973530530929565,-6.373079776763916,-1.2473088502883911,0.1613565981388092,23.5,2.1750588417053223,0.09255569539171585,39.0,nan,0,0.6273148059844971,-2.2377445697784424,nan
8.601,8000,160,-1,8.270734532373176,10,8.27142333984375,-0.053001802414655685,-5.3292622566223145,-1.043017864227295,-0.07400237023830414,23.5,1.5562071800231934,0.06622158212864653,39.0,nan,0,0.5715804100036621,-2.286781072616577,nan
8.621,8000,160,-1,8.269735859473444,10,8.270492553710938,-0.047841887921094894,-6.67573356628418,-1.3065428733825684,-0.028006460517644882,23.5,2.168792486190796,0.09228904196556578,39.0,nan,0,0.5249455571174622,-2.48276424407959,nan
8.641,8000,160,-1,8.268748103223338,10,8.269439697265625,-0.05434117838740349,-4.908932209014893,-0.9607528448104858,0.01712319627404213,23.5,1.9140061140060425,0.0814470686811082,39.0,nan,0,0.4722428321838379,-2.9346976280212402,nan
8.661,8000,160,-1,8.267761030272963,10,8.268447875976562,-0.041704028844833374,-6.326371192932129,-1.2381672859191895,-0.04108550399541855,23.5,2.0413897037506104,0.08686764696811108,39.0,nan,0,0.4228462874889374,-1.5723819732666016,nan
8.68,8000,160,-1,8.266777809472845,10,8.267562866210938,-0.046745412051677704,-6.944380760192871,-1.3591212034225464,-0.2194189429283142,23.5,2.511284112930298,0.1068631537417148,39.0,nan,0,0.37893256545066833,-2.252296209335327,nan
8.701,8000,160,-1,8.265731036523361,10,8.266647338867188,-0.045636702328920364,-7.814451217651367,-1.529407262802124,-0.023175325244665146,23.5,3.4089395999908447,0.1450612595740785,39.0,nan,0,0.33295732736587524,-2.3952994346618652,nan
8.722,8000,160,-1,8.264705240722837,10,8.265762329101562,-0.039837032556533813,-9.738418579101562,-1.9059569835662842,0.14982697367668152,23.5,4.373264312744141,0.1860963537337932,39.0,nan,0,0.2885395586490631,-1.9708309173583984,nan
8.741,8000,160,-1,8.263735744872978,10,8.264892578125,-0.04790963605046272,-9.958062171936035,-2.0061020851135254,0.05309249460697174,23.5,4.3112287521362305,0.18345654264409492,39.0,nan,0,0.2452046424150467,-2.4201269149780273,nan
8.761,8000,160,-1,8.262736871973178,10,8.263961791992188,-0.045397114008665085,-9.736212730407715,-1.9055252075195312,0.15522731840610504,23.5,4.897119045257568,0.20838804447904546,39.0,nan,0,0.19893300533294678,-2.240870237350464,nan
8.781,8000,160,-1,8.261736211523388,10,8.262908935546875,-0.05171094462275505,-9.09500789642334,-1.780031681060791,0.044200293719768524,23.5,3.982945203781128,0.1694870299481331,39.0,nan,0,0.14641395211219788,-2.563126802444458,nan
8.801,8000,160,-1,8.260737319872717,10,8.261810302734375,-0.056002192199230194,-7.1356201171875,-1.3965495824813843,-0.09203075617551804,23.5,3.263648509979248,0.13887865999911694,39.0,nan,0,0.09108380228281021,-2.724301338195801,nan
8.821,8000,160,-1,8.259737767773188,10,8.260787963867188,-0.05425030738115311,-7.371711730957031,-1.4427564144134521,-0.12550003826618195,23.5,3.4039077758789062,0.1448471393991024,39.0,nan,0,0.03982560709118843,-2.645749568939209,nan
8.841,8000,160,-1,8.258735009472733,10,8.259750366210938,-0.05077191814780235,-7.260399341583252,-1.602843165397644,0.06472562253475189,23.5,3.374354839324951,0.14358956763084899,39.0,nan,0,0.9879003167152405,-2.6705191135406494,nan
8.86,8000,160,-1,8.257785374022937,10,8.258544921875,-0.06230896711349487,-3.095730781555176,-0.6058816909790039,-0.21983453631401062,23.5,1.253478765487671,0.05333952193564557,39.0,nan,0,0.928076982498169,-2.8206751346588135,nan
8.881,8000,160,-1,8.256737751123005,10,8.25750732421875,-0.05221708118915558,-6.34695291519165,-1.162079095840454,-0.19284866750240326,23.5,2.221909761428833,0.09454935155016311,39.0,nan,0,0.8763052225112915,-2.656519889831543,nan
8.901,8000,160,-1,8.25573015322298,10,8.256500244140625,-0.049651406705379486,-5.8487396240234375,-1.144687533378601,-0.20661619305610657,23.5,2.183246612548828,0.09290411117229055,39.0,nan,0,0.8257175087928772,-2.432774782180786,nan
8.921,8000,160,-1,8.254733690722793,10,8.255599975585938,-0.04018312320113182,-8.4799165725708,-1.6014437675476074,0.004295212682336569,23.5,3.26135516166687,0.13878107070922852,39.0,nan,0,0.7803513407707214,-1.910576343536377,nan
8.941,8000,160,-1,8.253749065723246,10,8.254638671875,-0.051111750304698944,-6.804381847381592,-1.331721305847168,-0.16331085562705994,23.5,2.63086199760437,0.1119515743661434,39.0,nan,0,0.7328732013702393,-2.5417141914367676,nan
8.961,8000,160,-1,8.252735426123404,10,8.25360107421875,-0.0538736954331398,-6.216358184814453,-1.216636061668396,0.07647627592086792,23.5,2.33577561378479,0.09939470696956554,39.0,nan,0,0.6806017160415649,-2.6201062202453613,nan
8.981,8000,160,-1,8.251733334473107,10,8.252548217773438,-0.049855202436447144,-6.111512184143066,-1.1961860656738281,-0.005554053001105785,23.5,2.4072425365448,0.10243585261892765,39.0,nan,0,0.6281856894493103,-2.555190324783325,nan
9.001,8000,160,-1,8.250736380273162,10,8.251480102539062,-0.051500823348760605,-6.1332807540893555,-1.2003765106201172,-0.1473817229270935,23.5,2.126662254333496,0.0904962661418509,39.0,nan,0,0.5746439695358276,-2.509514331817627,nan
9.021,8000,160,-1,8.249735142772995,10,8.250534057617188,-0.047651901841163635,-7.127939701080322,-1.3950464725494385,-0.11254841089248657,23.5,2.518174886703491,0.10715637815759536,39.0,nan,0,0.5272509455680847,-2.3879106044769287,nan
9.041,8000,160,-1,8.248728246973048,10,8.249496459960938,-0.0521383173763752,-6.212839603424072,-1.2159473896026611,-0.03749609366059303,23.5,2.1997408866882324,0.09360599517822266,39.0,nan,0,0.4752776622772217,-2.8655552864074707,nan
9.06,8000,160,-1,8.247767674022914,10,8.248443603515625,-0.05180320143699646,-4.878396034240723,-0.9547764658927917,-0.0043408507481217384,23.5,1.572422981262207,0.0669116162239237,39.0,nan,0,0.4225117862224579,-2.2673563957214355,nan
9.081,8000,160,-1,8.246733930273336,10,8.247512817382812,-0.04579665884375572,-6.198296546936035,-1.2131011486053467,0.0912066251039505,23.5,2.4054081439971924,0.10235779336158266,39.0,nan,0,0.3762719929218292,-2.230128049850464,nan
9.101,8000,160,-1,8.245732594872976,10,8.24664306640625,-0.04611523821949959,-7.362600326538086,-1.440973162651062,-0.059827204793691635,23.5,3.558556079864502,0.15142791829210647,39.0,nan,0,0.33301132917404175,-2.413156747817993,nan
9.121,8000,160,-1,8.244763869872992,10,8.245803833007812,-0.040076833218336105,-9.795746803283691,-1.9171770811080933,0.14120423793792725,23.5,4.212696552276611,0.17926368307560048,39.0,nan,0,0.2908516824245453,-2.0872058868408203,nan
9.141,8000,160,-1,8.243749809473234,10,8.244873046875,-0.04670434817671776,-9.43907642364502,-1.8473711013793945,0.0034052073024213314,23.5,4.269504070281982,0.18168102426731841,39.0,nan,0,0.24441537261009216,-2.1891753673553467,nan
9.161,8000,160,-1,8.242727490723341,10,8.243911743164062,-0.04681777209043503,-9.5148344039917,-2.107348918914795,0.10208039730787277,23.5,4.993742942810059,0.21249969969404506,39.0,nan,0,0.19617226719856262,-2.4731743335723877,nan
9.18,8000,160,-1,8.241765653223416,10,8.243011474609375,-0.04583454132080078,-9.745302200317383,-1.9073041677474976,-0.034307800233364105,23.5,4.703888416290283,0.20016546452299078,39.0,nan,0,0.1509874016046524,-2.3593597412109375,nan
9.201,8000,160,-1,8.240735626123211,10,8.241867065429688,-0.059476226568222046,-7.64710807800293,-1.4966557025909424,0.03950480371713638,23.5,3.2534494400024414,0.13844465702138048,39.0,nan,0,0.09357935935258865,-2.9625394344329834,nan
9.221,8000,160,-1,8.2397347552731,10,8.240798950195312,-0.053315144032239914,-7.866761207580566,-1.5396450757980347,-0.14506535232067108,23.5,3.7200074195861816,0.1582981880674971,39.0,nan,0,0.04031752049922943,-2.76485276222229,nan
9.241,8000,160,-1,8.238755846973078,10,8.239776611328125,-0.04817583039402962,-8.071048736572266,-1.579627275466919,0.09401093423366547,23.5,3.4623289108276367,0.14733314514160156,39.0,nan,0,0.9892057180404663,-2.4391396045684814,nan
9.261,8000,160,-1,8.237734688622737,10,8.238601684570312,-0.0585077665746212,-5.684213161468506,-1.1124871969223022,-0.09291879832744598,23.5,2.144257068634033,0.09124498164400141,39.0,nan,0,0.9309741258621216,-2.9440925121307373,nan
9.281,8000,160,-1,8.236728932373087,10,8.237533569335938,-0.05049300938844681,-6.537472248077393,-1.2562663555145264,-0.1855616569519043,23.5,2.46854305267334,0.10504438522014212,39.0,nan,0,0.8770663142204285,-2.5927867889404297,nan
9.301,8000,160,-1,8.235761994872888,10,8.236618041992188,-0.04919286072254181,-6.647014617919922,-1.3182638883590698,0.04187053069472313,23.5,2.75400710105896,0.11719179153442383,39.0,nan,0,0.8314896821975708,-2.6768572330474854,nan
9.321,8000,160,-1,8.234733632372814,10,8.235610961914062,-0.0435597188770771,-7.533697605133057,-1.4744595289230347,-0.16468065977096558,23.5,3.201293468475342,0.13622525397767413,39.0,nan,0,0.781017541885376,-2.1487526893615723,nan
9.341,8000,160,-1,8.23375352822332,10,8.234649658203125,-0.0490257553756237,-7.243227005004883,-1.4176099300384521,0.1357973963022232,23.5,2.7761125564575195,0.11813244921095828,39.0,nan,0,0.7332213521003723,-2.572432041168213,nan
9.361,8000,160,-1,8.232735596973367,10,8.233627319335938,-0.05467827618122101,-6.302257061004639,-1.233447790145874,-0.23796212673187256,23.5,2.7226788997650146,0.11585867658574531,39.0,nan,0,0.6819452047348022,-2.7986674308776855,nan
9.381,8000,160,-1,8.23173652197293,10,8.232589721679688,-0.04853673651814461,-6.440162658691406,-1.4334211349487305,0.17623530328273773,23.5,2.6015138626098633,0.11070271755786652,39.0,nan,0,0.6303902864456177,-2.5607399940490723,nan
9.401,8000,160,-1,8.23073661152303,10,8.23150634765625,-0.051700081676244736,-5.018548965454102,-1.1069005727767944,-0.18047571182250977,23.5,2.1137585639953613,0.08994717293597282,39.0,nan,0,0.5762103796005249,-2.522078275680542,nan
9.421,8000,160,-1,8.229736886522737,10,8.230484008789062,-0.05147469416260719,-5.710427284240723,-1.1176176071166992,0.008775923401117325,23.5,1.8978135585784912,0.0807580237692975,39.0,nan,0,0.5250728130340576,-2.6525158882141113,nan
9.441,8000,160,-1,8.228737321973316,10,8.229507446289062,-0.04905690625309944,-6.1073079109191895,-1.1952933073043823,0.013325273990631104,23.5,2.4480743408203125,0.10417337620511968,39.0,nan,0,0.4758683145046234,-2.7037649154663086,nan
9.461,8000,160,-1,8.227737649023041,10,8.22845458984375,-0.04999937117099762,-5.8424763679504395,-1.1434617042541504,-0.10429522395133972,23.5,1.9809823036193848,0.08429711930295254,39.0,nan,0,0.4236363470554352,-2.267465591430664,nan
9.481,8000,160,-1,8.226737067772778,10,8.227523803710938,-0.046687908470630646,-6.926353931427002,-1.3555930852890015,0.004845468793064356,23.5,2.526698589324951,0.10751908890744473,39.0,nan,0,0.376797080039978,-2.1349401473999023,nan
9.501,8000,160,-1,8.225737011522874,10,8.2266845703125,-0.04516681656241417,-8.195241928100586,-1.6039338111877441,-0.02633707784116268,23.5,3.729677438735962,0.1587096782440835,39.0,nan,0,0.3349319398403168,-2.53035831451416,nan
9.522,8000,160,-1,8.224702028222968,10,8.225738525390625,-0.040988314896821976,-9.958904266357422,-2.0515875816345215,-0.00187067617662251,23.5,4.50339937210083,0.19163401583407788,39.0,nan,0,0.287678062915802,-2.027066230773926,nan
9.54,8000,160,-1,8.223774086523193,10,8.224929809570312,-0.04421127215027809,-9.743443489074707,-1.7995314598083496,-0.13673092424869537,23.5,4.5403900146484375,0.19320808572972076,39.0,nan,0,0.24705666303634644,-2.1554417610168457,nan
9.561,8000,160,-1,8.222733588622944,10,8.223983764648438,-0.047317612916231155,-9.954788208007812,-1.9483036994934082,0.1094849556684494,23.5,4.846420764923096,0.20623067084779131,39.0,nan,0,0.19983790814876556,-2.436070680618286,nan
9.58,8000,160,-1,8.221779549022907,10,8.2230224609375,-0.045755233615636826,-10.314752578735352,-2.018754243850708,0.030764758586883545,23.5,4.978878021240234,0.21186714984000998,39.0,nan,0,0.1518729329109192,-2.341273307800293,nan
9.601,8000,160,-1,8.22073498652317,10,8.221893310546875,-0.05930642783641815,-7.6840691566467285,-1.5038894414901733,0.006989018991589546,23.5,3.209728240966797,0.1365841804666722,39.0,nan,0,0.09526793658733368,-2.931752920150757,nan
9.621,8000,160,-1,8.21973364697333,10,8.2208251953125,-0.056733448058366776,-7.368777751922607,-1.4403021335601807,-0.11903797835111618,23.5,3.5803050994873047,0.15235340848882148,39.0,nan,0,0.04176213592290878,-3.0634775161743164,nan
9.641,8000,160,-1,8.218734901123392,10,8.219757080078125,-0.05122300982475281,-7.746096611022949,-1.5160292387008667,0.2420496940612793,23.5,3.2676730155944824,0.13904991555721202,39.0,nan,0,0.988198459148407,-2.761075735092163,nan
9.661,8000,160,-1,8.217733874022818,10,8.218612670898438,-0.055875714868307114,-6.122049331665039,-1.1981784105300903,-0.1643049418926239,23.5,2.531403064727783,0.10771927935011844,39.0,nan,0,0.9316921234130859,-2.7539188861846924,nan
9.681,8000,160,-1,8.21673396987317,10,8.217544555664062,-0.052075281739234924,-6.650646686553955,-1.3016330003738403,0.04528626799583435,23.5,2.0572991371154785,0.08754464413257355,39.0,nan,0,0.877842128276825,-2.4714713096618652,nan
9.701,8000,160,-1,8.215747567773363,10,8.216629028320312,-0.048473987728357315,-7.192739009857178,-1.407728672027588,0.014137247577309608,23.5,3.0097904205322266,0.1280761881077543,39.0,nan,0,0.8318891525268555,-2.581756830215454,nan
9.721,8000,160,-1,8.214732517772793,10,8.215652465820312,-0.04476179555058479,-7.946859836578369,-1.5553216934204102,0.20435845851898193,23.5,2.973590850830078,0.1265357808863863,39.0,nan,0,0.7829419374465942,-2.1687228679656982,nan
9.741,8000,160,-1,8.21373543447335,10,8.21466064453125,-0.04915804788470268,-7.69873046875,-1.5067589282989502,0.00799461081624031,23.5,3.010183334350586,0.12809290784470578,39.0,nan,0,0.7339208722114563,-2.474500894546509,nan
9.761,8000,160,-1,8.212734182373245,10,8.213668823242188,-0.054618239402770996,-6.827024936676025,-1.3361529111862183,0.020628435537219048,23.5,2.7422637939453125,0.1166920763380984,39.0,nan,0,0.6837908029556274,-2.9438977241516113,nan
9.78,8000,160,-1,8.211771399022838,10,8.212661743164062,-0.04826350137591362,-6.513603687286377,-1.2748115062713623,0.1985475718975067,23.5,2.9226181507110596,0.1243667298174919,39.0,nan,0,0.6333675980567932,-2.2432262897491455,nan
9.801,8000,160,-1,8.210732515723068,10,8.211517333984375,-0.0536334328353405,-5.064390659332275,-0.9911784529685974,-0.0841016173362732,23.5,2.2400565147399902,0.095321553818723,39.0,nan,0,0.5763223767280579,-2.572418689727783,nan
9.821,8000,160,-1,8.209735055272906,10,8.210540771484375,-0.04906056448817253,-6.169258117675781,-1.2074178457260132,0.1276955008506775,23.5,1.9572863578796387,0.08328878118636761,39.0,nan,0,0.5275382399559021,-2.6048848628997803,nan
9.841,8000,160,-1,8.208735524023362,10,8.209487915039062,-0.05169225111603737,-6.485226154327393,-1.2692575454711914,-0.06591750681400299,23.5,2.3961596488952637,0.10196424037852186,39.0,nan,0,0.4752426743507385,-2.6955149173736572,nan
9.861,8000,160,-1,8.207761740723075,10,8.208541870117188,-0.04842540994286537,-6.088400840759277,-1.3219534158706665,-0.05957275256514549,23.5,2.3610610961914062,0.10047068494431516,39.0,nan,0,0.42779234051704407,-2.484332799911499,nan
9.881,8000,160,-1,8.206733096973043,10,8.207550048828125,-0.04800115153193474,-6.993902683258057,-1.3688132762908936,-0.044687770307064056,23.5,2.6100003719329834,0.1110638456141695,39.0,nan,0,0.3782915472984314,-2.2529125213623047,nan
9.901,8000,160,-1,8.205758880273065,10,8.206710815429688,-0.04566356912255287,-8.09727668762207,-1.5847605466842651,-0.03533037006855011,23.5,3.8431525230407715,0.1635384052357775,39.0,nan,0,0.3362378478050232,-2.3975844383239746,nan
9.921,8000,160,-1,8.204734069872943,10,8.205825805664062,-0.042544927448034286,-9.819816589355469,-1.9218878746032715,-0.043104156851768494,23.5,4.634920597076416,0.1972306637053794,39.0,nan,0,0.2918749153614044,-2.222749710083008,nan
9.94,8000,160,-1,8.203778594873443,10,8.2049560546875,-0.04583796486258507,-10.243041038513184,-2.047696113586426,-0.32015129923820496,23.5,4.961794853210449,0.2111402065195936,39.0,nan,0,0.24806275963783264,-1.99708890914917,nan
9.961,8000,160,-1,8.202723630273253,10,8.2039794921875,-0.047349657863378525,-9.61545467376709,-1.9096063375473022,0.09231783449649811,23.5,5.103127479553223,0.21715436083205203,39.0,nan,0,0.19938933849334717,-2.504606246948242,nan
9.98,8000,160,-1,8.201768880272725,10,8.2030029296875,-0.04694118723273277,-10.565269470214844,-2.0774002075195312,-0.1207888126373291,23.5,5.09992790222168,0.21701820860517787,39.0,nan,0,0.15072710812091827,-2.465954303741455,nan
10.001,8000,160,-1,8.200736713623341,10,8.201950073242188,-0.05476928502321243,-8.659708023071289,-1.6948368549346924,0.061118900775909424,23.5,4.250805854797363,0.18088535552329205,39.0,nan,0,0.0983123704791069,-2.8203420639038086,nan
10.021,8000,160,-1,8.199735886522834,10,8.20086669921875,-0.056676845997571945,-7.550655364990234,-1.4777783155441284,-0.0037901001051068306,23.5,3.874652862548828,0.16487884521484375,39.0,nan,0,0.04404035210609436,-3.0145678520202637,nan
10.041,8000,160,-1,8.19873636572302,10,8.19976806640625,-0.05199221521615982,-8.026005744934082,-1.5708116292953491,0.183649480342865,23.5,3.4222588539123535,0.14562803633669588,39.0,nan,0,0.9889154434204102,-2.652874708175659,nan
10.061,8000,160,-1,8.197737940723167,10,8.198654174804688,-0.051827143877744675,-6.704363822937012,-1.3791837692260742,-0.06888958811759949,23.5,2.730302333831787,0.1161830780353952,39.0,nan,0,0.9331970810890198,-2.520132303237915,nan
10.081,8000,160,-1,8.196759699023099,10,8.19757080078125,-0.05785052478313446,-4.57161283493042,-0.8947343230247498,-0.0657796561717987,23.5,1.73506760597229,0.07383266408392723,39.0,nan,0,0.8791260719299316,-2.8672568798065186,nan
10.101,8000,160,-1,8.195736774022956,10,8.196624755859375,-0.04674164578318596,-7.723759174346924,-1.6610732078552246,0.11485080420970917,23.5,3.2933356761932373,0.14014194366779734,39.0,nan,0,0.832207202911377,-2.523611068725586,nan
10.121,8000,160,-1,8.194732861522793,10,8.195693969726562,-0.04640302062034607,-8.353715896606445,-1.6349495649337769,-0.03477831929922104,23.5,3.225224018096924,0.13724357523816696,39.0,nan,0,0.7851738929748535,-2.3566925525665283,nan
10.141,8000,160,-1,8.193731676122846,10,8.194656372070312,-0.04885489493608475,-7.580133438110352,-1.4835476875305176,0.03946070373058319,23.5,2.839998483657837,0.1208509993045888,39.0,nan,0,0.7337282299995422,-2.5158276557922363,nan
10.161,8000,160,-1,8.19273232197302,10,8.193649291992188,-0.053908657282590866,-6.091836452484131,-1.192265272140503,0.0969303771853447,23.5,2.7544455528259277,0.11721044905642246,39.0,nan,0,0.6831706762313843,-2.8325562477111816,nan
10.181,8000,160,-1,8.191733551122892,10,8.192626953125,-0.049651164561510086,-6.8862104415893555,-1.3477363586425781,0.06288126111030579,23.5,2.6735548973083496,0.11376829350248296,39.0,nan,0,0.6321296691894531,-2.3138480186462402,nan
10.201,8000,160,-1,8.19073692402308,10,8.191574096679688,-0.054812297224998474,-5.354373931884766,-1.0479326248168945,-0.031153319403529167,23.5,2.078314781188965,0.08843892685910489,39.0,nan,0,0.5790660381317139,-2.7037017345428467,nan
10.221,8000,160,-1,8.189737463623173,10,8.190521240234375,-0.05212311074137688,-6.193931579589844,-1.2122467756271362,-0.06799443066120148,23.5,2.2525668144226074,0.09585390699670669,39.0,nan,0,0.5270246863365173,-2.648271322250366,nan
10.241,8000,160,-1,8.188737988623329,10,8.189468383789062,-0.05186990648508072,-5.494026184082031,-1.0752646923065186,0.08003521710634232,23.5,2.044038772583008,0.08698037330140458,39.0,nan,0,0.47371792793273926,-2.677107095718384,nan
10.261,8000,160,-1,8.187762390723224,10,8.188522338867188,-0.04378678649663925,-7.07178258895874,-1.3840556144714355,0.11983644217252731,23.5,2.4112730026245117,0.10260736181380901,39.0,nan,0,0.42692676186561584,-2.055560350418091,nan
10.281,8000,160,-1,8.186736563622985,10,8.187591552734375,-0.046989262104034424,-6.653594017028809,-1.3022098541259766,-0.023426152765750885,23.5,2.749562978744507,0.11700267994657476,39.0,nan,0,0.3800274431705475,-2.433425188064575,nan
10.301,8000,160,-1,8.185737294873256,10,8.186721801757812,-0.0446438305079937,-8.34378719329834,-1.6330064535140991,-0.13819821178913116,23.5,4.115775108337402,0.1751393663122299,39.0,nan,0,0.336323618888855,-2.488725185394287,nan
10.321,8000,160,-1,8.184736474022797,10,8.18585205078125,-0.040107835084199905,-10.680088996887207,-2.0902562141418457,-0.06540673971176147,23.5,4.828648567199707,0.20547440711488116,39.0,nan,0,0.2929195165634155,-2.0315282344818115,nan
10.341,8000,160,-1,8.183737105273034,10,8.184921264648438,-0.04804233834147453,-9.908623695373535,-1.9392688274383545,-0.11240886896848679,23.5,4.861530303955078,0.20687362995553524,39.0,nan,0,0.246567040681839,-2.290590524673462,nan
10.361,8000,160,-1,8.182736965722873,10,8.183975219726562,-0.04861142486333847,-9.612053871154785,-1.8812254667282104,0.06001831591129303,23.5,4.759395122528076,0.20252745202247133,39.0,nan,0,0.19920998811721802,-2.669887065887451,nan
10.381,8000,160,-1,8.181737321973198,10,8.182937622070312,-0.04778813198208809,-9.816913604736328,-1.9213197231292725,-0.06358453631401062,23.5,4.7652788162231445,0.20277782196694233,39.0,nan,0,0.14714469015598297,-2.2661566734313965,nan
10.401,8000,160,-1,8.180737511523333,10,8.181976318359375,-0.048866257071495056,-10.219789505004883,-2.000168561935425,-0.02513694390654564,23.5,4.862456321716309,0.20691303496665142,39.0,nan,0,0.09960157424211502,-2.562103509902954,nan
10.421,8000,160,-1,8.179754921972929,10,8.180923461914062,-0.055350951850414276,-7.9156012535095215,-1.5492037534713745,-0.01316443458199501,23.5,4.064302444458008,0.17294904018970245,39.0,nan,0,0.046478573232889175,-2.939849853515625,nan
10.441,8000,160,-1,8.17873711362336,10,8.17974853515625,-0.054338760673999786,-7.345813751220703,-1.437687635421753,0.1742102950811386,23.5,2.898146152496338,0.12332536819133352,39.0,nan,0,0.9878439903259277,-2.6065704822540283,nan
10.461,8000,160,-1,8.177737617772804,10,8.17864990234375,-0.051787734031677246,-7.118063926696777,-1.3649284839630127,-0.1225411593914032,23.5,2.918006658554077,0.12417049610868414,39.0,nan,0,0.9332265853881836,-2.099606990814209,nan
10.481,8000,160,-1,8.176733409472948,10,8.177642822265625,-0.05520972982048988,-6.398160934448242,-1.2522175312042236,-0.1466943472623825,23.5,2.735422134399414,0.11640094188933676,39.0,nan,0,0.882800281047821,-2.920316457748413,nan
10.501,8000,160,-1,8.175737484473215,10,8.176651000976562,-0.047516368329524994,-7.26084041595459,-1.421057105064392,0.0980057418346405,23.5,3.223820686340332,0.13718385899320562,39.0,nan,0,0.8331652879714966,-2.52409029006958,nan
10.521,8000,160,-1,8.174736976122952,10,8.175689697265625,-0.04367567598819733,-8.625917434692383,-1.6882236003875732,-0.01209970097988844,23.5,3.5220909118652344,0.14987620901554188,39.0,nan,0,0.7850461006164551,-1.9617373943328857,nan
10.541,8000,160,-1,8.173764953223147,10,8.1746826171875,-0.05291726440191269,-7.529411315917969,-1.4736206531524658,-0.17202328145503998,23.5,2.8413760662078857,0.12090961983863344,39.0,nan,0,0.7349084615707397,-2.526700735092163,nan
10.561,8000,160,-1,8.172737417773172,10,8.173675537109375,-0.05343915894627571,-7.0980658531188965,-1.286302924156189,0.12553906440734863,23.5,2.694753408432007,0.11467035780561731,39.0,nan,0,0.6840335726737976,-2.7809274196624756,nan
10.581,8000,160,-1,8.171733096973188,10,8.172592163085938,-0.04860341548919678,-7.0837273597717285,-1.386393427848816,0.16757574677467346,23.5,2.852105140686035,0.12136617619940575,39.0,nan,0,0.6305528879165649,-2.3189361095428467,nan
10.601,8000,160,-1,8.170759838623056,10,8.171615600585938,-0.04735923558473587,-6.9229631423950195,-1.3549294471740723,0.04269544780254364,23.5,2.4730610847473145,0.10523664190414105,39.0,nan,0,0.5815679430961609,-2.2827398777008057,nan
10.621,8000,160,-1,8.169735867773127,10,8.170562744140625,-0.05357794091105461,-5.186443328857422,-1.0150660276412964,0.1404632329940796,23.5,2.1180307865142822,0.09012896963890563,39.0,nan,0,0.5286442041397095,-2.6349234580993652,nan
10.641,8000,160,-1,8.16873612612326,10,8.169479370117188,-0.054626498371362686,-5.076289176940918,-0.9935071468353271,-0.04951128363609314,23.5,2.019111394882202,0.08591963382477456,39.0,nan,0,0.4746946096420288,-2.9289679527282715,nan
10.661,8000,160,-1,8.167734294872936,10,8.168487548828125,-0.04335834085941315,-7.094601631164551,-1.388521671295166,0.17557942867279053,23.5,2.2997477054595947,0.09786160448764233,39.0,nan,0,0.42527270317077637,-1.9660098552703857,nan
10.68,8000,160,-1,8.166772746972857,10,8.1676025390625,-0.04771236702799797,-7.190128326416016,-1.445191740989685,0.007855817675590515,23.5,2.7342801094055176,0.11635234508108586,39.0,nan,0,0.3810347020626068,-2.301656484603882,nan
10.701,8000,160,-1,8.165736086523248,10,8.16668701171875,-0.04622308164834976,-7.93826150894165,-1.5536386966705322,-0.028887979686260223,23.5,3.8432564735412598,0.16354282866133021,39.0,nan,0,0.335100919008255,-2.435023546218872,nan
10.721,8000,160,-1,8.16472973652344,10,8.165786743164062,-0.04003969207406044,-10.213920593261719,-1.999019980430603,0.07231906056404114,23.5,4.8173828125,0.20499501329787234,39.0,nan,0,0.28992584347724915,-1.9519414901733398,nan
10.741,8000,160,-1,8.163730899023358,10,8.164901733398438,-0.04254810884594917,-10.197892189025879,-1.9958829879760742,0.020994681864976883,23.5,4.893755912780762,0.2082449324587558,39.0,nan,0,0.2459118515253067,-2.093337297439575,nan
10.761,8000,160,-1,8.162730149023265,10,8.164016723632812,-0.04564870893955231,-10.150410652160645,-1.9865901470184326,0.11578203737735748,23.5,5.288971900939941,0.2250626340825507,39.0,nan,0,0.20125718414783478,-2.3607194423675537,nan
10.781,8000,160,-1,8.161735503222737,10,8.1629638671875,-0.049840934574604034,-9.972604751586914,-1.951790690422058,-0.037647344172000885,23.5,4.662458419799805,0.19840248594892787,39.0,nan,0,0.14911194145679474,-2.4323673248291016,nan
10.801,8000,160,-1,8.160756163622866,10,8.161941528320312,-0.052207835018634796,-9.06610107421875,-1.77437424659729,0.04318685829639435,23.5,4.071935653686523,0.17327385760368186,39.0,nan,0,0.09770583361387253,-2.4289231300354004,nan
10.82,8000,160,-1,8.159767813623331,10,8.16094970703125,-0.054054662585258484,-8.709272384643555,-1.7045373916625977,-0.04995579645037651,23.5,4.464024543762207,0.1899584912239237,39.0,nan,0,0.047754935920238495,-2.8641350269317627,nan
10.841,8000,160,-1,8.15873553447309,10,8.159835815429688,-0.052560701966285706,-7.514315605163574,-1.4706661701202393,0.06059698760509491,23.5,3.623086929321289,0.1541739118860123,39.0,nan,0,0.9922350645065308,-2.6722564697265625,nan
10.861,8000,160,-1,8.157734194873047,10,8.158660888671875,-0.05431056022644043,-6.769432067871094,-1.3248810768127441,-0.11449964344501495,23.5,2.7056474685668945,0.11513393483263382,39.0,nan,0,0.9334772825241089,-2.4772932529449463,nan
10.881,8000,160,-1,8.156736155273393,10,8.157684326171875,-0.05105659365653992,-7.579097270965576,-1.4833447933197021,0.028973925858736038,23.5,2.8915247917175293,0.12304360815819274,39.0,nan,0,0.8845326900482178,-2.6190998554229736,nan
10.901,8000,160,-1,8.155735267772979,10,8.15667724609375,-0.052057765424251556,-6.727898120880127,-1.3167521953582764,-0.09285567700862885,23.5,3.240123748779297,0.1378776063310339,39.0,nan,0,0.8342576026916504,-2.8590502738952637,nan
10.921,8000,160,-1,8.154746651123423,10,8.15570068359375,-0.043562233448028564,-8.759690284729004,-1.714404821395874,0.0761147290468216,23.5,3.578178882598877,0.1522629311744203,39.0,nan,0,0.7859203815460205,-2.0464303493499756,nan
10.941,8000,160,-1,8.153764251123357,10,8.154708862304688,-0.05199790000915527,-6.757009983062744,-1.4620535373687744,-0.009120211936533451,23.5,2.907733917236328,0.12373335818026929,39.0,nan,0,0.7362346649169922,-2.5124294757843018,nan
10.961,8000,160,-1,8.152720926122857,10,8.153656005859375,-0.05280103161931038,-6.771723747253418,-1.3253295421600342,-0.10919180512428284,23.5,2.9463794231414795,0.12537784779325445,39.0,nan,0,0.6831706762313843,-2.7049591541290283,nan
10.981,8000,160,-1,8.151736069873005,10,8.152633666992188,-0.05143053084611893,-6.415604591369629,-1.301439881324768,0.0737352967262268,23.5,2.5407772064208984,0.10811817899663398,39.0,nan,0,0.632337212562561,-2.463040351867676,nan
11.001,8000,160,-1,8.150737686522916,10,8.151596069335938,-0.04957915097475052,-6.290887355804443,-1.2312225103378296,-0.3624206781387329,23.5,2.725525379180908,0.11597980336940035,39.0,nan,0,0.5803901553153992,-2.359299898147583,nan
11.021,8000,160,-1,8.149737257372909,10,8.15057373046875,-0.05467929318547249,-5.299809455871582,-1.037253499031067,0.012602243572473526,23.5,2.0446360111236572,0.08700578770738968,39.0,nan,0,0.5289117097854614,-2.8116307258605957,nan
11.041,8000,160,-1,8.148738051122928,10,8.149459838867188,-0.05476908013224602,-4.532713413238525,-0.8871211409568787,0.024149296805262566,23.5,2.006782054901123,0.08539498105962226,39.0,nan,0,0.47385936975479126,-2.883505344390869,nan
11.061,8000,160,-1,8.147732440722757,10,8.148422241210938,-0.0431385301053524,-6.741050720214844,-1.319326400756836,-0.04282451793551445,23.5,2.5067262649536133,0.10666920276398355,39.0,nan,0,0.42211654782295227,-1.9155508279800415,nan
11.081,8000,160,-1,8.146731509472739,10,8.147567749023438,-0.042032718658447266,-7.758023738861084,-1.5183634757995605,-0.09704281389713287,23.5,3.3211991786956787,0.14132762462534804,39.0,nan,0,0.37931299209594727,-2.167038917541504,nan
11.101,8000,160,-1,8.145750057372789,10,8.14678955078125,-0.043019168078899384,-8.760444641113281,-1.714552640914917,-0.07584433257579803,23.5,4.110457420349121,0.1749130817169839,39.0,nan,0,0.33979979157447815,-2.2751498222351074,nan
11.121,8000,160,-1,8.14473699277296,10,8.145843505859375,-0.045092787593603134,-10.54659366607666,-2.064129114151001,-0.0617772601544857,23.5,4.831880569458008,0.20561193912587267,39.0,nan,0,0.29313457012176514,-2.2829086780548096,nan
11.141,8000,160,-1,8.143733640723077,10,8.144912719726562,-0.045602280646562576,-11.006922721862793,-2.1542224884033203,-0.09860336035490036,23.5,5.097348690032959,0.21690845489501953,39.0,nan,0,0.24661651253700256,-2.217414379119873,nan
11.161,8000,160,-1,8.142735003223063,10,8.144012451171875,-0.04722467437386513,-10.262290000915527,-2.008486747741699,0.12777745723724365,23.5,5.370233535766602,0.22852057599006814,39.0,nan,0,0.20157542824745178,-2.5518686771392822,nan
11.18,8000,160,-1,8.141770930273198,10,8.142990112304688,-0.04866577684879303,-9.814358711242676,-1.920819640159607,0.013928002677857876,23.5,4.460261344909668,0.18979835510253906,39.0,nan,0,0.14988186955451965,-2.4781088829040527,nan
11.201,8000,160,-1,8.140749538622915,10,8.141921997070312,-0.05309940129518509,-8.560589790344238,-1.6754379272460938,-0.09237928688526154,23.5,3.938904285430908,0.16761294831620885,39.0,nan,0,0.09685921669006348,-2.439685106277466,nan
11.221,8000,160,-1,8.139736344873382,10,8.141006469726562,-0.050248369574546814,-9.468741416931152,-1.872962236404419,0.0012274880427867174,23.5,5.099486351013184,0.21699941919205037,39.0,nan,0,0.05098933354020119,-2.8927242755889893,nan
11.241,8000,160,-1,8.138735271972838,10,8.139846801757812,-0.053794607520103455,-7.9836530685424805,-1.5625226497650146,-0.04473748058080673,23.5,3.608058214187622,0.1535343920930903,39.0,nan,0,0.9929234385490417,-2.790064811706543,nan
11.261,8000,160,-1,8.137737394872966,10,8.138626098632812,-0.05634791776537895,-6.2339348793029785,-1.220076084136963,0.0019148397259414196,23.5,2.148678779602051,0.09143313955753407,39.0,nan,0,0.9315522909164429,-2.560614585876465,nan
11.281,8000,160,-1,8.136736413623295,10,8.137680053710938,-0.04699959233403206,-7.781542778015137,-1.5229666233062744,0.0013257276732474566,23.5,3.2243592739105225,0.13720677761321373,39.0,nan,0,0.884493887424469,-2.2897791862487793,nan
11.301,8000,160,-1,8.13574360527273,10,8.13671875,-0.05082448199391365,-7.399402618408203,-1.4481759071350098,-0.00888389628380537,23.5,3.396406650543213,0.14452794257630694,39.0,nan,0,0.8364872932434082,-2.5810911655426025,nan
11.321,8000,160,-1,8.134749757373358,10,8.135696411132812,-0.046479932963848114,-8.023701667785645,-1.5703606605529785,0.10983919352293015,23.5,3.4865684509277344,0.14836461493309508,39.0,nan,0,0.7856081128120422,-2.23679256439209,nan
11.34,8000,160,-1,8.13377657402307,10,8.134750366210938,-0.049207236617803574,-7.985641956329346,-1.562911868095398,0.02802175097167492,23.5,3.201157569885254,0.13621947105894697,39.0,nan,0,0.7382501363754272,-2.427501916885376,nan
11.361,8000,160,-1,8.132755515722968,10,8.133743286132812,-0.05406152084469795,-7.00531005859375,-1.3710459470748901,0.02734372578561306,23.5,3.054165840148926,0.1299645038361245,39.0,nan,0,0.6878970265388489,-3.0068039894104004,nan
11.381,8000,160,-1,8.131734813623192,10,8.132659912109375,-0.05125628039240837,-6.883446216583252,-1.3471953868865967,-0.09395995736122131,23.5,2.8898706436157227,0.1229732188772648,39.0,nan,0,0.6333231925964355,-2.533095121383667,nan
11.401,8000,160,-1,8.130736846973017,10,8.131591796875,-0.0509350560605526,-6.440685749053955,-1.2605403661727905,-0.07979154586791992,23.5,2.5301523208618164,0.10766605620688581,39.0,nan,0,0.5803407430648804,-2.3756892681121826,nan
11.421,8000,160,-1,8.129763584473407,10,8.130615234375,-0.052601590752601624,-6.20172643661499,-1.2137724161148071,0.08179372549057007,23.5,2.4430699348449707,0.10396042275936046,39.0,nan,0,0.5313865542411804,-2.8057265281677246,nan
11.441,8000,160,-1,8.128736421973011,10,8.1295166015625,-0.05248843878507614,-5.445809841156006,-1.2141199111938477,-0.00877238716930151,23.5,2.397817850112915,0.10203480213246446,39.0,nan,0,0.47647711634635925,-2.6923024654388428,nan
11.461,8000,160,-1,8.127737107373108,10,8.128402709960938,-0.047898124903440475,-5.529765605926514,-1.0683764219284058,-0.062148403376340866,23.5,2.0266308784484863,0.08623961184887176,39.0,nan,0,0.42084231972694397,-1.82919442653656,nan
11.481,8000,160,-1,8.126728526123046,10,8.127548217773438,-0.0411042794585228,-8.536443710327148,-1.6707122325897217,-0.12527252733707428,23.5,3.2476019859313965,0.13819582918857007,39.0,nan,0,0.37785977125167847,-1.922302007675171,nan
11.501,8000,160,-1,8.12573391572296,10,8.126754760742188,-0.041584596037864685,-8.108697891235352,-1.5869958400726318,0.04893413186073303,23.5,4.373531818389893,0.1861077369527614,39.0,nan,0,0.3385157883167267,-2.318669319152832,nan
11.521,8000,160,-1,8.124731221973345,10,8.125869750976562,-0.040350884199142456,-8.735968589782715,-1.7097620964050293,-0.1663833111524582,23.5,4.945550918579102,0.21044897525868517,39.0,nan,0,0.29386410117149353,-1.936781406402588,nan
11.541,8000,160,-1,8.123734907373002,10,8.124969482421875,-0.04662211611866951,-10.231241226196289,-2.0024099349975586,0.0946781262755394,23.5,5.173409461975098,0.22014508348830203,39.0,nan,0,0.24883122742176056,-2.1537246704101562,nan
11.561,8000,160,-1,8.12273601572306,10,8.124099731445312,-0.04503057897090912,-11.416722297668457,-2.234426498413086,0.06263545155525208,23.5,5.881340980529785,0.25026982895871425,39.0,nan,0,0.20541073381900787,-2.4275474548339844,nan
11.581,8000,160,-1,8.121733961522843,10,8.123001098632812,-0.05220427364110947,-9.890806198120117,-1.935781717300415,-0.013529363088309765,23.5,4.737115383148193,0.2015793780063061,39.0,nan,0,0.15077759325504303,-2.6526176929473877,nan
11.601,8000,160,-1,8.120732842772851,10,8.121871948242188,-0.05376838520169258,-8.50326156616211,-1.6642179489135742,0.05226261168718338,23.5,3.8147802352905273,0.1623310738421501,39.0,nan,0,0.09424851089715958,-2.3548388481140137,nan
11.62,8000,160,-1,8.119775844873221,10,8.12103271484375,-0.04487272724509239,-11.003954887390137,-2.153641700744629,-0.2096690982580185,23.5,5.871138572692871,0.2498356839443775,39.0,nan,0,0.052433792501688004,-2.4158148765563965,nan
11.641,8000,160,-1,8.118763476123423,10,8.119903564453125,-0.05654925853013992,-7.511402606964111,-1.4700959920883179,-0.140616774559021,23.5,3.2261219024658203,0.13728178308365194,39.0,nan,0,0.9954436421394348,-2.688976764678955,nan
11.661,8000,160,-1,8.117753801123037,10,8.118667602539062,-0.06176155060529709,-5.212683200836182,-1.1812357902526855,-0.12400716543197632,23.5,2.3064942359924316,0.09814869089329496,39.0,nan,0,0.9336913824081421,-2.9957797527313232,nan
11.68,8000,160,-1,8.116770563623142,10,8.117691040039062,-0.0457044392824173,-8.04114055633545,-1.573773741722107,0.0263981856405735,23.5,3.2480521202087402,0.13821498383866979,39.0,nan,0,0.8848691582679749,-2.215855121612549,nan
11.701,8000,160,-1,8.115758526122956,10,8.11676025390625,-0.04898675158619881,-7.760987281799316,-1.5189435482025146,-0.11063393205404282,23.5,3.903345823287964,0.16609982226757294,39.0,nan,0,0.8386393189430237,-2.554750680923462,nan
11.721,8000,160,-1,8.114729724023348,10,8.115707397460938,-0.0455235056579113,-8.861841201782227,-1.6238459348678589,0.0752425491809845,23.5,3.619800567626953,0.15403406670752992,39.0,nan,0,0.7858458161354065,-2.00266432762146,nan
11.741,8000,160,-1,8.113734099022988,10,8.114730834960938,-0.04784374311566353,-7.573395729064941,-1.4822291135787964,0.2544185519218445,23.5,3.287538528442383,0.1398952565294631,39.0,nan,0,0.737009584903717,-2.3292458057403564,nan
11.761,8000,160,-1,8.112728036523187,10,8.113739013671875,-0.05329703167080879,-7.534746170043945,-1.4746646881103516,0.07949211448431015,23.5,3.354600191116333,0.14274894430282267,39.0,nan,0,0.6873874664306641,-2.8364107608795166,nan
11.781,8000,160,-1,8.111735349023366,10,8.1126708984375,-0.05039057508111,-7.023111820220947,-1.3745300769805908,0.15292063355445862,23.5,2.6150546073913574,0.11127891946346202,39.0,nan,0,0.6338561773300171,-2.6039741039276123,nan
11.801,8000,160,-1,8.110733563623217,10,8.111541748046875,-0.051651258021593094,-6.545958042144775,-1.3348926305770874,-0.0615830235183239,23.5,2.371799945831299,0.10092765726941696,39.0,nan,0,0.5778073668479919,-2.309051990509033,nan
11.821,8000,160,-1,8.109747959473317,10,8.110626220703125,-0.047355230897665024,-7.193740367889404,-1.4079246520996094,0.06522485613822937,23.5,2.688986301422119,0.11442494899668593,39.0,nan,0,0.5319632291793823,-2.4320499897003174,nan
11.841,8000,160,-1,8.108759942773032,10,8.109542846679688,-0.05543109402060509,-4.876439094543457,-0.9543935060501099,-0.02739097736775875,23.5,2.0959901809692383,0.08919107153060589,39.0,nan,0,0.4773915112018585,-2.843646764755249,nan
11.861,8000,160,-1,8.107736442772877,10,8.1083984375,-0.0505778007209301,-5.481656074523926,-1.0728436708450317,-0.008197629824280739,23.5,1.662060022354126,0.07072595839804792,39.0,nan,0,0.42074689269065857,-2.275329351425171,nan
11.881,8000,160,-1,8.106737374023217,10,8.107498168945312,-0.0418182797729969,-7.18789529800415,-1.40678071975708,0.053568076342344284,23.5,2.6484358310699463,0.11269939706680622,39.0,nan,0,0.37535449862480164,-1.8248424530029297,nan
11.9,8000,160,-1,8.105780432373288,10,8.10675048828125,-0.043842725455760956,-8.74094009399414,-1.7107352018356323,-0.19009527564048767,23.5,4.164175033569336,0.17719893759869515,39.0,nan,0,0.3377705514431,-2.3386738300323486,nan
11.921,8000,160,-1,8.104735096973313,10,8.105850219726562,-0.03929346054792404,-10.07715129852295,-1.9722521305084229,-0.291343629360199,23.5,5.119729995727539,0.21786085088202295,39.0,nan,0,0.2930881381034851,-1.9078930616378784,nan
11.941,8000,160,-1,8.103742805273217,10,8.104949951171875,-0.047429174184799194,-10.857218742370605,-2.107905387878418,-0.24495761096477509,23.5,5.318804740905762,0.22633211663428773,39.0,nan,0,0.24812912940979004,-2.043342351913452,nan
11.961,8000,160,-1,8.102733559472838,10,8.104019165039062,-0.0472441092133522,-10.615407943725586,-2.077597141265869,0.04719844460487366,23.5,5.689204216003418,0.24209379642567735,39.0,nan,0,0.20167066156864166,-2.640428066253662,nan
11.98,8000,160,-1,8.101770167773068,10,8.103042602539062,-0.046858467161655426,-10.153749465942383,-2.026292324066162,-0.07120512425899506,23.5,5.087978839874268,0.2165097378669901,39.0,nan,0,0.15304067730903625,-2.273308753967285,nan
12.001,8000,160,-1,8.100737444873086,10,8.101882934570312,-0.05949997901916504,-7.890780925750732,-1.5443460941314697,0.08090859651565552,23.5,3.2383997440338135,0.13780424442697078,39.0,nan,0,0.09497643262147903,-2.9302821159362793,nan
12.021,8000,160,-1,8.099738159473056,10,8.100906372070312,-0.049741122871637344,-9.083536148071289,-1.7777864933013916,0.09969541430473328,23.5,4.362538814544678,0.18563994955509266,39.0,nan,0,0.046012770384550095,-2.7316982746124268,nan
12.041,8000,160,-1,8.098732121972718,10,8.099807739257812,-0.05471301078796387,-7.656101226806641,-1.4984157085418701,0.12839263677597046,23.5,3.5141067504882812,0.14953645746758643,39.0,nan,0,0.9910884499549866,-2.7344424724578857,nan
12.061,8000,160,-1,8.097735711523276,10,8.098663330078125,-0.057521410286426544,-6.117088317871094,-1.1972074508666992,-0.1720992624759674,23.5,2.2209529876708984,0.09450863777322972,39.0,nan,0,0.9336708188056946,-2.6991848945617676,nan
12.081,8000,160,-1,8.096733765723187,10,8.09759521484375,-0.05111471563577652,-6.5340375900268555,-1.278810739517212,0.01897122710943222,23.5,2.753572702407837,0.11717330648543987,39.0,nan,0,0.8800168633460999,-2.3757307529449463,nan
12.101,8000,160,-1,8.09575405112337,10,8.096755981445312,-0.04473349452018738,-8.748481750488281,-1.7122113704681396,-0.11736845970153809,23.5,4.13942813873291,0.1761458782439536,39.0,nan,0,0.8386864066123962,-2.4737608432769775,nan
12.121,8000,160,-1,8.094736042773004,10,8.095703125,-0.0475882813334465,-8.263945579528809,-1.617380142211914,-0.025502439588308334,23.5,3.4360735416412354,0.14621589538898874,39.0,nan,0,0.7855475544929504,-2.294687271118164,nan
12.141,8000,160,-1,8.093735999023195,10,8.094711303710938,-0.05006847158074379,-7.839547157287598,-1.5343189239501953,-0.09255757927894592,23.5,3.306549549102783,0.14070423613203334,39.0,nan,0,0.7363434433937073,-2.5024325847625732,nan
12.161,8000,160,-1,8.092737253222733,10,8.093765258789062,-0.05128021165728569,-8.037710189819336,-1.5731024742126465,0.05868367478251457,23.5,3.5389175415039062,0.15059223580867687,39.0,nan,0,0.6889844536781311,-2.8085291385650635,nan
12.181,8000,160,-1,8.091732811523254,10,8.092681884765625,-0.05105370283126831,-7.259591102600098,-1.4208126068115234,0.026354705914855003,23.5,2.892266273498535,0.12307516057440575,39.0,nan,0,0.6345691680908203,-2.475390672683716,nan
12.201,8000,160,-1,8.090733134472977,10,8.091552734375,-0.05467682331800461,-5.827868938446045,-1.1406028270721436,-0.07660315185785294,23.5,2.3068411350250244,0.09816345255425636,39.0,nan,0,0.5780971050262451,-2.3420419692993164,nan
12.22,8000,160,-1,8.089782038622799,10,8.090591430664062,-0.05136212706565857,-5.781121730804443,-1.1314536333084106,-0.02629781886935234,23.5,2.4261271953582764,0.10323945512162878,39.0,nan,0,0.530296266078949,-2.4220643043518066,nan
12.241,8000,160,-1,8.08873239277309,10,8.0894775390625,-0.05826126039028168,-4.277703762054443,-0.8372117877006531,0.10787852853536606,23.5,1.6722431182861328,0.07115928162919714,39.0,nan,0,0.47409823536872864,-3.0587334632873535,nan
12.261,8000,160,-1,8.087733771972854,10,8.088409423828125,-0.046181369572877884,-5.325038909912109,-1.0421912670135498,0.0848526582121849,23.5,1.906900405883789,0.08114469812271442,39.0,nan,0,0.4213407039642334,-2.1046600341796875,nan
12.28,8000,160,-1,8.086773209473177,10,8.0875244140625,-0.04359196126461029,-7.082827568054199,-1.3862173557281494,-0.09150940179824829,23.5,2.564338445663452,0.10912078492184903,39.0,nan,0,0.3771546483039856,-1.964316964149475,nan
12.301,8000,160,-1,8.085749167772883,10,8.08673095703125,-0.04255901277065277,-9.276200294494629,-1.8154938220977783,-0.03715430945158005,23.5,4.2828755378723145,0.1822500228881836,39.0,nan,0,0.3374226987361908,-2.3908305168151855,nan
12.321,8000,160,-1,8.084736021973368,10,8.085830688476562,-0.04068908095359802,-10.505061149597168,-2.0560007095336914,-0.08855976164340973,23.5,4.810070991516113,0.20468387197940907,39.0,nan,0,0.29194870591163635,-1.9892417192459106,nan
12.341,8000,160,-1,8.08373292612305,10,8.08489990234375,-0.046929731965065,-10.68951416015625,-2.0921008586883545,-0.07223406434059143,23.5,4.793970584869385,0.20399874829231424,39.0,nan,0,0.24562983214855194,-2.2597780227661133,nan
12.361,8000,160,-1,8.082735688622781,10,8.084060668945312,-0.043241143226623535,-11.195982933044434,-2.1912245750427246,0.11563523858785629,23.5,5.9372477531433105,0.2526488405592898,39.0,nan,0,0.2035571038722992,-2.3965420722961426,nan
12.381,8000,160,-1,8.081736559473214,10,8.083053588867188,-0.04636075720191002,-11.318126678466797,-2.127002239227295,-0.1762363165616989,23.5,5.653327941894531,0.2405671464635971,39.0,nan,0,0.15351226925849915,-2.2959892749786377,nan
12.401,8000,160,-1,8.080729994873403,10,8.081893920898438,-0.06198936700820923,-8.12097454071045,-1.5893986225128174,0.030841153115034103,23.5,3.4744772911071777,0.14785009749392244,39.0,nan,0,0.09566612541675568,-3.0631051063537598,nan
12.42,8000,160,-1,8.079785140723109,10,8.080902099609375,-0.052467044442892075,-8.712349891662598,-1.7051396369934082,0.05767066776752472,23.5,4.060187339782715,0.17277392935245595,39.0,nan,0,0.04585464298725128,-2.7360734939575195,nan
12.441,8000,160,-1,8.078736738623414,10,8.079910278320312,-0.045264337211847305,-9.73392105102539,-1.9050768613815308,0.29233241081237793,23.5,4.344089984893799,0.1848548929742042,39.0,nan,0,0.996311604976654,-2.3714616298675537,nan
12.461,8000,160,-1,8.077758659473332,10,8.078689575195312,-0.05946401134133339,-6.095500469207764,-1.1929823160171509,-0.08766759932041168,23.5,2.7622811794281006,0.11754387997566386,39.0,nan,0,0.9351276159286499,-2.766859292984009,nan
12.481,8000,160,-1,8.076755680273347,10,8.077590942382812,-0.05172364041209221,-6.442560195922852,-1.3291900157928467,-0.04091895371675491,23.5,2.4170124530792236,0.10285159374805207,39.0,nan,0,0.8804407715797424,-2.4476959705352783,nan
12.501,8000,160,-1,8.0757380365234,10,8.076705932617188,-0.04351133108139038,-8.802913665771484,-1.7228643894195557,-0.016188085079193115,23.5,4.244988918304443,0.18063782631082737,39.0,nan,0,0.8360069990158081,-2.3940725326538086,nan
12.521,8000,160,-1,8.074733646972893,10,8.075729370117188,-0.04651676118373871,-8.151862144470215,-1.595443606376648,0.04351188987493515,23.5,3.60847806930542,0.15355225826831573,39.0,nan,0,0.7870877385139465,-2.338472604751587,nan
12.541,8000,160,-1,8.073728940723234,10,8.074661254882812,-0.05246830731630325,-7.027658939361572,-1.4830322265625,-0.04201439023017883,23.5,2.8580031394958496,0.12161715487216382,39.0,nan,0,0.7340114116668701,-2.6468522548675537,nan
12.561,8000,160,-1,8.072736003222966,10,8.07373046875,-0.05165455862879753,-7.4653401374816895,-1.4610809087753296,0.05409173667430878,23.5,3.3796677589416504,0.14381564931666596,39.0,nan,0,0.6868706345558167,-2.82179594039917,nan
12.581,8000,160,-1,8.071736530272759,10,8.07269287109375,-0.05168189853429794,-7.3842549324035645,-1.4452111721038818,0.002197780879214406,23.5,3.028837203979492,0.1288866895310422,39.0,nan,0,0.6355562806129456,-2.5689830780029297,nan
12.601,8000,160,-1,8.070737424022813,10,8.071578979492188,-0.05442514643073082,-5.891684055328369,-1.153092384338379,-0.07789826393127441,23.5,2.3452882766723633,0.09979950113499418,39.0,nan,0,0.5794374346733093,-2.6855831146240234,nan
12.621,8000,160,-1,8.069731205273278,10,8.070480346679688,-0.05321452021598816,-5.746293544769287,-1.124637246131897,-0.08611498773097992,23.5,2.0852279663085938,0.08873310494930187,39.0,nan,0,0.5248671174049377,-2.7182016372680664,nan
12.641,8000,160,-1,8.06871618447331,10,8.069503784179688,-0.052643291652202606,-4.944471836090088,-1.1608564853668213,0.050297461450099945,23.5,2.378795623779297,0.10122534569273604,39.0,nan,0,0.47599491477012634,-3.080200672149658,nan
12.661,8000,160,-1,8.067733867772771,10,8.068435668945312,-0.047934941947460175,-5.6666741371154785,-1.1090545654296875,0.04283665865659714,23.5,2.150568962097168,0.09151357285519864,39.0,nan,0,0.4225073754787445,-2.210097551345825,nan
12.681,8000,160,-1,8.066732544873235,10,8.067474365234375,-0.04535447061061859,-6.705317497253418,-1.3123500347137451,0.0009245967958122492,23.5,2.4201791286468506,0.10298634589986598,39.0,nan,0,0.37398889660835266,-1.9208892583847046,nan
12.701,8000,160,-1,8.06575700322283,10,8.066680908203125,-0.04385140910744667,-8.1956205368042,-1.6444987058639526,0.06715451180934906,23.5,3.937319278717041,0.16754550122200174,39.0,nan,0,0.3346068263053894,-2.3010802268981934,nan
12.721,8000,160,-1,8.064730319873346,10,8.065826416015625,-0.03974613919854164,-11.014667510986328,-2.155738353729248,-0.0564865879714489,23.5,4.909640312194824,0.20892086434871593,39.0,nan,0,0.2919159233570099,-2.0501086711883545,nan
12.741,8000,160,-1,8.063732753223308,10,8.064895629882812,-0.04773573949933052,-9.709568977355957,-1.900310754776001,-0.02580057457089424,23.5,4.6743974685668945,0.19891053057731467,39.0,nan,0,0.24549256265163422,-2.302060127258301,nan
12.761,8000,160,-1,8.062734430273126,10,8.064071655273438,-0.04166911914944649,-12.339797973632812,-2.415086507797241,0.2288440763950348,23.5,5.85882568359375,0.24931173121675532,39.0,nan,0,0.20383985340595245,-2.229755401611328,nan
12.781,8000,160,-1,8.061734092773262,10,8.06304931640625,-0.047525934875011444,-10.966733932495117,-2.219611167907715,-0.025938324630260468,23.5,5.621847629547119,0.23922755870413273,39.0,nan,0,0.15289998054504395,-2.3079190254211426,nan
12.801,8000,160,-1,8.060733469873234,10,8.06195068359375,-0.05953414738178253,-8.841554641723633,-1.7304270267486572,0.05470374971628189,23.5,3.804368734359741,0.1618880312493507,39.0,nan,0,0.09778528660535812,-3.025264263153076,nan
12.821,8000,160,-1,8.059733874023372,10,8.060821533203125,-0.057098716497421265,-7.726102352142334,-1.441051721572876,0.05793631076812744,23.5,3.3245911598205566,0.14147196424768327,39.0,nan,0,0.041503213346004486,-2.693781614303589,nan
12.841,8000,160,-1,8.058737313622991,10,8.059860229492188,-0.04323076456785202,-9.751533508300781,-1.7805546522140503,0.009381120093166828,23.5,4.482086658477783,0.19072709185011844,39.0,nan,0,0.993455708026886,-2.183525562286377,nan
12.861,8000,160,-1,8.057746967772987,10,8.058685302734375,-0.06211482360959053,-5.901632785797119,-1.1550395488739014,-0.12648610770702362,23.5,2.4614768028259277,0.10474369373727352,39.0,nan,0,0.9345239996910095,-3.0125913619995117,nan
12.881,8000,160,-1,8.056735819872852,10,8.05755615234375,-0.05615409091114998,-4.6868896484375,-0.9172958135604858,-0.0075250728987157345,23.5,2.0145511627197266,0.08572558139232879,39.0,nan,0,0.8780295848846436,-2.6862919330596924,nan
12.901,8000,160,-1,8.055734761522768,10,8.056625366210938,-0.048056770116090775,-7.544946670532227,-1.476779818534851,-0.008942659944295883,23.5,3.3029072284698486,0.1405492437646744,39.0,nan,0,0.8316572904586792,-2.733854293823242,nan
12.921,8000,160,-1,8.05473509902295,10,8.055709838867188,-0.04257757216691971,-9.292511940002441,-1.8186863660812378,-0.03632054850459099,23.5,3.963070869445801,0.16864131359343834,39.0,nan,0,0.7865396738052368,-1.9808546304702759,nan
12.941,8000,160,-1,8.053733949022721,10,8.0546875,-0.052621424198150635,-7.399277210235596,-1.450096607208252,-0.016856800764799118,23.5,2.764874219894409,0.11765422212316635,39.0,nan,0,0.7348818182945251,-2.482675552368164,nan
12.961,8000,160,-1,8.052749055273312,10,8.053756713867188,-0.052305515855550766,-7.725643157958984,-1.5120261907577515,0.038361236453056335,23.5,3.427649974822998,0.14585744573714884,39.0,nan,0,0.6881366968154907,-2.8963358402252197,nan
12.981,8000,160,-1,8.051756180272791,10,8.052764892578125,-0.04815272241830826,-8.503525733947754,-1.6642696857452393,0.1058947890996933,23.5,3.1935102939605713,0.13589405506215196,39.0,nan,0,0.6385936141014099,-2.5411674976348877,nan
13.001,8000,160,-1,8.050734588623168,10,8.051605224609375,-0.05450458824634552,-5.39106559753418,-1.055113673210144,-0.056364547461271286,23.5,2.439389944076538,0.10380382740751226,39.0,nan,0,0.5812004804611206,-2.477614402770996,nan
13.021,8000,160,-1,8.049734959473431,10,8.050521850585938,-0.056875359266996384,-5.604840278625488,-1.0969526767730713,-0.23344150185585022,23.5,2.1223299503326416,0.09031191278011241,39.0,nan,0,0.5267887711524963,-2.951650381088257,nan
13.041,8000,160,-1,8.048732182373357,10,8.049484252929688,-0.05207281559705734,-5.286945343017578,-1.0347357988357544,0.07331699132919312,23.5,2.449477434158325,0.10423308230460958,39.0,nan,0,0.4748469591140747,-2.9528286457061768,nan
13.061,8000,160,-1,8.047736965723022,10,8.048431396484375,-0.046228595077991486,-5.5452375411987305,-1.0852875709533691,-0.045383255928754807,23.5,2.1030404567718506,0.08949108326688726,39.0,nan,0,0.4224104583263397,-2.005783796310425,nan
13.081,8000,160,-1,8.046734471972748,10,8.047454833984375,-0.048202719539403915,-6.677263259887695,-1.3068422079086304,-0.00048698551836423576,23.5,2.1085424423217773,0.089725210311565,39.0,nan,0,0.37346944212913513,-2.163140296936035,nan
13.101,8000,160,-1,8.045737182372985,10,8.046630859375,-0.04497263953089714,-7.364408493041992,-1.4413269758224487,0.050639327615499496,23.5,3.6826937198638916,0.15671037105803795,39.0,nan,0,0.3321322500705719,-2.438028335571289,nan
13.121,8000,160,-1,8.044735946973386,10,8.045806884765625,-0.03869187831878662,-10.041325569152832,-2.062572717666626,0.08205828070640564,23.5,4.737151622772217,0.20158092011796666,39.0,nan,0,0.29129257798194885,-1.983279824256897,nan
13.141,8000,160,-1,8.043734780273379,10,8.04486083984375,-0.047815680503845215,-9.562439918518066,-1.9737482070922852,0.04200442135334015,23.5,4.589423179626465,0.19529460338836022,39.0,nan,0,0.24389153718948364,-2.310687780380249,nan
13.161,8000,160,-1,8.042732292773152,10,8.044036865234375,-0.039742279797792435,-11.81782341003418,-2.3129281997680664,0.04932229220867157,23.5,6.175275802612305,0.26277769372818316,39.0,nan,0,0.2026982307434082,-2.271766185760498,nan
13.181,8000,160,-1,8.041727949023343,10,8.043060302734375,-0.045629724860191345,-11.765765190124512,-2.3027396202087402,-0.11915173381567001,23.5,6.045919418334961,0.25727316673765793,39.0,nan,0,0.15345264971256256,-2.3087375164031982,nan
13.201,8000,160,-1,8.040764763623166,10,8.042022705078125,-0.055771827697753906,-9.4940185546875,-1.8675148487091064,0.013674854300916195,23.5,4.521547317504883,0.192406268829995,39.0,nan,0,0.1014099195599556,-2.862163782119751,nan
13.221,8000,160,-1,8.039756838623008,10,8.04083251953125,-0.06360803544521332,-5.943111896514893,-1.16315758228302,-0.008044736459851265,23.5,3.0580897331237793,0.1301314780052672,39.0,nan,0,0.042373448610305786,-3.229858160018921,nan
13.241,8000,160,-1,8.038758517773395,10,8.039779663085938,-0.047616586089134216,-8.55800724029541,-1.6749324798583984,0.03966454416513443,23.5,3.6466991901397705,0.1551786889421179,39.0,nan,0,0.9896590113639832,-2.372530221939087,nan
13.261,8000,160,-1,8.037733653223414,10,8.038726806640625,-0.0529215931892395,-6.727021217346191,-1.3165805339813232,-0.020482394844293594,23.5,2.973569393157959,0.1265348677939557,39.0,nan,0,0.9367676973342896,-2.806997060775757,nan
13.28,8000,160,-1,8.036773630273101,10,8.037612915039062,-0.05740668252110481,-5.699034214019775,-1.1770461797714233,-0.04671012610197067,23.5,2.1013832092285156,0.08942056209483046,39.0,nan,0,0.8809840083122253,-2.852696180343628,nan
13.301,8000,160,-1,8.035734076122763,10,8.036575317382812,-0.049328405410051346,-6.597657680511475,-1.291262149810791,0.05456482619047165,23.5,2.8097341060638428,0.11956315344952523,39.0,nan,0,0.8296595215797424,-2.5915286540985107,nan
13.32,8000,160,-1,8.034773801123093,10,8.0357666015625,-0.03947802260518074,-9.973322868347168,-1.955888032913208,-0.052088238298892975,23.5,4.179698944091797,0.17785952953582115,39.0,nan,0,0.7886962890625,-1.9900895357131958,nan
13.341,8000,160,-1,8.033735878222807,10,8.034698486328125,-0.0530586764216423,-6.9390177726745605,-1.3580715656280518,-0.22582457959651947,23.5,3.008481502532959,0.1280204894694876,39.0,nan,0,0.7353689670562744,-2.504042625427246,nan
13.36,8000,160,-1,8.032769784473214,10,8.03375244140625,-0.052420586347579956,-7.906296253204346,-1.5473827123641968,0.07624317705631256,23.5,3.3724656105041504,0.14350917491507023,39.0,nan,0,0.688158392906189,-2.9020304679870605,nan
13.381,8000,160,-1,8.031736513623047,10,8.03271484375,-0.04743291810154915,-7.914098262786865,-1.5489096641540527,-0.032912131398916245,23.5,3.4232676029205322,0.14567096182640563,39.0,nan,0,0.6360557675361633,-2.3530654907226562,nan
13.401,8000,160,-1,8.030739359473237,10,8.031600952148438,-0.053608864545822144,-6.515366554260254,-1.2751564979553223,-0.35367831587791443,23.5,2.775022268295288,0.11808605397001226,39.0,nan,0,0.5809604525566101,-2.609466075897217,nan
13.421,8000,160,-1,8.029734271972858,10,8.030517578125,-0.055553536862134933,-6.881424903869629,-1.3467997312545776,-0.03712926805019379,23.5,2.055262327194214,0.08745797136996655,39.0,nan,0,0.5263384580612183,-3.020461082458496,nan
13.441,8000,160,-1,8.028732032373238,10,8.029434204101562,-0.05266557261347771,-5.607706069946289,-1.0975135564804077,0.09995990246534348,23.5,2.013972282409668,0.08570094818764544,39.0,nan,0,0.4720945954322815,-2.8458385467529297,nan
13.461,8000,160,-1,8.027732442773424,10,8.028427124023438,-0.04910026490688324,-5.502884387969971,-1.0769983530044556,-0.051705069839954376,23.5,2.158264636993408,0.09184104838269821,39.0,nan,0,0.42181459069252014,-2.3658273220062256,nan
13.481,8000,160,-1,8.026733084473392,10,8.027435302734375,-0.04641931876540184,-6.180737018585205,-1.2096644639968872,0.02795717492699623,23.5,2.2941675186157227,0.09762414972832863,39.0,nan,0,0.372617244720459,-2.0981948375701904,nan
13.501,8000,160,-1,8.025726715723442,10,8.026596069335938,-0.04349129647016525,-7.683675765991211,-1.503812551498413,0.016673168167471886,23.5,3.382807731628418,0.14394926517567735,39.0,nan,0,0.3306359052658081,-2.3604893684387207,nan
13.521,8000,160,-1,8.024730817772808,10,8.025787353515625,-0.03924942761659622,-10.227950096130371,-2.001765727996826,-0.0024166249204427004,23.5,4.487651348114014,0.19096388715378781,39.0,nan,0,0.2897348999977112,-1.968293309211731,nan
13.541,8000,160,-1,8.023734319872903,10,8.024871826171875,-0.04680828005075455,-9.357576370239258,-1.8314204216003418,-0.15515448153018951,23.5,4.618525505065918,0.196533000215571,39.0,nan,0,0.24395860731601715,-2.2458207607269287,nan
13.561,8000,160,-1,8.022736353222728,10,8.02398681640625,-0.044739026576280594,-10.194844245910645,-1.995286464691162,0.053191177546978,23.5,5.328369140625,0.22673911236702127,39.0,nan,0,0.19981522858142853,-2.2841875553131104,nan
13.581,8000,160,-1,8.021733209473323,10,8.023025512695312,-0.04500861093401909,-11.136550903320312,-2.1795928478240967,0.02736653760075569,23.5,5.657680511474609,0.2407523621904089,39.0,nan,0,0.15184569358825684,-2.3388733863830566,nan
13.601,8000,160,-1,8.02073189902295,10,8.021926879882812,-0.055703986436128616,-9.033105850219727,-1.7679164409637451,0.040785692632198334,23.5,4.305583477020264,0.18321631817107506,39.0,nan,0,0.09703090786933899,-2.6006035804748535,nan
13.621,8000,160,-1,8.019730499023,10,8.020843505859375,-0.06155982241034508,-6.7612996101379395,-1.323289394378662,-0.003931874874979258,23.5,2.935822010040283,0.12492859617192695,39.0,nan,0,0.04248857498168945,-3.296534299850464,nan
13.641,8000,160,-1,8.01874500112318,10,8.019699096679688,-0.05214039608836174,-6.998859882354736,-1.369783639907837,0.06799964606761932,23.5,2.8294050693511963,0.12040021571707218,39.0,nan,0,0.9859188795089722,-2.370718002319336,nan
13.661,8000,160,-1,8.01773672822311,10,8.01873779296875,-0.04689325764775276,-7.507969379425049,-1.4694241285324097,0.35845088958740234,23.5,3.387112617492676,0.14413245180819897,39.0,nan,0,0.9373332262039185,-2.469275712966919,nan
13.681,8000,160,-1,8.016732840723137,10,8.017547607421875,-0.058828551322221756,-5.840785503387451,-1.1431307792663574,0.009705420583486557,23.5,1.835792064666748,0.07811881126241481,39.0,nan,0,0.8783237934112549,-2.945639133453369,nan
13.701,8000,160,-1,8.015735486523056,10,8.016525268554688,-0.051048148423433304,-6.769827842712402,-1.2662184238433838,0.025973564013838768,23.5,2.442399501800537,0.10393189369363988,39.0,nan,0,0.8266659379005432,-2.6401145458221436,nan
13.721,8000,160,-1,8.01473063652303,10,8.015655517578125,-0.0398164801299572,-8.799354553222656,-1.7221678495407104,0.15117430686950684,23.5,3.6129207611083984,0.1537413089833361,39.0,nan,0,0.7832366824150085,-2.109469175338745,nan
13.741,8000,160,-1,8.013734355272767,10,8.014678955078125,-0.04830813780426979,-7.5491838455200195,-1.4774904251098633,-0.029368601739406586,23.5,3.3235130310058594,0.14142608642578125,39.0,nan,0,0.7345485687255859,-2.3798134326934814,nan
13.761,8000,160,-1,8.01273227402345,10,8.013656616210938,-0.05420234426856041,-6.7354350090026855,-1.3182272911071777,0.04301505908370018,23.5,2.6786341667175293,0.11398443262627785,39.0,nan,0,0.6830801367759705,-2.7472782135009766,nan
13.781,8000,160,-1,8.011736251122796,10,8.012725830078125,-0.045637376606464386,-8.052611351013184,-1.5760188102722168,-0.18614134192466736,23.5,3.550480365753174,0.15108427088311377,39.0,nan,0,0.6369926929473877,-2.3661935329437256,nan
13.801,8000,160,-1,8.01073456362284,10,8.011642456054688,-0.05316208302974701,-5.9514946937561035,-1.1647982597351074,-0.1756807267665863,23.5,2.5793704986572266,0.10976044675137134,39.0,nan,0,0.5830713510513306,-2.6247832775115967,nan
13.821,8000,160,-1,8.009732305273078,10,8.010528564453125,-0.0586707778275013,-5.849630832672119,-1.1448619365692139,0.08759820461273193,23.5,2.130495071411133,0.09065936474089926,39.0,nan,0,0.5271542072296143,-3.0083560943603516,nan
13.84,8000,160,-1,8.00877611572288,10,8.00946044921875,-0.054006677120923996,-4.664652347564697,-0.9129436016082764,0.06875208020210266,23.5,1.7777929306030273,0.07565076300438414,39.0,nan,0,0.47337082028388977,-2.640533447265625,nan
13.861,8000,160,-1,8.00773693652301,10,8.008453369140625,-0.042881906032562256,-6.845708847045898,-1.3398096561431885,-0.024604275822639465,23.5,2.641519069671631,0.11240506679453749,39.0,nan,0,0.42328572273254395,-1.98064124584198,nan
13.88,8000,160,-1,8.0067751469731,10,8.007492065429688,-0.04896719008684158,-5.209359169006348,-1.0195510387420654,0.04416663572192192,23.5,1.9889076948165894,0.08463436999219529,39.0,nan,0,0.3753070831298828,-2.223907947540283,nan
13.901,8000,160,-1,8.005737638623408,10,8.006607055664062,-0.04628449305891991,-7.684131622314453,-1.423706293106079,-0.03344804793596268,23.5,3.321808338165283,0.14135354630490568,39.0,nan,0,0.3306547999382019,-2.448870897293091,nan
13.921,8000,160,-1,8.004733357373347,10,8.0057373046875,-0.039003193378448486,-10.163963317871094,-1.989242434501648,0.03082359954714775,23.5,4.446308612823486,0.18920462182227601,39.0,nan,0,0.287886381149292,-1.9450857639312744,nan
13.94,8000,160,-1,8.003781051123237,10,8.0048828125,-0.04520931467413902,-9.358599662780762,-1.831620693206787,-0.0560709610581398,23.5,4.549989700317383,0.19361658299222906,39.0,nan,0,0.24447521567344666,-2.052736759185791,nan
13.961,8000,160,-1,8.002733796973203,10,8.003936767578125,-0.0465630479156971,-9.734277725219727,-1.905146598815918,0.15979787707328796,23.5,5.122857093811035,0.21799391888557595,39.0,nan,0,0.19717012345790863,-2.4402542114257812,nan
13.981,8000,160,-1,8.001733905273445,10,8.003036499023438,-0.04083208367228508,-12.051294326782227,-2.3586220741271973,-0.175052672624588,23.5,6.058754920959473,0.25781935833870095,39.0,nan,0,0.15262916684150696,-2.1807758808135986,nan
14.001,8000,160,-1,8.00073440527341,10,8.001998901367188,-0.056528490036726,-8.634045600891113,-1.6898143291473389,-0.05854383111000061,23.5,4.465314865112305,0.1900133985154172,39.0,nan,0,0.10037880390882492,-2.901984930038452,nan
14.021,8000,160,-1,7.9997360573732434,10,8.0009765625,-0.0541522353887558,-9.27813720703125,-1.8158729076385498,-0.0015895802062004805,23.5,4.5057501792907715,0.19173405018258602,39.0,nan,0,0.04907993599772453,-3.075752019882202,nan
14.041,8000,160,-1,7.998734736523343,10,7.999664306640625,-0.05822534114122391,-5.761230945587158,-1.1275607347488403,0.02882513403892517,23.5,2.4059720039367676,0.10238178740156458,39.0,nan,0,0.983827531337738,-2.659564256668091,nan
14.061,8000,160,-1,7.997732380273388,10,7.9986114501953125,-0.04735206440091133,-8.30427360534668,-1.6252729892730713,-0.0983675867319107,23.5,3.047060966491699,0.1296621687868808,39.0,nan,0,0.9309466481208801,-2.2459633350372314,nan
14.08,8000,160,-1,7.9967710240227605,10,7.9976654052734375,-0.0545235201716423,-6.7399396896362305,-1.3191089630126953,-0.10957913100719452,23.5,2.4916727542877197,0.10602862784203063,39.0,nan,0,0.8835346698760986,-2.8495500087738037,nan
14.101,8000,160,-1,7.99573396152338,10,7.99658203125,-0.05132948234677315,-6.872751712799072,-1.345102310180664,0.048915937542915344,23.5,2.6519134044647217,0.11284737891339242,39.0,nan,0,0.8296947479248047,-2.57440185546875,nan
14.121,8000,160,-1,7.994734307373452,10,7.995635986328125,-0.0429854616522789,-7.6629204750061035,-1.6826250553131104,0.1828605979681015,23.5,3.077890396118164,0.13097405940928358,39.0,nan,0,0.7821593284606934,-2.1781463623046875,nan
14.141,8000,160,-1,7.993743136522986,10,7.994659423828125,-0.04810718819499016,-7.632994651794434,-1.4938933849334717,-0.06364589184522629,23.5,3.113101005554199,0.13247238321507232,39.0,nan,0,0.733403742313385,-2.317659854888916,nan
14.161,8000,160,-1,7.9927320344730255,10,7.9936676025390625,-0.053084272891283035,-7.639611721038818,-1.4951884746551514,0.1865411102771759,23.5,2.9078004360198975,0.12373618876680414,39.0,nan,0,0.6837544441223145,-2.7909655570983887,nan
14.18,8000,160,-1,7.991772088623126,10,7.9927520751953125,-0.045852597802877426,-9.016321182250977,-1.7646315097808838,-0.038623444736003876,23.5,3.5645155906677246,0.15168151449649891,39.0,nan,0,0.6380460262298584,-2.2583203315734863,nan
14.201,8000,160,-1,7.9907545698734035,10,7.991668701171875,-0.054977696388959885,-6.383482456207275,-1.249344825744629,0.13098856806755066,23.5,2.300981283187866,0.09791409715693047,39.0,nan,0,0.584004282951355,-2.540536403656006,nan
14.221,8000,160,-1,7.989736401123097,10,7.9906005859375,-0.05403217673301697,-6.588903903961182,-1.2353419065475464,0.00466051883995533,23.5,2.4261956214904785,0.10324236687193526,39.0,nan,0,0.5309241414070129,-2.811357259750366,nan
14.241,8000,160,-1,7.988744086523381,10,7.9894256591796875,-0.05716647580265999,-4.505549430847168,-0.8818047046661377,0.056420646607875824,23.5,1.561260461807251,0.06643661539605324,39.0,nan,0,0.47162529826164246,-2.77520751953125,nan
14.261,8000,160,-1,7.987734657373236,10,7.9884033203125,-0.040998425334692,-6.460022926330566,-1.2643249034881592,0.11883077025413513,23.5,2.4928183555603027,0.10607737683235331,39.0,nan,0,0.4204467236995697,-1.7716988325119019,nan
14.28,8000,160,-1,7.986777549023115,10,7.98748779296875,-0.04960401728749275,-6.207089424133301,-1.2148220539093018,-0.11311750113964081,23.5,2.2856030464172363,0.09725970410286112,39.0,nan,0,0.37503668665885925,-2.250664472579956,nan
14.301,8000,160,-1,7.985762426123271,10,7.9865875244140625,-0.04781102016568184,-6.948866844177246,-1.359999179840088,0.16865651309490204,23.5,3.162592887878418,0.13457842076078375,39.0,nan,0,0.32965612411499023,-2.416315793991089,nan
14.321,8000,160,-1,7.984756155272787,10,7.9857025146484375,-0.0379016287624836,-9.067808151245117,-1.7747082710266113,0.059700604528188705,23.5,4.220874786376953,0.17961169303731717,39.0,nan,0,0.2859668731689453,-1.8520736694335938,nan
14.341,8000,160,-1,7.983750071973206,10,7.984771728515625,-0.048196613788604736,-8.971993446350098,-1.7559559345245361,-0.023132113739848137,23.5,3.901763916015625,0.16603250706449468,39.0,nan,0,0.23901250958442688,-2.519826889038086,nan
14.361,8000,160,-1,7.982735488623454,10,7.9838714599609375,-0.04542933776974678,-9.02957534790039,-1.7616479396820068,-0.1542239785194397,23.5,4.765793800354004,0.20279973618527677,39.0,nan,0,0.19431395828723907,-2.416022777557373,nan
14.381,8000,160,-1,7.981736971973456,10,7.9829559326171875,-0.040965765714645386,-10.686593055725098,-2.091529130935669,-0.3068617582321167,23.5,5.495151042938232,0.23383621459311627,39.0,nan,0,0.1485883891582489,-2.152834177017212,nan
14.401,8000,160,-1,7.980737436522773,10,7.9820098876953125,-0.052865538746118546,-9.51951789855957,-1.8631147146224976,-0.02163606695830822,23.5,4.891268730163574,0.20813909490057764,39.0,nan,0,0.10083233565092087,-2.73738694190979,nan
14.421,8000,160,-1,7.979733642772786,10,7.980926513671875,-0.05587613582611084,-8.108413696289062,-1.586940050125122,0.010253571905195713,23.5,4.170897960662842,0.17748501960267413,39.0,nan,0,0.04657524451613426,-3.075981378555298,nan
14.441,8000,160,-1,7.978746561523454,10,7.979644775390625,-0.06034225970506668,-5.047706127166748,-1.1407089233398438,-0.07500839233398438,23.5,2.4868078231811523,0.10582160949707031,39.0,nan,0,0.9829606413841248,-2.889279842376709,nan
14.46,8000,160,-1,7.977782488623066,10,7.9786376953125,-0.04826507344841957,-7.256600379943848,-1.3809012174606323,-0.0022587624844163656,23.5,2.6810197830200195,0.11408594821361785,39.0,nan,0,0.9326398372650146,-2.458590030670166,nan
14.481,8000,160,-1,7.97673393237275,10,7.977630615234375,-0.0537545345723629,-7.1299872398376465,-1.3954472541809082,-0.0032190349884331226,23.5,2.77986478805542,0.11829211864065617,39.0,nan,0,0.8823018670082092,-2.8547027111053467,nan
14.501,8000,160,-1,7.975733457373295,10,7.9765777587890625,-0.050890929996967316,-6.468048095703125,-1.3187936544418335,0.10905975103378296,23.5,2.6533565521240234,0.1129087894520861,39.0,nan,0,0.8296682238578796,-2.6168863773345947,nan
14.521,8000,160,-1,7.9747343469731415,10,7.9755859375,-0.042089566588401794,-8.30026912689209,-1.624489188194275,-0.05974151939153671,23.5,3.336421012878418,0.14197536225014545,39.0,nan,0,0.7800920009613037,-1.930755376815796,nan
14.541,8000,160,-1,7.973734526123021,10,7.9745941162109375,-0.04985839128494263,-7.169487953186035,-1.403178095817566,0.049524541944265366,23.5,2.6246535778045654,0.11168738628955598,39.0,nan,0,0.7305930256843567,-2.25632905960083,nan
14.561,8000,160,-1,7.972734596973182,10,7.9736328125,-0.05255061015486717,-6.996912479400635,-1.3694024085998535,-0.05274298042058945,23.5,2.8331663608551025,0.12056027067468521,39.0,nan,0,0.682384192943573,-2.699126958847046,nan
14.581,8000,160,-1,7.971764763622937,10,7.972686767578125,-0.04387784004211426,-9.10828971862793,-1.782631278038025,-0.17446932196617126,23.5,3.550527572631836,0.1510862796864611,39.0,nan,0,0.6351822018623352,-2.016303300857544,nan
14.601,8000,160,-1,7.9707328490229115,10,7.97161865234375,-0.05245045945048332,-5.907442569732666,-1.3301706314086914,-0.2057679295539856,23.5,2.9170608520507812,0.1241302490234375,39.0,nan,0,0.5816895961761475,-2.4641427993774414,nan
14.621,8000,160,-1,7.969751378223023,10,7.970611572265625,-0.051925890147686005,-6.601877689361572,-1.320597767829895,0.08445598185062408,23.5,2.488213539123535,0.10588142719674618,39.0,nan,0,0.5314182043075562,-2.636676073074341,nan
14.641,8000,160,-1,7.968733674022966,10,7.969390869140625,-0.06003822013735771,-3.9546713829040527,-0.7739894390106201,-0.08182152360677719,23.5,1.4048246145248413,0.05977977083084431,39.0,nan,0,0.47022202610969543,-2.9859321117401123,nan
14.661,8000,160,-1,7.967733603223329,10,7.9683074951171875,-0.045855145901441574,-5.323574066162109,-1.0419045686721802,0.08830605447292328,23.5,1.8629454374313354,0.07927427393324832,39.0,nan,0,0.41629767417907715,-1.9605393409729004,nan
14.681,8000,160,-1,7.966734088623358,10,7.967498779296875,-0.042822472751140594,-6.508204460144043,-1.326536774635315,-0.09338092058897018,23.5,2.721374034881592,0.11580315042049327,39.0,nan,0,0.3756316304206848,-2.175187826156616,nan
14.701,8000,160,-1,7.965737284473304,10,7.96661376953125,-0.046333231031894684,-7.834597110748291,-1.5333499908447266,0.1074172779917717,23.5,3.41115665435791,0.14515560231310257,39.0,nan,0,0.3309211730957031,-2.408201217651367,nan
14.721,8000,160,-1,7.964737901122877,10,7.9656982421875,-0.04168950021266937,-9.267797470092773,-1.8138492107391357,0.03972510248422623,23.5,3.7488083839416504,0.15952376101879365,39.0,nan,0,0.2853841185569763,-2.076051950454712,nan
14.74,8000,160,-1,7.963781834473062,10,7.9648284912109375,-0.04438456892967224,-9.541099548339844,-1.8673386573791504,0.029048200696706772,23.5,4.202214241027832,0.17881762727778008,39.0,nan,0,0.2419169545173645,-2.302103281021118,nan
14.761,8000,160,-1,7.962737411523282,10,7.9638671875,-0.04778944328427315,-9.09764289855957,-1.8122543096542358,-0.11457901448011398,23.5,4.961727142333984,0.21113732520570147,39.0,nan,0,0.19418685138225555,-2.628431797027588,nan
14.781,8000,160,-1,7.961732903223325,10,7.962890625,-0.04362306371331215,-10.686949729919434,-2.001736640930176,-0.011260154657065868,23.5,4.936358451843262,0.2100578064614154,39.0,nan,0,0.14503157138824463,-2.2341883182525635,nan
14.801,8000,160,-1,7.960734161522866,10,7.961944580078125,-0.04922570660710335,-10.101886749267578,-1.9108874797821045,-0.06024573743343353,23.5,4.727413177490234,0.2011665181910738,39.0,nan,0,0.09818197786808014,-2.413719415664673,nan
14.821,8000,160,-1,7.959734234472868,10,7.9608917236328125,-0.05840868502855301,-7.56673002243042,-1.480924367904663,-0.08951704204082489,23.5,3.763446807861328,0.16014667267495014,39.0,nan,0,0.045388251543045044,-3.067343235015869,nan
14.841,8000,160,-1,7.958742436522894,10,7.959747314453125,-0.05948924273252487,-6.227726936340332,-1.2188611030578613,0.05446113646030426,23.5,2.54911208152771,0.10847285453309403,39.0,nan,0,0.9881497025489807,-3.2023820877075195,nan
14.861,8000,160,-1,7.957755709473,10,7.95849609375,-0.056971967220306396,-3.98372745513916,-0.7796761989593506,-0.028466183692216873,23.5,1.561987280845642,0.066467543865772,39.0,nan,0,0.9250808954238892,-2.5911977291107178,nan
14.88,8000,160,-1,7.956772936523354,10,7.957611083984375,-0.0446852445602417,-7.624904155731201,-1.4923099279403687,0.011155655607581139,23.5,3.1534194946289062,0.13418806360123006,39.0,nan,0,0.881371259689331,-2.222494602203369,nan
14.901,8000,160,-1,7.955736521972737,10,7.956634521484375,-0.050329651683568954,-7.647649765014648,-1.2788782119750977,-0.10829035937786102,23.5,3.06565260887146,0.1304533025051685,39.0,nan,0,0.8324688076972961,-2.7492332458496094,nan
14.92,8000,160,-1,7.954773236523049,10,7.9556121826171875,-0.0476754792034626,-6.455914497375488,-1.2635209560394287,-0.07873281836509705,23.5,2.639411211013794,0.11231537068143804,39.0,nan,0,0.7812631726264954,-2.1167867183685303,nan
14.941,8000,160,-1,7.95373290112331,10,7.954559326171875,-0.049251049757003784,-7.376877784729004,-1.4437674283981323,0.1132742315530777,23.5,2.580108880996704,0.1097918672764555,39.0,nan,0,0.7289257049560547,-2.2039132118225098,nan
14.96,8000,160,-1,7.952767167772997,10,7.9536285400390625,-0.053227975964546204,-6.902083873748779,-1.3508429527282715,0.11348950862884521,23.5,2.5511109828948975,0.10855791416574032,39.0,nan,0,0.6821680068969727,-2.7991209030151367,nan
14.981,8000,160,-1,7.951735832373394,10,7.952606201171875,-0.046706147491931915,-8.290032386779785,-1.622485637664795,0.15652097761631012,23.5,2.8624331951141357,0.12180566787719727,39.0,nan,0,0.6307165026664734,-2.2134199142456055,nan
15.001,8000,160,-1,7.950729730272739,10,7.9515838623046875,-0.049190111458301544,-7.339205741882324,-1.436394453048706,-0.27286359667778015,23.5,3.0066728591918945,0.12794352592305935,39.0,nan,0,0.5798181891441345,-2.4206106662750244,nan
15.02,8000,160,-1,7.949768642773431,10,7.9506072998046875,-0.05281610041856766,-6.870480537414551,-1.3446577787399292,-0.05990321561694145,23.5,2.317949056625366,0.09863613006916452,39.0,nan,0,0.5307180285453796,-2.6228439807891846,nan
15.041,8000,160,-1,7.948735267773024,10,7.949462890625,-0.05944347754120827,-4.257877826690674,-0.8333315849304199,-0.028458312153816223,23.5,1.6679565906524658,0.07097687619797727,39.0,nan,0,0.4733906686306,-3.2560744285583496,nan
15.061,8000,160,-1,7.947735036523243,10,7.948272705078125,-0.05055003985762596,-3.78180193901062,-0.7401562929153442,-0.16203822195529938,23.5,1.3739930391311646,0.05846778889919849,39.0,nan,0,0.41462376713752747,-2.0475080013275146,nan
15.081,8000,160,-1,7.946730221973137,10,7.9473724365234375,-0.038395967334508896,-6.28441047668457,-1.2299549579620361,-0.14818549156188965,23.5,2.773331642150879,0.1180141124319523,39.0,nan,0,0.3689979612827301,-1.769420862197876,nan
15.101,8000,160,-1,7.945736626123123,10,7.9465789794921875,-0.04528143256902695,-7.183294773101807,-1.2621577978134155,0.04782504960894585,23.5,2.813960313796997,0.11974299207646796,39.0,nan,0,0.32990655303001404,-2.377288579940796,nan
15.12,8000,160,-1,7.944775682373454,10,7.94573974609375,-0.042033858597278595,-9.116593360900879,-1.7842562198638916,0.11340682208538055,23.5,4.046717643737793,0.1722007507973529,39.0,nan,0,0.28770652413368225,-2.162884473800659,nan
15.141,8000,160,-1,7.943747203223045,10,7.9447479248046875,-0.04514423757791519,-9.275430679321289,-1.847193956375122,0.02580837905406952,23.5,3.9917945861816406,0.1698635994119847,39.0,nan,0,0.23773795366287231,-2.2431981563568115,nan
15.161,8000,160,-1,7.9427312052728825,10,7.9438018798828125,-0.05036325007677078,-8.507452011108398,-1.6650381088256836,0.0012437539407983422,23.5,4.392004013061523,0.18689378778985205,39.0,nan,0,0.1903190165758133,-2.8149895668029785,nan
15.18,8000,160,-1,7.941774615723277,10,7.942901611328125,-0.04198787733912468,-9.980525016784668,-1.9533408880233765,0.11254657804965973,23.5,4.609703063964844,0.19615757718999335,39.0,nan,0,0.1453944444656372,-2.2083632946014404,nan
15.201,8000,160,-1,7.9407357219730486,10,7.94189453125,-0.04954058676958084,-9.537346839904785,-1.866604208946228,0.05991078168153763,23.5,4.372623920440674,0.18606910299747548,39.0,nan,0,0.09563623368740082,-2.362450122833252,nan
15.22,8000,160,-1,7.9397711990233955,10,7.940948486328125,-0.05640672519803047,-8.66511344909668,-1.695894718170166,-0.01218676008284092,23.5,4.2754340171813965,0.18193336243325092,39.0,nan,0,0.047831568866968155,-3.253556489944458,nan
15.241,8000,160,-1,7.938736644873295,10,7.9398040771484375,-0.04803363233804703,-7.6436662673950195,-1.4959819316864014,0.11304472386837006,23.5,3.823065757751465,0.16268364926601978,39.0,nan,0,0.9911248087882996,-2.6204349994659424,nan
15.261,8000,160,-1,7.937745953223218,10,7.938446044921875,-0.06538429111242294,-2.503537893295288,-0.489980548620224,-0.04740854725241661,23.5,0.9296176433563232,0.03955819758963078,39.0,nan,0,0.9229617714881897,-2.7298038005828857,nan
15.281,8000,160,-1,7.936735859473281,10,7.9375,-0.04422992095351219,-7.196056842803955,-1.408378005027771,-0.03545239195227623,23.5,2.7521119117736816,0.11711114518185879,39.0,nan,0,0.8754849433898926,-1.8931515216827393,nan
15.301,8000,160,-1,7.9357374490231605,10,7.9366455078125,-0.05017821118235588,-7.660497665405273,-1.4992761611938477,0.11791463196277618,23.5,3.1359658241271973,0.1334453542181786,39.0,nan,0,0.8328695893287659,-2.8425843715667725,nan
15.321,8000,160,-1,7.934737884473013,10,7.935577392578125,-0.04732600226998329,-6.643190860748291,-1.3908276557922363,0.08432236313819885,23.5,2.7876505851745605,0.11862342915636429,39.0,nan,0,0.7792143821716309,-2.402301073074341,nan
15.341,8000,160,-1,7.933738778223066,10,7.9345245361328125,-0.04902242496609688,-6.941490650177002,-1.358555555343628,0.0964089184999466,23.5,2.458313226699829,0.10460907347658847,39.0,nan,0,0.7264589071273804,-2.197664737701416,nan
15.361,8000,160,-1,7.93273675947277,10,7.9335784912109375,-0.05131925642490387,-6.41841983795166,-1.2561825513839722,-0.00492622097954154,23.5,2.622706890106201,0.1116045485151575,39.0,nan,0,0.6797614693641663,-2.5669538974761963,nan
15.381,8000,160,-1,7.9317599657231925,10,7.9326019287109375,-0.047334812581539154,-6.350404739379883,-1.2428710460662842,0.18246041238307953,23.5,2.7536978721618652,0.11717863285795171,39.0,nan,0,0.6304497718811035,-2.3581936359405518,nan
15.4,8000,160,-1,7.930770617772957,10,7.931610107421875,-0.04789691045880318,-6.641827583312988,-1.299906849861145,-0.08087370544672012,23.5,2.943300247192383,0.1252468190294631,39.0,nan,0,0.5814342498779297,-2.2323286533355713,nan
15.421,8000,160,-1,7.929737086522816,10,7.9305419921875,-0.056102361530065536,-6.546014785766602,-1.2811548709869385,-0.23439274728298187,23.5,2.2033064365386963,0.0937577207037743,39.0,nan,0,0.5273774862289429,-2.942117691040039,nan
15.441,8000,160,-1,7.928737169873072,10,7.929473876953125,-0.052455171942710876,-5.0999298095703125,-1.0764524936676025,0.06203651428222656,23.5,2.1242074966430664,0.09039180836779007,39.0,nan,0,0.4739939570426941,-2.9741761684417725,nan
15.461,8000,160,-1,7.927736505273075,10,7.9282684326171875,-0.052815187722444534,-3.7107937335968018,-0.7262588739395142,-0.1108706146478653,23.5,1.2412121295928955,0.05281753742948492,39.0,nan,0,0.4139128029346466,-2.245863437652588,nan
15.481,8000,160,-1,7.926751244872881,10,7.9273834228515625,-0.04009480029344559,-5.649061679840088,-1.105607509613037,-0.19897091388702393,23.5,2.4073069095611572,0.10243859189621946,39.0,nan,0,0.37007150053977966,-1.8351246118545532,nan
15.501,8000,160,-1,7.925737394873446,10,7.9265899658203125,-0.04543544724583626,-7.6971917152404785,-1.506457805633545,-0.031144339591264725,23.5,3.4427003860473633,0.1464978887679729,39.0,nan,0,0.3302890360355377,-2.4489057064056396,nan
15.521,8000,160,-1,7.924732919873364,10,7.9256439208984375,-0.042045190930366516,-9.054908752441406,-1.7721837759017944,0.0981397032737732,23.5,3.6024680137634277,0.15329651122397564,39.0,nan,0,0.2829148471355438,-2.130254030227661,nan
15.541,8000,160,-1,7.923734611523119,10,7.9247283935546875,-0.04293784871697426,-9.48320484161377,-1.7709999084472656,-0.117592453956604,23.5,3.9953360557556152,0.17001430024491979,39.0,nan,0,0.23667113482952118,-2.0018413066864014,nan
15.561,8000,160,-1,7.922736663623087,10,7.9238433837890625,-0.048708029091358185,-9.25755786895752,-1.8118451833724976,0.12088985741138458,23.5,4.257638931274414,0.18117612473508146,39.0,nan,0,0.19255265593528748,-2.8743948936462402,nan
15.581,8000,160,-1,7.921760178222772,10,7.9228363037109375,-0.048315733671188354,-9.094353675842285,-1.7799036502838135,0.04904360696673393,23.5,3.872751235961914,0.16479792493454953,39.0,nan,0,0.14217476546764374,-2.370966672897339,nan
15.601,8000,160,-1,7.920734080272828,10,7.9218292236328125,-0.045973505824804306,-9.924492835998535,-1.942374587059021,-0.02410014718770981,23.5,4.481756210327148,0.19071303022668717,39.0,nan,0,0.09240758419036865,-2.145369052886963,nan
15.621,8000,160,-1,7.919730828222978,10,7.920928955078125,-0.050578221678733826,-8.890132904052734,-1.7399346828460693,0.1480710506439209,23.5,4.471587181091309,0.19028030557835357,39.0,nan,0,0.04667867720127106,-2.906836986541748,nan
15.641,8000,160,-1,7.918753905272765,10,7.919769287109375,-0.052288684993982315,-8.122476577758789,-1.4423832893371582,0.07270491123199463,23.5,3.2598538398742676,0.13871718467550076,39.0,nan,0,0.9891277551651001,-2.6249446868896484,nan
15.661,8000,160,-1,7.917733338622942,10,7.9184722900390625,-0.06711352616548538,-4.237070560455322,-0.8292593359947205,-0.08706396073102951,23.5,1.1527764797210693,0.04905431828600295,39.0,nan,0,0.9244866967201233,-3.25038743019104,nan
15.681,8000,160,-1,7.916742034473295,10,7.91741943359375,-0.049322061240673065,-5.655526638031006,-1.106872797012329,-0.18064527213573456,23.5,1.9121192693710327,0.08136677742004395,39.0,nan,0,0.8716496229171753,-2.1118364334106445,nan
15.701,8000,160,-1,7.915733667773033,10,7.9166259765625,-0.04614639654755592,-7.905296802520752,-1.547187089920044,0.00012211440480314195,23.5,3.5175695419311523,0.14968381029494265,39.0,nan,0,0.8315139412879944,-2.6217005252838135,nan
15.721,8000,160,-1,7.914732099023253,10,7.915557861328125,-0.047137897461652756,-7.259373188018799,-1.4207700490951538,0.028554879128932953,23.5,2.842395782470703,0.12095301202002992,39.0,nan,0,0.7788640856742859,-2.3898441791534424,nan
15.741,8000,160,-1,7.913745076122735,10,7.9145050048828125,-0.05120755732059479,-5.932947158813477,-1.1611682176589966,-0.0198083333671093,23.5,2.135415554046631,0.0908687469807077,39.0,nan,0,0.7259724736213684,-2.411362886428833,nan
15.761,8000,160,-1,7.912732782372781,10,7.9135284423828125,-0.0535089336335659,-6.328614711761475,-1.2386064529418945,0.024504508823156357,23.5,2.3185038566589355,0.0986597385812313,39.0,nan,0,0.6772621273994446,-2.6880812644958496,nan
15.78,8000,160,-1,7.911774244873244,10,7.9125823974609375,-0.04763951525092125,-7.31582498550415,-1.409515619277954,0.08188804984092712,23.5,2.546229362487793,0.10835018563777843,39.0,nan,0,0.6300109624862671,-2.2444956302642822,nan
15.8,8000,160,-1,7.910766928223178,10,7.9115753173828125,-0.04707696661353111,-6.727369785308838,-1.3166488409042358,-0.01548294723033905,23.5,2.848884344100952,0.12122912102557243,39.0,nan,0,0.5796845555305481,-2.2775449752807617,nan
15.821,8000,160,-1,7.909734217773088,10,7.9105377197265625,-0.0531780868768692,-5.24995756149292,-1.0274966955184937,0.142494797706604,23.5,2.065443992614746,0.08789123372828707,39.0,nan,0,0.5276374220848083,-2.739362955093384,nan
15.841,8000,160,-1,7.908760657373217,10,7.909423828125,-0.05504974350333214,-4.789858818054199,-0.9374483823776245,0.08272825181484222,23.5,1.7178537845611572,0.07310016104515563,39.0,nan,0,0.4719518721103668,-2.7841975688934326,nan
15.86,8000,160,-1,7.907774830273423,10,7.9083099365234375,-0.05528176203370094,-3.5933945178985596,-0.7032821178436279,-0.03988324850797653,23.5,1.2986814975738525,0.05526304244995117,39.0,nan,0,0.41574594378471375,-2.532452344894409,nan
15.88,8000,160,-1,7.9067708136230195,10,7.9073333740234375,-0.04454084113240242,-4.95944881439209,-0.970639705657959,0.03476135805249214,23.5,2.0918428897857666,0.08901459105471347,39.0,nan,0,0.3674205243587494,-2.121455430984497,nan
15.9,8000,160,-1,7.905765424023424,10,7.906585693359375,-0.03987514227628708,-8.099023818969727,-1.5024521350860596,0.06611497700214386,23.5,3.5296859741210938,0.15019940315408908,39.0,nan,0,0.3302623927593231,-2.2636687755584717,nan
15.921,8000,160,-1,7.904761965722732,10,7.905670166015625,-0.04478602856397629,-8.373608589172363,-1.6388428211212158,0.0016320589929819107,23.5,3.417518138885498,0.14542630378236163,39.0,nan,0,0.28446024656295776,-2.242274284362793,nan
15.941,8000,160,-1,7.903739353222785,10,7.9046630859375,-0.04954202473163605,-8.013924598693848,-1.5684473514556885,0.027073580771684647,23.5,3.140047788619995,0.13361905483489342,39.0,nan,0,0.23410633206367493,-2.453422784805298,nan
15.961,8000,160,-1,7.902732174022835,10,7.9037322998046875,-0.050078023225069046,-7.985267162322998,-1.5628385543823242,-0.0878743827342987,23.5,4.032649517059326,0.1716021071089075,39.0,nan,0,0.18704111874103546,-2.7505927085876465,nan
15.98,8000,160,-1,7.901770296972986,10,7.90283203125,-0.04414444789290428,-8.996908187866211,-1.7608321905136108,0.1541936993598938,23.5,3.997211456298828,0.17009410452335438,39.0,nan,0,0.1418297290802002,-2.400582790374756,nan
16.001,8000,160,-1,7.900732740722756,10,7.9017486572265625,-0.04790385067462921,-9.096600532531738,-1.5868500471115112,-0.019772939383983612,23.5,3.7440426349639893,0.15932096318995698,39.0,nan,0,0.08836495131254196,-2.1677098274230957,nan
16.021,8000,160,-1,7.899736996972947,10,7.9008636474609375,-0.051468219608068466,-8.640661239624023,-1.69110906124115,0.06943336129188538,23.5,4.26505184173584,0.18149156773344,39.0,nan,0,0.043611977249383926,-2.799711227416992,nan
16.041,8000,160,-1,7.898735938622862,10,7.8997039794921875,-0.055864591151475906,-6.731756210327148,-1.3169959783554077,0.07137569785118103,23.5,2.813476085662842,0.11972238662395071,39.0,nan,0,0.986029326915741,-2.771242380142212,nan
16.061,8000,160,-1,7.897736326123426,10,7.8985443115234375,-0.06027911975979805,-4.899861812591553,-0.9852811098098755,0.0376732163131237,23.5,1.7968084812164307,0.07645993537091195,39.0,nan,0,0.9280752539634705,-3.1188180446624756,nan
16.081,8000,160,-1,7.896735101123354,10,7.8973388671875,-0.056199345737695694,-3.9553959369659424,-0.7741312980651855,-0.0278114452958107,23.5,1.4580175876617432,0.06204330160262737,39.0,nan,0,0.8674353957176208,-2.511690616607666,nan
16.101,8000,160,-1,7.895736674022932,10,7.8965606689453125,-0.03978854417800903,-8.115703582763672,-1.5883668661117554,-0.08433178067207336,23.5,3.450850009918213,0.14684468127311545,39.0,nan,0,0.8290174603462219,-2.118934154510498,nan
16.121,8000,160,-1,7.894736934472907,10,7.895599365234375,-0.05069303512573242,-6.305521011352539,-1.234086513519287,-0.07622617483139038,23.5,2.750263214111328,0.11703247719622673,39.0,nan,0,0.7804890275001526,-2.4441659450531006,nan
16.141,8000,160,-1,7.893739955272771,10,7.8945159912109375,-0.05470918118953705,-4.522853374481201,-0.8851913809776306,-0.1459890902042389,23.5,1.6895928382873535,0.0718975675866959,39.0,nan,0,0.7264105081558228,-2.734734296798706,nan
16.161,8000,160,-1,7.892733969873383,10,7.8934783935546875,-0.05205775797367096,-5.493285179138184,-1.1549036502838135,0.04345381259918213,23.5,2.1302738189697266,0.09064994974339262,39.0,nan,0,0.6741661429405212,-2.589357376098633,nan
16.181,8000,160,-1,7.891742411522877,10,7.8924560546875,-0.04779789224267006,-6.123785972595215,-1.1985182762145996,-0.055678591132164,23.5,2.513248920440674,0.10694676257194356,39.0,nan,0,0.6235079765319824,-2.315077543258667,nan
16.201,8000,160,-1,7.890733307373024,10,7.8914794921875,-0.04543514549732208,-6.984386444091797,-1.3669509887695312,-0.009719738736748695,23.5,2.399427652359009,0.1021033043557025,39.0,nan,0,0.5743874311447144,-2.2886176109313965,nan
16.221,8000,160,-1,7.889738438623329,10,7.8905181884765625,-0.050661277025938034,-6.138101577758789,-1.2013200521469116,-0.14946585893630981,23.5,2.2161407470703125,0.09430386157746011,39.0,nan,0,0.5263595581054688,-2.6724772453308105,nan
16.242,8000,160,-1,7.888685380273103,10,7.88922119140625,-0.05480121448636055,-4.66969633102417,-0.9139307737350464,-0.08432206511497498,23.5,1.593559980392456,0.06781106299542367,39.0,nan,0,0.46154314279556274,-2.630849838256836,nan
16.261,8000,160,-1,7.887736974022858,10,7.8883209228515625,-0.04873502254486084,-3.623368263244629,-0.7091484069824219,0.04426739364862442,23.5,1.101505994796753,0.04687259552326608,39.0,nan,0,0.41681969165802,-2.241645097732544,nan
16.281,8000,160,-1,7.8867530427727734,10,7.887359619140625,-0.05184037983417511,-3.792711019515991,-0.8635067939758301,-0.03918782249093056,23.5,1.4572913646697998,0.062012398496587226,39.0,nan,0,0.3685121536254883,-2.4240520000457764,nan
16.301,8000,160,-1,7.885763165722904,10,7.886505126953125,-0.04355456680059433,-7.913607597351074,-1.4515118598937988,0.08785777539014816,23.5,3.198481321334839,0.13610558814190804,39.0,nan,0,0.32566800713539124,-1.981766939163208,nan
16.321,8000,160,-1,7.88474020527284,10,7.8856353759765625,-0.04345160722732544,-9.046562194824219,-1.609869360923767,0.1155429407954216,23.5,3.532621383666992,0.1503243141985954,39.0,nan,0,0.282728910446167,-2.364666223526001,nan
16.34,8000,160,-1,7.883777396973176,10,7.884735107421875,-0.045046720653772354,-7.362110137939453,-1.4408771991729736,-0.06211411952972412,23.5,3.523819923400879,0.14994978397450548,39.0,nan,0,0.2375486195087433,-2.3516793251037598,nan
16.361,8000,160,-1,7.882733007372748,10,7.8837127685546875,-0.052336882799863815,-7.697847366333008,-1.5065860748291016,-0.0595555379986763,23.5,3.5044002532958984,0.14912341503386803,39.0,nan,0,0.18614284694194794,-2.826678991317749,nan
16.381,8000,160,-1,7.88173164902329,10,7.882720947265625,-0.046064943075180054,-8.373026847839355,-1.6387289762496948,-0.008485293947160244,23.5,3.861022710800171,0.16429883875745407,39.0,nan,0,0.13646474480628967,-2.345409393310547,nan
16.401,8000,160,-1,7.880734682373453,10,7.8817291259765625,-0.04780063405632973,-7.470387935638428,-1.5539069175720215,0.0010915335733443499,23.5,3.344163417816162,0.14230482629004945,39.0,nan,0,0.0871005654335022,-2.123769521713257,nan
16.421,8000,160,-1,7.8797339407232485,10,7.8807830810546875,-0.053237080574035645,-8.295585632324219,-1.6235727071762085,0.08088459074497223,23.5,3.8800244331359863,0.16510742268663772,39.0,nan,0,0.03995661064982414,-2.7314398288726807,nan
16.441,8000,160,-1,7.8787470198731295,10,7.8797149658203125,-0.05596652999520302,-6.823573112487793,-1.335477352142334,0.1290503442287445,23.5,2.886043071746826,0.12281034347858835,39.0,nan,0,0.9862242937088013,-3.0655553340911865,nan
16.461,8000,160,-1,7.877732836522785,10,7.8785400390625,-0.05120992660522461,-6.4203948974609375,-1.2159018516540527,0.10086129605770111,23.5,2.3607914447784424,0.10045921041610394,39.0,nan,0,0.9276271462440491,-2.5218374729156494,nan
16.481,8000,160,-1,7.876736409473245,10,7.8773651123046875,-0.05920474976301193,-3.1649160385131836,-0.6194223165512085,-0.0017183595336973667,23.5,1.0537523031234741,0.044840523537169115,39.0,nan,0,0.8685241341590881,-2.7969775199890137,nan
16.501,8000,160,-1,7.87574653027333,10,7.87646484375,-0.042179740965366364,-6.939988613128662,-1.3582615852355957,0.10045576095581055,23.5,2.8974356651306152,0.12329513468640915,39.0,nan,0,0.824238121509552,-1.9469658136367798,nan
16.521,8000,160,-1,7.874739701123338,10,7.8755950927734375,-0.044842127710580826,-7.551514148712158,-1.4779465198516846,-0.1997695416212082,23.5,3.4306721687316895,0.14598604973326337,39.0,nan,0,0.7807146906852722,-2.4419240951538086,nan
16.54,8000,160,-1,7.873780955273117,10,7.874542236328125,-0.05244772881269455,-6.029911041259766,-1.077866792678833,-0.02832762897014618,23.5,2.032277822494507,0.08647990734019179,39.0,nan,0,0.7277121543884277,-2.2872631549835205,nan
16.561,8000,160,-1,7.872757161522907,10,7.87353515625,-0.05200862139463425,-5.139585018157959,-1.0058951377868652,0.027611151337623596,23.5,2.025261878967285,0.08618135655179937,39.0,nan,0,0.6769964098930359,-2.612149715423584,nan
16.581,8000,160,-1,7.8717355802728095,10,7.87249755859375,-0.04840141162276268,-6.329797744750977,-1.2388379573822021,0.005270584486424923,23.5,2.1826796531677246,0.09287998524117977,39.0,nan,0,0.6252411007881165,-2.414271831512451,nan
16.601,8000,160,-1,7.870737663623015,10,7.8714141845703125,-0.050996601581573486,-5.726951599121094,-1.120851755142212,0.038610536605119705,23.5,1.6474599838256836,0.07010468016279504,39.0,nan,0,0.5716419816017151,-2.3642737865448,nan
16.621,8000,160,-1,7.869737417773297,10,7.8704681396484375,-0.04916932061314583,-6.66866397857666,-1.305159091949463,0.06632579863071442,23.5,1.981309175491333,0.08431102874431204,39.0,nan,0,0.524208128452301,-2.522135019302368,nan
16.641,8000,160,-1,7.868731017773109,10,7.869354248046875,-0.057569604367017746,-4.298034191131592,-0.8411908149719238,0.07041679322719574,23.5,1.1153132915496826,0.04746014006594394,39.0,nan,0,0.46795469522476196,-2.9140305519104004,nan
16.66,8000,160,-1,7.867768999023258,10,7.868316650390625,-0.04426669329404831,-5.9289631843566895,-1.160388469696045,0.15430022776126862,23.5,1.835706353187561,0.07811516396542813,39.0,nan,0,0.416824609041214,-1.9985369443893433,nan
16.681,8000,160,-1,7.8667328532232315,10,7.8672637939453125,-0.05228843167424202,-4.29170560836792,-0.8399522304534912,-0.005063033662736416,23.5,1.2454091310501099,0.052996133236174886,39.0,nan,0,0.3637772500514984,-2.65083909034729,nan
16.701,8000,160,-1,7.8657363490230745,10,7.866424560546875,-0.04214886575937271,-7.049778938293457,-1.3797491788864136,0.05644426867365837,23.5,2.626188278198242,0.1117526926892869,39.0,nan,0,0.32200926542282104,-2.114380121231079,nan
16.721,8000,160,-1,7.864757553223182,10,7.865692138671875,-0.03741549700498581,-9.379016876220703,-1.8356165885925293,0.005488790106028318,23.5,3.987582206726074,0.16968434922238615,39.0,nan,0,0.28529712557792664,-1.9628100395202637,nan
16.742,8000,160,-1,7.863679411522764,10,7.8646240234375,-0.047626323997974396,-8.507342338562012,-1.665016531944275,-0.008522745221853256,23.5,3.4029030799865723,0.14480438638240734,39.0,nan,0,0.231784388422966,-2.3061275482177734,nan
16.761,8000,160,-1,7.862734151123015,10,7.863739013671875,-0.05139348283410072,-7.853799343109131,-1.537108302116394,0.0006657076883129776,23.5,3.627406120300293,0.154357707246821,39.0,nan,0,0.18780601024627686,-2.791599750518799,nan
16.781,8000,160,-1,7.86173429697302,10,7.86273193359375,-0.04792652651667595,-7.275528430938721,-1.6900166273117065,-0.05235525965690613,23.5,3.571059465408325,0.1519599772514181,39.0,nan,0,0.1368647813796997,-2.349452495574951,nan
16.801,8000,160,-1,7.860718678223213,10,7.8616485595703125,-0.05179878696799278,-7.212644100189209,-1.4933661222457886,0.10675080865621567,23.5,2.873835563659668,0.12229087504934757,39.0,nan,0,0.08336575329303741,-2.32210636138916,nan
16.821,8000,160,-1,7.859735678222943,10,7.8607330322265625,-0.04907878860831261,-8.32608699798584,-1.6295422315597534,0.03938770294189453,23.5,3.5796632766723633,0.15232609687967502,39.0,nan,0,0.03700386360287666,-2.362771511077881,nan
16.841,8000,160,-1,7.858738315723178,10,7.8597259521484375,-0.051522042602300644,-7.666319847106934,-1.4794167280197144,0.11169269680976868,23.5,3.167525291442871,0.13478831027416474,39.0,nan,0,0.9866462349891663,-2.812404155731201,nan
16.861,8000,160,-1,7.8577387302728425,10,7.8585052490234375,-0.054011061787605286,-5.8396148681640625,-1.1429016590118408,0.11026524752378464,23.5,1.9602844715118408,0.08341636048986557,39.0,nan,0,0.926194429397583,-2.4088406562805176,nan
16.881,8000,160,-1,7.856736951122741,10,7.85736083984375,-0.06255879998207092,-3.1097419261932373,-0.6086239218711853,0.041522350162267685,23.5,1.0808439254760742,0.045993358530896776,39.0,nan,0,0.8686686754226685,-3.10638689994812,nan
16.901,8000,160,-1,7.855738634472812,10,7.8563690185546875,-0.043774571269750595,-6.378573417663574,-1.2483839988708496,-0.0311315655708313,23.5,2.3853468894958496,0.1015041229572702,39.0,nan,0,0.8189605474472046,-2.218689203262329,nan
16.921,8000,160,-1,7.854760749023273,10,7.8556060791015625,-0.037338580936193466,-8.917304039001465,-1.7452523708343506,0.14388307929039001,23.5,3.6290712356567383,0.15442856321943568,39.0,nan,0,0.7811755537986755,-2.050875186920166,nan
16.94,8000,160,-1,7.853771426123433,10,7.85455322265625,-0.0539407916367054,-4.057208061218262,-0.7564913630485535,-0.1666506975889206,23.5,1.7751243114471436,0.07553720474243164,39.0,nan,0,0.7280960083007812,-2.473579168319702,nan
16.961,8000,160,-1,7.852729488623311,10,7.8534393310546875,-0.0557946041226387,-5.492945671081543,-1.0750532150268555,-0.2893410325050354,23.5,2.2022006511688232,0.09371066600718397,39.0,nan,0,0.6728904843330383,-2.7353663444519043,nan
16.981,8000,160,-1,7.851733594873087,10,7.8524169921875,-0.04943641647696495,-6.488489151000977,-1.2698962688446045,0.0010883042123168707,23.5,2.411269426345825,0.10260720963173724,39.0,nan,0,0.6217681169509888,-2.760808229446411,nan
17.001,8000,160,-1,7.850755736522853,10,7.85137939453125,-0.049797289073467255,-5.060373783111572,-0.9903923273086548,0.07478869706392288,23.5,1.4006450176239014,0.05960191564357027,39.0,nan,0,0.5698639154434204,-2.424833059310913,nan
17.021,8000,160,-1,7.849736761522956,10,7.85040283203125,-0.05064602196216583,-5.224957466125488,-1.0226038694381714,0.06611783057451248,23.5,1.62660813331604,0.06921736737515063,39.0,nan,0,0.5204994082450867,-2.5484042167663574,nan
17.041,8000,160,-1,7.848736663623288,10,7.849334716796875,-0.054685529321432114,-4.028051376342773,-0.7883510589599609,0.19782720506191254,23.5,1.4984546899795532,0.06376402936083206,39.0,nan,0,0.46732741594314575,-2.8778412342071533,nan
17.061,8000,160,-1,7.847736934472789,10,7.848236083984375,-0.04673559591174126,-3.6260008811950684,-0.7096636295318604,-0.136152446269989,23.5,1.5010968446731567,0.06387646147545348,39.0,nan,0,0.4126680791378021,-2.128988742828369,nan
17.081,8000,160,-1,7.846733767772832,10,7.8472442626953125,-0.05274100974202156,-2.677504062652588,-0.6185275912284851,-0.2960677146911621,23.5,1.2479885816574097,0.05310589709180467,39.0,nan,0,0.3624238073825836,-2.587035894393921,nan
17.101,8000,160,-1,7.845736655272788,10,7.846343994140625,-0.04391694813966751,-5.943106651306152,-1.1309794187545776,0.04199786111712456,23.5,2.302450180053711,0.0979766034065409,39.0,nan,0,0.3178282082080841,-2.0509979724884033,nan
17.121,8000,160,-1,7.844735542772844,10,7.845611572265625,-0.03512264043092728,-8.824263572692871,-1.7270429134368896,-0.07770906388759613,23.5,4.216276168823242,0.17941600718396775,39.0,nan,0,0.2815600037574768,-1.8243842124938965,nan
17.141,8000,160,-1,7.843740865722804,10,7.8447113037109375,-0.045836906880140305,-8.724201202392578,-1.7074592113494873,0.011331110261380672,23.5,3.654212236404419,0.15549839303848592,39.0,nan,0,0.23587794601917267,-2.349320888519287,nan
17.161,8000,160,-1,7.842735376123175,10,7.8437347412109375,-0.05233277752995491,-7.575521469116211,-1.482645034790039,0.06544049829244614,23.5,3.5067243576049805,0.14922231308957365,39.0,nan,0,0.18733645975589752,-2.6584386825561523,nan
17.181,8000,160,-1,7.841734146972896,10,7.84271240234375,-0.048920903354883194,-8.305706977844238,-1.6255534887313843,0.005987782962620258,23.5,3.4809372425079346,0.14812498904289084,39.0,nan,0,0.13586154580116272,-2.512369155883789,nan
17.201,8000,160,-1,7.8407616761229395,10,7.8416748046875,-0.0487113781273365,-7.378083229064941,-1.4440033435821533,0.024719737470149994,23.5,3.155881881713867,0.13429284603037733,39.0,nan,0,0.0844743549823761,-2.2620277404785156,nan
17.222,8000,160,-1,7.839700088623077,10,7.8406219482421875,-0.04922500625252724,-6.996969699859619,-1.3694136142730713,0.05245950073003769,23.5,3.0960609912872314,0.13174727622498858,39.0,nan,0,0.031987130641937256,-2.4688613414764404,nan
17.241,8000,160,-1,7.838730324023356,10,7.8396453857421875,-0.050087809562683105,-7.424097537994385,-1.4530091285705566,0.022004369646310806,23.5,3.207704544067383,0.136498065704995,39.0,nan,0,0.9831025004386902,-2.632966995239258,nan
17.261,8000,160,-1,7.837754446973133,10,7.8385162353515625,-0.058983974158763885,-3.9556074142456055,-0.80949467420578,-0.04966949671506882,23.5,1.4878369569778442,0.06331221093522742,39.0,nan,0,0.9260901808738708,-2.696009635925293,nan
17.281,8000,160,-1,7.83673412822319,10,7.8374176025390625,-0.057054564356803894,-4.035460948944092,-0.9310706853866577,0.03807665780186653,23.5,1.6328591108322144,0.0694833664183921,39.0,nan,0,0.8711552023887634,-2.9555399417877197,nan
17.301,8000,160,-1,7.835751269873446,10,7.8363494873046875,-0.05091480538249016,-4.532256603240967,-0.8870317339897156,0.027241213247179985,23.5,1.6864798069000244,0.07176509816595848,39.0,nan,0,0.817955493927002,-2.4652252197265625,nan
17.321,8000,160,-1,7.834733857373077,10,7.83544921875,-0.039698854088783264,-7.677159309387207,-1.5025371313095093,0.1734311878681183,23.5,2.8805739879608154,0.12257761650897087,39.0,nan,0,0.7734172940254211,-1.9056662321090698,nan
17.341,8000,160,-1,7.8337342740233105,10,7.834503173828125,-0.046792563050985336,-6.327483177185059,-1.187736988067627,-0.14203281700611115,23.5,2.4402408599853516,0.10384003659512134,39.0,nan,0,0.7260144352912903,-2.227897882461548,nan
17.361,8000,160,-1,7.832735761522792,10,7.833526611328125,-0.05305725336074829,-5.802135944366455,-1.1355664730072021,0.025530068203806877,23.5,2.194119453430176,0.0933667852523479,39.0,nan,0,0.6772711873054504,-2.6740939617156982,nan
17.381,8000,160,-1,7.831734505273209,10,7.8324737548828125,-0.05052266642451286,-4.939055919647217,-0.966648519039154,-0.05630488321185112,23.5,2.381418466567993,0.10133695602416992,39.0,nan,0,0.6240066885948181,-2.4909543991088867,nan
17.401,8000,160,-1,7.83075700112314,10,7.8314056396484375,-0.05269480496644974,-5.1965012550354,-1.0170345306396484,-0.11349965631961823,23.5,1.6620252132415771,0.07072447715921605,39.0,nan,0,0.5711164474487305,-2.4619839191436768,nan
17.421,8000,160,-1,7.829733255272742,10,7.830352783203125,-0.05261395499110222,-5.5697922706604,-1.0900932550430298,-0.12117931246757507,23.5,1.6660634279251099,0.07089631608191957,39.0,nan,0,0.5182814002037048,-2.7593979835510254,nan
17.441,8000,160,-1,7.828725161522754,10,7.82928466796875,-0.053661081939935684,-4.353175163269043,-0.8519827127456665,0.03333621844649315,23.5,1.466745376586914,0.06241469687603889,39.0,nan,0,0.46492382884025574,-2.699528694152832,nan
17.46,8000,160,-1,7.827765932372869,10,7.8282470703125,-0.04868950694799423,-4.372408866882324,-0.8557471036911011,0.12196768820285797,23.5,1.2233672142028809,0.052058179327782166,39.0,nan,0,0.4131808578968048,-2.17645525932312,nan
17.481,8000,160,-1,7.826735182372805,10,7.827301025390625,-0.046254660934209824,-5.000957012176514,-0.9787635803222656,-0.10647525638341904,23.5,1.9453434944152832,0.08278057423043758,39.0,nan,0,0.365835577249527,-2.3201653957366943,nan
17.501,8000,160,-1,7.8257419323730675,10,7.826324462890625,-0.04779642075300217,-5.481622695922852,-1.0728371143341064,0.10779866576194763,23.5,2.0982909202575684,0.0892889753301093,39.0,nan,0,0.3169987201690674,-2.390564203262329,nan
17.521,8000,160,-1,7.824742790723405,10,7.8255462646484375,-0.037718456238508224,-8.535244941711426,-1.6704776287078857,0.1585216522216797,23.5,3.412182331085205,0.14519924813128532,39.0,nan,0,0.27761876583099365,-2.060826539993286,nan
17.541,8000,160,-1,7.823733926122815,10,7.8246612548828125,-0.04429527744650841,-8.896454811096191,-1.7411717176437378,0.017627142369747162,23.5,3.657815456390381,0.15565172154852686,39.0,nan,0,0.23331867158412933,-2.4055228233337402,nan
17.561,8000,160,-1,7.822733936522865,10,7.82373046875,-0.049931786954402924,-8.104891777038574,-1.5862507820129395,0.038207046687603,23.5,3.6009883880615234,0.15323354842814993,39.0,nan,0,0.18681974709033966,-2.8769924640655518,nan
17.581,8000,160,-1,7.821738599023239,10,7.82269287109375,-0.04949764162302017,-7.4207329750061035,-1.4523504972457886,-0.07267579436302185,23.5,3.3172738552093506,0.14116058958337663,39.0,nan,0,0.1353091448545456,-2.4260776042938232,nan
17.6,8000,160,-1,7.820765882373244,10,7.8216400146484375,-0.050394944846630096,-6.532003879547119,-1.2784126996994019,0.03712804988026619,23.5,2.7637550830841064,0.11760659928017474,39.0,nan,0,0.08284474164247513,-2.3032236099243164,nan
17.62,8000,160,-1,7.819769094872764,10,7.8205718994140625,-0.05716896057128906,-5.784964561462402,-1.1322057247161865,-0.10261078178882599,23.5,2.534454345703125,0.10784912109375,39.0,nan,0,0.02923358604311943,-2.827232837677002,nan
17.641,8000,160,-1,7.818732757373082,10,7.8195648193359375,-0.051489777863025665,-6.676540374755859,-1.3067007064819336,0.01925075426697731,23.5,2.8519489765167236,0.12135953091560527,39.0,nan,0,0.9787095189094543,-2.8462584018707275,nan
17.661,8000,160,-1,7.817734861523068,10,7.8184356689453125,-0.057216446846723557,-4.945980072021484,-0.9680036902427673,0.07948749512434006,23.5,1.5654566287994385,0.06661517569359313,39.0,nan,0,0.9219854474067688,-2.7537992000579834,nan
17.681,8000,160,-1,7.816732017773038,10,7.8173980712890625,-0.047339070588350296,-4.750547885894775,-0.9297546744346619,0.031855612993240356,23.5,2.100066900253296,0.08936454894694876,39.0,nan,0,0.870532751083374,-2.439293384552002,nan
17.701,8000,160,-1,7.81576141987317,10,7.81634521484375,-0.05417227745056152,-4.3659348487854,-0.854479968547821,-0.13055089116096497,23.5,1.5187368392944336,0.06462709954444398,39.0,nan,0,0.8181867003440857,-2.6128125190734863,nan
17.721,8000,160,-1,7.814733896972767,10,7.8154296875,-0.04167982190847397,-7.09243631362915,-1.3880980014801025,0.056187115609645844,23.5,2.566615343093872,0.10921767417420732,39.0,nan,0,0.7721179723739624,-2.069735527038574,nan
17.741,8000,160,-1,7.813715878222875,10,7.8144989013671875,-0.04609085991978645,-6.424612522125244,-1.257394552230835,-0.17775478959083557,23.5,2.866569995880127,0.12198170195234583,39.0,nan,0,0.7257302403450012,-2.3644957542419434,nan
17.761,8000,160,-1,7.81273558447284,10,7.8134613037109375,-0.054503247141838074,-4.934634208679199,-0.9657831192016602,0.10301919281482697,23.5,2.0000154972076416,0.08510704243436773,39.0,nan,0,0.6739303469657898,-2.633251190185547,nan
17.781,8000,160,-1,7.811741086523408,10,7.81243896484375,-0.05092141032218933,-5.808342456817627,-1.1367812156677246,0.08431079238653183,23.5,2.1313958168029785,0.09069769433204164,39.0,nan,0,0.6223945617675781,-2.5792930126190186,nan
17.801,8000,160,-1,7.810733232372887,10,7.81134033203125,-0.05022056773304939,-4.114731311798096,-0.8053156733512878,-0.023687181994318962,23.5,1.4609894752502441,0.062169764904265706,39.0,nan,0,0.5675020813941956,-2.446758270263672,nan
17.821,8000,160,-1,7.809736724023252,10,7.8103485107421875,-0.05404643341898918,-2.473304271697998,-0.4840633273124695,0.05732123553752899,23.5,1.043623685836792,0.04440951854624647,39.0,nan,0,0.5177461504936218,-2.783626079559326,nan
17.841,8000,160,-1,7.808735240723046,10,7.809234619140625,-0.052995726466178894,-3.986161947250366,-0.7801526784896851,-0.008242050185799599,23.5,1.2998062372207642,0.05531090371152188,39.0,nan,0,0.4624321162700653,-2.6455750465393066,nan
17.861,8000,160,-1,7.8077355948728036,10,7.8082275390625,-0.04807991534471512,-3.496659994125366,-0.6843496561050415,0.010834953747689724,23.5,1.320547103881836,0.05619349378220578,39.0,nan,0,0.4118134081363678,-2.320631504058838,nan
17.881,8000,160,-1,7.806742849023442,10,7.807281494140625,-0.04437258467078209,-5.731423377990723,-1.1065255403518677,-0.08624264597892761,23.5,1.9600064754486084,0.08340453087015355,39.0,nan,0,0.364872545003891,-2.0608532428741455,nan
17.9,8000,160,-1,7.805766734472865,10,7.8063507080078125,-0.05137999728322029,-5.388767242431641,-1.054663896560669,-0.06423192471265793,23.5,1.8104578256607056,0.07704075853875343,39.0,nan,0,0.3182535469532013,-2.5328781604766846,nan
17.921,8000,160,-1,7.804735049023304,10,7.8054656982421875,-0.04044018313288689,-7.371383190155029,-1.4426920413970947,0.043391622602939606,23.5,3.0166032314300537,0.12836609495447038,39.0,nan,0,0.27408185601234436,-2.328214406967163,nan
17.941,8000,160,-1,7.803736617773404,10,7.8046417236328125,-0.03875981643795967,-9.510601043701172,-1.8985998630523682,0.06541436910629272,23.5,3.848837375640869,0.16378031385705827,39.0,nan,0,0.23244547843933105,-1.907788634300232,nan
17.961,8000,160,-1,7.802729942773305,10,7.80364990234375,-0.05561258643865585,-6.64970588684082,-1.3014488220214844,0.07358155399560928,23.5,3.0302176475524902,0.12894543181074428,39.0,nan,0,0.18314458429813385,-2.758704662322998,nan
17.981,8000,160,-1,7.801730828222946,10,7.80267333984375,-0.04728153720498085,-7.9633049964904785,-1.5585402250289917,0.12012593448162079,23.5,3.2970263957977295,0.14029899556586084,39.0,nan,0,0.13460732996463776,-2.3898415565490723,nan
18.001,8000,160,-1,7.800728371972957,10,7.8015594482421875,-0.05240984633564949,-6.264405727386475,-1.2260396480560303,-0.14639770984649658,23.5,2.6302337646484375,0.11192484104886968,39.0,nan,0,0.0782831683754921,-2.58333158493042,nan
18.021,8000,160,-1,7.799753221972798,10,7.8005523681640625,-0.05653812363743782,-5.8946943283081055,-1.1536815166473389,-0.16670042276382446,23.5,2.4635086059570312,0.10483015344498005,39.0,nan,0,0.028463823720812798,-3.1293954849243164,nan
18.041,8000,160,-1,7.798736584473238,10,7.7994384765625,-0.05062476173043251,-5.235837459564209,-1.0247331857681274,0.003387398784980178,23.5,2.218360185623169,0.09439830577119868,39.0,nan,0,0.9726533889770508,-2.6189377307891846,nan
18.061,8000,160,-1,7.797735959473368,10,7.798431396484375,-0.04930071160197258,-5.994039058685303,-1.1731247901916504,0.3220434784889221,23.5,1.5974409580230713,0.06797621097970516,39.0,nan,0,0.9222841858863831,-2.4462075233459473,nan
18.081,8000,160,-1,7.796734957372984,10,7.7973480224609375,-0.050311025232076645,-5.164793014526367,-1.0108287334442139,-0.16827338933944702,23.5,1.7269880771636963,0.07348885434739133,39.0,nan,0,0.8679889440536499,-2.2858974933624268,nan
18.101,8000,160,-1,7.795732274022895,10,7.79632568359375,-0.056499455124139786,-10.276658058166504,-2.011298656463623,-0.2062198370695114,23.5,1.3703504800796509,0.05831278638636812,39.0,nan,0,0.8167728781700134,-2.861142873764038,nan
18.121,8000,160,-1,7.794733930272934,10,7.7953643798828125,-0.04110394045710564,-5.896335124969482,-1.1540026664733887,-0.1356194019317627,23.5,2.308746576309204,0.09824453516209379,39.0,nan,0,0.7691550850868225,-2.1380717754364014,nan
18.141,8000,160,-1,7.793731609472899,10,7.79449462890625,-0.04229748994112015,-6.096856117248535,-1.193247675895691,-0.14961634576320648,23.5,2.7130932807922363,0.11545077790605261,39.0,nan,0,0.725127100944519,-1.973649263381958,nan
18.161,8000,160,-1,7.792727292772917,10,7.7934417724609375,-0.055289119482040405,-5.563699245452881,-1.0889008045196533,-0.05346240848302841,23.5,2.0701167583465576,0.08809007482325777,39.0,nan,0,0.672749400138855,-2.7544288635253906,nan
18.18,8000,160,-1,7.791769703222974,10,7.792510986328125,-0.0481434240937233,-6.053946018218994,-1.2100251913070679,0.12559416890144348,23.5,2.0181446075439453,0.08587849393804023,39.0,nan,0,0.6264070868492126,-2.4314496517181396,nan
18.2,8000,160,-1,7.79076716152341,10,7.7914276123046875,-0.05579353868961334,-5.006122589111328,-0.9797744750976562,0.02646956965327263,23.5,1.5453425645828247,0.06575925806735425,39.0,nan,0,0.5719496607780457,-2.7785286903381348,nan
18.221,8000,160,-1,7.78973771152306,10,7.7903289794921875,-0.05472440645098686,-4.8233561515808105,-0.9440042972564697,-0.01667587086558342,23.5,1.4004154205322266,0.05959214555456283,39.0,nan,0,0.5168088674545288,-2.8987371921539307,nan
18.241,8000,160,-1,7.78873695112344,10,7.7892303466796875,-0.05307138338685036,-3.8419744968414307,-0.7519329786300659,-0.005455392878502607,23.5,1.2060940265655518,0.05132315006661922,39.0,nan,0,0.46173039078712463,-2.6167800426483154,nan
18.261,8000,160,-1,7.787737136523367,10,7.7882080078125,-0.04466411843895912,-4.8490447998046875,-0.9490320086479187,0.047956906259059906,23.5,1.8123825788497925,0.0771226629297784,39.0,nan,0,0.41121533513069153,-2.3365132808685303,nan
18.281,8000,160,-1,7.786737084473145,10,7.7872161865234375,-0.04472971335053444,-5.4629316329956055,-1.0691789388656616,-0.04633329063653946,23.5,1.4269118309020996,0.06071965237881275,39.0,nan,0,0.36178937554359436,-1.8905411958694458,nan
18.301,8000,160,-1,7.785737332372821,10,7.7863616943359375,-0.049236346036195755,-5.206651210784912,-1.0190210342407227,0.05505329370498657,23.5,1.9311957359313965,0.0821785419545275,39.0,nan,0,0.3185320496559143,-2.539498805999756,nan
18.321,8000,160,-1,7.784735961523268,10,7.78546142578125,-0.04152968153357506,-7.3423919677734375,-1.4370181560516357,0.15368947386741638,23.5,2.8168396949768066,0.11986551893518325,39.0,nan,0,0.2735086977481842,-2.2932558059692383,nan
18.341,8000,160,-1,7.78373678447316,10,7.78460693359375,-0.038298290222883224,-8.917156219482422,-1.7452234029769897,-0.11165716499090195,23.5,3.667977809906006,0.15608416212365983,39.0,nan,0,0.23090168833732605,-1.8620003461837769,nan
18.361,8000,160,-1,7.782759184473264,10,7.783721923828125,-0.05064459145069122,-7.548390865325928,-1.4773352146148682,0.036397043615579605,23.5,3.6161048412323,0.15387680175456595,39.0,nan,0,0.1868385672569275,-2.7999114990234375,nan
18.381,8000,160,-1,7.781735949023289,10,7.78271484375,-0.04912051185965538,-7.650880336761475,-1.4973939657211304,-0.1397988349199295,23.5,3.5948758125305176,0.15297343883108586,39.0,nan,0,0.13605892658233643,-2.47076416015625,nan
18.401,8000,160,-1,7.780737371973385,10,7.7816009521484375,-0.053434841334819794,-6.9915971755981445,-1.2388279438018799,-0.00730242719873786,23.5,2.6190311908721924,0.11144813578179542,39.0,nan,0,0.08042246103286743,-2.612656354904175,nan
18.421,8000,160,-1,7.779737761522859,10,7.7805328369140625,-0.05333496630191803,-6.4224853515625,-1.2569782733917236,-0.0616011768579483,23.5,2.5522263050079346,0.10860537468118871,39.0,nan,0,0.027479948475956917,-2.777611494064331,nan
18.44,8000,160,-1,7.778774988622911,10,7.779449462890625,-0.05401558801531792,-5.125580787658691,-1.0881292819976807,0.06736311316490173,23.5,1.9756367206573486,0.08406964768754675,39.0,nan,0,0.9729982614517212,-2.702712297439575,nan
18.461,8000,160,-1,7.7777418427729685,10,7.778411865234375,-0.048070166260004044,-5.129599571228027,-1.042203426361084,-0.0847063884139061,23.5,1.9819031953811646,0.08433630618643254,39.0,nan,0,0.9213188290596008,-2.3509879112243652,nan
18.481,8000,160,-1,7.7767349198729905,10,7.777313232421875,-0.0573950819671154,-3.8200604915618896,-0.7476440668106079,0.009209323674440384,23.5,1.219289779663086,0.051884671475024936,39.0,nan,0,0.8664624094963074,-2.7888121604919434,nan
18.501,8000,160,-1,7.775746059473033,10,7.7763824462890625,-0.047763824462890625,-5.299445629119873,-1.037182331085205,0.01747976616024971,23.5,2.0739502906799316,0.0882532038587205,39.0,nan,0,0.8195948600769043,-2.657235622406006,nan
18.521,8000,160,-1,7.7747354261228,10,7.77532958984375,-0.047501180320978165,-5.01340389251709,-0.9811995029449463,-0.0971912145614624,23.5,2.0262584686279297,0.08622376462246509,39.0,nan,0,0.7671303749084473,-2.256392240524292,nan
18.541,8000,160,-1,7.773733603223093,10,7.7744598388671875,-0.04008353501558304,-7.7709527015686035,-1.520893931388855,-0.22267362475395203,23.5,2.98984432220459,0.12722741796615275,39.0,nan,0,0.7234453558921814,-2.0877764225006104,nan
18.561,8000,160,-1,7.772736478222953,10,7.77349853515625,-0.05247783660888672,-5.723705768585205,-1.1946176290512085,0.06148798018693924,23.5,2.262287139892578,0.09626753786776929,39.0,nan,0,0.6753175258636475,-2.6033544540405273,nan
18.581,8000,160,-1,7.771735699022986,10,7.7724761962890625,-0.04873960465192795,-5.997097969055176,-1.1737234592437744,-0.1818525195121765,23.5,2.5310988426208496,0.1077063337285468,39.0,nan,0,0.6243208050727844,-2.3189327716827393,nan
18.601,8000,160,-1,7.770735986522788,10,7.771392822265625,-0.0549464076757431,-4.180539131164551,-0.8181952238082886,-0.1606523096561432,23.5,1.4412140846252441,0.06132825892022316,39.0,nan,0,0.5699568390846252,-2.6910836696624756,nan
18.621,8000,160,-1,7.769734892772987,10,7.7703399658203125,-0.05268960818648338,-4.075595378875732,-0.7976561784744263,-0.11492183059453964,23.5,1.5580658912658691,0.06630067622407954,39.0,nan,0,0.5176729559898376,-2.7631418704986572,nan
18.641,8000,160,-1,7.768734759472874,10,7.76922607421875,-0.0535907968878746,-3.4373364448547363,-0.6727391481399536,0.018588978797197342,23.5,1.078660488128662,0.045900446303347324,39.0,nan,0,0.46211376786231995,-2.596423625946045,nan
18.661,8000,160,-1,7.767735771973104,10,7.7681884765625,-0.04722945764660835,-4.352746963500977,-0.8518989086151123,-0.035403575748205185,23.5,1.6481691598892212,0.07013485786762644,39.0,nan,0,0.41001564264297485,-2.3117666244506836,nan
18.681,8000,160,-1,7.766737869873042,10,7.767242431640625,-0.04835255444049835,-4.238678932189941,-0.6862894296646118,0.15875540673732758,23.5,1.1643720865249634,0.0495477483627644,39.0,nan,0,0.362824022769928,-2.5640413761138916,nan
18.701,8000,160,-1,7.765734634472766,10,7.7663421630859375,-0.045530471950769424,-5.33429479598999,-1.0440027713775635,0.0958641991019249,23.5,2.2292678356170654,0.09486246109008789,39.0,nan,0,0.3175477087497711,-2.535658359527588,nan
18.721,8000,160,-1,7.764748174023417,10,7.7654266357421875,-0.042930230498313904,-6.32032585144043,-1.236984133720398,0.06794296205043793,23.5,2.6846513748168945,0.11424048403476147,39.0,nan,0,0.2718954086303711,-2.2882180213928223,nan
18.741,8000,160,-1,7.763733174023228,10,7.764556884765625,-0.03850717097520828,-8.595458030700684,-1.7690633535385132,0.07912494242191315,23.5,3.4857282638549805,0.1483288622917013,39.0,nan,0,0.22822296619415283,-1.9422048330307007,nan
18.761,8000,160,-1,7.762730461522743,10,7.7637176513671875,-0.04717535898089409,-8.378927230834961,-1.557280421257019,0.03237375617027283,23.5,3.816066026687622,0.16238578836968603,39.0,nan,0,0.18652625381946564,-2.7091946601867676,nan
18.781,8000,160,-1,7.7617349740234305,10,7.7627105712890625,-0.04922556132078171,-7.840170860290527,-1.5344408750534058,-0.04922635853290558,23.5,3.556837320327759,0.15135477958841526,39.0,nan,0,0.13648301362991333,-2.4929885864257812,nan
18.8,8000,160,-1,7.760771219873287,10,7.7616729736328125,-0.05126718431711197,-7.146237850189209,-1.3986276388168335,0.05160677433013916,23.5,2.691242218017578,0.11452094544755652,39.0,nan,0,0.08409687876701355,-2.2743847370147705,nan
18.821,8000,160,-1,7.759742901122818,10,7.760528564453125,-0.05718785524368286,-4.84578275680542,-0.9483935236930847,0.11029773205518723,23.5,1.8573850393295288,0.07903766124806505,39.0,nan,0,0.02746228128671646,-2.695389747619629,nan
18.841,8000,160,-1,7.758736649023204,10,7.75946044921875,-0.05655492842197418,-3.77003812789917,-1.0100736618041992,-0.1455603688955307,23.5,2.084052562713623,0.08868308777504778,39.0,nan,0,0.9733853340148926,-3.0053350925445557,nan
18.86,8000,160,-1,7.757771419872743,10,7.758392333984375,-0.04979206621646881,-5.863846302032471,-1.015875220298767,0.09712117910385132,23.5,1.6338961124420166,0.06952749414646879,39.0,nan,0,0.9202567338943481,-2.28236985206604,nan
18.881,8000,160,-1,7.756735507373387,10,7.757293701171875,-0.05683023855090141,-3.567592144012451,-0.6982321739196777,0.1421685814857483,23.5,1.1457374095916748,0.04875478338687978,39.0,nan,0,0.8652142286300659,-2.790353775024414,nan
18.901,8000,160,-1,7.7557355427729,10,7.7563018798828125,-0.047535255551338196,-5.864258766174316,-1.1477248668670654,0.13571354746818542,23.5,2.019679546356201,0.08594381048324261,39.0,nan,0,0.8159694671630859,-2.5174787044525146,nan
18.921,8000,160,-1,7.754735378223277,10,7.75531005859375,-0.05035349354147911,-4.998593807220459,-0.9783009886741638,-0.059883590787649155,23.5,1.9293426275253296,0.0820996862776736,39.0,nan,0,0.7660924792289734,-2.6773838996887207,nan
18.941,8000,160,-1,7.753761203223267,10,7.75439453125,-0.04075920581817627,-7.544334888458252,-1.4765413999557495,0.027938444167375565,23.5,2.2434890270233154,0.09546761817120492,39.0,nan,0,0.7205283641815186,-2.0017175674438477,nan
18.961,8000,160,-1,7.752737021973017,10,7.7534942626953125,-0.05023716017603874,-6.157955169677734,-1.2057194709777832,0.1428452730178833,23.5,2.1730480194091797,0.092470128485497,39.0,nan,0,0.6754223108291626,-2.5967864990234375,nan
18.981,8000,160,-1,7.751736013623313,10,7.7524871826171875,-0.0513777919113636,-5.730066299438477,-1.1214613914489746,-0.09369390457868576,23.5,2.241431951522827,0.09538008304352456,39.0,nan,0,0.6246821880340576,-2.71307373046875,nan
19.001,8000,160,-1,7.75073790112293,10,7.7513580322265625,-0.05388541892170906,-3.5989270210266113,-0.7043648958206177,0.031932950019836426,23.5,1.3428714275360107,0.05714346500153237,39.0,nan,0,0.5687471628189087,-2.4717414379119873,nan
19.021,8000,160,-1,7.749735613622771,10,7.7502899169921875,-0.05641451105475426,-3.2982089519500732,-0.6455097198486328,-0.13759078085422516,23.5,1.242208480834961,0.052859935354679186,39.0,nan,0,0.5153394341468811,-3.140061140060425,nan
19.041,8000,160,-1,7.748739605273305,10,7.74920654296875,-0.0537220761179924,-3.712374687194824,-0.726568341255188,0.0005794133758172393,23.5,1.1980293989181519,0.05097997442204902,39.0,nan,0,0.4610113501548767,-2.7281453609466553,nan
19.061,8000,160,-1,7.7477453948733555,10,7.748138427734375,-0.04888558387756348,-4.27800178527832,-0.837270200252533,0.0004564339469652623,23.5,1.2605617046356201,0.05364092360151575,39.0,nan,0,0.40724724531173706,-2.2403900623321533,nan
19.081,8000,160,-1,7.746735326122881,10,7.747222900390625,-0.04625004157423973,-5.212481498718262,-1.0201621055603027,-0.11488642543554306,23.5,1.5560393333435059,0.06621443971674493,39.0,nan,0,0.36140772700309753,-2.30085825920105,nan
19.101,8000,160,-1,7.745732157373287,10,7.746307373046875,-0.04672883450984955,-5.8965606689453125,-1.1540467739105225,-0.16415199637413025,23.5,2.283400297164917,0.09716597009212413,39.0,nan,0,0.31559982895851135,-2.471954822540283,nan
19.121,8000,160,-1,7.744735076122753,10,7.7454071044921875,-0.04490559175610542,-6.698739528656006,-1.3110454082489014,0.122321717441082,23.5,2.4255318641662598,0.10321412187941531,39.0,nan,0,0.2709447145462036,-2.4231560230255127,nan
19.141,8000,160,-1,7.743736165723395,10,7.7444915771484375,-0.04091851785778999,-7.391350746154785,-1.4465999603271484,-0.13809895515441895,23.5,3.098764657974243,0.13186232587124438,39.0,nan,0,0.22522522509098053,-1.9281258583068848,nan
19.161,8000,160,-1,7.742734924022817,10,7.743621826171875,-0.049819283187389374,-6.9644083976745605,-1.3630409240722656,0.11618141829967499,23.5,3.1742191314697266,0.13507315453062665,39.0,nan,0,0.18154747784137726,-2.5457143783569336,nan
19.181,8000,160,-1,7.741736101123398,10,7.7426910400390625,-0.046659916639328,-8.586156845092773,-1.6804417371749878,-0.0785030871629715,23.5,3.8230862617492676,0.1626845217765646,39.0,nan,0,0.13486547768115997,-2.5242502689361572,nan
19.201,8000,160,-1,7.740734155273104,10,7.7416229248046875,-0.05030615255236626,-6.825592517852783,-1.4393141269683838,0.25701481103897095,23.5,2.5435075759887695,0.10823436493569231,39.0,nan,0,0.08154277503490448,-2.3425097465515137,nan
19.221,8000,160,-1,7.7397348136233735,10,7.740509033203125,-0.060214828699827194,-5.709758758544922,-1.117486834526062,-0.019189467653632164,23.5,1.966343879699707,0.08367420764679605,39.0,nan,0,0.02577139064669609,-3.1844630241394043,nan
19.241,8000,160,-1,7.738765288623118,10,7.7394561767578125,-0.05372929573059082,-4.757147789001465,-1.129088282585144,-0.07771113514900208,23.5,2.2337074279785156,0.09505137991397938,39.0,nan,0,0.973478376865387,-3.021829843521118,nan
19.261,8000,160,-1,7.73773279902308,10,7.73828125,-0.05096843093633652,-3.886671781539917,-0.7606809139251709,-0.16851955652236938,23.5,1.5596287250518799,0.06636717978944169,39.0,nan,0,0.914979100227356,-2.286508321762085,nan
19.281,8000,160,-1,7.736734628223359,10,7.7373199462890625,-0.049193162471055984,-4.689135551452637,-0.9177352786064148,0.04412056505680084,23.5,1.5307426452636719,0.0651379849048371,39.0,nan,0,0.8664323687553406,-2.3920254707336426,nan
19.3,8000,160,-1,7.7357778073732435,10,7.736358642578125,-0.05041182413697243,-5.050319194793701,-0.9884244203567505,0.18868795037269592,23.5,1.6601500511169434,0.0706446830262529,39.0,nan,0,0.8187258839607239,-2.572368621826172,nan
19.321,8000,160,-1,7.734734840723114,10,7.7353515625,-0.04768957570195198,-5.750800609588623,-1.1255193948745728,0.11867736279964447,23.5,1.7584508657455444,0.07482769641470402,39.0,nan,0,0.7683092951774597,-2.6657862663269043,nan
19.341,8000,160,-1,7.73373761572294,10,7.734283447265625,-0.046532995998859406,-6.0952911376953125,-1.192941427230835,-0.021616864949464798,23.5,1.730555534362793,0.0736406610367146,39.0,nan,0,0.7151567339897156,-1.9096182584762573,nan
19.361,8000,160,-1,7.732734638622797,10,7.7334442138671875,-0.04606885835528374,-6.170901298522949,-1.2072643041610718,0.07167000323534012,23.5,2.291130542755127,0.09749491671298413,39.0,nan,0,0.6730398535728455,-2.3916378021240234,nan
19.381,8000,160,-1,7.731736128222847,10,7.73248291015625,-0.04807085916399956,-6.328930854797363,-1.1629360914230347,-0.024079395458102226,23.5,2.359184741973877,0.10039084008399476,39.0,nan,0,0.6250742077827454,-2.6207571029663086,nan
19.401,8000,160,-1,7.730736474023443,10,7.731353759765625,-0.0561717227101326,-5.032708644866943,-0.9849778413772583,0.20649367570877075,23.5,1.1073744297027588,0.0471223161575642,39.0,nan,0,0.5685191750526428,-2.6860861778259277,nan
19.421,8000,160,-1,7.7297365865233685,10,7.7303009033203125,-0.05710830166935921,-2.4490115642547607,-0.38049718737602234,0.072349913418293,23.5,0.653174638748169,0.027794665478645487,39.0,nan,0,0.5159197449684143,-3.165651798248291,nan
19.441,8000,160,-1,7.7287341927731275,10,7.72918701171875,-0.051457833498716354,-2.8884925842285156,-0.5653220415115356,0.0013357008574530482,23.5,1.2259480953216553,0.05216800405624065,39.0,nan,0,0.46024274826049805,-2.561414957046509,nan
19.461,8000,160,-1,7.727731584473086,10,7.728118896484375,-0.04730029031634331,-4.533984661102295,-0.8873698711395264,-0.01194719411432743,23.5,1.3699069023132324,0.0582939107367333,39.0,nan,0,0.40640565752983093,-2.1748616695404053,nan
19.48,8000,160,-1,7.726783130272826,10,7.727203369140625,-0.04801776260137558,-3.809166669845581,-0.7455120086669922,0.04959254711866379,23.5,1.2067543268203735,0.05135124794980313,39.0,nan,0,0.3610796332359314,-2.285194158554077,nan
19.501,8000,160,-1,7.725751311523355,10,7.726287841796875,-0.04714265093207359,-4.601840019226074,-0.9006502628326416,0.07242286950349808,23.5,1.7680978775024414,0.07523820755329538,39.0,nan,0,0.31471267342567444,-2.39255952835083,nan
19.521,8000,160,-1,7.7247361823727365,10,7.7253875732421875,-0.04436235502362251,-6.433746814727783,-1.259182333946228,-0.13580334186553955,23.5,2.671736240386963,0.11369090384625374,39.0,nan,0,0.27025875449180603,-2.3777854442596436,nan
19.541,8000,160,-1,7.723744174023169,10,7.7244720458984375,-0.04082231968641281,-8.475814819335938,-1.7132384777069092,-0.1375342160463333,23.5,2.8895297050476074,0.12295871085308968,39.0,nan,0,0.22438371181488037,-2.134265899658203,nan
19.561,8000,160,-1,7.722727413623225,10,7.7235565185546875,-0.0493379570543766,-6.652504920959473,-1.3019967079162598,-0.06315337121486664,23.5,2.9948959350585938,0.1274423802152593,39.0,nan,0,0.17825756967067719,-2.4168548583984375,nan
19.581,8000,160,-1,7.72173498652338,10,7.7226715087890625,-0.04331279546022415,-7.899147987365723,-1.5459836721420288,0.0385386124253273,23.5,3.6897830963134766,0.1570120466516373,39.0,nan,0,0.13434553146362305,-2.250985860824585,nan
19.601,8000,160,-1,7.720740384473184,10,7.72161865234375,-0.05195819213986397,-5.915484428405762,-1.1577504873275757,-0.1123168021440506,23.5,2.8750765323638916,0.1223436822282507,39.0,nan,0,0.08185090869665146,-2.589982032775879,nan
19.621,8000,160,-1,7.719732499022949,10,7.720489501953125,-0.058973219245672226,-5.728111267089844,-1.1210787296295166,-0.03134758397936821,23.5,1.946043848991394,0.08281037655282528,39.0,nan,0,0.025369416922330856,-3.076246738433838,nan
19.641,8000,160,-1,7.718731190723347,10,7.71942138671875,-0.04936710372567177,-6.037448406219482,-1.0474679470062256,-0.04407232627272606,23.5,2.087672710418701,0.08883713661356175,39.0,nan,0,0.9716672897338867,-2.7406201362609863,nan
19.661,8000,160,-1,7.7177436761230735,10,7.718292236328125,-0.054277658462524414,-4.252634048461914,-0.832305371761322,0.10570894926786423,23.5,1.0294413566589355,0.04380601517697598,39.0,nan,0,0.9155536890029907,-2.468249797821045,nan
19.68,8000,160,-1,7.716769759473401,10,7.7173004150390625,-0.051911115646362305,-4.662719249725342,-0.9125652313232422,0.07190486788749695,23.5,1.304261565208435,0.055500492136529155,39.0,nan,0,0.8655454516410828,-2.4819955825805664,nan
19.701,8000,160,-1,7.715724680272989,10,7.7162628173828125,-0.05229514464735985,-4.646120548248291,-0.9093166589736938,0.11242084205150604,23.5,1.4454188346862793,0.06150718445473529,39.0,nan,0,0.8135085701942444,-2.7088980674743652,nan
19.721,8000,160,-1,7.714733753223128,10,7.715362548828125,-0.04240807145833969,-6.090345859527588,-1.0372378826141357,-0.013809259049594402,23.5,2.1603193283081055,0.09192848205566406,39.0,nan,0,0.7686517834663391,-2.3666558265686035,nan
19.741,8000,160,-1,7.713736799023183,10,7.714263916015625,-0.05425938963890076,-3.6342363357543945,-0.7112754583358765,-0.14838171005249023,23.5,1.2813141345977783,0.054524005727565036,39.0,nan,0,0.7138803601264954,-2.3930680751800537,nan
19.761,8000,160,-1,7.71273671152304,10,7.7133636474609375,-0.04718891531229019,-5.729783535003662,-1.1214059591293335,0.01577145606279373,23.5,1.970247507095337,0.0838403194508654,39.0,nan,0,0.6691379547119141,-2.40936541557312,nan
19.781,8000,160,-1,7.711733759473292,10,7.7124176025390625,-0.047717031091451645,-6.203423500061035,-1.2141045331954956,-0.010710058733820915,23.5,2.487433910369873,0.10584825150510098,39.0,nan,0,0.6212851405143738,-2.4576120376586914,nan
19.801,8000,160,-1,7.710733011522835,10,7.7113494873046875,-0.04971746355295181,-4.593388557434082,-0.898996114730835,-0.18489325046539307,23.5,1.585288166999817,0.06745907093616242,39.0,nan,0,0.568334698677063,-2.4629194736480713,nan
19.821,8000,160,-1,7.7097434532232105,10,7.7103271484375,-0.05615663528442383,-4.3553547859191895,-0.852409303188324,-0.019576221704483032,23.5,1.2362117767333984,0.052604756456740356,39.0,nan,0,0.5170378088951111,-3.1152756214141846,nan
19.841,8000,160,-1,7.708732376123236,10,7.7091827392578125,-0.05307956039905548,-3.15689754486084,-0.6178529262542725,0.0440942719578743,23.5,1.0951972007751465,0.04660413620319772,39.0,nan,0,0.4601059556007385,-2.614339828491211,nan
19.861,8000,160,-1,7.707763469873327,10,7.7081146240234375,-0.05139568820595741,-3.5672192573547363,-0.6981591582298279,0.010732922703027725,23.5,1.0977293252944946,0.04671188618274445,39.0,nan,0,0.4066828787326813,-2.258500576019287,nan
19.881,8000,160,-1,7.706734674023038,10,7.707183837890625,-0.04531947523355484,-5.007625579833984,-0.9800686240196228,-0.08205793797969818,23.5,1.387290358543396,0.05903363227844238,39.0,nan,0,0.3601771295070648,-1.9673244953155518,nan
19.901,8000,160,-1,7.705734080273406,10,7.7062835693359375,-0.050129134207963943,-5.206174373626709,-1.0189276933670044,-0.09482039511203766,23.5,1.9207953214645386,0.08173597112615058,39.0,nan,0,0.31438612937927246,-2.507061004638672,nan
19.921,8000,160,-1,7.704762705272889,10,7.7054290771484375,-0.04093062877655029,-6.327132225036621,-1.2667418718338013,0.08946238458156586,23.5,2.449226140975952,0.10422238897770009,39.0,nan,0,0.2722059190273285,-2.254879951477051,nan
19.941,8000,160,-1,7.7037359469730395,10,7.704437255859375,-0.04529813677072525,-7.723846912384033,-1.5116746425628662,-0.10578593611717224,23.5,2.6642096042633057,0.11337062145801301,39.0,nan,0,0.22279682755470276,-2.197012424468994,nan
19.961,8000,160,-1,7.7027583011229686,10,7.7035369873046875,-0.048511724919080734,-6.3949294090271,-1.2515852451324463,0.003865068545565009,23.5,2.730386257171631,0.11618664924134599,39.0,nan,0,0.17771358788013458,-2.3785159587860107,nan
19.981,8000,160,-1,7.701736240723414,10,7.7026214599609375,-0.04437035322189331,-7.684021949768066,-1.503880262374878,0.008688392117619514,23.5,3.3470401763916016,0.1424272415485788,39.0,nan,0,0.13143759965896606,-2.294748067855835,nan
20.001,8000,160,-1,7.7007904052734375,10,7.70159912109375,-0.047401655465364456,-7.646296977996826,-1.581979751586914,-0.1002708226442337,23.5,3.2189722061157227,0.13697754068577545,39.0,nan,0,0.08056456595659256,-2.2223339080810547,nan
20.021,8000,160,-1,7.7007904052734375,10,7.7005157470703125,-0.05300968140363693,-5.943249702453613,-1.0222914218902588,-0.07077967375516891,23.5,2.04007625579834,0.0868117555658868,39.0,nan,0,0.026422135531902313,-2.6076252460479736,nan
20.041,8000,160,-1,7.7007904052734375,10,7.699554443359375,-0.04843450337648392,-4.283205032348633,-0.8380419015884399,0.03989894688129425,23.5,1.2736905813217163,0.054199599205179416,39.0,nan,0,0.9781193137168884,-2.364002227783203,nan
20.061,8000,160,-1,7.7007904052734375,10,7.698699951171875,-0.042822618037462234,-3.5571846961975098,-0.6961953043937683,0.053425826132297516,23.5,0.7409018278121948,0.031527737353710415,39.0,nan,0,0.9353117942810059,-2.174327850341797,nan
20.081,8000,160,-1,7.7007904052734375,10,7.6980133056640625,-0.030177321285009384,-3.599148988723755,-0.7044083476066589,0.0022413134574890137,23.5,0.8060873746871948,0.034301590412221056,39.0,nan,0,0.9010816812515259,-1.370627760887146,nan
20.101,8000,160,-1,7.7007904052734375,10,7.697479248046875,-0.02807411551475525,-2.157883644104004,-0.42233070731163025,-0.05816414952278137,23.5,0.4995754361152649,0.02125852919639425,39.0,nan,0,0.8745527267456055,-1.4177030324935913,nan
20.121,8000,160,-1,7.7007904052734375,10,7.6970672607421875,-0.015472421422600746,-3.712472677230835,-0.7265874743461609,-0.0007235973607748747,23.5,0.5079684257507324,0.021615677691520528,39.0,nan,0,0.8543245792388916,-0.7523155808448792,nan
