t_s,pos_deg,vel_rps,tau_cmd,rotor_phase,e1_deg,fault
0.0015,0.0,-3.5856930935551645e-06,-1.169,0.3403,202.806,0
0.003,0.0,-3.5856930935551645e-06,-1.169,0.3403,202.783,0
0.0059,0.0,-3.5856930935551645e-06,-1.169,0.3403,202.761,0
0.0073,0.0,-3.5856930935551645e-06,-1.169,0.3403,202.8,0
0.0086,0.0,-3.5856930935551645e-06,-1.169,0.3403,202.77,0
0.01,0.0,-3.5856930935551645e-06,-1.169,0.3403,202.804,0
0.0116,0.0,-3.5856930935551645e-06,-1.169,0.3403,202.814,0
0.013,0.0,-3.5856930935551645e-06,-1.169,0.3403,202.768,0
0.0143,0.0,-3.5856930935551645e-06,-1.169,0.3403,202.808,0
0.0156,0.0,-3.5856930935551645e-06,-1.169,0.3403,202.782,0
0.017,0.0,-3.5856930935551645e-06,-1.169,0.3403,202.747,0
0.0183,0.0,-3.5856930935551645e-06,-1.169,0.3403,202.816,0
0.0196,0.0,-3.5856930935551645e-06,-1.169,0.3403,202.776,0
0.021,0.0,-3.5856930935551645e-06,-1.169,0.3403,202.828,0
0.0224,0.0,-3.5856930935551645e-06,-1.169,0.3403,202.814,0
0.024,0.0,-0.0004973442992195487,-1.272,0.3403,202.763,0
0.0254,-0.005,-0.0006781728588975966,-1.313,0.3395,202.8,0
0.0267,-0.005,-0.0005524987354874611,-1.287,0.3395,202.791,0
0.0281,-0.005,-0.0003779753460548818,-1.25,0.3395,202.816,0
0.0294,-0.005,-0.00023932386829983443,-1.221,0.3395,202.811,0
0.0308,-0.005,-0.00015068483480717987,-1.203,0.3395,202.81,0
0.0322,-0.005,-8.573595550842583e-05,-1.189,0.3395,202.796,0
0.0336,-0.005,-5.1700528274523094e-05,-1.182,0.3395,202.773,0
0.0351,-0.005,-2.9785629521938972e-05,-1.178,0.3395,202.796,0
0.0364,-0.005,-1.6746878827689216e-05,-1.175,0.3395,202.802,0
0.0378,-0.005,-9.523532753519248e-06,-1.173,0.3395,202.784,0
0.0392,-0.005,-5.116068678034935e-06,-1.172,0.3395,202.807,0
0.0406,-0.005,-2.055328423011815e-06,-1.172,0.3395,202.796,0
0.042,-0.005,-3.5239825280086734e-08,-1.171,0.3395,202.786,0
0.0434,-0.005,1.4951302773624775e-06,-1.171,0.3395,202.774,0
0.0448,-0.005,2.413352376606781e-06,-1.171,0.3395,202.799,0
0.0462,-0.005,3.209143187632435e-06,-1.171,0.3395,202.793,0
0.0475,-0.005,3.5764310268859845e-06,-1.171,0.3395,202.804,0
0.049,-0.005,3.5764310268859845e-06,-1.171,0.3395,202.814,0
0.0503,-0.005,3.5764310268859845e-06,-1.171,0.3395,202.795,0
0.0517,-0.005,3.5764310268859845e-06,-1.171,0.3395,202.785,0
0.0531,-0.005,3.5764310268859845e-06,-1.171,0.3395,202.812,0
0.0544,-0.005,3.5764310268859845e-06,-1.171,0.3395,202.784,0
0.056,-0.005,3.5764310268859845e-06,-1.171,0.3395,202.809,0
0.0574,-0.005,3.5764310268859845e-06,-1.171,0.3395,202.788,0
0.0588,-0.005,3.5764310268859845e-06,-1.171,0.3395,202.762,0
0.0602,-0.005,3.5764310268859845e-06,-1.171,0.3395,202.778,0
0.0617,-0.005,3.5764310268859845e-06,-1.171,0.3395,202.799,0
0.0631,-0.005,3.5764310268859845e-06,-1.171,0.3395,202.793,0
0.0645,-0.005,3.5764310268859845e-06,-1.171,0.3395,202.773,0
0.066,-0.005,3.5764310268859845e-06,-1.171,0.3395,202.824,0
0.0673,-0.005,3.5764310268859845e-06,-1.171,0.3395,202.809,0
0.0686,-0.005,3.5764310268859845e-06,-1.171,0.3395,202.825,0
0.0701,-0.005,3.5764310268859845e-06,-1.171,0.3395,202.77,0
0.0717,-0.005,3.5764310268859845e-06,-1.171,0.3395,202.765,0
0.0733,-0.005,3.5764310268859845e-06,-1.171,0.3395,202.789,0
0.0749,-0.005,3.5764310268859845e-06,-1.171,0.3395,202.775,0
0.0764,-0.005,3.5764310268859845e-06,-1.171,0.3395,202.784,0
0.0777,-0.005,3.5764310268859845e-06,-1.171,0.3395,202.812,0
0.0791,-0.005,3.5764310268859845e-06,-1.171,0.3395,202.796,0
0.0806,-0.005,3.5764310268859845e-06,-1.171,0.3395,202.764,0
0.082,-0.005,3.5764310268859845e-06,-1.171,0.3395,202.754,0
0.0833,-0.005,3.5764310268859845e-06,-1.171,0.3395,202.813,0
0.0847,-0.005,3.5764310268859845e-06,-1.171,0.3395,202.793,0
0.086,-0.005,3.5764310268859845e-06,-1.171,0.3395,202.802,0
0.0873,-0.005,3.5764310268859845e-06,-1.171,0.3395,202.803,0
0.0886,-0.005,-0.00016917170432861894,-1.207,0.3395,202.79,0
0.0899,-0.005,-0.0002261626796098426,-1.219,0.3395,202.792,0
0.0912,-0.005,-0.0001854548609117046,-1.21,0.3395,202.784,0
0.0925,-0.005,-0.0001312185631832108,-1.199,0.3395,202.794,0
0.0939,-0.005,-8.659298327984288e-05,-1.19,0.3395,202.793,0
0.0952,-0.005,-5.261876867734827e-05,-1.182,0.3395,202.825,0
0.0966,-0.005,-3.192816802766174e-05,-1.178,0.3395,202.805,0
0.0981,-0.005,-1.7909980670083314e-05,-1.175,0.3395,202.79,0
0.0995,-0.005,-9.645982572692446e-06,-1.173,0.3395,202.785,0
0.1009,-0.005,-5.177304046810605e-06,-1.172,0.3395,202.777,0
0.1022,-0.005,-2.2389933747035684e-06,-1.172,0.3395,202.8,0
0.1034,-0.005,-2.801196785640059e-07,-1.171,0.3395,202.798,0
0.1047,-0.005,1.3114650982970488e-06,-1.171,0.3395,202.807,0
0.1061,-0.005,2.168472519770148e-06,-1.171,0.3395,202.811,0
0.1075,-0.005,3.0254784633143572e-06,-1.171,0.3395,202.782,0
0.1088,-0.005,3.576410335881519e-06,-1.171,0.3395,202.79,0
0.1101,-0.005,3.576410335881519e-06,-1.171,0.3395,202.809,0
0.1114,-0.005,3.576410335881519e-06,-1.171,0.3395,202.781,0
0.1127,-0.005,3.576410335881519e-06,-1.171,0.3395,202.821,0
0.1141,-0.005,3.576410335881519e-06,-1.171,0.3395,202.774,0
0.1154,-0.005,3.576410335881519e-06,-1.171,0.3395,202.831,0
0.1167,-0.005,3.576410335881519e-06,-1.171,0.3395,202.821,0
0.118,-0.005,3.576410335881519e-06,-1.171,0.3395,202.815,0
0.1192,-0.005,3.576410335881519e-06,-1.171,0.3395,202.796,0
0.1206,-0.005,3.576410335881519e-06,-1.171,0.3395,202.787,0
0.1221,-0.005,3.576410335881519e-06,-1.171,0.3395,202.813,0
0.1234,-0.005,3.576410335881519e-06,-1.171,0.3395,202.81,0
0.1248,-0.005,3.576410335881519e-06,-1.171,0.3395,202.782,0
0.1261,-0.005,3.576410335881519e-06,-1.171,0.3395,202.772,0
0.1275,-0.005,3.576410335881519e-06,-1.171,0.3395,202.809,0
0.1289,-0.005,3.576410335881519e-06,-1.171,0.3395,202.777,0
0.1303,-0.005,3.576410335881519e-06,-1.171,0.3395,202.788,0
0.1317,-0.005,3.576410335881519e-06,-1.171,0.3395,202.78,0
0.1332,-0.005,3.576410335881519e-06,-1.171,0.3395,202.771,0
0.1345,-0.005,3.576410335881519e-06,-1.171,0.3395,202.787,0
0.1361,-0.005,3.576410335881519e-06,-1.171,0.3395,202.806,0
0.1375,-0.005,3.576410335881519e-06,-1.171,0.3395,202.813,0
0.139,-0.005,3.576410335881519e-06,-1.171,0.3395,202.792,0
0.1403,-0.005,3.576410335881519e-06,-1.171,0.3395,202.826,0
0.1416,-0.005,3.576410335881519e-06,-1.171,0.3395,202.769,0
0.1428,-0.005,3.576410335881519e-06,-1.171,0.3395,202.793,0
0.1441,-0.005,3.576410335881519e-06,-1.171,0.3395,202.796,0
0.1453,-0.005,3.576410335881519e-06,-1.171,0.3395,202.787,0
0.1466,-0.005,3.576410335881519e-06,-1.171,0.3395,202.811,0
0.148,-0.005,3.576410335881519e-06,-1.171,0.3395,202.768,0
0.1493,-0.005,3.576410335881519e-06,-1.171,0.3395,202.801,0
0.1506,-0.005,3.576410335881519e-06,-1.171,0.3395,202.814,0
0.152,-0.005,3.576410335881519e-06,-1.171,0.3395,202.785,0
0.1532,-0.005,3.576410335881519e-06,-1.171,0.3395,202.79,0
0.1545,-0.005,3.576410335881519e-06,-1.171,0.3395,202.78,0
0.1559,-0.005,3.576410335881519e-06,-1.171,0.3395,202.835,0
0.1571,-0.005,3.576410335881519e-06,-1.171,0.3395,202.735,0
0.1583,-0.005,3.576410335881519e-06,-1.171,0.3395,202.81,0
0.1596,-0.005,3.576410335881519e-06,-1.171,0.3395,202.817,0
0.1609,-0.005,3.576410335881519e-06,-1.171,0.3395,202.774,0
0.1621,-0.005,3.576410335881519e-06,-1.171,0.3395,202.823,0
0.1634,-0.005,3.576410335881519e-06,-1.171,0.3395,202.791,0
0.1646,-0.005,3.576410335881519e-06,-1.171,0.3395,202.769,0
0.1659,-0.005,3.576410335881519e-06,-1.171,0.3395,202.808,0
0.1672,-0.005,3.576410335881519e-06,-1.171,0.3395,202.794,0
0.1685,-0.005,3.576410335881519e-06,-1.171,0.3395,202.792,0
0.1697,-0.005,3.576410335881519e-06,-1.171,0.3395,202.798,0
0.1711,-0.005,3.576410335881519e-06,-1.171,0.3395,202.785,0
0.1725,-0.005,3.576410335881519e-06,-1.171,0.3395,202.789,0
0.1739,-0.005,3.576410335881519e-06,-1.171,0.3395,202.779,0
0.1751,-0.005,3.576410335881519e-06,-1.171,0.3395,202.81,0
0.1763,-0.005,3.576410335881519e-06,-1.171,0.3395,202.785,0
0.1776,-0.005,3.576410335881519e-06,-1.171,0.3395,202.821,0
0.1789,-0.005,3.576410335881519e-06,-1.171,0.3395,202.839,0
0.1803,-0.005,3.576410335881519e-06,-1.171,0.3395,202.775,0
0.1815,-0.005,3.576410335881519e-06,-1.171,0.3395,202.829,0
0.1829,-0.005,3.576410335881519e-06,-1.171,0.3395,202.789,0
0.1842,-0.005,3.576410335881519e-06,-1.171,0.3395,202.804,0
0.1854,-0.005,3.576410335881519e-06,-1.171,0.3395,202.788,0
0.1867,-0.005,3.576410335881519e-06,-1.171,0.3395,202.782,0
0.188,-0.005,3.576410335881519e-06,-1.171,0.3395,202.841,0
0.1894,-0.005,3.576410335881519e-06,-1.171,0.3395,202.74,0
0.1908,-0.005,3.576410335881519e-06,-1.171,0.3395,202.831,0
0.192,-0.005,3.576410335881519e-06,-1.171,0.3395,202.772,0
0.1933,-0.005,3.576410335881519e-06,-1.171,0.3395,202.79,0
0.1945,-0.005,3.576410335881519e-06,-1.171,0.3395,202.777,0
0.1959,-0.005,3.576410335881519e-06,-1.171,0.3395,202.798,0
0.1972,-0.005,3.576410335881519e-06,-1.171,0.3395,202.779,0
0.1985,-0.005,3.576410335881519e-06,-1.171,0.3395,202.789,0
0.1999,-0.005,3.576410335881519e-06,-1.171,0.3395,202.804,0
0.2011,-0.005,3.576410335881519e-06,-1.171,0.3395,202.779,0
0.2023,-0.005,3.576410335881519e-06,-1.171,0.3395,202.785,0
0.2035,-0.005,3.576410335881519e-06,-1.171,0.3395,202.841,0
0.2048,-0.005,3.576410335881519e-06,-1.171,0.3395,202.828,0
0.206,-0.005,3.576410335881519e-06,-1.171,0.3395,202.839,0
0.2072,-0.005,3.576410335881519e-06,-1.171,0.3395,202.8,0
0.2084,-0.005,3.576410335881519e-06,-1.171,0.3395,202.758,0
0.2097,-0.005,3.576410335881519e-06,-1.171,0.3395,202.795,0
0.2109,-0.005,3.576410335881519e-06,-1.171,0.3395,202.81,0
0.2122,-0.005,3.576410335881519e-06,-1.171,0.3395,202.807,0
0.2134,-0.005,3.576410335881519e-06,-1.171,0.3395,202.816,0
0.2146,-0.005,3.576410335881519e-06,-1.171,0.3395,202.819,0
0.2159,-0.005,3.576410335881519e-06,-1.171,0.3395,202.767,0
0.2171,-0.005,3.576410335881519e-06,-1.171,0.3395,202.828,0
0.2184,-0.005,3.576410335881519e-06,-1.171,0.3395,202.823,0
0.2197,-0.005,3.576410335881519e-06,-1.171,0.3395,202.795,0
0.221,-0.005,3.576410335881519e-06,-1.171,0.3395,202.794,0
0.2223,-0.005,3.576410335881519e-06,-1.171,0.3395,202.775,0
0.2237,-0.005,3.576410335881519e-06,-1.171,0.3395,202.83,0
0.2249,-0.005,3.576410335881519e-06,-1.171,0.3395,202.782,0
0.2261,-0.005,3.576410335881519e-06,-1.171,0.3395,202.818,0
0.2273,-0.005,3.576410335881519e-06,-1.171,0.3395,202.817,0
0.2285,-0.005,3.576410335881519e-06,-1.171,0.3395,202.793,0
0.2299,-0.005,3.576410335881519e-06,-1.171,0.3395,202.825,0
0.2312,-0.005,3.576410335881519e-06,-1.171,0.3395,202.802,0
0.2325,-0.005,3.576410335881519e-06,-1.171,0.3395,202.772,0
0.2339,-0.005,3.576410335881519e-06,-1.171,0.3395,202.799,0
0.2351,-0.005,3.576410335881519e-06,-1.171,0.3395,202.753,0
0.2364,-0.005,3.576410335881519e-06,-1.171,0.3395,202.813,0
0.2377,-0.005,3.576410335881519e-06,-1.171,0.3395,202.777,0
0.2391,-0.005,3.576410335881519e-06,-1.171,0.3395,202.812,0
0.2404,-0.005,3.576410335881519e-06,-1.171,0.3395,202.799,0
0.2417,-0.005,3.576410335881519e-06,-1.171,0.3395,202.78,0
0.243,-0.005,3.576410335881519e-06,-1.171,0.3395,202.803,0
0.2443,-0.005,3.576410335881519e-06,-1.171,0.3395,202.781,0
0.2455,-0.005,3.576410335881519e-06,-1.171,0.3395,202.783,0
0.2467,-0.005,3.576410335881519e-06,-1.171,0.3395,202.809,0
0.248,-0.005,3.576410335881519e-06,-1.171,0.3395,202.766,0
0.2492,-0.005,3.576410335881519e-06,-1.171,0.3395,202.796,0
0.2505,-0.005,3.576410335881519e-06,-1.171,0.3395,202.801,0
0.2517,-0.005,3.576410335881519e-06,-1.171,0.3395,202.811,0
0.2529,-0.005,3.576410335881519e-06,-1.171,0.3395,202.827,0
0.2541,-0.005,3.576410335881519e-06,-1.171,0.3395,202.783,0
0.2554,-0.005,3.576410335881519e-06,-1.171,0.3395,202.806,0
0.2567,-0.005,3.576410335881519e-06,-1.171,0.3395,202.817,0
0.2579,-0.005,3.576410335881519e-06,-1.171,0.3395,202.817,0
0.2592,-0.005,3.576410335881519e-06,-1.171,0.3395,202.781,0
0.2604,-0.005,3.576410335881519e-06,-1.171,0.3395,202.786,0
0.2617,-0.005,3.576410335881519e-06,-1.171,0.3395,202.792,0
0.2629,-0.005,3.576410335881519e-06,-1.171,0.3395,202.821,0
0.2642,-0.005,3.576410335881519e-06,-1.171,0.3395,202.819,0
0.2654,-0.005,3.576410335881519e-06,-1.171,0.3395,202.798,0
0.2666,-0.005,3.576410335881519e-06,-1.171,0.3395,202.79,0
0.2678,-0.005,3.576410335881519e-06,-1.171,0.3395,202.776,0
0.2691,-0.005,3.576410335881519e-06,-1.171,0.3395,202.789,0
0.2703,-0.005,3.576410335881519e-06,-1.171,0.3395,202.8,0
0.2715,-0.005,3.576410335881519e-06,-1.171,0.3395,202.779,0
0.2727,-0.005,3.576410335881519e-06,-1.171,0.3395,202.799,0
0.274,-0.005,3.576410335881519e-06,-1.171,0.3395,202.805,0
0.2752,-0.005,3.576410335881519e-06,-1.171,0.3395,202.806,0
0.2764,-0.005,3.576410335881519e-06,-1.171,0.3395,202.765,0
0.2778,-0.005,3.576410335881519e-06,-1.171,0.3395,202.83,0
0.279,-0.005,3.576410335881519e-06,-1.171,0.3395,202.771,0
0.2802,-0.005,3.576410335881519e-06,-1.171,0.3395,202.782,0
0.2815,-0.005,3.576410335881519e-06,-1.171,0.3395,202.796,0
0.2827,-0.005,3.576410335881519e-06,-1.171,0.3395,202.757,0
0.2839,-0.005,3.576410335881519e-06,-1.171,0.3395,202.821,0
0.2852,-0.005,3.576410335881519e-06,-1.171,0.3395,202.814,0
0.2865,-0.005,3.576410335881519e-06,-1.171,0.3395,202.77,0
0.2878,-0.005,3.576410335881519e-06,-1.171,0.3395,202.817,0
0.2891,-0.005,3.576410335881519e-06,-1.171,0.3395,202.818,0
0.2904,-0.005,3.576410335881519e-06,-1.171,0.3395,202.804,0
0.2918,-0.005,3.576410335881519e-06,-1.171,0.3395,202.804,0
0.2931,-0.005,3.576410335881519e-06,-1.171,0.3395,202.786,0
0.2943,-0.005,3.576410335881519e-06,-1.171,0.3395,202.793,0
0.2956,-0.005,3.576410335881519e-06,-1.171,0.3395,202.791,0
0.2969,-0.005,3.576410335881519e-06,-1.171,0.3395,202.822,0
0.2982,-0.005,3.576410335881519e-06,-1.171,0.3395,202.813,0
0.2994,-0.005,3.576410335881519e-06,-1.171,0.3395,202.786,0
0.3007,-0.005,3.576410335881519e-06,-1.171,0.3395,202.775,0
0.302,-0.005,3.576410335881519e-06,-1.171,0.3395,202.764,0
0.3032,-0.005,3.576410335881519e-06,-1.171,0.3395,202.802,0
0.3045,-0.005,3.576410335881519e-06,-1.171,0.3395,202.764,0
0.3057,-0.005,3.576410335881519e-06,-1.171,0.3395,202.802,0
0.307,-0.005,3.576410335881519e-06,-1.171,0.3395,202.794,0
0.3082,-0.005,3.576410335881519e-06,-1.171,0.3395,202.798,0
0.3094,-0.005,3.576410335881519e-06,-1.171,0.3395,202.8,0
0.3108,-0.005,3.576410335881519e-06,-1.171,0.3395,202.828,0
0.312,-0.005,3.576410335881519e-06,-1.171,0.3395,202.78,0
0.3132,-0.005,3.576410335881519e-06,-1.171,0.3395,202.791,0
0.3144,-0.005,3.576410335881519e-06,-1.171,0.3395,202.79,0
0.3157,-0.005,3.576410335881519e-06,-1.171,0.3395,202.781,0
0.3169,-0.005,3.576410335881519e-06,-1.171,0.3395,202.775,0
0.3182,-0.005,3.576410335881519e-06,-1.171,0.3395,202.771,0
0.3195,-0.005,3.576410335881519e-06,-1.171,0.3395,202.773,0
0.3207,-0.005,3.576410335881519e-06,-1.171,0.3395,202.788,0
0.3221,-0.005,3.576410335881519e-06,-1.171,0.3395,202.788,0
0.3234,-0.005,3.576410335881519e-06,-1.171,0.3395,202.779,0
0.3247,-0.005,3.576410335881519e-06,-1.171,0.3395,202.784,0
0.326,-0.005,3.576410335881519e-06,-1.171,0.3395,202.761,0
0.3273,-0.005,3.576410335881519e-06,-1.171,0.3395,202.826,0
0.3285,-0.005,3.576410335881519e-06,-1.171,0.3395,202.771,0
0.3299,-0.005,3.576410335881519e-06,-1.171,0.3395,202.769,0
0.3311,-0.005,3.576410335881519e-06,-1.171,0.3395,202.79,0
0.3326,-0.005,3.576410335881519e-06,-1.171,0.3395,202.785,0
0.3339,-0.005,3.576410335881519e-06,-1.171,0.3395,202.828,0
0.3352,-0.005,3.576410335881519e-06,-1.171,0.3395,202.775,0
0.3365,-0.005,3.576410335881519e-06,-1.171,0.3395,202.802,0
0.3378,-0.005,3.576410335881519e-06,-1.171,0.3395,202.788,0
0.3391,-0.005,3.576410335881519e-06,-1.171,0.3395,202.777,0
0.3404,-0.005,3.576410335881519e-06,-1.171,0.3395,202.767,0
0.3417,-0.005,3.576410335881519e-06,-1.171,0.3395,202.802,0
0.343,-0.005,3.576410335881519e-06,-1.171,0.3395,202.809,0
0.3443,-0.005,3.576410335881519e-06,-1.171,0.3395,202.772,0
0.3456,-0.005,3.576410335881519e-06,-1.171,0.3395,202.821,0
0.347,-0.005,3.576410335881519e-06,-1.171,0.3395,202.821,0
0.3484,-0.005,3.576410335881519e-06,-1.171,0.3395,202.805,0
0.3498,-0.005,3.576410335881519e-06,-1.171,0.3395,202.808,0
0.351,-0.005,3.576410335881519e-06,-1.171,0.3395,202.792,0
0.3526,-0.005,3.576410335881519e-06,-1.171,0.3395,202.785,0
0.3539,-0.005,3.576410335881519e-06,-1.171,0.3395,202.8,0
0.3554,-0.005,3.576410335881519e-06,-1.171,0.3395,202.804,0
0.3568,-0.005,3.576410335881519e-06,-1.171,0.3395,202.814,0
0.3581,-0.005,3.576410335881519e-06,-1.171,0.3395,202.76,0
0.3595,-0.005,3.576410335881519e-06,-1.171,0.3395,202.762,0
0.3607,-0.005,3.576410335881519e-06,-1.171,0.3395,202.813,0
0.362,-0.005,3.576410335881519e-06,-1.171,0.3395,202.81,0
0.3633,-0.005,3.576410335881519e-06,-1.171,0.3395,202.802,0
0.3647,-0.005,3.576410335881519e-06,-1.171,0.3395,202.767,0
0.366,-0.005,3.576410335881519e-06,-1.171,0.3395,202.824,0
0.3672,-0.005,3.576410335881519e-06,-1.171,0.3395,202.771,0
0.3685,-0.005,3.576410335881519e-06,-1.171,0.3395,202.824,0
0.3697,-0.005,3.576410335881519e-06,-1.171,0.3395,202.812,0
0.3709,-0.005,3.576410335881519e-06,-1.171,0.3395,202.784,0
0.3722,-0.005,3.576410335881519e-06,-1.171,0.3395,202.806,0
0.3735,-0.005,3.576410335881519e-06,-1.171,0.3395,202.783,0
0.3748,-0.005,3.576410335881519e-06,-1.171,0.3395,202.8,0
0.376,-0.005,3.576410335881519e-06,-1.171,0.3395,202.801,0
0.3773,-0.005,3.576410335881519e-06,-1.171,0.3395,202.783,0
0.3785,-0.005,3.576410335881519e-06,-1.171,0.3395,202.788,0
0.3798,-0.005,3.576410335881519e-06,-1.171,0.3395,202.787,0
0.3811,-0.005,3.576410335881519e-06,-1.171,0.3395,202.795,0
0.3823,-0.005,3.576410335881519e-06,-1.171,0.3395,202.828,0
0.3835,-0.005,3.576410335881519e-06,-1.171,0.3395,202.792,0
0.3848,-0.005,3.576410335881519e-06,-1.171,0.3395,202.783,0
0.386,-0.005,3.576410335881519e-06,-1.171,0.3395,202.771,0
0.3872,-0.005,3.576410335881519e-06,-1.171,0.3395,202.817,0
0.3884,-0.005,3.576410335881519e-06,-1.171,0.3395,202.772,0
0.3897,-0.005,3.576410335881519e-06,-1.171,0.3395,202.786,0
0.3909,-0.005,3.576410335881519e-06,-1.171,0.3395,202.768,0
0.3925,-0.005,3.576410335881519e-06,-1.171,0.3395,202.789,0
0.3939,-0.005,3.576410335881519e-06,-1.171,0.3395,202.79,0
0.3951,-0.005,3.576410335881519e-06,-1.171,0.3395,202.775,0
0.3963,-0.005,3.576410335881519e-06,-1.171,0.3395,202.787,0
0.3975,-0.005,3.576410335881519e-06,-1.171,0.3395,202.77,0
0.3989,-0.005,3.576410335881519e-06,-1.171,0.3395,202.815,0
0.4002,-0.005,3.576410335881519e-06,-1.171,0.3395,202.826,0
0.4014,-0.005,3.576410335881519e-06,-1.171,0.3395,202.769,0
0.4027,-0.005,3.576410335881519e-06,-1.171,0.3395,202.793,0
0.4041,-0.005,3.576410335881519e-06,-1.171,0.3395,202.779,0
0.4054,-0.005,3.576410335881519e-06,-1.171,0.3395,202.808,0
0.4068,-0.005,3.576410335881519e-06,-1.171,0.3395,202.77,0
0.4082,-0.005,3.576410335881519e-06,-1.171,0.3395,202.814,0
0.4094,-0.005,3.576410335881519e-06,-1.171,0.3395,202.785,0
0.4106,-0.005,3.576410335881519e-06,-1.171,0.3395,202.777,0
0.4118,-0.005,3.576410335881519e-06,-1.171,0.3395,202.76,0
0.413,-0.005,3.576410335881519e-06,-1.171,0.3395,202.792,0
0.4143,-0.005,3.576410335881519e-06,-1.171,0.3395,202.766,0
0.4156,-0.005,3.576410335881519e-06,-1.171,0.3395,202.82,0
0.4169,-0.005,3.576410335881519e-06,-1.171,0.3395,202.804,0
0.4181,-0.005,3.576410335881519e-06,-1.171,0.3395,202.811,0
0.4194,-0.005,3.576410335881519e-06,-1.171,0.3395,202.778,0
0.4206,-0.005,3.576410335881519e-06,-1.171,0.3395,202.801,0
0.4218,-0.005,3.576410335881519e-06,-1.171,0.3395,202.812,0
0.4231,-0.005,3.576410335881519e-06,-1.171,0.3395,202.802,0
0.4243,-0.005,3.576410335881519e-06,-1.171,0.3395,202.783,0
0.4256,-0.005,3.576410335881519e-06,-1.171,0.3395,202.799,0
0.4269,-0.005,3.576410335881519e-06,-1.171,0.3395,202.784,0
0.4281,-0.005,3.576410335881519e-06,-1.171,0.3395,202.783,0
0.4293,-0.005,3.576410335881519e-06,-1.171,0.3395,202.802,0
0.4306,-0.005,3.576410335881519e-06,-1.171,0.3395,202.757,0
0.4319,-0.005,3.576410335881519e-06,-1.171,0.3395,202.811,0
0.4332,-0.005,3.576410335881519e-06,-1.171,0.3395,202.806,0
0.4344,-0.005,3.576410335881519e-06,-1.171,0.3395,202.791,0
0.4356,-0.005,3.576410335881519e-06,-1.171,0.3395,202.811,0
0.4368,-0.005,3.576410335881519e-06,-1.171,0.3395,202.797,0
0.438,-0.005,3.576410335881519e-06,-1.171,0.3395,202.794,0
0.4392,-0.005,3.576410335881519e-06,-1.171,0.3395,202.774,0
0.4404,-0.005,3.576410335881519e-06,-1.171,0.3395,202.761,0
0.4417,-0.005,3.576410335881519e-06,-1.171,0.3395,202.797,0
0.443,-0.005,3.576410335881519e-06,-1.171,0.3395,202.834,0
0.4443,-0.005,3.576410335881519e-06,-1.171,0.3395,202.824,0
0.4455,-0.005,3.576410335881519e-06,-1.171,0.3395,202.783,0
0.4467,-0.005,3.576410335881519e-06,-1.171,0.3395,202.802,0
0.448,-0.005,3.576410335881519e-06,-1.171,0.3395,202.78,0
0.4493,-0.005,3.576410335881519e-06,-1.171,0.3395,202.809,0
0.4505,-0.005,3.576410335881519e-06,-1.171,0.3395,202.796,0
0.4517,-0.005,3.576410335881519e-06,-1.171,0.3395,202.775,0
0.4529,-0.005,3.576410335881519e-06,-1.171,0.3395,202.818,0
0.4542,-0.005,3.576410335881519e-06,-1.171,0.3395,202.811,0
0.4555,-0.005,3.576410335881519e-06,-1.171,0.3395,202.783,0
0.4567,-0.005,3.576410335881519e-06,-1.171,0.3395,202.827,0
0.458,-0.005,3.576410335881519e-06,-1.171,0.3395,202.788,0
0.4592,-0.005,3.576410335881519e-06,-1.171,0.3395,202.787,0
0.4604,-0.005,3.576410335881519e-06,-1.171,0.3395,202.782,0
0.4617,-0.005,3.576410335881519e-06,-1.171,0.3395,202.816,0
0.463,-0.005,3.576410335881519e-06,-1.171,0.3395,202.787,0
0.4643,-0.005,3.576410335881519e-06,-1.171,0.3395,202.807,0
0.4655,-0.005,3.576410335881519e-06,-1.171,0.3395,202.79,0
0.4667,-0.005,3.576410335881519e-06,-1.171,0.3395,202.795,0
0.468,-0.005,3.576410335881519e-06,-1.171,0.3395,202.829,0
0.4692,-0.005,3.576410335881519e-06,-1.171,0.3395,202.778,0
0.4704,-0.005,3.576410335881519e-06,-1.171,0.3395,202.8,0
0.4717,-0.005,3.576410335881519e-06,-1.171,0.3395,202.783,0
0.4729,-0.005,3.576410335881519e-06,-1.171,0.3395,202.773,0
0.4741,-0.005,3.576410335881519e-06,-1.171,0.3395,202.83,0
0.4754,-0.005,3.576410335881519e-06,-1.171,0.3395,202.811,0
0.4768,-0.005,3.576410335881519e-06,-1.171,0.3395,202.826,0
0.4781,-0.005,3.576410335881519e-06,-1.171,0.3395,202.83,0
0.4793,-0.005,3.576410335881519e-06,-1.171,0.3395,202.773,0
0.4805,-0.005,3.576410335881519e-06,-1.171,0.3395,202.815,0
0.4819,-0.005,3.576410335881519e-06,-1.171,0.3395,202.806,0
0.4831,-0.005,3.576410335881519e-06,-1.171,0.3395,202.809,0
0.4843,-0.005,3.576410335881519e-06,-1.171,0.3395,202.792,0
0.4857,-0.005,3.576410335881519e-06,-1.171,0.3395,202.762,0
0.487,-0.005,3.576410335881519e-06,-1.171,0.3395,202.789,0
0.4882,-0.005,3.576410335881519e-06,-1.171,0.3395,202.747,0
0.4895,-0.005,3.576410335881519e-06,-1.171,0.3395,202.784,0
0.4909,-0.005,3.576410335881519e-06,-1.171,0.3395,202.808,0
0.4921,-0.005,3.576410335881519e-06,-1.171,0.3395,202.798,0
0.4934,-0.005,3.576410335881519e-06,-1.171,0.3395,202.798,0
0.4947,-0.005,3.576410335881519e-06,-1.171,0.3395,202.777,0
0.496,-0.005,3.576410335881519e-06,-1.171,0.3395,202.809,0
0.4974,-0.005,3.576410335881519e-06,-1.171,0.3395,202.821,0
0.4987,-0.005,3.576410335881519e-06,-1.171,0.3395,202.778,0
0.5,-0.005,3.576410335881519e-06,-1.171,0.3395,202.773,0
0.5013,-0.005,3.576410335881519e-06,-1.171,0.3395,202.771,0
0.5025,-0.005,3.576410335881519e-06,-1.171,0.3395,202.811,0
0.5038,-0.005,3.576410335881519e-06,-1.171,0.3395,202.805,0
0.505,-0.005,3.576410335881519e-06,-1.171,0.3395,202.786,0
0.5067,-0.005,3.576410335881519e-06,-1.171,0.3395,202.817,0
0.508,-0.005,3.576410335881519e-06,-1.171,0.3395,202.808,0
0.5093,-0.005,3.576410335881519e-06,-1.171,0.3395,202.798,0
0.5106,-0.005,3.576410335881519e-06,-1.171,0.3395,202.799,0
0.5119,-0.005,3.576410335881519e-06,-1.171,0.3395,202.779,0
0.5131,-0.005,3.576410335881519e-06,-1.171,0.3395,202.763,0
0.5144,-0.005,3.576410335881519e-06,-1.171,0.3395,202.799,0
0.5157,-0.005,3.576410335881519e-06,-1.171,0.3395,202.794,0
0.517,-0.005,3.576410335881519e-06,-1.171,0.3395,202.786,0
0.5183,-0.005,3.576410335881519e-06,-1.171,0.3395,202.795,0
0.5195,-0.005,3.576410335881519e-06,-1.171,0.3395,202.775,0
0.5208,-0.005,3.576410335881519e-06,-1.171,0.3395,202.823,0
0.522,-0.005,3.576410335881519e-06,-1.171,0.3395,202.802,0
0.5236,-0.005,3.576410335881519e-06,-1.171,0.3395,202.782,0
0.525,-0.005,3.576410335881519e-06,-1.171,0.3395,202.807,0
0.5263,-0.005,3.576410335881519e-06,-1.171,0.3395,202.807,0
0.5276,-0.005,3.576410335881519e-06,-1.171,0.3395,202.795,0
0.5289,-0.005,3.576410335881519e-06,-1.171,0.3395,202.833,0
0.5303,-0.005,3.576410335881519e-06,-1.171,0.3395,202.794,0
0.5315,-0.005,3.576410335881519e-06,-1.171,0.3395,202.779,0
0.5331,-0.005,3.576410335881519e-06,-1.171,0.3395,202.796,0
0.5343,-0.005,3.576410335881519e-06,-1.171,0.3395,202.753,0
0.5355,-0.005,3.576410335881519e-06,-1.171,0.3395,202.806,0
0.5369,-0.005,3.576410335881519e-06,-1.171,0.3395,202.802,0
0.5381,-0.005,3.576410335881519e-06,-1.171,0.3395,202.76,0
0.5394,-0.005,3.576410335881519e-06,-1.171,0.3395,202.828,0
0.5407,-0.005,3.576410335881519e-06,-1.171,0.3395,202.755,0
0.542,-0.005,3.576410335881519e-06,-1.171,0.3395,202.793,0
0.5432,-0.005,3.576410335881519e-06,-1.171,0.3395,202.783,0
0.5445,-0.005,3.576410335881519e-06,-1.171,0.3395,202.787,0
0.5457,-0.005,3.576410335881519e-06,-1.171,0.3395,202.799,0
0.5471,-0.005,3.576410335881519e-06,-1.171,0.3395,202.768,0
0.5486,-0.005,3.576410335881519e-06,-1.171,0.3395,202.78,0
0.5499,-0.005,3.576410335881519e-06,-1.171,0.3395,202.77,0
0.5511,-0.005,3.576410335881519e-06,-1.171,0.3395,202.796,0
0.5524,-0.005,3.576410335881519e-06,-1.171,0.3395,202.811,0
0.5537,-0.005,3.576410335881519e-06,-1.171,0.3395,202.785,0
0.5549,-0.005,3.576410335881519e-06,-1.171,0.3395,202.803,0
0.5562,-0.005,3.576410335881519e-06,-1.171,0.3395,202.799,0
0.5574,-0.005,3.576410335881519e-06,-1.171,0.3395,202.802,0
0.5587,-0.005,3.576410335881519e-06,-1.171,0.3395,202.816,0
0.56,-0.005,3.576410335881519e-06,-1.171,0.3395,202.754,0
0.5614,-0.005,3.576410335881519e-06,-1.171,0.3395,202.79,0
0.5628,-0.005,3.576410335881519e-06,-1.171,0.3395,202.762,0
0.5641,-0.005,3.576410335881519e-06,-1.171,0.3395,202.812,0
0.5654,-0.005,3.576410335881519e-06,-1.171,0.3395,202.781,0
0.5666,-0.005,3.576410335881519e-06,-1.171,0.3395,202.8,0
0.5679,-0.005,3.576410335881519e-06,-1.171,0.3395,202.811,0
0.5692,-0.005,3.576410335881519e-06,-1.171,0.3395,202.785,0
0.5705,-0.005,3.576410335881519e-06,-1.171,0.3395,202.803,0
0.5717,-0.005,3.576410335881519e-06,-1.171,0.3395,202.789,0
0.5733,-0.005,3.576410335881519e-06,-1.171,0.3395,202.796,0
0.5745,-0.005,3.576410335881519e-06,-1.171,0.3395,202.789,0
0.5758,-0.005,3.576410335881519e-06,-1.171,0.3395,202.817,0
0.5771,-0.005,3.576410335881519e-06,-1.171,0.3395,202.788,0
0.5783,-0.005,3.576410335881519e-06,-1.171,0.3395,202.765,0
0.5796,-0.005,3.576410335881519e-06,-1.171,0.3395,202.792,0
0.5809,-0.005,3.576410335881519e-06,-1.171,0.3395,202.803,0
0.5822,-0.005,3.576410335881519e-06,-1.171,0.3395,202.823,0
0.5834,-0.005,3.576410335881519e-06,-1.171,0.3395,202.808,0
0.5847,-0.005,3.576410335881519e-06,-1.171,0.3395,202.779,0
0.586,-0.005,3.576410335881519e-06,-1.171,0.3395,202.815,0
0.5873,-0.005,3.576410335881519e-06,-1.171,0.3395,202.807,0
0.5886,-0.005,3.576410335881519e-06,-1.171,0.3395,202.749,0
0.5898,-0.005,3.576410335881519e-06,-1.171,0.3395,202.842,0
0.5911,-0.005,3.576410335881519e-06,-1.171,0.3395,202.764,0
0.5923,-0.005,3.576410335881519e-06,-1.171,0.3395,202.772,0
0.5936,-0.005,3.576410335881519e-06,-1.171,0.3395,202.808,0
0.5949,-0.005,3.576410335881519e-06,-1.171,0.3395,202.75,0
0.5962,-0.005,3.576410335881519e-06,-1.171,0.3395,202.802,0
0.5975,-0.005,3.576410335881519e-06,-1.171,0.3395,202.81,0
0.5988,-0.005,3.576410335881519e-06,-1.171,0.3395,202.763,0
0.6,-0.005,3.576410335881519e-06,-1.171,0.3395,202.807,0
0.6013,-0.005,3.576410335881519e-06,-1.171,0.3395,202.769,0
0.6026,-0.005,3.576410335881519e-06,-1.171,0.3395,202.809,0
0.6039,-0.005,3.576410335881519e-06,-1.171,0.3395,202.798,0
0.6052,-0.005,3.576410335881519e-06,-1.171,0.3395,202.799,0
0.6065,-0.005,3.576410335881519e-06,-1.171,0.3395,202.814,0
0.6078,-0.005,3.576410335881519e-06,-1.171,0.3395,202.814,0
0.6091,-0.005,3.576410335881519e-06,-1.171,0.3395,202.787,0
0.6104,-0.005,3.576410335881519e-06,-1.171,0.3395,202.791,0
0.6117,-0.005,3.576410335881519e-06,-1.171,0.3395,202.766,0
0.613,-0.005,3.576410335881519e-06,-1.171,0.3395,202.836,0
0.6142,-0.005,3.576410335881519e-06,-1.171,0.3395,202.809,0
0.6155,-0.005,3.576410335881519e-06,-1.171,0.3395,202.795,0
0.6168,-0.005,3.576410335881519e-06,-1.171,0.3395,202.792,0
0.618,-0.005,3.576410335881519e-06,-1.171,0.3395,202.777,0
0.6193,-0.005,3.576410335881519e-06,-1.171,0.3395,202.814,0
0.6206,-0.005,3.576410335881519e-06,-1.171,0.3395,202.771,0
0.6219,-0.005,3.576410335881519e-06,-1.171,0.3395,202.811,0
0.6234,-0.005,3.576410335881519e-06,-1.171,0.3395,202.772,0
0.6248,-0.005,3.576410335881519e-06,-1.171,0.3395,202.785,0
0.6261,-0.005,3.576410335881519e-06,-1.171,0.3395,202.771,0
0.6275,-0.005,3.576410335881519e-06,-1.171,0.3395,202.823,0
0.6287,-0.005,3.576410335881519e-06,-1.171,0.3395,202.772,0
0.63,-0.005,3.576410335881519e-06,-1.171,0.3395,202.788,0
0.6312,-0.005,3.576410335881519e-06,-1.171,0.3395,202.81,0
0.6325,-0.005,3.576410335881519e-06,-1.171,0.3395,202.789,0
0.6339,-0.005,3.576410335881519e-06,-1.171,0.3395,202.804,0
0.6352,-0.005,3.576410335881519e-06,-1.171,0.3395,202.805,0
0.6364,-0.005,3.576410335881519e-06,-1.171,0.3395,202.815,0
0.6376,-0.005,3.576410335881519e-06,-1.171,0.3395,202.825,0
0.6389,-0.005,3.576410335881519e-06,-1.171,0.3395,202.793,0
0.6403,-0.005,3.576410335881519e-06,-1.171,0.3395,202.787,0
0.6415,-0.005,3.576410335881519e-06,-1.171,0.3395,202.79,0
0.6428,-0.005,3.576410335881519e-06,-1.171,0.3395,202.81,0
0.6441,-0.005,3.576410335881519e-06,-1.171,0.3395,202.815,0
0.6453,-0.005,3.576410335881519e-06,-1.171,0.3395,202.786,0
0.6465,-0.005,3.576410335881519e-06,-1.171,0.3395,202.76,0
0.6479,-0.005,3.576410335881519e-06,-1.171,0.3395,202.768,0
0.6492,-0.005,3.576410335881519e-06,-1.171,0.3395,202.801,0
0.6504,-0.005,3.576410335881519e-06,-1.171,0.3395,202.804,0
0.6517,-0.005,3.576410335881519e-06,-1.171,0.3395,202.792,0
0.6529,-0.005,3.576410335881519e-06,-1.171,0.3395,202.769,0
0.6542,-0.005,3.576410335881519e-06,-1.171,0.3395,202.8,0
0.6555,-0.005,3.576410335881519e-06,-1.171,0.3395,202.788,0
0.6567,-0.005,3.576410335881519e-06,-1.171,0.3395,202.799,0
0.658,-0.005,3.576410335881519e-06,-1.171,0.3395,202.815,0
0.6593,-0.005,3.576410335881519e-06,-1.171,0.3395,202.788,0
0.6605,-0.005,3.576410335881519e-06,-1.171,0.3395,202.809,0
0.6618,-0.005,3.576410335881519e-06,-1.171,0.3395,202.776,0
0.663,-0.005,3.576410335881519e-06,-1.171,0.3395,202.791,0
0.6643,-0.005,3.576410335881519e-06,-1.171,0.3395,202.825,0
0.6655,-0.005,3.576410335881519e-06,-1.171,0.3395,202.797,0
0.6668,-0.005,3.576410335881519e-06,-1.171,0.3395,202.829,0
0.6681,-0.005,3.576410335881519e-06,-1.171,0.3395,202.784,0
0.6693,-0.005,3.576410335881519e-06,-1.171,0.3395,202.77,0
0.6706,-0.005,3.576410335881519e-06,-1.171,0.3395,202.751,0
0.6718,-0.005,3.576410335881519e-06,-1.171,0.3395,202.768,0
0.673,-0.005,3.576410335881519e-06,-1.171,0.3395,202.811,0
0.6743,-0.005,3.576410335881519e-06,-1.171,0.3395,202.821,0
0.6756,-0.005,3.576410335881519e-06,-1.171,0.3395,202.818,0
0.6769,-0.005,3.576410335881519e-06,-1.171,0.3395,202.775,0
0.6782,-0.005,3.576410335881519e-06,-1.171,0.3395,202.792,0
0.6794,-0.005,3.576410335881519e-06,-1.171,0.3395,202.774,0
0.6807,-0.005,3.576410335881519e-06,-1.171,0.3395,202.852,0
0.682,-0.005,3.576410335881519e-06,-1.171,0.3395,202.821,0
0.6832,-0.005,3.576410335881519e-06,-1.171,0.3395,202.783,0
0.6845,-0.005,3.576410335881519e-06,-1.171,0.3395,202.779,0
0.6859,-0.005,3.576410335881519e-06,-1.171,0.3395,202.78,0
0.6872,-0.005,3.576410335881519e-06,-1.171,0.3395,202.797,0
0.6884,-0.005,3.576410335881519e-06,-1.171,0.3395,202.796,0
0.6897,-0.005,3.576410335881519e-06,-1.171,0.3395,202.776,0
0.691,-0.005,3.576410335881519e-06,-1.171,0.3395,202.782,0
0.6922,-0.005,3.576410335881519e-06,-1.171,0.3395,202.783,0
0.6936,-0.005,3.576410335881519e-06,-1.171,0.3395,202.82,0
0.6948,-0.005,3.576410335881519e-06,-1.171,0.3395,202.806,0
0.6961,-0.005,3.576410335881519e-06,-1.171,0.3395,202.8,0
0.6978,-0.005,3.576410335881519e-06,-1.171,0.3395,202.828,0
0.6991,-0.005,3.576410335881519e-06,-1.171,0.3395,202.783,0
0.7004,-0.005,3.576410335881519e-06,-1.171,0.3395,202.754,0
0.7018,-0.005,3.576410335881519e-06,-1.171,0.3395,202.789,0
0.7029,-0.005,3.576410335881519e-06,-1.171,0.3395,202.832,0
0.7041,-0.005,3.576410335881519e-06,-1.171,0.3395,202.804,0
0.7054,-0.005,3.576410335881519e-06,-1.171,0.3395,202.805,0
0.7068,-0.005,3.576410335881519e-06,-1.171,0.3395,202.8,0
0.708,-0.005,3.576410335881519e-06,-1.171,0.3395,202.771,0
0.7093,-0.005,3.576410335881519e-06,-1.171,0.3395,202.827,0
0.7105,-0.005,3.576410335881519e-06,-1.171,0.3395,202.804,0
0.7117,-0.005,3.576410335881519e-06,-1.171,0.3395,202.788,0
0.713,-0.005,3.576410335881519e-06,-1.171,0.3395,202.809,0
0.7142,-0.005,3.576410335881519e-06,-1.171,0.3395,202.781,0
0.7154,-0.005,3.576410335881519e-06,-1.171,0.3395,202.811,0
0.7167,-0.005,3.576410335881519e-06,-1.171,0.3395,202.795,0
0.718,-0.005,3.576410335881519e-06,-1.171,0.3395,202.795,0
0.7192,-0.005,3.576410335881519e-06,-1.171,0.3395,202.784,0
0.7205,-0.005,3.576410335881519e-06,-1.171,0.3395,202.825,0
0.7217,-0.005,3.576410335881519e-06,-1.171,0.3395,202.775,0
0.723,-0.005,3.576410335881519e-06,-1.171,0.3395,202.81,0
0.7242,-0.005,3.576410335881519e-06,-1.171,0.3395,202.779,0
0.7254,-0.005,3.576410335881519e-06,-1.171,0.3395,202.791,0
0.7267,-0.005,3.576410335881519e-06,-1.171,0.3395,202.798,0
0.728,-0.005,3.576410335881519e-06,-1.171,0.3395,202.794,0
0.7292,-0.005,3.576410335881519e-06,-1.171,0.3395,202.788,0
0.7306,-0.005,3.576410335881519e-06,-1.171,0.3395,202.802,0
0.7318,-0.005,3.576410335881519e-06,-1.171,0.3395,202.787,0
0.7331,-0.005,3.576410335881519e-06,-1.171,0.3395,202.776,0
0.7344,-0.005,3.576410335881519e-06,-1.171,0.3395,202.757,0
0.7356,-0.005,3.576410335881519e-06,-1.171,0.3395,202.791,0
0.7369,-0.005,3.576410335881519e-06,-1.171,0.3395,202.819,0
0.7382,-0.005,3.576410335881519e-06,-1.171,0.3395,202.731,0
0.7396,-0.005,3.576410335881519e-06,-1.171,0.3395,202.793,0
0.7409,-0.005,3.576410335881519e-06,-1.171,0.3395,202.805,0
0.7422,-0.005,3.576410335881519e-06,-1.171,0.3395,202.819,0
0.7437,-0.005,3.576410335881519e-06,-1.171,0.3395,202.816,0
0.745,-0.005,3.576410335881519e-06,-1.171,0.3395,202.808,0
0.7463,-0.005,3.576410335881519e-06,-1.171,0.3395,202.787,0
0.7476,-0.005,3.576410335881519e-06,-1.171,0.3395,202.784,0
0.7489,-0.005,3.576410335881519e-06,-1.171,0.3395,202.792,0
0.7502,-0.005,3.576410335881519e-06,-1.171,0.3395,202.801,0
0.7514,-0.005,3.576410335881519e-06,-1.171,0.3395,202.782,0
0.7527,-0.005,3.576410335881519e-06,-1.171,0.3395,202.79,0
0.754,-0.005,3.576410335881519e-06,-1.171,0.3395,202.797,0
0.7552,-0.005,3.576410335881519e-06,-1.171,0.3395,202.804,0
0.7564,-0.005,3.576410335881519e-06,-1.171,0.3395,202.791,0
0.7577,-0.005,3.576410335881519e-06,-1.171,0.3395,202.797,0
0.7589,-0.005,3.576410335881519e-06,-1.171,0.3395,202.8,0
0.7602,-0.005,3.576410335881519e-06,-1.171,0.3395,202.785,0
0.7614,-0.005,3.576410335881519e-06,-1.171,0.3395,202.819,0
0.7627,-0.005,3.576410335881519e-06,-1.171,0.3395,202.796,0
0.7642,-0.005,3.576410335881519e-06,-1.171,0.3395,202.784,0
0.7655,-0.005,3.576410335881519e-06,-1.171,0.3395,202.814,0
0.7667,-0.005,3.576410335881519e-06,-1.171,0.3395,202.806,0
0.768,-0.005,3.576410335881519e-06,-1.171,0.3395,202.824,0
0.7693,-0.005,3.576410335881519e-06,-1.171,0.3395,202.764,0
0.7705,-0.005,3.576410335881519e-06,-1.171,0.3395,202.787,0
0.772,-0.005,3.576410335881519e-06,-1.171,0.3395,202.774,0
0.7733,-0.005,3.576410335881519e-06,-1.171,0.3395,202.77,0
0.7745,-0.005,3.576410335881519e-06,-1.171,0.3395,202.819,0
0.7759,-0.005,3.576410335881519e-06,-1.171,0.3395,202.789,0
0.7772,-0.005,3.576410335881519e-06,-1.171,0.3395,202.803,0
0.7784,-0.005,3.576410335881519e-06,-1.171,0.3395,202.777,0
0.7798,-0.005,3.576410335881519e-06,-1.171,0.3395,202.793,0
0.7811,-0.005,3.576410335881519e-06,-1.171,0.3395,202.782,0
0.7824,-0.005,3.576410335881519e-06,-1.171,0.3395,202.772,0
0.7839,-0.005,3.576410335881519e-06,-1.171,0.3395,202.797,0
0.7851,-0.005,3.576410335881519e-06,-1.171,0.3395,202.765,0
0.7864,-0.005,3.576410335881519e-06,-1.171,0.3395,202.776,0
0.7878,-0.005,3.576410335881519e-06,-1.171,0.3395,202.789,0
0.7892,-0.005,3.576410335881519e-06,-1.171,0.3395,202.789,0
0.7907,-0.005,3.576410335881519e-06,-1.171,0.3395,202.737,0
0.792,-0.005,3.576410335881519e-06,-1.171,0.3395,202.826,0
0.7933,-0.005,3.576410335881519e-06,-1.171,0.3395,202.798,0
0.7946,-0.005,3.576410335881519e-06,-1.171,0.3395,202.786,0
0.7959,-0.005,3.576410335881519e-06,-1.171,0.3395,202.803,0
0.7971,-0.005,3.576410335881519e-06,-1.171,0.3395,202.788,0
0.7983,-0.005,3.576410335881519e-06,-1.171,0.3395,202.813,0
0.7996,-0.005,3.576410335881519e-06,-1.171,0.3395,202.81,0
0.8008,-0.005,3.576410335881519e-06,-1.171,0.3395,202.764,0
0.8021,-0.005,3.576410335881519e-06,-1.171,0.3395,202.781,0
0.8034,-0.005,3.576410335881519e-06,-1.171,0.3395,202.788,0
0.8047,-0.005,3.576410335881519e-06,-1.171,0.3395,202.8,0
0.806,-0.005,3.576410335881519e-06,-1.171,0.3395,202.814,0
0.8072,-0.005,3.576410335881519e-06,-1.171,0.3395,202.793,0
0.8085,-0.005,3.576410335881519e-06,-1.171,0.3395,202.796,0
0.81,-0.005,3.576410335881519e-06,-1.171,0.3395,202.768,0
0.8113,-0.005,3.576410335881519e-06,-1.171,0.3395,202.822,0
0.8125,-0.005,3.576410335881519e-06,-1.171,0.3395,202.774,0
0.8142,-0.005,3.576410335881519e-06,-1.171,0.3395,202.815,0
0.8156,-0.005,3.576410335881519e-06,-1.171,0.3395,202.787,0
0.8168,-0.005,3.576410335881519e-06,-1.171,0.3395,202.797,0
0.8181,-0.005,3.576410335881519e-06,-1.171,0.3395,202.792,0
0.8194,-0.005,3.576410335881519e-06,-1.171,0.3395,202.814,0
0.8207,-0.005,3.576410335881519e-06,-1.171,0.3395,202.795,0
0.8221,-0.005,3.576410335881519e-06,-1.171,0.3395,202.81,0
0.8235,-0.005,3.576410335881519e-06,-1.171,0.3395,202.829,0
0.8247,-0.005,3.576410335881519e-06,-1.171,0.3395,202.769,0
0.826,-0.005,3.576410335881519e-06,-1.171,0.3395,202.814,0
0.8273,-0.005,3.576410335881519e-06,-1.171,0.3395,202.778,0
0.8285,-0.005,3.576410335881519e-06,-1.171,0.3395,202.828,0
0.8299,-0.005,3.576410335881519e-06,-1.171,0.3395,202.777,0
0.8312,-0.005,3.576410335881519e-06,-1.171,0.3395,202.798,0
0.8324,-0.005,3.576410335881519e-06,-1.171,0.3395,202.789,0
0.834,-0.005,3.576410335881519e-06,-1.171,0.3395,202.79,0
0.8352,-0.005,3.576410335881519e-06,-1.171,0.3395,202.797,0
0.8365,-0.005,3.576410335881519e-06,-1.171,0.3395,202.779,0
0.8377,-0.005,3.576410335881519e-06,-1.171,0.3395,202.805,0
0.8391,-0.005,3.576410335881519e-06,-1.171,0.3395,202.8,0
0.8405,-0.005,3.576410335881519e-06,-1.171,0.3395,202.788,0
0.8419,-0.005,3.576410335881519e-06,-1.171,0.3395,202.796,0
0.8432,-0.005,3.576410335881519e-06,-1.171,0.3395,202.789,0
0.8445,-0.005,3.576410335881519e-06,-1.171,0.3395,202.817,0
0.8458,-0.005,3.576410335881519e-06,-1.171,0.3395,202.764,0
0.8471,-0.005,3.576410335881519e-06,-1.171,0.3395,202.828,0
0.8485,-0.005,3.576410335881519e-06,-1.171,0.3395,202.782,0
0.8498,-0.005,3.576410335881519e-06,-1.171,0.3395,202.806,0
0.851,-0.005,3.576410335881519e-06,-1.171,0.3395,202.803,0
0.8523,-0.005,3.576410335881519e-06,-1.171,0.3395,202.795,0
0.8535,-0.005,3.576410335881519e-06,-1.171,0.3395,202.799,0
0.8548,-0.005,3.576410335881519e-06,-1.171,0.3395,202.774,0
0.8561,-0.005,3.576410335881519e-06,-1.171,0.3395,202.838,0
0.8573,-0.005,3.576410335881519e-06,-1.171,0.3395,202.758,0
0.8586,-0.005,3.576410335881519e-06,-1.171,0.3395,202.772,0
0.8599,-0.005,3.576410335881519e-06,-1.171,0.3395,202.809,0
0.8612,-0.005,3.576410335881519e-06,-1.171,0.3395,202.754,0
0.8624,-0.005,3.576410335881519e-06,-1.171,0.3395,202.814,0
0.8638,-0.005,3.576410335881519e-06,-1.171,0.3395,202.818,0
0.8651,-0.005,3.576410335881519e-06,-1.171,0.3395,202.812,0
0.8664,-0.005,3.576410335881519e-06,-1.171,0.3395,202.796,0
0.8677,-0.005,3.576410335881519e-06,-1.171,0.3395,202.789,0
0.869,-0.005,3.576410335881519e-06,-1.171,0.3395,202.82,0
0.8703,-0.005,3.576410335881519e-06,-1.171,0.3395,202.776,0
0.8716,-0.005,3.576410335881519e-06,-1.171,0.3395,202.798,0
0.8729,-0.005,3.576410335881519e-06,-1.171,0.3395,202.815,0
0.8742,-0.005,3.576410335881519e-06,-1.171,0.3395,202.803,0
0.8755,-0.005,3.576410335881519e-06,-1.171,0.3395,202.813,0
0.8768,-0.005,3.576410335881519e-06,-1.171,0.3395,202.805,0
0.8781,-0.005,3.576410335881519e-06,-1.171,0.3395,202.786,0
0.8793,-0.005,3.576410335881519e-06,-1.171,0.3395,202.797,0
0.8807,-0.005,3.576410335881519e-06,-1.171,0.3395,202.759,0
0.8821,-0.005,3.576410335881519e-06,-1.171,0.3395,202.802,0
0.8833,-0.005,3.576410335881519e-06,-1.171,0.3395,202.807,0
0.8845,-0.005,3.576410335881519e-06,-1.171,0.3395,202.81,0
0.8858,-0.005,3.576410335881519e-06,-1.171,0.3395,202.782,0
0.887,-0.005,3.576410335881519e-06,-1.171,0.3395,202.823,0
0.8883,-0.005,3.576410335881519e-06,-1.171,0.3395,202.819,0
0.8896,-0.005,3.576410335881519e-06,-1.171,0.3395,202.823,0
0.8911,-0.005,3.576410335881519e-06,-1.171,0.3395,202.823,0
0.8923,-0.005,3.576410335881519e-06,-1.171,0.3395,202.793,0
0.8936,-0.005,3.576410335881519e-06,-1.171,0.3395,202.767,0
0.8949,-0.005,3.576410335881519e-06,-1.171,0.3395,202.814,0
0.8961,-0.005,3.576410335881519e-06,-1.171,0.3395,202.764,0
0.8974,-0.005,3.576410335881519e-06,-1.171,0.3395,202.801,0
0.8987,-0.005,3.576410335881519e-06,-1.171,0.3395,202.794,0
0.8999,-0.005,3.576410335881519e-06,-1.171,0.3395,202.76,0
0.9011,-0.005,3.576410335881519e-06,-1.171,0.3395,202.821,0
0.9023,-0.005,3.576410335881519e-06,-1.171,0.3395,202.761,0
0.9036,-0.005,3.576410335881519e-06,-1.171,0.3395,202.8,0
0.9048,-0.005,3.576410335881519e-06,-1.171,0.3395,202.83,0
0.9062,-0.005,3.576410335881519e-06,-1.171,0.3395,202.797,0
0.9075,-0.005,3.576410335881519e-06,-1.171,0.3395,202.808,0
0.9087,-0.005,3.576410335881519e-06,-1.171,0.3395,202.798,0
0.91,-0.005,3.576410335881519e-06,-1.171,0.3395,202.762,0
0.9113,-0.005,3.576410335881519e-06,-1.171,0.3395,202.818,0
0.9125,-0.005,3.576410335881519e-06,-1.171,0.3395,202.808,0
0.9138,-0.005,3.576410335881519e-06,-1.171,0.3395,202.812,0
0.9151,-0.005,3.576410335881519e-06,-1.171,0.3395,202.789,0
0.9163,-0.005,3.576410335881519e-06,-1.171,0.3395,202.824,0
0.9175,-0.005,3.576410335881519e-06,-1.171,0.3395,202.792,0
0.9187,-0.005,3.576410335881519e-06,-1.171,0.3395,202.83,0
0.92,-0.005,3.576410335881519e-06,-1.171,0.3395,202.815,0
0.9212,-0.005,3.576410335881519e-06,-1.171,0.3395,202.805,0
0.9225,-0.005,3.576410335881519e-06,-1.171,0.3395,202.781,0
0.9237,-0.005,3.576410335881519e-06,-1.171,0.3395,202.79,0
0.925,-0.005,3.576410335881519e-06,-1.171,0.3395,202.781,0
0.9262,-0.005,3.576410335881519e-06,-1.171,0.3395,202.792,0
0.9274,-0.005,3.576410335881519e-06,-1.171,0.3395,202.773,0
0.9287,-0.005,3.576410335881519e-06,-1.171,0.3395,202.795,0
0.93,-0.005,3.576410335881519e-06,-1.171,0.3395,202.795,0
0.9312,-0.005,3.576410335881519e-06,-1.171,0.3395,202.802,0
0.9324,-0.005,3.576410335881519e-06,-1.171,0.3395,202.799,0
0.9336,-0.005,3.576410335881519e-06,-1.171,0.3395,202.793,0
0.9348,-0.005,3.576410335881519e-06,-1.171,0.3395,202.804,0
0.9361,-0.005,3.576410335881519e-06,-1.171,0.3395,202.815,0
0.9373,-0.005,3.576410335881519e-06,-1.171,0.3395,202.811,0
0.9385,-0.005,3.576410335881519e-06,-1.171,0.3395,202.801,0
0.9397,-0.005,3.576410335881519e-06,-1.171,0.3395,202.814,0
0.9409,-0.005,3.576410335881519e-06,-1.171,0.3395,202.769,0
0.9422,-0.005,3.576410335881519e-06,-1.171,0.3395,202.783,0
0.9434,-0.005,3.576410335881519e-06,-1.171,0.3395,202.82,0
0.9447,-0.005,3.576410335881519e-06,-1.171,0.3395,202.791,0
0.9461,-0.005,3.576410335881519e-06,-1.171,0.3395,202.804,0
0.9474,-0.005,3.576410335881519e-06,-1.171,0.3395,202.782,0
0.9486,-0.005,3.576410335881519e-06,-1.171,0.3395,202.79,0
0.9498,-0.005,3.576410335881519e-06,-1.171,0.3395,202.8,0
0.9511,-0.005,3.576410335881519e-06,-1.171,0.3395,202.788,0
0.9524,-0.005,3.576410335881519e-06,-1.171,0.3395,202.8,0
0.9538,-0.005,3.576410335881519e-06,-1.171,0.3395,202.769,0
0.9551,-0.005,3.576410335881519e-06,-1.171,0.3395,202.82,0
0.9564,-0.005,3.576410335881519e-06,-1.171,0.3395,202.841,0
0.9577,-0.005,3.576410335881519e-06,-1.171,0.3395,202.776,0
0.9591,-0.005,3.576410335881519e-06,-1.171,0.3395,202.777,0
0.9604,-0.005,3.576410335881519e-06,-1.171,0.3395,202.823,0
0.9617,-0.005,3.576410335881519e-06,-1.171,0.3395,202.81,0
0.963,-0.005,3.576410335881519e-06,-1.171,0.3395,202.786,0
0.9644,-0.005,3.576410335881519e-06,-1.171,0.3395,202.783,0
0.9657,-0.005,3.576410335881519e-06,-1.171,0.3395,202.764,0
0.967,-0.005,3.576410335881519e-06,-1.171,0.3395,202.8,0
0.9683,-0.005,3.576410335881519e-06,-1.171,0.3395,202.824,0
0.9696,-0.005,3.576410335881519e-06,-1.171,0.3395,202.786,0
0.9708,-0.005,3.576410335881519e-06,-1.171,0.3395,202.761,0
0.9722,-0.005,3.576410335881519e-06,-1.171,0.3395,202.836,0
0.9735,-0.005,3.576410335881519e-06,-1.171,0.3395,202.8,0
0.9747,-0.005,3.576410335881519e-06,-1.171,0.3395,202.795,0
0.976,-0.005,3.576410335881519e-06,-1.171,0.3395,202.773,0
0.9773,-0.005,3.576410335881519e-06,-1.171,0.3395,202.8,0
0.9785,-0.005,3.576410335881519e-06,-1.171,0.3395,202.795,0
0.9799,-0.005,3.576410335881519e-06,-1.171,0.3395,202.754,0
0.9812,-0.005,3.576410335881519e-06,-1.171,0.3395,202.797,0
0.9825,-0.005,3.576410335881519e-06,-1.171,0.3395,202.774,0
0.9838,-0.005,3.576410335881519e-06,-1.171,0.3395,202.837,0
0.9851,-0.005,3.576410335881519e-06,-1.171,0.3395,202.774,0
0.9863,-0.005,3.576410335881519e-06,-1.171,0.3395,202.8,0
0.9876,-0.005,3.576410335881519e-06,-1.171,0.3395,202.794,0
0.9889,-0.005,3.576410335881519e-06,-1.171,0.3395,202.798,0
0.9902,-0.005,3.576410335881519e-06,-1.171,0.3395,202.795,0
0.9914,-0.005,3.576410335881519e-06,-1.171,0.3395,202.78,0
0.9927,-0.005,3.576410335881519e-06,-1.171,0.3395,202.794,0
0.994,-0.005,3.576410335881519e-06,-1.171,0.3395,202.804,0
0.9952,-0.005,3.576410335881519e-06,-1.171,0.3395,202.755,0
0.9964,-0.005,3.576410335881519e-06,-1.171,0.3395,202.779,0
0.9977,-0.005,3.576410335881519e-06,-1.171,0.3395,202.781,0
0.999,-0.005,3.576410335881519e-06,-1.171,0.3395,202.777,0
1.0002,-0.005,3.576410335881519e-06,-1.171,0.3395,202.808,0
1.0014,-0.005,3.576410335881519e-06,-1.171,0.3395,202.766,0
1.0027,-0.005,3.576410335881519e-06,-1.171,0.3395,202.815,0
1.004,-0.005,3.576410335881519e-06,-1.171,0.3395,202.826,0
1.0053,-0.005,3.576410335881519e-06,-1.171,0.3395,202.78,0
1.0066,-0.005,3.576410335881519e-06,-1.171,0.3395,202.776,0
1.0078,-0.005,3.576410335881519e-06,-1.171,0.3395,202.812,0
1.009,-0.005,3.576410335881519e-06,-1.171,0.3395,202.774,0
1.0103,-0.005,3.576410335881519e-06,-1.171,0.3395,202.833,0
1.0115,-0.005,3.576410335881519e-06,-1.171,0.3395,202.779,0
1.0129,-0.005,3.576410335881519e-06,-1.171,0.3395,202.756,0
1.0141,-0.005,3.576410335881519e-06,-1.171,0.3395,202.807,0
1.0154,-0.005,3.576410335881519e-06,-1.171,0.3395,202.795,0
1.0166,-0.005,3.576410335881519e-06,-1.171,0.3395,202.79,0
1.018,-0.005,3.576410335881519e-06,-1.171,0.3395,202.82,0
1.0193,-0.005,3.576410335881519e-06,-1.171,0.3395,202.815,0
1.0206,-0.005,3.576410335881519e-06,-1.171,0.3395,202.803,0
1.0218,-0.005,3.576410335881519e-06,-1.171,0.3395,202.785,0
1.023,-0.005,3.576410335881519e-06,-1.171,0.3395,202.797,0
1.0245,-0.005,3.576410335881519e-06,-1.171,0.3395,202.79,0
1.0258,-0.005,3.576410335881519e-06,-1.171,0.3395,202.772,0
1.0271,-0.005,3.576410335881519e-06,-1.171,0.3395,202.823,0
1.0283,-0.005,3.576410335881519e-06,-1.171,0.3395,202.747,0
1.0296,-0.005,3.576410335881519e-06,-1.171,0.3395,202.817,0
1.0309,-0.005,3.576410335881519e-06,-1.171,0.3395,202.797,0
1.0322,-0.005,3.576410335881519e-06,-1.171,0.3395,202.799,0
1.0334,-0.005,3.576410335881519e-06,-1.171,0.3395,202.805,0
1.0347,-0.005,3.576410335881519e-06,-1.171,0.3395,202.78,0
1.036,-0.005,3.576410335881519e-06,-1.171,0.3395,202.822,0
1.0373,-0.005,3.576410335881519e-06,-1.171,0.3395,202.798,0
1.0386,-0.005,3.576410335881519e-06,-1.171,0.3395,202.809,0
1.0399,-0.005,3.576410335881519e-06,-1.171,0.3395,202.766,0
1.0412,-0.005,3.576410335881519e-06,-1.171,0.3395,202.787,0
1.0425,-0.005,3.576410335881519e-06,-1.171,0.3395,202.773,0
1.0438,-0.005,3.576410335881519e-06,-1.171,0.3395,202.785,0
1.045,-0.005,3.576410335881519e-06,-1.171,0.3395,202.767,0
1.0463,-0.005,3.576410335881519e-06,-1.171,0.3395,202.813,0
1.0475,-0.005,3.576410335881519e-06,-1.171,0.3395,202.788,0
1.0489,-0.005,3.576410335881519e-06,-1.171,0.3395,202.793,0
1.0501,-0.005,3.576410335881519e-06,-1.171,0.3395,202.764,0
1.0513,-0.005,3.576410335881519e-06,-1.171,0.3395,202.806,0
1.0526,-0.005,3.576410335881519e-06,-1.171,0.3395,202.805,0
1.0539,-0.005,3.576410335881519e-06,-1.171,0.3395,202.765,0
1.0551,-0.005,3.576410335881519e-06,-1.171,0.3395,202.766,0
1.0564,-0.005,3.576410335881519e-06,-1.171,0.3395,202.833,0
1.0577,-0.005,3.576410335881519e-06,-1.171,0.3395,202.81,0
1.059,-0.005,3.576410335881519e-06,-1.171,0.3395,202.81,0
1.0603,-0.005,3.576410335881519e-06,-1.171,0.3395,202.784,0
1.0616,-0.005,3.576410335881519e-06,-1.171,0.3395,202.792,0
1.0629,-0.005,3.576410335881519e-06,-1.171,0.3395,202.787,0
1.0641,-0.005,3.576410335881519e-06,-1.171,0.3395,202.772,0
1.0654,-0.005,3.576410335881519e-06,-1.171,0.3395,202.81,0
1.0668,-0.005,3.576410335881519e-06,-1.171,0.3395,202.791,0
1.068,-0.005,3.576410335881519e-06,-1.171,0.3395,202.803,0
1.0693,-0.005,3.576410335881519e-06,-1.171,0.3395,202.796,0
1.0706,-0.005,3.576410335881519e-06,-1.171,0.3395,202.807,0
1.0718,-0.005,3.576410335881519e-06,-1.171,0.3395,202.799,0
1.0731,-0.005,3.576410335881519e-06,-1.171,0.3395,202.797,0
1.0744,-0.005,3.576410335881519e-06,-1.171,0.3395,202.78,0
1.0757,-0.005,3.576410335881519e-06,-1.171,0.3395,202.798,0
1.0771,-0.005,3.576410335881519e-06,-1.171,0.3395,202.788,0
1.0784,-0.005,3.576410335881519e-06,-1.171,0.3395,202.802,0
1.0797,-0.005,3.576410335881519e-06,-1.171,0.3395,202.804,0
1.0811,-0.005,3.576410335881519e-06,-1.171,0.3395,202.777,0
1.0824,-0.005,3.576410335881519e-06,-1.171,0.3395,202.787,0
1.0836,-0.005,3.576410335881519e-06,-1.171,0.3395,202.812,0
1.0849,-0.005,3.576410335881519e-06,-1.171,0.3395,202.812,0
1.0861,-0.005,3.576410335881519e-06,-1.171,0.3395,202.795,0
1.0873,-0.005,3.576410335881519e-06,-1.171,0.3395,202.805,0
1.0886,-0.005,3.576410335881519e-06,-1.171,0.3395,202.831,0
1.09,-0.005,3.576410335881519e-06,-1.171,0.3395,202.792,0
1.0913,-0.005,3.576410335881519e-06,-1.171,0.3395,202.794,0
1.0926,-0.005,3.576410335881519e-06,-1.171,0.3395,202.769,0
1.0938,-0.005,3.576410335881519e-06,-1.171,0.3395,202.807,0
1.095,-0.005,3.576410335881519e-06,-1.171,0.3395,202.799,0
1.0963,-0.005,3.576410335881519e-06,-1.171,0.3395,202.809,0
1.0976,-0.005,3.576410335881519e-06,-1.171,0.3395,202.802,0
1.0989,-0.005,3.576410335881519e-06,-1.171,0.3395,202.788,0
1.1002,-0.005,3.576410335881519e-06,-1.171,0.3395,202.823,0
1.1014,-0.005,3.576410335881519e-06,-1.171,0.3395,202.805,0
1.1028,-0.005,3.576410335881519e-06,-1.171,0.3395,202.783,0
1.104,-0.005,3.576410335881519e-06,-1.171,0.3395,202.829,0
1.1053,-0.005,3.576410335881519e-06,-1.171,0.3395,202.791,0
1.1065,-0.005,3.576410335881519e-06,-1.171,0.3395,202.801,0
1.1078,-0.005,3.576410335881519e-06,-1.171,0.3395,202.793,0
1.1091,-0.005,3.576410335881519e-06,-1.171,0.3395,202.774,0
1.1103,-0.005,3.576410335881519e-06,-1.171,0.3395,202.814,0
1.1116,-0.005,3.576410335881519e-06,-1.171,0.3395,202.809,0
1.1129,-0.005,3.576410335881519e-06,-1.171,0.3395,202.76,0
1.1141,-0.005,3.576410335881519e-06,-1.171,0.3395,202.77,0
1.1154,-0.005,3.576410335881519e-06,-1.171,0.3395,202.766,0
1.1168,-0.005,3.576410335881519e-06,-1.171,0.3395,202.783,0
1.118,-0.005,3.576410335881519e-06,-1.171,0.3395,202.796,0
1.1192,-0.005,3.576410335881519e-06,-1.171,0.3395,202.765,0
1.1204,-0.005,3.576410335881519e-06,-1.171,0.3395,202.797,0
1.1217,-0.005,3.576410335881519e-06,-1.171,0.3395,202.791,0
1.1229,-0.005,3.576410335881519e-06,-1.171,0.3395,202.807,0
1.1242,-0.005,3.576410335881519e-06,-1.171,0.3395,202.788,0
1.1254,-0.005,3.576410335881519e-06,-1.171,0.3395,202.821,0
1.1268,-0.005,3.576410335881519e-06,-1.171,0.3395,202.804,0
1.128,-0.005,3.576410335881519e-06,-1.171,0.3395,202.822,0
1.1293,-0.005,3.576410335881519e-06,-1.171,0.3395,202.777,0
1.1305,-0.005,3.576410335881519e-06,-1.171,0.3395,202.793,0
1.1319,-0.005,3.576410335881519e-06,-1.171,0.3395,202.793,0
1.1331,-0.005,3.576410335881519e-06,-1.171,0.3395,202.791,0
1.1344,-0.005,3.576410335881519e-06,-1.171,0.3395,202.811,0
1.1358,-0.005,3.576410335881519e-06,-1.171,0.3395,202.791,0
1.137,-0.005,3.576410335881519e-06,-1.171,0.3395,202.8,0
1.1382,-0.005,3.576410335881519e-06,-1.171,0.3395,202.772,0
1.1395,-0.005,3.576410335881519e-06,-1.171,0.3395,202.792,0
1.1409,-0.005,3.576410335881519e-06,-1.171,0.3395,202.808,0
1.1422,-0.005,3.576410335881519e-06,-1.171,0.3395,202.797,0
1.1435,-0.005,3.576410335881519e-06,-1.171,0.3395,202.782,0
1.145,-0.005,3.576410335881519e-06,-1.171,0.3395,202.811,0
1.1463,-0.005,3.576410335881519e-06,-1.171,0.3395,202.769,0
1.1477,-0.005,3.576410335881519e-06,-1.171,0.3395,202.82,0
1.149,-0.005,3.576410335881519e-06,-1.171,0.3395,202.808,0
1.1503,-0.005,3.576410335881519e-06,-1.171,0.3395,202.789,0
1.1516,-0.005,3.576410335881519e-06,-1.171,0.3395,202.813,0
1.1529,-0.005,3.576410335881519e-06,-1.171,0.3395,202.79,0
1.1542,-0.005,3.576410335881519e-06,-1.171,0.3395,202.813,0
1.1555,-0.005,3.576410335881519e-06,-1.171,0.3395,202.829,0
1.1568,-0.005,3.576410335881519e-06,-1.171,0.3395,202.789,0
1.158,-0.005,3.576410335881519e-06,-1.171,0.3395,202.773,0
1.1592,-0.005,3.576410335881519e-06,-1.171,0.3395,202.836,0
1.1605,-0.005,3.576410335881519e-06,-1.171,0.3395,202.784,0
1.1618,-0.005,3.576410335881519e-06,-1.171,0.3395,202.779,0
1.163,-0.005,3.576410335881519e-06,-1.171,0.3395,202.793,0
1.1642,-0.005,3.576410335881519e-06,-1.171,0.3395,202.808,0
1.1654,-0.005,3.576410335881519e-06,-1.171,0.3395,202.829,0
1.1667,-0.005,3.576410335881519e-06,-1.171,0.3395,202.829,0
1.1679,-0.005,3.576410335881519e-06,-1.171,0.3395,202.78,0
1.1692,-0.005,3.576410335881519e-06,-1.171,0.3395,202.792,0
1.1704,-0.005,3.576410335881519e-06,-1.171,0.3395,202.811,0
1.1716,-0.005,3.576410335881519e-06,-1.171,0.3395,202.792,0
1.1729,-0.005,3.576410335881519e-06,-1.171,0.3395,202.825,0
1.1742,-0.005,3.576410335881519e-06,-1.171,0.3395,202.762,0
1.1754,-0.005,3.576410335881519e-06,-1.171,0.3395,202.798,0
1.1768,-0.005,3.576410335881519e-06,-1.171,0.3395,202.784,0
1.178,-0.005,3.576410335881519e-06,-1.171,0.3395,202.805,0
1.1792,-0.005,3.576410335881519e-06,-1.171,0.3395,202.821,0
1.1806,-0.005,3.576410335881519e-06,-1.171,0.3395,202.821,0
1.1819,-0.005,3.576410335881519e-06,-1.171,0.3395,202.807,0
1.1832,-0.005,3.576410335881519e-06,-1.171,0.3395,202.785,0
1.1845,-0.005,3.576410335881519e-06,-1.171,0.3395,202.783,0
1.1857,-0.005,3.576410335881519e-06,-1.171,0.3395,202.791,0
1.187,-0.005,3.576410335881519e-06,-1.171,0.3395,202.789,0
1.1882,-0.005,3.576410335881519e-06,-1.171,0.3395,202.792,0
1.1896,-0.005,3.576410335881519e-06,-1.171,0.3395,202.82,0
1.1909,-0.005,3.576410335881519e-06,-1.171,0.3395,202.775,0
1.1921,-0.005,3.576410335881519e-06,-1.171,0.3395,202.783,0
1.1933,-0.005,3.576410335881519e-06,-1.171,0.3395,202.776,0
1.1945,-0.005,3.576410335881519e-06,-1.171,0.3395,202.785,0
1.1958,-0.005,3.576410335881519e-06,-1.171,0.3395,202.817,0
1.1972,-0.005,3.576410335881519e-06,-1.171,0.3395,202.794,0
1.1984,-0.005,3.576410335881519e-06,-1.171,0.3395,202.813,0
1.1995,-0.005,3.576410335881519e-06,-1.171,0.3395,202.805,0
1.2009,-0.005,3.576410335881519e-06,-1.171,0.3395,202.796,0
1.2021,-0.005,3.576410335881519e-06,-1.171,0.3395,202.822,0
1.2034,-0.005,3.576410335881519e-06,-1.171,0.3395,202.796,0
1.2046,-0.005,3.576410335881519e-06,-1.171,0.3395,202.786,0
1.2059,-0.005,3.576410335881519e-06,-1.171,0.3395,202.801,0
1.2071,-0.005,3.576410335881519e-06,-1.171,0.3395,202.753,0
1.2083,-0.005,3.576410335881519e-06,-1.171,0.3395,202.787,0
1.2096,-0.005,3.576410335881519e-06,-1.171,0.3395,202.799,0
1.2108,-0.005,3.576410335881519e-06,-1.171,0.3395,202.782,0
1.212,-0.005,3.576410335881519e-06,-1.171,0.3395,202.795,0
1.2132,-0.005,3.576410335881519e-06,-1.171,0.3395,202.789,0
1.2145,-0.005,3.576410335881519e-06,-1.171,0.3395,202.803,0
1.2158,-0.005,3.576410335881519e-06,-1.171,0.3395,202.771,0
1.2169,-0.005,3.576410335881519e-06,-1.171,0.3395,202.807,0
1.2181,-0.005,3.576410335881519e-06,-1.171,0.3395,202.783,0
1.2193,-0.005,3.576410335881519e-06,-1.171,0.3395,202.793,0
1.2206,-0.005,3.576410335881519e-06,-1.171,0.3395,202.793,0
1.2218,-0.005,3.576410335881519e-06,-1.171,0.3395,202.783,0
1.2231,-0.005,3.576410335881519e-06,-1.171,0.3395,202.813,0
1.2244,-0.005,3.576410335881519e-06,-1.171,0.3395,202.809,0
1.2256,-0.005,3.576410335881519e-06,-1.171,0.3395,202.808,0
1.2269,-0.005,3.576410335881519e-06,-1.171,0.3395,202.764,0
1.2281,-0.005,3.576410335881519e-06,-1.171,0.3395,202.814,0
1.2293,-0.005,3.576410335881519e-06,-1.171,0.3395,202.793,0
1.2306,-0.005,3.576410335881519e-06,-1.171,0.3395,202.8,0
1.2319,-0.005,3.576410335881519e-06,-1.171,0.3395,202.808,0
1.2331,-0.005,3.576410335881519e-06,-1.171,0.3395,202.78,0
1.2344,-0.005,3.576410335881519e-06,-1.171,0.3395,202.825,0
1.2357,-0.005,3.576410335881519e-06,-1.171,0.3395,202.777,0
1.2369,-0.005,3.576410335881519e-06,-1.171,0.3395,202.815,0
1.2382,-0.005,3.576410335881519e-06,-1.171,0.3395,202.824,0
1.2395,-0.005,3.576410335881519e-06,-1.171,0.3395,202.807,0
1.2407,-0.005,3.576410335881519e-06,-1.171,0.3395,202.782,0
1.2419,-0.005,3.576410335881519e-06,-1.171,0.3395,202.8,0
1.2431,-0.005,3.576410335881519e-06,-1.171,0.3395,202.76,0
1.2444,-0.005,3.576410335881519e-06,-1.171,0.3395,202.801,0
1.2457,-0.005,3.576410335881519e-06,-1.171,0.3395,202.774,0
1.2469,-0.005,3.576410335881519e-06,-1.171,0.3395,202.793,0
1.2482,-0.005,3.576410335881519e-06,-1.171,0.3395,202.819,0
1.2494,-0.005,3.576410335881519e-06,-1.171,0.3395,202.771,0
1.2507,-0.005,3.576410335881519e-06,-1.171,0.3395,202.793,0
1.252,-0.005,3.576410335881519e-06,-1.171,0.3395,202.811,0
1.2532,-0.005,3.576410335881519e-06,-1.171,0.3395,202.782,0
1.2544,-0.005,3.576410335881519e-06,-1.171,0.3395,202.784,0
1.2557,-0.005,3.576410335881519e-06,-1.171,0.3395,202.795,0
1.257,-0.005,3.576410335881519e-06,-1.171,0.3395,202.769,0
1.2582,-0.005,3.576410335881519e-06,-1.171,0.3395,202.783,0
1.2595,-0.005,3.576410335881519e-06,-1.171,0.3395,202.795,0
1.2607,-0.005,3.576410335881519e-06,-1.171,0.3395,202.797,0
1.2619,-0.005,3.576410335881519e-06,-1.171,0.3395,202.789,0
1.2631,-0.005,3.576410335881519e-06,-1.171,0.3395,202.787,0
1.2644,-0.005,3.576410335881519e-06,-1.171,0.3395,202.773,0
1.2656,-0.005,3.576410335881519e-06,-1.171,0.3395,202.793,0
1.2669,-0.005,3.576410335881519e-06,-1.171,0.3395,202.775,0
1.2681,-0.005,3.576410335881519e-06,-1.171,0.3395,202.806,0
1.2694,-0.005,3.576410335881519e-06,-1.171,0.3395,202.815,0
1.2707,-0.005,3.576410335881519e-06,-1.171,0.3395,202.772,0
1.272,-0.005,3.576410335881519e-06,-1.171,0.3395,202.808,0
1.2732,-0.005,3.576410335881519e-06,-1.171,0.3395,202.808,0
1.2745,-0.005,3.576410335881519e-06,-1.171,0.3395,202.761,0
1.2758,-0.005,3.576410335881519e-06,-1.171,0.3395,202.813,0
1.2771,-0.005,3.576410335881519e-06,-1.171,0.3395,202.799,0
1.2782,-0.005,3.576410335881519e-06,-1.171,0.3395,202.778,0
1.2795,-0.005,3.576410335881519e-06,-1.171,0.3395,202.777,0
1.2808,-0.005,3.576410335881519e-06,-1.171,0.3395,202.761,0
1.282,-0.005,3.576410335881519e-06,-1.171,0.3395,202.83,0
1.2832,-0.005,3.576410335881519e-06,-1.171,0.3395,202.785,0
1.2845,-0.005,3.576410335881519e-06,-1.171,0.3395,202.776,0
1.2859,-0.005,3.576410335881519e-06,-1.171,0.3395,202.833,0
1.2872,-0.005,3.576410335881519e-06,-1.171,0.3395,202.792,0
1.2885,-0.005,3.576410335881519e-06,-1.171,0.3395,202.79,0
1.29,-0.005,3.576410335881519e-06,-1.171,0.3395,202.763,0
1.2913,-0.005,3.576410335881519e-06,-1.171,0.3395,202.772,0
1.2926,-0.005,3.576410335881519e-06,-1.171,0.3395,202.757,0
1.2939,-0.005,3.576410335881519e-06,-1.171,0.3395,202.797,0
1.2953,-0.005,3.576410335881519e-06,-1.171,0.3395,202.763,0
1.2966,-0.005,3.576410335881519e-06,-1.171,0.3395,202.795,0
1.2979,-0.005,3.576410335881519e-06,-1.171,0.3395,202.838,0
1.2992,-0.005,3.576410335881519e-06,-1.171,0.3395,202.77,0
1.3005,-0.005,3.576410335881519e-06,-1.171,0.3395,202.79,0
1.3019,-0.005,3.576410335881519e-06,-1.171,0.3395,202.8,0
1.3032,-0.005,3.576410335881519e-06,-1.171,0.3395,202.778,0
1.3045,-0.005,3.576410335881519e-06,-1.171,0.3395,202.787,0
1.3058,-0.005,3.576410335881519e-06,-1.171,0.3395,202.785,0
1.307,-0.005,3.576410335881519e-06,-1.171,0.3395,202.799,0
1.3083,-0.005,3.576410335881519e-06,-1.171,0.3395,202.78,0
1.3096,-0.005,3.576410335881519e-06,-1.171,0.3395,202.801,0
1.3109,-0.005,3.576410335881519e-06,-1.171,0.3395,202.808,0
1.3122,-0.005,3.576410335881519e-06,-1.171,0.3395,202.807,0
1.3135,-0.005,3.576410335881519e-06,-1.171,0.3395,202.811,0
1.3148,-0.005,3.576410335881519e-06,-1.171,0.3395,202.756,0
1.3162,-0.005,3.576410335881519e-06,-1.171,0.3395,202.785,0
1.3175,-0.005,3.576410335881519e-06,-1.171,0.3395,202.785,0
1.3188,-0.005,3.576410335881519e-06,-1.171,0.3395,202.808,0
1.32,-0.005,3.576410335881519e-06,-1.171,0.3395,202.785,0
1.3213,-0.005,3.576410335881519e-06,-1.171,0.3395,202.765,0
1.3226,-0.005,3.576410335881519e-06,-1.171,0.3395,202.819,0
1.3238,-0.005,3.576410335881519e-06,-1.171,0.3395,202.793,0
1.325,-0.005,3.576410335881519e-06,-1.171,0.3395,202.797,0
1.3263,-0.005,3.576410335881519e-06,-1.171,0.3395,202.83,0
1.3276,-0.005,3.576410335881519e-06,-1.171,0.3395,202.76,0
1.3289,-0.005,3.576410335881519e-06,-1.171,0.3395,202.793,0
1.3302,-0.005,3.576410335881519e-06,-1.171,0.3395,202.786,0
1.3315,-0.005,3.576410335881519e-06,-1.171,0.3395,202.804,0
1.3328,-0.005,3.576410335881519e-06,-1.171,0.3395,202.805,0
1.334,-0.005,3.576410335881519e-06,-1.171,0.3395,202.766,0
1.3355,-0.005,3.576410335881519e-06,-1.171,0.3395,202.812,0
1.3367,-0.005,3.576410335881519e-06,-1.171,0.3395,202.772,0
1.338,-0.005,3.576410335881519e-06,-1.171,0.3395,202.818,0
1.3393,-0.005,3.576410335881519e-06,-1.171,0.3395,202.758,0
1.3405,-0.005,3.576410335881519e-06,-1.171,0.3395,202.791,0
1.3419,-0.005,3.576410335881519e-06,-1.171,0.3395,202.789,0
1.3431,-0.005,3.576410335881519e-06,-1.171,0.3395,202.747,0
1.3444,-0.005,3.576410335881519e-06,-1.171,0.3395,202.772,0
1.3456,-0.005,3.576410335881519e-06,-1.171,0.3395,202.813,0
1.3468,-0.005,3.576410335881519e-06,-1.171,0.3395,202.79,0
1.3481,-0.005,3.576410335881519e-06,-1.171,0.3395,202.817,0
1.3493,-0.005,3.576410335881519e-06,-1.171,0.3395,202.797,0
1.3506,-0.005,3.576410335881519e-06,-1.171,0.3395,202.789,0
1.3519,-0.005,3.576410335881519e-06,-1.171,0.3395,202.792,0
1.3531,-0.005,3.576410335881519e-06,-1.171,0.3395,202.815,0
1.3544,-0.005,3.576410335881519e-06,-1.171,0.3395,202.806,0
1.3558,-0.005,3.576410335881519e-06,-1.171,0.3395,202.805,0
1.357,-0.005,3.576410335881519e-06,-1.171,0.3395,202.789,0
1.3582,-0.005,3.576410335881519e-06,-1.171,0.3395,202.801,0
1.3595,-0.005,3.576410335881519e-06,-1.171,0.3395,202.781,0
1.3607,-0.005,3.576410335881519e-06,-1.171,0.3395,202.799,0
1.3619,-0.005,3.576410335881519e-06,-1.171,0.3395,202.775,0
1.3631,-0.005,3.576410335881519e-06,-1.171,0.3395,202.835,0
1.3645,-0.005,3.576410335881519e-06,-1.171,0.3395,202.761,0
1.3658,-0.005,3.576410335881519e-06,-1.171,0.3395,202.8,0
1.367,-0.005,3.576410335881519e-06,-1.171,0.3395,202.766,0
1.3683,-0.005,3.576410335881519e-06,-1.171,0.3395,202.778,0
1.3695,-0.005,3.576410335881519e-06,-1.171,0.3395,202.818,0
1.3709,-0.005,3.576410335881519e-06,-1.171,0.3395,202.774,0
1.3722,-0.005,3.576410335881519e-06,-1.171,0.3395,202.812,0
1.3735,-0.005,3.576410335881519e-06,-1.171,0.3395,202.782,0
1.3749,-0.005,3.576410335881519e-06,-1.171,0.3395,202.816,0
1.3763,-0.005,3.576410335881519e-06,-1.171,0.3395,202.759,0
1.3775,-0.005,3.576410335881519e-06,-1.171,0.3395,202.786,0
1.3788,-0.005,3.576410335881519e-06,-1.171,0.3395,202.772,0
1.38,-0.005,3.576410335881519e-06,-1.171,0.3395,202.797,0
1.3813,-0.005,3.576410335881519e-06,-1.171,0.3395,202.796,0
1.3825,-0.005,3.576410335881519e-06,-1.171,0.3395,202.791,0
1.3839,-0.005,3.576410335881519e-06,-1.171,0.3395,202.772,0
1.3852,-0.005,3.576410335881519e-06,-1.171,0.3395,202.817,0
1.3864,-0.005,3.576410335881519e-06,-1.171,0.3395,202.793,0
1.3878,-0.005,3.576410335881519e-06,-1.171,0.3395,202.809,0
1.389,-0.005,3.576410335881519e-06,-1.171,0.3395,202.784,0
1.3902,-0.005,3.576410335881519e-06,-1.171,0.3395,202.775,0
1.3915,-0.005,3.576410335881519e-06,-1.171,0.3395,202.8,0
1.3928,-0.005,3.576410335881519e-06,-1.171,0.3395,202.745,0
1.394,-0.005,3.576410335881519e-06,-1.171,0.3395,202.789,0
1.3952,-0.005,3.576410335881519e-06,-1.171,0.3395,202.786,0
1.3964,-0.005,3.576410335881519e-06,-1.171,0.3395,202.76,0
1.3976,-0.005,3.576410335881519e-06,-1.171,0.3395,202.812,0
1.3989,-0.005,3.576410335881519e-06,-1.171,0.3395,202.81,0
1.4002,-0.005,3.576410335881519e-06,-1.171,0.3395,202.761,0
1.4015,-0.005,3.576410335881519e-06,-1.171,0.3395,202.787,0
1.4027,-0.005,3.576410335881519e-06,-1.171,0.3395,202.8,0
1.404,-0.005,3.576410335881519e-06,-1.171,0.3395,202.76,0
1.4053,-0.005,3.576410335881519e-06,-1.171,0.3395,202.832,0
1.4066,-0.005,3.576410335881519e-06,-1.171,0.3395,202.782,0
1.4079,-0.005,3.576410335881519e-06,-1.171,0.3395,202.794,0
1.4092,-0.005,3.576410335881519e-06,-1.171,0.3395,202.806,0
1.4105,-0.005,3.576410335881519e-06,-1.171,0.3395,202.821,0
1.4117,-0.005,3.576410335881519e-06,-1.171,0.3395,202.795,0
1.413,-0.005,3.576410335881519e-06,-1.171,0.3395,202.749,0
1.4144,-0.005,3.576410335881519e-06,-1.171,0.3395,202.808,0
1.4157,-0.005,3.576410335881519e-06,-1.171,0.3395,202.75,0
1.417,-0.005,3.576410335881519e-06,-1.171,0.3395,202.779,0
1.4183,-0.005,3.576410335881519e-06,-1.171,0.3395,202.797,0
1.4195,-0.005,3.576410335881519e-06,-1.171,0.3395,202.805,0
1.4207,-0.005,3.576410335881519e-06,-1.171,0.3395,202.8,0
1.4219,-0.005,3.576410335881519e-06,-1.171,0.3395,202.801,0
1.4232,-0.005,3.576410335881519e-06,-1.171,0.3395,202.785,0
1.4245,-0.005,3.576410335881519e-06,-1.171,0.3395,202.796,0
1.4257,-0.005,3.576410335881519e-06,-1.171,0.3395,202.784,0
1.427,-0.005,3.576410335881519e-06,-1.171,0.3395,202.776,0
1.4283,-0.005,3.576410335881519e-06,-1.171,0.3395,202.823,0
1.4296,-0.005,3.576410335881519e-06,-1.171,0.3395,202.778,0
1.4309,-0.005,3.576410335881519e-06,-1.171,0.3395,202.802,0
1.4321,-0.005,3.576410335881519e-06,-1.171,0.3395,202.79,0
1.4333,-0.005,3.576410335881519e-06,-1.171,0.3395,202.806,0
1.4346,-0.005,3.576410335881519e-06,-1.171,0.3395,202.824,0
1.4359,-0.005,3.576410335881519e-06,-1.171,0.3395,202.784,0
1.4371,-0.005,3.576410335881519e-06,-1.171,0.3395,202.822,0
1.4384,-0.005,3.576410335881519e-06,-1.171,0.3395,202.791,0
1.4396,-0.005,3.576410335881519e-06,-1.171,0.3395,202.825,0
1.4409,-0.005,3.576410335881519e-06,-1.171,0.3395,202.813,0
1.4421,-0.005,3.576410335881519e-06,-1.171,0.3395,202.777,0
1.4434,-0.005,3.576410335881519e-06,-1.171,0.3395,202.8,0
1.4447,-0.005,3.576410335881519e-06,-1.171,0.3395,202.802,0
1.446,-0.005,3.576410335881519e-06,-1.171,0.3395,202.784,0
1.4473,-0.005,3.576410335881519e-06,-1.171,0.3395,202.777,0
1.4487,-0.005,3.576410335881519e-06,-1.171,0.3395,202.818,0
1.4499,-0.005,3.576410335881519e-06,-1.171,0.3395,202.777,0
1.4512,-0.005,3.576410335881519e-06,-1.171,0.3395,202.797,0
1.4525,-0.005,3.576410335881519e-06,-1.171,0.3395,202.766,0
1.4537,-0.005,3.576410335881519e-06,-1.171,0.3395,202.795,0
1.455,-0.005,3.576410335881519e-06,-1.171,0.3395,202.808,0
1.4562,-0.005,3.576410335881519e-06,-1.171,0.3395,202.78,0
1.4575,-0.005,3.576410335881519e-06,-1.171,0.3395,202.788,0
1.4587,-0.005,3.576410335881519e-06,-1.171,0.3395,202.81,0
1.4599,-0.005,3.576410335881519e-06,-1.171,0.3395,202.794,0
1.4612,-0.005,3.576410335881519e-06,-1.171,0.3395,202.786,0
1.4625,-0.005,3.576410335881519e-06,-1.171,0.3395,202.802,0
1.4638,-0.005,3.576410335881519e-06,-1.171,0.3395,202.774,0
1.465,-0.005,3.576410335881519e-06,-1.171,0.3395,202.809,0
1.4662,-0.005,3.576410335881519e-06,-1.171,0.3395,202.806,0
1.4674,-0.005,3.576410335881519e-06,-1.171,0.3395,202.78,0
1.4688,-0.005,3.576410335881519e-06,-1.171,0.3395,202.787,0
1.47,-0.005,3.576410335881519e-06,-1.171,0.3395,202.762,0
1.4712,-0.005,3.576410335881519e-06,-1.171,0.3395,202.804,0
1.4725,-0.005,3.576410335881519e-06,-1.171,0.3395,202.8,0
1.4739,-0.005,3.576410335881519e-06,-1.171,0.3395,202.795,0
1.4752,-0.005,3.576410335881519e-06,-1.171,0.3395,202.783,0
1.4764,-0.005,3.576410335881519e-06,-1.171,0.3395,202.786,0
1.4776,-0.005,3.576410335881519e-06,-1.171,0.3395,202.832,0
1.479,-0.005,3.576410335881519e-06,-1.171,0.3395,202.785,0
1.4803,-0.005,3.576410335881519e-06,-1.171,0.3395,202.817,0
1.4816,-0.005,3.576410335881519e-06,-1.171,0.3395,202.807,0
1.4828,-0.005,3.576410335881519e-06,-1.171,0.3395,202.786,0
1.484,-0.005,3.576410335881519e-06,-1.171,0.3395,202.81,0
1.4853,-0.005,3.576410335881519e-06,-1.171,0.3395,202.793,0
1.4867,-0.005,3.576410335881519e-06,-1.171,0.3395,202.792,0
1.488,-0.005,3.576410335881519e-06,-1.171,0.3395,202.78,0
1.4893,-0.005,3.576410335881519e-06,-1.171,0.3395,202.786,0
1.4905,-0.005,3.576410335881519e-06,-1.171,0.3395,202.81,0
1.4917,-0.005,3.576410335881519e-06,-1.171,0.3395,202.794,0
1.493,-0.005,3.576410335881519e-06,-1.171,0.3395,202.777,0
1.4942,-0.005,3.576410335881519e-06,-1.171,0.3395,202.804,0
1.4954,-0.005,3.576410335881519e-06,-1.171,0.3395,202.806,0
1.4966,-0.005,3.576410335881519e-06,-1.171,0.3395,202.798,0
1.4979,-0.005,3.576410335881519e-06,-1.171,0.3395,202.828,0
1.499,-0.005,3.576410335881519e-06,-1.171,0.3395,202.789,0
1.5002,-0.005,3.576410335881519e-06,-1.171,0.3395,202.787,0
1.5015,-0.005,3.576410335881519e-06,-1.171,0.3395,202.807,0
1.5027,-0.005,3.576410335881519e-06,-1.171,0.3395,202.801,0
1.504,-0.005,3.576410335881519e-06,-1.171,0.3395,202.777,0
1.5052,-0.005,3.576410335881519e-06,-1.171,0.3395,202.802,0
1.5065,-0.005,3.576410335881519e-06,-1.171,0.3395,202.774,0
1.5079,-0.005,3.576410335881519e-06,-1.171,0.3395,202.804,0
1.5092,-0.005,3.576410335881519e-06,-1.171,0.3395,202.759,0
1.5105,-0.005,3.576410335881519e-06,-1.171,0.3395,202.81,0
1.5117,-0.005,3.576410335881519e-06,-1.171,0.3395,202.796,0
1.5129,-0.005,3.576410335881519e-06,-1.171,0.3395,202.79,0
1.5142,-0.005,3.576410335881519e-06,-1.171,0.3395,202.78,0
1.5155,-0.005,3.576410335881519e-06,-1.171,0.3395,202.798,0
1.5169,-0.005,3.576410335881519e-06,-1.171,0.3395,202.782,0
1.5181,-0.005,3.576410335881519e-06,-1.171,0.3395,202.845,0
1.5193,-0.005,3.576410335881519e-06,-1.171,0.3395,202.76,0
1.5205,-0.005,3.576410335881519e-06,-1.171,0.3395,202.765,0
1.5219,-0.005,3.576410335881519e-06,-1.171,0.3395,202.799,0
1.5232,-0.005,3.576410335881519e-06,-1.171,0.3395,202.809,0
1.5244,-0.005,3.576410335881519e-06,-1.171,0.3395,202.801,0
1.5261,-0.005,3.576410335881519e-06,-1.171,0.3395,202.789,0
1.5274,-0.005,3.576410335881519e-06,-1.171,0.3395,202.8,0
1.5286,-0.005,3.576410335881519e-06,-1.171,0.3395,202.742,0
1.5299,-0.005,3.576410335881519e-06,-1.171,0.3395,202.819,0
1.5313,-0.005,3.576410335881519e-06,-1.171,0.3395,202.8,0
1.5326,-0.005,3.576410335881519e-06,-1.171,0.3395,202.799,0
1.5338,-0.005,3.576410335881519e-06,-1.171,0.3395,202.776,0
1.5351,-0.005,3.576410335881519e-06,-1.171,0.3395,202.769,0
1.5364,-0.005,3.576410335881519e-06,-1.171,0.3395,202.806,0
1.5376,-0.005,3.576410335881519e-06,-1.171,0.3395,202.761,0
1.539,-0.005,3.576410335881519e-06,-1.171,0.3395,202.768,0
1.5402,-0.005,3.576410335881519e-06,-1.171,0.3395,202.82,0
1.5414,-0.005,3.576410335881519e-06,-1.171,0.3395,202.762,0
1.5427,-0.005,3.576410335881519e-06,-1.171,0.3395,202.797,0
1.544,-0.005,3.576410335881519e-06,-1.171,0.3395,202.81,0
1.5452,-0.005,3.576410335881519e-06,-1.171,0.3395,202.788,0
1.5464,-0.005,3.576410335881519e-06,-1.171,0.3395,202.813,0
1.5476,-0.005,3.576410335881519e-06,-1.171,0.3395,202.794,0
1.5492,-0.005,3.576410335881519e-06,-1.171,0.3395,202.808,0
1.5505,-0.005,3.576410335881519e-06,-1.171,0.3395,202.77,0
1.5519,-0.005,3.576410335881519e-06,-1.171,0.3395,202.799,0
1.5531,-0.005,3.576410335881519e-06,-1.171,0.3395,202.807,0
1.5544,-0.005,3.576410335881519e-06,-1.171,0.3395,202.769,0
1.5557,-0.005,3.576410335881519e-06,-1.171,0.3395,202.798,0
1.557,-0.005,3.576410335881519e-06,-1.171,0.3395,202.789,0
1.5582,-0.005,3.576410335881519e-06,-1.171,0.3395,202.787,0
1.5594,-0.005,3.576410335881519e-06,-1.171,0.3395,202.81,0
1.5607,-0.005,3.576410335881519e-06,-1.171,0.3395,202.766,0
1.562,-0.005,3.576410335881519e-06,-1.171,0.3395,202.785,0
1.5632,-0.005,3.576410335881519e-06,-1.171,0.3395,202.815,0
1.5644,-0.005,3.576410335881519e-06,-1.171,0.3395,202.784,0
1.5661,-0.005,3.576410335881519e-06,-1.171,0.3395,202.795,0
1.5673,-0.005,3.576410335881519e-06,-1.171,0.3395,202.796,0
1.5686,-0.005,3.576410335881519e-06,-1.171,0.3395,202.781,0
1.5698,-0.005,3.576410335881519e-06,-1.171,0.3395,202.782,0
1.5711,-0.005,3.576410335881519e-06,-1.171,0.3395,202.784,0
1.5723,-0.005,3.576410335881519e-06,-1.171,0.3395,202.804,0
1.5736,-0.005,3.576410335881519e-06,-1.171,0.3395,202.777,0
1.5748,-0.005,3.576410335881519e-06,-1.171,0.3395,202.804,0
1.5763,-0.005,3.576410335881519e-06,-1.171,0.3395,202.803,0
1.5777,-0.005,3.576410335881519e-06,-1.171,0.3395,202.798,0
1.579,-0.005,3.576410335881519e-06,-1.171,0.3395,202.796,0
1.5803,-0.005,3.576410335881519e-06,-1.171,0.3395,202.779,0
1.5817,-0.005,3.576410335881519e-06,-1.171,0.3395,202.787,0
1.583,-0.005,3.576410335881519e-06,-1.171,0.3395,202.769,0
1.5843,-0.005,3.576410335881519e-06,-1.171,0.3395,202.816,0
1.5856,-0.005,3.576410335881519e-06,-1.171,0.3395,202.787,0
1.5868,-0.005,3.576410335881519e-06,-1.171,0.3395,202.781,0
1.5881,-0.005,3.576410335881519e-06,-1.171,0.3395,202.797,0
1.5894,-0.005,3.576410335881519e-06,-1.171,0.3395,202.78,0
1.5907,-0.005,3.576410335881519e-06,-1.171,0.3395,202.811,0
1.592,-0.005,3.576410335881519e-06,-1.171,0.3395,202.757,0
1.5933,-0.005,3.576410335881519e-06,-1.171,0.3395,202.793,0
1.5946,-0.005,3.576410335881519e-06,-1.171,0.3395,202.783,0
1.5959,-0.005,3.576410335881519e-06,-1.171,0.3395,202.788,0
1.5972,-0.005,3.576410335881519e-06,-1.171,0.3395,202.816,0
1.5984,-0.005,3.576410335881519e-06,-1.171,0.3395,202.754,0
1.5996,-0.005,3.576410335881519e-06,-1.171,0.3395,202.777,0
1.6008,-0.005,3.576410335881519e-06,-1.171,0.3395,202.802,0
1.602,-0.005,3.576410335881519e-06,-1.171,0.3395,202.793,0
1.6032,-0.005,3.576410335881519e-06,-1.171,0.3395,202.804,0
1.6044,-0.005,3.576410335881519e-06,-1.171,0.3395,202.798,0
1.6057,-0.005,3.576410335881519e-06,-1.171,0.3395,202.778,0
1.607,-0.005,3.576410335881519e-06,-1.171,0.3395,202.772,0
1.6082,-0.005,3.576410335881519e-06,-1.171,0.3395,202.791,0
1.6094,-0.005,3.576410335881519e-06,-1.171,0.3395,202.779,0
1.6107,-0.005,3.576410335881519e-06,-1.171,0.3395,202.799,0
1.612,-0.005,3.576410335881519e-06,-1.171,0.3395,202.798,0
1.6132,-0.005,3.576410335881519e-06,-1.171,0.3395,202.772,0
1.6144,-0.005,3.576410335881519e-06,-1.171,0.3395,202.8,0
1.6157,-0.005,3.576410335881519e-06,-1.171,0.3395,202.777,0
1.617,-0.005,3.576410335881519e-06,-1.171,0.3395,202.797,0
1.6182,-0.005,3.576410335881519e-06,-1.171,0.3395,202.804,0
1.6194,-0.005,3.576410335881519e-06,-1.171,0.3395,202.778,0
1.6207,-0.005,3.576410335881519e-06,-1.171,0.3395,202.798,0
1.622,-0.005,3.576410335881519e-06,-1.171,0.3395,202.814,0
1.6232,-0.005,3.576410335881519e-06,-1.171,0.3395,202.781,0
1.6244,-0.005,3.576410335881519e-06,-1.171,0.3395,202.791,0
1.6257,-0.005,3.576410335881519e-06,-1.171,0.3395,202.814,0
1.627,-0.005,3.576410335881519e-06,-1.171,0.3395,202.768,0
1.6284,-0.005,3.576410335881519e-06,-1.171,0.3395,202.796,0
1.6297,-0.005,3.576410335881519e-06,-1.171,0.3395,202.754,0
1.631,-0.005,3.576410335881519e-06,-1.171,0.3395,202.801,0
1.6323,-0.005,3.576410335881519e-06,-1.171,0.3395,202.821,0
1.6336,-0.005,3.576410335881519e-06,-1.171,0.3395,202.753,0
1.6348,-0.005,3.576410335881519e-06,-1.171,0.3395,202.789,0
1.6363,-0.005,3.576410335881519e-06,-1.171,0.3395,202.826,0
1.6376,-0.005,3.576410335881519e-06,-1.171,0.3395,202.84,0
1.6389,-0.005,3.576410335881519e-06,-1.171,0.3395,202.773,0
1.6401,-0.005,3.576410335881519e-06,-1.171,0.3395,202.828,0
1.6416,-0.005,3.576410335881519e-06,-1.171,0.3395,202.794,0
1.6429,-0.005,3.576410335881519e-06,-1.171,0.3395,202.786,0
1.6442,-0.005,3.576410335881519e-06,-1.171,0.3395,202.777,0
1.6454,-0.005,3.576410335881519e-06,-1.171,0.3395,202.826,0
1.6468,-0.005,3.576410335881519e-06,-1.171,0.3395,202.813,0
1.6482,-0.005,3.576410335881519e-06,-1.171,0.3395,202.761,0
1.6495,-0.005,3.576410335881519e-06,-1.171,0.3395,202.808,0
1.6507,-0.005,3.576410335881519e-06,-1.171,0.3395,202.79,0
1.652,-0.005,3.576410335881519e-06,-1.171,0.3395,202.802,0
1.6533,-0.005,3.576410335881519e-06,-1.171,0.3395,202.768,0
1.6545,-0.005,3.576410335881519e-06,-1.171,0.3395,202.773,0
1.6557,-0.005,3.576410335881519e-06,-1.171,0.3395,202.788,0
1.6569,-0.005,3.576410335881519e-06,-1.171,0.3395,202.789,0
1.6582,-0.005,3.576410335881519e-06,-1.171,0.3395,202.816,0
1.6594,-0.005,3.576410335881519e-06,-1.171,0.3395,202.809,0
1.6607,-0.005,3.576410335881519e-06,-1.171,0.3395,202.795,0
1.662,-0.005,3.576410335881519e-06,-1.171,0.3395,202.788,0
1.6633,-0.005,3.576410335881519e-06,-1.171,0.3395,202.811,0
1.6646,-0.005,3.576410335881519e-06,-1.171,0.3395,202.79,0
1.6659,-0.005,3.576410335881519e-06,-1.171,0.3395,202.794,0
1.6671,-0.005,3.576410335881519e-06,-1.171,0.3395,202.786,0
1.6685,-0.005,3.576410335881519e-06,-1.171,0.3395,202.764,0
1.6698,-0.005,3.576410335881519e-06,-1.171,0.3395,202.836,0
1.6711,-0.005,3.576410335881519e-06,-1.171,0.3395,202.771,0
1.6724,-0.005,3.576410335881519e-06,-1.171,0.3395,202.822,0
1.6736,-0.005,3.576410335881519e-06,-1.171,0.3395,202.816,0
1.6748,-0.005,3.576410335881519e-06,-1.171,0.3395,202.78,0
1.676,-0.005,3.576410335881519e-06,-1.171,0.3395,202.799,0
1.6773,-0.005,3.576410335881519e-06,-1.171,0.3395,202.803,0
1.6786,-0.005,3.576410335881519e-06,-1.171,0.3395,202.782,0
1.6799,-0.005,3.576410335881519e-06,-1.171,0.3395,202.824,0
1.6812,-0.005,3.576410335881519e-06,-1.171,0.3395,202.775,0
1.6824,-0.005,3.576410335881519e-06,-1.171,0.3395,202.798,0
1.6837,-0.005,3.576410335881519e-06,-1.171,0.3395,202.767,0
1.6849,-0.005,3.576410335881519e-06,-1.171,0.3395,202.818,0
1.6864,-0.005,3.576410335881519e-06,-1.171,0.3395,202.792,0
1.6877,-0.005,3.576410335881519e-06,-1.171,0.3395,202.781,0
1.6889,-0.005,3.576410335881519e-06,-1.171,0.3395,202.792,0
1.6902,-0.005,3.576410335881519e-06,-1.171,0.3395,202.8,0
1.6915,-0.005,3.576410335881519e-06,-1.171,0.3395,202.767,0
1.6927,-0.005,3.576410335881519e-06,-1.171,0.3395,202.82,0
1.6939,-0.005,3.576410335881519e-06,-1.171,0.3395,202.793,0
1.6951,-0.005,3.576410335881519e-06,-1.171,0.3395,202.78,0
1.6964,-0.005,3.576410335881519e-06,-1.171,0.3395,202.791,0
1.6978,-0.005,3.576410335881519e-06,-1.171,0.3395,202.754,0
1.699,-0.005,3.576410335881519e-06,-1.171,0.3395,202.816,0
1.7003,-0.005,3.576410335881519e-06,-1.171,0.3395,202.792,0
1.7016,-0.005,3.576410335881519e-06,-1.171,0.3395,202.805,0
1.7029,-0.005,3.576410335881519e-06,-1.171,0.3395,202.821,0
1.7041,-0.005,3.576410335881519e-06,-1.171,0.3395,202.76,0
1.7053,-0.005,3.576410335881519e-06,-1.171,0.3395,202.812,0
1.7065,-0.005,3.576410335881519e-06,-1.171,0.3395,202.791,0
1.7079,-0.005,3.576410335881519e-06,-1.171,0.3395,202.787,0
1.7092,-0.005,3.576410335881519e-06,-1.171,0.3395,202.794,0
1.7105,-0.005,3.576410335881519e-06,-1.171,0.3395,202.8,0
1.7118,-0.005,3.576410335881519e-06,-1.171,0.3395,202.801,0
1.7131,-0.005,3.576410335881519e-06,-1.171,0.3395,202.799,0
1.7143,-0.005,3.576410335881519e-06,-1.171,0.3395,202.79,0
1.7157,-0.005,3.576410335881519e-06,-1.171,0.3395,202.797,0
1.717,-0.005,3.576410335881519e-06,-1.171,0.3395,202.761,0
1.7183,-0.005,3.576410335881519e-06,-1.171,0.3395,202.783,0
1.7196,-0.005,3.576410335881519e-06,-1.171,0.3395,202.804,0
1.7209,-0.005,3.576410335881519e-06,-1.171,0.3395,202.771,0
1.7222,-0.005,3.576410335881519e-06,-1.171,0.3395,202.819,0
1.7234,-0.005,3.576410335881519e-06,-1.171,0.3395,202.756,0
1.7247,-0.005,3.576410335881519e-06,-1.171,0.3395,202.831,0
1.726,-0.005,3.576410335881519e-06,-1.171,0.3395,202.797,0
1.7272,-0.005,3.576410335881519e-06,-1.171,0.3395,202.757,0
1.7285,-0.005,3.576410335881519e-06,-1.171,0.3395,202.796,0
1.7297,-0.005,3.576410335881519e-06,-1.171,0.3395,202.802,0
1.731,-0.005,3.576410335881519e-06,-1.171,0.3395,202.774,0
1.7322,-0.005,3.576410335881519e-06,-1.171,0.3395,202.777,0
1.7335,-0.005,3.576410335881519e-06,-1.171,0.3395,202.762,0
1.7347,-0.005,3.576410335881519e-06,-1.171,0.3395,202.766,0
1.736,-0.005,3.576410335881519e-06,-1.171,0.3395,202.797,0
1.7373,-0.005,3.576410335881519e-06,-1.171,0.3395,202.794,0
1.7385,-0.005,3.576410335881519e-06,-1.171,0.3395,202.804,0
1.7399,-0.005,3.576410335881519e-06,-1.171,0.3395,202.768,0
1.7412,-0.005,3.576410335881519e-06,-1.171,0.3395,202.766,0
1.7424,-0.005,3.576410335881519e-06,-1.171,0.3395,202.819,0
1.7437,-0.005,3.576410335881519e-06,-1.171,0.3395,202.785,0
1.745,-0.005,3.576410335881519e-06,-1.171,0.3395,202.814,0
1.7463,-0.005,3.576410335881519e-06,-1.171,0.3395,202.807,0
1.7476,-0.005,3.576410335881519e-06,-1.171,0.3395,202.762,0
1.749,-0.005,3.576410335881519e-06,-1.171,0.3395,202.813,0
1.7504,-0.005,3.576410335881519e-06,-1.171,0.3395,202.803,0
1.7517,-0.005,3.576410335881519e-06,-1.171,0.3395,202.783,0
1.753,-0.005,3.576410335881519e-06,-1.171,0.3395,202.788,0
1.7543,-0.005,3.576410335881519e-06,-1.171,0.3395,202.757,0
1.7555,-0.005,3.576410335881519e-06,-1.171,0.3395,202.804,0
1.7568,-0.005,3.576410335881519e-06,-1.171,0.3395,202.791,0
1.758,-0.005,3.576410335881519e-06,-1.171,0.3395,202.789,0
1.7592,-0.005,3.576410335881519e-06,-1.171,0.3395,202.786,0
1.7604,-0.005,3.576410335881519e-06,-1.171,0.3395,202.778,0
1.7617,-0.005,3.576410335881519e-06,-1.171,0.3395,202.849,0
1.7629,-0.005,3.576410335881519e-06,-1.171,0.3395,202.766,0
1.7641,-0.005,3.576410335881519e-06,-1.171,0.3395,202.792,0
1.7653,-0.005,3.576410335881519e-06,-1.171,0.3395,202.804,0
1.7667,-0.005,3.576410335881519e-06,-1.171,0.3395,202.817,0
1.768,-0.005,3.576410335881519e-06,-1.171,0.3395,202.798,0
1.7693,-0.005,3.576410335881519e-06,-1.171,0.3395,202.811,0
1.7706,-0.005,3.576410335881519e-06,-1.171,0.3395,202.779,0
1.7718,-0.005,3.576410335881519e-06,-1.171,0.3395,202.805,0
1.7731,-0.005,3.576410335881519e-06,-1.171,0.3395,202.796,0
1.7743,-0.005,3.576410335881519e-06,-1.171,0.3395,202.801,0
1.7755,-0.005,3.576410335881519e-06,-1.171,0.3395,202.797,0
1.7769,-0.005,3.576410335881519e-06,-1.171,0.3395,202.778,0
1.7782,-0.005,3.576410335881519e-06,-1.171,0.3395,202.783,0
1.7794,-0.005,3.576410335881519e-06,-1.171,0.3395,202.811,0
1.7807,-0.005,3.576410335881519e-06,-1.171,0.3395,202.789,0
1.7819,-0.005,3.576410335881519e-06,-1.171,0.3395,202.786,0
1.7831,-0.005,3.576410335881519e-06,-1.171,0.3395,202.793,0
1.7845,-0.005,3.576410335881519e-06,-1.171,0.3395,202.782,0
1.7857,-0.005,3.576410335881519e-06,-1.171,0.3395,202.82,0
1.787,-0.005,3.576410335881519e-06,-1.171,0.3395,202.754,0
1.7882,-0.005,3.576410335881519e-06,-1.171,0.3395,202.805,0
1.7894,-0.005,3.576410335881519e-06,-1.171,0.3395,202.802,0
1.7907,-0.005,3.576410335881519e-06,-1.171,0.3395,202.802,0
1.7919,-0.005,3.576410335881519e-06,-1.171,0.3395,202.79,0
1.7932,-0.005,3.576410335881519e-06,-1.171,0.3395,202.805,0
1.7945,-0.005,3.576410335881519e-06,-1.171,0.3395,202.741,0
1.7958,-0.005,3.576410335881519e-06,-1.171,0.3395,202.811,0
1.7971,-0.005,3.576410335881519e-06,-1.171,0.3395,202.782,0
1.7983,-0.005,3.576410335881519e-06,-1.171,0.3395,202.782,0
1.7996,-0.005,3.576410335881519e-06,-1.171,0.3395,202.791,0
1.8008,-0.005,3.576410335881519e-06,-1.171,0.3395,202.8,0
1.8021,-0.005,3.576410335881519e-06,-1.171,0.3395,202.782,0
1.8033,-0.005,3.576410335881519e-06,-1.171,0.3395,202.795,0
1.8045,-0.005,3.576410335881519e-06,-1.171,0.3395,202.771,0
1.8058,-0.005,3.576410335881519e-06,-1.171,0.3395,202.808,0
1.807,-0.005,3.576410335881519e-06,-1.171,0.3395,202.805,0
1.8082,-0.005,3.576410335881519e-06,-1.171,0.3395,202.787,0
1.8095,-0.005,3.576410335881519e-06,-1.171,0.3395,202.807,0
1.811,-0.005,3.576410335881519e-06,-1.171,0.3395,202.785,0
1.8123,-0.005,3.576410335881519e-06,-1.171,0.3395,202.816,0
1.8135,-0.005,3.576410335881519e-06,-1.171,0.3395,202.804,0
1.8147,-0.005,3.576410335881519e-06,-1.171,0.3395,202.774,0
1.816,-0.005,3.576410335881519e-06,-1.171,0.3395,202.813,0
1.8172,-0.005,3.576410335881519e-06,-1.171,0.3395,202.789,0
1.8184,-0.005,3.576410335881519e-06,-1.171,0.3395,202.785,0
1.8197,-0.005,3.576410335881519e-06,-1.171,0.3395,202.768,0
1.8209,-0.005,3.576410335881519e-06,-1.171,0.3395,202.767,0
1.8222,-0.005,3.576410335881519e-06,-1.171,0.3395,202.813,0
1.8234,-0.005,3.576410335881519e-06,-1.171,0.3395,202.805,0
1.8247,-0.005,3.576410335881519e-06,-1.171,0.3395,202.82,0
1.8259,-0.005,3.576410335881519e-06,-1.171,0.3395,202.786,0
1.8272,-0.005,3.576410335881519e-06,-1.171,0.3395,202.787,0
1.8284,-0.005,3.576410335881519e-06,-1.171,0.3395,202.766,0
1.8296,-0.005,3.576410335881519e-06,-1.171,0.3395,202.798,0
1.8309,-0.005,3.576410335881519e-06,-1.171,0.3395,202.791,0
1.8322,-0.005,3.576410335881519e-06,-1.171,0.3395,202.782,0
1.8334,-0.005,3.576410335881519e-06,-1.171,0.3395,202.806,0
1.8348,-0.005,3.576410335881519e-06,-1.171,0.3395,202.763,0
1.836,-0.005,3.576410335881519e-06,-1.171,0.3395,202.804,0
1.8373,-0.005,3.576410335881519e-06,-1.171,0.3395,202.816,0
1.8385,-0.005,3.576410335881519e-06,-1.171,0.3395,202.769,0
1.8398,-0.005,3.576410335881519e-06,-1.171,0.3395,202.818,0
1.8411,-0.005,3.576410335881519e-06,-1.171,0.3395,202.794,0
1.8423,-0.005,3.576410335881519e-06,-1.171,0.3395,202.78,0
1.8436,-0.005,3.576410335881519e-06,-1.171,0.3395,202.815,0
1.8449,-0.005,3.576410335881519e-06,-1.171,0.3395,202.806,0
1.8461,-0.005,3.576410335881519e-06,-1.171,0.3395,202.797,0
1.8474,-0.005,3.576410335881519e-06,-1.171,0.3395,202.827,0
1.8487,-0.005,3.576410335881519e-06,-1.171,0.3395,202.798,0
1.85,-0.005,3.576410335881519e-06,-1.171,0.3395,202.801,0
1.8512,-0.005,3.576410335881519e-06,-1.171,0.3395,202.803,0
1.8524,-0.005,3.576410335881519e-06,-1.171,0.3395,202.803,0
1.8537,-0.005,3.576410335881519e-06,-1.171,0.3395,202.784,0
1.855,-0.005,3.576410335881519e-06,-1.171,0.3395,202.745,0
1.8562,-0.005,3.576410335881519e-06,-1.171,0.3395,202.783,0
1.8574,-0.005,3.576410335881519e-06,-1.171,0.3395,202.819,0
1.8587,-0.005,3.576410335881519e-06,-1.171,0.3395,202.785,0
1.86,-0.005,3.576410335881519e-06,-1.171,0.3395,202.783,0
1.8613,-0.005,3.576410335881519e-06,-1.171,0.3395,202.826,0
1.8625,-0.005,3.576410335881519e-06,-1.171,0.3395,202.781,0
1.8639,-0.005,3.576410335881519e-06,-1.171,0.3395,202.784,0
1.8652,-0.005,3.576410335881519e-06,-1.171,0.3395,202.796,0
1.8664,-0.005,3.576410335881519e-06,-1.171,0.3395,202.816,0
1.8678,-0.005,3.576410335881519e-06,-1.171,0.3395,202.784,0
1.8692,-0.005,3.576410335881519e-06,-1.171,0.3395,202.797,0
1.8705,-0.005,3.576410335881519e-06,-1.171,0.3395,202.783,0
1.8719,-0.005,3.576410335881519e-06,-1.171,0.3395,202.784,0
1.8733,-0.005,3.576410335881519e-06,-1.171,0.3395,202.803,0
1.8746,-0.005,3.576410335881519e-06,-1.171,0.3395,202.805,0
1.8758,-0.005,3.576410335881519e-06,-1.171,0.3395,202.823,0
1.8771,-0.005,3.576410335881519e-06,-1.171,0.3395,202.804,0
1.8783,-0.005,3.576410335881519e-06,-1.171,0.3395,202.82,0
1.8796,-0.005,3.576410335881519e-06,-1.171,0.3395,202.817,0
1.8809,-0.005,3.576410335881519e-06,-1.171,0.3395,202.8,0
1.8821,-0.005,3.576410335881519e-06,-1.171,0.3395,202.767,0
1.8834,-0.005,3.576410335881519e-06,-1.171,0.3395,202.821,0
1.8846,-0.005,3.576410335881519e-06,-1.171,0.3395,202.797,0
1.886,-0.005,3.576410335881519e-06,-1.171,0.3395,202.798,0
1.8872,-0.005,3.576410335881519e-06,-1.171,0.3395,202.778,0
1.8884,-0.005,3.576410335881519e-06,-1.171,0.3395,202.771,0
1.8897,-0.005,3.576410335881519e-06,-1.171,0.3395,202.821,0
1.891,-0.005,3.576410335881519e-06,-1.171,0.3395,202.761,0
1.8923,-0.005,3.576410335881519e-06,-1.171,0.3395,202.81,0
1.8935,-0.005,3.576410335881519e-06,-1.171,0.3395,202.788,0
1.8948,-0.005,3.576410335881519e-06,-1.171,0.3395,202.766,0
1.896,-0.005,3.576410335881519e-06,-1.171,0.3395,202.824,0
1.8973,-0.005,3.576410335881519e-06,-1.171,0.3395,202.772,0
1.8985,-0.005,3.576410335881519e-06,-1.171,0.3395,202.777,0
1.8999,-0.005,3.576410335881519e-06,-1.171,0.3395,202.811,0
1.9012,-0.005,3.576410335881519e-06,-1.171,0.3395,202.799,0
1.9025,-0.005,3.576410335881519e-06,-1.171,0.3395,202.813,0
1.9039,-0.005,3.576410335881519e-06,-1.171,0.3395,202.762,0
1.9052,-0.005,3.576410335881519e-06,-1.171,0.3395,202.814,0
1.9066,-0.005,3.576410335881519e-06,-1.171,0.3395,202.773,0
1.9078,-0.005,3.576410335881519e-06,-1.171,0.3395,202.828,0
1.9091,-0.005,3.576410335881519e-06,-1.171,0.3395,202.788,0
1.9103,-0.005,3.576410335881519e-06,-1.171,0.3395,202.797,0
1.9115,-0.005,3.576410335881519e-06,-1.171,0.3395,202.824,0
1.9128,-0.005,3.576410335881519e-06,-1.171,0.3395,202.808,0
1.9141,-0.005,3.576410335881519e-06,-1.171,0.3395,202.804,0
1.9153,-0.005,3.576410335881519e-06,-1.171,0.3395,202.815,0
1.9166,-0.005,3.576410335881519e-06,-1.171,0.3395,202.775,0
1.9179,-0.005,3.576410335881519e-06,-1.171,0.3395,202.787,0
1.9192,-0.005,3.576410335881519e-06,-1.171,0.3395,202.819,0
1.9204,-0.005,3.576410335881519e-06,-1.171,0.3395,202.76,0
1.9217,-0.005,3.576410335881519e-06,-1.171,0.3395,202.835,0
1.923,-0.005,3.576410335881519e-06,-1.171,0.3395,202.798,0
1.9242,-0.005,3.576410335881519e-06,-1.171,0.3395,202.751,0
1.9255,-0.005,3.576410335881519e-06,-1.171,0.3395,202.82,0
1.9271,-0.005,3.576410335881519e-06,-1.171,0.3395,202.807,0
1.9284,-0.005,3.576410335881519e-06,-1.171,0.3395,202.796,0
1.9297,-0.005,3.576410335881519e-06,-1.171,0.3395,202.765,0
1.931,-0.005,3.576410335881519e-06,-1.171,0.3395,202.79,0
1.9322,-0.005,3.576410335881519e-06,-1.171,0.3395,202.753,0
1.9336,-0.005,3.576410335881519e-06,-1.171,0.3395,202.797,0
1.9349,-0.005,3.576410335881519e-06,-1.171,0.3395,202.8,0
1.9362,-0.005,3.576410335881519e-06,-1.171,0.3395,202.783,0
1.9375,-0.005,3.576410335881519e-06,-1.171,0.3395,202.802,0
1.9387,-0.005,3.576410335881519e-06,-1.171,0.3395,202.772,0
1.94,-0.005,3.576410335881519e-06,-1.171,0.3395,202.809,0
1.9413,-0.005,3.576410335881519e-06,-1.171,0.3395,202.814,0
1.9425,-0.005,3.576410335881519e-06,-1.171,0.3395,202.761,0
1.9438,-0.005,3.576410335881519e-06,-1.171,0.3395,202.78,0
1.9451,-0.005,3.576410335881519e-06,-1.171,0.3395,202.756,0
1.9463,-0.005,3.576410335881519e-06,-1.171,0.3395,202.788,0
1.9476,-0.005,3.576410335881519e-06,-1.171,0.3395,202.815,0
1.949,-0.005,3.576410335881519e-06,-1.171,0.3395,202.779,0
1.9502,-0.005,3.576410335881519e-06,-1.171,0.3395,202.803,0
1.9515,-0.005,3.576410335881519e-06,-1.171,0.3395,202.775,0
1.9529,-0.005,3.576410335881519e-06,-1.171,0.3395,202.798,0
1.9542,-0.005,3.576410335881519e-06,-1.171,0.3395,202.798,0
1.9555,-0.005,3.576410335881519e-06,-1.171,0.3395,202.807,0
1.957,-0.005,3.576410335881519e-06,-1.171,0.3395,202.812,0
1.9583,-0.005,3.576410335881519e-06,-1.171,0.3395,202.805,0
1.9596,-0.005,3.576410335881519e-06,-1.171,0.3395,202.805,0
1.9609,-0.005,3.576410335881519e-06,-1.171,0.3395,202.777,0
1.9622,-0.005,3.576410335881519e-06,-1.171,0.3395,202.806,0
1.9635,-0.005,3.576410335881519e-06,-1.171,0.3395,202.804,0
1.9648,-0.005,3.576410335881519e-06,-1.171,0.3395,202.802,0
1.9661,-0.005,3.576410335881519e-06,-1.171,0.3395,202.806,0
1.9675,-0.005,3.576410335881519e-06,-1.171,0.3395,202.771,0
1.9689,-0.005,3.576410335881519e-06,-1.171,0.3395,202.813,0
1.9702,-0.005,3.576410335881519e-06,-1.171,0.3395,202.803,0
1.9715,-0.005,3.576410335881519e-06,-1.171,0.3395,202.801,0
1.973,-0.005,3.576410335881519e-06,-1.171,0.3395,202.783,0
1.9743,-0.005,3.576410335881519e-06,-1.171,0.3395,202.813,0
1.9756,-0.005,3.576410335881519e-06,-1.171,0.3395,202.798,0
1.9769,-0.005,3.576410335881519e-06,-1.171,0.3395,202.788,0
1.9782,-0.005,3.576410335881519e-06,-1.171,0.3395,202.807,0
1.9795,-0.005,3.576410335881519e-06,-1.171,0.3395,202.8,0
1.9808,-0.005,3.576410335881519e-06,-1.171,0.3395,202.774,0
1.9821,-0.005,3.576410335881519e-06,-1.171,0.3395,202.78,0
1.9834,-0.005,3.576410335881519e-06,-1.171,0.3395,202.821,0
1.9848,-0.005,3.576410335881519e-06,-1.171,0.3395,202.763,0
1.9861,-0.005,3.576410335881519e-06,-1.171,0.3395,202.796,0
1.9874,-0.005,3.576410335881519e-06,-1.171,0.3395,202.785,0
1.9887,-0.005,3.576410335881519e-06,-1.171,0.3395,202.824,0
1.99,-0.005,3.576410335881519e-06,-1.171,0.3395,202.784,0
1.9914,-0.005,3.576410335881519e-06,-1.171,0.3395,202.775,0
1.9927,-0.005,3.576410335881519e-06,-1.171,0.3395,202.811,0
1.994,-0.005,3.576410335881519e-06,-1.171,0.3395,202.772,0
1.9953,-0.005,3.576410335881519e-06,-1.171,0.3395,202.839,0
1.9966,-0.005,3.576410335881519e-06,-1.171,0.3395,202.784,0
1.9979,-0.005,3.576410335881519e-06,-1.171,0.3395,202.804,0
1.9992,-0.005,3.576410335881519e-06,-1.171,0.3395,202.8,0
2.0006,-0.005,3.576410335881519e-06,-1.171,0.3395,202.755,0
2.0019,-0.005,3.576410335881519e-06,-1.171,0.3395,202.821,0
2.0032,-0.005,3.576410335881519e-06,-1.171,0.3395,202.778,0
2.0044,-0.005,3.576410335881519e-06,-1.171,0.3395,202.816,0
2.0058,-0.005,3.576410335881519e-06,-1.171,0.3395,202.758,0
2.0074,-0.005,3.576410335881519e-06,-1.171,0.3395,202.811,0
2.0087,-0.005,3.576410335881519e-06,-1.171,0.3395,202.794,0
2.01,-0.005,3.576410335881519e-06,-1.171,0.3395,202.801,0
2.0113,-0.005,3.576410335881519e-06,-1.171,0.3395,202.753,0
2.0125,-0.005,3.576410335881519e-06,-1.171,0.3395,202.797,0
2.0139,-0.005,3.576410335881519e-06,-1.171,0.3395,202.8,0
2.0152,-0.005,3.576410335881519e-06,-1.171,0.3395,202.758,0
2.0164,-0.005,3.576410335881519e-06,-1.171,0.3395,202.832,0
2.0177,-0.005,3.576410335881519e-06,-1.171,0.3395,202.815,0
2.0189,-0.005,3.576410335881519e-06,-1.171,0.3395,202.804,0
2.0201,-0.005,3.576410335881519e-06,-1.171,0.3395,202.801,0
2.0213,-0.005,3.576410335881519e-06,-1.171,0.3395,202.797,0
2.0225,-0.005,3.576410335881519e-06,-1.171,0.3395,202.78,0
2.0239,-0.005,3.576410335881519e-06,-1.171,0.3395,202.833,0
2.0251,-0.005,3.576410335881519e-06,-1.171,0.3395,202.794,0
2.0264,-0.005,3.576410335881519e-06,-1.171,0.3395,202.827,0
2.0276,-0.005,3.576410335881519e-06,-1.171,0.3395,202.792,0
2.0289,-0.005,3.576410335881519e-06,-1.171,0.3395,202.804,0
2.0301,-0.005,3.576410335881519e-06,-1.171,0.3395,202.804,0
2.0314,-0.005,3.576410335881519e-06,-1.171,0.3395,202.822,0
2.0327,-0.005,3.576410335881519e-06,-1.171,0.3395,202.768,0
2.0339,-0.005,3.576410335881519e-06,-1.171,0.3395,202.802,0
2.0352,-0.005,3.576410335881519e-06,-1.171,0.3395,202.796,0
2.0364,-0.005,3.576410335881519e-06,-1.171,0.3395,202.816,0
2.0378,-0.005,3.576410335881519e-06,-1.171,0.3395,202.823,0
2.0391,-0.005,3.576410335881519e-06,-1.171,0.3395,202.8,0
2.0403,-0.005,3.576410335881519e-06,-1.171,0.3395,202.804,0
2.0415,-0.005,3.576410335881519e-06,-1.171,0.3395,202.781,0
2.0428,-0.005,3.576410335881519e-06,-1.171,0.3395,202.786,0
2.044,-0.005,3.576410335881519e-06,-1.171,0.3395,202.816,0
2.0453,-0.005,3.576410335881519e-06,-1.171,0.3395,202.792,0
2.0466,-0.005,3.576410335881519e-06,-1.171,0.3395,202.806,0
2.0479,-0.005,3.576410335881519e-06,-1.171,0.3395,202.808,0
2.0492,-0.005,3.576410335881519e-06,-1.171,0.3395,202.8,0
2.0505,-0.005,3.576410335881519e-06,-1.171,0.3395,202.797,0
2.0518,-0.005,3.576410335881519e-06,-1.171,0.3395,202.775,0
2.053,-0.005,3.576410335881519e-06,-1.171,0.3395,202.821,0
2.0544,-0.005,3.576410335881519e-06,-1.171,0.3395,202.796,0
2.0556,-0.005,3.576410335881519e-06,-1.171,0.3395,202.776,0
2.0569,-0.005,3.576410335881519e-06,-1.171,0.3395,202.809,0
2.0582,-0.005,3.576410335881519e-06,-1.171,0.3395,202.784,0
2.0595,-0.005,3.576410335881519e-06,-1.171,0.3395,202.79,0
2.0609,-0.005,3.576410335881519e-06,-1.171,0.3395,202.82,0
2.0623,-0.005,3.576410335881519e-06,-1.171,0.3395,202.818,0
2.0636,-0.005,3.576410335881519e-06,-1.171,0.3395,202.791,0
2.0649,-0.005,-5.5801941925892606e-05,-1.183,0.3395,202.793,0
2.0662,-0.005,-0.00022040850308258086,-1.218,0.3395,202.805,0
2.0675,-0.005,-0.00020859406504314393,-1.215,0.3395,202.781,0
2.0689,-0.005,-0.00015570448886137456,-1.204,0.3395,202.78,0
2.0702,-0.005,-0.00010544715041760355,-1.193,0.3395,202.786,0
2.0715,-0.005,-6.804491567891091e-05,-1.186,0.3395,202.821,0
2.0727,-0.005,-4.178376912022941e-05,-1.18,0.3395,202.812,0
2.074,-0.005,-2.6173996957368217e-05,-1.177,0.3395,202.78,0
2.0752,-0.005,-1.503290422988357e-05,-1.175,0.3395,202.807,0
2.0764,-0.005,-9.278713150706608e-06,-1.173,0.3395,202.781,0
2.0778,-0.005,-5.177322691451991e-06,-1.172,0.3395,202.794,0
2.0791,-0.005,-2.2390120193449548e-06,-1.172,0.3395,202.817,0
2.0804,-0.005,-2.801382947836828e-07,-1.171,0.3395,202.813,0
2.0819,-0.005,1.4950909417166258e-06,-1.171,0.3395,202.802,0
2.0832,-0.005,2.2908834580448456e-06,-1.171,0.3395,202.774,0
2.0845,-0.005,3.086674496444175e-06,-1.171,0.3395,202.8,0
2.0857,-0.005,3.5763919186138082e-06,-1.171,0.3395,202.802,0
2.087,-0.005,3.5763919186138082e-06,-1.171,0.3395,202.808,0
2.0883,-0.005,3.5763919186138082e-06,-1.171,0.3395,202.814,0
2.0897,-0.005,3.5763919186138082e-06,-1.171,0.3395,202.781,0
2.091,-0.005,3.5763919186138082e-06,-1.171,0.3395,202.815,0
2.0922,-0.005,3.5763919186138082e-06,-1.171,0.3395,202.803,0
2.0936,-0.005,3.5763919186138082e-06,-1.171,0.3395,202.803,0
2.0948,-0.005,3.5763919186138082e-06,-1.171,0.3395,202.774,0
2.096,-0.005,3.5763919186138082e-06,-1.171,0.3395,202.794,0
2.0974,-0.005,3.5763919186138082e-06,-1.171,0.3395,202.803,0
2.0986,-0.005,3.5763919186138082e-06,-1.171,0.3395,202.759,0
2.0999,-0.005,3.5763919186138082e-06,-1.171,0.3395,202.813,0
2.1011,-0.005,3.5763919186138082e-06,-1.171,0.3395,202.8,0
2.1024,-0.005,3.5763919186138082e-06,-1.171,0.3395,202.764,0
2.1037,-0.005,3.5763919186138082e-06,-1.171,0.3395,202.779,0
2.105,-0.005,3.5763919186138082e-06,-1.171,0.3395,202.795,0
2.1063,-0.005,3.5763919186138082e-06,-1.171,0.3395,202.805,0
2.1076,-0.005,3.5763919186138082e-06,-1.171,0.3395,202.814,0
2.1089,-0.005,3.5763919186138082e-06,-1.171,0.3395,202.757,0
2.1101,-0.005,3.5763919186138082e-06,-1.171,0.3395,202.823,0
2.1113,-0.005,3.5763919186138082e-06,-1.171,0.3395,202.802,0
2.1126,-0.005,3.5763919186138082e-06,-1.171,0.3395,202.782,0
2.114,-0.005,3.5763919186138082e-06,-1.171,0.3395,202.797,0
2.1153,-0.005,3.5763919186138082e-06,-1.171,0.3395,202.788,0
2.1166,-0.005,3.5763919186138082e-06,-1.171,0.3395,202.826,0
2.1179,-0.005,3.5763919186138082e-06,-1.171,0.3395,202.785,0
2.1192,-0.005,3.5763919186138082e-06,-1.171,0.3395,202.786,0
2.1204,-0.005,3.5763919186138082e-06,-1.171,0.3395,202.816,0
2.1217,-0.005,3.5763919186138082e-06,-1.171,0.3395,202.763,0
2.1229,-0.005,3.5763919186138082e-06,-1.171,0.3395,202.786,0
2.1242,-0.005,3.5763919186138082e-06,-1.171,0.3395,202.805,0
2.1254,-0.005,3.5763919186138082e-06,-1.171,0.3395,202.775,0
2.1268,-0.005,3.5763919186138082e-06,-1.171,0.3395,202.809,0
2.128,-0.005,3.5763919186138082e-06,-1.171,0.3395,202.797,0
2.1292,-0.005,3.5763919186138082e-06,-1.171,0.3395,202.79,0
2.1306,-0.005,3.5763919186138082e-06,-1.171,0.3395,202.794,0
2.1319,-0.005,3.5763919186138082e-06,-1.171,0.3395,202.805,0
2.1332,-0.005,3.5763919186138082e-06,-1.171,0.3395,202.803,0
2.1345,-0.005,3.5763919186138082e-06,-1.171,0.3395,202.782,0
2.1359,-0.005,3.5763919186138082e-06,-1.171,0.3395,202.826,0
2.1371,-0.005,3.5763919186138082e-06,-1.171,0.3395,202.77,0
2.1384,-0.005,3.5763919186138082e-06,-1.171,0.3395,202.811,0
2.1398,-0.005,3.5763919186138082e-06,-1.171,0.3395,202.786,0
2.141,-0.005,3.5763919186138082e-06,-1.171,0.3395,202.748,0
2.1424,-0.005,3.5763919186138082e-06,-1.171,0.3395,202.805,0
2.1437,-0.005,3.5763919186138082e-06,-1.171,0.3395,202.791,0
2.145,-0.005,3.5763919186138082e-06,-1.171,0.3395,202.8,0
2.1464,-0.005,3.5763919186138082e-06,-1.171,0.3395,202.805,0
2.1477,-0.005,3.5763919186138082e-06,-1.171,0.3395,202.807,0
2.1491,-0.005,3.5763919186138082e-06,-1.171,0.3395,202.759,0
2.1503,-0.005,3.5763919186138082e-06,-1.171,0.3395,202.787,0
2.1516,-0.005,3.5763919186138082e-06,-1.171,0.3395,202.809,0
2.1529,-0.005,3.5763919186138082e-06,-1.171,0.3395,202.799,0
2.1541,-0.005,3.5763919186138082e-06,-1.171,0.3395,202.791,0
2.1556,-0.005,3.5763919186138082e-06,-1.171,0.3395,202.792,0
2.1569,-0.005,3.5763919186138082e-06,-1.171,0.3395,202.789,0
2.1582,-0.005,3.5763919186138082e-06,-1.171,0.3395,202.817,0
2.1594,-0.005,3.5763919186138082e-06,-1.171,0.3395,202.793,0
2.1608,-0.005,3.5763919186138082e-06,-1.171,0.3395,202.804,0
2.162,-0.005,3.5763919186138082e-06,-1.171,0.3395,202.735,0
2.1633,-0.005,3.5763919186138082e-06,-1.171,0.3395,202.769,0
2.1646,-0.005,3.5763919186138082e-06,-1.171,0.3395,202.778,0
2.1659,-0.005,3.5763919186138082e-06,-1.171,0.3395,202.8,0
2.1671,-0.005,3.5763919186138082e-06,-1.171,0.3395,202.796,0
2.1684,-0.005,3.5763919186138082e-06,-1.171,0.3395,202.785,0
2.1696,-0.005,3.5763919186138082e-06,-1.171,0.3395,202.774,0
2.1709,-0.005,3.5763919186138082e-06,-1.171,0.3395,202.801,0
2.1723,-0.005,3.5763919186138082e-06,-1.171,0.3395,202.811,0
2.1736,-0.005,3.5763919186138082e-06,-1.171,0.3395,202.806,0
2.1749,-0.005,3.5763919186138082e-06,-1.171,0.3395,202.785,0
2.1762,-0.005,3.5763919186138082e-06,-1.171,0.3395,202.781,0
2.1775,-0.005,3.5763919186138082e-06,-1.171,0.3395,202.827,0
2.1788,-0.005,3.5763919186138082e-06,-1.171,0.3395,202.78,0
2.18,-0.005,3.5763919186138082e-06,-1.171,0.3395,202.843,0
2.1813,-0.005,3.5763919186138082e-06,-1.171,0.3395,202.795,0
2.1826,-0.005,3.5763919186138082e-06,-1.171,0.3395,202.792,0
2.184,-0.005,3.5763919186138082e-06,-1.171,0.3395,202.801,0
2.1852,-0.005,3.5763919186138082e-06,-1.171,0.3395,202.806,0
2.1865,-0.005,3.5763919186138082e-06,-1.171,0.3395,202.813,0
2.1879,-0.005,3.5763919186138082e-06,-1.171,0.3395,202.805,0
2.1892,-0.005,3.5763919186138082e-06,-1.171,0.3395,202.812,0
2.1905,-0.005,3.5763919186138082e-06,-1.171,0.3395,202.783,0
2.1919,-0.005,3.5763919186138082e-06,-1.171,0.3395,202.784,0
2.1932,-0.005,3.5763919186138082e-06,-1.171,0.3395,202.808,0
2.1945,-0.005,3.5763919186138082e-06,-1.171,0.3395,202.788,0
2.1958,-0.005,3.5763919186138082e-06,-1.171,0.3395,202.808,0
2.1971,-0.005,3.5763919186138082e-06,-1.171,0.3395,202.786,0
2.1984,-0.005,3.5763919186138082e-06,-1.171,0.3395,202.812,0
2.1998,-0.005,3.5763919186138082e-06,-1.171,0.3395,202.758,0
2.2012,-0.005,0.00019781093578785658,-1.13,0.3395,202.79,0
2.2025,-0.005,0.00022835713753011078,-1.124,0.3395,202.778,0
2.2039,-0.005,0.00017705914797261357,-1.134,0.3395,202.796,0
2.2052,-0.005,0.00012263919052202255,-1.146,0.3395,202.799,0
2.2066,-0.005,7.997248030733317e-05,-1.155,0.3395,202.8,0
2.2079,-0.005,4.599827298079617e-05,-1.162,0.3395,202.785,0
2.2093,-0.005,2.7572616090765223e-05,-1.166,0.3395,202.79,0
2.2107,-0.005,1.532965870865155e-05,-1.168,0.3395,202.817,0
2.2121,-0.005,9.146963748207781e-06,-1.169,0.3395,202.763,0
2.2134,-0.005,4.861928573518526e-06,-1.17,0.3395,202.813,0
2.2146,-0.005,2.0460477117012488e-06,-1.171,0.3395,202.8,0
2.216,-0.005,1.483887928088734e-07,-1.171,0.3395,202.823,0
2.2172,-0.005,-1.4431960835281643e-06,-1.172,0.3395,202.78,0
2.2185,-0.005,-2.17777392208518e-06,-1.172,0.3395,202.781,0
2.2199,-0.005,-3.0347796382557135e-06,-1.172,0.3395,202.78,0
2.2212,-0.005,-3.585711738196551e-06,-1.172,0.3395,202.794,0
2.2225,-0.005,-3.585711738196551e-06,-1.172,0.3395,202.796,0
2.2237,-0.005,-3.585711738196551e-06,-1.172,0.3395,202.761,0
2.225,-0.005,-3.585711738196551e-06,-1.172,0.3395,202.819,0
2.2264,-0.005,-3.585711738196551e-06,-1.172,0.3395,202.797,0
2.228,-0.005,-3.585711738196551e-06,-1.172,0.3395,202.807,0
2.2292,-0.005,-3.585711738196551e-06,-1.172,0.3395,202.761,0
2.2305,-0.005,-3.585711738196551e-06,-1.172,0.3395,202.824,0
2.2318,-0.005,-3.585711738196551e-06,-1.172,0.3395,202.814,0
2.233,-0.005,-3.585711738196551e-06,-1.172,0.3395,202.762,0
2.2343,-0.005,-3.585711738196551e-06,-1.172,0.3395,202.8,0
2.2356,-0.005,-3.585711738196551e-06,-1.172,0.3395,202.789,0
2.2369,-0.005,-3.585711738196551e-06,-1.172,0.3395,202.785,0
2.2382,-0.005,-3.585711738196551e-06,-1.172,0.3395,202.777,0
2.2395,-0.005,-3.585711738196551e-06,-1.172,0.3395,202.774,0
2.2407,-0.005,-3.585711738196551e-06,-1.172,0.3395,202.812,0
2.2421,-0.005,-3.585711738196551e-06,-1.172,0.3395,202.779,0
2.2434,-0.005,-3.585711738196551e-06,-1.172,0.3395,202.81,0
2.2447,-0.005,-3.585711738196551e-06,-1.172,0.3395,202.797,0
2.2461,-0.005,-3.585711738196551e-06,-1.172,0.3395,202.824,0
2.2475,-0.005,-3.585711738196551e-06,-1.172,0.3395,202.787,0
2.2488,-0.005,-3.585711738196551e-06,-1.172,0.3395,202.792,0
2.2501,-0.005,-3.585711738196551e-06,-1.172,0.3395,202.831,0
2.2513,-0.005,-3.585711738196551e-06,-1.172,0.3395,202.774,0
2.2526,-0.005,-3.585711738196551e-06,-1.172,0.3395,202.809,0
2.254,-0.005,-3.585711738196551e-06,-1.172,0.3395,202.77,0
2.2553,-0.005,-3.585711738196551e-06,-1.172,0.3395,202.82,0
2.2566,-0.005,-3.585711738196551e-06,-1.172,0.3395,202.747,0
2.2581,-0.005,-3.585711738196551e-06,-1.172,0.3395,202.798,0
2.2594,-0.005,-3.585711738196551e-06,-1.172,0.3395,202.804,0
2.2608,-0.005,-3.585711738196551e-06,-1.172,0.3395,202.772,0
2.2621,-0.005,-3.585711738196551e-06,-1.172,0.3395,202.813,0
2.2633,-0.005,-3.585711738196551e-06,-1.172,0.3395,202.794,0
2.2647,-0.005,-3.585711738196551e-06,-1.172,0.3395,202.805,0
2.2661,-0.005,-3.585711738196551e-06,-1.172,0.3395,202.79,0
2.2674,-0.005,-3.585711738196551e-06,-1.172,0.3395,202.808,0
2.2688,-0.005,-3.585711738196551e-06,-1.172,0.3395,202.783,0
2.2701,-0.005,-3.585711738196551e-06,-1.172,0.3395,202.798,0
2.2713,-0.005,-3.585711738196551e-06,-1.172,0.3395,202.784,0
2.2726,-0.005,-3.585711738196551e-06,-1.172,0.3395,202.817,0
2.2739,-0.005,-3.585711738196551e-06,-1.172,0.3395,202.807,0
2.2751,-0.005,-3.585711738196551e-06,-1.172,0.3395,202.784,0
2.2764,-0.005,-3.585711738196551e-06,-1.172,0.3395,202.82,0
2.2776,-0.005,-3.585711738196551e-06,-1.172,0.3395,202.78,0
2.2789,-0.005,-3.585711738196551e-06,-1.172,0.3395,202.801,0
2.2801,-0.005,-3.585711738196551e-06,-1.172,0.3395,202.791,0
2.2815,-0.005,-3.585711738196551e-06,-1.172,0.3395,202.765,0
2.2827,-0.005,-3.585711738196551e-06,-1.172,0.3395,202.806,0
2.284,-0.005,-3.585711738196551e-06,-1.172,0.3395,202.8,0
2.2853,-0.005,-3.585711738196551e-06,-1.172,0.3395,202.767,0
2.2865,-0.005,-3.585711738196551e-06,-1.172,0.3395,202.794,0
2.2881,-0.005,-3.585711738196551e-06,-1.172,0.3395,202.771,0
2.2893,-0.005,-3.585711738196551e-06,-1.172,0.3395,202.822,0
2.2905,-0.005,-3.585711738196551e-06,-1.172,0.3395,202.803,0
2.2917,-0.005,-3.585711738196551e-06,-1.172,0.3395,202.781,0
2.2929,-0.005,-3.585711738196551e-06,-1.172,0.3395,202.804,0
2.2942,-0.005,-3.585711738196551e-06,-1.172,0.3395,202.786,0
2.2954,-0.005,-3.585711738196551e-06,-1.172,0.3395,202.798,0
2.2967,-0.005,-3.585711738196551e-06,-1.172,0.3395,202.818,0
2.2981,-0.005,-3.585711738196551e-06,-1.172,0.3395,202.765,0
2.2993,-0.005,-3.585711738196551e-06,-1.172,0.3395,202.818,0
2.3006,-0.005,-3.585711738196551e-06,-1.172,0.3395,202.822,0
2.3019,-0.005,-3.585711738196551e-06,-1.172,0.3395,202.767,0
2.3031,-0.005,-3.585711738196551e-06,-1.172,0.3395,202.798,0
2.3044,-0.005,-3.585711738196551e-06,-1.172,0.3395,202.816,0
2.3056,-0.005,-3.585711738196551e-06,-1.172,0.3395,202.787,0
2.3069,-0.005,-3.585711738196551e-06,-1.172,0.3395,202.825,0
2.3082,-0.005,-3.585711738196551e-06,-1.172,0.3395,202.785,0
2.3094,-0.005,-3.585711738196551e-06,-1.172,0.3395,202.772,0
2.3106,-0.005,-3.585711738196551e-06,-1.172,0.3395,202.822,0
2.3119,-0.005,-3.585711738196551e-06,-1.172,0.3395,202.776,0
2.3131,-0.005,-3.585711738196551e-06,-1.172,0.3395,202.751,0
2.3144,-0.005,-3.585711738196551e-06,-1.172,0.3395,202.791,0
2.3157,-0.005,-3.585711738196551e-06,-1.172,0.3395,202.789,0
2.317,-0.005,-3.585711738196551e-06,-1.172,0.3395,202.806,0
2.3182,-0.005,-3.585711738196551e-06,-1.172,0.3395,202.748,0
2.3195,-0.005,-3.585711738196551e-06,-1.172,0.3395,202.8,0
2.3208,-0.005,-3.585711738196551e-06,-1.172,0.3395,202.782,0
2.322,-0.005,-3.585711738196551e-06,-1.172,0.3395,202.75,0
2.3233,-0.005,-3.585711738196551e-06,-1.172,0.3395,202.815,0
2.3245,-0.005,-3.585711738196551e-06,-1.172,0.3395,202.761,0
2.3259,-0.005,-3.585711738196551e-06,-1.172,0.3395,202.799,0
2.3272,-0.005,-3.585711738196551e-06,-1.172,0.3395,202.79,0
2.3284,-0.005,-3.585711738196551e-06,-1.172,0.3395,202.792,0
2.3297,-0.005,-3.585711738196551e-06,-1.172,0.3395,202.8,0
2.331,-0.005,-3.585711738196551e-06,-1.172,0.3395,202.788,0
2.3323,-0.005,-3.585711738196551e-06,-1.172,0.3395,202.782,0
2.3335,-0.005,-3.585711738196551e-06,-1.172,0.3395,202.811,0
2.3347,-0.005,-3.585711738196551e-06,-1.172,0.3395,202.768,0
2.3359,-0.005,-3.585711738196551e-06,-1.172,0.3395,202.803,0
2.3372,-0.005,-3.585711738196551e-06,-1.172,0.3395,202.809,0
2.3385,-0.005,-3.585711738196551e-06,-1.172,0.3395,202.772,0
2.3397,-0.005,-3.585711738196551e-06,-1.172,0.3395,202.798,0
2.3409,-0.005,-3.585711738196551e-06,-1.172,0.3395,202.809,0
2.3421,-0.005,-3.585711738196551e-06,-1.172,0.3395,202.787,0
2.3434,-0.005,-3.585711738196551e-06,-1.172,0.3395,202.805,0
2.3447,-0.005,-3.585711738196551e-06,-1.172,0.3395,202.771,0
2.3459,-0.005,-3.585711738196551e-06,-1.172,0.3395,202.768,0
2.3472,-0.005,-3.585711738196551e-06,-1.172,0.3395,202.82,0
2.3485,-0.005,-3.585711738196551e-06,-1.172,0.3395,202.796,0
2.3497,-0.005,-3.585711738196551e-06,-1.172,0.3395,202.792,0
2.3509,-0.005,-3.585711738196551e-06,-1.172,0.3395,202.774,0
2.3521,-0.005,-3.585711738196551e-06,-1.172,0.3395,202.794,0
2.3534,-0.005,-3.585711738196551e-06,-1.172,0.3395,202.801,0
2.3547,-0.005,-3.585711738196551e-06,-1.172,0.3395,202.792,0
2.356,-0.005,-3.585711738196551e-06,-1.172,0.3395,202.778,0
2.3572,-0.005,-3.585711738196551e-06,-1.172,0.3395,202.816,0
2.3584,-0.005,-3.585711738196551e-06,-1.172,0.3395,202.766,0
2.3597,-0.005,-3.585711738196551e-06,-1.172,0.3395,202.806,0
2.361,-0.005,-3.585711738196551e-06,-1.172,0.3395,202.794,0
2.3622,-0.005,-3.585711738196551e-06,-1.172,0.3395,202.774,0
2.3635,-0.005,-3.585711738196551e-06,-1.172,0.3395,202.782,0
2.3649,-0.005,-3.585711738196551e-06,-1.172,0.3395,202.796,0
2.3661,-0.005,-3.585711738196551e-06,-1.172,0.3395,202.817,0
2.3674,-0.005,-3.585711738196551e-06,-1.172,0.3395,202.794,0
2.3686,-0.005,-3.585711738196551e-06,-1.172,0.3395,202.794,0
2.3699,-0.005,-3.585711738196551e-06,-1.172,0.3395,202.772,0
2.3712,-0.005,-3.585711738196551e-06,-1.172,0.3395,202.785,0
2.3725,-0.005,-3.585711738196551e-06,-1.172,0.3395,202.773,0
2.3739,-0.005,-3.585711738196551e-06,-1.172,0.3395,202.842,0
2.3752,-0.005,-3.585711738196551e-06,-1.172,0.3395,202.755,0
2.3765,-0.005,-3.585711738196551e-06,-1.172,0.3395,202.816,0
2.3779,-0.005,-3.585711738196551e-06,-1.172,0.3395,202.793,0
2.3791,-0.005,-3.585711738196551e-06,-1.172,0.3395,202.787,0
2.3804,-0.005,-3.585711738196551e-06,-1.172,0.3395,202.832,0
2.3817,-0.005,-3.585711738196551e-06,-1.172,0.3395,202.79,0
2.383,-0.005,-3.585711738196551e-06,-1.172,0.3395,202.812,0
2.3842,-0.005,-3.585711738196551e-06,-1.172,0.3395,202.777,0
2.3855,-0.005,-3.585711738196551e-06,-1.172,0.3395,202.8,0
2.3868,-0.005,-3.585711738196551e-06,-1.172,0.3395,202.804,0
2.3881,-0.005,-3.585711738196551e-06,-1.172,0.3395,202.76,0
2.3894,-0.005,-3.585711738196551e-06,-1.172,0.3395,202.809,0
2.3908,-0.005,-3.585711738196551e-06,-1.172,0.3395,202.78,0
2.3922,-0.005,-3.585711738196551e-06,-1.172,0.3395,202.777,0
2.3935,-0.005,-3.585711738196551e-06,-1.172,0.3395,202.765,0
2.3949,-0.005,-3.585711738196551e-06,-1.172,0.3395,202.8,0
2.3962,-0.005,-3.585711738196551e-06,-1.172,0.3395,202.773,0
2.3977,-0.005,-3.585711738196551e-06,-1.172,0.3395,202.82,0
2.399,-0.005,-3.585711738196551e-06,-1.172,0.3395,202.803,0
2.4002,-0.005,-3.585711738196551e-06,-1.172,0.3395,202.812,0
2.4014,-0.005,-3.585711738196551e-06,-1.172,0.3395,202.769,0
2.4028,-0.005,-3.585711738196551e-06,-1.172,0.3395,202.797,0
2.404,-0.005,-3.585711738196551e-06,-1.172,0.3395,202.839,0
2.4053,-0.005,-3.585711738196551e-06,-1.172,0.3395,202.796,0
2.4066,-0.005,-3.585711738196551e-06,-1.172,0.3395,202.807,0
2.4079,-0.005,-3.585711738196551e-06,-1.172,0.3395,202.787,0
2.4091,-0.005,-3.585711738196551e-06,-1.172,0.3395,202.76,0
2.4104,-0.005,-3.585711738196551e-06,-1.172,0.3395,202.801,0
2.4117,-0.005,-3.585711738196551e-06,-1.172,0.3395,202.777,0
2.413,-0.005,-3.585711738196551e-06,-1.172,0.3395,202.766,0
2.4143,-0.005,-3.585711738196551e-06,-1.172,0.3395,202.827,0
2.4155,-0.005,-3.585711738196551e-06,-1.172,0.3395,202.759,0
2.4168,-0.005,-3.585711738196551e-06,-1.172,0.3395,202.766,0
2.418,-0.005,-3.585711738196551e-06,-1.172,0.3395,202.808,0
2.4192,-0.005,-3.585711738196551e-06,-1.172,0.3395,202.805,0
2.4205,-0.005,-3.585711738196551e-06,-1.172,0.3395,202.829,0
2.4218,-0.005,-3.585711738196551e-06,-1.172,0.3395,202.795,0
2.4231,-0.005,-3.585711738196551e-06,-1.172,0.3395,202.808,0
2.4243,-0.005,-3.585711738196551e-06,-1.172,0.3395,202.802,0
2.4256,-0.005,-3.585711738196551e-06,-1.172,0.3395,202.787,0
2.4269,-0.005,-3.585711738196551e-06,-1.172,0.3395,202.779,0
2.4282,-0.005,-3.585711738196551e-06,-1.172,0.3395,202.786,0
2.4294,-0.005,-3.585711738196551e-06,-1.172,0.3395,202.791,0
2.4306,-0.005,-3.585711738196551e-06,-1.172,0.3395,202.773,0
2.432,-0.005,-3.585711738196551e-06,-1.172,0.3395,202.793,0
2.4333,-0.005,-3.585711738196551e-06,-1.172,0.3395,202.807,0
2.4346,-0.005,-3.585711738196551e-06,-1.172,0.3395,202.816,0
2.4358,-0.005,-3.585711738196551e-06,-1.172,0.3395,202.775,0
2.4371,-0.005,-3.585711738196551e-06,-1.172,0.3395,202.798,0
2.4386,-0.005,-3.585711738196551e-06,-1.172,0.3395,202.784,0
2.44,-0.005,-3.585711738196551e-06,-1.172,0.3395,202.788,0
2.4413,-0.005,-3.585711738196551e-06,-1.172,0.3395,202.774,0
2.4425,-0.005,-3.585711738196551e-06,-1.172,0.3395,202.781,0
2.4437,-0.005,-3.585711738196551e-06,-1.172,0.3395,202.814,0
2.445,-0.005,-3.585711738196551e-06,-1.172,0.3395,202.777,0
2.4462,-0.005,-3.585711738196551e-06,-1.172,0.3395,202.811,0
2.4474,-0.005,-3.585711738196551e-06,-1.172,0.3395,202.815,0
2.4487,-0.005,-3.585711738196551e-06,-1.172,0.3395,202.779,0
2.45,-0.005,-3.585711738196551e-06,-1.172,0.3395,202.786,0
2.4513,-0.005,-3.585711738196551e-06,-1.172,0.3395,202.811,0
2.4526,-0.005,-3.585711738196551e-06,-1.172,0.3395,202.772,0
2.4539,-0.005,-3.585711738196551e-06,-1.172,0.3395,202.828,0
2.4551,-0.005,-3.585711738196551e-06,-1.172,0.3395,202.779,0
2.4563,-0.005,-3.585711738196551e-06,-1.172,0.3395,202.806,0
2.4576,-0.005,-3.585711738196551e-06,-1.172,0.3395,202.795,0
2.4588,-0.005,-3.585711738196551e-06,-1.172,0.3395,202.77,0
2.4601,-0.005,-3.585711738196551e-06,-1.172,0.3395,202.781,0
2.4612,-0.005,-3.585711738196551e-06,-1.172,0.3395,202.804,0
2.4625,-0.005,-3.585711738196551e-06,-1.172,0.3395,202.795,0
2.4637,-0.005,-3.585711738196551e-06,-1.172,0.3395,202.786,0
2.465,-0.005,-3.585711738196551e-06,-1.172,0.3395,202.797,0
2.4662,-0.005,-3.585711738196551e-06,-1.172,0.3395,202.813,0
2.4674,-0.005,-3.585711738196551e-06,-1.172,0.3395,202.8,0
2.4687,-0.005,-3.585711738196551e-06,-1.172,0.3395,202.814,0
2.47,-0.005,-3.585711738196551e-06,-1.172,0.3395,202.755,0
2.4712,-0.005,-3.585711738196551e-06,-1.172,0.3395,202.814,0
2.4725,-0.005,-3.585711738196551e-06,-1.172,0.3395,202.783,0
2.4738,-0.005,-3.585711738196551e-06,-1.172,0.3395,202.793,0
2.475,-0.005,-3.585711738196551e-06,-1.172,0.3395,202.818,0
2.4763,-0.005,-3.585711738196551e-06,-1.172,0.3395,202.767,0
2.4776,-0.005,-3.585711738196551e-06,-1.172,0.3395,202.806,0
2.4789,-0.005,-3.585711738196551e-06,-1.172,0.3395,202.765,0
2.4801,-0.005,-3.585711738196551e-06,-1.172,0.3395,202.808,0
2.4814,-0.005,-3.585711738196551e-06,-1.172,0.3395,202.804,0
2.4827,-0.005,-3.585711738196551e-06,-1.172,0.3395,202.791,0
2.4839,-0.005,-3.585711738196551e-06,-1.172,0.3395,202.803,0
2.4852,-0.005,-3.585711738196551e-06,-1.172,0.3395,202.803,0
2.4865,-0.005,-3.585711738196551e-06,-1.172,0.3395,202.792,0
2.4877,-0.005,-3.585711738196551e-06,-1.172,0.3395,202.842,0
2.489,-0.005,-3.585711738196551e-06,-1.172,0.3395,202.788,0
2.4903,-0.005,-3.585711738196551e-06,-1.172,0.3395,202.79,0
2.4916,-0.005,-3.585711738196551e-06,-1.172,0.3395,202.811,0
2.4928,-0.005,-3.585711738196551e-06,-1.172,0.3395,202.803,0
2.4941,-0.005,-3.585711738196551e-06,-1.172,0.3395,202.818,0
2.4953,-0.005,-3.585711738196551e-06,-1.172,0.3395,202.78,0
2.4966,-0.005,-3.585711738196551e-06,-1.172,0.3395,202.777,0
2.4979,-0.005,-3.585711738196551e-06,-1.172,0.3395,202.82,0
2.4992,-0.005,-3.585711738196551e-06,-1.172,0.3395,202.783,0
2.5004,-0.005,-3.585711738196551e-06,-1.172,0.3395,202.804,0
2.5017,-0.005,-3.585711738196551e-06,-1.172,0.3395,202.81,0
2.503,-0.005,-3.585711738196551e-06,-1.172,0.3395,202.797,0
2.5042,-0.005,-3.585711738196551e-06,-1.172,0.3395,202.794,0
2.5055,-0.005,-3.585711738196551e-06,-1.172,0.3395,202.778,0
2.5067,-0.005,-3.585711738196551e-06,-1.172,0.3395,202.78,0
2.5079,-0.005,-3.585711738196551e-06,-1.172,0.3395,202.805,0
2.5091,-0.005,-3.585711738196551e-06,-1.172,0.3395,202.829,0
2.5104,-0.005,-3.585711738196551e-06,-1.172,0.3395,202.768,0
2.5118,-0.005,-3.585711738196551e-06,-1.172,0.3395,202.809,0
2.5129,-0.005,-3.585711738196551e-06,-1.172,0.3395,202.789,0
2.5141,-0.005,-3.585711738196551e-06,-1.172,0.3395,202.809,0
2.5154,-0.005,-3.585711738196551e-06,-1.172,0.3395,202.808,0
2.5168,-0.005,-3.585711738196551e-06,-1.172,0.3395,202.777,0
2.518,-0.005,-3.585711738196551e-06,-1.172,0.3395,202.805,0
2.5193,-0.005,-3.585711738196551e-06,-1.172,0.3395,202.796,0
2.5206,-0.005,-3.585711738196551e-06,-1.172,0.3395,202.796,0
2.5219,-0.005,-3.585711738196551e-06,-1.172,0.3395,202.807,0
2.5231,-0.005,-3.585711738196551e-06,-1.172,0.3395,202.797,0
2.5243,-0.005,-3.585711738196551e-06,-1.172,0.3395,202.793,0
2.5256,-0.005,-3.585711738196551e-06,-1.172,0.3395,202.772,0
2.5268,-0.005,-3.585711738196551e-06,-1.172,0.3395,202.768,0
2.5282,-0.005,-3.585711738196551e-06,-1.172,0.3395,202.79,0
2.5294,-0.005,-3.585711738196551e-06,-1.172,0.3395,202.808,0
2.5307,-0.005,-3.585711738196551e-06,-1.172,0.3395,202.763,0
2.5321,-0.005,-3.585711738196551e-06,-1.172,0.3395,202.79,0
2.5334,-0.005,-3.585711738196551e-06,-1.172,0.3395,202.763,0
2.5347,-0.005,-3.585711738196551e-06,-1.172,0.3395,202.81,0
2.536,-0.005,-3.585711738196551e-06,-1.172,0.3395,202.777,0
2.5372,-0.005,-3.585711738196551e-06,-1.172,0.3395,202.804,0
2.5384,-0.005,-3.585711738196551e-06,-1.172,0.3395,202.83,0
2.5397,-0.005,-3.585711738196551e-06,-1.172,0.3395,202.779,0
2.541,-0.005,-3.585711738196551e-06,-1.172,0.3395,202.805,0
2.5422,-0.005,-3.585711738196551e-06,-1.172,0.3395,202.78,0
2.5434,-0.005,-3.585711738196551e-06,-1.172,0.3395,202.772,0
2.5447,-0.005,-3.585711738196551e-06,-1.172,0.3395,202.816,0
2.546,-0.005,-3.585711738196551e-06,-1.172,0.3395,202.807,0
2.5472,-0.005,-3.585711738196551e-06,-1.172,0.3395,202.82,0
2.5485,-0.005,-3.585711738196551e-06,-1.172,0.3395,202.838,0
2.5499,-0.005,-3.585711738196551e-06,-1.172,0.3395,202.777,0
2.5511,-0.005,-3.585711738196551e-06,-1.172,0.3395,202.801,0
2.5524,-0.005,-3.585711738196551e-06,-1.172,0.3395,202.795,0
2.5538,-0.005,-3.585711738196551e-06,-1.172,0.3395,202.812,0
2.5551,-0.005,-3.585711738196551e-06,-1.172,0.3395,202.778,0
2.5563,-0.005,-3.585711738196551e-06,-1.172,0.3395,202.798,0
2.5575,-0.005,-3.585711738196551e-06,-1.172,0.3395,202.792,0
2.5589,-0.005,-3.585711738196551e-06,-1.172,0.3395,202.795,0
2.5603,-0.005,-3.585711738196551e-06,-1.172,0.3395,202.786,0
2.5616,-0.005,-3.585711738196551e-06,-1.172,0.3395,202.81,0
2.5628,-0.005,-3.585711738196551e-06,-1.172,0.3395,202.772,0
2.5641,-0.005,-3.585711738196551e-06,-1.172,0.3395,202.81,0
2.5654,-0.005,-3.585711738196551e-06,-1.172,0.3395,202.757,0
2.5666,-0.005,-3.585711738196551e-06,-1.172,0.3395,202.795,0
2.5679,-0.005,-3.585711738196551e-06,-1.172,0.3395,202.813,0
2.5691,-0.005,-3.585711738196551e-06,-1.172,0.3395,202.775,0
2.5703,-0.005,-3.585711738196551e-06,-1.172,0.3395,202.784,0
2.5716,-0.005,-3.585711738196551e-06,-1.172,0.3395,202.801,0
2.5729,-0.005,-3.585711738196551e-06,-1.172,0.3395,202.778,0
2.5741,-0.005,-3.585711738196551e-06,-1.172,0.3395,202.79,0
2.5754,-0.005,-3.585711738196551e-06,-1.172,0.3395,202.818,0
2.5766,-0.005,-3.585711738196551e-06,-1.172,0.3395,202.776,0
2.5779,-0.005,-3.585711738196551e-06,-1.172,0.3395,202.809,0
2.5791,-0.005,-3.585711738196551e-06,-1.172,0.3395,202.759,0
2.5804,-0.005,-3.585711738196551e-06,-1.172,0.3395,202.775,0
2.5817,-0.005,-3.585711738196551e-06,-1.172,0.3395,202.802,0
2.583,-0.005,-3.585711738196551e-06,-1.172,0.3395,202.778,0
2.5842,-0.005,-3.585711738196551e-06,-1.172,0.3395,202.798,0
2.5854,-0.005,-3.585711738196551e-06,-1.172,0.3395,202.815,0
2.5867,-0.005,-3.585711738196551e-06,-1.172,0.3395,202.802,0
2.588,-0.005,-3.585711738196551e-06,-1.172,0.3395,202.818,0
2.5892,-0.005,-3.585711738196551e-06,-1.172,0.3395,202.771,0
2.5904,-0.005,-3.585711738196551e-06,-1.172,0.3395,202.794,0
2.5918,-0.005,-3.585711738196551e-06,-1.172,0.3395,202.809,0
2.593,-0.005,-3.585711738196551e-06,-1.172,0.3395,202.77,0
2.5943,-0.005,-3.585711738196551e-06,-1.172,0.3395,202.789,0
2.5955,-0.005,-3.585711738196551e-06,-1.172,0.3395,202.783,0
2.5968,-0.005,-3.585711738196551e-06,-1.172,0.3395,202.781,0
2.5981,-0.005,-3.585711738196551e-06,-1.172,0.3395,202.768,0
2.5994,-0.005,-3.585711738196551e-06,-1.172,0.3395,202.794,0
2.6007,-0.005,-3.585711738196551e-06,-1.172,0.3395,202.748,0
2.6019,-0.005,-3.585711738196551e-06,-1.172,0.3395,202.798,0
2.6032,-0.005,-3.585711738196551e-06,-1.172,0.3395,202.807,0
2.6044,-0.005,-3.585711738196551e-06,-1.172,0.3395,202.77,0
2.6056,-0.005,-3.585711738196551e-06,-1.172,0.3395,202.806,0
2.607,-0.005,-3.585711738196551e-06,-1.172,0.3395,202.773,0
2.6082,-0.005,-3.585711738196551e-06,-1.172,0.3395,202.791,0
2.6095,-0.005,-3.585711738196551e-06,-1.172,0.3395,202.787,0
2.6107,-0.005,-3.585711738196551e-06,-1.172,0.3395,202.802,0
2.6119,-0.005,-3.585711738196551e-06,-1.172,0.3395,202.774,0
2.6132,-0.005,-3.585711738196551e-06,-1.172,0.3395,202.762,0
2.6144,-0.005,-3.585711738196551e-06,-1.172,0.3395,202.806,0
2.6158,-0.005,-3.585711738196551e-06,-1.172,0.3395,202.777,0
2.6169,-0.005,-3.585711738196551e-06,-1.172,0.3395,202.783,0
2.6181,-0.005,-3.585711738196551e-06,-1.172,0.3395,202.81,0
2.6193,-0.005,-3.585711738196551e-06,-1.172,0.3395,202.793,0
2.6206,-0.005,-3.585711738196551e-06,-1.172,0.3395,202.747,0
2.6219,-0.005,-3.585711738196551e-06,-1.172,0.3395,202.794,0
2.6231,-0.005,-3.585711738196551e-06,-1.172,0.3395,202.793,0
2.6243,-0.005,-3.585711738196551e-06,-1.172,0.3395,202.79,0
2.6255,-0.005,-3.585711738196551e-06,-1.172,0.3395,202.809,0
2.6268,-0.005,-3.585711738196551e-06,-1.172,0.3395,202.804,0
2.628,-0.005,-3.585711738196551e-06,-1.172,0.3395,202.795,0
2.6293,-0.005,-3.585711738196551e-06,-1.172,0.3395,202.81,0
2.6305,-0.005,-3.585711738196551e-06,-1.172,0.3395,202.808,0
2.6319,-0.005,-3.585711738196551e-06,-1.172,0.3395,202.792,0
2.6332,-0.005,-3.585711738196551e-06,-1.172,0.3395,202.801,0
2.6345,-0.005,-3.585711738196551e-06,-1.172,0.3395,202.776,0
2.6357,-0.005,-3.585711738196551e-06,-1.172,0.3395,202.798,0
2.6369,-0.005,-3.585711738196551e-06,-1.172,0.3395,202.776,0
2.6381,-0.005,-3.585711738196551e-06,-1.172,0.3395,202.771,0
2.6394,-0.005,-3.585711738196551e-06,-1.172,0.3395,202.799,0
2.6407,-0.005,-3.585711738196551e-06,-1.172,0.3395,202.814,0
2.642,-0.005,-3.585711738196551e-06,-1.172,0.3395,202.762,0
2.6433,-0.005,-3.585711738196551e-06,-1.172,0.3395,202.794,0
2.6445,-0.005,-3.585711738196551e-06,-1.172,0.3395,202.799,0
2.6457,-0.005,-3.585711738196551e-06,-1.172,0.3395,202.78,0
2.647,-0.005,-3.585711738196551e-06,-1.172,0.3395,202.816,0
2.6482,-0.005,-3.585711738196551e-06,-1.172,0.3395,202.806,0
2.6496,-0.005,-3.585711738196551e-06,-1.172,0.3395,202.811,0
2.6509,-0.005,-3.585711738196551e-06,-1.172,0.3395,202.776,0
2.6521,-0.005,-3.585711738196551e-06,-1.172,0.3395,202.793,0
2.6533,-0.005,-3.585711738196551e-06,-1.172,0.3395,202.835,0
2.6545,-0.005,-3.585711738196551e-06,-1.172,0.3395,202.791,0
2.6557,-0.005,-3.585711738196551e-06,-1.172,0.3395,202.785,0
2.6569,-0.005,-3.585711738196551e-06,-1.172,0.3395,202.815,0
2.6582,-0.005,-3.585711738196551e-06,-1.172,0.3395,202.781,0
2.6594,-0.005,-3.585711738196551e-06,-1.172,0.3395,202.798,0
2.6606,-0.005,-3.585711738196551e-06,-1.172,0.3395,202.802,0
2.6618,-0.005,-3.585711738196551e-06,-1.172,0.3395,202.753,0
2.6631,-0.005,-3.585711738196551e-06,-1.172,0.3395,202.808,0
2.6642,-0.005,-3.585711738196551e-06,-1.172,0.3395,202.791,0
2.6655,-0.005,-3.585711738196551e-06,-1.172,0.3395,202.759,0
2.6667,-0.005,-3.585711738196551e-06,-1.172,0.3395,202.783,0
2.6679,-0.005,-3.585711738196551e-06,-1.172,0.3395,202.816,0
2.6693,-0.005,-3.585711738196551e-06,-1.172,0.3395,202.768,0
2.6705,-0.005,-3.585711738196551e-06,-1.172,0.3395,202.797,0
2.6719,-0.005,-3.585711738196551e-06,-1.172,0.3395,202.8,0
2.6731,-0.005,-3.585711738196551e-06,-1.172,0.3395,202.804,0
2.6744,-0.005,-3.585711738196551e-06,-1.172,0.3395,202.817,0
2.6757,-0.005,-3.585711738196551e-06,-1.172,0.3395,202.758,0
2.6769,-0.005,-3.585711738196551e-06,-1.172,0.3395,202.798,0
2.6782,-0.005,-3.585711738196551e-06,-1.172,0.3395,202.766,0
2.6795,-0.005,-3.585711738196551e-06,-1.172,0.3395,202.797,0
2.6807,-0.005,-3.585711738196551e-06,-1.172,0.3395,202.785,0
2.682,-0.005,-3.585711738196551e-06,-1.172,0.3395,202.771,0
2.6832,-0.005,-3.585711738196551e-06,-1.172,0.3395,202.78,0
2.6845,-0.005,-3.585711738196551e-06,-1.172,0.3395,202.818,0
2.6859,-0.005,-3.585711738196551e-06,-1.172,0.3395,202.818,0
2.6871,-0.005,-3.585711738196551e-06,-1.172,0.3395,202.779,0
2.6883,-0.005,-3.585711738196551e-06,-1.172,0.3395,202.847,0
2.6896,-0.005,-3.585711738196551e-06,-1.172,0.3395,202.783,0
2.6909,-0.005,-3.585711738196551e-06,-1.172,0.3395,202.819,0
2.6921,-0.005,-3.585711738196551e-06,-1.172,0.3395,202.779,0
2.6934,-0.005,-3.585711738196551e-06,-1.172,0.3395,202.8,0
2.6947,-0.005,-3.585711738196551e-06,-1.172,0.3395,202.78,0
2.6959,-0.005,-3.585711738196551e-06,-1.172,0.3395,202.771,0
2.6973,-0.005,-3.585711738196551e-06,-1.172,0.3395,202.785,0
2.6986,-0.005,-3.585711738196551e-06,-1.172,0.3395,202.762,0
2.6998,-0.005,-3.585711738196551e-06,-1.172,0.3395,202.801,0
2.701,-0.005,-3.585711738196551e-06,-1.172,0.3395,202.801,0
2.7023,-0.005,-3.585711738196551e-06,-1.172,0.3395,202.778,0
2.7035,-0.005,-3.585711738196551e-06,-1.172,0.3395,202.804,0
2.7049,-0.005,-3.585711738196551e-06,-1.172,0.3395,202.798,0
2.7062,-0.005,-3.585711738196551e-06,-1.172,0.3395,202.786,0
2.7075,-0.005,-3.585711738196551e-06,-1.172,0.3395,202.817,0
2.7089,-0.005,-3.585711738196551e-06,-1.172,0.3395,202.798,0
2.7102,-0.005,-3.585711738196551e-06,-1.172,0.3395,202.819,0
2.7115,-0.005,-3.585711738196551e-06,-1.172,0.3395,202.781,0
2.7128,-0.005,-3.585711738196551e-06,-1.172,0.3395,202.823,0
2.714,-0.005,-3.585711738196551e-06,-1.172,0.3395,202.798,0
2.7153,-0.005,-3.585711738196551e-06,-1.172,0.3395,202.796,0
2.7166,-0.005,-3.585711738196551e-06,-1.172,0.3395,202.801,0
2.7179,-0.005,-3.585711738196551e-06,-1.172,0.3395,202.787,0
2.7194,-0.005,-3.585711738196551e-06,-1.172,0.3395,202.816,0
2.7208,-0.005,-3.585711738196551e-06,-1.172,0.3395,202.769,0
2.722,-0.005,-3.585711738196551e-06,-1.172,0.3395,202.819,0
2.7233,-0.005,-3.585711738196551e-06,-1.172,0.3395,202.789,0
2.7246,-0.005,-3.585711738196551e-06,-1.172,0.3395,202.756,0
2.7258,-0.005,-3.585711738196551e-06,-1.172,0.3395,202.812,0
2.727,-0.005,-3.585711738196551e-06,-1.172,0.3395,202.777,0
2.7283,-0.005,-3.585711738196551e-06,-1.172,0.3395,202.791,0
2.7296,-0.005,-3.585711738196551e-06,-1.172,0.3395,202.798,0
2.7308,-0.005,-3.585711738196551e-06,-1.172,0.3395,202.782,0
2.732,-0.005,-3.585711738196551e-06,-1.172,0.3395,202.785,0
2.7333,-0.005,-3.585711738196551e-06,-1.172,0.3395,202.795,0
2.7346,-0.005,-3.585711738196551e-06,-1.172,0.3395,202.805,0
2.7359,-0.005,-3.585711738196551e-06,-1.172,0.3395,202.781,0
2.7372,-0.005,-3.585711738196551e-06,-1.172,0.3395,202.783,0
2.7384,-0.005,-3.585711738196551e-06,-1.172,0.3395,202.812,0
2.7398,-0.005,-3.585711738196551e-06,-1.172,0.3395,202.778,0
2.741,-0.005,-3.585711738196551e-06,-1.172,0.3395,202.802,0
2.7423,-0.005,-3.585711738196551e-06,-1.172,0.3395,202.797,0
2.7435,-0.005,-3.585711738196551e-06,-1.172,0.3395,202.777,0
2.7448,-0.005,-3.585711738196551e-06,-1.172,0.3395,202.77,0
2.7461,-0.005,-3.585711738196551e-06,-1.172,0.3395,202.823,0
2.7474,-0.005,-3.585711738196551e-06,-1.172,0.3395,202.802,0
2.7486,-0.005,-3.585711738196551e-06,-1.172,0.3395,202.794,0
2.7499,-0.005,-3.585711738196551e-06,-1.172,0.3395,202.778,0
2.7512,-0.005,-3.585711738196551e-06,-1.172,0.3395,202.79,0
2.7525,-0.005,-3.585711738196551e-06,-1.172,0.3395,202.781,0
2.7539,-0.005,-3.585711738196551e-06,-1.172,0.3395,202.789,0
2.7552,-0.005,-3.585711738196551e-06,-1.172,0.3395,202.821,0
2.7566,-0.005,-3.585711738196551e-06,-1.172,0.3395,202.793,0
2.758,-0.005,-3.585711738196551e-06,-1.172,0.3395,202.803,0
2.7595,-0.005,-3.585711738196551e-06,-1.172,0.3395,202.798,0
2.7608,-0.005,-3.585711738196551e-06,-1.172,0.3395,202.798,0
2.762,-0.005,-3.585711738196551e-06,-1.172,0.3395,202.807,0
2.7633,-0.005,-3.585711738196551e-06,-1.172,0.3395,202.818,0
2.7646,-0.005,-3.585711738196551e-06,-1.172,0.3395,202.766,0
2.7659,-0.005,-3.585711738196551e-06,-1.172,0.3395,202.807,0
2.7672,-0.005,-3.585711738196551e-06,-1.172,0.3395,202.808,0
2.7685,-0.005,-3.585711738196551e-06,-1.172,0.3395,202.792,0
2.7697,-0.005,-3.585711738196551e-06,-1.172,0.3395,202.787,0
2.771,-0.005,-3.585711738196551e-06,-1.172,0.3395,202.772,0
2.7723,-0.005,-3.585711738196551e-06,-1.172,0.3395,202.821,0
2.7736,-0.005,-3.585711738196551e-06,-1.172,0.3395,202.828,0
2.7749,-0.005,-3.585711738196551e-06,-1.172,0.3395,202.797,0
2.7761,-0.005,-3.585711738196551e-06,-1.172,0.3395,202.766,0
2.7774,-0.005,-3.585711738196551e-06,-1.172,0.3395,202.777,0
2.7786,-0.005,-3.585711738196551e-06,-1.172,0.3395,202.783,0
2.7798,-0.005,-3.585711738196551e-06,-1.172,0.3395,202.786,0
2.781,-0.005,-3.585711738196551e-06,-1.172,0.3395,202.779,0
2.7823,-0.005,-3.585711738196551e-06,-1.172,0.3395,202.776,0
2.7837,-0.005,-3.585711738196551e-06,-1.172,0.3395,202.819,0
2.7851,-0.005,-3.585711738196551e-06,-1.172,0.3395,202.79,0
2.7864,-0.005,-3.585711738196551e-06,-1.172,0.3395,202.797,0
2.7878,-0.005,-3.585711738196551e-06,-1.172,0.3395,202.753,0
2.789,-0.005,-3.585711738196551e-06,-1.172,0.3395,202.812,0
2.7904,-0.005,-3.585711738196551e-06,-1.172,0.3395,202.777,0
2.7917,-0.005,-3.585711738196551e-06,-1.172,0.3395,202.807,0
2.793,-0.005,-3.585711738196551e-06,-1.172,0.3395,202.797,0
2.7943,-0.005,-3.585711738196551e-06,-1.172,0.3395,202.796,0
2.7955,-0.005,-3.585711738196551e-06,-1.172,0.3395,202.803,0
2.7968,-0.005,-3.585711738196551e-06,-1.172,0.3395,202.783,0
2.7981,-0.005,-3.585711738196551e-06,-1.172,0.3395,202.796,0
2.7997,-0.005,-3.585711738196551e-06,-1.172,0.3395,202.786,0
2.801,-0.005,-3.585711738196551e-06,-1.172,0.3395,202.814,0
2.8024,-0.005,-3.585711738196551e-06,-1.172,0.3395,202.768,0
2.8037,-0.005,-3.585711738196551e-06,-1.172,0.3395,202.802,0
2.8049,-0.005,-3.585711738196551e-06,-1.172,0.3395,202.786,0
2.8062,-0.005,-3.585711738196551e-06,-1.172,0.3395,202.772,0
2.8074,-0.005,-3.585711738196551e-06,-1.172,0.3395,202.795,0
2.8086,-0.005,-3.585711738196551e-06,-1.172,0.3395,202.823,0
2.8099,-0.005,-3.585711738196551e-06,-1.172,0.3395,202.81,0
2.8118,-0.005,-3.585711738196551e-06,-1.172,0.3395,202.794,0
2.8132,-0.005,-3.585711738196551e-06,-1.172,0.3395,202.814,0
2.8145,-0.005,-3.585711738196551e-06,-1.172,0.3395,202.782,0
2.8159,-0.005,-3.585711738196551e-06,-1.172,0.3395,202.779,0
2.8171,-0.005,-3.585711738196551e-06,-1.172,0.3395,202.791,0
2.8184,-0.005,-3.585711738196551e-06,-1.172,0.3395,202.774,0
2.8197,-0.005,-3.585711738196551e-06,-1.172,0.3395,202.806,0
2.8209,-0.005,-3.585711738196551e-06,-1.172,0.3395,202.789,0
2.8223,-0.005,-3.585711738196551e-06,-1.172,0.3395,202.819,0
2.8235,-0.005,-3.585711738196551e-06,-1.172,0.3395,202.77,0
2.8249,-0.005,-3.585711738196551e-06,-1.172,0.3395,202.807,0
2.8262,-0.005,-3.585711738196551e-06,-1.172,0.3395,202.797,0
2.8274,-0.005,-3.585711738196551e-06,-1.172,0.3395,202.79,0
2.8287,-0.005,-3.585711738196551e-06,-1.172,0.3395,202.75,0
2.8299,-0.005,-3.585711738196551e-06,-1.172,0.3395,202.742,0
2.8312,-0.005,-3.585711738196551e-06,-1.172,0.3395,202.827,0
2.8326,-0.005,-3.585711738196551e-06,-1.172,0.3395,202.787,0
2.8339,-0.005,-3.585711738196551e-06,-1.172,0.3395,202.804,0
2.8352,-0.005,-3.585711738196551e-06,-1.172,0.3395,202.783,0
2.8365,-0.005,-3.585711738196551e-06,-1.172,0.3395,202.791,0
2.8377,-0.005,-3.585711738196551e-06,-1.172,0.3395,202.814,0
2.8391,-0.005,-3.585711738196551e-06,-1.172,0.3395,202.801,0
2.8404,-0.005,-3.585711738196551e-06,-1.172,0.3395,202.787,0
2.8418,-0.005,-3.585711738196551e-06,-1.172,0.3395,202.763,0
2.843,-0.005,-3.585711738196551e-06,-1.172,0.3395,202.808,0
2.8443,-0.005,-3.585711738196551e-06,-1.172,0.3395,202.797,0
2.8456,-0.005,-3.585711738196551e-06,-1.172,0.3395,202.771,0
2.8468,-0.005,-3.585711738196551e-06,-1.172,0.3395,202.803,0
2.8481,-0.005,-3.585711738196551e-06,-1.172,0.3395,202.818,0
2.8494,-0.005,-3.585711738196551e-06,-1.172,0.3395,202.793,0
2.8506,-0.005,-3.585711738196551e-06,-1.172,0.3395,202.805,0
2.8519,-0.005,-3.585711738196551e-06,-1.172,0.3395,202.784,0
2.8531,-0.005,-3.585711738196551e-06,-1.172,0.3395,202.812,0
2.8543,-0.005,-3.585711738196551e-06,-1.172,0.3395,202.778,0
2.8556,-0.005,-3.585711738196551e-06,-1.172,0.3395,202.794,0
2.857,-0.005,-3.585711738196551e-06,-1.172,0.3395,202.786,0
2.8582,-0.005,-3.585711738196551e-06,-1.172,0.3395,202.775,0
2.8595,-0.005,-3.585711738196551e-06,-1.172,0.3395,202.784,0
2.8607,-0.005,-3.585711738196551e-06,-1.172,0.3395,202.805,0
2.8619,-0.005,-3.585711738196551e-06,-1.172,0.3395,202.776,0
2.8633,-0.005,-3.585711738196551e-06,-1.172,0.3395,202.782,0
2.8648,-0.005,-3.585711738196551e-06,-1.172,0.3395,202.775,0
2.8661,-0.005,-3.585711738196551e-06,-1.172,0.3395,202.822,0
2.8674,-0.005,-3.585711738196551e-06,-1.172,0.3395,202.775,0
2.8688,-0.005,-3.585711738196551e-06,-1.172,0.3395,202.799,0
2.87,-0.005,-3.585711738196551e-06,-1.172,0.3395,202.785,0
2.8713,-0.005,-3.585711738196551e-06,-1.172,0.3395,202.787,0
2.8726,-0.005,-3.585711738196551e-06,-1.172,0.3395,202.776,0
2.8739,-0.005,-3.585711738196551e-06,-1.172,0.3395,202.804,0
2.8751,-0.005,-3.585711738196551e-06,-1.172,0.3395,202.807,0
2.8764,-0.005,-3.585711738196551e-06,-1.172,0.3395,202.831,0
2.8776,-0.005,-3.585711738196551e-06,-1.172,0.3395,202.785,0
2.8788,-0.005,-3.585711738196551e-06,-1.172,0.3395,202.803,0
2.88,-0.005,-3.585711738196551e-06,-1.172,0.3395,202.776,0
2.8812,-0.005,-3.585711738196551e-06,-1.172,0.3395,202.779,0
2.8825,-0.005,-3.585711738196551e-06,-1.172,0.3395,202.808,0
2.8837,-0.005,-3.585711738196551e-06,-1.172,0.3395,202.811,0
2.885,-0.005,-3.585711738196551e-06,-1.172,0.3395,202.76,0
2.8863,-0.005,-3.585711738196551e-06,-1.172,0.3395,202.777,0
2.8875,-0.005,-3.585711738196551e-06,-1.172,0.3395,202.799,0
2.8889,-0.005,-3.585711738196551e-06,-1.172,0.3395,202.777,0
2.8902,-0.005,-3.585711738196551e-06,-1.172,0.3395,202.799,0
2.8914,-0.005,-3.585711738196551e-06,-1.172,0.3395,202.764,0
2.8927,-0.005,-3.585711738196551e-06,-1.172,0.3395,202.82,0
2.8939,-0.005,-3.585711738196551e-06,-1.172,0.3395,202.801,0
2.8951,-0.005,-3.585711738196551e-06,-1.172,0.3395,202.773,0
2.8963,-0.005,-3.585711738196551e-06,-1.172,0.3395,202.839,0
2.8975,-0.005,-3.585711738196551e-06,-1.172,0.3395,202.789,0
2.8988,-0.005,-3.585711738196551e-06,-1.172,0.3395,202.761,0
2.9,-0.005,-3.585711738196551e-06,-1.172,0.3395,202.822,0
2.9013,-0.005,-3.585711738196551e-06,-1.172,0.3395,202.803,0
2.9026,-0.005,-3.585711738196551e-06,-1.172,0.3395,202.824,0
2.9039,-0.005,-3.585711738196551e-06,-1.172,0.3395,202.821,0
2.9053,-0.005,-3.585711738196551e-06,-1.172,0.3395,202.763,0
2.9066,-0.005,-3.585711738196551e-06,-1.172,0.3395,202.803,0
2.9079,-0.005,-3.585711738196551e-06,-1.172,0.3395,202.798,0
2.9092,-0.005,-3.585711738196551e-06,-1.172,0.3395,202.805,0
2.9104,-0.005,-3.585711738196551e-06,-1.172,0.3395,202.803,0
2.9116,-0.005,-3.585711738196551e-06,-1.172,0.3395,202.762,0
2.913,-0.005,-3.585711738196551e-06,-1.172,0.3395,202.802,0
2.9142,-0.005,-3.585711738196551e-06,-1.172,0.3395,202.791,0
2.9155,-0.005,-3.585711738196551e-06,-1.172,0.3395,202.801,0
2.9168,-0.005,-3.585711738196551e-06,-1.172,0.3395,202.799,0
2.9181,-0.005,-3.585711738196551e-06,-1.172,0.3395,202.788,0
2.9194,-0.005,-3.585711738196551e-06,-1.172,0.3395,202.793,0
2.9206,-0.005,-3.585711738196551e-06,-1.172,0.3395,202.801,0
2.9218,-0.005,-3.585711738196551e-06,-1.172,0.3395,202.783,0
2.9231,-0.005,-3.585711738196551e-06,-1.172,0.3395,202.807,0
2.9243,-0.005,-3.585711738196551e-06,-1.172,0.3395,202.773,0
2.9255,-0.005,-3.585711738196551e-06,-1.172,0.3395,202.785,0
2.9269,-0.005,-3.585711738196551e-06,-1.172,0.3395,202.817,0
2.9281,-0.005,-3.585711738196551e-06,-1.172,0.3395,202.794,0
2.9293,-0.005,-3.585711738196551e-06,-1.172,0.3395,202.785,0
2.9305,-0.005,-3.585711738196551e-06,-1.172,0.3395,202.766,0
2.9319,-0.005,-3.585711738196551e-06,-1.172,0.3395,202.789,0
2.933,-0.005,-3.585711738196551e-06,-1.172,0.3395,202.805,0
2.9342,-0.005,-3.585711738196551e-06,-1.172,0.3395,202.798,0
2.9355,-0.005,-3.585711738196551e-06,-1.172,0.3395,202.801,0
2.9368,-0.005,-3.585711738196551e-06,-1.172,0.3395,202.81,0
2.938,-0.005,-3.585711738196551e-06,-1.172,0.3395,202.757,0
2.9392,-0.005,-3.585711738196551e-06,-1.172,0.3395,202.765,0
2.9403,-0.005,-3.585711738196551e-06,-1.172,0.3395,202.818,0
2.9415,-0.005,-3.585711738196551e-06,-1.172,0.3395,202.811,0
2.9429,-0.005,-3.585711738196551e-06,-1.172,0.3395,202.788,0
2.9442,-0.005,-3.585711738196551e-06,-1.172,0.3395,202.817,0
2.9454,-0.005,-3.585711738196551e-06,-1.172,0.3395,202.808,0
2.9466,-0.005,-3.585711738196551e-06,-1.172,0.3395,202.802,0
2.9478,-0.005,-3.585711738196551e-06,-1.172,0.3395,202.789,0
2.9491,-0.005,-3.585711738196551e-06,-1.172,0.3395,202.786,0
2.9503,-0.005,-3.585711738196551e-06,-1.172,0.3395,202.785,0
2.9515,-0.005,-3.585711738196551e-06,-1.172,0.3395,202.828,0
2.9529,-0.005,-3.585711738196551e-06,-1.172,0.3395,202.791,0
2.9541,-0.005,-3.585711738196551e-06,-1.172,0.3395,202.801,0
2.9554,-0.005,-3.585711738196551e-06,-1.172,0.3395,202.787,0
2.9567,-0.005,-3.585711738196551e-06,-1.172,0.3395,202.793,0
2.9579,-0.005,-3.585711738196551e-06,-1.172,0.3395,202.788,0
2.9591,-0.005,-3.585711738196551e-06,-1.172,0.3395,202.811,0
2.9604,-0.005,-3.585711738196551e-06,-1.172,0.3395,202.824,0
2.9617,-0.005,-3.585711738196551e-06,-1.172,0.3395,202.798,0
2.9629,-0.005,-3.585711738196551e-06,-1.172,0.3395,202.785,0
2.9642,-0.005,-3.585711738196551e-06,-1.172,0.3395,202.793,0
2.9654,-0.005,-3.585711738196551e-06,-1.172,0.3395,202.786,0
2.9667,-0.005,-3.585711738196551e-06,-1.172,0.3395,202.793,0
2.968,-0.005,-3.585711738196551e-06,-1.172,0.3395,202.823,0
2.9692,-0.005,-3.585711738196551e-06,-1.172,0.3395,202.827,0
2.9705,-0.005,-3.585711738196551e-06,-1.172,0.3395,202.764,0
2.9717,-0.005,-3.585711738196551e-06,-1.172,0.3395,202.807,0
2.973,-0.005,-3.585711738196551e-06,-1.172,0.3395,202.808,0
2.9743,-0.005,-3.585711738196551e-06,-1.172,0.3395,202.788,0
2.9755,-0.005,-3.585711738196551e-06,-1.172,0.3395,202.811,0
2.9768,-0.005,-3.585711738196551e-06,-1.172,0.3395,202.803,0
2.978,-0.005,-3.585711738196551e-06,-1.172,0.3395,202.79,0
2.9793,-0.005,-3.585711738196551e-06,-1.172,0.3395,202.815,0
2.9805,-0.005,-3.585711738196551e-06,-1.172,0.3395,202.76,0
2.982,-0.005,-3.585711738196551e-06,-1.172,0.3395,202.796,0
2.9834,-0.005,-3.585711738196551e-06,-1.172,0.3395,202.782,0
2.9848,-0.005,-3.585711738196551e-06,-1.172,0.3395,202.786,0
2.986,-0.005,-3.585711738196551e-06,-1.172,0.3395,202.776,0
2.9872,-0.005,-3.585711738196551e-06,-1.172,0.3395,202.801,0
2.9885,-0.005,-3.585711738196551e-06,-1.172,0.3395,202.808,0
2.9898,-0.005,-3.585711738196551e-06,-1.172,0.3395,202.8,0
2.991,-0.005,-3.585711738196551e-06,-1.172,0.3395,202.792,0
2.9922,-0.005,-3.585711738196551e-06,-1.172,0.3395,202.775,0
2.9935,-0.005,-3.585711738196551e-06,-1.172,0.3395,202.78,0
2.9947,-0.005,-3.585711738196551e-06,-1.172,0.3395,202.82,0
2.9959,-0.005,-3.585711738196551e-06,-1.172,0.3395,202.776,0
2.9972,-0.005,-3.585711738196551e-06,-1.172,0.3395,202.788,0
2.9984,-0.005,-3.585711738196551e-06,-1.172,0.3395,202.784,0
2.9998,-0.005,-3.585711738196551e-06,-1.172,0.3395,202.77,0
3.0011,-0.005,-3.585711738196551e-06,-1.172,0.3395,202.803,0
3.0024,-0.005,-3.585711738196551e-06,-1.172,0.3395,202.789,0
3.0036,-0.005,-3.585711738196551e-06,-1.172,0.3395,202.812,0
3.0049,-0.005,-0.00019782026356551796,-1.213,0.3395,202.793,0
3.0061,-0.005,-0.0002283664798596874,-1.219,0.3395,202.8,0
3.0073,-0.005,-0.0001858222094597295,-1.21,0.3395,202.802,0
3.0086,-0.005,-0.00013440176553558558,-1.2,0.3395,202.812,0
3.0098,-0.005,-8.855188934830949e-05,-1.19,0.3395,202.749,0
3.0111,-0.005,-5.7944485888583586e-05,-1.184,0.3395,202.811,0
3.0124,-0.005,-3.486650894046761e-05,-1.179,0.3395,202.812,0
3.0137,-0.005,-2.0725892682094127e-05,-1.176,0.3395,202.765,0
3.015,-0.005,-1.1972177162533626e-05,-1.174,0.3395,202.822,0
3.0162,-0.005,-7.3810670073726214e-06,-1.173,0.3395,202.778,0
3.0174,-0.005,-3.891823325830046e-06,-1.172,0.3395,202.768,0
3.0187,-0.005,-1.5044462315927376e-06,-1.172,0.3395,202.793,0
3.0199,-0.005,8.713853816288974e-08,-1.171,0.3395,202.788,0
3.0212,-0.005,1.556293796056707e-06,-1.171,0.3395,202.82,0
3.0224,-0.005,2.2908716346137226e-06,-1.171,0.3395,202.819,0
3.0237,-0.005,3.0866624456393765e-06,-1.171,0.3395,202.791,0
3.025,-0.005,3.5763798678090097e-06,-1.171,0.3395,202.8,0
3.0263,-0.005,3.5763798678090097e-06,-1.171,0.3395,202.8,0
3.0276,-0.005,3.5763798678090097e-06,-1.171,0.3395,202.784,0
3.0289,-0.005,3.5763798678090097e-06,-1.171,0.3395,202.786,0
3.0304,-0.005,3.5763798678090097e-06,-1.171,0.3395,202.792,0
3.0318,-0.005,3.5763798678090097e-06,-1.171,0.3395,202.804,0
3.0331,-0.005,3.5763798678090097e-06,-1.171,0.3395,202.79,0
3.0343,-0.005,3.5763798678090097e-06,-1.171,0.3395,202.781,0
3.0356,-0.005,3.5763798678090097e-06,-1.171,0.3395,202.765,0
3.0369,-0.005,3.5763798678090097e-06,-1.171,0.3395,202.797,0
3.0382,-0.005,3.5763798678090097e-06,-1.171,0.3395,202.831,0
3.0394,-0.005,3.5763798678090097e-06,-1.171,0.3395,202.798,0
3.0408,-0.005,3.5763798678090097e-06,-1.171,0.3395,202.78,0
3.042,-0.005,3.5763798678090097e-06,-1.171,0.3395,202.775,0
3.0433,-0.005,3.5763798678090097e-06,-1.171,0.3395,202.807,0
3.0445,-0.005,3.5763798678090097e-06,-1.171,0.3395,202.803,0
3.0459,-0.005,3.5763798678090097e-06,-1.171,0.3395,202.798,0
3.0472,-0.005,3.5763798678090097e-06,-1.171,0.3395,202.812,0
3.0484,-0.005,3.5763798678090097e-06,-1.171,0.3395,202.798,0
3.0496,-0.005,3.5763798678090097e-06,-1.171,0.3395,202.814,0
3.0508,-0.005,3.5763798678090097e-06,-1.171,0.3395,202.764,0
3.052,-0.005,3.5763798678090097e-06,-1.171,0.3395,202.801,0
3.0533,-0.005,3.5763798678090097e-06,-1.171,0.3395,202.801,0
3.0546,-0.005,3.5763798678090097e-06,-1.171,0.3395,202.794,0
3.0559,-0.005,3.5763798678090097e-06,-1.171,0.3395,202.768,0
3.0572,-0.005,3.5763798678090097e-06,-1.171,0.3395,202.827,0
3.0584,-0.005,3.5763798678090097e-06,-1.171,0.3395,202.794,0
3.0597,-0.005,3.5763798678090097e-06,-1.171,0.3395,202.76,0
3.061,-0.005,3.5763798678090097e-06,-1.171,0.3395,202.808,0
3.0622,-0.005,3.5763798678090097e-06,-1.171,0.3395,202.782,0
3.0635,-0.005,3.5763798678090097e-06,-1.171,0.3395,202.786,0
3.0648,-0.005,3.5763798678090097e-06,-1.171,0.3395,202.789,0
3.066,-0.005,3.5763798678090097e-06,-1.171,0.3395,202.778,0
3.0673,-0.005,3.5763798678090097e-06,-1.171,0.3395,202.817,0
3.0686,-0.005,3.5763798678090097e-06,-1.171,0.3395,202.781,0
3.0699,-0.005,3.5763798678090097e-06,-1.171,0.3395,202.822,0
3.0712,-0.005,3.5763798678090097e-06,-1.171,0.3395,202.793,0
3.0725,-0.005,3.5763798678090097e-06,-1.171,0.3395,202.801,0
3.0737,-0.005,3.5763798678090097e-06,-1.171,0.3395,202.81,0
3.0749,-0.005,3.5763798678090097e-06,-1.171,0.3395,202.767,0
3.0762,-0.005,0.00017638574354350567,-1.135,0.3395,202.774,0
3.0774,-0.005,0.00023160151613410562,-1.123,0.3395,202.782,0
3.0787,-0.005,0.0001943829411175102,-1.131,0.3395,202.788,0
3.08,-0.005,0.00013843261695001274,-1.142,0.3395,202.794,0
3.0814,-0.005,8.85425615706481e-05,-1.153,0.3395,202.797,0
3.0828,-0.005,5.5792635976104066e-05,-1.16,0.3395,202.805,0
3.0841,-0.005,3.2224939786829054e-05,-1.165,0.3395,202.779,0
3.0853,-0.005,1.9002543922397308e-05,-1.167,0.3395,202.786,0
3.0866,-0.005,1.1473126505734399e-05,-1.169,0.3395,202.787,0
3.0878,-0.005,7.065661520755384e-06,-1.17,0.3395,202.766,0
3.0891,-0.005,3.882491455442505e-06,-1.171,0.3395,202.801,0
3.0905,-0.005,1.0053960295408615e-06,-1.171,0.3395,202.8,0
3.0919,-0.005,-5.861887757419026e-07,-1.172,0.3395,202.805,0
3.0931,-0.005,-1.8104849459632533e-06,-1.172,0.3395,202.792,0
3.0943,-0.005,-2.5450624434597557e-06,-1.172,0.3395,202.779,0
3.0955,-0.005,-3.27963834934053e-06,-1.172,0.3395,202.814,0
3.0967,-0.005,-3.585711738196551e-06,-1.172,0.3395,202.816,0
3.098,-0.005,-3.585711738196551e-06,-1.172,0.3395,202.737,0
3.0992,-0.005,-3.585711738196551e-06,-1.172,0.3395,202.807,0
3.1005,-0.005,-3.585711738196551e-06,-1.172,0.3395,202.802,0
3.1019,-0.005,-3.585711738196551e-06,-1.172,0.3395,202.803,0
3.1032,-0.005,-3.585711738196551e-06,-1.172,0.3395,202.79,0
3.1045,-0.005,-3.585711738196551e-06,-1.172,0.3395,202.777,0
3.1058,-0.005,-3.585711738196551e-06,-1.172,0.3395,202.786,0
3.1071,-0.005,-3.585711738196551e-06,-1.172,0.3395,202.793,0
3.1084,-0.005,-3.585711738196551e-06,-1.172,0.3395,202.796,0
3.1098,-0.005,-3.585711738196551e-06,-1.172,0.3395,202.794,0
3.1111,-0.005,-3.585711738196551e-06,-1.172,0.3395,202.802,0
3.1123,-0.005,-3.585711738196551e-06,-1.172,0.3395,202.788,0
3.1135,-0.005,-3.585711738196551e-06,-1.172,0.3395,202.796,0
3.115,-0.005,-3.585711738196551e-06,-1.172,0.3395,202.81,0
3.1162,-0.005,-3.585711738196551e-06,-1.172,0.3395,202.815,0
3.1175,-0.005,-3.585711738196551e-06,-1.172,0.3395,202.786,0
3.1188,-0.005,-3.585711738196551e-06,-1.172,0.3395,202.811,0
3.12,-0.005,-3.585711738196551e-06,-1.172,0.3395,202.755,0
3.1213,-0.005,-3.585711738196551e-06,-1.172,0.3395,202.787,0
3.1225,-0.005,-3.585711738196551e-06,-1.172,0.3395,202.793,0
3.1237,-0.005,-3.585711738196551e-06,-1.172,0.3395,202.781,0
3.1249,-0.005,-3.585711738196551e-06,-1.172,0.3395,202.8,0
3.1262,-0.005,-3.585711738196551e-06,-1.172,0.3395,202.801,0
3.1273,-0.005,-3.585711738196551e-06,-1.172,0.3395,202.795,0
3.1285,-0.005,-3.585711738196551e-06,-1.172,0.3395,202.783,0
3.1299,-0.005,-3.585711738196551e-06,-1.172,0.3395,202.81,0
3.1312,-0.005,-3.585711738196551e-06,-1.172,0.3395,202.793,0
3.1325,-0.005,-3.585711738196551e-06,-1.172,0.3395,202.797,0
3.1339,-0.005,-3.585711738196551e-06,-1.172,0.3395,202.768,0
3.1352,-0.005,-3.585711738196551e-06,-1.172,0.3395,202.795,0
3.1365,-0.005,-3.585711738196551e-06,-1.172,0.3395,202.799,0
3.1379,-0.005,-3.585711738196551e-06,-1.172,0.3395,202.839,0
3.1391,-0.005,-3.585711738196551e-06,-1.172,0.3395,202.77,0
3.1406,-0.005,-3.585711738196551e-06,-1.172,0.3395,202.777,0
3.1418,-0.005,-3.585711738196551e-06,-1.172,0.3395,202.786,0
3.143,-0.005,-3.585711738196551e-06,-1.172,0.3395,202.797,0
3.1442,-0.005,-3.585711738196551e-06,-1.172,0.3395,202.809,0
3.1454,-0.005,-3.585711738196551e-06,-1.172,0.3395,202.778,0
3.1467,-0.005,-3.585711738196551e-06,-1.172,0.3395,202.774,0
3.1479,-0.005,-3.585711738196551e-06,-1.172,0.3395,202.802,0
3.1491,-0.005,-3.585711738196551e-06,-1.172,0.3395,202.831,0
3.1506,-0.005,-3.585711738196551e-06,-1.172,0.3395,202.788,0
3.1519,-0.005,-3.585711738196551e-06,-1.172,0.3395,202.807,0
3.1531,-0.005,-3.585711738196551e-06,-1.172,0.3395,202.787,0
3.1543,-0.005,-3.585711738196551e-06,-1.172,0.3395,202.783,0
3.1555,-0.005,-3.585711738196551e-06,-1.172,0.3395,202.826,0
3.1568,-0.005,-3.585711738196551e-06,-1.172,0.3395,202.787,0
3.158,-0.005,-3.585711738196551e-06,-1.172,0.3395,202.819,0
3.1593,-0.005,-3.585711738196551e-06,-1.172,0.3395,202.791,0
3.1607,-0.005,-3.585711738196551e-06,-1.172,0.3395,202.804,0
3.162,-0.005,-3.585711738196551e-06,-1.172,0.3395,202.784,0
3.1633,-0.005,-3.585711738196551e-06,-1.172,0.3395,202.812,0
3.1646,-0.005,-3.585711738196551e-06,-1.172,0.3395,202.827,0
3.1659,-0.005,-3.585711738196551e-06,-1.172,0.3395,202.782,0
3.1672,-0.005,-3.585711738196551e-06,-1.172,0.3395,202.771,0
3.1685,-0.005,-3.585711738196551e-06,-1.172,0.3395,202.802,0
3.1697,-0.005,-3.585711738196551e-06,-1.172,0.3395,202.795,0
3.171,-0.005,-3.585711738196551e-06,-1.172,0.3395,202.801,0
3.1723,-0.005,-3.585711738196551e-06,-1.172,0.3395,202.775,0
3.1735,-0.005,-3.585711738196551e-06,-1.172,0.3395,202.801,0
3.1749,-0.005,-3.585711738196551e-06,-1.172,0.3395,202.782,0
3.1762,-0.005,-3.585711738196551e-06,-1.172,0.3395,202.767,0
3.1774,-0.005,-3.585711738196551e-06,-1.172,0.3395,202.808,0
3.1788,-0.005,-3.585711738196551e-06,-1.172,0.3395,202.795,0
3.18,-0.005,-3.585711738196551e-06,-1.172,0.3395,202.802,0
3.1812,-0.005,-3.585711738196551e-06,-1.172,0.3395,202.807,0
3.1825,-0.005,-3.585711738196551e-06,-1.172,0.3395,202.77,0
3.1839,-0.005,-3.585711738196551e-06,-1.172,0.3395,202.807,0
3.1852,-0.005,-3.585711738196551e-06,-1.172,0.3395,202.796,0
3.1864,-0.005,-3.585711738196551e-06,-1.172,0.3395,202.776,0
3.1877,-0.005,-3.585711738196551e-06,-1.172,0.3395,202.796,0
3.189,-0.005,-3.585711738196551e-06,-1.172,0.3395,202.795,0
3.1903,-0.005,-3.585711738196551e-06,-1.172,0.3395,202.807,0
3.1915,-0.005,-3.585711738196551e-06,-1.172,0.3395,202.818,0
3.1928,-0.005,-3.585711738196551e-06,-1.172,0.3395,202.773,0
3.1941,-0.005,-3.585711738196551e-06,-1.172,0.3395,202.796,0
3.1953,-0.005,-3.585711738196551e-06,-1.172,0.3395,202.783,0
3.1967,-0.005,-3.585711738196551e-06,-1.172,0.3395,202.784,0
3.1981,-0.005,-3.585711738196551e-06,-1.172,0.3395,202.8,0
3.1995,-0.005,-3.585711738196551e-06,-1.172,0.3395,202.808,0
3.2009,-0.005,-3.585711738196551e-06,-1.172,0.3395,202.767,0
3.2022,-0.005,-3.585711738196551e-06,-1.172,0.3395,202.815,0
3.2035,-0.005,-3.585711738196551e-06,-1.172,0.3395,202.78,0
3.2047,-0.005,-3.585711738196551e-06,-1.172,0.3395,202.798,0
3.2059,-0.005,-3.585711738196551e-06,-1.172,0.3395,202.802,0
3.2072,-0.005,-3.585711738196551e-06,-1.172,0.3395,202.796,0
3.2084,-0.005,-3.585711738196551e-06,-1.172,0.3395,202.792,0
3.2098,-0.005,-3.585711738196551e-06,-1.172,0.3395,202.814,0
3.211,-0.005,-3.585711738196551e-06,-1.172,0.3395,202.763,0
3.2123,-0.005,-3.585711738196551e-06,-1.172,0.3395,202.777,0
3.2136,-0.005,-3.585711738196551e-06,-1.172,0.3395,202.803,0
3.2149,-0.005,-3.585711738196551e-06,-1.172,0.3395,202.801,0
3.2163,-0.005,-3.585711738196551e-06,-1.172,0.3395,202.82,0
3.2175,-0.005,-3.585711738196551e-06,-1.172,0.3395,202.787,0
3.2189,-0.005,-3.585711738196551e-06,-1.172,0.3395,202.795,0
3.2202,-0.005,-3.585711738196551e-06,-1.172,0.3395,202.822,0
3.2215,-0.005,-3.585711738196551e-06,-1.172,0.3395,202.782,0
3.2227,-0.005,-3.585711738196551e-06,-1.172,0.3395,202.795,0
3.224,-0.005,-3.585711738196551e-06,-1.172,0.3395,202.806,0
3.2253,-0.005,-3.585711738196551e-06,-1.172,0.3395,202.802,0
3.2266,-0.005,-3.585711738196551e-06,-1.172,0.3395,202.793,0
3.2279,-0.005,-3.585711738196551e-06,-1.172,0.3395,202.794,0
3.2291,-0.005,-3.585711738196551e-06,-1.172,0.3395,202.787,0
3.2303,-0.005,-3.585711738196551e-06,-1.172,0.3395,202.779,0
3.2317,-0.005,-3.585711738196551e-06,-1.172,0.3395,202.795,0
3.233,-0.005,-3.585711738196551e-06,-1.172,0.3395,202.8,0
3.2342,-0.005,-3.585711738196551e-06,-1.172,0.3395,202.797,0
3.2354,-0.005,-3.585711738196551e-06,-1.172,0.3395,202.795,0
3.2368,-0.005,-3.585711738196551e-06,-1.172,0.3395,202.743,0
3.238,-0.005,-3.585711738196551e-06,-1.172,0.3395,202.824,0
3.2392,-0.005,-3.585711738196551e-06,-1.172,0.3395,202.8,0
3.2405,-0.005,-3.585711738196551e-06,-1.172,0.3395,202.759,0
3.2418,-0.005,-3.585711738196551e-06,-1.172,0.3395,202.809,0
3.243,-0.005,-3.585711738196551e-06,-1.172,0.3395,202.767,0
3.2443,-0.005,-3.585711738196551e-06,-1.172,0.3395,202.82,0
3.2456,-0.005,-3.585711738196551e-06,-1.172,0.3395,202.791,0
3.247,-0.005,-3.585711738196551e-06,-1.172,0.3395,202.781,0
3.2482,-0.005,-3.585711738196551e-06,-1.172,0.3395,202.804,0
3.2494,-0.005,-3.585711738196551e-06,-1.172,0.3395,202.785,0
3.251,-0.005,-0.00021318519429769367,-1.216,0.3395,202.817,0
3.2522,-0.005,-0.000226101532462053,-1.219,0.3395,202.76,0
3.2534,-0.005,-0.00017706847575027496,-1.208,0.3395,202.827,0
3.2547,-0.005,-0.00012650505232159048,-1.198,0.3395,202.793,0
3.2559,-0.005,-8.561357390135527e-05,-1.189,0.3395,202.764,0
3.2572,-0.005,-5.3720668802270666e-05,-1.183,0.3395,202.838,0
3.2584,-0.005,-3.2234271202469245e-05,-1.178,0.3395,202.823,0
3.2597,-0.005,-1.9868884919560514e-05,-1.176,0.3395,202.773,0
3.2609,-0.005,-1.1482458830869291e-05,-1.174,0.3395,202.82,0
3.2621,-0.005,-7.074993391142925e-06,-1.173,0.3395,202.811,0
3.2633,-0.005,-3.891823325830046e-06,-1.172,0.3395,202.778,0
3.2646,-0.005,-1.5044462315927376e-06,-1.172,0.3395,202.773,0
3.2659,-0.005,8.713853816288974e-08,-1.171,0.3395,202.811,0
3.2671,-0.005,1.556293796056707e-06,-1.171,0.3395,202.785,0
3.2684,-0.005,2.3520863123849267e-06,-1.171,0.3395,202.808,0
3.2697,-0.005,3.1478771234105807e-06,-1.171,0.3395,202.775,0
3.271,-0.005,3.5763798678090097e-06,-1.171,0.3395,202.78,0
3.2723,-0.005,3.5763798678090097e-06,-1.171,0.3395,202.806,0
3.2736,-0.005,3.5763798678090097e-06,-1.171,0.3395,202.777,0
3.2748,-0.005,3.5763798678090097e-06,-1.171,0.3395,202.788,0
3.276,-0.005,3.5763798678090097e-06,-1.171,0.3395,202.797,0
3.2773,-0.005,3.5763798678090097e-06,-1.171,0.3395,202.791,0
3.2785,-0.005,3.5763798678090097e-06,-1.171,0.3395,202.782,0
3.2797,-0.005,3.5763798678090097e-06,-1.171,0.3395,202.807,0
3.281,-0.005,3.5763798678090097e-06,-1.171,0.3395,202.795,0
3.2822,-0.005,3.5763798678090097e-06,-1.171,0.3395,202.809,0
3.2835,-0.005,3.5763798678090097e-06,-1.171,0.3395,202.759,0
3.2847,-0.005,3.5763798678090097e-06,-1.171,0.3395,202.813,0
3.2859,-0.005,3.5763798678090097e-06,-1.171,0.3395,202.828,0
3.2872,-0.005,3.5763798678090097e-06,-1.171,0.3395,202.773,0
3.2885,-0.005,3.5763798678090097e-06,-1.171,0.3395,202.826,0
3.2897,-0.005,3.5763798678090097e-06,-1.171,0.3395,202.799,0
3.291,-0.005,3.5763798678090097e-06,-1.171,0.3395,202.771,0
3.2922,-0.005,3.5763798678090097e-06,-1.171,0.3395,202.781,0
3.2935,-0.005,3.5763798678090097e-06,-1.171,0.3395,202.809,0
3.2948,-0.005,3.5763798678090097e-06,-1.171,0.3395,202.815,0
3.296,-0.005,3.5763798678090097e-06,-1.171,0.3395,202.775,0
3.2973,-0.005,3.5763798678090097e-06,-1.171,0.3395,202.77,0
3.2985,-0.005,3.5763798678090097e-06,-1.171,0.3395,202.801,0
3.2999,-0.005,3.5763798678090097e-06,-1.171,0.3395,202.766,0
3.3012,-0.005,3.5763798678090097e-06,-1.171,0.3395,202.796,0
3.3025,-0.005,3.5763798678090097e-06,-1.171,0.3395,202.789,0
3.3037,-0.005,3.5763798678090097e-06,-1.171,0.3395,202.797,0
3.305,-0.005,3.5763798678090097e-06,-1.171,0.3395,202.766,0
3.3063,-0.005,3.5763798678090097e-06,-1.171,0.3395,202.781,0
3.3076,-0.005,3.5763798678090097e-06,-1.171,0.3395,202.804,0
3.3089,-0.005,3.5763798678090097e-06,-1.171,0.3395,202.829,0
3.3102,-0.005,3.5763798678090097e-06,-1.171,0.3395,202.763,0
3.3114,-0.005,3.5763798678090097e-06,-1.171,0.3395,202.801,0
3.3128,-0.005,3.5763798678090097e-06,-1.171,0.3395,202.773,0
3.3141,-0.005,3.5763798678090097e-06,-1.171,0.3395,202.816,0
3.3153,-0.005,3.5763798678090097e-06,-1.171,0.3395,202.799,0
3.3167,-0.005,3.5763798678090097e-06,-1.171,0.3395,202.792,0
3.318,-0.005,3.5763798678090097e-06,-1.171,0.3395,202.809,0
3.3192,-0.005,3.5763798678090097e-06,-1.171,0.3395,202.802,0
3.3205,-0.005,3.5763798678090097e-06,-1.171,0.3395,202.801,0
3.3219,-0.005,3.5763798678090097e-06,-1.171,0.3395,202.816,0
3.3232,-0.005,3.5763798678090097e-06,-1.171,0.3395,202.787,0
3.3245,-0.005,3.5763798678090097e-06,-1.171,0.3395,202.817,0
3.3258,-0.005,3.5763798678090097e-06,-1.171,0.3395,202.741,0
3.327,-0.005,3.5763798678090097e-06,-1.171,0.3395,202.799,0
3.3283,-0.005,3.5763798678090097e-06,-1.171,0.3395,202.781,0
3.3296,-0.005,3.5763798678090097e-06,-1.171,0.3395,202.755,0
3.331,-0.005,3.5763798678090097e-06,-1.171,0.3395,202.798,0
3.3322,-0.005,3.5763798678090097e-06,-1.171,0.3395,202.784,0
3.3335,-0.005,3.5763798678090097e-06,-1.171,0.3395,202.81,0
3.3348,-0.005,3.5763798678090097e-06,-1.171,0.3395,202.777,0
3.336,-0.005,3.5763798678090097e-06,-1.171,0.3395,202.79,0
3.3372,-0.005,3.5763798678090097e-06,-1.171,0.3395,202.789,0
3.3384,-0.005,3.5763798678090097e-06,-1.171,0.3395,202.816,0
3.3396,-0.005,3.5763798678090097e-06,-1.171,0.3395,202.77,0
3.3409,-0.005,3.5763798678090097e-06,-1.171,0.3395,202.806,0
3.3421,-0.005,3.5763798678090097e-06,-1.171,0.3395,202.796,0
3.3434,-0.005,3.5763798678090097e-06,-1.171,0.3395,202.766,0
3.3447,-0.005,3.5763798678090097e-06,-1.171,0.3395,202.789,0
3.346,-0.005,3.5763798678090097e-06,-1.171,0.3395,202.792,0
3.3473,-0.005,3.5763798678090097e-06,-1.171,0.3395,202.793,0
3.3485,-0.005,3.5763798678090097e-06,-1.171,0.3395,202.785,0
3.3499,-0.005,3.5763798678090097e-06,-1.171,0.3395,202.821,0
3.3513,-0.005,3.5763798678090097e-06,-1.171,0.3395,202.803,0
3.3525,-0.005,3.5763798678090097e-06,-1.171,0.3395,202.776,0
3.3539,-0.005,3.5763798678090097e-06,-1.171,0.3395,202.758,0
3.3551,-0.005,3.5763798678090097e-06,-1.171,0.3395,202.794,0
3.3563,-0.005,3.5763798678090097e-06,-1.171,0.3395,202.815,0
3.3576,-0.005,3.5763798678090097e-06,-1.171,0.3395,202.794,0
3.3588,-0.005,3.5763798678090097e-06,-1.171,0.3395,202.78,0
3.3601,-0.005,3.5763798678090097e-06,-1.171,0.3395,202.803,0
3.3613,-0.005,3.5763798678090097e-06,-1.171,0.3395,202.783,0
3.3627,-0.005,3.5763798678090097e-06,-1.171,0.3395,202.78,0
3.364,-0.005,3.5763798678090097e-06,-1.171,0.3395,202.83,0
3.3652,-0.005,3.5763798678090097e-06,-1.171,0.3395,202.76,0
3.3664,-0.005,3.5763798678090097e-06,-1.171,0.3395,202.797,0
3.3677,-0.005,3.5763798678090097e-06,-1.171,0.3395,202.796,0
3.3689,-0.005,3.5763798678090097e-06,-1.171,0.3395,202.813,0
3.3702,-0.005,3.5763798678090097e-06,-1.171,0.3395,202.79,0
3.3714,-0.005,3.5763798678090097e-06,-1.171,0.3395,202.793,0
3.3727,-0.005,3.5763798678090097e-06,-1.171,0.3395,202.757,0
3.374,-0.005,3.5763798678090097e-06,-1.171,0.3395,202.811,0
3.3752,-0.005,3.5763798678090097e-06,-1.171,0.3395,202.798,0
3.3765,-0.005,3.5763798678090097e-06,-1.171,0.3395,202.804,0
3.3777,-0.005,3.5763798678090097e-06,-1.171,0.3395,202.822,0
3.3789,-0.005,3.5763798678090097e-06,-1.171,0.3395,202.76,0
3.3802,-0.005,3.5763798678090097e-06,-1.171,0.3395,202.803,0
3.3814,-0.005,3.5763798678090097e-06,-1.171,0.3395,202.805,0
3.3827,-0.005,3.5763798678090097e-06,-1.171,0.3395,202.761,0
3.3839,-0.005,3.5763798678090097e-06,-1.171,0.3395,202.816,0
3.3852,-0.005,3.5763798678090097e-06,-1.171,0.3395,202.802,0
3.3864,-0.005,3.5763798678090097e-06,-1.171,0.3395,202.775,0
3.3877,-0.005,3.5763798678090097e-06,-1.171,0.3395,202.796,0
3.389,-0.005,3.5763798678090097e-06,-1.171,0.3395,202.809,0
3.3902,-0.005,3.5763798678090097e-06,-1.171,0.3395,202.754,0
3.3915,-0.005,3.5763798678090097e-06,-1.171,0.3395,202.799,0
3.3928,-0.005,3.5763798678090097e-06,-1.171,0.3395,202.772,0
3.394,-0.005,3.5763798678090097e-06,-1.171,0.3395,202.796,0
3.3953,-0.005,3.5763798678090097e-06,-1.171,0.3395,202.778,0
3.3966,-0.005,3.5763798678090097e-06,-1.171,0.3395,202.775,0
3.3979,-0.005,3.5763798678090097e-06,-1.171,0.3395,202.818,0
3.3992,-0.005,3.5763798678090097e-06,-1.171,0.3395,202.78,0
3.4004,-0.005,3.5763798678090097e-06,-1.171,0.3395,202.801,0
3.4018,-0.005,3.5763798678090097e-06,-1.171,0.3395,202.743,0
3.403,-0.005,3.5763798678090097e-06,-1.171,0.3395,202.797,0
3.4043,-0.005,3.5763798678090097e-06,-1.171,0.3395,202.809,0
3.4056,-0.005,3.5763798678090097e-06,-1.171,0.3395,202.798,0
3.407,-0.005,3.5763798678090097e-06,-1.171,0.3395,202.8,0
3.4083,-0.005,3.5763798678090097e-06,-1.171,0.3395,202.794,0
3.4096,-0.005,3.5763798678090097e-06,-1.171,0.3395,202.792,0
3.4109,-0.005,3.5763798678090097e-06,-1.171,0.3395,202.782,0
3.4121,-0.005,3.5763798678090097e-06,-1.171,0.3395,202.757,0
3.4133,-0.005,3.5763798678090097e-06,-1.171,0.3395,202.812,0
3.4146,-0.005,3.5763798678090097e-06,-1.171,0.3395,202.831,0
3.4159,-0.005,3.5763798678090097e-06,-1.171,0.3395,202.755,0
3.4172,-0.005,3.5763798678090097e-06,-1.171,0.3395,202.825,0
3.4185,-0.005,3.5763798678090097e-06,-1.171,0.3395,202.779,0
3.4198,-0.005,3.5763798678090097e-06,-1.171,0.3395,202.784,0
3.421,-0.005,3.5763798678090097e-06,-1.171,0.3395,202.81,0
3.4223,-0.005,3.5763798678090097e-06,-1.171,0.3395,202.776,0
3.4236,-0.005,3.5763798678090097e-06,-1.171,0.3395,202.818,0
3.4249,-0.005,3.5763798678090097e-06,-1.171,0.3395,202.779,0
3.4262,-0.005,3.5763798678090097e-06,-1.171,0.3395,202.808,0
3.4274,-0.005,3.5763798678090097e-06,-1.171,0.3395,202.807,0
3.4287,-0.005,3.5763798678090097e-06,-1.171,0.3395,202.766,0
3.43,-0.005,3.5763798678090097e-06,-1.171,0.3395,202.797,0
3.4315,-0.005,3.5763798678090097e-06,-1.171,0.3395,202.789,0
3.4328,-0.005,3.5763798678090097e-06,-1.171,0.3395,202.812,0
3.434,-0.005,3.5763798678090097e-06,-1.171,0.3395,202.801,0
3.4353,-0.005,3.5763798678090097e-06,-1.171,0.3395,202.778,0
3.4365,-0.005,0.00021893005759920925,-1.126,0.3395,202.823,0
3.4379,-0.005,0.00022352117230184376,-1.125,0.3395,202.784,0
3.4392,-0.005,0.00017265167844016105,-1.135,0.3395,202.808,0
3.4405,-0.005,0.00011884387640748173,-1.147,0.3395,202.781,0
3.4417,-0.005,7.727902993792668e-05,-1.155,0.3395,202.786,0
3.443,-0.005,4.783471376867965e-05,-1.161,0.3395,202.804,0
3.4442,-0.005,2.977634903800208e-05,-1.165,0.3395,202.783,0
3.4455,-0.005,1.8206752429250628e-05,-1.168,0.3395,202.792,0
3.4468,-0.005,1.0616118743200786e-05,-1.169,0.3395,202.791,0
3.4481,-0.005,6.147439762571594e-06,-1.17,0.3395,202.802,0
3.4493,-0.005,2.9642696972587146e-06,-1.171,0.3395,202.812,0
3.4506,-0.005,8.829663897813589e-07,-1.171,0.3395,202.792,0
3.4518,-0.005,-7.086183018145675e-07,-1.172,0.3395,202.782,0
3.4531,-0.005,-1.8104849459632533e-06,-1.172,0.3395,202.797,0
3.4543,-0.005,-2.60627712123096e-06,-1.172,0.3395,202.762,0
3.4556,-0.005,-3.3408530271117343e-06,-1.172,0.3395,202.806,0
3.4569,-0.005,-3.585711738196551e-06,-1.172,0.3395,202.788,0
3.4582,-0.005,-3.585711738196551e-06,-1.172,0.3395,202.779,0
3.4595,-0.005,-3.585711738196551e-06,-1.172,0.3395,202.816,0
3.4607,-0.005,-3.585711738196551e-06,-1.172,0.3395,202.794,0
3.462,-0.005,-3.585711738196551e-06,-1.172,0.3395,202.775,0
3.4632,-0.005,-3.585711738196551e-06,-1.172,0.3395,202.788,0
3.4645,-0.005,-3.585711738196551e-06,-1.172,0.3395,202.798,0
3.466,-0.005,-3.585711738196551e-06,-1.172,0.3395,202.817,0
3.4672,-0.005,-3.585711738196551e-06,-1.172,0.3395,202.77,0
3.4685,-0.005,-3.585711738196551e-06,-1.172,0.3395,202.795,0
3.4698,-0.005,-3.585711738196551e-06,-1.172,0.3395,202.798,0
3.471,-0.005,-3.585711738196551e-06,-1.172,0.3395,202.826,0
3.4722,-0.005,-3.585711738196551e-06,-1.172,0.3395,202.819,0
3.4735,-0.005,-3.585711738196551e-06,-1.172,0.3395,202.791,0
3.4747,-0.005,-3.585711738196551e-06,-1.172,0.3395,202.781,0
3.4759,-0.005,-3.585711738196551e-06,-1.172,0.3395,202.785,0
3.4771,-0.005,-3.585711738196551e-06,-1.172,0.3395,202.799,0
3.4784,-0.005,-3.585711738196551e-06,-1.172,0.3395,202.76,0
3.4797,-0.005,-3.585711738196551e-06,-1.172,0.3395,202.8,0
3.4809,-0.005,-3.585711738196551e-06,-1.172,0.3395,202.807,0
3.4821,-0.005,-3.585711738196551e-06,-1.172,0.3395,202.773,0
3.4833,-0.005,-3.585711738196551e-06,-1.172,0.3395,202.804,0
3.4845,-0.005,-3.585711738196551e-06,-1.172,0.3395,202.789,0
3.4858,-0.005,-3.585711738196551e-06,-1.172,0.3395,202.771,0
3.4871,-0.005,-3.585711738196551e-06,-1.172,0.3395,202.806,0
3.4884,-0.005,-3.585711738196551e-06,-1.172,0.3395,202.78,0
3.4897,-0.005,-3.585711738196551e-06,-1.172,0.3395,202.843,0
3.4909,-0.005,-3.585711738196551e-06,-1.172,0.3395,202.798,0
3.4921,-0.005,-3.585711738196551e-06,-1.172,0.3395,202.787,0
3.4934,-0.005,-3.585711738196551e-06,-1.172,0.3395,202.807,0
3.4947,-0.005,-3.585711738196551e-06,-1.172,0.3395,202.788,0
3.4959,-0.005,-3.585711738196551e-06,-1.172,0.3395,202.766,0
3.4972,-0.005,-3.585711738196551e-06,-1.172,0.3395,202.812,0
3.4985,-0.005,-3.585711738196551e-06,-1.172,0.3395,202.809,0
3.4998,-0.005,-3.585711738196551e-06,-1.172,0.3395,202.787,0
3.5011,-0.005,-3.585711738196551e-06,-1.172,0.3395,202.765,0
3.5023,-0.005,-3.585711738196551e-06,-1.172,0.3395,202.801,0
3.5035,-0.005,-3.585711738196551e-06,-1.172,0.3395,202.779,0
3.5048,-0.005,-3.585711738196551e-06,-1.172,0.3395,202.778,0
3.506,-0.005,-3.585711738196551e-06,-1.172,0.3395,202.775,0
3.5073,-0.005,-3.585711738196551e-06,-1.172,0.3395,202.823,0
3.5085,-0.005,-3.585711738196551e-06,-1.172,0.3395,202.784,0
3.5099,-0.005,-3.585711738196551e-06,-1.172,0.3395,202.773,0
3.5111,-0.005,-0.00021893938537687063,-1.217,0.3395,202.782,0
3.5123,-0.005,-0.00022353050007950515,-1.218,0.3395,202.792,0
3.5135,-0.005,-0.00017706847575027496,-1.208,0.3395,202.81,0
3.5149,-0.005,-0.00012264851829968393,-1.197,0.3395,202.795,0
3.5161,-0.005,-7.998181536095217e-05,-1.188,0.3395,202.778,0
3.5173,-0.005,-5.1700579206226394e-05,-1.182,0.3395,202.813,0
3.5186,-0.005,-3.100997855653986e-05,-1.178,0.3395,202.816,0
3.5199,-0.005,-1.9011877157026902e-05,-1.175,0.3395,202.797,0
3.5211,-0.005,-1.1053954949602485e-05,-1.174,0.3395,202.789,0
3.5224,-0.005,-6.768919320165878e-06,-1.173,0.3395,202.759,0
3.5237,-0.005,-3.1572458283335436e-06,-1.172,0.3395,202.809,0
3.5249,-0.005,-1.0147278999284026e-06,-1.172,0.3395,202.797,0
3.5262,-0.005,4.5442729401656834e-07,-1.171,0.3395,202.787,0
3.5275,-0.005,1.7399382841176703e-06,-1.171,0.3395,202.806,0
3.5288,-0.005,2.4745158953010105e-06,-1.171,0.3395,202.751,0
3.5301,-0.005,3.331521156724193e-06,-1.171,0.3395,202.814,0
3.5315,-0.005,3.5763798678090097e-06,-1.171,0.3395,202.819,0
3.5327,-0.005,3.5763798678090097e-06,-1.171,0.3395,202.799,0
3.5339,-0.005,3.5763798678090097e-06,-1.171,0.3395,202.81,0
3.5353,-0.005,3.5763798678090097e-06,-1.171,0.3395,202.774,0
3.5365,-0.005,3.5763798678090097e-06,-1.171,0.3395,202.816,0
3.538,-0.005,3.5763798678090097e-06,-1.171,0.3395,202.781,0
3.5394,-0.005,3.5763798678090097e-06,-1.171,0.3395,202.819,0
3.5407,-0.005,3.5763798678090097e-06,-1.171,0.3395,202.782,0
3.542,-0.005,3.5763798678090097e-06,-1.171,0.3395,202.795,0
3.5432,-0.005,3.5763798678090097e-06,-1.171,0.3395,202.803,0
3.5445,-0.005,3.5763798678090097e-06,-1.171,0.3395,202.797,0
3.5457,-0.005,3.5763798678090097e-06,-1.171,0.3395,202.787,0
3.547,-0.005,3.5763798678090097e-06,-1.171,0.3395,202.803,0
3.5484,-0.005,3.5763798678090097e-06,-1.171,0.3395,202.791,0
3.5498,-0.005,3.5763798678090097e-06,-1.171,0.3395,202.801,0
3.551,-0.005,3.5763798678090097e-06,-1.171,0.3395,202.787,0
3.5523,-0.005,3.5763798678090097e-06,-1.171,0.3395,202.784,0
3.5536,-0.005,3.5763798678090097e-06,-1.171,0.3395,202.797,0
3.5548,-0.005,3.5763798678090097e-06,-1.171,0.3395,202.763,0
3.556,-0.005,3.5763798678090097e-06,-1.171,0.3395,202.796,0
3.5572,-0.005,3.5763798678090097e-06,-1.171,0.3395,202.757,0
3.5584,-0.005,3.5763798678090097e-06,-1.171,0.3395,202.793,0
3.5597,-0.005,3.5763798678090097e-06,-1.171,0.3395,202.836,0
3.561,-0.005,3.5763798678090097e-06,-1.171,0.3395,202.777,0
3.5622,-0.005,3.5763798678090097e-06,-1.171,0.3395,202.79,0
3.5635,-0.005,3.5763798678090097e-06,-1.171,0.3395,202.808,0
3.5649,-0.005,3.5763798678090097e-06,-1.171,0.3395,202.763,0
3.5661,-0.005,3.5763798678090097e-06,-1.171,0.3395,202.816,0
3.5673,-0.005,3.5763798678090097e-06,-1.171,0.3395,202.799,0
3.5686,-0.005,3.5763798678090097e-06,-1.171,0.3395,202.773,0
3.5699,-0.005,3.5763798678090097e-06,-1.171,0.3395,202.783,0
3.5712,-0.005,3.5763798678090097e-06,-1.171,0.3395,202.79,0
3.5724,-0.005,3.5763798678090097e-06,-1.171,0.3395,202.806,0
3.5737,-0.005,3.5763798678090097e-06,-1.171,0.3395,202.777,0
3.5749,-0.005,3.5763798678090097e-06,-1.171,0.3395,202.782,0
3.5762,-0.005,3.5763798678090097e-06,-1.171,0.3395,202.797,0
3.5775,-0.005,3.5763798678090097e-06,-1.171,0.3395,202.807,0
3.5787,-0.005,3.5763798678090097e-06,-1.171,0.3395,202.821,0
3.5799,-0.005,3.5763798678090097e-06,-1.171,0.3395,202.793,0
3.5813,-0.005,3.5763798678090097e-06,-1.171,0.3395,202.796,0
3.5826,-0.005,3.5763798678090097e-06,-1.171,0.3395,202.796,0
3.5839,-0.005,3.5763798678090097e-06,-1.171,0.3395,202.791,0
3.5852,-0.005,3.5763798678090097e-06,-1.171,0.3395,202.789,0
3.5865,-0.005,3.5763798678090097e-06,-1.171,0.3395,202.794,0
3.5878,-0.005,3.5763798678090097e-06,-1.171,0.3395,202.777,0
3.589,-0.005,3.5763798678090097e-06,-1.171,0.3395,202.801,0
3.5902,-0.005,3.5763798678090097e-06,-1.171,0.3395,202.787,0
3.5915,-0.005,3.5763798678090097e-06,-1.171,0.3395,202.8,0
3.5927,-0.005,3.5763798678090097e-06,-1.171,0.3395,202.812,0
3.594,-0.005,3.5763798678090097e-06,-1.171,0.3395,202.797,0
3.5953,-0.005,3.5763798678090097e-06,-1.171,0.3395,202.819,0
3.5965,-0.005,3.5763798678090097e-06,-1.171,0.3395,202.751,0
3.5979,-0.005,3.5763798678090097e-06,-1.171,0.3395,202.768,0
3.5993,-0.005,3.5763798678090097e-06,-1.171,0.3395,202.798,0
3.6006,-0.005,3.5763798678090097e-06,-1.171,0.3395,202.787,0
3.602,-0.005,3.5763798678090097e-06,-1.171,0.3395,202.803,0
3.6033,-0.005,3.5763798678090097e-06,-1.171,0.3395,202.781,0
3.6046,-0.005,3.5763798678090097e-06,-1.171,0.3395,202.791,0
3.6059,-0.005,3.5763798678090097e-06,-1.171,0.3395,202.781,0
3.6072,-0.005,3.5763798678090097e-06,-1.171,0.3395,202.75,0
3.6085,-0.005,3.5763798678090097e-06,-1.171,0.3395,202.816,0
3.6099,-0.005,3.5763798678090097e-06,-1.171,0.3395,202.791,0
3.6112,-0.005,3.5763798678090097e-06,-1.171,0.3395,202.795,0
3.6124,-0.005,3.5763798678090097e-06,-1.171,0.3395,202.749,0
3.6138,-0.005,3.5763798678090097e-06,-1.171,0.3395,202.808,0
3.6151,-0.005,3.5763798678090097e-06,-1.171,0.3395,202.773,0
3.6163,-0.005,3.5763798678090097e-06,-1.171,0.3395,202.806,0
3.6176,-0.005,3.5763798678090097e-06,-1.171,0.3395,202.774,0
3.619,-0.005,3.5763798678090097e-06,-1.171,0.3395,202.768,0
3.6202,-0.005,3.5763798678090097e-06,-1.171,0.3395,202.799,0
3.6214,-0.005,3.5763798678090097e-06,-1.171,0.3395,202.786,0
3.6227,-0.005,3.5763798678090097e-06,-1.171,0.3395,202.825,0
3.6239,-0.005,3.5763798678090097e-06,-1.171,0.3395,202.839,0
3.6252,-0.005,3.5763798678090097e-06,-1.171,0.3395,202.795,0
3.6264,-0.005,3.5763798678090097e-06,-1.171,0.3395,202.766,0
3.6278,-0.005,3.5763798678090097e-06,-1.171,0.3395,202.807,0
3.629,-0.005,3.5763798678090097e-06,-1.171,0.3395,202.764,0
3.6304,-0.005,3.5763798678090097e-06,-1.171,0.3395,202.811,0
3.6317,-0.005,3.5763798678090097e-06,-1.171,0.3395,202.792,0
3.6333,-0.005,3.5763798678090097e-06,-1.171,0.3395,202.784,0
3.6346,-0.005,3.5763798678090097e-06,-1.171,0.3395,202.78,0
3.636,-0.005,3.5763798678090097e-06,-1.171,0.3395,202.824,0
3.6372,-0.005,3.5763798678090097e-06,-1.171,0.3395,202.77,0
3.6384,-0.005,3.5763798678090097e-06,-1.171,0.3395,202.769,0
3.6397,-0.005,3.5763798678090097e-06,-1.171,0.3395,202.789,0
3.6409,-0.005,3.5763798678090097e-06,-1.171,0.3395,202.78,0
3.6421,-0.005,3.5763798678090097e-06,-1.171,0.3395,202.821,0
3.6433,-0.005,3.5763798678090097e-06,-1.171,0.3395,202.788,0
3.6446,-0.005,3.5763798678090097e-06,-1.171,0.3395,202.784,0
3.646,-0.005,3.5763798678090097e-06,-1.171,0.3395,202.815,0
3.6474,-0.005,3.5763798678090097e-06,-1.171,0.3395,202.783,0
3.6487,-0.005,3.5763798678090097e-06,-1.171,0.3395,202.817,0
3.65,-0.005,3.5763798678090097e-06,-1.171,0.3395,202.825,0
3.6513,-0.005,3.5763798678090097e-06,-1.171,0.3395,202.772,0
3.6526,-0.005,3.5763798678090097e-06,-1.171,0.3395,202.776,0
3.654,-0.005,3.5763798678090097e-06,-1.171,0.3395,202.799,0
3.6553,-0.005,3.5763798678090097e-06,-1.171,0.3395,202.832,0
3.6566,-0.005,3.5763798678090097e-06,-1.171,0.3395,202.777,0
3.6579,-0.005,3.5763798678090097e-06,-1.171,0.3395,202.804,0
3.6592,-0.005,3.5763798678090097e-06,-1.171,0.3395,202.82,0
3.6603,-0.005,3.5763798678090097e-06,-1.171,0.3395,202.766,0
3.6615,-0.005,3.5763798678090097e-06,-1.171,0.3395,202.794,0
3.6628,-0.005,3.5763798678090097e-06,-1.171,0.3395,202.778,0
3.6641,-0.005,3.5763798678090097e-06,-1.171,0.3395,202.774,0
3.6654,-0.005,3.5763798678090097e-06,-1.171,0.3395,202.804,0
3.6666,-0.005,3.5763798678090097e-06,-1.171,0.3395,202.776,0
3.6679,-0.005,3.5763798678090097e-06,-1.171,0.3395,202.811,0
3.6692,-0.005,3.5763798678090097e-06,-1.171,0.3395,202.806,0
3.6704,-0.005,3.5763798678090097e-06,-1.171,0.3395,202.809,0
3.6717,-0.005,3.5763798678090097e-06,-1.171,0.3395,202.804,0
3.673,-0.005,3.5763798678090097e-06,-1.171,0.3395,202.792,0
3.6743,-0.005,3.5763798678090097e-06,-1.171,0.3395,202.805,0
3.6755,-0.005,3.5763798678090097e-06,-1.171,0.3395,202.779,0
3.6769,-0.005,3.5763798678090097e-06,-1.171,0.3395,202.786,0
3.6782,-0.005,3.5763798678090097e-06,-1.171,0.3395,202.774,0
3.6794,-0.005,3.5763798678090097e-06,-1.171,0.3395,202.794,0
3.6807,-0.005,3.5763798678090097e-06,-1.171,0.3395,202.8,0
3.6822,-0.005,3.5763798678090097e-06,-1.171,0.3395,202.776,0
3.6835,-0.005,3.5763798678090097e-06,-1.171,0.3395,202.804,0
3.6847,-0.005,3.5763798678090097e-06,-1.171,0.3395,202.793,0
3.686,-0.005,3.5763798678090097e-06,-1.171,0.3395,202.791,0
3.6873,-0.005,3.5763798678090097e-06,-1.171,0.3395,202.806,0
3.6885,-0.005,3.5763798678090097e-06,-1.171,0.3395,202.806,0
3.6899,-0.005,3.5763798678090097e-06,-1.171,0.3395,202.762,0
3.6911,-0.005,3.5763798678090097e-06,-1.171,0.3395,202.826,0
3.6923,-0.005,3.5763798678090097e-06,-1.171,0.3395,202.815,0
3.6936,-0.005,3.5763798678090097e-06,-1.171,0.3395,202.808,0
3.6949,-0.005,3.5763798678090097e-06,-1.171,0.3395,202.801,0
3.6961,-0.005,3.5763798678090097e-06,-1.171,0.3395,202.771,0
3.6974,-0.005,3.5763798678090097e-06,-1.171,0.3395,202.813,0
3.6987,-0.005,3.5763798678090097e-06,-1.171,0.3395,202.764,0
3.7,-0.005,3.5763798678090097e-06,-1.171,0.3395,202.76,0
3.7013,-0.005,3.5763798678090097e-06,-1.171,0.3395,202.801,0
3.7025,-0.005,3.5763798678090097e-06,-1.171,0.3395,202.786,0
3.7038,-0.005,3.5763798678090097e-06,-1.171,0.3395,202.773,0
3.7051,-0.005,3.5763798678090097e-06,-1.171,0.3395,202.778,0
3.7063,-0.005,3.5763798678090097e-06,-1.171,0.3395,202.794,0
3.7076,-0.005,3.5763798678090097e-06,-1.171,0.3395,202.794,0
3.7089,-0.005,3.5763798678090097e-06,-1.171,0.3395,202.756,0
3.7102,-0.005,3.5763798678090097e-06,-1.171,0.3395,202.811,0
3.7115,-0.005,3.5763798678090097e-06,-1.171,0.3395,202.776,0
3.7128,-0.005,3.5763798678090097e-06,-1.171,0.3395,202.793,0
3.7141,-0.005,3.5763798678090097e-06,-1.171,0.3395,202.799,0
3.7153,-0.005,3.5763798678090097e-06,-1.171,0.3395,202.81,0
3.7165,-0.005,3.5763798678090097e-06,-1.171,0.3395,202.778,0
3.7179,-0.005,3.5763798678090097e-06,-1.171,0.3395,202.768,0
3.7192,-0.005,3.5763798678090097e-06,-1.171,0.3395,202.778,0
3.7205,-0.005,3.5763798678090097e-06,-1.171,0.3395,202.793,0
3.7217,-0.005,3.5763798678090097e-06,-1.171,0.3395,202.779,0
3.723,-0.005,3.5763798678090097e-06,-1.171,0.3395,202.793,0
3.7242,-0.005,3.5763798678090097e-06,-1.171,0.3395,202.821,0
3.7255,-0.005,3.5763798678090097e-06,-1.171,0.3395,202.801,0
3.7267,-0.005,3.5763798678090097e-06,-1.171,0.3395,202.793,0
3.728,-0.005,3.5763798678090097e-06,-1.171,0.3395,202.819,0
3.7293,-0.005,3.5763798678090097e-06,-1.171,0.3395,202.815,0
3.7305,-0.005,3.5763798678090097e-06,-1.171,0.3395,202.819,0
3.7318,-0.005,3.5763798678090097e-06,-1.171,0.3395,202.779,0
3.733,-0.005,3.5763798678090097e-06,-1.171,0.3395,202.798,0
3.7343,-0.005,3.5763798678090097e-06,-1.171,0.3395,202.796,0
3.7355,-0.005,3.5763798678090097e-06,-1.171,0.3395,202.808,0
3.7367,-0.005,3.5763798678090097e-06,-1.171,0.3395,202.783,0
3.738,-0.005,3.5763798678090097e-06,-1.171,0.3395,202.812,0
3.7392,-0.005,3.5763798678090097e-06,-1.171,0.3395,202.799,0
3.7404,-0.005,3.5763798678090097e-06,-1.171,0.3395,202.765,0
3.7417,-0.005,3.5763798678090097e-06,-1.171,0.3395,202.798,0
3.743,-0.005,3.5763798678090097e-06,-1.171,0.3395,202.803,0
3.7442,-0.005,3.5763798678090097e-06,-1.171,0.3395,202.78,0
3.7455,-0.005,3.5763798678090097e-06,-1.171,0.3395,202.795,0
3.7467,-0.005,3.5763798678090097e-06,-1.171,0.3395,202.761,0
3.748,-0.005,3.5763798678090097e-06,-1.171,0.3395,202.801,0
3.7492,-0.005,3.5763798678090097e-06,-1.171,0.3395,202.771,0
3.7504,-0.005,3.5763798678090097e-06,-1.171,0.3395,202.798,0
3.7518,-0.005,3.5763798678090097e-06,-1.171,0.3395,202.807,0
3.7531,-0.005,3.5763798678090097e-06,-1.171,0.3395,202.76,0
3.7543,-0.005,3.5763798678090097e-06,-1.171,0.3395,202.779,0
3.7556,-0.005,3.5763798678090097e-06,-1.171,0.3395,202.797,0
3.757,-0.005,3.5763798678090097e-06,-1.171,0.3395,202.79,0
3.7582,-0.005,3.5763798678090097e-06,-1.171,0.3395,202.804,0
3.7595,-0.005,3.5763798678090097e-06,-1.171,0.3395,202.818,0
3.7608,-0.005,3.5763798678090097e-06,-1.171,0.3395,202.824,0
3.7621,-0.005,3.5763798678090097e-06,-1.171,0.3395,202.812,0
3.7635,-0.005,3.5763798678090097e-06,-1.171,0.3395,202.782,0
3.7649,-0.005,3.5763798678090097e-06,-1.171,0.3395,202.785,0
3.7662,-0.005,3.5763798678090097e-06,-1.171,0.3395,202.805,0
3.7674,-0.005,3.5763798678090097e-06,-1.171,0.3395,202.816,0
3.7687,-0.005,3.5763798678090097e-06,-1.171,0.3395,202.76,0
3.77,-0.005,3.5763798678090097e-06,-1.171,0.3395,202.782,0
3.7713,-0.005,3.5763798678090097e-06,-1.171,0.3395,202.809,0
3.7726,-0.005,3.5763798678090097e-06,-1.171,0.3395,202.786,0
3.7739,-0.005,3.5763798678090097e-06,-1.171,0.3395,202.817,0
3.7752,-0.005,3.5763798678090097e-06,-1.171,0.3395,202.805,0
3.7765,-0.005,3.5763798678090097e-06,-1.171,0.3395,202.821,0
3.7777,-0.005,3.5763798678090097e-06,-1.171,0.3395,202.805,0
3.7789,-0.005,3.5763798678090097e-06,-1.171,0.3395,202.801,0
3.7801,-0.005,3.5763798678090097e-06,-1.171,0.3395,202.78,0
3.7814,-0.005,3.5763798678090097e-06,-1.171,0.3395,202.791,0
3.7826,-0.005,0.00019781093578785658,-1.13,0.3395,202.799,0
3.784,-0.005,0.00022835713753011078,-1.124,0.3395,202.808,0
3.7852,-0.005,0.0001814666175050661,-1.133,0.3395,202.787,0
3.7865,-0.005,0.0001264957245439291,-1.145,0.3395,202.8,0
3.7879,-0.005,8.278836321551353e-05,-1.154,0.3395,202.796,0
3.7891,-0.005,5.16912477905862e-05,-1.161,0.3395,202.806,0
3.7903,-0.005,3.2224939786829054e-05,-1.165,0.3395,202.795,0
3.7916,-0.005,1.9002543922397308e-05,-1.167,0.3395,202.787,0
3.793,-0.005,1.1044622624467593e-05,-1.169,0.3395,202.766,0
3.7943,-0.005,6.147439762571594e-06,-1.17,0.3395,202.796,0
3.7956,-0.005,2.9642696972587146e-06,-1.171,0.3395,202.779,0
3.7968,-0.005,8.829663897813589e-07,-1.171,0.3395,202.813,0
3.798,-0.005,-5.861887757419026e-07,-1.172,0.3395,202.797,0
3.7992,-0.005,-1.7492701545052114e-06,-1.172,0.3395,202.792,0
3.8005,-0.005,-2.5450624434597557e-06,-1.172,0.3395,202.801,0
3.8018,-0.005,-3.27963834934053e-06,-1.172,0.3395,202.804,0
3.803,-0.005,-3.585711738196551e-06,-1.172,0.3395,202.796,0
3.8042,-0.005,-3.585711738196551e-06,-1.172,0.3395,202.779,0
3.8055,-0.005,-3.585711738196551e-06,-1.172,0.3395,202.769,0
3.8069,-0.005,-3.585711738196551e-06,-1.172,0.3395,202.835,0
3.8082,-0.005,-3.585711738196551e-06,-1.172,0.3395,202.769,0
3.8094,-0.005,-3.585711738196551e-06,-1.172,0.3395,202.758,0
3.8106,-0.005,-3.585711738196551e-06,-1.172,0.3395,202.812,0
3.8119,-0.005,-3.585711738196551e-06,-1.172,0.3395,202.773,0
3.8132,-0.005,-3.585711738196551e-06,-1.172,0.3395,202.815,0
3.8145,-0.005,-3.585711738196551e-06,-1.172,0.3395,202.817,0
3.8157,-0.005,-3.585711738196551e-06,-1.172,0.3395,202.783,0
3.817,-0.005,-3.585711738196551e-06,-1.172,0.3395,202.817,0
3.8183,-0.005,-3.585711738196551e-06,-1.172,0.3395,202.821,0
3.8195,-0.005,-3.585711738196551e-06,-1.172,0.3395,202.767,0
3.8208,-0.005,-3.585711738196551e-06,-1.172,0.3395,202.789,0
3.8221,-0.005,-3.585711738196551e-06,-1.172,0.3395,202.778,0
3.8234,-0.005,-3.585711738196551e-06,-1.172,0.3395,202.791,0
3.8246,-0.005,-3.585711738196551e-06,-1.172,0.3395,202.818,0
3.8259,-0.005,-3.585711738196551e-06,-1.172,0.3395,202.766,0
3.8271,-0.005,-3.585711738196551e-06,-1.172,0.3395,202.815,0
3.8283,-0.005,-3.585711738196551e-06,-1.172,0.3395,202.769,0
3.8296,-0.005,-3.585711738196551e-06,-1.172,0.3395,202.771,0
3.8309,-0.005,-3.585711738196551e-06,-1.172,0.3395,202.81,0
3.8322,-0.005,-3.585711738196551e-06,-1.172,0.3395,202.771,0
3.8334,-0.005,-3.585711738196551e-06,-1.172,0.3395,202.806,0
3.8348,-0.005,-3.585711738196551e-06,-1.172,0.3395,202.796,0
3.836,-0.005,-3.585711738196551e-06,-1.172,0.3395,202.76,0
3.8372,-0.005,-3.585711738196551e-06,-1.172,0.3395,202.805,0
3.8385,-0.005,-3.585711738196551e-06,-1.172,0.3395,202.792,0
3.8398,-0.005,-3.585711738196551e-06,-1.172,0.3395,202.755,0
3.841,-0.005,-3.585711738196551e-06,-1.172,0.3395,202.83,0
3.8423,-0.005,-3.585711738196551e-06,-1.172,0.3395,202.778,0
3.8435,-0.005,-3.585711738196551e-06,-1.172,0.3395,202.818,0
3.8449,-0.005,-3.585711738196551e-06,-1.172,0.3395,202.787,0
3.8461,-0.005,-3.585711738196551e-06,-1.172,0.3395,202.797,0
3.8474,-0.005,-3.585711738196551e-06,-1.172,0.3395,202.8,0
3.8487,-0.005,-3.585711738196551e-06,-1.172,0.3395,202.753,0
3.85,-0.005,-3.585711738196551e-06,-1.172,0.3395,202.799,0
3.8513,-0.005,-3.585711738196551e-06,-1.172,0.3395,202.802,0
3.8528,-0.005,-3.585711738196551e-06,-1.172,0.3395,202.788,0
3.8541,-0.005,-3.585711738196551e-06,-1.172,0.3395,202.749,0
3.8554,-0.005,-3.585711738196551e-06,-1.172,0.3395,202.772,0
3.8567,-0.005,-3.585711738196551e-06,-1.172,0.3395,202.822,0
3.858,-0.005,-3.585711738196551e-06,-1.172,0.3395,202.758,0
3.8593,-0.005,-3.585711738196551e-06,-1.172,0.3395,202.803,0
3.8605,-0.005,-3.585711738196551e-06,-1.172,0.3395,202.818,0
3.8619,-0.005,-3.585711738196551e-06,-1.172,0.3395,202.766,0
3.8632,-0.005,-3.585711738196551e-06,-1.172,0.3395,202.807,0
3.8645,-0.005,-3.585711738196551e-06,-1.172,0.3395,202.776,0
3.8659,-0.005,-3.585711738196551e-06,-1.172,0.3395,202.811,0
3.8672,-0.005,-3.585711738196551e-06,-1.172,0.3395,202.775,0
3.8685,-0.005,-3.585711738196551e-06,-1.172,0.3395,202.8,0
3.8697,-0.005,-3.585711738196551e-06,-1.172,0.3395,202.794,0
3.871,-0.005,-3.585711738196551e-06,-1.172,0.3395,202.783,0
3.8723,-0.005,-3.585711738196551e-06,-1.172,0.3395,202.769,0
3.8736,-0.005,-3.585711738196551e-06,-1.172,0.3395,202.782,0
3.8749,-0.005,-3.585711738196551e-06,-1.172,0.3395,202.822,0
3.8762,-0.005,-3.585711738196551e-06,-1.172,0.3395,202.784,0
3.8775,-0.005,-3.585711738196551e-06,-1.172,0.3395,202.803,0
3.8787,-0.005,-3.585711738196551e-06,-1.172,0.3395,202.78,0
3.88,-0.005,-3.585711738196551e-06,-1.172,0.3395,202.779,0
3.8813,-0.005,-3.585711738196551e-06,-1.172,0.3395,202.832,0
3.8827,-0.005,-3.585711738196551e-06,-1.172,0.3395,202.786,0
3.8841,-0.005,-3.585711738196551e-06,-1.172,0.3395,202.782,0
3.8853,-0.005,-3.585711738196551e-06,-1.172,0.3395,202.78,0
3.8866,-0.005,-3.585711738196551e-06,-1.172,0.3395,202.798,0
3.888,-0.005,0.0001405139046255499,-1.142,0.3395,202.822,0
3.8893,0.0,0.00022639827511738986,-1.121,0.3403,202.762,0
3.8907,0.0,0.0001896081812446937,-1.128,0.3403,202.808,0
3.892,0.0,0.00013512703299056739,-1.14,0.3403,202.807,0
3.8932,0.0,8.952202188083902e-05,-1.149,0.3403,202.801,0
3.8945,0.0,5.671088365488686e-05,-1.156,0.3403,202.769,0
3.8959,0.0,3.4428700018906966e-05,-1.161,0.3403,202.831,0
3.8972,0.0,1.9553503079805523e-05,-1.164,0.3403,202.802,0
3.8985,0.0,1.1167077900609002e-05,-1.166,0.3403,202.767,0
3.8999,0.0,6.575968654942699e-06,-1.167,0.3403,202.839,0
3.9012,0.0,3.025509613507893e-06,-1.167,0.3403,202.805,0
3.9025,0.0,9.442065334042127e-07,-1.168,0.3403,202.83,0
3.9037,0.0,-6.473781581917137e-07,-1.168,0.3403,202.813,0
3.905,0.0,-1.7492448023403995e-06,-1.168,0.3403,202.808,0
3.9062,0.0,-2.545036977608106e-06,-1.168,0.3403,202.767,0
3.9075,0.0,-3.34082778863376e-06,-1.169,0.3403,202.772,0
3.9089,0.0,-3.5856864997185767e-06,-1.169,0.3403,202.805,0
3.9102,0.0,-3.5856864997185767e-06,-1.169,0.3403,202.801,0
3.9115,0.0,-3.5856864997185767e-06,-1.169,0.3403,202.78,0
3.9129,0.0,-3.5856864997185767e-06,-1.169,0.3403,202.799,0
3.9142,0.0,0.00012300650996621698,-1.142,0.3403,202.787,0
3.9154,0.0,0.0002260309993289411,-1.121,0.3403,202.799,0
3.9167,0.0,0.00020136142848059535,-1.126,0.3403,202.768,0
3.918,0.0,0.0001473700103815645,-1.137,0.3403,202.754,0
3.9193,0.0,9.88266765489243e-05,-1.147,0.3403,202.791,0
3.9206,0.0,6.332209886750206e-05,-1.155,0.3403,202.788,0
3.9219,0.0,3.865253893309273e-05,-1.16,0.3403,202.785,0
3.9233,0.0,2.3165195671026595e-05,-1.163,0.3403,202.796,0
3.9246,0.0,1.2636251994990744e-05,-1.165,0.3403,202.781,0
3.9259,0.0,7.800283128744923e-06,-1.166,0.3403,202.782,0
3.9272,0.0,4.0049653762253e-06,-1.167,0.3403,202.768,0
3.9284,0.0,1.5563731494694366e-06,-1.168,0.3403,202.812,0
3.9298,0.0,0.00017265172209590673,-1.132,0.3403,202.807,0
3.931,0.0,0.00022768383496440947,-1.12,0.3403,202.789,0
3.9323,0.0,0.00018715966143645346,-1.129,0.3403,202.767,0
3.9336,0.0,0.00024341607058886439,-1.117,0.3403,202.766,0
3.9349,0.0,0.00031889392994344234,-1.101,0.3403,202.791,0
3.9361,0.0,0.00026171933859586716,-1.113,0.3403,202.768,0
3.9375,0.0,0.00037955783773213625,-1.089,0.3403,202.794,0
3.9388,0.0,0.00034760378184728324,-1.095,0.3403,202.767,0
3.9401,0.0,0.0002568834461271763,-1.114,0.3403,202.834,0
3.9415,0.0,0.00016744864115025848,-1.133,0.3403,202.777,0
3.943,0.0,0.0002060751721728593,-1.125,0.3403,202.798,0
3.9443,0.0,0.0002882254484575242,-1.108,0.3403,202.778,0
3.9455,0.0,0.0004438335308805108,-1.075,0.3403,202.747,0
3.9468,0.0,0.0007947167032398283,-1.002,0.3403,202.778,0
3.9482,0.0,0.0007338692084886134,-1.015,0.3403,202.762,0
3.9495,0.0,0.0008377506164833903,-0.993,0.3403,202.797,0
3.9509,0.0,0.001162923639640212,-0.926,0.3403,202.751,0
3.9522,0.005,0.0015317427460104227,-0.847,0.341,202.779,0
3.9536,0.005,0.002047416288405657,-0.742,0.341,202.747,0
3.9549,0.005,0.002495386404916644,-0.651,0.341,202.782,0
3.9562,0.011,0.002834271639585495,-0.581,0.3418,202.768,0
3.9575,0.011,0.0030710503924638033,-0.534,0.3418,202.773,0
3.9588,0.011,0.003827726701274514,-0.386,0.3418,202.736,0
3.9601,0.016,0.004594626370817423,-0.239,0.3426,202.778,0
3.9614,0.016,0.005107911769300699,-0.144,0.3426,202.781,0
3.963,0.022,0.005889929831027985,-0.004,0.3433,202.755,0
3.9643,0.027,0.006740509532392025,0.142,0.3441,202.755,0
3.9656,0.033,0.007380449678748846,0.245,0.3448,202.713,0
3.967,0.038,0.008229315280914307,0.376,0.3456,202.76,0
3.9682,0.044,0.009310001507401466,0.531,0.3464,202.74,0
3.9695,0.049,0.01060536690056324,0.699,0.3471,202.75,0
3.9709,0.055,0.011976639740169048,0.857,0.3479,202.737,0
3.9722,0.066,0.013434041291475296,0.999,0.3494,202.704,0
3.9735,0.071,0.015071597881615162,1.137,0.3502,202.72,0
3.9749,0.082,0.016839543357491493,1.255,0.3517,202.678,0
3.9762,0.093,0.018238363787531853,1.329,0.3532,202.681,0
3.9775,0.104,0.020054053515195847,1.406,0.3548,202.632,0
3.9787,0.121,0.022293781861662865,1.472,0.3571,202.656,0
3.98,0.132,0.024468621239066124,1.519,0.3586,202.633,0
3.9814,0.148,0.026567313820123672,1.542,0.3609,202.59,0
3.9828,0.165,0.028538553044199944,1.551,0.3632,202.617,0
3.9841,0.181,0.030695943161845207,1.554,0.3654,202.577,0
3.9854,0.198,0.03327198699116707,1.551,0.3677,202.547,0
3.9867,0.22,0.03560929000377655,1.535,0.3708,202.507,0
3.988,0.242,0.03805463761091232,1.516,0.3738,202.522,0
3.9892,0.258,0.040430810302495956,1.498,0.3761,202.468,0
3.9905,0.286,0.04335559159517288,1.469,0.3799,202.461,0
3.9919,0.313,0.04676703363656998,1.437,0.3838,202.453,0
3.9931,0.335,0.04971624165773392,1.41,0.3868,202.378,0
3.9943,0.368,0.05322984978556633,1.375,0.3914,202.32,0
3.9956,0.396,0.05639692768454552,1.346,0.3952,202.342,0
3.997,0.428,0.060032956302165985,1.314,0.3998,202.256,0
3.9983,0.461,0.06400200724601746,1.282,0.4044,202.235,0
3.9996,0.5,0.06755583733320236,1.255,0.4097,202.194,0
4.001,0.533,0.07064326107501984,1.235,0.4143,202.186,0
4.0022,0.577,0.07433916628360748,1.215,0.4204,202.075,0
4.0034,0.615,0.07706910371780396,1.204,0.4257,202.05,0
4.0047,0.654,0.07999449223279953,1.196,0.4311,202.014,0
4.0061,0.692,0.08221326023340225,1.195,0.4364,201.971,0
4.0074,0.736,0.0837043821811676,1.205,0.4425,201.924,0
4.0087,0.78,0.08571387082338333,1.217,0.4486,201.879,0
4.0099,0.818,0.08691730350255966,1.233,0.4539,201.826,0
4.0112,0.857,0.08744125068187714,1.257,0.4593,201.771,0
4.0125,0.906,0.0891745388507843,1.285,0.4662,201.728,0
4.0138,0.945,0.09084825217723846,1.308,0.4715,201.663,0
4.0151,0.994,0.09350436180830002,1.339,0.4784,201.586,0
4.0164,1.038,0.09505543857812881,1.374,0.4845,201.549,0
4.0177,1.088,0.09699783474206924,1.415,0.4913,201.535,0
4.019,1.132,0.09740938991308212,1.462,0.4974,201.434,0
4.0202,1.181,0.0983194038271904,1.515,0.5043,201.42,0
4.0215,1.225,0.09841825067996979,1.568,0.5104,201.36,0
4.0227,1.269,0.09911561757326126,1.618,0.5165,201.264,0
4.024,1.313,0.09973345696926117,1.67,0.5226,201.317,0
4.0253,1.362,0.10123121738433838,1.725,0.5295,201.198,0
4.0266,1.412,0.10234322398900986,1.783,0.5363,201.157,0
4.0278,1.461,0.10335028171539307,1.841,0.5432,201.085,0
4.029,1.511,0.10586309432983398,1.891,0.5501,201.009,0
4.0303,1.56,0.1071295440196991,1.946,0.5569,200.98,0
4.0316,1.609,0.1094788908958435,1.995,0.5638,200.95,0
4.0332,1.681,0.11125438660383224,2.072,0.5737,200.853,0
4.0345,1.73,0.11275647580623627,2.121,0.5806,200.756,0
4.0357,1.785,0.11338583379983902,2.18,0.5882,200.692,0
4.0369,1.835,0.11483821272850037,2.225,0.5951,200.654,0
4.0382,1.89,0.1159777119755745,2.274,0.6027,200.61,0
4.0395,1.945,0.11797649413347244,2.315,0.6104,200.545,0
4.0407,2.0,0.1204046979546547,2.349,0.618,200.496,0
4.042,2.06,0.12311466783285141,2.382,0.6264,200.412,0
4.0433,2.12,0.12517449259757996,2.414,0.6348,200.34,0
4.0446,2.186,0.127860888838768,2.44,0.6439,200.259,0
4.0459,2.247,0.1292363852262497,2.465,0.6523,200.191,0
4.0471,2.307,0.13118185102939606,2.481,0.6607,200.12,0
4.0483,2.368,0.13276608288288116,2.495,0.6691,200.047,0
4.0496,2.428,0.13416385650634766,2.505,0.6775,199.987,0
4.0509,2.494,0.13671547174453735,2.504,0.6866,199.882,0
4.0521,2.56,0.13942532241344452,2.498,0.6958,199.841,0
4.0533,2.626,0.14062440395355225,2.497,0.705,199.796,0
4.0546,2.692,0.14249756932258606,2.487,0.7141,199.693,0
4.0559,2.758,0.14360995590686798,2.479,0.7233,199.63,0
4.0572,2.823,0.1445537656545639,2.47,0.7324,199.55,0
4.0584,2.895,0.14555509388446808,2.458,0.7423,199.477,0
4.0598,2.961,0.14644740521907806,2.446,0.7515,199.422,0
4.061,3.032,0.14747674763202667,2.433,0.7614,199.329,0
4.0623,3.104,0.14856399595737457,2.42,0.7713,199.264,0
4.0636,3.175,0.14957134425640106,2.41,0.7812,199.235,0
4.065,3.241,0.14973796904087067,2.407,0.7904,199.137,0
4.0664,3.323,0.15000195801258087,2.408,0.8018,199.058,0
4.0677,3.395,0.15013496577739716,2.415,0.8118,198.984,0
4.0689,3.466,0.14985473453998566,2.429,0.8217,198.898,0
4.0702,3.527,0.15024252235889435,2.442,0.8301,198.85,0
4.0715,3.598,0.15024742484092712,2.466,0.84,198.762,0
4.0728,3.669,0.15124988555908203,2.49,0.8499,198.707,0
4.074,3.741,0.15195581316947937,2.523,0.8598,198.627,0
4.0752,3.807,0.15276102721691132,2.56,0.869,198.598,0
4.0764,3.873,0.15298454463481903,2.605,0.8781,198.519,0
4.0777,3.944,0.153929203748703,2.657,0.8881,198.452,0
4.079,4.016,0.1545654535293579,2.718,0.898,198.397,0
4.0804,4.087,0.15476717054843903,2.787,0.9079,198.316,0
4.0817,4.164,0.1548091322183609,2.869,0.9186,198.244,0
4.0829,4.235,0.15624071657657623,2.942,0.9285,198.175,0
4.0841,4.312,0.15800029039382935,3.024,0.9392,198.071,0
4.0855,4.384,0.16006135940551758,3.1,0.9491,198.03,0
4.0867,4.466,0.16235728561878204,3.191,0.9605,198.021,0
4.088,4.537,0.1650475114583969,3.266,0.9705,197.898,0
4.0892,4.62,0.16746732592582703,3.356,0.9819,197.846,0
4.0905,4.697,0.16969898343086243,3.437,0.9926,197.824,0
4.0918,4.785,0.17004387080669403,3.538,0.0048,197.743,0
4.0933,4.872,0.17020778357982635,3.633,0.017,197.655,0
4.0946,4.949,0.17004533112049103,3.709,0.0277,197.655,0
4.096,5.026,0.1706426441669464,3.772,0.0384,197.625,0
4.0973,5.114,0.17173175513744354,3.828,0.0506,197.52,0
4.0986,5.202,0.17294038832187653,3.867,0.0628,197.441,0
4.0999,5.279,0.17285670340061188,3.894,0.0735,197.369,0
4.1013,5.361,0.17195506393909454,3.911,0.0849,197.366,0
4.1026,5.444,0.17308296263217926,3.899,0.0963,197.265,0
4.1038,5.526,0.1732606589794159,3.875,0.1078,197.222,0
4.1051,5.603,0.1744314581155777,3.83,0.1185,197.197,0
4.1064,5.685,0.17493587732315063,3.768,0.1299,197.081,0
4.1077,5.773,0.1748841106891632,3.685,0.1421,197.059,0
4.1089,5.85,0.1746854931116104,3.598,0.1528,196.979,0
4.1102,5.927,0.1741621196269989,3.498,0.1635,196.959,0
4.1115,6.004,0.17335593700408936,3.385,0.1742,196.841,0
4.1128,6.081,0.17319566011428833,3.257,0.1848,196.756,0
4.1141,6.169,0.17446723580360413,3.088,0.1971,196.709,0
4.1153,6.251,0.17507454752922058,2.921,0.2085,196.658,0
4.1166,6.328,0.17529521882534027,2.76,0.2192,196.564,0
4.1179,6.405,0.17551007866859436,2.593,0.2299,196.551,0
4.1192,6.493,0.1745012253522873,2.405,0.2421,196.407,0
4.1204,6.57,0.17428557574748993,2.234,0.2527,196.383,0
4.1217,6.647,0.17344194650650024,2.067,0.2634,196.265,0
4.123,6.724,0.17345768213272095,1.898,0.2741,196.184,0
4.1242,6.801,0.17278538644313812,1.736,0.2848,196.158,0
4.1254,6.877,0.1721559464931488,1.581,0.2955,196.062,0
4.1267,6.954,0.17071031033992767,1.438,0.3062,196.001,0
4.128,7.026,0.16910402476787567,1.316,0.3161,195.946,0
4.1293,7.103,0.16737861931324005,1.194,0.3268,195.835,0
4.1306,7.174,0.16571953892707825,1.093,0.3367,195.768,0
4.1319,7.251,0.16529062390327454,0.988,0.3474,195.689,0
4.1331,7.328,0.16448628902435303,0.901,0.358,195.608,0
4.1344,7.405,0.16392379999160767,0.827,0.3687,195.552,0
4.1357,7.476,0.1634211540222168,0.772,0.3786,195.408,0
4.137,7.548,0.16231390833854675,0.735,0.3885,195.369,0
4.1383,7.625,0.1612873077392578,0.709,0.3992,195.277,0
4.1395,7.696,0.1608346700668335,0.697,0.4091,195.201,0
4.1407,7.767,0.16077865660190582,0.695,0.4191,195.111,0
4.142,7.833,0.16088205575942993,0.705,0.4282,195.005,0
4.1435,7.927,0.16084401309490204,0.738,0.4412,194.932,0
4.1447,7.998,0.16142752766609192,0.773,0.4511,194.837,0
4.1459,8.069,0.16159221529960632,0.821,0.461,194.726,0
4.1471,8.141,0.16233454644680023,0.876,0.4709,194.65,0
4.1484,8.218,0.16439491510391235,0.937,0.4816,194.588,0
4.1498,8.3,0.16586534678936005,1.016,0.4931,194.473,0
4.151,8.377,0.16813059151172638,1.091,0.5038,194.385,0
4.1522,8.448,0.16881991922855377,1.174,0.5137,194.231,0
4.1535,8.531,0.16937507688999176,1.276,0.5251,194.189,0
4.1547,8.602,0.16987919807434082,1.365,0.535,194.13,0
4.1559,8.679,0.17050865292549133,1.462,0.5457,194.004,0
4.1572,8.762,0.17185693979263306,1.56,0.5572,193.933,0
4.1585,8.839,0.17298272252082825,1.65,0.5678,193.831,0
4.1598,8.926,0.1740487664937973,1.749,0.58,193.741,0
4.161,9.003,0.17415685951709747,1.835,0.5907,193.695,0
4.1623,9.08,0.17432045936584473,1.915,0.6014,193.572,0
4.1635,9.163,0.17644952237606049,1.981,0.6129,193.46,0
4.1648,9.245,0.1784375011920929,2.039,0.6243,193.386,0
4.1661,9.333,0.1807621270418167,2.089,0.6365,193.26,0
4.1673,9.415,0.18315072357654572,2.125,0.6479,193.164,0
4.1685,9.498,0.18571056425571442,2.15,0.6594,193.091,0
4.1699,9.591,0.18800674378871918,2.171,0.6724,192.957,0
4.1712,9.684,0.19060680270195007,2.179,0.6853,192.855,0
4.1724,9.778,0.19270770251750946,2.18,0.6983,192.777,0
4.1737,9.866,0.19447599351406097,2.175,0.7105,192.644,0
4.175,9.954,0.19650623202323914,2.162,0.7227,192.589,0
4.1762,10.047,0.1981063038110733,2.147,0.7357,192.45,0
4.1774,10.135,0.19997386634349823,2.127,0.7479,192.349,0
4.1787,10.234,0.20189261436462402,2.106,0.7616,192.255,0
4.18,10.327,0.20399115979671478,2.086,0.7746,192.176,0
4.1812,10.426,0.20445410907268524,2.079,0.7883,192.078,0
4.1825,10.514,0.20447903871536255,2.081,0.8005,191.974,0
4.1837,10.607,0.205118790268898,2.087,0.8135,191.871,0
4.185,10.695,0.20514830946922302,2.104,0.8257,191.783,0
4.1863,10.789,0.20579859614372253,2.129,0.8387,191.686,0
4.1875,10.887,0.20558850467205048,2.173,0.8524,191.595,0
4.1889,10.981,0.2061094045639038,2.223,0.8654,191.489,0
4.1902,11.08,0.20590457320213318,2.293,0.8791,191.415,0
4.1914,11.179,0.20738278329372406,2.367,0.8929,191.335,0
4.1927,11.272,0.20745380222797394,2.456,0.9058,191.254,0
4.1939,11.36,0.2077537178993225,2.547,0.918,191.151,0
4.1951,11.453,0.20719927549362183,2.657,0.931,191.109,0
4.1964,11.547,0.20683138072490692,2.773,0.944,190.989,0
4.1977,11.64,0.20750243961811066,2.887,0.9569,190.91,0
4.199,11.744,0.20963630080223083,3.007,0.9714,190.819,0
4.2002,11.838,0.21157680451869965,3.113,0.9844,190.747,0
4.2014,11.937,0.21346579492092133,3.222,0.9981,190.683,0
4.2027,12.03,0.21440452337265015,3.323,0.0111,190.585,0
4.204,12.129,0.21557354927062988,3.417,0.0248,190.529,0
4.2052,12.228,0.21633762121200562,3.499,0.0386,190.461,0
4.2065,12.321,0.2170870006084442,3.56,0.0515,190.392,0
4.2077,12.426,0.21724340319633484,3.61,0.066,190.327,0
4.209,12.519,0.2171330451965332,3.636,0.079,190.272,0
4.2102,12.623,0.2168327420949936,3.64,0.0935,190.171,0
4.2114,12.717,0.21644620597362518,3.619,0.1065,190.114,0
4.2127,12.816,0.2169741988182068,3.567,0.1202,190.039,0
4.2141,12.909,0.217376247048378,3.493,0.1332,189.959,0
4.2154,13.024,0.21762163937091827,3.372,0.1492,189.872,0
4.2166,13.118,0.21678784489631653,3.255,0.1622,189.82,0
4.2179,13.211,0.21555234491825104,3.121,0.1751,189.748,0
4.2191,13.31,0.21475833654403687,2.956,0.1889,189.678,0
4.2203,13.403,0.21457374095916748,2.78,0.2018,189.552,0
4.2215,13.497,0.21430709958076477,2.592,0.2148,189.471,0
4.2229,13.596,0.21400660276412964,2.382,0.2285,189.402,0
4.2241,13.694,0.2131941020488739,2.169,0.2423,189.328,0
4.2253,13.788,0.21292953193187714,1.962,0.2552,189.232,0
4.2266,13.881,0.21257437765598297,1.756,0.2682,189.14,0
4.2278,13.975,0.21261461079120636,1.553,0.2812,189.073,0
4.229,14.068,0.21284110844135284,1.356,0.2942,188.997,0
4.2302,14.161,0.2117292732000351,1.179,0.3071,188.894,0
4.2315,14.249,0.21007567644119263,1.028,0.3193,188.785,0
4.2327,14.343,0.20843426883220673,0.884,0.3323,188.733,0
4.234,14.431,0.2069854736328125,0.765,0.3445,188.629,0
4.2353,14.524,0.20550769567489624,0.659,0.3575,188.502,0
4.2366,14.617,0.20406295359134674,0.575,0.3705,188.464,0
4.2379,14.711,0.20246799290180206,0.515,0.3834,188.323,0
4.2391,14.799,0.2001577764749527,0.485,0.3956,188.238,0
4.2404,14.886,0.1991230696439743,0.468,0.4078,188.134,0
4.2416,14.974,0.19877809286117554,0.468,0.42,188.07,0
4.2428,15.057,0.1976480484008789,0.491,0.4315,187.947,0
4.2442,15.15,0.19719432294368744,0.531,0.4445,187.853,0
4.2455,15.244,0.19642505049705505,0.593,0.4574,187.717,0
4.2469,15.337,0.19609782099723816,0.67,0.4704,187.615,0
4.2481,15.43,0.19642575085163116,0.757,0.4834,187.511,0
4.2495,15.524,0.19782301783561707,0.85,0.4963,187.393,0
4.2507,15.617,0.19855482876300812,0.957,0.5093,187.272,0
4.2519,15.705,0.20022916793823242,1.057,0.5215,187.15,0
4.2531,15.798,0.20036271214485168,1.177,0.5345,187.084,0
4.2544,15.886,0.20106017589569092,1.288,0.5467,186.979,0
4.2558,15.985,0.20161086320877075,1.411,0.5604,186.847,0
4.257,16.078,0.20254428684711456,1.521,0.5734,186.701,0
4.2583,16.166,0.20308604836463928,1.621,0.5856,186.613,0
4.2596,16.265,0.2030501663684845,1.727,0.5993,186.52,0
4.2609,16.359,0.20344744622707367,1.815,0.6123,186.421,0
4.2622,16.458,0.20473994314670563,1.891,0.626,186.261,0
4.2634,16.551,0.20629745721817017,1.947,0.639,186.172,0
4.2648,16.65,0.20748943090438843,1.997,0.6527,186.055,0
4.266,16.749,0.2091476023197174,2.03,0.6665,185.913,0
4.2673,16.848,0.21052846312522888,2.052,0.6802,185.826,0
4.2686,16.946,0.2126358598470688,2.057,0.6939,185.745,0
4.2699,17.045,0.21438035368919373,2.055,0.7077,185.611,0
4.2711,17.15,0.21655508875846863,2.042,0.7222,185.486,0
4.2724,17.249,0.21913248300552368,2.02,0.7359,185.392,0
4.2738,17.369,0.22112759947776794,1.997,0.7527,185.253,0
4.2751,17.474,0.22317300736904144,1.975,0.7672,185.147,0
4.2764,17.578,0.22533290088176727,1.955,0.7817,185.072,0
4.2776,17.677,0.22607873380184174,1.95,0.7954,184.891,0
4.279,17.787,0.22643692791461945,1.956,0.8107,184.804,0
4.2803,17.897,0.22723321616649628,1.972,0.8259,184.681,0
4.2816,18.007,0.2278101146221161,2.003,0.8412,184.61,0
4.2829,18.105,0.22781401872634888,2.049,0.8549,184.497,0
4.2841,18.215,0.22785808145999908,2.115,0.8702,184.383,0
4.2854,18.314,0.2277078628540039,2.19,0.8839,184.259,0
4.2867,18.419,0.22842849791049957,2.278,0.8984,184.163,0
4.288,18.528,0.22892090678215027,2.386,0.9137,184.104,0
4.2892,18.638,0.22942863404750824,2.506,0.9289,183.97,0
4.2905,18.737,0.22903893887996674,2.628,0.9427,183.921,0
4.2919,18.847,0.22879716753959656,2.768,0.9579,183.772,0
4.2932,18.957,0.23050114512443542,2.898,0.9732,183.684,0
4.2945,19.067,0.23181527853012085,3.028,0.9884,183.621,0
4.2959,19.188,0.23411482572555542,3.157,0.0052,183.534,0
4.2974,19.308,0.2360471487045288,3.274,0.022,183.445,0
4.2986,19.429,0.2374042272567749,3.374,0.0388,183.33,0
4.3001,19.534,0.23777276277542114,3.443,0.0533,183.27,0
4.3015,19.671,0.23820599913597107,3.499,0.0724,183.177,0
4.3027,19.781,0.23826539516448975,3.514,0.0876,183.137,0
4.304,19.885,0.23820681869983673,3.499,0.1021,182.991,0
4.3053,19.995,0.23778998851776123,3.454,0.1174,182.948,0
4.3066,20.116,0.2382919043302536,3.361,0.1342,182.866,0
4.308,20.226,0.2385183721780777,3.245,0.1494,182.79,0
4.3093,20.341,0.23752780258655548,3.097,0.1654,182.715,0
4.3106,20.451,0.2366970032453537,2.928,0.1807,182.583,0
4.3119,20.555,0.23599489033222198,2.744,0.1952,182.508,0
4.3132,20.671,0.2346208691596985,2.524,0.2112,182.383,0
4.3147,20.77,0.23383229970932007,2.32,0.2249,182.292,0
4.316,20.901,0.23340456187725067,2.032,0.2433,182.194,0
4.3172,21.006,0.23246358335018158,1.804,0.2578,182.151,0
4.3186,21.11,0.2318098545074463,1.577,0.2722,182.035,0
4.3198,21.215,0.2309868186712265,1.358,0.2867,181.921,0
4.3211,21.319,0.22970837354660034,1.153,0.3012,181.859,0
4.3224,21.418,0.22858980298042297,0.973,0.315,181.715,0
4.324,21.55,0.22595025599002838,0.768,0.3333,181.594,0
4.3253,21.654,0.2240738570690155,0.632,0.3478,181.54,0
4.3266,21.753,0.22164273262023926,0.531,0.3615,181.41,0
4.3279,21.857,0.22029362618923187,0.445,0.376,181.31,0
4.3292,21.956,0.2180701196193695,0.396,0.3897,181.217,0
4.3307,22.055,0.21509616076946259,0.378,0.4035,181.088,0
4.332,22.165,0.2133178412914276,0.38,0.4187,180.978,0
4.3333,22.264,0.21233399212360382,0.405,0.4325,180.898,0
4.3346,22.357,0.21053951978683472,0.455,0.4454,180.74,0
4.3359,22.451,0.20946533977985382,0.52,0.4584,180.645,0
4.3372,22.549,0.2077842801809311,0.611,0.4721,180.51,0
4.3384,22.643,0.20733323693275452,0.705,0.4851,180.423,0
4.3397,22.736,0.20765283703804016,0.806,0.4981,180.317,0
4.341,22.835,0.20846864581108093,0.92,0.5118,180.174,0
4.3423,22.934,0.2092311829328537,1.041,0.5255,180.081,0
4.3436,23.027,0.20924977958202362,1.162,0.5385,179.996,0
4.3449,23.126,0.20963719487190247,1.288,0.5522,179.828,0
4.3461,23.225,0.21037530899047852,1.409,0.566,179.745,0
4.3474,23.318,0.21031567454338074,1.522,0.5789,179.628,0
4.3487,23.417,0.2098897248506546,1.636,0.5927,179.511,0
4.35,23.516,0.21003098785877228,1.736,0.6064,179.414,0
4.3513,23.61,0.2107582688331604,1.816,0.6194,179.277,0
4.3526,23.714,0.21192729473114014,1.889,0.6339,179.197,0
4.3541,23.829,0.2136950045824051,1.949,0.6499,179.045,0
4.3555,23.928,0.21471484005451202,1.989,0.6636,178.917,0
4.3568,24.038,0.2164873331785202,2.014,0.6789,178.765,0
4.3581,24.142,0.21835444867610931,2.022,0.6934,178.672,0
4.3594,24.247,0.22055748105049133,2.018,0.7079,178.542,0
4.3607,24.351,0.2218227982521057,2.01,0.7224,178.405,0
4.362,24.461,0.2246951311826706,1.986,0.7376,178.277,0
4.3632,24.571,0.22619396448135376,1.967,0.7529,178.159,0
4.3645,24.675,0.2276112139225006,1.948,0.7674,178.058,0
4.366,24.791,0.22879621386528015,1.934,0.7834,177.924,0
4.3674,24.906,0.22941245138645172,1.931,0.7994,177.823,0
4.3688,25.027,0.23016709089279175,1.94,0.8162,177.697,0
4.37,25.137,0.23067699372768402,1.962,0.8315,177.575,0
4.3713,25.241,0.23031897842884064,2.003,0.846,177.452,0
4.3725,25.345,0.23013634979724884,2.057,0.8605,177.376,0
4.3742,25.472,0.23071597516536713,2.138,0.878,177.223,0
4.3754,25.587,0.2308403104543686,2.234,0.894,177.134,0
4.3768,25.692,0.23159228265285492,2.331,0.9085,177.02,0
4.3781,25.801,0.23179540038108826,2.449,0.9238,176.943,0
4.3793,25.906,0.23195777833461761,2.572,0.9383,176.832,0
4.3805,26.005,0.23154571652412415,2.698,0.952,176.782,0
4.3819,26.115,0.23163649439811707,2.837,0.9673,176.649,0
4.3832,26.23,0.23211230337619781,2.98,0.9833,176.519,0
4.3845,26.34,0.23309309780597687,3.108,0.9986,176.451,0
4.3859,26.455,0.2355489879846573,3.223,0.0146,176.369,0
4.3872,26.576,0.2377750277519226,3.327,0.0314,176.263,0
4.3884,26.686,0.23952268064022064,3.402,0.0466,176.201,0
4.3898,26.796,0.24062101542949677,3.458,0.0619,176.139,0
4.391,26.911,0.24159160256385803,3.488,0.0779,176.027,0
4.3922,27.01,0.24082688987255096,3.497,0.0916,175.954,0
4.3934,27.12,0.24173767864704132,3.467,0.1069,175.865,0
4.3947,27.23,0.2420060634613037,3.407,0.1222,175.792,0
4.3964,27.334,0.24246634542942047,3.32,0.1367,175.706,0
4.3979,27.504,0.2430535852909088,3.117,0.1603,175.607,0
4.3991,27.614,0.24221768975257874,2.956,0.1756,175.498,0
4.4003,27.719,0.24250786006450653,2.774,0.1901,175.404,0
4.4015,27.823,0.24233481287956238,2.575,0.2046,175.301,0
4.4029,27.938,0.2421545684337616,2.337,0.2206,175.201,0
4.4042,28.054,0.24158766865730286,2.09,0.2366,175.139,0
4.4054,28.158,0.241181880235672,1.859,0.2511,175.039,0
4.4067,28.273,0.2407606840133667,1.604,0.2671,174.996,0
4.408,28.378,0.23998312652111053,1.382,0.2816,174.875,0
4.4093,28.493,0.2392057329416275,1.147,0.2976,174.728,0
4.4106,28.603,0.23751047253608704,0.946,0.3129,174.665,0
4.412,28.713,0.2354385256767273,0.769,0.3282,174.549,0
4.4132,28.823,0.2335222065448761,0.617,0.3434,174.468,0
4.4145,28.922,0.23219585418701172,0.501,0.3571,174.374,0
4.4158,29.031,0.22990106046199799,0.408,0.3724,174.254,0
4.4171,29.13,0.22777429223060608,0.351,0.3861,174.15,0
4.4184,29.229,0.22510039806365967,0.325,0.3999,174.028,0
4.4197,29.333,0.22328411042690277,0.319,0.4144,173.933,0
4.421,29.432,0.22123563289642334,0.343,0.4281,173.81,0
4.4222,29.531,0.22034749388694763,0.383,0.4418,173.752,0
4.4235,29.63,0.21901676058769226,0.448,0.4556,173.627,0
4.4249,29.729,0.21581213176250458,0.545,0.4693,173.512,0
4.4261,29.828,0.2139485627412796,0.65,0.483,173.343,0
4.4273,29.916,0.2136155664920807,0.747,0.4952,173.25,0
4.4285,30.009,0.2138272076845169,0.856,0.5082,173.177,0
4.4298,30.103,0.21383827924728394,0.973,0.5212,173.09,0
4.431,30.201,0.21356895565986633,1.102,0.5349,172.947,0
4.4322,30.295,0.21383266150951385,1.222,0.5479,172.822,0
4.4335,30.394,0.21458390355110168,1.344,0.5616,172.68,0
4.4347,30.487,0.21501538157463074,1.457,0.5746,172.63,0
4.436,30.58,0.2146919220685959,1.567,0.5876,172.524,0
4.4373,30.685,0.2142082303762436,1.68,0.6021,172.385,0
4.4386,30.784,0.2144000232219696,1.772,0.6158,172.276,0
4.44,30.883,0.21505841612815857,1.848,0.6295,172.159,0
4.4413,30.998,0.21648962795734406,1.915,0.6455,171.994,0
4.4425,31.097,0.2180810123682022,1.955,0.6593,171.911,0
4.4437,31.19,0.2184162139892578,1.988,0.6722,171.801,0
4.4451,31.295,0.21996307373046875,2.005,0.6867,171.666,0
4.4463,31.399,0.22194884717464447,2.007,0.7012,171.534,0
4.4476,31.503,0.22326336801052094,2.003,0.7157,171.428,0
4.4488,31.608,0.22532789409160614,1.986,0.7302,171.294,0
4.4502,31.718,0.22706656157970428,1.967,0.7455,171.16,0
4.4515,31.822,0.22877059876918793,1.946,0.76,171.037,0
4.4528,31.932,0.23033970594406128,1.928,0.7752,170.915,0
4.454,32.042,0.23114356398582458,1.919,0.7905,170.808,0
4.4553,32.146,0.23189279437065125,1.919,0.805,170.693,0
4.4566,32.261,0.23240487277507782,1.933,0.821,170.574,0
4.4579,32.36,0.23284421861171722,1.957,0.8347,170.452,0
4.4592,32.47,0.23280328512191772,2.001,0.85,170.337,0
4.4605,32.58,0.23292411863803864,2.061,0.8653,170.251,0
4.4619,32.701,0.23331494629383087,2.145,0.882,170.151,0
4.4631,32.811,0.23389920592308044,2.237,0.8973,170.038,0
4.4643,32.91,0.23416747152805328,2.334,0.911,169.91,0
4.4657,33.025,0.23443898558616638,2.461,0.9271,169.82,0
4.4669,33.129,0.23467803001403809,2.585,0.9416,169.697,0
4.4682,33.234,0.2350347489118576,2.713,0.9561,169.623,0
4.4695,33.344,0.23533153533935547,2.852,0.9713,169.524,0
4.4707,33.448,0.23590630292892456,2.98,0.9858,169.438,0
4.472,33.552,0.2365214228630066,3.102,0.0003,169.313,0
4.4733,33.668,0.23795755207538605,3.221,0.0163,169.253,0
4.4745,33.777,0.23996292054653168,3.315,0.0316,169.132,0
4.4759,33.898,0.24204878509044647,3.396,0.0484,169.058,0
4.4771,34.014,0.24333061277866364,3.449,0.0644,169.016,0
4.4784,34.124,0.24498789012432098,3.47,0.0797,168.947,0
4.4797,34.239,0.2456415444612503,3.465,0.0957,168.823,0
4.481,34.349,0.24609431624412537,3.428,0.1109,168.709,0
4.4822,34.464,0.24663779139518738,3.355,0.127,168.645,0
4.4834,34.574,0.246482253074646,3.255,0.1422,168.548,0
4.4847,34.684,0.24649326503276825,3.124,0.1575,168.466,0
4.486,34.799,0.24651646614074707,2.954,0.1735,168.419,0
4.4873,34.915,0.24600887298583984,2.76,0.1895,168.303,0
4.4889,35.03,0.24625378847122192,2.537,0.2055,168.223,0
4.4902,35.167,0.24477720260620117,2.259,0.2246,168.098,0
4.4915,35.277,0.24438950419425964,2.021,0.2399,168.005,0
4.4929,35.392,0.2433129996061325,1.769,0.2559,167.926,0
4.4945,35.535,0.24305406212806702,1.455,0.2757,167.807,0
4.4957,35.64,0.24205392599105835,1.239,0.2902,167.705,0
4.4971,35.75,0.24171213805675507,1.021,0.3055,167.647,0
4.4984,35.876,0.23921410739421844,0.808,0.323,167.484,0
4.4997,35.98,0.23766478896141052,0.652,0.3375,167.396,0
4.501,36.085,0.23540471494197845,0.525,0.352,167.296,0
4.5022,36.194,0.23308931291103363,0.421,0.3673,167.203,0
4.5035,36.293,0.23075410723686218,0.356,0.381,167.114,0
4.5048,36.392,0.22717389464378357,0.325,0.3947,166.962,0
4.5062,36.497,0.22367317974567413,0.32,0.4092,166.892,0
4.5074,36.595,0.2211741954088211,0.336,0.423,166.807,0
4.5086,36.689,0.21972200274467468,0.369,0.4359,166.708,0
4.5099,36.782,0.21758215129375458,0.427,0.4489,166.58,0
4.5112,36.881,0.21533668041229248,0.508,0.4626,166.496,0
4.5124,36.974,0.2138398438692093,0.598,0.4756,166.384,0
4.5138,37.073,0.21282713115215302,0.704,0.4893,166.293,0
4.515,37.172,0.21237130463123322,0.82,0.5031,166.162,0
4.5163,37.266,0.21168845891952515,0.939,0.5161,166.05,0
4.5174,37.359,0.21173760294914246,1.058,0.529,165.949,0
4.5187,37.452,0.21145379543304443,1.181,0.542,165.856,0
4.52,37.546,0.21152150630950928,1.302,0.555,165.705,0
4.5212,37.639,0.21152354776859283,1.419,0.5679,165.636,0
4.5224,37.738,0.2116270661354065,1.537,0.5817,165.509,0
4.5237,37.831,0.2107010930776596,1.646,0.5946,165.36,0
4.5249,37.919,0.2103305459022522,1.737,0.6068,165.308,0
4.5262,38.013,0.209932342171669,1.823,0.6198,165.19,0
4.5274,38.112,0.2103467881679535,1.897,0.6335,165.072,0
4.5287,38.21,0.2108013927936554,1.956,0.6473,164.904,0
4.53,38.304,0.21232567727565765,1.993,0.6602,164.804,0
4.5312,38.403,0.21269731223583221,2.027,0.674,164.718,0
4.5325,38.502,0.21379411220550537,2.043,0.6877,164.617,0
4.5339,38.606,0.21490336954593658,2.05,0.7022,164.476,0
4.5351,38.71,0.2164444476366043,2.043,0.7167,164.372,0
4.5364,38.804,0.21803326904773712,2.03,0.7297,164.215,0
4.5377,38.914,0.22001208364963531,2.009,0.7449,164.092,0
4.539,39.018,0.2215220034122467,1.99,0.7594,163.978,0
4.5403,39.122,0.2227330356836319,1.974,0.7739,163.869,0
4.5417,39.232,0.22338825464248657,1.966,0.7892,163.769,0
4.543,39.342,0.22369712591171265,1.968,0.8044,163.641,0
4.5443,39.446,0.22380571067333221,1.981,0.8189,163.53,0
4.5455,39.545,0.22375093400478363,2.006,0.8327,163.404,0
4.5468,39.65,0.223207026720047,2.049,0.8472,163.297,0
4.5481,39.749,0.22282329201698303,2.103,0.8609,163.202,0
4.5496,39.847,0.223225399851799,2.165,0.8746,163.09,0
4.551,39.985,0.22320882976055145,2.277,0.8937,162.94,0
4.5523,40.084,0.22377848625183105,2.37,0.9074,162.836,0
4.5535,40.182,0.22381770610809326,2.476,0.9212,162.746,0
4.5549,40.292,0.2236519455909729,2.606,0.9364,162.666,0
4.5562,40.397,0.2243434339761734,2.731,0.9509,162.551,0
4.5574,40.501,0.22469033300876617,2.862,0.9654,162.489,0
4.5587,40.605,0.2260400503873825,2.986,0.9799,162.363,0
4.56,40.71,0.22709275782108307,3.109,0.9944,162.275,0
4.5612,40.814,0.22822816669940948,3.222,0.0089,162.189,0
4.5624,40.919,0.22854460775852203,3.329,0.0234,162.094,0
4.5639,41.023,0.22998756170272827,3.413,0.0379,162.046,0
4.5651,41.144,0.2318144589662552,3.485,0.0547,161.932,0
4.5663,41.254,0.23471799492835999,3.515,0.0699,161.869,0
4.5675,41.353,0.23603075742721558,3.526,0.0837,161.774,0
4.5689,41.462,0.23780587315559387,3.507,0.0989,161.684,0
4.5702,41.578,0.23890210688114166,3.457,0.115,161.6,0
4.5714,41.688,0.23997417092323303,3.376,0.1302,161.53,0
4.5727,41.797,0.24036698043346405,3.266,0.1455,161.422,0
4.574,41.907,0.2412501722574234,3.123,0.1607,161.367,0
4.5752,42.017,0.24048559367656708,2.961,0.176,161.256,0
4.5765,42.127,0.24138325452804565,2.765,0.1913,161.169,0
4.5777,42.237,0.2412545382976532,2.553,0.2065,161.109,0
4.579,42.341,0.24104411900043488,2.337,0.221,161.01,0
4.5802,42.451,0.24082358181476593,2.099,0.2363,160.952,0
4.5815,42.561,0.24013154208660126,1.859,0.2515,160.858,0
4.5829,42.676,0.2392677515745163,1.607,0.2675,160.711,0
4.5842,42.792,0.23888972401618958,1.358,0.2836,160.635,0
4.5854,42.896,0.23821668326854706,1.147,0.2981,160.548,0
4.5867,43.006,0.23636464774608612,0.948,0.3133,160.441,0
4.588,43.105,0.23414945602416992,0.79,0.3271,160.343,0
4.5892,43.209,0.231924369931221,0.645,0.3416,160.283,0
4.5905,43.308,0.23007428646087646,0.529,0.3553,160.205,0
4.5919,43.418,0.2279151827096939,0.431,0.3705,160.118,0
4.5932,43.522,0.22520749270915985,0.371,0.385,160.024,0
4.5947,43.638,0.2215224951505661,0.344,0.4011,159.852,0
4.5959,43.731,0.21833863854408264,0.349,0.414,159.791,0
4.5972,43.824,0.21640798449516296,0.37,0.427,159.676,0
4.5985,43.918,0.214749276638031,0.411,0.44,159.576,0
4.5997,44.017,0.21252642571926117,0.478,0.4537,159.509,0
4.6009,44.105,0.2102092057466507,0.558,0.4659,159.399,0
4.6022,44.198,0.2082265168428421,0.654,0.4789,159.307,0
4.6035,44.291,0.207646906375885,0.755,0.4919,159.196,0
4.6047,44.385,0.2071523368358612,0.866,0.5048,159.112,0
4.6061,44.478,0.20637018978595734,0.986,0.5178,159.001,0
4.6074,44.572,0.20575720071792603,1.11,0.5308,158.879,0
4.6086,44.665,0.20474351942539215,1.238,0.5437,158.767,0
4.6099,44.758,0.2050786018371582,1.357,0.5567,158.677,0
4.6112,44.857,0.20576530694961548,1.476,0.5704,158.541,0
4.6126,44.956,0.20569509267807007,1.593,0.5842,158.418,0
4.6138,45.049,0.20520968735218048,1.698,0.5971,158.281,0
4.6151,45.143,0.20495536923408508,1.792,0.6101,158.236,0
4.6165,45.247,0.20453564822673798,1.884,0.6246,158.077,0
4.6178,45.346,0.2053043693304062,1.95,0.6383,157.963,0
4.6191,45.439,0.20568455755710602,2.002,0.6513,157.843,0
4.6203,45.533,0.206517294049263,2.04,0.6643,157.717,0
4.6216,45.626,0.20750980079174042,2.064,0.6772,157.644,0
4.6229,45.725,0.2079109400510788,2.083,0.691,157.51,0
4.6241,45.824,0.20906077325344086,2.086,0.7047,157.422,0
4.6253,45.912,0.2099638134241104,2.082,0.7169,157.271,0
4.6266,46.011,0.21141396462917328,2.07,0.7307,157.188,0
4.628,46.11,0.2123599797487259,2.056,0.7444,157.083,0
4.6293,46.214,0.21322599053382874,2.04,0.7589,156.894,0
4.6307,46.318,0.21518296003341675,2.019,0.7734,156.795,0
4.632,46.428,0.21613433957099915,2.009,0.7886,156.708,0
4.6333,46.527,0.2160329520702362,2.013,0.8024,156.558,0
4.6345,46.626,0.2164057046175003,2.022,0.8161,156.466,0
4.6357,46.719,0.21578039228916168,2.047,0.8291,156.352,0
4.6369,46.818,0.215318962931633,2.083,0.8428,156.274,0
4.6382,46.912,0.21518580615520477,2.128,0.8558,156.171,0
4.6394,47.005,0.2152319848537445,2.184,0.8687,156.052,0
4.6407,47.104,0.21507546305656433,2.257,0.8825,155.966,0
4.6419,47.197,0.21518485248088837,2.337,0.8954,155.883,0
4.6432,47.296,0.2151930183172226,2.434,0.9092,155.767,0
4.6446,47.395,0.21488888561725616,2.544,0.9229,155.672,0
4.6458,47.499,0.21573708951473236,2.662,0.9374,155.574,0
4.6471,47.598,0.21601331233978271,2.783,0.9511,155.449,0
4.6483,47.692,0.21547624468803406,2.905,0.9641,155.395,0
4.6496,47.791,0.21691425144672394,3.022,0.9778,155.304,0
4.6509,47.895,0.21773883700370789,3.147,0.9923,155.225,0
4.6522,47.999,0.21849019825458527,3.264,0.0068,155.142,0
4.6535,48.098,0.21986882388591766,3.361,0.0206,155.066,0
4.6549,48.214,0.220594584941864,3.462,0.0366,154.988,0
4.6562,48.318,0.22170810401439667,3.53,0.0511,154.871,0
4.6574,48.422,0.22414082288742065,3.568,0.0656,154.817,0
4.6589,48.532,0.22609904408454895,3.584,0.0808,154.71,0
4.6601,48.647,0.2276453673839569,3.571,0.0969,154.64,0
4.6615,48.752,0.22902189195156097,3.529,0.1114,154.501,0
4.663,48.878,0.23076309263706207,3.439,0.1289,154.406,0
4.6643,48.994,0.2318035215139389,3.322,0.1449,154.329,0
4.6656,49.109,0.2316466122865677,3.179,0.1609,154.254,0
4.6669,49.208,0.23001186549663544,3.04,0.1747,154.198,0
4.6682,49.312,0.2279239147901535,2.873,0.1892,154.068,0
4.6694,49.411,0.22742757201194763,2.688,0.2029,154.008,0
4.6707,49.515,0.22595228254795074,2.483,0.2174,153.932,0
4.672,49.62,0.22489018738269806,2.264,0.2319,153.827,0
4.6732,49.719,0.22382710874080658,2.051,0.2456,153.771,0
4.6745,49.818,0.222732275724411,1.837,0.2594,153.708,0
4.6757,49.916,0.22163240611553192,1.624,0.2731,153.609,0
4.677,50.01,0.22135764360427856,1.425,0.2861,153.563,0
4.6783,50.109,0.21980196237564087,1.232,0.2998,153.433,0
4.6795,50.208,0.21816785633563995,1.054,0.3135,153.364,0
4.6807,50.295,0.21569885313510895,0.916,0.3257,153.284,0
4.682,50.389,0.21318385004997253,0.786,0.3387,153.183,0
4.6832,50.482,0.2108476161956787,0.676,0.3517,153.115,0
4.6844,50.57,0.20781104266643524,0.596,0.3639,153.055,0
4.6857,50.658,0.20504245162010193,0.536,0.3761,152.992,0
4.687,50.746,0.20149537920951843,0.5,0.3883,152.899,0
4.6882,50.834,0.1975160539150238,0.489,0.4005,152.825,0
4.6895,50.916,0.19504010677337646,0.49,0.412,152.717,0
4.6907,50.999,0.19261077046394348,0.508,0.4234,152.631,0
4.692,51.081,0.18966346979141235,0.547,0.4348,152.567,0
4.6933,51.169,0.1874607652425766,0.6,0.4471,152.488,0
4.6945,51.246,0.18485833704471588,0.664,0.4577,152.407,0
4.6959,51.328,0.1819949895143509,0.747,0.4692,152.332,0
4.6972,51.411,0.1802089661359787,0.835,0.4806,152.257,0
4.6984,51.493,0.17867988348007202,0.931,0.4921,152.142,0
4.6997,51.57,0.17829544842243195,1.021,0.5027,152.082,0
4.701,51.652,0.17745669186115265,1.127,0.5142,151.98,0
4.7022,51.729,0.17608977854251862,1.233,0.5249,151.896,0
4.7035,51.806,0.17505879700183868,1.339,0.5356,151.818,0
4.705,51.899,0.1737755388021469,1.469,0.5485,151.723,0
4.7062,51.976,0.1731216460466385,1.571,0.5592,151.635,0
4.7074,52.053,0.17284618318080902,1.669,0.5699,151.53,0
4.7088,52.13,0.17311887443065643,1.759,0.5806,151.436,0
4.7101,52.213,0.17162032425403595,1.86,0.592,151.364,0
4.7113,52.284,0.1711951196193695,1.937,0.6019,151.238,0
4.7125,52.361,0.17110343277454376,2.011,0.6126,151.146,0
4.7139,52.443,0.17108726501464844,2.081,0.6241,151.079,0
4.7151,52.526,0.1711760312318802,2.141,0.6355,150.946,0
4.7164,52.603,0.17165765166282654,2.187,0.6462,150.912,0
4.7177,52.679,0.17119768261909485,2.229,0.6569,150.801,0
4.719,52.756,0.17129464447498322,2.26,0.6675,150.696,0
4.7202,52.839,0.17161041498184204,2.283,0.679,150.592,0
4.7215,52.916,0.1721758097410202,2.296,0.6897,150.516,0
4.7227,52.993,0.17314839363098145,2.299,0.7003,150.396,0
4.724,53.069,0.1731606274843216,2.303,0.711,150.318,0
4.7252,53.152,0.1734272986650467,2.301,0.7225,150.216,0
4.7265,53.229,0.17404311895370483,2.292,0.7332,150.118,0
4.7278,53.311,0.1741475760936737,2.285,0.7446,150.022,0
4.7291,53.394,0.17395207285881042,2.278,0.756,149.918,0
4.7304,53.476,0.17467635869979858,2.266,0.7675,149.841,0
4.7317,53.558,0.17528203129768372,2.256,0.7789,149.737,0
4.733,53.635,0.17484982311725616,2.257,0.7896,149.667,0
4.7342,53.718,0.1744677573442459,2.261,0.8011,149.574,0
4.7354,53.789,0.17399688065052032,2.271,0.811,149.472,0
4.7367,53.866,0.1736108958721161,2.286,0.8217,149.391,0
4.7379,53.943,0.17286089062690735,2.311,0.8323,149.278,0
4.7392,54.02,0.17166265845298767,2.346,0.843,149.235,0
4.7404,54.097,0.1699979603290558,2.391,0.8537,149.125,0
4.7417,54.168,0.1686640828847885,2.439,0.8636,149.012,0
4.743,54.245,0.16723018884658813,2.499,0.8743,148.99,0
4.7442,54.316,0.16614656150341034,2.561,0.8842,148.923,0
4.7455,54.393,0.1654847115278244,2.632,0.8949,148.801,0
4.7469,54.47,0.1644943803548813,2.712,0.9056,148.755,0
4.7482,54.547,0.163064643740654,2.801,0.9163,148.654,0
4.7495,54.624,0.16209401190280914,2.894,0.9269,148.606,0
4.7509,54.695,0.16076232492923737,2.987,0.9369,148.534,0
4.7522,54.772,0.15974724292755127,3.088,0.9475,148.476,0
4.7535,54.844,0.1591457575559616,3.182,0.9575,148.371,0
4.7547,54.915,0.15965236723423004,3.27,0.9674,148.305,0
4.756,54.992,0.1602565348148346,3.364,0.9781,148.267,0
4.7572,55.063,0.16095660626888275,3.449,0.988,148.198,0
4.7585,55.135,0.1605316549539566,3.538,0.9979,148.155,0
4.7597,55.206,0.1609756201505661,3.617,0.0078,148.069,0
4.761,55.283,0.16214746236801147,3.692,0.0185,148.017,0
4.7623,55.36,0.16296939551830292,3.762,0.0292,148.007,0
4.7636,55.437,0.16393451392650604,3.82,0.0399,147.929,0
4.765,55.508,0.16341020166873932,3.874,0.0498,147.843,0
4.7662,55.596,0.16381025314331055,3.919,0.062,147.748,0
4.7675,55.668,0.16430002450942993,3.942,0.0719,147.684,0
4.7688,55.739,0.16307565569877625,3.963,0.0818,147.64,0
4.7701,55.816,0.16362397372722626,3.96,0.0925,147.564,0
4.7713,55.893,0.16314049065113068,3.947,0.1032,147.501,0
4.7727,55.97,0.16335532069206238,3.915,0.1139,147.448,0
4.774,56.047,0.16353730857372284,3.866,0.1245,147.382,0
4.7752,56.118,0.16284038126468658,3.812,0.1345,147.343,0
4.7765,56.19,0.16215261816978455,3.744,0.1444,147.24,0
4.7777,56.261,0.1607775241136551,3.668,0.1543,147.201,0
4.779,56.332,0.15889064967632294,3.582,0.1642,147.143,0
4.7803,56.404,0.15703284740447998,3.484,0.1741,147.087,0
4.7816,56.475,0.15640871226787567,3.368,0.1841,147.016,0
4.783,56.547,0.1554630547761917,3.244,0.194,146.948,0
4.7842,56.624,0.15565814077854156,3.093,0.2047,146.91,0
4.7855,56.689,0.15463803708553314,2.965,0.2138,146.864,0
4.7869,56.766,0.1532008796930313,2.811,0.2245,146.831,0
4.7881,56.832,0.15243111550807953,2.672,0.2336,146.738,0
4.7894,56.898,0.15044794976711273,2.537,0.2428,146.685,0
4.7907,56.97,0.14868029952049255,2.388,0.2527,146.631,0
4.792,57.03,0.14758607745170593,2.26,0.2611,146.594,0
4.7932,57.096,0.14671443402767181,2.119,0.2703,146.573,0
4.7945,57.162,0.14553512632846832,1.982,0.2794,146.5,0
4.7957,57.222,0.1440584510564804,1.863,0.2878,146.424,0
4.797,57.288,0.14246845245361328,1.737,0.297,146.376,0
4.7983,57.354,0.1404794603586197,1.62,0.3061,146.346,0
4.7995,57.409,0.13795796036720276,1.533,0.3138,146.279,0
4.8008,57.469,0.13551470637321472,1.441,0.3221,146.24,0
4.8021,57.524,0.13237665593624115,1.369,0.3298,146.204,0
4.8034,57.579,0.13026240468025208,1.298,0.3374,146.13,0
4.8046,57.64,0.12770551443099976,1.229,0.3458,146.086,0
4.806,57.689,0.12511980533599854,1.182,0.3527,146.024,0
4.8072,57.744,0.12288809567689896,1.133,0.3603,145.995,0
4.8084,57.794,0.11978933960199356,1.102,0.3672,145.951,0
4.8097,57.843,0.1169455498456955,1.076,0.374,145.919,0
4.811,57.898,0.11430946737527847,1.052,0.3817,145.887,0
4.8123,57.942,0.11226341873407364,1.038,0.3878,145.805,0
4.8138,57.991,0.10976077616214752,1.03,0.3946,145.776,0
4.8154,58.057,0.10818713158369064,1.019,0.4038,145.701,0
4.8167,58.112,0.10643768310546875,1.022,0.4114,145.698,0
4.8179,58.156,0.10515512526035309,1.029,0.4175,145.619,0
4.8192,58.2,0.1035505011677742,1.043,0.4236,145.621,0
4.8205,58.244,0.10181788355112076,1.062,0.4297,145.571,0
4.8219,58.293,0.10004553198814392,1.089,0.4366,145.495,0
4.8233,58.337,0.09738177061080933,1.124,0.4427,145.44,0
4.8245,58.376,0.09607397019863129,1.152,0.448,145.447,0
4.8259,58.42,0.09392183274030685,1.192,0.4541,145.386,0
4.8271,58.464,0.0924459919333458,1.232,0.4602,145.375,0
4.8284,58.502,0.09085384011268616,1.272,0.4656,145.296,0
4.8296,58.541,0.08999989926815033,1.31,0.4709,145.284,0
4.8309,58.579,0.0898108184337616,1.346,0.4763,145.212,0
4.8321,58.623,0.0900905653834343,1.388,0.4824,145.207,0
4.8333,58.661,0.08992698788642883,1.429,0.4877,145.154,0
4.8346,58.7,0.08980081975460052,1.472,0.493,145.149,0
4.8359,58.744,0.08956831693649292,1.523,0.4991,145.082,0
4.8371,58.782,0.0891551747918129,1.571,0.5045,145.05,0
4.8383,58.821,0.08863704651594162,1.621,0.5098,145.015,0
4.8396,58.859,0.08784535527229309,1.674,0.5152,144.966,0
4.8409,58.898,0.08717915415763855,1.726,0.5205,144.931,0
4.8422,58.936,0.08699396997690201,1.777,0.5258,144.863,0
4.8435,58.98,0.08700872212648392,1.834,0.532,144.822,0
4.8449,59.019,0.08712087571620941,1.883,0.5373,144.773,0
4.8461,59.062,0.08822005242109299,1.934,0.5434,144.75,0
4.8473,59.101,0.08790632337331772,1.986,0.5487,144.703,0
4.8486,59.145,0.08905985951423645,2.035,0.5548,144.666,0
4.8498,59.183,0.08924441784620285,2.083,0.5602,144.605,0
4.851,59.222,0.09071717411279678,2.123,0.5655,144.584,0
4.8522,59.26,0.09104000777006149,2.168,0.5709,144.505,0
4.8534,59.299,0.09082422405481339,2.216,0.5762,144.479,0
4.8547,59.343,0.09133666008710861,2.264,0.5823,144.435,0
4.856,59.387,0.09121031314134598,2.314,0.5884,144.35,0
4.8572,59.425,0.09084008634090424,2.359,0.5938,144.33,0
4.8585,59.469,0.09136825054883957,2.401,0.5999,144.248,0
4.8599,59.513,0.09262757748365402,2.437,0.606,144.205,0
4.8612,59.562,0.09370887279510498,2.477,0.6128,144.157,0
4.8625,59.606,0.0947149470448494,2.509,0.6189,144.085,0
4.8637,59.65,0.0957721471786499,2.539,0.625,144.054,0
4.865,59.694,0.09625300019979477,2.569,0.6311,143.975,0
4.8662,59.738,0.09632395207881927,2.599,0.6372,143.958,0
4.8675,59.782,0.09647846966981888,2.626,0.6433,143.866,0
4.8688,59.826,0.09655486792325974,2.65,0.6494,143.828,0
4.8701,59.87,0.09615012258291245,2.675,0.6555,143.807,0
4.8713,59.914,0.09548795223236084,2.698,0.6617,143.741,0
4.8726,59.952,0.09481319040060043,2.717,0.667,143.715,0
4.8738,59.996,0.09497412294149399,2.731,0.6731,143.602,0
4.8751,60.04,0.0953712910413742,2.741,0.6792,143.549,0
4.8763,60.084,0.0957246869802475,2.749,0.6853,143.518,0
4.8776,60.128,0.09646157920360565,2.752,0.6914,143.449,0
4.8789,60.172,0.0970868468284607,2.754,0.6975,143.411,0
4.8802,60.222,0.09661612659692764,2.76,0.7044,143.361,0
4.8815,60.26,0.09618198871612549,2.765,0.7097,143.31,0
4.8829,60.309,0.09554009139537811,2.769,0.7166,143.253,0
4.8842,60.353,0.09480312466621399,2.772,0.7227,143.238,0
4.8855,60.397,0.09487426280975342,2.77,0.7288,143.153,0
4.8868,60.441,0.09443026036024094,2.769,0.7349,143.077,0
4.8881,60.485,0.09437891095876694,2.766,0.741,143.068,0
4.8893,60.529,0.09520041942596436,2.757,0.7471,143.026,0
4.8905,60.568,0.09539084881544113,2.752,0.7524,142.968,0
4.8919,60.617,0.09600091725587845,2.743,0.7593,142.881,0
4.8931,60.661,0.09655662626028061,2.736,0.7654,142.84,0
4.8944,60.705,0.0965210497379303,2.732,0.7715,142.751,0
4.8956,60.749,0.09607338905334473,2.732,0.7776,142.731,0
4.8969,60.787,0.09563834220170975,2.733,0.783,142.716,0
4.8982,60.831,0.0947713628411293,2.737,0.7891,142.612,0
4.8994,60.875,0.09321699291467667,2.747,0.7952,142.607,0
4.9007,60.914,0.09253475815057755,2.753,0.8005,142.542,0
4.9019,60.952,0.09169863164424896,2.761,0.8058,142.477,0
4.9032,60.996,0.09146369993686676,2.767,0.812,142.446,0
4.9045,61.04,0.09206244349479675,2.77,0.8181,142.378,0
4.9059,61.078,0.09080367535352707,2.786,0.8234,142.358,0
4.9071,61.122,0.0906529575586319,2.798,0.8295,142.274,0
4.9084,61.161,0.0903400331735611,2.812,0.8348,142.24,0
4.9097,61.199,0.0889667496085167,2.834,0.8402,142.228,0
4.9109,61.238,0.08713049441576004,2.86,0.8455,142.144,0
4.9122,61.276,0.08533581346273422,2.889,0.8509,142.129,0
4.9134,61.309,0.08359835296869278,2.916,0.8554,142.108,0
4.9148,61.348,0.08108647167682648,2.952,0.8608,142.041,0
4.9161,61.381,0.07905463129281998,2.985,0.8654,142.052,0
4.9174,61.414,0.07765611261129379,3.015,0.8699,141.973,0
4.9186,61.447,0.07597332447767258,3.048,0.8745,141.935,0
4.9199,61.479,0.07570508122444153,3.074,0.8791,141.923,0
4.9212,61.518,0.07551568001508713,3.106,0.8844,141.837,0
4.9224,61.551,0.07637588679790497,3.128,0.889,141.834,0
4.9237,61.589,0.07779129594564438,3.154,0.8943,141.801,0
4.925,61.622,0.07803089916706085,3.183,0.8989,141.751,0
4.9263,61.661,0.07902264595031738,3.215,0.9043,141.719,0
4.9275,61.699,0.07876989245414734,3.256,0.9096,141.651,0
4.9289,61.732,0.07778048515319824,3.297,0.9142,141.653,0
4.9303,61.771,0.07652520388364792,3.346,0.9195,141.631,0
4.9317,61.809,0.07436071336269379,3.403,0.9249,141.586,0
4.933,61.837,0.07228002697229385,3.447,0.9287,141.547,0
4.9342,61.87,0.07070496678352356,3.495,0.9333,141.562,0
4.9356,61.902,0.06925105303525925,3.544,0.9378,141.496,0
4.937,61.93,0.06780900806188583,3.586,0.9417,141.455,0
4.9382,61.963,0.06768517196178436,3.627,0.9462,141.452,0
4.9396,61.99,0.06717544049024582,3.665,0.95,141.415,0
4.941,62.023,0.06726812571287155,3.706,0.9546,141.41,0
4.9422,62.062,0.0682579055428505,3.749,0.96,141.329,0
4.9435,62.089,0.0687914490699768,3.781,0.9638,141.334,0
4.9447,62.122,0.06957071274518967,3.819,0.9684,141.323,0
4.946,62.155,0.07082341611385345,3.853,0.9729,141.268,0
4.9473,62.188,0.07161608338356018,3.89,0.9775,141.267,0
4.9486,62.221,0.07061087340116501,3.938,0.9821,141.18,0
4.95,62.254,0.06920770555734634,3.987,0.9867,141.208,0
4.9513,62.281,0.06719520688056946,4.033,0.9905,141.169,0
4.9526,62.309,0.06509271264076233,4.078,0.9943,141.111,0
4.9538,62.336,0.06294628232717514,4.124,0.9981,141.104,0
4.9551,62.364,0.06211406737565994,4.16,0.0019,141.044,0
4.9564,62.391,0.060840677469968796,4.199,0.0057,141.062,0
4.9577,62.419,0.05971315875649452,4.236,0.0096,141.003,0
4.9589,62.446,0.05994686856865883,4.264,0.0134,141.031,0
4.9602,62.474,0.059661854058504105,4.295,0.0172,140.958,0
4.9614,62.501,0.06101213023066521,4.315,0.021,140.977,0
4.9627,62.529,0.06130632758140564,4.34,0.0248,140.926,0
4.9641,62.556,0.062152378261089325,4.361,0.0286,140.939,0
4.9654,62.595,0.06336523592472076,4.388,0.034,140.87,0
4.9667,62.622,0.06396704167127609,4.407,0.0378,140.865,0
4.968,62.65,0.0644344687461853,4.425,0.0416,140.816,0
4.9692,62.682,0.06422878801822662,4.45,0.0462,140.788,0
4.9705,62.71,0.06416861712932587,4.469,0.05,140.78,0
4.9718,62.737,0.06259790062904358,4.494,0.0538,140.729,0
4.9732,62.765,0.059896182268857956,4.525,0.0576,140.74,0
4.9745,62.787,0.05608536675572395,4.556,0.0607,140.732,0
4.9761,62.809,0.05232824757695198,4.585,0.0637,140.68,0
4.9777,62.836,0.048650164157152176,4.613,0.0675,140.713,0
4.979,62.853,0.04637022316455841,4.627,0.0698,140.624,0
4.9803,62.875,0.04507167637348175,4.638,0.0729,140.628,0
4.9817,62.897,0.04436684027314186,4.645,0.0759,140.598,0
4.983,62.913,0.04386059194803238,4.649,0.0782,140.608,0
4.9843,62.935,0.04391653835773468,4.652,0.0813,140.58,0
4.9858,62.963,0.04482196271419525,4.651,0.0851,140.532,0
4.9871,62.985,0.04640192538499832,4.646,0.0881,140.563,0
4.9884,63.012,0.04881322756409645,4.635,0.0919,140.499,0
4.9897,63.034,0.050598058849573135,4.625,0.095,140.474,0
4.9911,63.062,0.05230589210987091,4.612,0.0988,140.452,0
4.9923,63.089,0.05406207963824272,4.596,0.1026,140.461,0
4.9936,63.116,0.055477313697338104,4.58,0.1064,140.426,0
4.9949,63.144,0.056579116731882095,4.563,0.1103,140.341,0
4.9962,63.171,0.05651196464896202,4.55,0.1141,140.376,0
4.9976,63.199,0.056308917701244354,4.536,0.1179,140.349,0
4.9991,63.226,0.05607930198311806,4.52,0.1217,140.346,0
5.0005,63.254,0.054112523794174194,4.511,0.1255,140.307,0
5.002,63.276,0.05128990486264229,4.507,0.1286,140.275,0
5.0034,63.298,0.047269437462091446,4.506,0.1316,140.304,0
5.0048,63.314,0.0441923514008522,4.501,0.1339,140.234,0
5.0062,63.331,0.04154493287205696,4.49,0.1362,140.251,0
5.0075,63.353,0.03960258141160011,4.469,0.1393,140.229,0
5.0089,63.364,0.03791801631450653,4.456,0.1408,140.226,0
5.0102,63.38,0.03673442825675011,4.435,0.1431,140.202,0
5.0115,63.397,0.036297719925642014,4.415,0.1454,140.197,0
5.0128,63.413,0.03513764217495918,4.39,0.1476,140.176,0
5.0141,63.43,0.03412220999598503,4.364,0.1499,140.145,0
5.0154,63.441,0.033634450286626816,4.347,0.1515,140.144,0
5.0167,63.457,0.03295668587088585,4.32,0.1537,140.138,0
5.018,63.474,0.032269179821014404,4.291,0.156,140.131,0
5.0192,63.484,0.03159526363015175,4.269,0.1576,140.136,0
5.0205,63.501,0.03132236748933792,4.242,0.1599,140.104,0
5.0217,63.512,0.03131667897105217,4.227,0.1614,140.104,0
5.0231,63.528,0.03074842132627964,4.195,0.1637,140.059,0
5.0244,63.539,0.03055504336953163,4.177,0.1652,140.039,0
5.026,63.561,0.031019048765301704,4.151,0.1682,140.059,0
5.0273,63.572,0.03110511414706707,4.135,0.1698,140.024,0
5.0286,63.589,0.03107597678899765,4.109,0.1721,140.007,0
5.03,63.605,0.031602609902620316,4.09,0.1743,140.057,0
5.0314,63.622,0.031849492341279984,4.067,0.1766,140.035,0
5.0328,63.638,0.03217998892068863,4.043,0.1789,140.013,0
5.0341,63.655,0.03339375555515289,4.028,0.1812,139.961,0
5.0353,63.671,0.033374786376953125,3.999,0.1835,139.97,0
5.0366,63.688,0.03331944718956947,3.97,0.1858,139.952,0
5.038,63.699,0.0334358774125576,3.951,0.1873,139.94,0
5.0395,63.721,0.03408230096101761,3.917,0.1904,139.924,0
5.0409,63.737,0.03324861824512482,3.88,0.1927,139.89,0
5.0422,63.748,0.03185402601957321,3.845,0.1942,139.914,0
5.0435,63.765,0.03072681836783886,3.798,0.1965,139.879,0
5.0449,63.776,0.028966277837753296,3.747,0.198,139.895,0
5.0462,63.787,0.026694349944591522,3.671,0.1995,139.857,0
5.0476,63.792,0.024479784071445465,3.584,0.2003,139.88,0
5.0489,63.803,0.021993612870573997,3.445,0.2018,139.891,0
5.0502,63.809,0.01965312846004963,3.281,0.2026,139.837,0
5.0515,63.814,0.01791505515575409,3.124,0.2033,139.85,0
5.0529,63.82,0.01593426614999771,2.905,0.2041,139.857,0
5.0542,63.825,0.014283121563494205,2.684,0.2049,139.873,0
5.0555,63.831,0.012476181611418724,2.397,0.2056,139.867,0
5.0569,63.831,0.010332194156944752,2.003,0.2056,139.841,0
5.0582,63.831,0.008266318589448929,1.551,0.2056,139.832,0
5.0595,63.836,0.0063976142555475235,1.075,0.2064,139.861,0
5.0609,63.831,0.004299783613532782,0.5,0.2056,139.821,0
5.0623,63.831,0.0026185805909335613,-0.004,0.2056,139.855,0
5.0636,63.831,0.0011126355966553092,-0.473,0.2056,139.838,0
5.065,63.831,-0.000158428490976803,-0.875,0.2056,139.888,0
5.0663,63.825,-0.0016001593321561813,-1.322,0.2049,139.832,0
5.0676,63.825,-0.0025646600406616926,-1.622,0.2049,139.841,0
5.069,63.82,-0.0033439251128584146,-1.853,0.2041,139.862,0
5.0703,63.82,-0.0041627343744039536,-2.097,0.2041,139.855,0
5.0716,63.814,-0.005275312345474958,-2.41,0.2033,139.885,0
5.0728,63.809,-0.006606979761272669,-2.766,0.2026,139.848,0
5.0741,63.803,-0.007915139198303223,-3.09,0.2018,139.889,0
5.0753,63.798,-0.009701692499220371,-3.491,0.201,139.899,0
5.0766,63.792,-0.011132343672215939,-3.774,0.2003,139.873,0
5.078,63.787,-0.01285804994404316,-4.072,0.1995,139.858,0
5.0792,63.776,-0.015016176737844944,-4.376,0.198,139.89,0
5.0805,63.765,-0.01734466478228569,-4.634,0.1965,139.896,0
5.0819,63.748,-0.020589353516697884,-4.89,0.1942,139.967,0
5.0832,63.732,-0.02488136664032936,-5.096,0.1919,139.925,0
5.0844,63.715,-0.028893938288092613,-5.195,0.1896,139.951,0
5.0857,63.693,-0.03284633159637451,-5.23,0.1866,139.958,0
5.087,63.671,-0.03708594664931297,-5.232,0.1835,140.013,0
5.0882,63.649,-0.04168586805462837,-5.209,0.1805,140.014,0
5.0897,63.622,-0.04593532532453537,-5.164,0.1766,140.053,0
5.091,63.589,-0.05038098245859146,-5.1,0.1721,140.049,0
5.0922,63.561,-0.053687117993831635,-5.042,0.1682,140.051,0
5.0934,63.534,-0.05719545856118202,-4.98,0.1644,140.094,0
5.0947,63.501,-0.05995960906147957,-4.908,0.1599,140.151,0
5.0961,63.468,-0.06193201243877411,-4.837,0.1553,140.158,0
5.0975,63.441,-0.06209209933876991,-4.784,0.1515,140.173,0
5.0989,63.408,-0.06347770243883133,-4.71,0.1469,140.224,0
5.1002,63.375,-0.06552251428365707,-4.63,0.1423,140.236,0
5.1015,63.336,-0.0681958869099617,-4.531,0.137,140.259,0
5.1028,63.298,-0.0707903504371643,-4.429,0.1316,140.303,0
5.1041,63.265,-0.07318659871816635,-4.339,0.127,140.327,0
5.1055,63.226,-0.07556565850973129,-4.233,0.1217,140.368,0
5.1069,63.182,-0.07829835265874863,-4.109,0.1156,140.377,0
5.1082,63.144,-0.07861537486314774,-4.01,0.1103,140.482,0
5.1094,63.105,-0.08054830133914948,-3.901,0.1049,140.495,0
5.1107,63.067,-0.08099005371332169,-3.798,0.0996,140.496,0
5.112,63.034,-0.08024917542934418,-3.717,0.095,140.518,0
5.1133,62.996,-0.07832201570272446,-3.628,0.0897,140.557,0
5.1145,62.968,-0.07586148381233215,-3.57,0.0858,140.586,0
5.1161,62.93,-0.07100873440504074,-3.498,0.0805,140.627,0
5.1174,62.908,-0.06707893311977386,-3.463,0.0775,140.63,0
5.1186,62.88,-0.0636504739522934,-3.411,0.0736,140.664,0
5.1199,62.858,-0.06087768077850342,-3.37,0.0706,140.694,0
5.1212,62.831,-0.05908787623047829,-3.309,0.0668,140.724,0
5.1225,62.809,-0.057787127792835236,-3.26,0.0637,140.694,0
5.1239,62.781,-0.0572705939412117,-3.193,0.0599,140.761,0
5.1252,62.748,-0.058173149824142456,-3.105,0.0553,140.772,0
5.1264,62.721,-0.05870296433568001,-3.034,0.0515,140.816,0
5.1277,62.693,-0.05971350148320198,-2.962,0.0477,140.829,0
5.129,62.666,-0.060326382517814636,-2.893,0.0439,140.834,0
5.1303,62.639,-0.06011078134179115,-2.83,0.0401,140.885,0
5.1316,62.611,-0.06068021059036255,-2.763,0.0363,140.894,0
5.133,62.584,-0.05996950343251228,-2.706,0.0324,140.923,0
5.1342,62.556,-0.05958562344312668,-2.648,0.0286,140.939,0
5.1358,62.529,-0.05888079106807709,-2.594,0.0248,140.976,0
5.1371,62.496,-0.05700436979532242,-2.537,0.0202,140.99,0
5.1385,62.474,-0.05583370104432106,-2.499,0.0172,141.014,0
5.1398,62.446,-0.05400069057941437,-2.456,0.0134,141.043,0
5.1412,62.424,-0.05233681574463844,-2.424,0.0103,141.054,0
5.1425,62.402,-0.050961073487997055,-2.392,0.0073,141.074,0
5.1437,62.38,-0.05046192929148674,-2.356,0.0042,141.094,0
5.145,62.358,-0.049667734652757645,-2.323,0.0012,141.131,0
5.1463,62.336,-0.0486433319747448,-2.292,0.9981,141.114,0
5.1477,62.314,-0.04807721823453903,-2.261,0.9951,141.114,0
5.149,62.292,-0.04824543371796608,-2.228,0.992,141.149,0
5.1503,62.265,-0.04896140098571777,-2.186,0.9882,141.192,0
5.1517,62.243,-0.05031926929950714,-2.15,0.9851,141.204,0
5.153,62.216,-0.050631459802389145,-2.114,0.9813,141.218,0
5.1543,62.188,-0.05216133967041969,-2.074,0.9775,141.272,0
5.1556,62.166,-0.05304393544793129,-2.045,0.9745,141.281,0
5.1569,62.139,-0.05371349677443504,-2.014,0.9706,141.276,0
5.1582,62.111,-0.05403377115726471,-1.986,0.9668,141.303,0
5.1593,62.089,-0.05422830954194069,-1.967,0.9638,141.304,0
5.1606,62.067,-0.05374973639845848,-1.952,0.9607,141.34,0
5.1619,62.045,-0.0520610548555851,-1.945,0.9577,141.369,0
5.1631,62.023,-0.050968870520591736,-1.936,0.9546,141.384,0
5.1644,62.001,-0.04957807436585426,-1.931,0.9516,141.416,0
5.1657,61.979,-0.04830162599682808,-1.926,0.9485,141.377,0
5.167,61.963,-0.04697326198220253,-1.924,0.9462,141.431,0
5.1682,61.941,-0.044195838272571564,-1.927,0.9432,141.454,0
5.1694,61.93,-0.041873592883348465,-1.931,0.9417,141.43,0
5.1707,61.913,-0.04001976549625397,-1.931,0.9394,141.48,0
5.1719,61.897,-0.03797200694680214,-1.93,0.9371,141.498,0
5.1731,61.886,-0.03545522317290306,-1.928,0.9355,141.479,0
5.1743,61.875,-0.03305364400148392,-1.921,0.934,141.506,0
5.1756,61.864,-0.03106159344315529,-1.909,0.9325,141.519,0
5.1769,61.853,-0.0289936326444149,-1.891,0.931,141.485,0
5.1782,61.842,-0.028006115928292274,-1.879,0.9294,141.561,0
5.1794,61.831,-0.027197586372494698,-1.868,0.9279,141.547,0
5.1807,61.82,-0.02616122178733349,-1.852,0.9264,141.525,0
5.1819,61.809,-0.025574659928679466,-1.842,0.9249,141.563,0
5.1832,61.798,-0.024668071419000626,-1.824,0.9233,141.566,0
5.1845,61.787,-0.024056412279605865,-1.812,0.9218,141.613,0
5.1858,61.776,-0.0239704679697752,-1.811,0.9203,141.628,0
5.1871,61.765,-0.02384571172297001,-1.81,0.9188,141.579,0
5.1883,61.754,-0.02394133061170578,-1.814,0.9172,141.6,0
5.1897,61.743,-0.02405959740281105,-1.82,0.9157,141.64,0
5.1909,61.732,-0.02510698325932026,-1.845,0.9142,141.621,0
5.1921,61.716,-0.025999128818511963,-1.867,0.9119,141.662,0
5.1934,61.705,-0.02685723640024662,-1.884,0.9104,141.663,0
5.1946,61.694,-0.027554230764508247,-1.897,0.9088,141.664,0
5.1959,61.677,-0.029295427724719048,-1.923,0.9066,141.679,0
5.1972,61.661,-0.03059501387178898,-1.94,0.9043,141.708,0
5.1985,61.644,-0.03223789855837822,-1.956,0.902,141.74,0
5.1999,61.622,-0.03404887765645981,-1.972,0.8989,141.76,0
5.2011,61.606,-0.0355808399617672,-1.983,0.8966,141.75,0
5.2024,61.584,-0.03786647319793701,-1.994,0.8936,141.785,0
5.2037,61.567,-0.04027576744556427,-2.0,0.8913,141.799,0
5.205,61.545,-0.04186563938856125,-2.009,0.8882,141.855,0
5.2064,61.518,-0.04364367946982384,-2.022,0.8844,141.816,0
5.2077,61.496,-0.04501574859023094,-2.032,0.8814,141.858,0
5.209,61.474,-0.045923441648483276,-2.044,0.8783,141.875,0
5.2103,61.452,-0.04670809581875801,-2.058,0.8753,141.941,0
5.2115,61.43,-0.04761946573853493,-2.072,0.8722,141.925,0
5.2129,61.403,-0.04859095439314842,-2.09,0.8684,141.954,0
5.2142,61.381,-0.04953782632946968,-2.105,0.8654,142.011,0
5.2156,61.353,-0.050551656633615494,-2.124,0.8615,141.966,0
5.217,61.326,-0.05172599107027054,-2.143,0.8577,142.064,0
5.2182,61.298,-0.05357859656214714,-2.159,0.8539,142.03,0
5.2195,61.271,-0.05573189631104469,-2.174,0.8501,142.132,0
5.2208,61.238,-0.05892963707447052,-2.188,0.8455,142.151,0
5.2221,61.21,-0.06191141530871391,-2.198,0.8417,142.188,0
5.2235,61.177,-0.06458074599504471,-2.215,0.8371,142.176,0
5.2248,61.133,-0.0691477358341217,-2.232,0.831,142.253,0
5.226,61.095,-0.07274104654788971,-2.248,0.8257,142.313,0
5.2273,61.062,-0.07538454234600067,-2.265,0.8211,142.303,0
5.2286,61.024,-0.07788907736539841,-2.286,0.8158,142.381,0
5.2299,60.98,-0.08111412078142166,-2.308,0.8097,142.427,0
5.2312,60.941,-0.08385874330997467,-2.326,0.8043,142.425,0
5.2325,60.897,-0.08626522123813629,-2.348,0.7982,142.504,0
5.2339,60.848,-0.08859676867723465,-2.373,0.7914,142.568,0
5.2351,60.804,-0.0899813249707222,-2.397,0.7852,142.637,0
5.2365,60.76,-0.09177930653095245,-2.415,0.7791,142.661,0
5.2377,60.716,-0.09332633018493652,-2.431,0.773,142.721,0
5.2391,60.672,-0.09498768299818039,-2.443,0.7669,142.779,0
5.2404,60.617,-0.0975756049156189,-2.45,0.7593,142.83,0
5.2417,60.568,-0.1011141911149025,-2.444,0.7524,142.89,0
5.243,60.518,-0.10311469435691833,-2.441,0.7456,142.95,0
5.2443,60.469,-0.10537707060575485,-2.432,0.7387,143.012,0
5.2454,60.414,-0.10714336484670639,-2.419,0.7311,143.093,0
5.2467,60.364,-0.10878673940896988,-2.402,0.7242,143.113,0
5.248,60.315,-0.11100589483976364,-2.376,0.7173,143.165,0
5.2492,60.26,-0.11201494187116623,-2.349,0.7097,143.237,0
5.2505,60.211,-0.112925685942173,-2.32,0.7029,143.298,0
5.2517,60.161,-0.11357798427343369,-2.286,0.696,143.35,0
5.2529,60.106,-0.11500292271375656,-2.24,0.6884,143.466,0
5.2542,60.051,-0.1171611100435257,-2.183,0.6807,143.503,0
5.2554,59.996,-0.11836668848991394,-2.127,0.6731,143.601,0
5.2567,59.941,-0.11951826512813568,-2.067,0.6655,143.641,0
5.258,59.881,-0.12093254923820496,-1.995,0.6571,143.742,0
5.2592,59.826,-0.12218010425567627,-1.926,0.6494,143.759,0
5.2604,59.771,-0.12333877384662628,-1.856,0.6418,143.845,0
5.2617,59.716,-0.12392178177833557,-1.787,0.6342,143.925,0
5.2629,59.656,-0.12597236037254333,-1.702,0.6258,144.003,0
5.2641,59.601,-0.12718060612678528,-1.628,0.6182,144.061,0
5.2654,59.546,-0.12779225409030914,-1.559,0.6105,144.125,0
5.2668,59.48,-0.1291152387857437,-1.474,0.6014,144.221,0
5.268,59.42,-0.13073290884494781,-1.397,0.593,144.299,0
5.2693,59.359,-0.1312759965658188,-1.331,0.5846,144.354,0
5.2705,59.299,-0.13214488327503204,-1.268,0.5762,144.41,0
5.2717,59.238,-0.1321111023426056,-1.218,0.5678,144.519,0
5.2731,59.183,-0.1329716593027115,-1.173,0.5602,144.572,0
5.2743,59.112,-0.13452135026454926,-1.122,0.5503,144.659,0
5.2755,59.052,-0.13475410640239716,-1.096,0.5419,144.772,0
5.2768,58.991,-0.13523134589195251,-1.078,0.5335,144.799,0
5.2781,58.925,-0.1360730528831482,-1.069,0.5243,144.883,0
5.2793,58.865,-0.13726700842380524,-1.07,0.5159,144.979,0
5.2806,58.799,-0.13820739090442657,-1.087,0.5068,145.017,0
5.2819,58.738,-0.13960276544094086,-1.112,0.4984,145.109,0
5.2832,58.667,-0.14082111418247223,-1.161,0.4885,145.168,0
5.2845,58.596,-0.14251181483268738,-1.224,0.4785,145.26,0
5.2859,58.53,-0.14289851486682892,-1.304,0.4694,145.313,0
5.2872,58.458,-0.14406731724739075,-1.403,0.4595,145.404,0
5.2885,58.392,-0.14473797380924225,-1.511,0.4503,145.462,0
5.2898,58.326,-0.14401699602603912,-1.64,0.4412,145.533,0
5.291,58.255,-0.14484570920467377,-1.784,0.4312,145.538,0
5.2923,58.189,-0.14522095024585724,-1.931,0.4221,145.652,0
5.2936,58.123,-0.1460026055574417,-2.085,0.4129,145.728,0
5.2948,58.057,-0.14618153870105743,-2.251,0.4038,145.771,0
5.2961,57.991,-0.14703276753425598,-2.42,0.3946,145.854,0
5.2974,57.925,-0.14719724655151367,-2.598,0.3855,145.888,0
5.2987,57.849,-0.14815501868724823,-2.806,0.3748,146.0,0
5.3,57.777,-0.149040088057518,-3.001,0.3649,146.02,0
5.3014,57.711,-0.1509629637002945,-3.174,0.3557,146.102,0
5.3027,57.623,-0.15405520796775818,-3.398,0.3435,146.164,0
5.304,57.552,-0.15615715086460114,-3.576,0.3336,146.257,0
5.3054,57.475,-0.1589488387107849,-3.757,0.3229,146.299,0
5.3067,57.387,-0.16091907024383545,-3.955,0.3107,146.383,0
5.308,57.31,-0.16310924291610718,-4.111,0.3,146.445,0
5.3092,57.233,-0.166460782289505,-4.243,0.2893,146.549,0
5.3104,57.156,-0.1691555380821228,-4.359,0.2787,146.593,0
5.3117,57.074,-0.172248974442482,-4.46,0.2672,146.675,0
5.313,56.992,-0.1748805046081543,-4.537,0.2558,146.723,0
5.3143,56.904,-0.1778883934020996,-4.588,0.2436,146.811,0
5.3155,56.816,-0.18166188895702362,-4.602,0.2314,146.897,0
5.3169,56.728,-0.1853572577238083,-4.584,0.2191,146.944,0
5.3182,56.635,-0.18816883862018585,-4.536,0.2062,146.999,0
5.3194,56.541,-0.19075213372707367,-4.452,0.1932,147.06,0
5.3207,56.453,-0.19327349960803986,-4.342,0.181,147.157,0
5.3221,56.36,-0.19518882036209106,-4.198,0.168,147.201,0
5.3235,56.255,-0.19808103144168854,-3.999,0.1535,147.293,0
5.3249,56.157,-0.19849620759487152,-3.795,0.1398,147.355,0
5.3262,56.058,-0.20067350566387177,-3.558,0.1261,147.458,0
5.3275,55.959,-0.20309388637542725,-3.301,0.1123,147.542,0
5.3289,55.854,-0.20495155453681946,-3.022,0.0978,147.65,0
5.3302,55.75,-0.20664706826210022,-2.738,0.0833,147.695,0
5.3316,55.651,-0.20734386146068573,-2.475,0.0696,147.789,0
5.3329,55.552,-0.2069266438484192,-2.226,0.0559,147.88,0
5.3342,55.453,-0.20604079961776733,-1.991,0.0421,147.946,0
5.3355,55.366,-0.20594365894794464,-1.793,0.0299,148.026,0
5.337,55.261,-0.205555722117424,-1.581,0.0154,148.098,0
5.3383,55.151,-0.2055758684873581,-1.386,0.0002,148.207,0
5.3397,55.058,-0.2054467499256134,-1.247,0.9872,148.245,0
5.3411,54.959,-0.2052810788154602,-1.13,0.9735,148.371,0
5.3424,54.855,-0.20556744933128357,-1.037,0.959,148.45,0
5.3437,54.756,-0.20474176108837128,-0.987,0.9453,148.568,0
5.345,54.662,-0.20371174812316895,-0.969,0.9323,148.612,0
5.3463,54.569,-0.20137950778007507,-0.983,0.9193,148.715,0
5.3477,54.476,-0.19965678453445435,-1.018,0.9063,148.755,0
5.349,54.388,-0.19669923186302185,-1.077,0.8941,148.834,0
5.3504,54.294,-0.19514277577400208,-1.147,0.8812,148.969,0
5.3517,54.201,-0.19366884231567383,-1.23,0.8682,149.043,0
5.353,54.113,-0.19217665493488312,-1.318,0.856,149.107,0
5.3543,54.025,-0.19073261320590973,-1.412,0.8438,149.179,0
5.3557,53.937,-0.18968330323696136,-1.505,0.8316,149.32,0
5.3571,53.839,-0.18963895738124847,-1.602,0.8178,149.416,0
5.3583,53.751,-0.19008326530456543,-1.68,0.8056,149.495,0
5.3597,53.663,-0.19085019826889038,-1.748,0.7934,149.569,0
5.361,53.569,-0.19143787026405334,-1.811,0.7805,149.713,0
5.3625,53.476,-0.1922837346792221,-1.858,0.7675,149.796,0
5.3638,53.366,-0.1941561996936798,-1.886,0.7522,149.924,0
5.3651,53.273,-0.19628146290779114,-1.886,0.7393,150.041,0
5.3664,53.179,-0.19917920231819153,-1.862,0.7263,150.148,0
5.3676,53.086,-0.20119023323059082,-1.825,0.7133,150.277,0
5.3689,52.998,-0.2022107094526291,-1.777,0.7011,150.397,0
5.3702,52.894,-0.20371446013450623,-1.698,0.6866,150.462,0
5.3715,52.8,-0.20551539957523346,-1.608,0.6736,150.601,0
5.373,52.696,-0.20619893074035645,-1.499,0.6591,150.716,0
5.3743,52.592,-0.2068006843328476,-1.379,0.6447,150.865,0
5.3756,52.498,-0.20810648798942566,-1.26,0.6317,150.982,0
5.377,52.388,-0.2101496011018753,-1.115,0.6164,151.119,0
5.3783,52.284,-0.21152789890766144,-0.984,0.6019,151.254,0
5.3796,52.185,-0.21284683048725128,-0.868,0.5882,151.36,0
5.3808,52.086,-0.21464985609054565,-0.762,0.5745,151.48,0
5.3821,51.987,-0.21570031344890594,-0.679,0.5607,151.595,0
5.3834,51.883,-0.21618367731571198,-0.619,0.5462,151.741,0
5.3846,51.784,-0.21666687726974487,-0.588,0.5325,151.862,0
5.386,51.685,-0.217574805021286,-0.584,0.5188,151.975,0
5.3872,51.581,-0.21899856626987457,-0.611,0.5043,152.09,0
5.3885,51.476,-0.21979033946990967,-0.679,0.4898,152.224,0
5.3899,51.367,-0.22132425010204315,-0.785,0.4745,152.337,0
5.3911,51.268,-0.2213689386844635,-0.924,0.4608,152.471,0
5.3924,51.169,-0.22101576626300812,-1.096,0.4471,152.522,0
5.3937,51.064,-0.22033584117889404,-1.311,0.4326,152.637,0
5.395,50.971,-0.21988143026828766,-1.526,0.4196,152.722,0
5.3963,50.867,-0.21873700618743896,-1.791,0.4051,152.826,0
5.3977,50.751,-0.21756458282470703,-2.105,0.3891,152.949,0
5.3989,50.658,-0.21644823253154755,-2.37,0.3761,153.058,0
5.4002,50.565,-0.21615028381347656,-2.634,0.3631,153.131,0
5.4015,50.466,-0.21625740826129913,-2.909,0.3494,153.194,0
5.4027,50.361,-0.21677154302597046,-3.188,0.3349,153.304,0
5.404,50.273,-0.21637201309204102,-3.416,0.3227,153.38,0
5.4054,50.164,-0.21803931891918182,-3.666,0.3074,153.493,0
5.407,50.026,-0.2208433747291565,-3.929,0.2884,153.586,0
5.4083,49.922,-0.22359906136989594,-4.085,0.2739,153.713,0
5.4096,49.812,-0.2266411930322647,-4.206,0.2586,153.786,0
5.4108,49.708,-0.22884511947631836,-4.28,0.2441,153.909,0
5.4121,49.603,-0.23001019656658173,-4.315,0.2296,153.972,0
5.4133,49.493,-0.23234909772872925,-4.295,0.2144,154.044,0
5.4145,49.384,-0.23510205745697021,-4.221,0.1991,154.154,0
5.4158,49.274,-0.2366681545972824,-4.107,0.1838,154.212,0
5.417,49.175,-0.23711326718330383,-3.97,0.1701,154.297,0
5.4182,49.07,-0.23873166739940643,-3.783,0.1556,154.386,0
5.4195,48.966,-0.23866990208625793,-3.574,0.1411,154.465,0
5.4209,48.84,-0.24019142985343933,-3.278,0.1236,154.584,0
5.4223,48.724,-0.24230502545833588,-2.979,0.1075,154.702,0
5.4237,48.598,-0.2442159652709961,-2.639,0.09,154.761,0
5.4249,48.477,-0.2450076788663864,-2.317,0.0732,154.844,0
5.4263,48.367,-0.2449827492237091,-2.035,0.058,154.959,0
5.4275,48.252,-0.24566234648227692,-1.75,0.0419,155.053,0
5.4288,48.137,-0.24448361992835999,-1.5,0.0259,155.153,0
5.4302,48.027,-0.24350552260875702,-1.289,0.0107,155.228,0
5.4316,47.906,-0.24246354401111603,-1.093,0.9939,155.348,0
5.4329,47.791,-0.2424662560224533,-0.941,0.9778,155.451,0
5.4342,47.675,-0.242359459400177,-0.831,0.9618,155.523,0
5.4354,47.565,-0.24222207069396973,-0.766,0.9466,155.598,0
5.4367,47.461,-0.24005571007728577,-0.75,0.9321,155.679,0
5.438,47.351,-0.23852144181728363,-0.764,0.9168,155.781,0
5.4393,47.247,-0.23587574064731598,-0.812,0.9023,155.882,0
5.4407,47.126,-0.23331914842128754,-0.895,0.8855,155.998,0
5.442,47.021,-0.23088648915290833,-0.989,0.871,156.12,0
5.4432,46.923,-0.22869546711444855,-1.09,0.8573,156.158,0
5.4444,46.829,-0.22692547738552094,-1.191,0.8443,156.257,0
5.4457,46.725,-0.22555477917194366,-1.302,0.8298,156.373,0
5.4471,46.615,-0.2250319868326187,-1.412,0.8146,156.481,0
5.4484,46.505,-0.22508487105369568,-1.509,0.7993,156.62,0
5.4497,46.401,-0.22510714828968048,-1.588,0.7848,156.719,0
5.4509,46.307,-0.2248963564634323,-1.646,0.7719,156.825,0
5.4522,46.203,-0.22549183666706085,-1.687,0.7574,156.931,0
5.4534,46.099,-0.22709162533283234,-1.699,0.7429,157.064,0
5.4547,45.994,-0.22868847846984863,-1.688,0.7284,157.166,0
5.456,45.895,-0.23044900596141815,-1.653,0.7146,157.296,0
5.4572,45.78,-0.23160485923290253,-1.59,0.6986,157.428,0
5.4584,45.676,-0.23239880800247192,-1.512,0.6841,157.555,0
5.4597,45.571,-0.23269030451774597,-1.417,0.6696,157.679,0
5.4609,45.472,-0.23312146961688995,-1.312,0.6559,157.796,0
5.4623,45.363,-0.23379212617874146,-1.183,0.6406,157.924,0
5.4635,45.253,-0.2345396876335144,-1.047,0.6254,158.08,0
5.4649,45.137,-0.23630429804325104,-0.897,0.6093,158.211,0
5.4661,45.022,-0.2376665621995926,-0.758,0.5933,158.344,0
5.4674,44.912,-0.23832109570503235,-0.644,0.5781,158.486,0
5.4687,44.797,-0.23953349888324738,-0.542,0.562,158.615,0
5.47,44.687,-0.24076074361801147,-0.473,0.5468,158.74,0
5.4712,44.577,-0.2418670952320099,-0.436,0.5315,158.933,0
5.4725,44.467,-0.24220149219036102,-0.44,0.5163,159.033,0
5.4738,44.357,-0.24294672906398773,-0.481,0.501,159.141,0
5.475,44.247,-0.2441348433494568,-0.559,0.4857,159.321,0
5.4763,44.132,-0.24555931985378265,-0.685,0.4697,159.432,0
5.4776,44.022,-0.24538560211658478,-0.855,0.4545,159.539,0
5.4788,43.912,-0.24534910917282104,-1.06,0.4392,159.666,0
5.4801,43.802,-0.2444753348827362,-1.304,0.424,159.73,0
5.4814,43.693,-0.24359199404716492,-1.576,0.4087,159.871,0
5.4828,43.572,-0.24188624322414398,-1.904,0.3919,159.968,0
5.484,43.462,-0.24068424105644226,-2.214,0.3766,160.118,0
5.4853,43.358,-0.23952634632587433,-2.513,0.3622,160.203,0
5.4866,43.248,-0.23927350342273712,-2.82,0.3469,160.29,0
5.4879,43.138,-0.2396552413702011,-3.112,0.3316,160.412,0
5.4892,43.017,-0.23997025191783905,-3.411,0.3148,160.514,0
5.4906,42.907,-0.24076434969902039,-3.651,0.2996,160.654,0
5.4919,42.786,-0.24204424023628235,-3.873,0.2828,160.74,0
5.4932,42.671,-0.24424341320991516,-4.032,0.2668,160.83,0
5.4945,42.55,-0.2472074329853058,-4.14,0.25,160.919,0
5.4958,42.424,-0.24981877207756042,-4.191,0.2325,161.045,0
5.4973,42.292,-0.25246354937553406,-4.173,0.2141,161.158,0
5.4986,42.171,-0.25460511445999146,-4.095,0.1974,161.25,0
5.4998,42.05,-0.2564314007759094,-3.959,0.1806,161.352,0
5.5011,41.935,-0.2578463554382324,-3.782,0.1646,161.42,0
5.5024,41.814,-0.258654922246933,-3.554,0.1478,161.564,0
5.5036,41.693,-0.25909921526908875,-3.29,0.131,161.661,0
5.505,41.578,-0.2606293857097626,-3.003,0.115,161.732,0
5.5063,41.446,-0.26240116357803345,-2.655,0.0966,161.84,0
5.5077,41.309,-0.2645738422870636,-2.282,0.0776,161.899,0
5.509,41.188,-0.2667386829853058,-1.956,0.0608,162.031,0
5.5102,41.056,-0.26874950528144836,-1.621,0.0425,162.144,0
5.5116,40.93,-0.2690839171409607,-1.337,0.0249,162.246,0
5.5129,40.798,-0.26977214217185974,-1.079,0.0066,162.351,0
5.5142,40.671,-0.2699108123779297,-0.879,0.9891,162.444,0
5.5156,40.545,-0.269522488117218,-0.73,0.9715,162.575,0
5.5168,40.413,-0.2706560790538788,-0.619,0.9532,162.681,0
5.5181,40.292,-0.27026134729385376,-0.574,0.9364,162.79,0
5.5194,40.177,-0.2677713632583618,-0.584,0.9204,162.858,0
5.5206,40.056,-0.2653391659259796,-0.631,0.9036,162.969,0
5.5221,39.941,-0.26288411021232605,-0.708,0.8876,163.033,0
5.5235,39.798,-0.2599588632583618,-0.835,0.8678,163.186,0
5.5249,39.672,-0.25660932064056396,-0.971,0.8502,163.28,0
5.5262,39.556,-0.25294914841651917,-1.107,0.8342,163.405,0
5.5275,39.441,-0.2514171600341797,-1.229,0.8182,163.534,0
5.5288,39.32,-0.2501724362373352,-1.346,0.8014,163.682,0
5.5301,39.21,-0.24843089282512665,-1.442,0.7861,163.778,0
5.5314,39.095,-0.2476355880498886,-1.516,0.7701,163.888,0
5.5328,38.979,-0.2479269802570343,-1.56,0.7541,164.043,0
5.5341,38.859,-0.2484392374753952,-1.573,0.7373,164.142,0
5.5354,38.743,-0.2493504285812378,-1.554,0.7213,164.285,0
5.5368,38.617,-0.25060999393463135,-1.497,0.7037,164.418,0
5.538,38.496,-0.2504459023475647,-1.419,0.687,164.56,0
5.5393,38.386,-0.2507648468017578,-1.323,0.6717,164.732,0
5.5405,38.271,-0.25110340118408203,-1.203,0.6557,164.852,0
5.5419,38.156,-0.25063854455947876,-1.074,0.6396,164.969,0
5.5431,38.035,-0.2503918409347534,-0.93,0.6229,165.139,0
5.5444,37.93,-0.2511575222015381,-0.8,0.6084,165.299,0
5.5457,37.804,-0.2517293691635132,-0.654,0.5908,165.449,0
5.547,37.689,-0.2519007623195648,-0.541,0.5748,165.541,0
5.5483,37.573,-0.25329166650772095,-0.444,0.5588,165.726,0
5.5497,37.452,-0.25415489077568054,-0.38,0.542,165.854,0
5.5513,37.299,-0.25465866923332214,-0.36,0.5206,166.0,0
5.5526,37.172,-0.25588259100914,-0.395,0.5031,166.178,0
5.5539,37.051,-0.25676390528678894,-0.48,0.4863,166.406,0
5.5552,36.931,-0.2581026256084442,-0.612,0.4695,166.466,0
5.5565,36.81,-0.25812292098999023,-0.8,0.4527,166.597,0
5.5579,36.683,-0.25771573185920715,-1.046,0.4352,166.73,0
5.5592,36.562,-0.2569153606891632,-1.324,0.4184,166.866,0
5.5604,36.447,-0.2554679214954376,-1.622,0.4024,166.991,0
5.5617,36.337,-0.25351372361183167,-1.928,0.3871,167.097,0
5.563,36.222,-0.25177881121635437,-2.259,0.3711,167.218,0
5.5645,36.101,-0.25052857398986816,-2.605,0.3543,167.337,0
5.5659,35.969,-0.2500913441181183,-2.967,0.336,167.451,0
5.5674,35.821,-0.24963176250457764,-3.344,0.3154,167.665,0
5.5688,35.711,-0.24973233044147491,-3.589,0.3001,167.733,0
5.5701,35.59,-0.2502428889274597,-3.817,0.2834,167.865,0
5.5713,35.469,-0.25187790393829346,-3.988,0.2666,167.958,0
5.5727,35.354,-0.25501298904418945,-4.089,0.2505,168.058,0
5.574,35.228,-0.25709155201911926,-4.146,0.233,168.139,0
5.5753,35.101,-0.2592739760875702,-4.135,0.2155,168.268,0
5.5766,34.975,-0.2610667049884796,-4.059,0.1979,168.348,0
5.5779,34.854,-0.262850284576416,-3.926,0.1811,168.441,0
5.5791,34.728,-0.2638990581035614,-3.734,0.1636,168.551,0
5.5804,34.612,-0.26413047313690186,-3.518,0.1476,168.648,0
5.5818,34.481,-0.2649505138397217,-3.226,0.1292,168.738,0
5.583,34.36,-0.26516157388687134,-2.931,0.1125,168.851,0
5.5843,34.233,-0.2665363550186157,-2.598,0.0949,168.941,0
5.5855,34.118,-0.26646265387535095,-2.295,0.0789,169.017,0
5.5868,33.992,-0.268154114484787,-1.958,0.0613,169.147,0
5.5881,33.865,-0.2692834436893463,-1.64,0.0438,169.241,0
5.5894,33.745,-0.2706964910030365,-1.359,0.027,169.33,0
5.5906,33.618,-0.2720259130001068,-1.102,0.0095,169.407,0
5.5919,33.497,-0.2725646495819092,-0.9,0.9927,169.534,0
5.5931,33.371,-0.27204465866088867,-0.742,0.9751,169.632,0
5.5943,33.25,-0.27227193117141724,-0.633,0.9583,169.709,0
5.5955,33.135,-0.27203047275543213,-0.575,0.9423,169.84,0
5.5969,33.008,-0.27058151364326477,-0.565,0.9248,169.979,0
5.5982,32.882,-0.26790955662727356,-0.606,0.9072,170.064,0
5.5995,32.767,-0.2650321424007416,-0.679,0.8912,170.13,0
5.6007,32.651,-0.26243266463279724,-0.776,0.8752,170.252,0
5.602,32.536,-0.260066419839859,-0.89,0.8592,170.284,0
5.6032,32.426,-0.2574005126953125,-1.011,0.8439,170.412,0
5.6045,32.311,-0.2553299069404602,-1.138,0.8279,170.519,0
5.6057,32.201,-0.2537088096141815,-1.253,0.8126,170.671,0
5.607,32.086,-0.2530610263347626,-1.357,0.7966,170.76,0
5.6082,31.97,-0.2515755593776703,-1.45,0.7806,170.896,0
5.6095,31.866,-0.2504616379737854,-1.513,0.7661,170.997,0
5.6107,31.75,-0.25091469287872314,-1.549,0.7501,171.13,0
5.612,31.641,-0.25191330909729004,-1.552,0.7348,171.235,0
5.6132,31.525,-0.2534760534763336,-1.524,0.7188,171.372,0
5.6144,31.415,-0.2538507580757141,-1.477,0.7035,171.502,0
5.6157,31.295,-0.2538776993751526,-1.398,0.6867,171.662,0
5.6169,31.179,-0.25440943241119385,-1.294,0.6707,171.758,0
5.6182,31.069,-0.25432249903678894,-1.182,0.6555,171.914,0
5.6195,30.954,-0.25418606400489807,-1.051,0.6394,172.032,0
5.6208,30.839,-0.25426048040390015,-0.911,0.6234,172.178,0
5.6222,30.712,-0.25413793325424194,-0.761,0.6059,172.302,0
5.6235,30.586,-0.25494614243507385,-0.616,0.5883,172.503,0
5.6248,30.46,-0.255001038312912,-0.498,0.5708,172.64,0
5.6261,30.344,-0.25669798254966736,-0.406,0.5547,172.792,0
5.6273,30.234,-0.2566421329975128,-0.359,0.5395,172.914,0
5.6285,30.119,-0.2566167712211609,-0.346,0.5235,173.076,0
5.6299,29.998,-0.2574365735054016,-0.372,0.5067,173.232,0
5.6312,29.872,-0.25879180431365967,-0.449,0.4891,173.349,0
5.6325,29.756,-0.25957995653152466,-0.569,0.4731,173.494,0
5.6337,29.636,-0.25970757007598877,-0.746,0.4563,173.634,0
5.635,29.52,-0.25816744565963745,-0.968,0.4403,173.788,0
5.6363,29.405,-0.2571224868297577,-1.223,0.4243,173.892,0
5.6377,29.273,-0.2552921772003174,-1.556,0.406,174.005,0
5.639,29.163,-0.2534673511981964,-1.857,0.3907,174.128,0
5.6402,29.048,-0.25068721175193787,-2.193,0.3747,174.317,0
5.6414,28.938,-0.24861028790473938,-2.514,0.3594,174.403,0
5.6427,28.828,-0.24748383462429047,-2.824,0.3442,174.501,0
5.644,28.724,-0.24659664928913116,-3.107,0.3297,174.615,0
5.6454,28.597,-0.24571822583675385,-3.423,0.3121,174.748,0
5.6467,28.488,-0.2447923868894577,-3.667,0.2969,174.887,0
5.648,28.372,-0.2458619624376297,-3.873,0.2809,174.978,0
5.6493,28.257,-0.24823631346225739,-4.025,0.2648,175.051,0
5.6505,28.136,-0.2505497932434082,-4.13,0.248,175.179,0
5.6519,28.01,-0.2523231506347656,-4.179,0.2305,175.303,0
5.6531,27.894,-0.25524723529815674,-4.157,0.2145,175.359,0
5.6543,27.773,-0.25729262828826904,-4.081,0.1977,175.465,0
5.6556,27.664,-0.25854286551475525,-3.963,0.1824,175.529,0
5.6568,27.543,-0.25961071252822876,-3.784,0.1656,175.672,0
5.6581,27.427,-0.2598187029361725,-3.574,0.1496,175.756,0
5.6594,27.307,-0.2602156698703766,-3.314,0.1328,175.856,0
5.6607,27.175,-0.2602429986000061,-2.998,0.1145,175.972,0
5.662,27.059,-0.26071473956108093,-2.7,0.0985,176.054,0
5.6633,26.933,-0.2621227502822876,-2.36,0.081,176.112,0
5.6646,26.823,-0.26209744811058044,-2.074,0.0657,176.226,0
5.666,26.686,-0.2627389430999756,-1.728,0.0466,176.334,0
5.6673,26.559,-0.265018492937088,-1.425,0.0291,176.475,0
5.6685,26.433,-0.2670401930809021,-1.159,0.0115,176.563,0
5.6698,26.307,-0.26835283637046814,-0.939,0.994,176.639,0
5.6711,26.186,-0.2694747745990753,-0.774,0.9772,176.731,0
5.6724,26.065,-0.26983433961868286,-0.659,0.9604,176.792,0
5.6736,25.939,-0.26872292160987854,-0.596,0.9429,176.929,0
5.6748,25.823,-0.26710784435272217,-0.586,0.9268,177.041,0
5.6761,25.708,-0.26426762342453003,-0.619,0.9108,177.118,0
5.6773,25.593,-0.26176247000694275,-0.684,0.8948,177.22,0
5.6785,25.488,-0.2591237425804138,-0.767,0.8803,177.289,0
5.6799,25.367,-0.25612983107566833,-0.885,0.8635,177.392,0
5.6811,25.252,-0.2537103593349457,-1.008,0.8475,177.497,0
5.6823,25.148,-0.2507728040218353,-1.128,0.833,177.6,0
5.6835,25.043,-0.24876950681209564,-1.243,0.8185,177.713,0
5.6848,24.933,-0.24747271835803986,-1.351,0.8033,177.841,0
5.686,24.824,-0.2461375594139099,-1.446,0.788,177.921,0
5.6873,24.719,-0.2446001023054123,-1.522,0.7735,178.035,0
5.6887,24.609,-0.2440836876630783,-1.574,0.7582,178.137,0
5.6899,24.489,-0.24424465000629425,-1.597,0.7415,178.292,0
5.6911,24.379,-0.24508927762508392,-1.587,0.7262,178.397,0
5.6924,24.269,-0.24605220556259155,-1.549,0.7109,178.496,0
5.6936,24.159,-0.24660754203796387,-1.487,0.6957,178.624,0
5.6949,24.055,-0.24642255902290344,-1.41,0.6812,178.74,0
5.6962,23.934,-0.2461892068386078,-1.299,0.6644,178.903,0
5.6974,23.824,-0.24652089178562164,-1.178,0.6491,179.042,0
5.6987,23.708,-0.24644805490970612,-1.043,0.6331,179.166,0
5.7,23.599,-0.24601368606090546,-0.912,0.6179,179.284,0
5.7013,23.489,-0.2462894767522812,-0.781,0.6026,179.412,0
5.7026,23.368,-0.24669985473155975,-0.647,0.5858,179.552,0
5.7039,23.253,-0.24628981947898865,-0.544,0.5698,179.69,0
5.7051,23.137,-0.2465774118900299,-0.463,0.5538,179.85,0
5.7063,23.033,-0.24754275381565094,-0.413,0.5393,179.966,0
5.708,22.896,-0.24771714210510254,-0.402,0.5202,180.116,0
5.7093,22.764,-0.24882732331752777,-0.442,0.5019,180.315,0
5.7106,22.654,-0.2501286566257477,-0.517,0.4866,180.45,0
5.7118,22.538,-0.25111111998558044,-0.643,0.4706,180.577,0
5.7131,22.423,-0.25042805075645447,-0.823,0.4546,180.709,0
5.7144,22.313,-0.2484690099954605,-1.04,0.4393,180.833,0
5.7156,22.203,-0.24734683334827423,-1.285,0.4241,180.954,0
5.717,22.094,-0.2455441802740097,-1.562,0.4088,181.084,0
5.7182,21.984,-0.24334748089313507,-1.863,0.3936,181.19,0
5.7194,21.874,-0.2420416623353958,-2.172,0.3783,181.289,0
5.7207,21.769,-0.2397625744342804,-2.479,0.3638,181.41,0
5.7221,21.665,-0.23754878342151642,-2.783,0.3493,181.55,0
5.7233,21.55,-0.23575185239315033,-3.105,0.3333,181.639,0
5.7246,21.445,-0.23481620848178864,-3.374,0.3188,181.829,0
5.726,21.341,-0.2338569164276123,-3.621,0.3043,181.895,0
5.7272,21.226,-0.23288381099700928,-3.858,0.2883,181.986,0
5.7285,21.121,-0.23365788161754608,-4.026,0.2738,182.118,0
5.7297,21.011,-0.23558585345745087,-4.153,0.2585,182.201,0
5.731,20.907,-0.2367575466632843,-4.233,0.244,182.276,0
5.7322,20.803,-0.23751184344291687,-4.27,0.2295,182.405,0
5.7335,20.687,-0.23926977813243866,-4.251,0.2135,182.503,0
5.7349,20.566,-0.24151669442653656,-4.17,0.1967,182.585,0
5.7362,20.446,-0.24259380996227264,-4.037,0.1799,182.689,0
5.7375,20.341,-0.24252158403396606,-3.884,0.1654,182.76,0
5.7389,20.231,-0.24183452129364014,-3.69,0.1502,182.84,0
5.7402,20.099,-0.24179689586162567,-3.408,0.1319,182.962,0
5.7415,19.99,-0.2418951690196991,-3.145,0.1166,183.017,0
5.7427,19.88,-0.2424691766500473,-2.863,0.1013,183.136,0
5.744,19.77,-0.2427029311656952,-2.574,0.0861,183.207,0
5.7452,19.666,-0.24199815094470978,-2.305,0.0716,183.331,0
5.7465,19.55,-0.2413417398929596,-2.014,0.0556,183.405,0
5.748,19.424,-0.24235957860946655,-1.705,0.038,183.515,0
5.7493,19.314,-0.24344350397586823,-1.459,0.0228,183.592,0
5.7505,19.199,-0.2456018179655075,-1.225,0.0067,183.656,0
5.7519,19.078,-0.24719113111495972,-1.024,0.99,183.756,0
5.7532,18.957,-0.24853873252868652,-0.868,0.9732,183.868,0
5.7545,18.842,-0.2497612088918686,-0.763,0.9572,183.969,0
5.7557,18.732,-0.24928586184978485,-0.711,0.9419,184.029,0
5.757,18.616,-0.2469068020582199,-0.707,0.9259,184.11,0
5.7582,18.512,-0.24406252801418304,-0.739,0.9114,184.194,0
5.7595,18.408,-0.24158045649528503,-0.797,0.8969,184.297,0
5.7608,18.298,-0.2394660860300064,-0.878,0.8816,184.353,0
5.7621,18.188,-0.2368040531873703,-0.983,0.8664,184.444,0
5.7634,18.083,-0.23489722609519958,-1.09,0.8519,184.559,0
5.7648,17.974,-0.23189961910247803,-1.216,0.8366,184.63,0
5.7661,17.864,-0.23065060377120972,-1.332,0.8214,184.777,0
5.7673,17.765,-0.2292165756225586,-1.433,0.8076,184.875,0
5.7686,17.661,-0.22813069820404053,-1.527,0.7931,185.007,0
5.7699,17.562,-0.22638818621635437,-1.606,0.7794,185.07,0
5.7712,17.452,-0.22574569284915924,-1.668,0.7641,185.175,0
5.7725,17.347,-0.2255702018737793,-1.701,0.7496,185.29,0
5.7738,17.243,-0.2261287271976471,-1.707,0.7351,185.402,0
5.7751,17.139,-0.2275719791650772,-1.683,0.7206,185.487,0
5.7764,17.029,-0.22841334342956543,-1.636,0.7054,185.636,0
5.7776,16.924,-0.22909808158874512,-1.568,0.6909,185.759,0
5.779,16.82,-0.22920183837413788,-1.484,0.6764,185.857,0
5.7803,16.71,-0.2298145294189453,-1.373,0.6611,185.997,0
5.7816,16.6,-0.2294851690530777,-1.253,0.6459,186.073,0
5.783,16.49,-0.22893697023391724,-1.126,0.6306,186.237,0
5.7842,16.381,-0.22852694988250732,-0.996,0.6154,186.361,0
5.7855,16.282,-0.22806064784526825,-0.882,0.6016,186.49,0
5.7869,16.172,-0.22801855206489563,-0.763,0.5864,186.612,0
5.7882,16.062,-0.2269837111234665,-0.668,0.5711,186.765,0
5.7896,15.958,-0.2262469381093979,-0.597,0.5566,186.875,0
5.791,15.848,-0.22557872533798218,-0.549,0.5414,187.037,0
5.7923,15.732,-0.2255769520998001,-0.532,0.5253,187.146,0
5.7935,15.634,-0.22553159296512604,-0.55,0.5116,187.304,0
5.7948,15.524,-0.22591400146484375,-0.605,0.4963,187.413,0
5.7961,15.419,-0.2264864146709442,-0.694,0.4818,187.53,0
5.7974,15.309,-0.22668324410915375,-0.83,0.4666,187.642,0
5.7987,15.205,-0.2258424460887909,-1.002,0.4521,187.784,0
5.8,15.106,-0.22397677600383759,-1.201,0.4384,187.896,0
5.8013,15.007,-0.2229999154806137,-1.422,0.4246,188.003,0
5.8025,14.908,-0.22077466547489166,-1.673,0.4109,188.098,0
5.8039,14.81,-0.21872317790985107,-1.941,0.3972,188.224,0
5.8052,14.705,-0.21698851883411407,-2.235,0.3827,188.36,0
5.8067,14.606,-0.21485593914985657,-2.524,0.3689,188.463,0
5.8081,14.485,-0.21214836835861206,-2.879,0.3521,188.573,0
5.8094,14.398,-0.21067477762699127,-3.128,0.3399,188.719,0
5.8107,14.304,-0.2089560478925705,-3.383,0.327,188.79,0
5.8119,14.205,-0.2079765647649765,-3.631,0.3132,188.928,0
5.8132,14.112,-0.20623011887073517,-3.849,0.3003,189.008,0
5.8146,14.019,-0.2064359188079834,-4.03,0.2873,189.09,0
5.816,13.903,-0.20809859037399292,-4.205,0.2713,189.198,0
5.8173,13.804,-0.21021901071071625,-4.312,0.2575,189.309,0
5.8186,13.705,-0.21162272989749908,-4.384,0.2438,189.392,0
5.8199,13.607,-0.2131502628326416,-4.415,0.2301,189.457,0
5.8212,13.497,-0.21533723175525665,-4.398,0.2148,189.596,0
5.8224,13.398,-0.21677838265895844,-4.342,0.2011,189.666,0
5.8237,13.299,-0.2185378074645996,-4.244,0.1873,189.728,0
5.8249,13.2,-0.21995969116687775,-4.111,0.1736,189.834,0
5.8262,13.101,-0.22046977281570435,-3.949,0.1599,189.907,0
5.8275,13.002,-0.2201390415430069,-3.762,0.1461,189.991,0
5.8288,12.892,-0.21951958537101746,-3.526,0.1309,190.101,0
5.8301,12.794,-0.2195824235677719,-3.289,0.1172,190.149,0
5.8316,12.689,-0.22012299299240112,-3.021,0.1027,190.257,0
5.833,12.568,-0.2204384058713913,-2.703,0.0859,190.349,0
5.8343,12.464,-0.2200128734111786,-2.432,0.0714,190.423,0
5.8356,12.36,-0.21926535665988922,-2.17,0.0569,190.478,0
5.8369,12.261,-0.21912719309329987,-1.93,0.0432,190.591,0
5.8383,12.151,-0.22038495540618896,-1.675,0.0279,190.663,0
5.8397,12.047,-0.2214544266462326,-1.458,0.0134,190.766,0
5.841,11.931,-0.22274550795555115,-1.25,0.9974,190.826,0
5.8423,11.821,-0.2247777134180069,-1.084,0.9821,190.927,0
5.8436,11.711,-0.2260870337486267,-0.959,0.9669,190.99,0
5.845,11.602,-0.22750483453273773,-0.872,0.9516,191.062,0
5.8463,11.492,-0.22693665325641632,-0.834,0.9363,191.173,0
5.8475,11.393,-0.22428037226200104,-0.844,0.9226,191.188,0
5.8488,11.294,-0.22116619348526,-0.882,0.9089,191.306,0
5.8501,11.201,-0.21835409104824066,-0.94,0.8959,191.385,0
5.8513,11.107,-0.21630559861660004,-1.01,0.8829,191.467,0
5.8526,11.014,-0.21445155143737793,-1.094,0.87,191.571,0
5.854,10.915,-0.21245639026165009,-1.195,0.8562,191.599,0
5.8553,10.816,-0.21025243401527405,-1.304,0.8425,191.739,0
5.8567,10.706,-0.20761731266975403,-1.428,0.8272,191.813,0
5.858,10.618,-0.2054099291563034,-1.526,0.815,191.896,0
5.8593,10.525,-0.2039642333984375,-1.619,0.8021,191.971,0
5.8606,10.432,-0.2022888958454132,-1.703,0.7891,192.113,0
5.862,10.338,-0.19989049434661865,-1.779,0.7761,192.169,0
5.8632,10.245,-0.19913648068904877,-1.83,0.7632,192.303,0
5.8645,10.157,-0.19858236610889435,-1.861,0.7509,192.394,0
5.8658,10.063,-0.19901558756828308,-1.87,0.738,192.413,0
5.8671,9.965,-0.20060691237449646,-1.851,0.7242,192.594,0
5.8684,9.871,-0.20141860842704773,-1.817,0.7113,192.635,0
5.8697,9.772,-0.2021869570016861,-1.762,0.6975,192.767,0
5.871,9.679,-0.2026423215866089,-1.693,0.6846,192.85,0
5.8724,9.586,-0.20349128544330597,-1.606,0.6716,192.968,0
5.8737,9.481,-0.2038564682006836,-1.498,0.6571,193.068,0
5.875,9.388,-0.2033640593290329,-1.395,0.6441,193.189,0
5.8763,9.3,-0.20305001735687256,-1.293,0.6319,193.295,0
5.8777,9.19,-0.2026204764842987,-1.162,0.6167,193.387,0
5.879,9.097,-0.20189456641674042,-1.056,0.6037,193.532,0
5.8802,9.009,-0.20173455774784088,-0.96,0.5915,193.624,0
5.8815,8.921,-0.200968399643898,-0.876,0.5793,193.709,0
5.8828,8.828,-0.20008131861686707,-0.802,0.5663,193.839,0
5.884,8.74,-0.19941507279872894,-0.747,0.5541,193.936,0
5.8854,8.652,-0.1984211504459381,-0.714,0.5419,194.045,0
5.8867,8.558,-0.19746382534503937,-0.701,0.5289,194.163,0
5.8879,8.465,-0.19747905433177948,-0.709,0.516,194.27,0
5.8893,8.372,-0.19738388061523438,-0.746,0.503,194.376,0
5.8906,8.278,-0.19824683666229248,-0.806,0.49,194.503,0
5.892,8.185,-0.19849306344985962,-0.9,0.4771,194.62,0
5.8933,8.086,-0.19866371154785156,-1.032,0.4633,194.717,0
5.8948,7.982,-0.19694915413856506,-1.217,0.4488,194.828,0
5.8961,7.883,-0.19532132148742676,-1.422,0.4351,194.952,0
5.8974,7.8,-0.19346049427986145,-1.616,0.4236,195.032,0
5.8987,7.712,-0.19110538065433502,-1.841,0.4114,195.151,0
5.9,7.63,-0.18858209252357483,-2.068,0.4,195.233,0
5.9013,7.542,-0.18626053631305695,-2.318,0.3878,195.346,0
5.9026,7.46,-0.1831909567117691,-2.565,0.3763,195.428,0
5.9039,7.388,-0.18060290813446045,-2.78,0.3664,195.556,0
5.9052,7.306,-0.17804577946662903,-3.026,0.355,195.634,0
5.9065,7.229,-0.1768367886543274,-3.246,0.3443,195.719,0
5.9077,7.147,-0.17482349276542664,-3.478,0.3329,195.801,0
5.9089,7.075,-0.17350129783153534,-3.669,0.3229,195.905,0
5.9102,6.998,-0.17182625830173492,-3.864,0.3123,195.968,0
5.9115,6.921,-0.17091846466064453,-4.041,0.3016,196.071,0
5.9127,6.844,-0.1704651266336441,-4.198,0.2909,196.109,0
5.914,6.768,-0.16975292563438416,-4.338,0.2802,196.216,0
5.9153,6.691,-0.1701827347278595,-4.45,0.2695,196.316,0
5.9165,6.614,-0.17139768600463867,-4.535,0.2589,196.364,0
5.9179,6.526,-0.1730259507894516,-4.603,0.2466,196.455,0
5.9191,6.443,-0.17484034597873688,-4.635,0.2352,196.516,0
5.9203,6.367,-0.17572759091854095,-4.644,0.2245,196.611,0
5.9216,6.284,-0.17661505937576294,-4.626,0.2131,196.667,0
5.923,6.202,-0.1775408834218979,-4.58,0.2016,196.713,0
5.9243,6.114,-0.1783573478460312,-4.5,0.1894,196.813,0
5.9255,6.031,-0.17958088219165802,-4.396,0.178,196.888,0
5.9269,5.944,-0.18012116849422455,-4.263,0.1658,196.998,0
5.9281,5.861,-0.18058210611343384,-4.115,0.1543,197.032,0
5.9294,5.779,-0.17874664068222046,-3.961,0.1429,197.104,0
5.9307,5.702,-0.17774765193462372,-3.798,0.1322,197.182,0
5.9319,5.625,-0.17664578557014465,-3.624,0.1215,197.23,0
5.9332,5.543,-0.1762164980173111,-3.422,0.1101,197.317,0
5.9345,5.466,-0.1761142760515213,-3.224,0.0994,197.387,0
5.9357,5.383,-0.17624624073505402,-3.008,0.088,197.4,0
5.937,5.306,-0.1758843958377838,-2.808,0.0773,197.507,0
5.9385,5.208,-0.17481505870819092,-2.558,0.0635,197.569,0
5.9398,5.125,-0.1747121810913086,-2.352,0.0521,197.653,0
5.941,5.054,-0.17438265681266785,-2.182,0.0422,197.671,0
5.9423,4.977,-0.17372176051139832,-2.011,0.0315,197.739,0
5.9436,4.894,-0.17373479902744293,-1.837,0.0201,197.818,0
5.9448,4.812,-0.17420366406440735,-1.678,0.0086,197.855,0
5.9461,4.735,-0.17480693757534027,-1.544,0.9979,197.905,0
5.9474,4.653,-0.17591945827007294,-1.417,0.9865,197.979,0
5.9487,4.565,-0.1768960952758789,-1.306,0.9743,198.05,0
5.95,4.482,-0.17881539463996887,-1.218,0.9628,198.101,0
5.9513,4.406,-0.17921708524227142,-1.164,0.9521,198.162,0
5.9525,4.318,-0.17905272543430328,-1.128,0.9399,198.25,0
5.9538,4.235,-0.17827041447162628,-1.119,0.9285,198.249,0
5.955,4.164,-0.17650216817855835,-1.133,0.9186,198.31,0
5.9562,4.092,-0.17442777752876282,-1.163,0.9087,198.379,0
5.9574,4.016,-0.17223204672336578,-1.209,0.898,198.456,0
5.9587,3.944,-0.1693442314863205,-1.267,0.8881,198.512,0
5.96,3.873,-0.16696402430534363,-1.332,0.8781,198.599,0
5.9612,3.801,-0.16505080461502075,-1.401,0.8682,198.64,0
5.9625,3.73,-0.16276535391807556,-1.479,0.8583,198.694,0
5.9638,3.658,-0.16068901121616364,-1.56,0.8484,198.804,0
5.965,3.587,-0.15884549915790558,-1.641,0.8385,198.834,0
5.9662,3.521,-0.15728873014450073,-1.716,0.8293,198.915,0
5.9675,3.455,-0.15538428723812103,-1.791,0.8202,198.96,0
5.9687,3.389,-0.15411162376403809,-1.861,0.811,198.99,0
5.9699,3.323,-0.1518421322107315,-1.933,0.8018,199.108,0
5.9711,3.257,-0.15044745802879333,-1.995,0.7927,199.143,0
5.9723,3.197,-0.14896300435066223,-2.048,0.7843,199.189,0
5.9736,3.137,-0.1470218300819397,-2.097,0.7759,199.297,0
5.9749,3.065,-0.14748750627040863,-2.131,0.766,199.338,0
5.9761,2.999,-0.1473803073167801,-2.157,0.7568,199.401,0
5.9773,2.933,-0.14772647619247437,-2.171,0.7477,199.477,0
5.9786,2.862,-0.14969776570796967,-2.166,0.7378,199.535,0
5.9799,2.796,-0.149248406291008,-2.165,0.7286,199.578,0
5.9812,2.725,-0.1502452939748764,-2.143,0.7187,199.674,0
5.9824,2.659,-0.1506340652704239,-2.117,0.7095,199.746,0
5.9837,2.587,-0.15105101466178894,-2.078,0.6996,199.78,0
5.985,2.521,-0.15093116462230682,-2.035,0.6905,199.872,0
5.9862,2.45,-0.15143008530139923,-1.976,0.6805,199.923,0
5.9877,2.379,-0.1520542949438095,-1.908,0.6706,200.04,0
5.9891,2.302,-0.15167692303657532,-1.832,0.6599,200.102,0
5.9905,2.219,-0.1513524204492569,-1.744,0.6485,200.201,0
5.9917,2.153,-0.15068192780017853,-1.671,0.6393,200.267,0
5.993,2.082,-0.1501564085483551,-1.588,0.6294,200.369,0
5.9943,2.016,-0.14944151043891907,-1.513,0.6203,200.416,0
5.9956,1.95,-0.14828619360923767,-1.441,0.6111,200.509,0
5.997,1.884,-0.14701348543167114,-1.371,0.602,200.579,0
5.9983,1.807,-0.14619246125221252,-1.291,0.5913,200.649,0
5.9996,1.741,-0.14499863982200623,-1.231,0.5821,200.741,0
6.001,1.675,-0.1440960019826889,-1.176,0.573,200.808,0
6.0023,1.609,-0.14253300428390503,-1.134,0.5638,200.876,0
6.0035,1.544,-0.14112843573093414,-1.099,0.5547,200.954,0
6.0048,1.483,-0.14056740701198578,-1.073,0.5463,201.051,0
6.0061,1.417,-0.1391347348690033,-1.06,0.5371,201.14,0
6.0075,1.357,-0.1379452794790268,-1.058,0.5287,201.183,0
6.0087,1.291,-0.13613009452819824,-1.072,0.5196,201.251,0
6.01,1.236,-0.13558639585971832,-1.088,0.5119,201.284,0
6.0112,1.176,-0.134764164686203,-1.119,0.5035,201.409,0
6.0124,1.115,-0.13433732092380524,-1.16,0.4951,201.509,0
6.0137,1.055,-0.13393110036849976,-1.214,0.4868,201.578,0
6.015,0.994,-0.13348081707954407,-1.279,0.4784,201.619,0
6.0163,0.934,-0.1326693445444107,-1.36,0.47,201.663,0
6.0176,0.873,-0.13230302929878235,-1.45,0.4616,201.755,0
6.0189,0.813,-0.13177946209907532,-1.552,0.4532,201.806,0
6.0201,0.758,-0.130376398563385,-1.66,0.4456,201.878,0
6.0214,0.698,-0.12901559472084045,-1.789,0.4372,201.942,0
6.0227,0.637,-0.12747366726398468,-1.928,0.4288,202.02,0
6.0239,0.588,-0.12630710005760193,-2.048,0.4219,202.065,0
6.0252,0.527,-0.12475603073835373,-2.202,0.4135,202.194,0
6.0265,0.478,-0.12250244617462158,-2.34,0.4066,202.233,0
6.0277,0.423,-0.12050452828407288,-2.495,0.399,202.257,0
6.0291,0.374,-0.11750879883766174,-2.645,0.3922,202.358,0
6.0304,0.324,-0.11411494761705399,-2.801,0.3853,202.422,0
6.0318,0.275,-0.11096445471048355,-2.956,0.3784,202.461,0
6.0331,0.225,-0.10770770907402039,-3.114,0.3716,202.494,0
6.0344,0.176,-0.10493946075439453,-3.27,0.3647,202.583,0
6.0357,0.132,-0.10266730189323425,-3.406,0.3586,202.638,0
6.0371,0.088,-0.1013837605714798,-3.537,0.3525,202.696,0
6.0383,0.038,-0.10118335485458374,-3.674,0.3456,202.771,0
6.0396,-0.005,-0.1006801649928093,-3.796,0.3395,202.79,0
6.041,-0.049,-0.09913260489702225,-3.922,0.3334,202.883,0
6.0422,-0.099,-0.09842574596405029,-4.054,0.3265,202.875,0
6.0435,-0.143,-0.09701947122812271,-4.172,0.3204,202.952,0
6.0448,-0.187,-0.09596999734640121,-4.284,0.3143,202.995,0
6.0461,-0.225,-0.0945306345820427,-4.382,0.309,203.053,0
6.0474,-0.269,-0.09323301166296005,-4.486,0.3029,203.103,0
6.0488,-0.313,-0.09097205102443695,-4.592,0.2968,203.129,0
6.0501,-0.352,-0.08956214040517807,-4.676,0.2914,203.2,0
6.0513,-0.39,-0.08816509693861008,-4.755,0.2861,203.236,0
6.0526,-0.428,-0.0881359651684761,-4.821,0.2808,203.27,0
6.054,-0.472,-0.08982621133327484,-4.88,0.2747,203.355,0
6.0554,-0.516,-0.09112148731946945,-4.934,0.2686,203.342,0
6.0567,-0.571,-0.09371939301490784,-4.985,0.2609,203.415,0
6.058,-0.615,-0.0951409786939621,-5.022,0.2548,203.451,0
6.0594,-0.665,-0.09602615237236023,-5.058,0.248,203.512,0
6.0607,-0.709,-0.09771379083395004,-5.076,0.2419,203.537,0
6.062,-0.758,-0.09868796914815903,-5.092,0.235,203.602,0
6.0633,-0.802,-0.09920011460781097,-5.1,0.2289,203.684,0
6.0646,-0.851,-0.09850716590881348,-5.107,0.222,203.695,0
6.0659,-0.895,-0.09800189733505249,-5.104,0.2159,203.698,0
6.0672,-0.945,-0.0979829803109169,-5.087,0.209,203.76,0
6.0685,-0.989,-0.0984949842095375,-5.06,0.2029,203.835,0
6.0699,-1.038,-0.09977345913648605,-5.016,0.1961,203.839,0
6.0711,-1.088,-0.10056480020284653,-4.966,0.1892,203.928,0
6.0725,-1.137,-0.1031547263264656,-4.895,0.1823,203.945,0
6.0737,-1.187,-0.10318532586097717,-4.83,0.1755,203.973,0
6.0749,-1.236,-0.10438072681427002,-4.75,0.1686,204.049,0
6.0763,-1.28,-0.10449390113353729,-4.677,0.1625,204.036,0
6.0776,-1.329,-0.10360511392354965,-4.594,0.1556,204.127,0
6.079,-1.379,-0.10104469209909439,-4.514,0.1488,204.132,0
6.0803,-1.423,-0.09853077679872513,-4.439,0.1427,204.206,0
6.0815,-1.467,-0.09752722829580307,-4.35,0.1366,204.23,0
6.0828,-1.505,-0.09650024026632309,-4.269,0.1312,204.241,0
6.0841,-1.549,-0.09527237713336945,-4.174,0.1251,204.33,0
6.0853,-1.593,-0.09476876258850098,-4.071,0.119,204.316,0
6.0866,-1.631,-0.09398717433214188,-3.98,0.1137,204.368,0
6.088,-1.675,-0.09281325340270996,-3.876,0.1076,204.416,0
6.0893,-1.719,-0.09171787649393082,-3.77,0.1015,204.457,0
6.0905,-1.758,-0.09081783890724182,-3.675,0.0961,204.504,0
6.0918,-1.796,-0.08943206816911697,-3.582,0.0908,204.466,0
6.0931,-1.835,-0.08759867399930954,-3.492,0.0854,204.546,0
6.0944,-1.873,-0.08554725348949432,-3.403,0.0801,204.551,0
6.0957,-1.912,-0.08430635929107666,-3.31,0.0748,204.609,0
6.097,-1.95,-0.08341257274150848,-3.215,0.0694,204.615,0
6.0983,-1.989,-0.08325545489788055,-3.117,0.0641,204.645,0
6.0996,-2.027,-0.08353288471698761,-3.018,0.0587,204.68,0
6.1008,-2.065,-0.0833345502614975,-2.923,0.0534,204.695,0
6.1022,-2.104,-0.08335426449775696,-2.829,0.0481,204.712,0
6.1034,-2.142,-0.08272211253643036,-2.741,0.0427,204.772,0
6.1047,-2.181,-0.0822177603840828,-2.655,0.0374,204.774,0
6.106,-2.214,-0.08076267689466476,-2.589,0.0328,204.82,0
6.1073,-2.247,-0.07838901877403259,-2.532,0.0282,204.843,0
6.1085,-2.28,-0.07671411335468292,-2.472,0.0237,204.82,0
6.11,-2.313,-0.0740622878074646,-2.421,0.0191,204.909,0
6.1112,-2.346,-0.07188450545072556,-2.37,0.0145,204.906,0
6.1125,-2.373,-0.07023672759532928,-2.328,0.0107,204.947,0
6.1139,-2.401,-0.06845274567604065,-2.289,0.0069,204.952,0
6.1153,-2.433,-0.06674747914075851,-2.243,0.0023,204.989,0
6.1165,-2.466,-0.0667496919631958,-2.189,0.9977,205.001,0
6.1177,-2.494,-0.06632266193628311,-2.149,0.9939,205.016,0
6.1191,-2.527,-0.0660037249326706,-2.104,0.9893,205.026,0
6.1204,-2.56,-0.06709811836481094,-2.053,0.9847,205.061,0
6.1216,-2.593,-0.06847558170557022,-2.004,0.9802,205.082,0
6.1229,-2.626,-0.0696725845336914,-1.959,0.9756,205.113,0
6.1243,-2.659,-0.07091794162988663,-1.918,0.971,205.087,0
6.1255,-2.697,-0.07235550135374069,-1.873,0.9657,205.16,0
6.1268,-2.73,-0.07304870337247849,-1.843,0.9611,205.158,0
6.128,-2.763,-0.07322193682193756,-1.818,0.9565,205.197,0
6.1293,-2.796,-0.0733259990811348,-1.798,0.9519,205.211,0
6.1307,-2.829,-0.07265336811542511,-1.785,0.9474,205.24,0
6.1319,-2.862,-0.07209166139364243,-1.776,0.9428,205.247,0
6.1331,-2.895,-0.07095159590244293,-1.773,0.9382,205.247,0
6.1344,-2.922,-0.06940040737390518,-1.776,0.9344,205.296,0
6.1358,-2.955,-0.06821749359369278,-1.779,0.9298,205.354,0
6.1371,-2.983,-0.0674874410033226,-1.783,0.926,205.37,0
6.1385,-3.016,-0.0663946345448494,-1.791,0.9214,205.35,0
6.1399,-3.049,-0.06490087509155273,-1.804,0.9168,205.374,0
6.1412,-3.076,-0.06425395607948303,-1.814,0.913,205.462,0
6.1424,-3.104,-0.06262614578008652,-1.831,0.9092,205.43,0
6.1437,-3.131,-0.06052231788635254,-1.853,0.9054,205.481,0
6.145,-3.153,-0.05882115662097931,-1.872,0.9023,205.496,0
6.1462,-3.175,-0.057283561676740646,-1.891,0.8993,205.474,0
6.1476,-3.203,-0.0548483170568943,-1.919,0.8955,205.577,0
6.1489,-3.219,-0.05161825940012932,-1.945,0.8932,205.554,0
6.1501,-3.241,-0.048700638115406036,-1.973,0.8901,205.562,0
6.1514,-3.257,-0.04543960466980934,-1.998,0.8878,205.583,0
6.1527,-3.274,-0.04176929220557213,-2.022,0.8856,205.593,0
6.154,-3.285,-0.03958074003458023,-2.036,0.884,205.622,0
6.1553,-3.301,-0.036557093262672424,-2.051,0.8817,205.606,0
6.1567,-3.312,-0.032864004373550415,-2.053,0.8802,205.644,0
6.1579,-3.323,-0.029302528128027916,-2.04,0.8787,205.642,0
6.1592,-3.329,-0.02621595561504364,-2.005,0.8779,205.662,0
6.1605,-3.34,-0.023954316973686218,-1.969,0.8764,205.681,0
6.1618,-3.345,-0.02175290696322918,-1.912,0.8756,205.654,0
6.1631,-3.351,-0.019322799518704414,-1.822,0.8749,205.699,0
6.1644,-3.356,-0.01712237112224102,-1.712,0.8741,205.638,0
6.1657,-3.362,-0.01509309932589531,-1.58,0.8734,205.685,0
6.167,-3.367,-0.01281750202178955,-1.39,0.8726,205.654,0
6.1682,-3.367,-0.010827776975929737,-1.181,0.8726,205.684,0
6.1695,-3.367,-0.008772796019911766,-0.925,0.8726,205.697,0
6.1707,-3.367,-0.007007728796452284,-0.671,0.8726,205.667,0
6.172,-3.367,-0.0050586494617164135,-0.358,0.8726,205.675,0
6.1733,-3.367,-0.0033260255586355925,-0.055,0.8726,205.718,0
6.1745,-3.367,-0.0019354698015376925,0.2,0.8726,205.679,0
6.1757,-3.367,-0.0007730007637292147,0.418,0.8726,205.678,0
6.177,-3.367,0.00017607338668312877,0.598,0.8726,205.673,0
6.1782,-3.367,0.00081748201046139,0.719,0.8726,205.634,0
6.1794,-3.362,0.001363640301860869,0.826,0.8734,205.661,0
6.1808,-3.362,0.0017459879163652658,0.897,0.8734,205.656,0
6.182,-3.362,0.0018128345254808664,0.91,0.8734,205.662,0
6.1832,-3.362,0.001984970411285758,0.942,0.8734,205.679,0
6.1844,-3.362,0.0019323258893564343,0.932,0.8734,205.664,0
6.1857,-3.356,0.001998437801375985,0.949,0.8741,205.654,0
6.1869,-3.356,0.0019723603036254644,0.944,0.8741,205.682,0
6.1881,-3.356,0.0018414831720292568,0.919,0.8741,205.659,0
6.1894,-3.356,0.0015297774225473404,0.861,0.8741,205.676,0
6.1906,-3.356,0.0014146935427561402,0.84,0.8741,205.636,0
6.1918,-3.356,0.0013483365764841437,0.827,0.8741,205.656,0
6.1931,-3.356,0.0012348442105576396,0.806,0.8741,205.657,0
6.1943,-3.356,0.0008905722061172128,0.741,0.8741,205.706,0
6.1955,-3.356,0.0006180438795126975,0.69,0.8741,205.657,0
6.1968,-3.356,0.00041162766865454614,0.651,0.8741,205.668,0
6.1981,-3.356,0.0002567542251199484,0.621,0.8741,205.652,0
6.1993,-3.356,0.00018831608758773655,0.608,0.8741,205.675,0
6.2005,-3.356,0.00031172510352917016,0.632,0.8741,205.679,0
6.2018,-3.356,0.00028160744113847613,0.626,0.8741,205.688,0
6.2031,-3.356,0.00020717020379379392,0.612,0.8741,205.663,0
6.2043,-3.356,0.0001439965417375788,0.6,0.8741,205.671,0
6.2058,-3.356,9.39228484639898e-05,0.59,0.8741,205.649,0
6.2071,-3.356,5.621453237836249e-05,0.583,0.8741,205.665,0
6.2084,-3.356,3.270805609645322e-05,0.579,0.8741,205.67,0
6.2096,-3.356,1.9363231331226416e-05,0.576,0.8741,205.68,0
6.211,-3.356,1.0915591701632366e-05,0.575,0.8741,205.685,0
6.2123,-3.356,5.038970812165644e-06,0.574,0.8741,205.648,0
6.2135,-3.356,8.763639129938383e-07,0.573,0.8741,205.647,0
6.2148,-3.356,-2.3068055270414334e-06,0.572,0.8741,205.666,0
6.216,-3.356,-3.898390787071548e-06,0.572,0.8741,205.654,0
6.2173,-3.356,-5.3675453273172025e-06,0.572,0.8741,205.665,0
6.2185,-3.356,-6.95912694936851e-06,0.571,0.8741,205.631,0
6.2198,-3.356,-7.326414561248384e-06,0.571,0.8741,205.67,0
6.2211,-3.356,-7.326414561248384e-06,0.571,0.8741,205.669,0
6.2223,-3.356,-7.326414561248384e-06,0.571,0.8741,205.654,0
6.2235,-3.356,0.00015207691467367113,0.601,0.8741,205.674,0
6.2249,-3.356,0.00022333094966597855,0.615,0.8741,205.672,0
6.2261,-3.356,0.0001886833633761853,0.608,0.8741,205.626,0
6.2274,-3.356,0.00013922184007242322,0.599,0.8741,205.703,0
6.2287,-3.356,9.269859583582729e-05,0.59,0.8741,205.666,0
6.23,-3.356,5.756129394285381e-05,0.584,0.8741,205.694,0
6.2314,-3.356,3.3320240618195385e-05,0.579,0.8741,205.668,0
6.2327,-3.356,1.8628690668265335e-05,0.576,0.8741,205.658,0
6.2339,-3.356,1.0425910659250803e-05,0.575,0.8741,205.657,0
6.2352,-3.356,5.039008101448417e-06,0.574,0.8741,205.654,0
6.2365,-3.356,1.1212603112653596e-06,0.573,0.8741,205.709,0
6.2378,-3.356,-2.061909071926493e-06,0.572,0.8741,205.677,0
6.2391,-3.356,5.5479998991359025e-05,0.583,0.8741,205.661,0
6.2404,-3.356,0.00040330245974473655,0.649,0.8741,205.658,0
6.2416,-3.356,0.0005945375305600464,0.685,0.8741,205.653,0
6.2429,-3.351,0.0005772749427706003,0.686,0.8749,205.658,0
6.2441,-3.351,0.0005448310985229909,0.68,0.8749,205.683,0
6.2454,-3.351,0.0008283780189231038,0.733,0.8749,205.651,0
6.2466,-3.351,0.0010715232929214835,0.779,0.8749,205.689,0
6.2479,-3.351,0.0012491686502471566,0.813,0.8749,205.653,0
6.2491,-3.351,0.0012833265354856849,0.819,0.8749,205.643,0
6.2503,-3.351,0.0014915793435648084,0.858,0.8749,205.674,0
6.2516,-3.351,0.0016192737966775894,0.882,0.8749,205.672,0
6.2529,-3.345,0.0016420454485341907,0.89,0.8756,205.643,0
6.2543,-3.345,0.0019468950340524316,0.947,0.8756,205.662,0
6.2556,-3.345,0.0023649921640753746,1.025,0.8756,205.625,0
6.2569,-3.345,0.0026970207691192627,1.086,0.8756,205.65,0
6.2582,-3.34,0.0030011357739567757,1.145,0.8764,205.646,0
6.2594,-3.34,0.003348345635458827,1.208,0.8764,205.665,0
6.2607,-3.34,0.0037639939691871405,1.282,0.8764,205.626,0
6.262,-3.334,0.004244774580001831,1.371,0.8772,205.604,0
6.2633,-3.334,0.004775384906679392,1.463,0.8772,205.651,0
6.2645,-3.329,0.005375779699534178,1.568,0.8779,205.635,0
6.2657,-3.323,0.0061087654903531075,1.692,0.8787,205.639,0
6.2669,-3.323,0.006781882606446743,1.798,0.8787,205.62,0
6.2682,-3.318,0.007824490778148174,1.958,0.8795,205.626,0
6.2694,-3.312,0.009249326772987843,2.158,0.8802,205.571,0
6.2707,-3.301,0.010847401805222034,2.362,0.8817,205.606,0
6.272,-3.296,0.012636343948543072,2.555,0.8825,205.587,0
6.2732,-3.285,0.014848647639155388,2.757,0.884,205.573,0
6.2745,-3.279,0.016634773463010788,2.886,0.8848,205.581,0
6.2758,-3.263,0.019240928813815117,3.041,0.8871,205.563,0
6.277,-3.252,0.022321011871099472,3.166,0.8886,205.556,0
6.2783,-3.235,0.025258585810661316,3.252,0.8909,205.545,0
6.2795,-3.219,0.027969416230916977,3.308,0.8932,205.511,0
6.2809,-3.203,0.031238652765750885,3.351,0.8955,205.517,0
6.2822,-3.181,0.03481714427471161,3.384,0.8985,205.483,0
6.2833,-3.159,0.03791522607207298,3.405,0.9016,205.478,0
6.2846,-3.142,0.040846552699804306,3.416,0.9039,205.445,0
6.2859,-3.12,0.04262741655111313,3.433,0.9069,205.401,0
6.2872,-3.098,0.04397035390138626,3.451,0.91,205.398,0
6.2885,-3.071,0.045496195554733276,3.474,0.9138,205.389,0
6.2899,-3.049,0.04734719544649124,3.489,0.9168,205.34,0
6.2911,-3.021,0.048018958419561386,3.517,0.9207,205.336,0
6.2923,-2.999,0.04917800799012184,3.536,0.9237,205.31,0
6.2936,-2.977,0.04954051971435547,3.559,0.9268,205.263,0
6.2948,-2.955,0.05053709074854851,3.58,0.9298,205.274,0
6.296,-2.933,0.05114604905247688,3.603,0.9329,205.214,0
6.2972,-2.906,0.05159010365605354,3.634,0.9367,205.244,0
6.2984,-2.884,0.05226615443825722,3.657,0.9397,205.257,0
6.2997,-2.862,0.05317237228155136,3.679,0.9428,205.191,0
6.301,-2.834,0.05417604744434357,3.708,0.9466,205.157,0
6.3023,-2.807,0.05586054548621178,3.733,0.9504,205.158,0
6.3034,-2.78,0.05803331360220909,3.756,0.9542,205.127,0
6.3047,-2.747,0.06068366393446922,3.783,0.9588,205.091,0
6.306,-2.719,0.06281014531850815,3.805,0.9626,205.082,0
6.3071,-2.686,0.06485264003276825,3.836,0.9672,205.023,0
6.3083,-2.653,0.06715504825115204,3.864,0.9718,205.022,0
6.3096,-2.626,0.06859799474477768,3.891,0.9756,205.023,0
6.3109,-2.593,0.06974884122610092,3.926,0.9802,204.937,0
6.3121,-2.56,0.06974737346172333,3.967,0.9847,204.972,0
6.3133,-2.532,0.0682922974228859,4.009,0.9886,204.95,0
6.3146,-2.499,0.06671944260597229,4.059,0.9931,204.936,0
6.3158,-2.477,0.06544250249862671,4.093,0.9962,204.924,0
6.317,-2.45,0.06418796628713608,4.132,0.0,204.891,0
6.3182,-2.422,0.06334252655506134,4.169,0.0038,204.856,0
6.3196,-2.395,0.06263305246829987,4.204,0.0076,204.885,0
6.3209,-2.362,0.06293723732233047,4.238,0.0122,204.838,0
6.3222,-2.335,0.06341475993394852,4.265,0.016,204.808,0
6.3234,-2.302,0.06428339332342148,4.293,0.0206,204.79,0
6.3247,-2.269,0.06645584106445312,4.313,0.0252,204.758,0
6.3259,-2.236,0.06847679615020752,4.331,0.0298,204.762,0
6.3272,-2.203,0.07159023731946945,4.342,0.0343,204.714,0
6.3285,-2.164,0.0741700753569603,4.358,0.0397,204.64,0
6.3297,-2.126,0.0772552341222763,4.368,0.045,204.684,0
6.3309,-2.087,0.07948443293571472,4.38,0.0504,204.666,0
6.3322,-2.049,0.081611767411232,4.39,0.0557,204.627,0
6.3334,-2.01,0.08327885717153549,4.399,0.061,204.611,0
6.3347,-1.972,0.08433830738067627,4.409,0.0664,204.551,0
6.3359,-1.934,0.08427483588457108,4.422,0.0717,204.515,0
6.3372,-1.895,0.08529296517372131,4.425,0.0771,204.537,0
6.3384,-1.857,0.08519251644611359,4.43,0.0824,204.49,0
6.3396,-1.818,0.08537133038043976,4.431,0.0877,204.446,0
6.3409,-1.78,0.08632555603981018,4.423,0.0931,204.395,0
6.3421,-1.741,0.08673614263534546,4.414,0.0984,204.361,0
6.3434,-1.697,0.08827649056911469,4.393,0.1045,204.343,0
6.3446,-1.659,0.0893850326538086,4.372,0.1099,204.325,0
6.3459,-1.615,0.09132736921310425,4.339,0.116,204.253,0
6.3472,-1.566,0.09403209388256073,4.292,0.1228,204.238,0
6.3484,-1.522,0.09640588611364365,4.245,0.1289,204.244,0
6.3497,-1.472,0.0970190018415451,4.198,0.1358,204.132,0
6.351,-1.428,0.09812141954898834,4.148,0.1419,204.143,0
6.3522,-1.384,0.0991479828953743,4.093,0.148,204.127,0
6.3535,-1.335,0.09965669363737106,4.029,0.1549,204.061,0
6.3547,-1.291,0.1005479246377945,3.965,0.161,204.011,0
6.3561,-1.241,0.10180196166038513,3.886,0.1678,203.985,0
6.3574,-1.192,0.10364454984664917,3.797,0.1747,203.947,0
6.3587,-1.143,0.10536453872919083,3.705,0.1816,203.882,0
6.3601,-1.088,0.1080501601099968,3.592,0.1892,203.851,0
6.3614,-1.027,0.11073999106884003,3.462,0.1976,203.8,0
6.3628,-0.967,0.11229484528303146,3.334,0.206,203.723,0
6.3641,-0.912,0.11382399499416351,3.213,0.2136,203.739,0
6.3653,-0.862,0.11290325224399567,3.114,0.2205,203.619,0
6.3666,-0.813,0.11353353410959244,3.004,0.2274,203.596,0
6.3679,-0.758,0.1135135218501091,2.884,0.235,203.576,0
6.3692,-0.703,0.11318252980709076,2.764,0.2426,203.534,0
6.3705,-0.654,0.11294782161712646,2.655,0.2495,203.472,0
6.3718,-0.599,0.1136544868350029,2.527,0.2571,203.359,0
6.3731,-0.544,0.11392034590244293,2.403,0.2647,203.369,0
6.3744,-0.489,0.11570347845554352,2.272,0.2724,203.298,0
6.3757,-0.434,0.11632204800844193,2.149,0.28,203.259,0
6.377,-0.379,0.11668884754180908,2.03,0.2876,203.211,0
6.3782,-0.33,0.11601226776838303,1.932,0.2945,203.156,0
6.3797,-0.269,0.11575890332460403,1.813,0.3029,203.133,0
6.381,-0.214,0.11556190997362137,1.71,0.3105,203.02,0
6.3823,-0.159,0.11550423502922058,1.611,0.3181,202.96,0
6.3836,-0.104,0.1164386048913002,1.511,0.3258,202.932,0
6.385,-0.049,0.11735008656978607,1.418,0.3334,202.836,0
6.3862,0.011,0.1193654015660286,1.318,0.3418,202.813,0
6.3875,0.066,0.12088016420602798,1.236,0.3494,202.699,0
6.3888,0.126,0.1225990280508995,1.154,0.3578,202.636,0
6.3901,0.187,0.12425507605075836,1.081,0.3662,202.609,0
6.3913,0.242,0.12445042282342911,1.032,0.3738,202.519,0
6.3926,0.302,0.1249089315533638,0.985,0.3822,202.465,0
6.3939,0.357,0.12517049908638,0.953,0.3899,202.393,0
6.3951,0.417,0.12676729261875153,0.918,0.3983,202.33,0
6.3964,0.478,0.12817040085792542,0.895,0.4066,202.246,0
6.3981,0.538,0.13037824630737305,0.877,0.415,202.164,0
6.3994,0.626,0.1347508281469345,0.86,0.4272,202.06,0
6.4007,0.698,0.13780300319194794,0.864,0.4372,202.0,0
6.4019,0.764,0.13996277749538422,0.882,0.4463,201.923,0
6.4033,0.829,0.14207622408866882,0.91,0.4555,201.838,0
6.4046,0.895,0.14331312477588654,0.951,0.4646,201.71,0
6.4059,0.967,0.14559881389141083,1.0,0.4745,201.673,0
6.4071,1.044,0.14889664947986603,1.056,0.4852,201.575,0
6.4083,1.115,0.15179607272148132,1.117,0.4951,201.493,0
6.4098,1.192,0.1537948101758957,1.195,0.5058,201.39,0
6.4111,1.269,0.15527315437793732,1.281,0.5165,201.333,0
6.4124,1.346,0.157340869307518,1.367,0.5272,201.218,0
6.4138,1.417,0.1586141288280487,1.452,0.5371,201.141,0
6.4151,1.5,0.16023927927017212,1.55,0.5486,201.069,0
6.4164,1.577,0.16239957511425018,1.636,0.5592,200.94,0
6.4177,1.659,0.16485296189785004,1.724,0.5707,200.837,0
6.4191,1.736,0.16659721732139587,1.805,0.5814,200.762,0
6.4204,1.824,0.16780610382556915,1.895,0.5936,200.67,0
6.4217,1.906,0.169878289103508,1.967,0.605,200.558,0
6.4231,1.989,0.17218241095542908,2.029,0.6165,200.472,0
6.4244,2.082,0.17479848861694336,2.089,0.6294,200.398,0
6.4257,2.17,0.17783254384994507,2.13,0.6416,200.297,0
6.427,2.252,0.1803240031003952,2.161,0.6531,200.162,0
6.4283,2.34,0.1827651560306549,2.185,0.6653,200.052,0
6.4296,2.428,0.18557503819465637,2.196,0.6775,200.028,0
6.4309,2.521,0.1881762593984604,2.2,0.6905,199.86,0
6.4322,2.62,0.1917460560798645,2.19,0.7042,199.81,0
6.4334,2.708,0.19441722333431244,2.176,0.7164,199.675,0
6.4347,2.796,0.19701430201530457,2.157,0.7286,199.54,0
6.436,2.889,0.19954948127269745,2.134,0.7416,199.525,0
6.4372,2.988,0.20203235745429993,2.11,0.7553,199.352,0
6.4385,3.087,0.20361512899398804,2.091,0.769,199.3,0
6.4399,3.186,0.20659224689006805,2.067,0.7828,199.207,0
6.4412,3.285,0.20675373077392578,2.066,0.7965,199.081,0
6.4425,3.378,0.2072422355413437,2.07,0.8095,198.983,0
6.4439,3.483,0.20804816484451294,2.084,0.824,198.899,0
6.4452,3.587,0.20934323966503143,2.107,0.8385,198.758,0
6.4464,3.686,0.21052053570747375,2.143,0.8522,198.657,0
6.4478,3.785,0.21211114525794983,2.189,0.8659,198.583,0
6.4491,3.889,0.21313096582889557,2.257,0.8804,198.488,0
6.4504,3.988,0.21322549879550934,2.34,0.8942,198.378,0
6.4517,4.092,0.21429996192455292,2.436,0.9087,198.327,0
6.453,4.191,0.2151939570903778,2.538,0.9224,198.198,0
6.4542,4.296,0.2171623557806015,2.648,0.9369,198.128,0
6.4556,4.395,0.2191973775625229,2.759,0.9506,198.045,0
6.457,4.515,0.22213201224803925,2.895,0.9674,197.911,0
6.4582,4.62,0.2242794930934906,3.015,0.9819,197.875,0
6.4595,4.724,0.22625954449176788,3.131,0.9964,197.728,0
6.4608,4.834,0.22755929827690125,3.248,0.0117,197.676,0
6.462,4.938,0.22843684256076813,3.349,0.0262,197.626,0
6.4633,5.043,0.2285306304693222,3.437,0.0406,197.563,0
6.4646,5.142,0.2286040186882019,3.503,0.0544,197.513,0
6.4659,5.251,0.2287800908088684,3.55,0.0696,197.449,0
6.4672,5.356,0.22793740034103394,3.575,0.0841,197.348,0
6.4684,5.466,0.22849366068840027,3.562,0.0994,197.27,0
6.47,5.581,0.22869664430618286,3.517,0.1154,197.191,0
6.4713,5.696,0.22975224256515503,3.43,0.1314,197.108,0
6.4725,5.795,0.22965364158153534,3.333,0.1452,196.995,0
6.4739,5.905,0.2291344553232193,3.199,0.1604,196.923,0
6.4751,6.015,0.22927585244178772,3.032,0.1757,196.802,0
6.4765,6.119,0.229127898812294,2.852,0.1902,196.735,0
6.4777,6.224,0.22897495329380035,2.653,0.2047,196.645,0
6.479,6.328,0.22921620309352875,2.436,0.2192,196.57,0
6.4803,6.432,0.2290140837430954,2.212,0.2337,196.503,0
6.4816,6.548,0.22939784824848175,1.952,0.2497,196.359,0
6.4831,6.652,0.22879843413829803,1.723,0.2642,196.276,0
6.4844,6.779,0.22915029525756836,1.445,0.2817,196.154,0
6.4858,6.883,0.22893022000789642,1.229,0.2962,196.071,0
6.4871,6.993,0.22715230286121368,1.027,0.3115,195.944,0
6.4884,7.092,0.22598910331726074,0.861,0.3252,195.837,0
6.4897,7.196,0.2246670424938202,0.707,0.3397,195.775,0
6.4912,7.3,0.22406116127967834,0.575,0.3542,195.612,0
6.4927,7.427,0.22309724986553192,0.452,0.3718,195.494,0
6.4941,7.542,0.22249531745910645,0.376,0.3878,195.344,0
6.4954,7.652,0.2210329920053482,0.343,0.403,195.225,0
6.4966,7.751,0.22054828703403473,0.336,0.4168,195.081,0
6.498,7.85,0.22075700759887695,0.35,0.4305,195.014,0
6.4992,7.96,0.2206462174654007,0.396,0.4458,194.835,0
6.5005,8.058,0.22126823663711548,0.455,0.4595,194.754,0
6.5019,8.163,0.22104312479496002,0.544,0.474,194.617,0
6.5031,8.273,0.22284060716629028,0.644,0.4893,194.494,0
6.5044,8.372,0.22404949367046356,0.749,0.503,194.367,0
6.5058,8.481,0.22522464394569397,0.877,0.5182,194.221,0
6.5072,8.597,0.22576557099819183,1.023,0.5343,194.14,0
6.5085,8.707,0.22602137923240662,1.164,0.5495,193.975,0
6.5101,8.833,0.22737056016921997,1.317,0.5671,193.829,0
6.5117,8.943,0.22789111733436584,1.445,0.5823,193.671,0
6.5132,9.097,0.228022500872612,1.609,0.6037,193.492,0
6.5146,9.201,0.22937141358852386,1.697,0.6182,193.427,0
6.5162,9.322,0.23116447031497955,1.779,0.635,193.298,0
6.5177,9.47,0.23422831296920776,1.846,0.6556,193.088,0
6.519,9.591,0.23701444268226624,1.877,0.6724,192.968,0
6.5203,9.712,0.23930980265140533,1.892,0.6891,192.788,0
6.5216,9.822,0.2417987436056137,1.889,0.7044,192.684,0
6.523,9.932,0.2442520260810852,1.876,0.7197,192.617,0
6.5243,10.069,0.24729503691196442,1.85,0.7387,192.404,0
6.5256,10.184,0.24968266487121582,1.824,0.7548,192.315,0
6.5268,10.3,0.2518918514251709,1.8,0.7708,192.199,0
6.5281,10.415,0.2536357343196869,1.784,0.7868,192.079,0
6.5293,10.53,0.2547740638256073,1.78,0.8028,191.986,0
6.5306,10.646,0.2560974359512329,1.787,0.8188,191.827,0
6.5319,10.767,0.2575767934322357,1.81,0.8356,191.713,0
6.5332,10.893,0.258052796125412,1.861,0.8532,191.602,0
6.5345,11.014,0.25901997089385986,1.927,0.87,191.466,0
6.5357,11.129,0.2601528763771057,2.007,0.886,191.378,0
6.537,11.25,0.26131677627563477,2.111,0.9028,191.263,0
6.5382,11.371,0.26194143295288086,2.234,0.9196,191.144,0
6.5396,11.486,0.26251551508903503,2.365,0.9356,191.042,0
6.5409,11.618,0.26321497559547424,2.524,0.9539,190.883,0
6.5422,11.744,0.2650194764137268,2.675,0.9714,190.817,0
6.5434,11.871,0.2677571475505829,2.817,0.989,190.694,0
6.5447,11.997,0.26961231231689453,2.955,0.0065,190.574,0
6.5459,12.118,0.27099817991256714,3.074,0.0233,190.498,0
6.5474,12.244,0.27215635776519775,3.177,0.0409,190.412,0
6.5487,12.393,0.2722536325454712,3.267,0.0615,190.374,0
6.5501,12.524,0.2719693183898926,3.308,0.0798,190.203,0
6.5518,12.645,0.2716163992881775,3.308,0.0966,190.155,0
6.5531,12.816,0.27129703760147095,3.241,0.1202,190.04,0
6.5544,12.942,0.2722616195678711,3.133,0.1378,189.977,0
6.5558,13.074,0.2727755010128021,2.979,0.1561,189.829,0
6.5571,13.2,0.2719891667366028,2.8,0.1736,189.765,0
6.5584,13.332,0.2716374099254608,2.574,0.1919,189.611,0
6.5597,13.453,0.2703752815723419,2.346,0.2087,189.529,0
6.5609,13.579,0.2701539695262909,2.081,0.2263,189.395,0
6.5622,13.7,0.26953303813934326,1.819,0.243,189.285,0
6.5634,13.821,0.2685557007789612,1.554,0.2598,189.198,0
6.5647,13.942,0.26839935779571533,1.289,0.2766,189.089,0
6.566,14.068,0.2686136066913605,1.021,0.2942,188.977,0
6.5673,14.189,0.26605501770973206,0.801,0.3109,188.884,0
6.5686,14.299,0.26432374119758606,0.619,0.3262,188.729,0
6.57,14.425,0.261812686920166,0.444,0.3438,188.642,0
6.5715,14.557,0.2598978877067566,0.297,0.3621,188.488,0
6.5727,14.683,0.25771111249923706,0.201,0.3796,188.339,0
6.5741,14.81,0.25601327419281006,0.146,0.3972,188.206,0
6.5754,14.93,0.2537326216697693,0.137,0.4139,188.095,0
6.5768,15.046,0.25209981203079224,0.161,0.43,187.91,0
6.5781,15.161,0.25105446577072144,0.214,0.446,187.825,0
6.5793,15.276,0.24919818341732025,0.301,0.462,187.66,0
6.5807,15.386,0.24782250821590424,0.405,0.4773,187.512,0
6.582,15.513,0.24854697287082672,0.534,0.4948,187.411,0
6.5833,15.634,0.24902939796447754,0.674,0.5116,187.241,0
6.5846,15.749,0.2498081922531128,0.816,0.5276,187.128,0
6.5859,15.859,0.2498163878917694,0.959,0.5429,186.98,0
6.5872,15.98,0.25051966309547424,1.111,0.5597,186.852,0
6.5885,16.1,0.2509459853172302,1.257,0.5764,186.731,0
6.5898,16.216,0.25049421191215515,1.391,0.5925,186.574,0
6.591,16.32,0.24880561232566833,1.507,0.607,186.46,0
6.5923,16.436,0.24903814494609833,1.607,0.623,186.303,0
6.5935,16.551,0.24966904520988464,1.687,0.639,186.191,0
6.5948,16.666,0.2500703036785126,1.749,0.655,186.081,0
6.5961,16.782,0.2516060471534729,1.787,0.6711,185.905,0
6.5974,16.902,0.25332900881767273,1.806,0.6878,185.759,0
6.5986,17.018,0.2549189031124115,1.81,0.7039,185.648,0
6.5999,17.133,0.256104975938797,1.805,0.7199,185.519,0
6.6012,17.26,0.259380042552948,1.778,0.7374,185.347,0
6.6024,17.38,0.2615971267223358,1.753,0.7542,185.215,0
6.6037,17.507,0.263869047164917,1.728,0.7718,185.109,0
6.605,17.628,0.265482634305954,1.713,0.7885,184.979,0
6.6062,17.743,0.2663535475730896,1.712,0.8046,184.86,0
6.6075,17.869,0.26727232336997986,1.725,0.8221,184.707,0
6.6088,17.996,0.2674199044704437,1.762,0.8397,184.601,0
6.6102,18.133,0.2679086923599243,1.823,0.8587,184.461,0
6.6115,18.254,0.2681553363800049,1.9,0.8755,184.345,0
6.6127,18.375,0.26870331168174744,1.995,0.8923,184.206,0
6.6141,18.495,0.26918846368789673,2.109,0.9091,184.122,0
6.6154,18.633,0.2702100872993469,2.255,0.9282,183.996,0
6.6166,18.754,0.27023205161094666,2.401,0.9449,183.911,0
6.6179,18.869,0.2701379656791687,2.548,0.961,183.814,0
6.6191,19.001,0.27115941047668457,2.71,0.9793,183.652,0
6.6206,19.122,0.27319830656051636,2.846,0.9961,183.531,0
6.6223,19.297,0.27549001574516296,3.027,0.0205,183.397,0
6.6236,19.446,0.2767556607723236,3.15,0.0411,183.316,0
6.6249,19.578,0.27760523557662964,3.228,0.0594,183.233,0
6.6262,19.709,0.2775056064128876,3.272,0.0777,183.163,0
6.6274,19.825,0.2768506109714508,3.279,0.0937,183.082,0
6.6287,19.957,0.27684518694877625,3.24,0.112,182.973,0
6.63,20.078,0.27694278955459595,3.162,0.1288,182.867,0
6.6313,20.209,0.277225136756897,3.032,0.1471,182.763,0
6.6326,20.341,0.27733808755874634,2.858,0.1654,182.678,0
6.6341,20.468,0.27607765793800354,2.663,0.183,182.556,0
6.6354,20.621,0.2759177088737488,2.376,0.2043,182.441,0
6.6367,20.748,0.2751651406288147,2.119,0.2219,182.331,0
6.638,20.874,0.2742942273616791,1.848,0.2394,182.236,0
6.6392,20.995,0.2730913758277893,1.585,0.2562,182.126,0
6.6404,21.11,0.2727031409740448,1.332,0.2722,182.029,0
6.6417,21.226,0.27202263474464417,1.088,0.2883,181.923,0
6.6429,21.352,0.2702193558216095,0.846,0.3058,181.831,0
6.6442,21.473,0.2687774896621704,0.636,0.3226,181.695,0
6.6455,21.594,0.26709651947021484,0.456,0.3394,181.562,0
6.647,21.72,0.2643250524997711,0.31,0.3569,181.444,0
6.6483,21.857,0.2615649104118347,0.197,0.376,181.309,0
6.6497,21.978,0.25936853885650635,0.138,0.3928,181.182,0
6.651,22.099,0.2569219768047333,0.12,0.4096,181.077,0
6.6522,22.209,0.25522685050964355,0.134,0.4248,180.939,0
6.6535,22.324,0.25443628430366516,0.175,0.4409,180.813,0
6.6548,22.44,0.2520506978034973,0.257,0.4569,180.66,0
6.6562,22.549,0.25029876828193665,0.356,0.4721,180.523,0
6.6574,22.676,0.2492397427558899,0.488,0.4897,180.391,0
6.6587,22.786,0.24944041669368744,0.613,0.5049,180.209,0
6.6599,22.901,0.250499427318573,0.751,0.521,180.103,0
6.6611,23.011,0.251200795173645,0.889,0.5362,179.975,0
6.6624,23.115,0.2506870925426483,1.028,0.5507,179.873,0
6.6636,23.231,0.25102871656417847,1.172,0.5667,179.737,0
6.665,23.346,0.25108906626701355,1.309,0.5828,179.589,0
6.6662,23.461,0.24958905577659607,1.444,0.5988,179.46,0
6.6674,23.577,0.24915677309036255,1.557,0.6148,179.334,0
6.6688,23.687,0.24973085522651672,1.642,0.6301,179.206,0
6.6701,23.813,0.25081533193588257,1.717,0.6476,179.07,0
6.6713,23.928,0.25245678424835205,1.762,0.6636,178.902,0
6.6725,24.038,0.2527664005756378,1.796,0.6789,178.824,0
6.6739,24.159,0.25499746203422546,1.805,0.6957,178.664,0
6.6752,24.28,0.2569974958896637,1.8,0.7125,178.506,0
6.6764,24.401,0.25941330194473267,1.782,0.7292,178.347,0
6.6777,24.527,0.26109328866004944,1.762,0.7468,178.206,0
6.679,24.648,0.2625991404056549,1.741,0.7636,178.092,0
6.6805,24.785,0.26391148567199707,1.723,0.7827,177.959,0
6.6818,24.917,0.2647678554058075,1.719,0.801,177.79,0
6.6831,25.038,0.2657126486301422,1.728,0.8177,177.674,0
6.6844,25.164,0.26625856757164,1.757,0.8353,177.539,0
6.6856,25.28,0.26664963364601135,1.803,0.8513,177.399,0
6.6869,25.4,0.26692962646484375,1.87,0.8681,177.307,0
6.6882,25.532,0.267348974943161,1.967,0.8864,177.167,0
6.6895,25.653,0.26780566573143005,2.075,0.9032,177.041,0
6.6909,25.79,0.2687341868877411,2.215,0.9223,176.916,0
6.6921,25.911,0.26908859610557556,2.356,0.9391,176.838,0
6.6933,26.032,0.2690381705760956,2.507,0.9558,176.734,0
6.6945,26.147,0.26948943734169006,2.652,0.9719,176.604,0
6.6958,26.274,0.2702809274196625,2.806,0.9894,176.531,0
6.6971,26.395,0.27201879024505615,2.938,0.0062,176.389,0
6.6984,26.532,0.2740424871444702,3.069,0.0253,176.31,0
6.6996,26.653,0.27615925669670105,3.159,0.0421,176.179,0
6.7009,26.774,0.2769160568714142,3.23,0.0588,176.112,0
6.7021,26.906,0.2769206464290619,3.275,0.0771,176.023,0
6.7034,27.032,0.2767707407474518,3.279,0.0947,175.893,0
6.7046,27.153,0.27691158652305603,3.242,0.1115,175.852,0
6.7058,27.274,0.27733495831489563,3.163,0.1283,175.757,0
6.707,27.394,0.2774249315261841,3.047,0.1451,175.683,0
6.7082,27.515,0.27791720628738403,2.892,0.1618,175.565,0
6.7095,27.631,0.27725687623023987,2.719,0.1779,175.474,0
6.7107,27.762,0.2772168815135956,2.483,0.1962,175.378,0
6.712,27.889,0.27663958072662354,2.235,0.2137,175.284,0
6.7132,28.01,0.2759599983692169,1.98,0.2305,175.175,0
6.7145,28.13,0.2757025361061096,1.714,0.2473,175.045,0
6.7159,28.268,0.27462759613990784,1.413,0.2664,174.969,0
6.7171,28.389,0.27440616488456726,1.152,0.2831,174.874,0
6.7183,28.51,0.27311208844184875,0.911,0.2999,174.736,0
6.7196,28.63,0.27125081419944763,0.694,0.3167,174.657,0
6.7209,28.751,0.26986727118492126,0.502,0.3335,174.514,0
6.7223,28.872,0.2679849863052368,0.345,0.3503,174.394,0
6.7236,29.004,0.26566603779792786,0.217,0.3686,174.277,0
6.7249,29.125,0.26306581497192383,0.143,0.3854,174.172,0
6.7262,29.246,0.26061370968818665,0.107,0.4022,174.015,0
6.7274,29.355,0.2582258880138397,0.11,0.4174,173.905,0
6.7287,29.476,0.2562599182128906,0.145,0.4342,173.79,0
6.73,29.586,0.2547466456890106,0.206,0.4495,173.66,0
6.7312,29.696,0.25191500782966614,0.3,0.4647,173.535,0
6.7324,29.8,0.24964872002601624,0.408,0.4792,173.403,0
6.7337,29.91,0.24871516227722168,0.53,0.4945,173.26,0
6.735,30.026,0.24842578172683716,0.668,0.5105,173.122,0
6.7362,30.135,0.24873945116996765,0.806,0.5258,173.005,0
6.7375,30.251,0.24883931875228882,0.955,0.5418,172.88,0
6.7388,30.361,0.24887077510356903,1.097,0.557,172.746,0
6.74,30.476,0.24966363608837128,1.236,0.5731,172.609,0
6.7413,30.591,0.2490239292383194,1.373,0.5891,172.479,0
6.7426,30.707,0.24869580566883087,1.495,0.6051,172.379,0
6.7438,30.817,0.24794936180114746,1.599,0.6204,172.212,0
6.7451,30.927,0.24873696267604828,1.677,0.6356,172.08,0
6.7463,31.042,0.24903665482997894,1.744,0.6516,171.968,0
6.7475,31.152,0.24965807795524597,1.788,0.6669,171.802,0
6.7488,31.267,0.24983447790145874,1.82,0.6829,171.696,0
6.7501,31.382,0.25115951895713806,1.83,0.6989,171.573,0
6.7513,31.498,0.2525472640991211,1.827,0.715,171.417,0
6.7526,31.613,0.25452229380607605,1.811,0.731,171.243,0
6.7539,31.734,0.2565346658229828,1.788,0.7478,171.154,0
6.7552,31.855,0.2573452591896057,1.772,0.7646,170.949,0
6.7567,31.998,0.2587841749191284,1.754,0.7844,170.827,0
6.758,32.119,0.2590606212615967,1.754,0.8012,170.702,0
6.7593,32.239,0.2591698467731476,1.768,0.818,170.595,0
6.7606,32.366,0.25942522287368774,1.799,0.8355,170.485,0
6.762,32.481,0.2588832676410675,1.85,0.8515,170.374,0
6.7633,32.607,0.2587589919567108,1.924,0.8691,170.221,0
6.7646,32.728,0.2585536539554596,2.016,0.8859,170.053,0
6.7659,32.855,0.2591889798641205,2.128,0.9034,169.976,0
6.7672,32.975,0.2587248384952545,2.259,0.9202,169.849,0
6.7685,33.096,0.2585787773132324,2.401,0.937,169.766,0
6.7697,33.212,0.2582436800003052,2.546,0.953,169.621,0
6.771,33.333,0.2587232291698456,2.697,0.9698,169.541,0
6.7724,33.448,0.25942733883857727,2.839,0.9858,169.448,0
6.7738,33.58,0.2592802345752716,2.997,0.0041,169.288,0
6.775,33.712,0.26124876737594604,3.126,0.0224,169.206,0
6.7763,33.832,0.2633099853992462,3.221,0.0392,169.093,0
6.7776,33.953,0.2649303376674652,3.291,0.056,169.018,0
6.7789,34.08,0.266384094953537,3.333,0.0735,168.942,0
6.7803,34.206,0.26683473587036133,3.341,0.0911,168.835,0
6.7818,34.354,0.26741525530815125,3.298,0.1117,168.731,0
6.783,34.486,0.2681443691253662,3.208,0.13,168.628,0
6.7843,34.607,0.26885655522346497,3.085,0.1468,168.553,0
6.7856,34.733,0.26892027258872986,2.92,0.1643,168.43,0
6.7869,34.854,0.26897308230400085,2.729,0.1811,168.31,0
6.7882,34.98,0.268724650144577,2.5,0.1987,168.229,0
6.7895,35.101,0.2685193419456482,2.257,0.2155,168.159,0
6.7909,35.233,0.26831722259521484,1.974,0.2338,168.034,0
6.7922,35.365,0.26899099349975586,1.677,0.2521,167.934,0
6.7934,35.486,0.2685326337814331,1.41,0.2689,167.806,0
6.7947,35.607,0.26929324865341187,1.144,0.2856,167.734,0
6.796,35.733,0.2687927484512329,0.891,0.3032,167.648,0
6.7973,35.859,0.26786789298057556,0.664,0.3207,167.526,0
6.7985,35.975,0.2657109200954437,0.492,0.3368,167.426,0
6.7999,36.096,0.26399579644203186,0.341,0.3535,167.344,0
6.8012,36.222,0.26174667477607727,0.225,0.3711,167.132,0
6.8025,36.332,0.2591632306575775,0.162,0.3864,167.046,0
6.8037,36.447,0.256340891122818,0.132,0.4024,166.927,0
6.805,36.562,0.2533183693885803,0.14,0.4184,166.843,0
6.8067,36.672,0.2515416145324707,0.172,0.4337,166.696,0
6.808,36.826,0.2493489384651184,0.264,0.455,166.541,0
6.8093,36.936,0.24628260731697083,0.368,0.4703,166.438,0
6.8108,37.062,0.24521593749523163,0.498,0.4878,166.271,0
6.812,37.172,0.24426738917827606,0.628,0.5031,166.167,0
6.8133,37.282,0.24432258307933807,0.764,0.5183,166.054,0
6.8146,37.392,0.244165301322937,0.906,0.5336,165.933,0
6.8159,37.507,0.24357151985168457,1.06,0.5496,165.776,0
6.8172,37.628,0.24396827816963196,1.211,0.5664,165.613,0
6.8186,37.744,0.24352537095546722,1.352,0.5824,165.504,0
6.8199,37.853,0.24194344878196716,1.482,0.5977,165.34,0
6.8212,37.974,0.24153774976730347,1.601,0.6145,165.215,0
6.8224,38.079,0.24147213995456696,1.686,0.629,165.095,0
6.8237,38.188,0.24211496114730835,1.756,0.6442,164.948,0
6.825,38.298,0.24313651025295258,1.806,0.6595,164.814,0
6.8263,38.414,0.24315203726291656,1.847,0.6755,164.69,0
6.8276,38.529,0.24392761290073395,1.867,0.6915,164.548,0
6.829,38.639,0.24447627365589142,1.874,0.7068,164.433,0
6.8303,38.765,0.2462475746870041,1.863,0.7243,164.291,0
6.8316,38.886,0.2480299174785614,1.844,0.7411,164.126,0
6.8329,39.001,0.2486502081155777,1.829,0.7571,164.017,0
6.8342,39.128,0.2502158582210541,1.809,0.7747,163.857,0
6.8354,39.238,0.2511710524559021,1.799,0.7899,163.726,0
6.8367,39.359,0.25098705291748047,1.805,0.8067,163.61,0
6.838,39.468,0.2510794997215271,1.822,0.822,163.513,0
6.8393,39.584,0.25129202008247375,1.854,0.838,163.348,0
6.8408,39.721,0.2505297064781189,1.921,0.8571,163.197,0
6.842,39.831,0.2499866783618927,1.993,0.8723,163.107,0
6.8433,39.941,0.24998319149017334,2.078,0.8876,162.99,0
6.8445,40.056,0.25023338198661804,2.183,0.9036,162.861,0
6.8458,40.172,0.24941055476665497,2.31,0.9196,162.752,0
6.8471,40.281,0.2493981122970581,2.438,0.9349,162.649,0
6.8485,40.402,0.2494128942489624,2.587,0.9517,162.543,0
6.8497,40.523,0.25048086047172546,2.735,0.9685,162.448,0
6.851,40.638,0.2518306374549866,2.873,0.9845,162.331,0
6.8523,40.754,0.25231704115867615,3.009,0.0005,162.243,0
6.8536,40.875,0.25315120816230774,3.138,0.0173,162.147,0
6.855,40.995,0.2548600733280182,3.241,0.0341,162.042,0
6.8564,41.127,0.25651252269744873,3.327,0.0524,161.959,0
6.8577,41.259,0.2587949335575104,3.373,0.0707,161.836,0
6.859,41.38,0.2607369124889374,3.379,0.0875,161.779,0
6.8603,41.506,0.2618975341320038,3.35,0.105,161.666,0
6.8616,41.633,0.26328468322753906,3.278,0.1226,161.566,0
6.863,41.759,0.264165997505188,3.165,0.1401,161.471,0
6.8643,41.891,0.26492995023727417,3.004,0.1584,161.358,0
6.8655,42.006,0.2643638253211975,2.836,0.1745,161.265,0
6.8668,42.133,0.2645033001899719,2.616,0.192,161.165,0
6.8681,42.253,0.26396995782852173,2.383,0.2088,161.072,0
6.8694,42.38,0.2634298503398895,2.12,0.2263,160.992,0
6.871,42.512,0.2628576457500458,1.833,0.2447,160.878,0
6.8723,42.638,0.2614855468273163,1.559,0.2622,160.778,0
6.8736,42.759,0.26139649748802185,1.294,0.279,160.64,0
6.875,42.885,0.26053473353385925,1.035,0.2965,160.569,0
6.8763,43.011,0.25800344347953796,0.808,0.3141,160.425,0
6.8776,43.127,0.25655412673950195,0.62,0.3301,160.382,0
6.8789,43.242,0.25367987155914307,0.47,0.3461,160.261,0
6.8803,43.363,0.2514657974243164,0.341,0.3629,160.13,0
6.8816,43.478,0.24842453002929688,0.26,0.3789,160.011,0
6.883,43.594,0.24500404298305511,0.217,0.395,159.882,0
6.8843,43.709,0.24208450317382812,0.208,0.411,159.796,0
6.8856,43.819,0.23919729888439178,0.232,0.4262,159.649,0
6.887,43.923,0.23715409636497498,0.279,0.4407,159.584,0
6.8883,44.039,0.2348235696554184,0.36,0.4568,159.439,0
6.8897,44.143,0.23170481622219086,0.462,0.4713,159.373,0
6.891,44.264,0.23027965426445007,0.589,0.488,159.234,0
6.8924,44.374,0.22973975539207458,0.717,0.5033,159.127,0
6.8937,44.484,0.22870397567749023,0.859,0.5186,158.983,0
6.895,44.588,0.22781625390052795,0.999,0.5331,158.907,0
6.8963,44.692,0.2265886515378952,1.143,0.5475,158.738,0
6.8977,44.808,0.22682714462280273,1.289,0.5636,158.599,0
6.8991,44.918,0.2262066751718521,1.426,0.5788,158.478,0
6.9005,45.027,0.22573208808898926,1.552,0.5941,158.357,0
6.9019,45.137,0.2239340990781784,1.673,0.6093,158.26,0
6.9032,45.247,0.22336871922016144,1.771,0.6246,158.105,0
6.9046,45.357,0.2236330509185791,1.847,0.6399,157.962,0
6.906,45.467,0.22378043830394745,1.908,0.6551,157.815,0
6.9074,45.582,0.22447717189788818,1.949,0.6711,157.688,0
6.9087,45.692,0.22457188367843628,1.977,0.6864,157.55,0
6.91,45.797,0.2252320498228073,1.987,0.7009,157.44,0
6.9113,45.901,0.22547349333763123,1.989,0.7154,157.32,0
6.9126,46.011,0.22653497755527496,1.979,0.7307,157.162,0
6.9141,46.121,0.22809414565563202,1.96,0.7459,157.046,0
6.9155,46.247,0.2298925220966339,1.937,0.7635,156.912,0
6.9169,46.362,0.23113833367824554,1.921,0.7795,156.779,0
6.9182,46.472,0.2312159538269043,1.919,0.7947,156.619,0
6.9195,46.582,0.23168842494487762,1.924,0.81,156.505,0
6.921,46.708,0.2315630465745926,1.949,0.8275,156.364,0
6.9224,46.813,0.2311113178730011,1.986,0.842,156.273,0
6.9237,46.934,0.23001126945018768,2.051,0.8588,156.13,0
6.9249,47.038,0.2298613041639328,2.118,0.8733,156.012,0
6.9262,47.142,0.22968564927577972,2.201,0.8878,155.923,0
6.9275,47.241,0.22988179326057434,2.291,0.9016,155.813,0
6.9288,47.357,0.22989989817142487,2.411,0.9176,155.705,0
6.9301,47.461,0.22977109253406525,2.531,0.9321,155.591,0
6.9314,47.571,0.22996684908866882,2.664,0.9473,155.502,0
6.9327,47.681,0.22995534539222717,2.804,0.9626,155.392,0
6.934,47.785,0.23096244037151337,2.931,0.9771,155.313,0
6.9352,47.884,0.23166874051094055,3.05,0.9908,155.212,0
6.9365,47.994,0.23266646265983582,3.173,0.0061,155.131,0
6.9379,48.109,0.2337045967578888,3.289,0.0221,155.059,0
6.9392,48.224,0.23478548228740692,3.385,0.0381,154.963,0
6.9406,48.334,0.23583997786045074,3.455,0.0534,154.858,0
6.942,48.461,0.23858031630516052,3.494,0.0709,154.758,0
6.9432,48.576,0.24018113315105438,3.502,0.0869,154.684,0
6.9446,48.691,0.24191804230213165,3.475,0.103,154.552,0
6.9458,48.807,0.24313931167125702,3.415,0.119,154.485,0
6.947,48.917,0.24409718811511993,3.326,0.1342,154.348,0
6.9483,49.021,0.244131401181221,3.217,0.1487,154.285,0
6.9496,49.136,0.244094118475914,3.065,0.1648,154.233,0
6.9511,49.263,0.24268624186515808,2.872,0.1823,154.107,0
6.9524,49.373,0.24243275821208954,2.673,0.1976,154.015,0
6.9537,49.482,0.2410251945257187,2.461,0.2128,153.961,0
6.955,49.598,0.24037034809589386,2.22,0.2289,153.877,0
6.9564,49.708,0.2397228330373764,1.98,0.2441,153.744,0
6.9577,49.828,0.2376798391342163,1.722,0.2609,153.692,0
6.9589,49.933,0.2369653433561325,1.497,0.2754,153.593,0
6.9602,50.043,0.23741544783115387,1.26,0.2906,153.498,0
6.9615,50.147,0.235719233751297,1.062,0.3051,153.415,0
6.9629,50.262,0.2338784784078598,0.863,0.3212,153.293,0
6.9641,50.367,0.2318558394908905,0.707,0.3357,153.214,0
6.9654,50.471,0.22959862649440765,0.577,0.3502,153.141,0
6.9666,50.565,0.22722026705741882,0.485,0.3631,153.049,0
6.9679,50.663,0.22410203516483307,0.417,0.3769,152.944,0
6.9692,50.762,0.22078697383403778,0.376,0.3906,152.898,0
6.9705,50.856,0.21716800332069397,0.365,0.4036,152.77,0
6.9719,50.96,0.21407034993171692,0.375,0.4181,152.698,0
6.9733,51.064,0.21117928624153137,0.412,0.4326,152.568,0
6.9746,51.158,0.2086043506860733,0.467,0.4455,152.518,0
6.9759,51.251,0.20592859387397766,0.542,0.4585,152.381,0
6.9772,51.339,0.20277690887451172,0.632,0.4707,152.316,0
6.9785,51.438,0.20096524059772491,0.738,0.4844,152.184,0
6.9799,51.531,0.19988226890563965,0.847,0.4974,152.114,0
6.9811,51.625,0.1987561583518982,0.965,0.5104,152.019,0
6.9824,51.713,0.19844505190849304,1.078,0.5226,151.923,0
6.9837,51.801,0.19697824120521545,1.201,0.5348,151.837,0
6.9849,51.883,0.19548287987709045,1.317,0.5462,151.727,0
6.9862,51.971,0.19485677778720856,1.434,0.5584,151.627,0
6.9875,52.064,0.1946139931678772,1.552,0.5714,151.502,0
6.9889,52.158,0.19363614916801453,1.667,0.5844,151.445,0
6.9903,52.251,0.19279269874095917,1.774,0.5974,151.308,0
6.9915,52.344,0.19208823144435883,1.87,0.6103,151.19,0
6.9928,52.432,0.19138364493846893,1.951,0.6225,151.082,0
6.9941,52.52,0.19154952466487885,2.015,0.6347,150.981,0
6.9954,52.608,0.19163696467876434,2.07,0.6469,150.824,0
6.9967,52.701,0.19181901216506958,2.115,0.6599,150.78,0
6.9981,52.789,0.19247648119926453,2.144,0.6721,150.652,0
6.9993,52.877,0.19209496676921844,2.169,0.6843,150.534,0
7.0006,52.965,0.19291813671588898,2.178,0.6965,150.426,0
7.002,53.058,0.1934322565793991,2.181,0.7095,150.328,0
7.0032,53.152,0.19411823153495789,2.176,0.7225,150.205,0
7.0045,53.245,0.19505800306797028,2.165,0.7354,150.105,0
7.0059,53.339,0.1956356316804886,2.153,0.7484,149.997,0
7.0073,53.438,0.19598160684108734,2.141,0.7621,149.897,0
7.0086,53.531,0.19659633934497833,2.13,0.7751,149.778,0
7.0099,53.624,0.1972409188747406,2.122,0.7881,149.665,0
7.0112,53.718,0.19726307690143585,2.125,0.8011,149.562,0
7.0124,53.806,0.19717082381248474,2.134,0.8133,149.467,0
7.0138,53.893,0.19660188257694244,2.155,0.8255,149.352,0
7.0152,53.998,0.19597198069095612,2.191,0.84,149.227,0
7.0164,54.086,0.1944025307893753,2.239,0.8522,149.119,0
7.0179,54.174,0.1934634894132614,2.294,0.8644,149.083,0
7.0192,54.272,0.19233515858650208,2.369,0.8781,148.949,0
7.0205,54.366,0.1914132684469223,2.451,0.8911,148.853,0
7.0219,54.454,0.19060476124286652,2.539,0.9033,148.782,0
7.0233,54.542,0.19014012813568115,2.633,0.9155,148.665,0
7.0246,54.635,0.18963374197483063,2.741,0.9285,148.575,0
7.0259,54.723,0.1886376291513443,2.853,0.9407,148.473,0
7.0272,54.816,0.1887643188238144,2.969,0.9536,148.398,0
7.0285,54.904,0.18868733942508698,3.081,0.9659,148.323,0
7.0298,54.992,0.18905755877494812,3.191,0.9781,148.256,0
7.0313,55.091,0.18969641625881195,3.31,0.9918,148.166,0
7.0326,55.179,0.19005829095840454,3.412,0.004,148.097,0
7.0339,55.272,0.19118854403495789,3.507,0.017,148.031,0
7.0352,55.36,0.19213785231113434,3.587,0.0292,147.924,0
7.0365,55.453,0.19317561388015747,3.657,0.0421,147.867,0
7.0378,55.541,0.19352269172668457,3.713,0.0544,147.779,0
7.0391,55.635,0.1936800181865692,3.755,0.0673,147.709,0
7.0404,55.723,0.19381988048553467,3.776,0.0795,147.64,0
7.0416,55.811,0.19405809044837952,3.778,0.0917,147.557,0
7.0429,55.898,0.19438327848911285,3.758,0.1039,147.5,0
7.0442,55.992,0.194992333650589,3.713,0.1169,147.412,0
7.0455,56.08,0.195170059800148,3.651,0.1291,147.334,0
7.047,56.179,0.1940995156764984,3.565,0.1429,147.267,0
7.0483,56.272,0.1926833540201187,3.462,0.1558,147.166,0
7.0497,56.365,0.19092565774917603,3.341,0.1688,147.121,0
7.0514,56.481,0.18870128691196442,3.164,0.1848,147.017,0
7.0526,56.569,0.18844959139823914,3.004,0.197,146.923,0
7.054,56.651,0.18735069036483765,2.848,0.2085,146.898,0
7.0554,56.739,0.18584346771240234,2.674,0.2207,146.814,0
7.0568,56.838,0.1843068152666092,2.468,0.2344,146.742,0
7.0581,56.926,0.1835290938615799,2.277,0.2466,146.676,0
7.0594,57.008,0.18166296184062958,2.104,0.2581,146.622,0
7.0608,57.09,0.18078255653381348,1.926,0.2695,146.506,0
7.062,57.178,0.17973454296588898,1.742,0.2817,146.468,0
7.0633,57.25,0.1783030480146408,1.601,0.2916,146.425,0
7.0646,57.332,0.17559976875782013,1.452,0.3031,146.378,0
7.0659,57.409,0.173304483294487,1.32,0.3138,146.294,0
7.0672,57.491,0.17085865139961243,1.192,0.3252,146.198,0
7.0685,57.563,0.16789531707763672,1.096,0.3351,146.145,0
7.0699,57.64,0.16539540886878967,1.002,0.3458,146.089,0
7.0713,57.722,0.16190612316131592,0.922,0.3572,146.006,0
7.0725,57.788,0.15808400511741638,0.877,0.3664,145.962,0
7.0738,57.854,0.15540561079978943,0.836,0.3755,145.925,0
7.075,57.914,0.15142780542373657,0.819,0.3839,145.87,0
7.0763,57.98,0.1477677822113037,0.806,0.3931,145.792,0
7.0776,58.041,0.1453813761472702,0.8,0.4015,145.772,0
7.079,58.101,0.14263051748275757,0.805,0.4099,145.685,0
7.0804,58.173,0.14054450392723083,0.817,0.4198,145.621,0
7.0817,58.244,0.13790404796600342,0.846,0.4297,145.549,0
7.0831,58.304,0.13575413823127747,0.879,0.4381,145.485,0
7.0844,58.365,0.13338476419448853,0.922,0.4465,145.429,0
7.0856,58.425,0.1317545622587204,0.969,0.4549,145.379,0
7.087,58.48,0.12892404198646545,1.026,0.4625,145.349,0
7.0883,58.535,0.12706169486045837,1.082,0.4702,145.268,0
7.0896,58.596,0.1261526644229889,1.144,0.4785,145.242,0
7.0909,58.656,0.1258530169725418,1.208,0.4869,145.164,0
7.0923,58.716,0.12575028836727142,1.275,0.4953,145.072,0
7.0935,58.771,0.12489237636327744,1.344,0.503,145.036,0
7.0948,58.832,0.12403934448957443,1.422,0.5114,144.969,0
7.0962,58.892,0.12372011691331863,1.5,0.5197,144.925,0
7.0975,58.947,0.12224190682172775,1.58,0.5274,144.872,0
7.0988,59.002,0.12178701907396317,1.654,0.535,144.786,0
7.1001,59.057,0.12145530432462692,1.727,0.5426,144.781,0
7.1014,59.117,0.12133555114269257,1.806,0.551,144.693,0
7.1028,59.172,0.12143252044916153,1.876,0.5587,144.639,0
7.1041,59.233,0.1209782212972641,1.955,0.567,144.532,0
7.1056,59.288,0.12107560783624649,2.021,0.5747,144.451,0
7.1069,59.354,0.12051040679216385,2.102,0.5838,144.381,0
7.1082,59.409,0.12042655050754547,2.163,0.5915,144.358,0
7.1095,59.464,0.12053845077753067,2.221,0.5991,144.249,0
7.1108,59.524,0.12201494723558426,2.271,0.6075,144.186,0
7.1121,59.584,0.12240028381347656,2.324,0.6159,144.133,0
7.1134,59.639,0.12385034561157227,2.362,0.6235,144.056,0
7.1148,59.7,0.1250557154417038,2.4,0.6319,143.989,0
7.1161,59.766,0.1258818507194519,2.439,0.6411,143.879,0
7.1174,59.826,0.12628117203712463,2.472,0.6494,143.849,0
7.1188,59.886,0.125654399394989,2.505,0.6578,143.758,0
7.1201,59.947,0.12559600174427032,2.531,0.6662,143.697,0
7.1215,60.007,0.12554727494716644,2.551,0.6746,143.607,0
7.123,60.073,0.12623704969882965,2.563,0.6838,143.528,0
7.1244,60.139,0.126710906624794,2.572,0.6929,143.443,0
7.1257,60.2,0.12747932970523834,2.574,0.7013,143.37,0
7.127,60.26,0.1275656521320343,2.576,0.7097,143.316,0
7.1283,60.32,0.1265796571969986,2.582,0.7181,143.225,0
7.1296,60.375,0.12580187618732452,2.585,0.7257,143.178,0
7.1309,60.436,0.1266336590051651,2.576,0.7341,143.064,0
7.1321,60.496,0.12642760574817657,2.572,0.7425,143.032,0
7.1334,60.551,0.12632641196250916,2.568,0.7502,142.968,0
7.1347,60.612,0.12637923657894135,2.561,0.7585,142.874,0
7.136,60.667,0.12679004669189453,2.554,0.7662,142.817,0
7.1372,60.727,0.12703105807304382,2.548,0.7746,142.772,0
7.1384,60.782,0.12626825273036957,2.549,0.7822,142.681,0
7.1397,60.837,0.12515263259410858,2.555,0.7898,142.616,0
7.141,60.892,0.12387948483228683,2.564,0.7975,142.561,0
7.1424,60.941,0.12306059896945953,2.571,0.8043,142.495,0
7.1437,61.007,0.12191484123468399,2.586,0.8135,142.443,0
7.145,61.062,0.12138140201568604,2.599,0.8211,142.349,0
7.1463,61.117,0.12035807222127914,2.618,0.8287,142.266,0
7.1475,61.172,0.12030432373285294,2.636,0.8364,142.219,0
7.1488,61.227,0.1193641945719719,2.662,0.844,142.203,0
7.15,61.276,0.11769396811723709,2.695,0.8509,142.133,0
7.1513,61.326,0.11557679623365402,2.733,0.8577,142.087,0
7.1525,61.375,0.11429784446954727,2.77,0.8646,142.034,0
7.1538,61.425,0.11197547614574432,2.816,0.8715,141.966,0
7.1551,61.469,0.1105857789516449,2.857,0.8776,141.883,0
7.1563,61.518,0.11013941466808319,2.898,0.8844,141.842,0
7.1577,61.573,0.11046741902828217,2.943,0.8921,141.799,0
7.159,61.622,0.11088681221008301,2.986,0.8989,141.758,0
7.1602,61.677,0.11065719276666641,3.042,0.9066,141.687,0
7.1616,61.732,0.11011067032814026,3.103,0.9142,141.665,0
7.1629,61.776,0.10869288444519043,3.16,0.9203,141.565,0
7.1643,61.826,0.1065964475274086,3.229,0.9272,141.549,0
7.1655,61.875,0.10510990023612976,3.296,0.934,141.508,0
7.1669,61.919,0.10341872274875641,3.359,0.9401,141.453,0
7.1682,61.968,0.10201873630285263,3.429,0.947,141.43,0
7.1695,62.012,0.10113406926393509,3.49,0.9531,141.373,0
7.1707,62.056,0.10033314675092697,3.55,0.9592,141.335,0
7.172,62.106,0.10031601786613464,3.614,0.9661,141.313,0
7.1733,62.15,0.10078981518745422,3.667,0.9722,141.221,0
7.1746,62.199,0.10133511573076248,3.726,0.979,141.249,0
7.1758,62.243,0.1010982096195221,3.783,0.9851,141.168,0
7.1771,62.287,0.09895598888397217,3.85,0.9912,141.188,0
7.1783,62.331,0.09745635092258453,3.912,0.9973,141.118,0
7.1796,62.369,0.09634976834058762,3.963,0.0027,141.08,0
7.1809,62.413,0.09569237381219864,4.017,0.0088,141.037,0
7.1821,62.457,0.09554584324359894,4.065,0.0149,141.005,0
7.1834,62.501,0.09550561010837555,4.11,0.021,140.939,0
7.1847,62.545,0.09671042859554291,4.145,0.0271,140.913,0
7.186,62.595,0.09728988260030746,4.186,0.034,140.89,0
7.1873,62.639,0.09801620244979858,4.217,0.0401,140.828,0
7.1887,62.682,0.09804802387952805,4.249,0.0462,140.773,0
7.19,62.732,0.0980357751250267,4.28,0.053,140.752,0
7.1913,62.776,0.09645281732082367,4.314,0.0591,140.721,0
7.1925,62.814,0.09350159764289856,4.349,0.0645,140.657,0
7.1938,62.853,0.09115822613239288,4.376,0.0698,140.628,0
7.1951,62.891,0.08846627920866013,4.403,0.0752,140.618,0
7.1964,62.93,0.08678562939167023,4.419,0.0805,140.553,0
7.1977,62.974,0.08651480823755264,4.424,0.0866,140.497,0
7.1989,63.012,0.08674149215221405,4.421,0.0919,140.514,0
7.2002,63.051,0.08753453940153122,4.411,0.0973,140.44,0
7.2017,63.1,0.08939933776855469,4.387,0.1042,140.446,0
7.203,63.138,0.0903281569480896,4.367,0.1095,140.413,0
7.2042,63.188,0.09098902344703674,4.339,0.1164,140.375,0
7.2056,63.226,0.09100236743688583,4.315,0.1217,140.288,0
7.2069,63.27,0.08984049409627914,4.291,0.1278,140.273,0
7.2081,63.309,0.08728136122226715,4.274,0.1331,140.262,0
7.2093,63.342,0.08488554507493973,4.257,0.1377,140.231,0
7.2106,63.375,0.08122700452804565,4.246,0.1423,140.239,0
7.2118,63.402,0.07941512763500214,4.227,0.1461,140.177,0
7.213,63.435,0.07700656354427338,4.202,0.1507,140.15,0
7.2142,63.463,0.07426793873310089,4.184,0.1545,140.132,0
7.2154,63.495,0.07266607135534286,4.15,0.1591,140.084,0
7.2168,63.523,0.07081738114356995,4.123,0.1629,140.072,0
7.218,63.556,0.06944158673286438,4.083,0.1675,140.048,0
7.2193,63.583,0.06851852685213089,4.046,0.1713,140.027,0
7.2205,63.611,0.06811536848545074,4.005,0.1751,140.024,0
7.2221,63.644,0.06805360317230225,3.951,0.1797,140.005,0
7.2234,63.682,0.06830078363418579,3.883,0.185,139.973,0
7.2246,63.715,0.06804129481315613,3.825,0.1896,139.917,0
7.2259,63.743,0.06613542884588242,3.786,0.1934,139.887,0
7.2272,63.77,0.06495386362075806,3.741,0.1972,139.887,0
7.2285,63.798,0.06281667947769165,3.7,0.201,139.864,0
7.2299,63.825,0.059836551547050476,3.662,0.2049,139.841,0
7.2312,63.847,0.0564151369035244,3.636,0.2079,139.833,0
7.2326,63.869,0.052481912076473236,3.612,0.211,139.821,0
7.234,63.891,0.049756575375795364,3.579,0.214,139.786,0
7.2353,63.907,0.04709789156913757,3.555,0.2163,139.773,0
7.2365,63.924,0.0450383797287941,3.527,0.2186,139.753,0
7.2379,63.946,0.043865446001291275,3.483,0.2216,139.754,0
7.2391,63.968,0.04381237551569939,3.436,0.2247,139.775,0
7.2403,63.984,0.04272790998220444,3.403,0.227,139.713,0
7.2418,64.006,0.04188602417707443,3.357,0.23,139.691,0
7.243,64.023,0.04114625230431557,3.322,0.2323,139.692,0
7.2443,64.039,0.04149101674556732,3.285,0.2346,139.672,0
7.2456,64.061,0.04162850230932236,3.237,0.2377,139.675,0
7.247,64.078,0.04149254411458969,3.2,0.24,139.647,0
7.2483,64.105,0.042840614914894104,3.137,0.2438,139.628,0
7.2495,64.122,0.0432828925549984,3.1,0.2461,139.611,0
7.2508,64.144,0.04424458369612694,3.048,0.2491,139.609,0
7.2521,64.166,0.04440135508775711,2.999,0.2522,139.598,0
7.2533,64.182,0.04470883682370186,2.961,0.2545,139.573,0
7.2545,64.204,0.04461921751499176,2.912,0.2575,139.585,0
7.2558,64.226,0.04471104219555855,2.863,0.2606,139.52,0
7.257,64.243,0.04415171593427658,2.828,0.2628,139.516,0
7.2583,64.259,0.04290575534105301,2.795,0.2651,139.508,0
7.2596,64.281,0.041550520807504654,2.749,0.2682,139.52,0
7.2609,64.297,0.03994932398200035,2.715,0.2705,139.475,0
7.2622,64.308,0.037923600524663925,2.691,0.272,139.47,0
7.2634,64.325,0.03513925150036812,2.648,0.2743,139.463,0
7.2648,64.336,0.03251166269183159,2.609,0.2758,139.459,0
7.2661,64.347,0.03013358823955059,2.561,0.2773,139.479,0
7.2674,64.358,0.027360495179891586,2.491,0.2789,139.445,0
7.2686,64.363,0.024580182507634163,2.406,0.2796,139.467,0
7.27,64.369,0.02222445420920849,2.305,0.2804,139.424,0
7.2713,64.38,0.020159374922513962,2.177,0.2819,139.414,0
7.2726,64.385,0.017773590981960297,2.003,0.2827,139.38,0
7.2739,64.391,0.015494011342525482,1.789,0.2834,139.425,0
7.2751,64.391,0.01322496309876442,1.527,0.2834,139.413,0
7.2764,64.396,0.011147759854793549,1.223,0.2842,139.394,0
7.2778,64.396,0.009194090962409973,0.891,0.2842,139.374,0
7.279,64.396,0.006960669532418251,0.448,0.2842,139.404,0
7.2804,64.396,0.004763242322951555,-0.049,0.2842,139.451,0
7.2819,64.396,0.0027710064314305782,-0.541,0.2842,139.42,0
7.2831,64.396,0.0013758604181930423,-0.901,0.2842,139.411,0
7.2844,64.391,-0.0002278447791468352,-1.322,0.2834,139.414,0
7.2857,64.391,-0.0016741667641326785,-1.702,0.2834,139.417,0
7.287,64.385,-0.0032639154233038425,-2.112,0.2827,139.433,0
7.2882,64.385,-0.004949158988893032,-2.526,0.2827,139.404,0
7.2895,64.38,-0.006610222160816193,-2.908,0.2819,139.394,0
7.2908,64.374,-0.00839359313249588,-3.282,0.2812,139.453,0
7.292,64.363,-0.010511564090847969,-3.677,0.2796,139.452,0
7.2933,64.358,-0.012886698357760906,-4.042,0.2789,139.421,0
7.2945,64.347,-0.015560682862997055,-4.372,0.2773,139.477,0
7.2959,64.33,-0.019397135823965073,-4.714,0.2751,139.433,0
7.2973,64.314,-0.023884061723947525,-4.961,0.2728,139.496,0
7.2987,64.292,-0.029070304706692696,-5.123,0.2697,139.522,0
7.3,64.27,-0.034526318311691284,-5.206,0.2667,139.515,0
7.3012,64.248,-0.03965336084365845,-5.244,0.2636,139.584,0
7.3026,64.221,-0.043914344161748886,-5.268,0.2598,139.566,0
7.304,64.193,-0.04834703728556633,-5.281,0.256,139.581,0
7.3053,64.16,-0.052309710532426834,-5.292,0.2514,139.643,0
7.3066,64.133,-0.05619640648365021,-5.294,0.2476,139.653,0
7.3079,64.1,-0.059790391474962234,-5.296,0.243,139.645,0
7.3093,64.061,-0.0635385662317276,-5.294,0.2377,139.682,0
7.3106,64.028,-0.06564392149448395,-5.294,0.2331,139.712,0
7.312,63.995,-0.06641950458288193,-5.296,0.2285,139.75,0
7.3133,63.962,-0.06562413275241852,-5.303,0.2239,139.76,0
7.3145,63.935,-0.06481274217367172,-5.306,0.2201,139.813,0
7.3159,63.907,-0.06462591141462326,-5.303,0.2163,139.85,0
7.3172,63.875,-0.06482609361410141,-5.292,0.2117,139.847,0
7.3184,63.847,-0.06566693633794785,-5.275,0.2079,139.89,0
7.3197,63.809,-0.06827474385499954,-5.239,0.2026,139.864,0
7.321,63.776,-0.07163844257593155,-5.195,0.198,139.934,0
7.3224,63.737,-0.07491759955883026,-5.143,0.1927,139.956,0
7.3237,63.688,-0.07908981293439865,-5.068,0.1858,140.012,0
7.325,63.649,-0.08255261927843094,-5.001,0.1805,140.02,0
7.3263,63.605,-0.08610913157463074,-4.921,0.1743,140.073,0
7.3276,63.561,-0.08786867558956146,-4.845,0.1682,140.136,0
7.329,63.517,-0.08927920460700989,-4.764,0.1621,140.148,0
7.3304,63.474,-0.08911367505788803,-4.687,0.156,140.181,0
7.3317,63.43,-0.08799663186073303,-4.609,0.1499,140.202,0
7.3331,63.391,-0.08650416880846024,-4.54,0.1446,140.241,0
7.3343,63.347,-0.08637667447328568,-4.447,0.1385,140.255,0
7.3356,63.309,-0.0868559330701828,-4.359,0.1331,140.313,0
7.337,63.265,-0.0877048671245575,-4.252,0.127,140.362,0
7.3382,63.226,-0.08783647418022156,-4.159,0.1217,140.356,0
7.3396,63.182,-0.08917155861854553,-4.044,0.1156,140.401,0
7.341,63.133,-0.09017615765333176,-3.913,0.1087,140.442,0
7.3423,63.089,-0.09042811393737793,-3.799,0.1026,140.496,0
7.3436,63.051,-0.09029870480298996,-3.7,0.0973,140.547,0
7.3448,63.012,-0.08946184068918228,-3.604,0.0919,140.544,0
7.3461,62.974,-0.08799219876527786,-3.512,0.0866,140.598,0
7.3474,62.935,-0.08471278846263885,-3.43,0.0813,140.633,0
7.3488,62.902,-0.08106549829244614,-3.366,0.0767,140.65,0
7.35,62.869,-0.07788949459791183,-3.299,0.0721,140.674,0
7.3513,62.836,-0.07457006722688675,-3.233,0.0675,140.677,0
7.3527,62.809,-0.07232355326414108,-3.176,0.0637,140.747,0
7.354,62.776,-0.07093238085508347,-3.1,0.0591,140.739,0
7.3555,62.743,-0.07005468010902405,-3.023,0.0546,140.799,0
7.3569,62.704,-0.0700986310839653,-2.928,0.0492,140.789,0
7.3582,62.666,-0.07074945420026779,-2.832,0.0439,140.837,0
7.3596,62.633,-0.0708467960357666,-2.754,0.0393,140.887,0
7.3609,62.6,-0.07134979218244553,-2.676,0.0347,140.906,0
7.3622,62.567,-0.07163689285516739,-2.602,0.0302,140.927,0
7.3635,62.534,-0.07149089872837067,-2.532,0.0256,141.005,0
7.3648,62.501,-0.07056796550750732,-2.47,0.021,141.011,0
7.3661,62.468,-0.06870116293430328,-2.415,0.0164,141.031,0
7.3674,62.441,-0.06755919754505157,-2.369,0.0126,141.041,0
7.3687,62.408,-0.06546282768249512,-2.321,0.008,141.062,0
7.37,62.386,-0.06407864391803741,-2.291,0.005,141.09,0
7.3713,62.358,-0.06266874074935913,-2.253,0.0012,141.075,0
7.3726,62.331,-0.061320602893829346,-2.216,0.9973,141.145,0
7.374,62.298,-0.06103430315852165,-2.168,0.9928,141.157,0
7.3752,62.271,-0.06060347333550453,-2.131,0.989,141.189,0
7.3765,62.243,-0.06036999449133873,-2.096,0.9851,141.213,0
7.3779,62.216,-0.061391543596982956,-2.055,0.9813,141.218,0
7.3792,62.183,-0.06268611550331116,-2.009,0.9767,141.252,0
7.3806,62.15,-0.06349959969520569,-1.97,0.9722,141.273,0
7.3822,62.111,-0.06379673629999161,-1.931,0.9668,141.308,0
7.3835,62.084,-0.06415312737226486,-1.906,0.963,141.339,0
7.3847,62.051,-0.0640714094042778,-1.882,0.9584,141.359,0
7.386,62.023,-0.06348435580730438,-1.867,0.9546,141.324,0
7.3873,61.996,-0.061798322945833206,-1.861,0.9508,141.428,0
7.3887,61.974,-0.06093581020832062,-1.856,0.9478,141.43,0
7.39,61.941,-0.0590420663356781,-1.853,0.9432,141.416,0
7.3912,61.919,-0.057044561952352524,-1.857,0.9401,141.474,0
7.3925,61.897,-0.0556381531059742,-1.859,0.9371,141.483,0
7.3939,61.875,-0.053734805434942245,-1.866,0.934,141.492,0
7.3952,61.853,-0.05172891542315483,-1.873,0.931,141.528,0
7.3965,61.826,-0.050609733909368515,-1.878,0.9272,141.558,0
7.3981,61.804,-0.049359798431396484,-1.884,0.9241,141.54,0
7.3993,61.782,-0.04845681041479111,-1.89,0.9211,141.582,0
7.4006,61.76,-0.04864933341741562,-1.892,0.918,141.597,0
7.402,61.732,-0.0495523139834404,-1.893,0.9142,141.638,0
7.4033,61.71,-0.05030696094036102,-1.895,0.9111,141.65,0
7.4046,61.683,-0.051590580493211746,-1.897,0.9073,141.655,0
7.406,61.655,-0.0531630739569664,-1.9,0.9035,141.704,0
7.4074,61.622,-0.05561962351202965,-1.901,0.8989,141.735,0
7.4088,61.595,-0.05735352262854576,-1.906,0.8951,141.775,0
7.4101,61.562,-0.058745548129081726,-1.917,0.8905,141.795,0
7.4114,61.534,-0.06058560311794281,-1.924,0.8867,141.857,0
7.4127,61.501,-0.0619218572974205,-1.939,0.8821,141.865,0
7.4141,61.474,-0.06273393332958221,-1.955,0.8783,141.912,0
7.4155,61.441,-0.06261077523231506,-1.982,0.8737,141.886,0
7.4167,61.414,-0.06245051324367523,-2.005,0.8699,141.925,0
7.4181,61.381,-0.06254429370164871,-2.033,0.8654,141.951,0
7.4194,61.348,-0.06278633326292038,-2.061,0.8608,142.002,0
7.4207,61.32,-0.06368453800678253,-2.081,0.857,142.052,0
7.4224,61.282,-0.06463771313428879,-2.112,0.8516,142.105,0
7.4238,61.243,-0.06722642481327057,-2.134,0.8463,142.087,0
7.425,61.205,-0.06959543377161026,-2.158,0.8409,142.147,0
7.4263,61.172,-0.0720706507563591,-2.176,0.8364,142.255,0
7.4277,61.133,-0.07542424649000168,-2.194,0.831,142.252,0
7.429,61.095,-0.07815174013376236,-2.216,0.8257,142.275,0
7.4304,61.051,-0.08185077458620071,-2.237,0.8196,142.327,0
7.4319,61.002,-0.08526962995529175,-2.263,0.8127,142.398,0
7.4332,60.952,-0.08839128166437149,-2.289,0.8058,142.444,0
7.4346,60.903,-0.09057933837175369,-2.318,0.799,142.474,0
7.4359,60.859,-0.09234409779310226,-2.343,0.7929,142.552,0
7.4373,60.809,-0.09470412135124207,-2.365,0.786,142.65,0
7.4386,60.76,-0.09655380994081497,-2.386,0.7791,142.663,0
7.44,60.71,-0.09829696267843246,-2.404,0.7723,142.762,0
7.4413,60.656,-0.10166145116090775,-2.411,0.7646,142.811,0
7.4427,60.601,-0.10578858852386475,-2.406,0.757,142.854,0
7.444,60.546,-0.10919494181871414,-2.4,0.7494,142.895,0
7.4454,60.48,-0.11307413130998611,-2.385,0.7402,142.996,0
7.4468,60.419,-0.11706312745809555,-2.36,0.7318,143.053,0
7.4481,60.359,-0.11961652338504791,-2.336,0.7234,143.136,0
7.4494,60.298,-0.1228778213262558,-2.299,0.7151,143.21,0
7.4507,60.233,-0.12595254182815552,-2.253,0.7059,143.239,0
7.4523,60.156,-0.12830808758735657,-2.194,0.6952,143.335,0
7.4536,60.09,-0.130978062748909,-2.131,0.6861,143.447,0
7.4549,60.029,-0.13413576781749725,-2.062,0.6777,143.537,0
7.4563,59.958,-0.13743671774864197,-1.976,0.6678,143.624,0
7.4576,59.886,-0.14059050381183624,-1.883,0.6578,143.716,0
7.459,59.815,-0.14323602616786957,-1.787,0.6479,143.827,0
7.4602,59.744,-0.14575953781604767,-1.689,0.638,143.93,0
7.4615,59.672,-0.14813730120658875,-1.589,0.6281,143.931,0
7.4627,59.601,-0.15092942118644714,-1.485,0.6182,144.072,0
7.4641,59.529,-0.153282031416893,-1.386,0.6082,144.204,0
7.4654,59.447,-0.15590998530387878,-1.276,0.5968,144.248,0
7.4667,59.37,-0.1574678272008896,-1.185,0.5861,144.368,0
7.4679,59.299,-0.1593773066997528,-1.105,0.5762,144.454,0
7.4692,59.227,-0.16096007823944092,-1.036,0.5663,144.548,0
7.4704,59.15,-0.16248691082000732,-0.975,0.5556,144.624,0
7.4718,59.073,-0.1644262969493866,-0.926,0.5449,144.715,0
7.4731,58.991,-0.16560718417167664,-0.896,0.5335,144.868,0
7.4743,58.914,-0.167403906583786,-0.882,0.5228,144.908,0
7.4755,58.832,-0.1695953756570816,-0.886,0.5114,145.006,0
7.4769,58.755,-0.1714373379945755,-0.911,0.5007,145.095,0
7.4782,58.672,-0.17293545603752136,-0.963,0.4892,145.183,0
7.4794,58.59,-0.17390306293964386,-1.042,0.4778,145.274,0
7.4807,58.508,-0.175285205245018,-1.141,0.4663,145.338,0
7.4819,58.431,-0.17555944621562958,-1.259,0.4557,145.424,0
7.4834,58.348,-0.17589691281318665,-1.406,0.4442,145.51,0
7.4848,58.255,-0.17644979059696198,-1.595,0.4312,145.599,0
7.486,58.167,-0.17684145271778107,-1.793,0.419,145.706,0
7.4873,58.09,-0.17747868597507477,-1.979,0.4084,145.781,0
7.4887,58.008,-0.1774376481771469,-2.194,0.3969,145.791,0
7.4899,57.92,-0.17770539224147797,-2.431,0.3847,145.918,0
7.4911,57.838,-0.17794263362884521,-2.658,0.3733,145.992,0
7.4924,57.755,-0.17885881662368774,-2.884,0.3618,146.048,0
7.4937,57.673,-0.18072737753391266,-3.102,0.3504,146.124,0
7.495,57.585,-0.1828474998474121,-3.329,0.3382,146.201,0
7.4962,57.502,-0.1859937310218811,-3.525,0.3267,146.266,0
7.4975,57.415,-0.1875746101140976,-3.731,0.3145,146.354,0
7.4989,57.321,-0.1901163011789322,-3.926,0.3015,146.461,0
7.5002,57.228,-0.19260120391845703,-4.096,0.2886,146.539,0
7.5014,57.134,-0.19511757791042328,-4.238,0.2756,146.604,0
7.5027,57.036,-0.19865046441555023,-4.348,0.2619,146.692,0
7.504,56.942,-0.20155765116214752,-4.42,0.2489,146.762,0
7.5053,56.843,-0.2049715518951416,-4.454,0.2352,146.866,0
7.5065,56.739,-0.20804844796657562,-4.449,0.2207,146.937,0
7.5078,56.64,-0.21007369458675385,-4.407,0.2069,147.002,0
7.5092,56.536,-0.2125154435634613,-4.317,0.1924,147.075,0
7.5105,56.431,-0.21508947014808655,-4.183,0.1779,147.146,0
7.5117,56.332,-0.21623219549655914,-4.028,0.1642,147.236,0
7.5131,56.228,-0.2176758199930191,-3.828,0.1497,147.325,0
7.5145,56.118,-0.21895140409469604,-3.588,0.1345,147.399,0
7.5159,56.003,-0.22120454907417297,-3.302,0.1184,147.489,0
7.5171,55.898,-0.22334903478622437,-3.026,0.1039,147.606,0
7.5184,55.8,-0.22558240592479706,-2.755,0.0902,147.693,0
7.5197,55.684,-0.22628919780254364,-2.447,0.0742,147.741,0
7.521,55.585,-0.22668048739433289,-2.19,0.0605,147.848,0
7.5225,55.459,-0.22513090074062347,-1.89,0.0429,147.939,0
7.5238,55.355,-0.22406606376171112,-1.661,0.0284,148.073,0
7.5251,55.256,-0.22354507446289062,-1.463,0.0147,148.106,0
7.5263,55.151,-0.22319573163986206,-1.28,0.0002,148.194,0
7.5276,55.052,-0.22294330596923828,-1.135,0.9865,148.319,0
7.529,54.954,-0.2221326380968094,-1.023,0.9727,148.376,0
7.5303,54.844,-0.22172649204730988,-0.932,0.9575,148.436,0
7.5316,54.745,-0.22111888229846954,-0.884,0.9437,148.591,0
7.5328,54.641,-0.21994441747665405,-0.869,0.9292,148.652,0
7.5341,54.547,-0.21752089262008667,-0.89,0.9163,148.74,0
7.5353,54.454,-0.21477219462394714,-0.936,0.9033,148.79,0
7.5367,54.355,-0.2123287469148636,-1.002,0.8896,148.918,0
7.538,54.256,-0.21028131246566772,-1.085,0.8758,148.973,0
7.5393,54.168,-0.2077348530292511,-1.174,0.8636,149.061,0
7.5405,54.075,-0.20533877611160278,-1.276,0.8506,149.163,0
7.5419,53.981,-0.203945592045784,-1.376,0.8377,149.228,0
7.5431,53.888,-0.202903151512146,-1.475,0.8247,149.348,0
7.5444,53.8,-0.20279590785503387,-1.559,0.8125,149.417,0
7.5456,53.707,-0.20243613421916962,-1.644,0.7995,149.553,0
7.547,53.613,-0.2017679363489151,-1.72,0.7866,149.676,0
7.5483,53.514,-0.20207145810127258,-1.78,0.7728,149.778,0
7.5496,53.421,-0.202426016330719,-1.82,0.7599,149.862,0
7.5511,53.322,-0.2033960223197937,-1.839,0.7461,149.973,0
7.5526,53.196,-0.2052185982465744,-1.829,0.7286,150.126,0
7.554,53.091,-0.20704495906829834,-1.792,0.7141,150.256,0
7.5552,52.993,-0.2082405686378479,-1.738,0.7003,150.361,0
7.5568,52.899,-0.2080771028995514,-1.676,0.6874,150.458,0
7.5581,52.778,-0.20942619442939758,-1.564,0.6706,150.643,0
7.5594,52.679,-0.2096279412508011,-1.461,0.6569,150.734,0
7.5608,52.581,-0.21031005680561066,-1.345,0.6431,150.878,0
7.562,52.482,-0.21130582690238953,-1.221,0.6294,150.977,0
7.5633,52.388,-0.2124224454164505,-1.101,0.6164,151.158,0
7.5646,52.289,-0.21376767754554749,-0.977,0.6027,151.239,0
7.5659,52.18,-0.21438735723495483,-0.853,0.5874,151.346,0
7.5672,52.081,-0.21541181206703186,-0.753,0.5737,151.489,0
7.5684,51.982,-0.21654628217220306,-0.67,0.56,151.646,0
7.5697,51.877,-0.2173289954662323,-0.61,0.5455,151.779,0
7.571,51.779,-0.2173883020877838,-0.583,0.5317,151.834,0
7.5722,51.68,-0.21798375248908997,-0.583,0.518,151.973,0
7.5735,51.575,-0.21951043605804443,-0.611,0.5035,152.145,0
7.5749,51.471,-0.2209060937166214,-0.677,0.489,152.208,0
7.5763,51.361,-0.22170062363147736,-0.79,0.4738,152.319,0
7.5776,51.257,-0.2224181890487671,-0.935,0.4593,152.454,0
7.5789,51.152,-0.22201810777187347,-1.121,0.4448,152.534,0
7.5801,51.048,-0.22164691984653473,-1.339,0.4303,152.659,0
7.5814,50.949,-0.22130613029003143,-1.57,0.4165,152.734,0
7.5827,50.845,-0.22028735280036926,-1.839,0.402,152.876,0
7.584,50.751,-0.21956227719783783,-2.093,0.3891,152.946,0
7.5853,50.647,-0.21794840693473816,-2.392,0.3746,153.044,0
7.5866,50.548,-0.21755154430866241,-2.672,0.3608,153.136,0
7.5879,50.444,-0.2182117998600006,-2.957,0.3463,153.213,0
7.5893,50.339,-0.2191234678030014,-3.231,0.3318,153.355,0
7.5906,50.229,-0.22056490182876587,-3.498,0.3166,153.414,0
7.592,50.125,-0.2217196375131607,-3.728,0.3021,153.53,0
7.5933,50.01,-0.22386673092842102,-3.941,0.2861,153.61,0
7.5945,49.9,-0.22744816541671753,-4.094,0.2708,153.729,0
7.5959,49.79,-0.2308545559644699,-4.203,0.2556,153.81,0
7.5972,49.675,-0.2339411824941635,-4.267,0.2395,153.949,0
7.5985,49.559,-0.2380826771259308,-4.27,0.2235,153.96,0
7.5998,49.438,-0.24130059778690338,-4.219,0.2067,154.101,0
7.6011,49.329,-0.2431880384683609,-4.126,0.1915,154.172,0
7.6024,49.208,-0.24508823454380035,-3.971,0.1747,154.247,0
7.6036,49.098,-0.24642345309257507,-3.787,0.1594,154.356,0
7.6049,48.983,-0.24673129618167877,-3.561,0.1434,154.456,0
7.6063,48.867,-0.2488611936569214,-3.291,0.1274,154.529,0
7.6075,48.741,-0.25036317110061646,-2.972,0.1098,154.65,0
7.6089,48.62,-0.25293102860450745,-2.644,0.093,154.749,0
7.6101,48.494,-0.25461629033088684,-2.302,0.0755,154.845,0
7.6114,48.384,-0.25451409816741943,-2.019,0.0602,154.967,0
7.6127,48.263,-0.2549392282962799,-1.72,0.0435,155.025,0
7.614,48.148,-0.25444331765174866,-1.463,0.0274,155.099,0
7.6153,48.027,-0.25437265634536743,-1.223,0.0107,155.216,0
7.6166,47.911,-0.25414586067199707,-1.031,0.9946,155.371,0
7.618,47.791,-0.25388866662979126,-0.873,0.9778,155.43,0
7.6193,47.664,-0.2550351023674011,-0.747,0.9603,155.537,0
7.6205,47.549,-0.25521668791770935,-0.681,0.9443,155.639,0
7.6219,47.433,-0.2542160153388977,-0.663,0.9283,155.732,0
7.6232,47.313,-0.2528398334980011,-0.687,0.9115,155.83,0
7.6245,47.203,-0.2509225308895111,-0.743,0.8962,155.908,0
7.6259,47.076,-0.24867013096809387,-0.839,0.8787,156.055,0
7.6272,46.961,-0.24640648066997528,-0.949,0.8626,156.141,0
7.6285,46.851,-0.24429957568645477,-1.065,0.8474,156.24,0
7.6299,46.736,-0.24236924946308136,-1.191,0.8314,156.363,0
7.6313,46.615,-0.24169108271598816,-1.312,0.8146,156.498,0
7.6328,46.478,-0.24141299724578857,-1.433,0.7955,156.613,0
7.6341,46.368,-0.2410680502653122,-1.514,0.7802,156.775,0
7.6357,46.258,-0.24099111557006836,-1.574,0.765,156.873,0
7.6371,46.11,-0.24285902082920074,-1.604,0.7444,157.08,0
7.6385,45.989,-0.2450624406337738,-1.589,0.7276,157.188,0
7.6398,45.862,-0.24658165872097015,-1.543,0.7101,157.337,0
7.6411,45.747,-0.24727565050125122,-1.475,0.694,157.492,0
7.6424,45.632,-0.24796004593372345,-1.381,0.678,157.589,0
7.6437,45.511,-0.24849224090576172,-1.261,0.6612,157.734,0
7.645,45.396,-0.24903883039951324,-1.13,0.6452,157.903,0
7.6463,45.28,-0.24970847368240356,-0.989,0.6292,158.012,0
7.6477,45.159,-0.25107571482658386,-0.835,0.6124,158.204,0
7.6489,45.038,-0.25228673219680786,-0.688,0.5956,158.322,0
7.6503,44.918,-0.25347453355789185,-0.558,0.5788,158.48,0
7.6517,44.791,-0.25398918986320496,-0.452,0.5613,158.65,0
7.6529,44.665,-0.25521647930145264,-0.378,0.5437,158.812,0
7.6542,44.55,-0.2560056746006012,-0.349,0.5277,158.949,0
7.6555,44.434,-0.2570343017578125,-0.36,0.5117,159.058,0
7.6569,44.308,-0.25769490003585815,-0.426,0.4941,159.227,0
7.6581,44.182,-0.2591579556465149,-0.54,0.4766,159.388,0
7.6594,44.061,-0.2602611780166626,-0.702,0.4598,159.462,0
7.6607,43.94,-0.25964483618736267,-0.92,0.443,159.626,0
7.662,43.819,-0.2586902976036072,-1.181,0.4262,159.754,0
7.6633,43.704,-0.2573224902153015,-1.466,0.4102,159.838,0
7.6645,43.594,-0.2555171549320221,-1.763,0.395,159.968,0
7.6657,43.484,-0.2545243501663208,-2.069,0.3797,160.081,0
7.667,43.374,-0.25318390130996704,-2.385,0.3644,160.199,0
7.6682,43.259,-0.25241610407829285,-2.711,0.3484,160.283,0
7.6695,43.149,-0.25224149227142334,-3.008,0.3332,160.426,0
7.6707,43.039,-0.2513381838798523,-3.291,0.3179,160.525,0
7.6721,42.929,-0.25108787417411804,-3.543,0.3026,160.631,0
7.6733,42.797,-0.2519530951976776,-3.794,0.2843,160.732,0
7.6746,42.682,-0.25485509634017944,-3.954,0.2683,160.806,0
7.6759,42.561,-0.257612943649292,-4.068,0.2515,160.942,0
7.6772,42.435,-0.259793758392334,-4.128,0.234,161.038,0
7.6785,42.308,-0.2623971700668335,-4.118,0.2164,161.156,0
7.6797,42.188,-0.2651135325431824,-4.044,0.1996,161.244,0
7.6811,42.072,-0.26671546697616577,-3.924,0.1836,161.355,0
7.6824,41.929,-0.26803308725357056,-3.712,0.1638,161.431,0
7.6837,41.808,-0.2684801518917084,-3.484,0.147,161.54,0
7.6851,41.671,-0.2689071297645569,-3.18,0.1279,161.66,0
7.6863,41.545,-0.2700628936290741,-2.864,0.1104,161.737,0
7.6876,41.418,-0.2713266611099243,-2.53,0.0928,161.848,0
7.689,41.298,-0.27236881852149963,-2.206,0.076,161.932,0
7.6904,41.144,-0.27290162444114685,-1.809,0.0547,162.071,0
7.6917,41.012,-0.2739243805408478,-1.488,0.0364,162.182,0
7.693,40.891,-0.27530327439308167,-1.221,0.0196,162.285,0
7.6942,40.759,-0.27461478114128113,-0.984,0.0013,162.345,0
7.6955,40.638,-0.2741335928440094,-0.809,0.9845,162.454,0
7.6968,40.512,-0.27371349930763245,-0.674,0.9669,162.596,0
7.6981,40.386,-0.2740405797958374,-0.584,0.9494,162.708,0
7.6994,40.265,-0.27274245023727417,-0.555,0.9326,162.794,0
7.7008,40.133,-0.2702026665210724,-0.577,0.9143,162.877,0
7.7021,40.012,-0.2667940557003021,-0.643,0.8975,162.991,0
7.7034,39.886,-0.2639158368110657,-0.74,0.88,163.116,0
7.7047,39.765,-0.26151275634765625,-0.855,0.8632,163.216,0
7.706,39.655,-0.2585598826408386,-0.976,0.8479,163.296,0
7.7073,39.54,-0.25561287999153137,-1.107,0.8319,163.428,0
7.7085,39.424,-0.25395992398262024,-1.229,0.8159,163.547,0
7.7099,39.304,-0.25254541635513306,-1.345,0.7991,163.669,0
7.7111,39.194,-0.25121209025382996,-1.436,0.7838,163.802,0
7.7123,39.084,-0.2501371204853058,-1.507,0.7686,163.931,0
7.7136,38.974,-0.2495245486497879,-1.551,0.7533,164.01,0
7.7149,38.853,-0.25063207745552063,-1.56,0.7365,164.173,0
7.7161,38.738,-0.2519223392009735,-1.537,0.7205,164.297,0
7.7173,38.628,-0.25264912843704224,-1.49,0.7053,164.44,0
7.7186,38.518,-0.2532138228416443,-1.419,0.69,164.522,0
7.7199,38.403,-0.25316447019577026,-1.324,0.674,164.717,0
7.7212,38.287,-0.2526088356971741,-1.212,0.658,164.781,0
7.7224,38.172,-0.25296643376350403,-1.079,0.6419,164.947,0
7.7236,38.062,-0.25287485122680664,-0.948,0.6267,165.091,0
7.7249,37.947,-0.252658486366272,-0.81,0.6107,165.231,0
7.7261,37.831,-0.2535431683063507,-0.673,0.5946,165.384,0
7.7274,37.716,-0.2534767687320709,-0.556,0.5786,165.521,0
7.7287,37.595,-0.2543069124221802,-0.453,0.5618,165.658,0
7.73,37.474,-0.2548968493938446,-0.383,0.545,165.809,0
7.7313,37.359,-0.25529661774635315,-0.354,0.529,165.973,0
7.7325,37.244,-0.2558877170085907,-0.364,0.513,166.151,0
7.7337,37.134,-0.25680530071258545,-0.412,0.4977,166.275,0
7.735,37.018,-0.2578684091567993,-0.506,0.4817,166.371,0
7.7362,36.898,-0.2585420310497284,-0.656,0.4649,166.531,0
7.7375,36.782,-0.25829675793647766,-0.848,0.4489,166.627,0
7.7389,36.667,-0.25824472308158875,-1.078,0.4329,166.774,0
7.7401,36.541,-0.25653648376464844,-1.379,0.4153,166.906,0
7.7414,36.425,-0.2553662955760956,-1.68,0.3993,167.0,0
7.7426,36.315,-0.2527386248111725,-1.993,0.3841,167.117,0
7.7439,36.205,-0.25135549902915955,-2.308,0.3688,167.248,0
7.7452,36.085,-0.25055500864982605,-2.651,0.352,167.347,0
7.7465,35.975,-0.24956151843070984,-2.956,0.3368,167.48,0
7.7477,35.865,-0.24966610968112946,-3.237,0.3215,167.594,0
7.749,35.744,-0.24951766431331635,-3.52,0.3047,167.724,0
7.7503,35.629,-0.25003868341445923,-3.75,0.2887,167.787,0
7.7516,35.513,-0.2515009641647339,-3.93,0.2727,167.942,0
7.7531,35.37,-0.2548414468765259,-4.077,0.2528,168.006,0
7.7544,35.25,-0.2568988800048828,-4.14,0.2361,168.162,0
7.7557,35.129,-0.25882411003112793,-4.143,0.2193,168.224,0
7.757,35.002,-0.26130086183547974,-4.077,0.2017,168.359,0
7.7582,34.882,-0.2625027894973755,-3.961,0.1849,168.426,0
7.7595,34.761,-0.26380789279937744,-3.788,0.1682,168.565,0
7.7607,34.64,-0.2640781104564667,-3.573,0.1514,168.625,0
7.762,34.525,-0.2643018364906311,-3.33,0.1353,168.736,0
7.7632,34.404,-0.26447832584381104,-3.045,0.1186,168.797,0
7.7645,34.283,-0.2652697265148163,-2.734,0.1018,168.893,0
7.7659,34.156,-0.2654968798160553,-2.402,0.0842,169.012,0
7.7671,34.03,-0.2663195729255676,-2.067,0.0667,169.108,0
7.7683,33.909,-0.2675083875656128,-1.756,0.0499,169.207,0
7.7696,33.788,-0.26840952038764954,-1.469,0.0331,169.289,0
7.771,33.668,-0.2695958912372589,-1.209,0.0163,169.385,0
7.7723,33.536,-0.2696944773197174,-0.976,0.998,169.469,0
7.7735,33.409,-0.2685437500476837,-0.807,0.9805,169.572,0
7.7748,33.289,-0.2685469686985016,-0.685,0.9637,169.727,0
7.776,33.173,-0.26799747347831726,-0.615,0.9477,169.813,0
7.7773,33.052,-0.2663295269012451,-0.592,0.9309,169.885,0
7.7785,32.937,-0.2639736235141754,-0.614,0.9149,170.002,0
7.7799,32.822,-0.2604925036430359,-0.676,0.8988,170.095,0
7.7813,32.695,-0.25716632604599,-0.774,0.8813,170.19,0
7.7825,32.58,-0.25397801399230957,-0.886,0.8653,170.256,0
7.7839,32.465,-0.2508133351802826,-1.013,0.8492,170.372,0
7.7852,32.349,-0.2478758543729782,-1.144,0.8332,170.497,0
7.7864,32.239,-0.24620716273784637,-1.262,0.818,170.6,0
7.7877,32.13,-0.24450039863586426,-1.372,0.8027,170.716,0
7.789,32.025,-0.24282066524028778,-1.465,0.7882,170.866,0
7.7902,31.915,-0.2413320690393448,-1.544,0.7729,170.962,0
7.7916,31.811,-0.24033096432685852,-1.596,0.7585,171.042,0
7.7928,31.696,-0.24078369140625,-1.618,0.7424,171.19,0
7.7941,31.58,-0.24161706864833832,-1.608,0.7264,171.308,0
7.7954,31.47,-0.24258840084075928,-1.57,0.7112,171.448,0
7.7967,31.349,-0.24230214953422546,-1.506,0.6944,171.569,0
7.798,31.24,-0.24260906875133514,-1.42,0.6791,171.722,0
7.7994,31.124,-0.2422938346862793,-1.312,0.6631,171.816,0
7.8008,31.009,-0.24196240305900574,-1.188,0.6471,171.962,0
7.8022,30.883,-0.2418506145477295,-1.039,0.6295,172.101,0
7.8034,30.767,-0.24147118628025055,-0.902,0.6135,172.244,0
7.8047,30.657,-0.2415025234222412,-0.774,0.5982,172.396,0
7.8061,30.547,-0.24195320904254913,-0.656,0.583,172.527,0
7.8075,30.427,-0.24152491986751556,-0.552,0.5662,172.722,0
7.8089,30.3,-0.24205173552036285,-0.471,0.5486,172.869,0
7.8102,30.19,-0.24153093993663788,-0.44,0.5334,172.962,0
7.8115,30.075,-0.2420814335346222,-0.439,0.5174,173.127,0
7.8128,29.96,-0.2424364984035492,-0.482,0.5013,173.261,0
7.8142,29.85,-0.24256491661071777,-0.566,0.4861,173.376,0
7.8155,29.718,-0.24281476438045502,-0.721,0.4678,173.519,0
7.8168,29.614,-0.24152368307113647,-0.892,0.4533,173.67,0
7.8181,29.504,-0.24019436538219452,-1.109,0.438,173.776,0
7.8195,29.383,-0.23831483721733093,-1.387,0.4212,173.922,0
7.8209,29.268,-0.23709052801132202,-1.679,0.4052,174.067,0
7.8222,29.158,-0.23501570522785187,-1.983,0.39,174.147,0
7.8236,29.048,-0.23289240896701813,-2.3,0.3747,174.278,0
7.8249,28.938,-0.23041480779647827,-2.623,0.3594,174.4,0
7.8262,28.834,-0.22971326112747192,-2.916,0.3449,174.499,0
7.8275,28.724,-0.22927789390087128,-3.211,0.3297,174.618,0
7.8287,28.625,-0.22820425033569336,-3.463,0.3159,174.678,0
7.83,28.521,-0.227675199508667,-3.702,0.3015,174.839,0
7.8312,28.422,-0.22838075459003448,-3.893,0.2877,174.911,0
7.8325,28.317,-0.2287544161081314,-4.061,0.2732,175.0,0
7.8338,28.202,-0.23082441091537476,-4.191,0.2572,175.09,0
7.8351,28.092,-0.2332591712474823,-4.262,0.2419,175.215,0
7.8363,27.982,-0.23582786321640015,-4.283,0.2267,175.294,0
7.8376,27.872,-0.23901177942752838,-4.248,0.2114,175.364,0
7.839,27.757,-0.24079889059066772,-4.166,0.1954,175.485,0
7.8402,27.636,-0.24261100590229034,-4.024,0.1786,175.576,0
7.8415,27.532,-0.24234609305858612,-3.87,0.1641,175.687,0
7.8427,27.422,-0.24299301207065582,-3.664,0.1489,175.75,0
7.844,27.307,-0.24350693821907043,-3.414,0.1328,175.835,0
7.8452,27.197,-0.24485458433628082,-3.145,0.1176,175.906,0
7.8465,27.087,-0.24524688720703125,-2.864,0.1023,176.018,0
7.8479,26.971,-0.24564063549041748,-2.56,0.0863,176.11,0
7.8491,26.851,-0.24553388357162476,-2.244,0.0695,176.214,0
7.8504,26.741,-0.24584606289863586,-1.963,0.0543,176.306,0
7.8517,26.625,-0.24669213593006134,-1.682,0.0382,176.389,0
7.853,26.505,-0.24804946780204773,-1.412,0.0215,176.471,0
7.8544,26.395,-0.2488294541835785,-1.199,0.0062,176.569,0
7.8559,26.263,-0.2490507960319519,-0.992,0.9879,176.674,0
7.8572,26.136,-0.24920745193958282,-0.844,0.9703,176.751,0
7.8585,26.016,-0.24845647811889648,-0.754,0.9536,176.849,0
7.8599,25.9,-0.24627435207366943,-0.72,0.9375,176.956,0
7.8612,25.785,-0.24344778060913086,-0.729,0.9215,177.065,0
7.8625,25.675,-0.24061976373195648,-0.772,0.9062,177.147,0
7.8639,25.571,-0.2376154661178589,-0.841,0.8918,177.23,0
7.8652,25.455,-0.2348887026309967,-0.938,0.8757,177.294,0
7.8665,25.351,-0.23199833929538727,-1.044,0.8612,177.398,0
7.8678,25.247,-0.22879327833652496,-1.163,0.8467,177.502,0
7.8691,25.142,-0.22617411613464355,-1.281,0.8322,177.593,0
7.8704,25.043,-0.22401602566242218,-1.391,0.8185,177.726,0
7.8718,24.939,-0.22264395654201508,-1.495,0.804,177.822,0
7.8731,24.829,-0.22194282710552216,-1.587,0.7888,177.907,0
7.8743,24.736,-0.2202453911304474,-1.659,0.7758,178.049,0
7.8756,24.631,-0.21930615603923798,-1.714,0.7613,178.122,0
7.877,24.532,-0.2188289761543274,-1.745,0.7476,178.216,0
7.8782,24.428,-0.2197822779417038,-1.745,0.7331,178.36,0
7.8795,24.324,-0.22157396376132965,-1.715,0.7186,178.449,0
7.8809,24.214,-0.2224891185760498,-1.664,0.7033,178.565,0
7.8822,24.104,-0.22259442508220673,-1.593,0.688,178.653,0
7.8835,24.005,-0.2225373089313507,-1.51,0.6743,178.833,0
7.8848,23.895,-0.22298026084899902,-1.398,0.6591,178.905,0
7.8861,23.796,-0.22230972349643707,-1.291,0.6453,179.071,0
7.8874,23.692,-0.22223001718521118,-1.168,0.6308,179.161,0
7.8888,23.588,-0.2222413420677185,-1.042,0.6163,179.302,0
7.8902,23.472,-0.22186370193958282,-0.909,0.6003,179.452,0
7.8915,23.368,-0.22172600030899048,-0.797,0.5858,179.539,0
7.8928,23.258,-0.22126545011997223,-0.699,0.5706,179.707,0
7.8942,23.159,-0.2211514115333557,-0.628,0.5568,179.781,0
7.8954,23.055,-0.22122961282730103,-0.578,0.5423,179.937,0
7.8967,22.95,-0.2208043783903122,-0.561,0.5278,180.098,0
7.8981,22.852,-0.22136738896369934,-0.569,0.5141,180.194,0
7.8993,22.742,-0.2215634137392044,-0.619,0.4988,180.344,0
7.9006,22.643,-0.22189228236675262,-0.697,0.4851,180.427,0
7.902,22.544,-0.22183890640735626,-0.811,0.4714,180.569,0
7.9035,22.412,-0.22032909095287323,-1.022,0.4531,180.695,0
7.9049,22.313,-0.2182110697031021,-1.221,0.4393,180.795,0
7.9062,22.214,-0.21579144895076752,-1.449,0.4256,180.894,0
7.9075,22.11,-0.21386420726776123,-1.711,0.4111,181.002,0
7.9088,22.011,-0.21227340400218964,-1.976,0.3974,181.142,0
7.9102,21.912,-0.20931516587734222,-2.262,0.3836,181.256,0
7.9115,21.819,-0.20657309889793396,-2.539,0.3707,181.349,0
7.9129,21.725,-0.20475047826766968,-2.812,0.3577,181.516,0
7.9142,21.632,-0.2034716010093689,-3.078,0.3447,181.578,0
7.9154,21.533,-0.20205560326576233,-3.35,0.331,181.692,0
7.9167,21.445,-0.20087066292762756,-3.578,0.3188,181.773,0
7.918,21.357,-0.19979900121688843,-3.789,0.3066,181.83,0
7.9194,21.264,-0.19942623376846313,-3.986,0.2936,181.964,0
7.9206,21.171,-0.19977863132953644,-4.152,0.2806,182.014,0
7.9221,21.072,-0.20122456550598145,-4.289,0.2669,182.171,0
7.9235,20.951,-0.2043294906616211,-4.396,0.2501,182.223,0
7.9248,20.858,-0.20512786507606506,-4.448,0.2372,182.334,0
7.9261,20.759,-0.20700876414775848,-4.456,0.2234,182.383,0
7.9274,20.66,-0.2089129537343979,-4.423,0.2097,182.491,0
7.9287,20.555,-0.2104116827249527,-4.347,0.1952,182.572,0
7.93,20.457,-0.2110913097858429,-4.239,0.1815,182.657,0
7.9313,20.358,-0.21137107908725739,-4.098,0.1677,182.772,0
7.9327,20.248,-0.2113998532295227,-3.904,0.1525,182.833,0
7.934,20.154,-0.21094796061515808,-3.716,0.1395,182.905,0
7.9352,20.061,-0.21086522936820984,-3.504,0.1265,182.999,0
7.9365,19.968,-0.21126839518547058,-3.274,0.1136,183.061,0
7.9379,19.863,-0.21209117770195007,-3.002,0.0991,183.14,0
7.9392,19.759,-0.21154411137104034,-2.732,0.0846,183.206,0
7.9404,19.666,-0.21052703261375427,-2.493,0.0716,183.28,0
7.9417,19.572,-0.21022143959999084,-2.256,0.0586,183.358,0
7.943,19.479,-0.2100185751914978,-2.027,0.0457,183.457,0
7.9443,19.38,-0.21094386279582977,-1.794,0.0319,183.508,0
7.9456,19.276,-0.21175386011600494,-1.572,0.0174,183.585,0
7.9471,19.177,-0.21228833496570587,-1.387,0.0037,183.675,0
7.9484,19.056,-0.21322962641716003,-1.198,0.9869,183.784,0
7.9497,18.957,-0.21391169726848602,-1.076,0.9732,183.899,0
7.951,18.853,-0.2147548794746399,-0.98,0.9587,183.916,0
7.9523,18.759,-0.21276067197322845,-0.94,0.9457,183.987,0
7.9536,18.66,-0.20985344052314758,-0.932,0.932,184.072,0
7.955,18.572,-0.20707854628562927,-0.949,0.9198,184.133,0
7.9562,18.479,-0.20425069332122803,-0.989,0.9068,184.224,0
7.9576,18.386,-0.20231066644191742,-1.044,0.8938,184.306,0
7.959,18.287,-0.20079758763313293,-1.118,0.8801,184.398,0
7.9602,18.193,-0.1986958235502243,-1.206,0.8671,184.456,0
7.9615,18.111,-0.1962956041097641,-1.296,0.8557,184.556,0
7.9628,18.023,-0.19431032240390778,-1.393,0.8435,184.631,0
7.9641,17.935,-0.192417174577713,-1.491,0.8313,184.68,0
7.9653,17.847,-0.19051356613636017,-1.588,0.8191,184.803,0
7.9667,17.765,-0.18946988880634308,-1.671,0.8076,184.864,0
7.9679,17.677,-0.18911212682724,-1.748,0.7954,184.944,0
7.9692,17.589,-0.18714870512485504,-1.824,0.7832,185.042,0
7.9705,17.507,-0.1868414282798767,-1.875,0.7718,185.094,0
7.9717,17.424,-0.18762962520122528,-1.907,0.7603,185.178,0
7.973,17.336,-0.1879858672618866,-1.929,0.7481,185.321,0
7.9743,17.249,-0.18962064385414124,-1.926,0.7359,185.396,0
7.9755,17.161,-0.1908237636089325,-1.909,0.7237,185.5,0
7.977,17.067,-0.19234029948711395,-1.87,0.7107,185.556,0
7.9784,16.963,-0.19325651228427887,-1.809,0.6962,185.689,0
7.9797,16.87,-0.1939956247806549,-1.737,0.6833,185.8,0
7.981,16.776,-0.19469298422336578,-1.65,0.6703,185.905,0
7.9822,16.694,-0.19449195265769958,-1.567,0.6588,185.981,0
7.9837,16.589,-0.1933499127626419,-1.457,0.6443,186.126,0
7.985,16.507,-0.19324131309986115,-1.36,0.6329,186.204,0
7.9863,16.414,-0.1924491673707962,-1.252,0.6199,186.298,0
7.9875,16.32,-0.19234095513820648,-1.141,0.607,186.429,0
7.989,16.238,-0.19209806621074677,-1.049,0.5955,186.536,0
7.9904,16.133,-0.1904810070991516,-0.951,0.581,186.663,0
7.9916,16.046,-0.1899227350950241,-0.877,0.5688,186.767,0
7.9928,15.963,-0.18992595374584198,-0.818,0.5574,186.865,0
7.9941,15.881,-0.1893276572227478,-0.779,0.5459,186.964,0
7.9953,15.798,-0.18883277475833893,-0.758,0.5345,187.085,0
7.9966,15.71,-0.18816199898719788,-0.757,0.5223,187.186,0
7.9979,15.628,-0.18800689280033112,-0.777,0.5108,187.263,0
7.9991,15.54,-0.18846699595451355,-0.818,0.4986,187.382,0
8.0003,15.458,-0.18768379092216492,-0.888,0.4872,187.464,0
8.0016,15.375,-0.18737812340259552,-0.978,0.4757,187.572,0
8.0029,15.293,-0.18625013530254364,-1.096,0.4643,187.662,0
8.0042,15.205,-0.1848539263010025,-1.247,0.4521,187.76,0
8.0056,15.123,-0.1824827492237091,-1.417,0.4406,187.826,0
8.0069,15.035,-0.18082231283187866,-1.613,0.4284,187.978,0
8.0082,14.958,-0.17830264568328857,-1.807,0.4178,188.048,0
8.0094,14.881,-0.1765117049217224,-2.008,0.4071,188.128,0
8.0107,14.799,-0.17477813363075256,-2.234,0.3956,188.263,0
8.012,14.722,-0.17304053902626038,-2.454,0.3849,188.309,0
8.0133,14.65,-0.17081698775291443,-2.665,0.375,188.399,0
8.0145,14.573,-0.16854149103164673,-2.895,0.3643,188.481,0
8.0159,14.496,-0.16689804196357727,-3.12,0.3537,188.56,0
8.0172,14.42,-0.16576413810253143,-3.338,0.343,188.659,0
8.0186,14.337,-0.16417452692985535,-3.567,0.3315,188.734,0
8.0199,14.266,-0.16289076209068298,-3.756,0.3216,188.85,0
8.0211,14.189,-0.16133692860603333,-3.949,0.3109,188.955,0
8.0226,14.117,-0.16080380976200104,-4.11,0.301,188.997,0
8.0239,14.035,-0.1614600569009781,-4.269,0.2896,189.062,0
8.0253,13.953,-0.16225475072860718,-4.407,0.2781,189.14,0
8.0265,13.876,-0.1643100380897522,-4.505,0.2675,189.224,0
8.0278,13.793,-0.1659725159406662,-4.589,0.256,189.284,0
8.0291,13.716,-0.16761066019535065,-4.642,0.2453,189.349,0
8.0305,13.64,-0.16942138969898224,-4.669,0.2346,189.471,0
8.0319,13.546,-0.17102769017219543,-4.672,0.2217,189.546,0
8.0332,13.458,-0.17282350361347198,-4.639,0.2095,189.574,0
8.0344,13.381,-0.1736089140176773,-4.589,0.1988,189.687,0
8.0357,13.299,-0.17486466467380524,-4.506,0.1873,189.741,0
8.037,13.217,-0.1754453033208847,-4.401,0.1759,189.84,0
8.0383,13.134,-0.17564332485198975,-4.274,0.1645,189.854,0
8.0396,13.057,-0.17488758265972137,-4.142,0.1538,189.958,0
8.041,12.975,-0.17347663640975952,-3.984,0.1423,190.012,0
8.0423,12.892,-0.17257808148860931,-3.807,0.1309,190.068,0
8.0436,12.81,-0.171857088804245,-3.616,0.1194,190.145,0
8.0449,12.728,-0.1732959896326065,-3.401,0.108,190.19,0
8.0462,12.651,-0.17357903718948364,-3.201,0.0973,190.271,0
8.0475,12.568,-0.1735966056585312,-2.984,0.0859,190.363,0
8.0488,12.486,-0.17280220985412598,-2.773,0.0744,190.379,0
8.0502,12.404,-0.17169183492660522,-2.567,0.063,190.459,0
8.0515,12.327,-0.1708904206752777,-2.378,0.0523,190.535,0
8.0528,12.244,-0.17046555876731873,-2.183,0.0409,190.6,0
8.0541,12.162,-0.17101044952869415,-1.995,0.0294,190.647,0
8.0555,12.079,-0.17207251489162445,-1.818,0.018,190.713,0
8.0569,11.992,-0.17244699597358704,-1.652,0.0058,190.771,0
8.0582,11.909,-0.17351239919662476,-1.512,0.9943,190.836,0
8.0594,11.821,-0.1745084524154663,-1.385,0.9821,190.902,0
8.0607,11.744,-0.17552869021892548,-1.293,0.9714,190.958,0
8.062,11.667,-0.17625905573368073,-1.222,0.9608,191.027,0
8.0632,11.585,-0.17549334466457367,-1.175,0.9493,191.075,0
8.0646,11.508,-0.17406977713108063,-1.155,0.9386,191.134,0
8.066,11.42,-0.17171929776668549,-1.158,0.9264,191.183,0
8.0673,11.343,-0.16854935884475708,-1.185,0.9157,191.234,0
8.0686,11.272,-0.1659519523382187,-1.221,0.9058,191.326,0
8.0698,11.201,-0.16397430002689362,-1.266,0.8959,191.393,0
8.0711,11.129,-0.16225600242614746,-1.32,0.886,191.442,0
8.0724,11.052,-0.1608971357345581,-1.384,0.8753,191.524,0
8.0739,10.97,-0.1582210808992386,-1.47,0.8639,191.594,0
8.0752,10.898,-0.15648582577705383,-1.546,0.8539,191.658,0
8.0764,10.833,-0.15412862598896027,-1.624,0.8448,191.693,0
8.0777,10.767,-0.15179811418056488,-1.704,0.8356,191.756,0
8.079,10.701,-0.15078240633010864,-1.775,0.8265,191.818,0
8.0804,10.635,-0.15009543299674988,-1.843,0.8173,191.876,0
8.0817,10.558,-0.1487705111503601,-1.921,0.8066,191.976,0
8.0829,10.492,-0.14819423854351044,-1.981,0.7975,192.048,0
8.0842,10.426,-0.1474030315876007,-2.037,0.7883,192.119,0
8.0855,10.36,-0.14628468453884125,-2.088,0.7792,192.157,0
8.0868,10.289,-0.14594261348247528,-2.13,0.7693,192.203,0
8.0881,10.223,-0.14639340341091156,-2.155,0.7601,192.281,0
8.0894,10.151,-0.14719638228416443,-2.171,0.7502,192.339,0
8.0908,10.08,-0.14867380261421204,-2.171,0.7403,192.426,0
8.0921,10.009,-0.14951561391353607,-2.165,0.7303,192.536,0
8.0933,9.937,-0.15124750137329102,-2.141,0.7204,192.563,0
8.0946,9.866,-0.1519521325826645,-2.112,0.7105,192.632,0
8.0959,9.794,-0.15286706387996674,-2.071,0.7006,192.713,0
8.0973,9.723,-0.15391819179058075,-2.018,0.6907,192.767,0
8.0987,9.641,-0.1547597348690033,-1.948,0.6792,192.914,0
8.1,9.564,-0.1558735966682434,-1.871,0.6685,193.022,0
8.1012,9.492,-0.15592829883098602,-1.797,0.6586,193.039,0
8.1025,9.426,-0.15535882115364075,-1.728,0.6495,193.134,0
8.104,9.338,-0.15519048273563385,-1.626,0.6373,193.255,0
8.1053,9.272,-0.15414293110370636,-1.553,0.6281,193.291,0
8.1065,9.201,-0.15349926054477692,-1.47,0.6182,193.392,0
8.1078,9.13,-0.15307508409023285,-1.388,0.6083,193.475,0
8.109,9.069,-0.1522810161113739,-1.323,0.5999,193.552,0
8.1103,9.003,-0.15161381661891937,-1.254,0.5907,193.605,0
8.1115,8.932,-0.1507178694009781,-1.188,0.5808,193.689,0
8.1128,8.86,-0.1499691605567932,-1.129,0.5709,193.758,0
8.1141,8.8,-0.14898113906383514,-1.088,0.5625,193.816,0
8.1153,8.729,-0.14856235682964325,-1.046,0.5526,193.927,0
8.1166,8.663,-0.1479753851890564,-1.02,0.5434,194.041,0
8.1179,8.597,-0.1469753086566925,-1.008,0.5343,194.096,0
8.1193,8.531,-0.14634846150875092,-1.007,0.5251,194.19,0
8.1205,8.459,-0.14595986902713776,-1.019,0.5152,194.218,0
8.1218,8.394,-0.14556393027305603,-1.046,0.506,194.329,0
8.1231,8.328,-0.1454252153635025,-1.085,0.4969,194.429,0
8.1245,8.256,-0.14565423130989075,-1.142,0.487,194.535,0
8.1257,8.19,-0.14583590626716614,-1.21,0.4778,194.588,0
8.127,8.124,-0.1449456512928009,-1.299,0.4687,194.694,0
8.1283,8.058,-0.14426182210445404,-1.401,0.4595,194.745,0
8.1296,7.993,-0.14328202605247498,-1.519,0.4503,194.802,0
8.131,7.927,-0.14144764840602875,-1.655,0.4412,194.896,0
8.1323,7.861,-0.1399158090353012,-1.801,0.432,194.962,0
8.1338,7.789,-0.13836579024791718,-1.972,0.4221,195.044,0
8.1351,7.729,-0.1358492523431778,-2.132,0.4137,195.111,0
8.1363,7.668,-0.13413633406162262,-2.295,0.4053,195.204,0
8.1376,7.608,-0.13232751190662384,-2.464,0.3969,195.231,0
8.139,7.548,-0.13045789301395416,-2.638,0.3885,195.31,0
8.1403,7.493,-0.1282513439655304,-2.803,0.3809,195.382,0
8.1415,7.438,-0.12636776268482208,-2.967,0.3733,195.503,0
8.1429,7.377,-0.12427494674921036,-3.149,0.3649,195.551,0
8.1442,7.322,-0.12328442186117172,-3.309,0.3573,195.617,0
8.1455,7.267,-0.12238596379756927,-3.467,0.3496,195.646,0
8.1468,7.207,-0.12137690931558609,-3.638,0.3412,195.722,0
8.1482,7.152,-0.12143690139055252,-3.784,0.3336,195.801,0
8.1494,7.097,-0.12067043781280518,-3.93,0.326,195.903,0
8.1508,7.042,-0.12065929919481277,-4.067,0.3184,195.906,0
8.1521,6.982,-0.1205371767282486,-4.21,0.31,195.976,0
8.1533,6.932,-0.11917714774608612,-4.327,0.3031,196.057,0
8.1546,6.877,-0.1185377687215805,-4.445,0.2955,196.1,0
8.1559,6.823,-0.11846932023763657,-4.55,0.2878,196.12,0
8.1572,6.768,-0.1190999448299408,-4.641,0.2802,196.216,0
8.1585,6.713,-0.12049486488103867,-4.717,0.2726,196.269,0
8.1598,6.652,-0.12176648527383804,-4.79,0.2642,196.338,0
8.161,6.592,-0.1244780644774437,-4.839,0.2558,196.364,0
8.1623,6.531,-0.12611903250217438,-4.88,0.2474,196.451,0
8.1636,6.471,-0.12790650129318237,-4.905,0.239,196.552,0
8.1649,6.411,-0.12955214083194733,-4.916,0.2306,196.571,0
8.1661,6.345,-0.13006822764873505,-4.917,0.2215,196.635,0
8.1674,6.29,-0.13045041263103485,-4.905,0.2138,196.684,0
8.1688,6.224,-0.13103674352169037,-4.872,0.2047,196.7,0
8.17,6.163,-0.13193172216415405,-4.825,0.1963,196.765,0
8.1712,6.103,-0.13339194655418396,-4.759,0.1879,196.821,0
8.1725,6.042,-0.13475261628627777,-4.68,0.1795,196.866,0
8.1739,5.977,-0.13556568324565887,-4.582,0.1703,196.948,0
8.1752,5.911,-0.13548284769058228,-4.475,0.1612,196.974,0
8.1764,5.85,-0.1349726766347885,-4.368,0.1528,197.08,0
8.1777,5.79,-0.13271696865558624,-4.26,0.1444,197.114,0
8.179,5.735,-0.13115085661411285,-4.152,0.1368,197.127,0
8.1804,5.674,-0.12920300662517548,-4.026,0.1284,197.213,0
8.1817,5.614,-0.12792415916919708,-3.889,0.12,197.267,0
8.183,5.554,-0.12805578112602234,-3.738,0.1116,197.284,0
8.1843,5.493,-0.12814441323280334,-3.583,0.1032,197.352,0
8.1855,5.433,-0.12779010832309723,-3.428,0.0948,197.404,0
8.1868,5.378,-0.1281038224697113,-3.282,0.0872,197.447,0
8.1881,5.317,-0.12742947041988373,-3.127,0.0788,197.45,0
8.1894,5.262,-0.12611664831638336,-2.992,0.0712,197.515,0
8.1908,5.202,-0.1254267543554306,-2.84,0.0628,197.551,0
8.192,5.142,-0.12482387572526932,-2.692,0.0544,197.578,0
8.1933,5.087,-0.12449753284454346,-2.559,0.0468,197.659,0
8.1946,5.032,-0.12390273064374924,-2.434,0.0391,197.665,0
8.1959,4.977,-0.12310191988945007,-2.315,0.0315,197.738,0
8.1972,4.916,-0.12238473445177078,-2.19,0.0231,197.778,0
8.1985,4.861,-0.12206194549798965,-2.083,0.0155,197.807,0
8.1999,4.801,-0.12242423743009567,-1.969,0.0071,197.867,0
8.2012,4.741,-0.12242736667394638,-1.867,0.9987,197.911,0
8.2025,4.686,-0.12324844300746918,-1.779,0.9911,197.929,0
8.2039,4.625,-0.12401007115840912,-1.693,0.9827,198.001,0
8.2051,4.565,-0.12568742036819458,-1.613,0.9743,198.06,0
8.2065,4.499,-0.12736043334007263,-1.54,0.9651,198.062,0
8.2078,4.438,-0.12766864895820618,-1.493,0.9567,198.132,0
8.2091,4.378,-0.1276715248823166,-1.459,0.9483,198.153,0
8.2104,4.323,-0.12679149210453033,-1.443,0.9407,198.216,0
8.2116,4.268,-0.12602655589580536,-1.435,0.9331,198.235,0
8.213,4.208,-0.12517322599887848,-1.437,0.9247,198.259,0
8.2143,4.147,-0.1223786398768425,-1.461,0.9163,198.341,0
8.2157,4.092,-0.11991879343986511,-1.49,0.9087,198.354,0
8.217,4.043,-0.11718567460775375,-1.526,0.9018,198.439,0
8.2183,3.994,-0.11432161182165146,-1.568,0.8949,198.453,0
8.2196,3.944,-0.11172880232334137,-1.613,0.8881,198.508,0
8.2209,3.895,-0.10941413789987564,-1.661,0.8812,198.562,0
8.2224,3.845,-0.10679163038730621,-1.714,0.8743,198.577,0
8.2237,3.796,-0.10357321798801422,-1.775,0.8675,198.656,0
8.225,3.752,-0.10163749754428864,-1.826,0.8614,198.702,0
8.2263,3.708,-0.09909721463918686,-1.882,0.8553,198.717,0
8.2276,3.664,-0.09809768199920654,-1.93,0.8492,198.76,0
8.229,3.62,-0.0973382443189621,-1.977,0.843,198.818,0
8.2303,3.576,-0.09629250317811966,-2.027,0.8369,198.859,0
8.2317,3.527,-0.09585659950971603,-2.079,0.8301,198.897,0
8.233,3.483,-0.09509354084730148,-2.127,0.824,198.918,0
8.2343,3.439,-0.09449473768472672,-2.173,0.8179,198.956,0
8.2356,3.395,-0.09407994896173477,-2.216,0.8118,199.024,0
8.237,3.351,-0.09269234538078308,-2.264,0.8057,199.038,0
8.2383,3.307,-0.09179279208183289,-2.307,0.7996,199.079,0
8.2396,3.268,-0.09036917239427567,-2.347,0.7942,199.092,0
8.241,3.224,-0.08931916207075119,-2.386,0.7881,199.145,0
8.2423,3.186,-0.08755980432033539,-2.423,0.7828,199.218,0
8.2436,3.148,-0.08741865307092667,-2.449,0.7774,199.253,0
8.2449,3.104,-0.08793290704488754,-2.47,0.7713,199.302,0
8.2462,3.06,-0.08828200399875641,-2.489,0.7652,199.333,0
8.2475,3.016,-0.0898473709821701,-2.497,0.7591,199.386,0
8.2488,2.972,-0.09059009701013565,-2.506,0.753,199.43,0
8.2502,2.928,-0.09228377044200897,-2.505,0.7469,199.46,0
8.2516,2.878,-0.09381083399057388,-2.501,0.7401,199.466,0
8.253,2.829,-0.0948386937379837,-2.494,0.7332,199.572,0
8.2544,2.78,-0.09539929777383804,-2.485,0.7263,199.616,0
8.2557,2.73,-0.09578537940979004,-2.472,0.7195,199.688,0
8.257,2.686,-0.09593106061220169,-2.456,0.7133,199.694,0
8.2583,2.642,-0.09593125432729721,-2.438,0.7072,199.714,0
8.2596,2.598,-0.09643916040658951,-2.412,0.7011,199.788,0
8.2609,2.554,-0.09689155220985413,-2.382,0.695,199.84,0
8.2622,2.505,-0.09744671732187271,-2.344,0.6882,199.892,0
8.2636,2.461,-0.09849478304386139,-2.303,0.6821,199.941,0
8.265,2.406,-0.09947660565376282,-2.249,0.6744,199.987,0
8.2663,2.357,-0.10001841187477112,-2.199,0.6676,200.017,0
8.2676,2.307,-0.09971509873867035,-2.15,0.6607,200.072,0
8.269,2.263,-0.09931224584579468,-2.105,0.6546,200.166,0
8.2703,2.214,-0.09841685742139816,-2.055,0.6477,200.193,0
8.2716,2.17,-0.09761109948158264,-2.009,0.6416,200.241,0
8.273,2.126,-0.09673365205526352,-1.962,0.6355,200.258,0
8.2745,2.076,-0.09571151435375214,-1.908,0.6287,200.336,0
8.2759,2.032,-0.09406423568725586,-1.865,0.6226,200.391,0
8.2771,1.989,-0.09308021515607834,-1.818,0.6165,200.45,0
8.2785,1.945,-0.0919346883893013,-1.772,0.6104,200.489,0
8.2799,1.901,-0.09103506803512573,-1.726,0.6042,200.523,0
8.2813,1.857,-0.09027434885501862,-1.681,0.5981,200.583,0
8.2826,1.818,-0.08893569558858871,-1.646,0.5928,200.642,0
8.2839,1.78,-0.08769118785858154,-1.613,0.5875,200.658,0
8.2852,1.736,-0.0867178812623024,-1.576,0.5814,200.759,0
8.2864,1.697,-0.0854400247335434,-1.547,0.576,200.787,0
8.2878,1.664,-0.08425424993038177,-1.526,0.5714,200.808,0
8.289,1.626,-0.08252794295549393,-1.506,0.5661,200.872,0
8.2903,1.588,-0.08271456509828568,-1.477,0.5608,200.876,0
8.2915,1.549,-0.08322913944721222,-1.45,0.5554,200.952,0
8.2928,1.511,-0.08293769508600235,-1.431,0.5501,200.941,0
8.2941,1.478,-0.08212745189666748,-1.421,0.5455,201.026,0
8.2953,1.439,-0.08087009936571121,-1.415,0.5402,201.081,0
8.2966,1.406,-0.08028861880302429,-1.41,0.5356,201.132,0
8.2979,1.373,-0.07967335730791092,-1.409,0.531,201.119,0
8.2992,1.335,-0.07836022973060608,-1.415,0.5257,201.203,0
8.3005,1.302,-0.07653885334730148,-1.428,0.5211,201.234,0
8.3017,1.269,-0.07544567435979843,-1.44,0.5165,201.298,0
8.303,1.241,-0.07431197166442871,-1.454,0.5127,201.27,0
8.3045,1.198,-0.07243990153074265,-1.482,0.5066,201.373,0
8.3058,1.165,-0.07151072472333908,-1.505,0.502,201.364,0
8.3071,1.137,-0.07092471420764923,-1.525,0.4982,201.434,0
8.3084,1.104,-0.07069570571184158,-1.55,0.4936,201.451,0
8.3097,1.071,-0.07047710567712784,-1.579,0.489,201.48,0
8.311,1.038,-0.07106177508831024,-1.606,0.4845,201.551,0
8.3123,1.005,-0.07159629464149475,-1.638,0.4799,201.584,0
8.3136,0.967,-0.07190322875976562,-1.681,0.4745,201.583,0
8.315,0.934,-0.07225202769041061,-1.722,0.47,201.677,0
8.3163,0.895,-0.07231917977333069,-1.776,0.4646,201.705,0
8.3176,0.862,-0.07188987731933594,-1.829,0.4601,201.76,0
8.3189,0.835,-0.07064678519964218,-1.881,0.4562,201.747,0
8.3202,0.802,-0.0685872733592987,-1.95,0.4517,201.801,0
8.3215,0.775,-0.06692664325237274,-2.01,0.4478,201.818,0
8.3227,0.747,-0.0649876520037651,-2.073,0.444,201.896,0
8.324,0.72,-0.06266197562217712,-2.141,0.4402,201.916,0
8.3252,0.698,-0.061115629971027374,-2.195,0.4372,201.904,0
8.3265,0.67,-0.0601385198533535,-2.258,0.4333,201.954,0
8.3278,0.643,-0.05871148407459259,-2.326,0.4295,201.998,0
8.329,0.621,-0.05768754705786705,-2.381,0.4265,202.036,0
8.3304,0.593,-0.05657314136624336,-2.451,0.4227,202.057,0
8.3318,0.566,-0.05454515293240547,-2.527,0.4189,202.095,0
8.3331,0.544,-0.05251944065093994,-2.591,0.4158,202.107,0
8.3346,0.522,-0.05156376212835312,-2.65,0.4128,202.158,0
8.336,0.5,-0.049269795417785645,-2.717,0.4097,202.175,0
8.3372,0.478,-0.04745244234800339,-2.782,0.4066,202.212,0
8.3385,0.461,-0.04584641754627228,-2.832,0.4044,202.237,0
8.34,0.439,-0.04381989315152168,-2.898,0.4013,202.234,0
8.3412,0.423,-0.04177544638514519,-2.949,0.399,202.259,0
8.3425,0.406,-0.03992069140076637,-2.998,0.3967,202.291,0
8.3438,0.39,-0.03784918040037155,-3.047,0.3944,202.319,0
8.3451,0.379,-0.035727906972169876,-3.078,0.3929,202.345,0
8.3464,0.368,-0.03355508670210838,-3.107,0.3914,202.326,0
8.3477,0.352,-0.031298521906137466,-3.145,0.3891,202.347,0
8.349,0.341,-0.02900988794863224,-3.16,0.3876,202.379,0
8.3503,0.335,-0.02666272409260273,-3.151,0.3868,202.379,0
8.3516,0.324,-0.024491311982274055,-3.147,0.3853,202.41,0
8.3529,0.319,-0.02231096290051937,-3.113,0.3845,202.369,0
8.3542,0.308,-0.020192017778754234,-3.076,0.383,202.415,0
8.3556,0.302,-0.017866773530840874,-2.992,0.3822,202.407,0
8.3571,0.297,-0.015011348761618137,-2.84,0.3815,202.438,0
8.3584,0.297,-0.012451284565031528,-2.64,0.3815,202.433,0
8.3597,0.291,-0.010241798125207424,-2.434,0.3807,202.422,0
8.361,0.291,-0.008083485998213291,-2.177,0.3807,202.407,0
8.3624,0.291,-0.0062172906473279,-1.923,0.3807,202.459,0
8.3637,0.291,-0.0041788374073803425,-1.614,0.3807,202.447,0
8.365,0.291,-0.0025535235181450844,-1.35,0.3807,202.384,0
8.3662,0.291,-0.0012619522167369723,-1.133,0.3807,202.443,0
8.3675,0.297,-0.0004801168106496334,-0.993,0.3815,202.405,0
8.3689,0.297,0.00021032484073657542,-0.875,0.3815,202.44,0
8.3701,0.297,0.0006373592186719179,-0.803,0.3815,202.427,0
8.3714,0.297,0.0009713471517898142,-0.746,0.3815,202.454,0
8.3726,0.297,0.0011098150862380862,-0.722,0.3815,202.428,0
8.3739,0.297,0.001295418362133205,-0.691,0.3815,202.439,0
8.3751,0.302,0.001523014740087092,-0.647,0.3822,202.394,0
8.3765,0.302,0.0016942323418334126,-0.619,0.3822,202.414,0
8.3777,0.302,0.001957639819011092,-0.575,0.3822,202.418,0
8.379,0.302,0.001866184757091105,-0.59,0.3822,202.454,0
8.3802,0.302,0.0016120211221277714,-0.633,0.3822,202.413,0
8.3814,0.302,0.0013491649879142642,-0.677,0.3822,202.4,0
8.3827,0.302,0.001257587457075715,-0.692,0.3822,202.425,0
8.384,0.302,0.0010269301710650325,-0.731,0.3822,202.423,0
8.3853,0.302,0.0009480854496359825,-0.745,0.3822,202.404,0
8.3866,0.302,0.0009202939691022038,-0.749,0.3822,202.456,0
8.3879,0.302,0.0006939215818420053,-0.788,0.3822,202.421,0
8.3892,0.302,0.0004715894174296409,-0.825,0.3822,202.428,0
8.3905,0.302,0.0003036772250197828,-0.854,0.3822,202.429,0
8.3917,0.302,0.00018945038027595729,-0.873,0.3822,202.391,0
8.393,0.302,0.0001204613217851147,-0.885,0.3822,202.445,0
8.3943,0.302,7.571330934297293e-05,-0.893,0.3822,202.406,0
8.3956,0.302,4.35755355283618e-05,-0.898,0.3822,202.409,0
8.3969,0.302,2.5884457500069402e-05,-0.901,0.3822,202.43,0
8.3982,0.302,1.4743365682079457e-05,-0.903,0.3822,202.429,0
8.3994,0.302,8.989174602902494e-06,-0.904,0.3822,202.409,0
8.4007,0.302,5.010213953937637e-06,-0.905,0.3822,202.425,0
8.402,0.302,2.1331179596018046e-06,-0.905,0.3822,202.461,0
8.4033,0.302,2.3545915439626697e-07,-0.905,0.3822,202.405,0
8.4048,0.302,-1.5397700963148964e-06,-0.906,0.3822,202.398,0
8.406,0.302,-2.335562612643116e-06,-0.906,0.3822,202.402,0
8.4074,0.302,-3.13135342366877e-06,-0.906,0.3822,202.432,0
8.4087,0.302,-3.559856168067199e-06,-0.906,0.3822,202.417,0
8.41,0.302,-3.559856168067199e-06,-0.906,0.3822,202.395,0
8.4113,0.302,-3.559856168067199e-06,-0.906,0.3822,202.437,0
8.4125,0.302,-3.559856168067199e-06,-0.906,0.3822,202.42,0
8.4139,0.302,-3.559856168067199e-06,-0.906,0.3822,202.42,0
8.4152,0.302,-3.559856168067199e-06,-0.906,0.3822,202.401,0
8.4165,0.302,-3.559856168067199e-06,-0.906,0.3822,202.396,0
8.4178,0.302,-3.559856168067199e-06,-0.906,0.3822,202.431,0
8.419,0.302,-3.559856168067199e-06,-0.906,0.3822,202.398,0
8.4202,0.302,-3.559856168067199e-06,-0.906,0.3822,202.401,0
8.4215,0.302,-3.559856168067199e-06,-0.906,0.3822,202.415,0
8.4229,0.302,-3.559856168067199e-06,-0.906,0.3822,202.43,0
8.4241,0.302,-3.559856168067199e-06,-0.906,0.3822,202.421,0
8.4255,0.302,-3.559856168067199e-06,-0.906,0.3822,202.384,0
8.4268,0.302,-3.559856168067199e-06,-0.906,0.3822,202.386,0
8.4281,0.302,-3.559856168067199e-06,-0.906,0.3822,202.433,0
8.4294,0.302,-3.559856168067199e-06,-0.906,0.3822,202.43,0
8.4306,0.302,-3.559856168067199e-06,-0.906,0.3822,202.409,0
8.4319,0.302,-3.559856168067199e-06,-0.906,0.3822,202.408,0
8.4332,0.302,-3.559856168067199e-06,-0.906,0.3822,202.39,0
8.4345,0.302,-3.559856168067199e-06,-0.906,0.3822,202.393,0
8.4359,0.302,-3.559856168067199e-06,-0.906,0.3822,202.398,0
8.4372,0.302,-3.559856168067199e-06,-0.906,0.3822,202.454,0
8.4384,0.302,-3.559856168067199e-06,-0.906,0.3822,202.4,0
8.4397,0.302,-3.559856168067199e-06,-0.906,0.3822,202.432,0
8.441,0.302,-3.559856168067199e-06,-0.906,0.3822,202.391,0
8.4422,0.302,-3.559856168067199e-06,-0.906,0.3822,202.418,0
8.4434,0.302,-3.559856168067199e-06,-0.906,0.3822,202.417,0
8.4449,0.302,-3.559856168067199e-06,-0.906,0.3822,202.401,0
8.4461,0.302,-3.559856168067199e-06,-0.906,0.3822,202.435,0
8.4474,0.302,-3.559856168067199e-06,-0.906,0.3822,202.415,0
8.4487,0.302,-3.559856168067199e-06,-0.906,0.3822,202.412,0
8.45,0.302,0.0001031987412716262,-0.888,0.3822,202.437,0
8.4513,0.302,0.00022495495795737952,-0.867,0.3822,202.375,0
8.4526,0.308,0.00020138727268204093,-0.866,0.383,202.434,0
8.4539,0.308,0.00014739585458301008,-0.875,0.383,202.409,0
8.4553,0.308,9.885251347441226e-05,-0.883,0.383,202.368,0
8.4567,0.308,5.887925362912938e-05,-0.89,0.383,202.407,0
8.458,0.308,3.5801276681013405e-05,-0.894,0.383,202.432,0
8.4592,0.308,2.2211594114196487e-05,-0.896,0.383,202.392,0
8.4604,0.308,1.321301988355117e-05,-0.897,0.383,202.421,0
8.4617,0.308,7.826117325748783e-06,-0.898,0.383,202.392,0
8.463,0.308,4.459303909243317e-06,-0.899,0.383,202.423,0
8.4642,0.308,1.7046376115104067e-06,-0.899,0.383,202.412,0
8.4655,0.308,-7.059155393562833e-08,-0.9,0.383,202.399,0
8.4669,0.308,-1.5397467905131634e-06,-0.9,0.383,202.424,0
8.4682,0.308,-2.335539420528221e-06,-0.9,0.383,202.403,0
8.4695,0.308,-3.131330231553875e-06,-0.9,0.383,202.402,0
8.4707,0.308,-3.559832975952304e-06,-0.9,0.383,202.408,0
8.4721,0.308,-3.559832975952304e-06,-0.9,0.383,202.44,0
8.4734,0.308,-3.559832975952304e-06,-0.9,0.383,202.381,0
8.4749,0.308,-3.559832975952304e-06,-0.9,0.383,202.432,0
8.4762,0.308,-3.559832975952304e-06,-0.9,0.383,202.45,0
8.4775,0.308,-3.559832975952304e-06,-0.9,0.383,202.418,0
8.4788,0.308,-3.559832975952304e-06,-0.9,0.383,202.409,0
8.4801,0.308,-3.559832975952304e-06,-0.9,0.383,202.419,0
8.4813,0.308,-3.559832975952304e-06,-0.9,0.383,202.442,0
8.4826,0.308,-3.559832975952304e-06,-0.9,0.383,202.405,0
8.484,0.308,-3.559832975952304e-06,-0.9,0.383,202.408,0
8.4852,0.308,-3.559832975952304e-06,-0.9,0.383,202.401,0
8.4865,0.308,-3.559832975952304e-06,-0.9,0.383,202.389,0
8.4879,0.308,-3.559832975952304e-06,-0.9,0.383,202.393,0
8.4892,0.308,-3.559832975952304e-06,-0.9,0.383,202.39,0
8.4904,0.308,-3.559832975952304e-06,-0.9,0.383,202.425,0
8.4918,0.308,-3.559832975952304e-06,-0.9,0.383,202.414,0
8.4933,0.308,-3.559832975952304e-06,-0.9,0.383,202.385,0
8.495,0.308,-3.559832975952304e-06,-0.9,0.383,202.426,0
8.4962,0.308,-3.559832975952304e-06,-0.9,0.383,202.418,0
8.4975,0.308,-3.559832975952304e-06,-0.9,0.383,202.406,0
8.4988,0.308,-3.559832975952304e-06,-0.9,0.383,202.457,0
8.5,0.308,-3.559832975952304e-06,-0.9,0.383,202.382,0
8.5013,0.308,-3.559832975952304e-06,-0.9,0.383,202.402,0
8.5026,0.308,-3.559832975952304e-06,-0.9,0.383,202.411,0
8.5039,0.308,-3.559832975952304e-06,-0.9,0.383,202.392,0
8.5052,0.308,-3.559832975952304e-06,-0.9,0.383,202.405,0
8.5065,0.308,-3.559832975952304e-06,-0.9,0.383,202.393,0
8.5078,0.308,-3.559832975952304e-06,-0.9,0.383,202.421,0
8.509,0.308,-3.559832975952304e-06,-0.9,0.383,202.403,0
8.5103,0.308,-3.559832975952304e-06,-0.9,0.383,202.426,0
8.5115,0.308,-3.559832975952304e-06,-0.9,0.383,202.38,0
8.5129,0.308,-3.559832975952304e-06,-0.9,0.383,202.408,0
8.5144,0.308,-3.559832975952304e-06,-0.9,0.383,202.433,0
8.5157,0.308,-3.559832975952304e-06,-0.9,0.383,202.426,0
8.517,0.308,-3.559832975952304e-06,-0.9,0.383,202.397,0
8.5183,0.308,-3.559832975952304e-06,-0.9,0.383,202.426,0
8.5196,0.308,-3.559832975952304e-06,-0.9,0.383,202.389,0
8.5209,0.308,-3.559832975952304e-06,-0.9,0.383,202.433,0
8.5223,0.308,-3.559832975952304e-06,-0.9,0.383,202.358,0
8.5237,0.308,-3.559832975952304e-06,-0.9,0.383,202.429,0
8.525,0.308,-3.559832975952304e-06,-0.9,0.383,202.396,0
8.5263,0.308,-3.559832975952304e-06,-0.9,0.383,202.406,0
8.5276,0.308,-3.559832975952304e-06,-0.9,0.383,202.408,0
8.5289,0.308,-3.559832975952304e-06,-0.9,0.383,202.406,0
8.5302,0.308,-3.559832975952304e-06,-0.9,0.383,202.428,0
8.5315,0.308,-3.559832975952304e-06,-0.9,0.383,202.427,0
8.5329,0.308,-3.559832975952304e-06,-0.9,0.383,202.397,0
8.5341,0.308,-3.559832975952304e-06,-0.9,0.383,202.429,0
8.5353,0.308,-3.559832975952304e-06,-0.9,0.383,202.394,0
8.5365,0.308,-3.559832975952304e-06,-0.9,0.383,202.422,0
8.5378,0.308,-3.559832975952304e-06,-0.9,0.383,202.395,0
8.5391,0.308,-3.559832975952304e-06,-0.9,0.383,202.409,0
8.5403,0.308,-3.559832975952304e-06,-0.9,0.383,202.404,0
8.5414,0.308,-3.559832975952304e-06,-0.9,0.383,202.424,0
8.5427,0.308,-3.559832975952304e-06,-0.9,0.383,202.414,0
8.544,0.308,-3.559832975952304e-06,-0.9,0.383,202.454,0
8.5452,0.308,-3.559832975952304e-06,-0.9,0.383,202.393,0
8.5464,0.308,-3.559832975952304e-06,-0.9,0.383,202.407,0
8.5477,0.308,-3.559832975952304e-06,-0.9,0.383,202.435,0
8.5489,0.308,-3.559832975952304e-06,-0.9,0.383,202.4,0
8.5501,0.308,-3.559832975952304e-06,-0.9,0.383,202.4,0
8.5514,0.308,-3.559832975952304e-06,-0.9,0.383,202.456,0
8.5527,0.308,-3.559832975952304e-06,-0.9,0.383,202.384,0
8.554,0.308,-3.559832975952304e-06,-0.9,0.383,202.456,0
8.5555,0.308,-3.559832975952304e-06,-0.9,0.383,202.408,0
8.5569,0.308,-3.559832975952304e-06,-0.9,0.383,202.445,0
8.5581,0.308,-3.559832975952304e-06,-0.9,0.383,202.435,0
8.5593,0.308,-3.559832975952304e-06,-0.9,0.383,202.399,0
8.5606,0.308,-3.559832975952304e-06,-0.9,0.383,202.413,0
8.5619,0.308,-3.559832975952304e-06,-0.9,0.383,202.412,0
8.5631,0.308,-3.559832975952304e-06,-0.9,0.383,202.478,0
8.5644,0.308,-3.559832975952304e-06,-0.9,0.383,202.402,0
8.5657,0.308,-3.559832975952304e-06,-0.9,0.383,202.411,0
8.567,0.308,-3.559832975952304e-06,-0.9,0.383,202.443,0
8.5682,0.308,-3.559832975952304e-06,-0.9,0.383,202.424,0
8.5695,0.308,-3.559832975952304e-06,-0.9,0.383,202.403,0
8.5707,0.308,-3.559832975952304e-06,-0.9,0.383,202.411,0
8.572,0.308,-3.559832975952304e-06,-0.9,0.383,202.41,0
8.5733,0.308,-3.559832975952304e-06,-0.9,0.383,202.442,0
8.5745,0.308,-3.559832975952304e-06,-0.9,0.383,202.395,0
8.5758,0.308,-3.559832975952304e-06,-0.9,0.383,202.39,0
8.5771,0.308,-3.559832975952304e-06,-0.9,0.383,202.4,0
8.5784,0.308,-3.559832975952304e-06,-0.9,0.383,202.417,0
8.5797,0.308,-3.559832975952304e-06,-0.9,0.383,202.424,0
8.581,0.308,-3.559832975952304e-06,-0.9,0.383,202.43,0
8.5822,0.308,-3.559832975952304e-06,-0.9,0.383,202.388,0
8.5835,0.308,-3.559832975952304e-06,-0.9,0.383,202.401,0
8.5848,0.308,-3.559832975952304e-06,-0.9,0.383,202.404,0
8.5862,0.308,-3.559832975952304e-06,-0.9,0.383,202.423,0
8.5876,0.308,-3.559832975952304e-06,-0.9,0.383,202.404,0
8.589,0.308,-3.559832975952304e-06,-0.9,0.383,202.409,0
8.5902,0.308,-3.559832975952304e-06,-0.9,0.383,202.409,0
8.5916,0.308,-3.559832975952304e-06,-0.9,0.383,202.383,0
8.5929,0.308,-3.559832975952304e-06,-0.9,0.383,202.425,0
8.5942,0.308,-3.559832975952304e-06,-0.9,0.383,202.397,0
8.5955,0.308,-3.559832975952304e-06,-0.9,0.383,202.419,0
8.5967,0.308,-3.559832975952304e-06,-0.9,0.383,202.429,0
8.5981,0.308,-3.559832975952304e-06,-0.9,0.383,202.416,0
8.5993,0.308,-3.559832975952304e-06,-0.9,0.383,202.412,0
8.6005,0.308,-3.559832975952304e-06,-0.9,0.383,202.407,0
8.6018,0.308,-3.559832975952304e-06,-0.9,0.383,202.413,0
8.6031,0.308,-3.559832975952304e-06,-0.9,0.383,202.42,0
8.6043,0.308,-3.559832975952304e-06,-0.9,0.383,202.395,0
8.6056,0.308,-3.559832975952304e-06,-0.9,0.383,202.415,0
8.607,0.308,-3.559832975952304e-06,-0.9,0.383,202.391,0
8.6082,0.308,-3.559832975952304e-06,-0.9,0.383,202.422,0
8.6095,0.308,-3.559832975952304e-06,-0.9,0.383,202.441,0
8.6107,0.308,-3.559832975952304e-06,-0.9,0.383,202.378,0
8.612,0.308,-3.559832975952304e-06,-0.9,0.383,202.43,0
8.6132,0.308,-3.559832975952304e-06,-0.9,0.383,202.42,0
8.6144,0.308,-3.559832975952304e-06,-0.9,0.383,202.422,0
8.6157,0.308,-3.559832975952304e-06,-0.9,0.383,202.42,0
8.617,0.308,-3.559832975952304e-06,-0.9,0.383,202.382,0
8.6182,0.308,-3.559832975952304e-06,-0.9,0.383,202.419,0
8.6194,0.308,-3.559832975952304e-06,-0.9,0.383,202.42,0
8.6207,0.308,-3.559832975952304e-06,-0.9,0.383,202.397,0
8.622,0.308,-3.559832975952304e-06,-0.9,0.383,202.413,0
8.6233,0.308,-3.559832975952304e-06,-0.9,0.383,202.451,0
8.6245,0.308,-3.559832975952304e-06,-0.9,0.383,202.41,0
8.6258,0.308,-3.559832975952304e-06,-0.9,0.383,202.42,0
8.6271,0.308,-3.559832975952304e-06,-0.9,0.383,202.37,0
8.6284,0.308,-3.559832975952304e-06,-0.9,0.383,202.389,0
8.6299,0.308,-3.559832975952304e-06,-0.9,0.383,202.424,0
8.6312,0.308,-3.559832975952304e-06,-0.9,0.383,202.386,0
8.6325,0.308,-3.559832975952304e-06,-0.9,0.383,202.412,0
8.6339,0.308,-3.559832975952304e-06,-0.9,0.383,202.385,0
8.6353,0.308,-3.559832975952304e-06,-0.9,0.383,202.429,0
8.6366,0.308,-3.559832975952304e-06,-0.9,0.383,202.391,0
8.6379,0.308,-3.559832975952304e-06,-0.9,0.383,202.448,0
8.6392,0.308,-3.559832975952304e-06,-0.9,0.383,202.412,0
8.6405,0.308,-3.559832975952304e-06,-0.9,0.383,202.414,0
8.6418,0.308,-3.559832975952304e-06,-0.9,0.383,202.413,0
8.6432,0.308,-3.559832975952304e-06,-0.9,0.383,202.41,0
8.6445,0.308,-3.559832975952304e-06,-0.9,0.383,202.418,0
8.6459,0.308,-3.559832975952304e-06,-0.9,0.383,202.384,0
8.6472,0.308,-3.559832975952304e-06,-0.9,0.383,202.424,0
8.6485,0.308,-3.559832975952304e-06,-0.9,0.383,202.415,0
8.6499,0.308,-3.559832975952304e-06,-0.9,0.383,202.391,0
8.6512,0.308,-3.559832975952304e-06,-0.9,0.383,202.367,0
8.6525,0.308,-3.559832975952304e-06,-0.9,0.383,202.439,0
8.6536,0.308,-3.559832975952304e-06,-0.9,0.383,202.436,0
8.6549,0.308,-3.559832975952304e-06,-0.9,0.383,202.384,0
8.6562,0.308,-3.559832975952304e-06,-0.9,0.383,202.434,0
8.6575,0.308,-3.559832975952304e-06,-0.9,0.383,202.415,0
8.6587,0.308,-3.559832975952304e-06,-0.9,0.383,202.401,0
8.66,0.308,-3.559832975952304e-06,-0.9,0.383,202.408,0
8.6613,0.308,-3.559832975952304e-06,-0.9,0.383,202.424,0
8.6625,0.308,-3.559832975952304e-06,-0.9,0.383,202.402,0
8.6638,0.308,-3.559832975952304e-06,-0.9,0.383,202.43,0
8.6651,0.308,-3.559832975952304e-06,-0.9,0.383,202.407,0
8.6663,0.308,-3.559832975952304e-06,-0.9,0.383,202.415,0
8.6675,0.308,-3.559832975952304e-06,-0.9,0.383,202.404,0
8.6689,0.308,-3.559832975952304e-06,-0.9,0.383,202.405,0
8.6701,0.308,-3.559832975952304e-06,-0.9,0.383,202.449,0
8.6713,0.308,-3.559832975952304e-06,-0.9,0.383,202.387,0
8.6725,0.308,-3.559832975952304e-06,-0.9,0.383,202.408,0
8.6739,0.308,-3.559832975952304e-06,-0.9,0.383,202.422,0
8.6754,0.308,-3.559832975952304e-06,-0.9,0.383,202.402,0
8.6767,0.308,-3.559832975952304e-06,-0.9,0.383,202.403,0
8.678,0.308,-3.559832975952304e-06,-0.9,0.383,202.413,0
8.6793,0.308,-3.559832975952304e-06,-0.9,0.383,202.442,0
8.6806,0.308,-3.559832975952304e-06,-0.9,0.383,202.399,0
8.6818,0.308,-3.559832975952304e-06,-0.9,0.383,202.417,0
8.6832,0.308,-3.559832975952304e-06,-0.9,0.383,202.381,0
8.6845,0.308,-3.559832975952304e-06,-0.9,0.383,202.403,0
8.6859,0.308,-3.559832975952304e-06,-0.9,0.383,202.403,0
8.6872,0.308,-3.559832975952304e-06,-0.9,0.383,202.392,0
8.6885,0.308,-3.559832975952304e-06,-0.9,0.383,202.399,0
8.6899,0.308,-3.559832975952304e-06,-0.9,0.383,202.413,0
8.6911,0.308,-3.559832975952304e-06,-0.9,0.383,202.408,0
8.6923,0.308,-3.559832975952304e-06,-0.9,0.383,202.437,0
8.6936,0.308,-3.559832975952304e-06,-0.9,0.383,202.391,0
8.6948,0.308,-3.559832975952304e-06,-0.9,0.383,202.423,0
8.6961,0.308,-3.559832975952304e-06,-0.9,0.383,202.429,0
8.6974,0.308,-3.559832975952304e-06,-0.9,0.383,202.389,0
8.6987,0.308,-3.559832975952304e-06,-0.9,0.383,202.437,0
8.7,0.308,-3.559832975952304e-06,-0.9,0.383,202.41,0
8.7013,0.308,-3.559832975952304e-06,-0.9,0.383,202.407,0
8.7027,0.308,-3.559832975952304e-06,-0.9,0.383,202.439,0
8.704,0.308,-3.559832975952304e-06,-0.9,0.383,202.389,0
8.7056,0.308,-3.559832975952304e-06,-0.9,0.383,202.393,0
8.707,0.308,-3.559832975952304e-06,-0.9,0.383,202.423,0
8.7082,0.308,-3.559832975952304e-06,-0.9,0.383,202.417,0
8.7095,0.308,-3.559832975952304e-06,-0.9,0.383,202.43,0
8.7107,0.308,-3.559832975952304e-06,-0.9,0.383,202.43,0
8.712,0.308,-3.559832975952304e-06,-0.9,0.383,202.398,0
8.7133,0.308,-3.559832975952304e-06,-0.9,0.383,202.407,0
8.7145,0.308,-3.559832975952304e-06,-0.9,0.383,202.392,0
8.7158,0.308,-3.559832975952304e-06,-0.9,0.383,202.423,0
8.717,0.308,-3.559832975952304e-06,-0.9,0.383,202.442,0
8.7183,0.308,-3.559832975952304e-06,-0.9,0.383,202.359,0
8.7195,0.308,-3.559832975952304e-06,-0.9,0.383,202.404,0
8.7208,0.308,-3.559832975952304e-06,-0.9,0.383,202.394,0
8.7222,0.308,-3.559832975952304e-06,-0.9,0.383,202.407,0
8.7234,0.308,-3.559832975952304e-06,-0.9,0.383,202.408,0
8.7247,0.308,-3.559832975952304e-06,-0.9,0.383,202.459,0
8.726,0.308,-3.559832975952304e-06,-0.9,0.383,202.418,0
8.7272,0.308,-3.559832975952304e-06,-0.9,0.383,202.434,0
8.7285,0.308,0.00014053979248274118,-0.876,0.383,202.4,0
8.7299,0.308,0.0002264241484226659,-0.861,0.383,202.427,0
8.7312,0.308,0.00019367421919014305,-0.867,0.383,202.419,0
8.7324,0.308,0.00013919308548793197,-0.876,0.383,202.41,0
8.7337,0.308,9.260862861992791e-05,-0.884,0.383,202.42,0
8.735,0.308,6.108300294727087e-05,-0.889,0.383,202.374,0
8.7363,0.308,3.720923632499762e-05,-0.893,0.383,202.41,0
8.7375,0.308,2.2211612304090522e-05,-0.896,0.383,202.407,0
8.7389,0.308,1.2662105291383341e-05,-0.898,0.383,202.365,0
8.7402,0.308,0.00016698460967745632,-0.871,0.383,202.444,0
8.7414,0.308,0.0002337087207706645,-0.86,0.383,202.38,0
8.7427,0.308,0.00019453123968560249,-0.867,0.383,202.404,0
8.744,0.308,0.00014237624418456107,-0.876,0.383,202.435,0
8.7452,0.308,9.444505849387497e-05,-0.884,0.383,202.411,0
8.7465,0.308,6.21848666924052e-05,-0.889,0.383,202.437,0
8.748,0.308,3.7515299482038245e-05,-0.893,0.383,202.41,0
8.7493,0.308,0.00020493775082286447,-0.865,0.383,202.417,0
8.7507,0.308,0.00023689187946729362,-0.86,0.383,202.366,0
8.752,0.308,0.00018638970504980534,-0.868,0.383,202.391,0
8.7532,0.308,0.0001333164982497692,-0.877,0.383,202.445,0
8.7544,0.308,8.765025995671749e-05,-0.885,0.383,202.4,0
8.7557,0.308,0.00024185031361412257,-0.859,0.383,202.421,0
8.7569,0.308,0.0002626633213367313,-0.855,0.383,202.387,0
8.7581,0.308,0.00038307279464788735,-0.835,0.383,202.42,0
8.7594,0.308,0.0003805630258284509,-0.835,0.383,202.428,0
8.7606,0.308,0.000298657629173249,-0.849,0.383,202.401,0
8.7619,0.308,0.0002056111698038876,-0.865,0.383,202.396,0
8.7631,0.308,0.0003109006502199918,-0.847,0.383,202.409,0
8.7643,0.308,0.0003192259173374623,-0.846,0.383,202.39,0
8.7656,0.308,0.00034756833338178694,-0.841,0.383,202.36,0
8.767,0.308,0.0006019158172421157,-0.798,0.383,202.409,0
8.7684,0.308,0.0005285192746669054,-0.81,0.383,202.398,0
8.7697,0.308,0.0005313963047228754,-0.81,0.383,202.402,0
8.7709,0.308,0.00048487307503819466,-0.818,0.383,202.363,0
8.7722,0.308,0.0003687486459966749,-0.837,0.383,202.426,0
8.7734,0.308,0.0004611217009369284,-0.822,0.383,202.409,0
8.7747,0.308,0.00038184854201972485,-0.835,0.383,202.361,0
8.776,0.308,0.00028782262234017253,-0.851,0.383,202.412,0
8.7773,0.308,0.0003580971679184586,-0.839,0.383,202.385,0
8.7784,0.308,0.0005455369246192276,-0.807,0.383,202.436,0
8.7797,0.313,0.0006282380782067776,-0.788,0.3838,202.435,0
8.7809,0.313,0.0006108530214987695,-0.791,0.3838,202.387,0
8.7821,0.313,0.0007212844793684781,-0.772,0.3838,202.415,0
8.7833,0.313,0.000780356815084815,-0.762,0.3838,202.431,0
8.7846,0.313,0.0006307477597147226,-0.787,0.3838,202.406,0
8.7859,0.313,0.000454877590527758,-0.817,0.3838,202.392,0
8.7871,0.313,0.0002989634813275188,-0.843,0.3838,202.414,0
8.7883,0.313,0.0003730946045834571,-0.831,0.3838,202.386,0
8.7896,0.313,0.0005437002400867641,-0.802,0.3838,202.391,0
8.7909,0.313,0.0006554172141477466,-0.783,0.3838,202.388,0
8.7922,0.313,0.0005855710478499532,-0.795,0.3838,202.388,0
8.7934,0.313,0.0004392677219584584,-0.82,0.3838,202.416,0
8.7947,0.313,0.00029516807990148664,-0.844,0.3838,202.389,0
8.7959,0.313,0.00019612256437540054,-0.861,0.3838,202.402,0
8.7972,0.313,0.0001222975115524605,-0.873,0.3838,202.373,0
8.7985,0.313,7.79167894506827e-05,-0.881,0.3838,202.364,0
8.7997,0.313,4.706452818936668e-05,-0.886,0.3838,202.393,0
8.801,0.313,2.9067377909086645e-05,-0.889,0.3838,202.404,0
8.8022,0.313,1.676320425758604e-05,-0.891,0.3838,202.372,0
8.8034,0.313,9.968362064682879e-06,-0.892,0.3838,202.402,0
8.8047,0.313,0.00021565008501056582,-0.857,0.3838,202.397,0
8.806,0.313,0.00022672995692119002,-0.856,0.3838,202.417,0
8.8072,0.313,0.00017683987971395254,-0.864,0.3838,202.397,0
8.8085,0.313,0.0001573123736307025,-0.867,0.3838,202.41,0
8.8099,0.313,0.0003033096145372838,-0.843,0.3838,202.438,0
8.8112,0.313,0.00038815330481156707,-0.828,0.3838,202.374,0
8.8124,0.313,0.0004178424132987857,-0.823,0.3838,202.418,0
8.8137,0.313,0.00033367209834977984,-0.837,0.3838,202.4,0
8.8151,0.313,0.00042610641685314476,-0.822,0.3838,202.352,0
8.8166,0.313,0.0004360231978353113,-0.82,0.3838,202.396,0
8.8178,0.313,0.0005947531899437308,-0.793,0.3838,202.368,0
8.8191,0.313,0.0006047923816367984,-0.792,0.3838,202.424,0
8.8204,0.313,0.0004750169755425304,-0.814,0.3838,202.382,0
8.8218,0.313,0.00044404229265637696,-0.819,0.3838,202.418,0
8.8231,0.319,0.0005788984126411378,-0.791,0.3845,202.399,0
8.8242,0.319,0.0006175861926749349,-0.784,0.3845,202.383,0
8.8254,0.319,0.0007105714757926762,-0.768,0.3845,202.404,0
8.8267,0.319,0.000914784031920135,-0.734,0.3845,202.392,0
8.8279,0.319,0.0008223496843129396,-0.75,0.3845,202.411,0
8.8291,0.319,0.0006216265028342605,-0.783,0.3845,202.413,0
8.8303,0.319,0.0004333296965342015,-0.815,0.3845,202.398,0
8.8315,0.319,0.00045536700054071844,-0.811,0.3845,202.393,0
8.8328,0.319,0.0006327062728814781,-0.782,0.3845,202.394,0
8.8341,0.319,0.0006816168897785246,-0.773,0.3845,202.391,0
8.8353,0.319,0.0008176973788067698,-0.75,0.3845,202.377,0
8.8366,0.319,0.0008339195046573877,-0.748,0.3845,202.422,0
8.8378,0.319,0.0009321692632511258,-0.731,0.3845,202.371,0
8.839,0.319,0.0009451468358747661,-0.729,0.3845,202.397,0
8.8402,0.319,0.0007799281156621873,-0.757,0.3845,202.399,0
8.8413,0.319,0.0007875798619352281,-0.756,0.3845,202.396,0
8.8425,0.324,0.0007863555802032351,-0.75,0.3853,202.399,0
8.8439,0.324,0.0006647829432040453,-0.771,0.3853,202.424,0
8.845,0.324,0.000490075908601284,-0.8,0.3853,202.361,0
8.8462,0.324,0.00033728376729413867,-0.825,0.3853,202.389,0
8.8474,0.324,0.00040737466770224273,-0.814,0.3853,202.372,0
8.8487,0.324,0.00037242102553136647,-0.82,0.3853,202.401,0
8.85,0.324,0.0003677686909213662,-0.82,0.3853,202.371,0
8.8512,0.324,0.0005249682581052184,-0.794,0.3853,202.403,0
8.8524,0.324,0.0007321191369555891,-0.759,0.3853,202.37,0
8.8537,0.324,0.0008843602263368666,-0.734,0.3853,202.387,0
8.855,0.324,0.0007978023495525122,-0.748,0.3853,202.382,0
8.8562,0.324,0.0008753613801673055,-0.735,0.3853,202.377,0
8.8575,0.324,0.0007874570437707007,-0.75,0.3853,202.406,0
8.8587,0.324,0.0008952563512139022,-0.732,0.3853,202.372,0
8.86,0.324,0.0009523085318505764,-0.723,0.3853,202.372,0
8.8612,0.324,0.0010889399563893676,-0.7,0.3853,202.369,0
8.8624,0.33,0.0013094355817884207,-0.658,0.386,202.369,0
8.8637,0.33,0.0017316339071840048,-0.588,0.386,202.398,0
8.865,0.33,0.0018669801065698266,-0.566,0.386,202.379,0
8.8662,0.33,0.0019457023590803146,-0.553,0.386,202.363,0
8.8674,0.33,0.0023551678750663996,-0.486,0.386,202.379,0
8.8686,0.335,0.0029345047660171986,-0.388,0.3868,202.379,0
8.8699,0.335,0.0034425263293087482,-0.307,0.3868,202.361,0
8.8712,0.341,0.004016476683318615,-0.214,0.3876,202.391,0
8.8724,0.341,0.004712121095508337,-0.109,0.3876,202.38,0
8.8736,0.346,0.0053213308565318584,-0.015,0.3883,202.327,0
8.8749,0.346,0.006287300027906895,0.122,0.3883,202.357,0
8.8761,0.352,0.007548385299742222,0.292,0.3891,202.394,0
8.8773,0.357,0.00845283456146717,0.405,0.3899,202.336,0
8.8785,0.363,0.009444819763302803,0.521,0.3906,202.319,0
8.8797,0.368,0.010327781550586224,0.616,0.3914,202.364,0
8.881,0.374,0.01169397309422493,0.749,0.3922,202.305,0
8.8822,0.385,0.013219750486314297,0.878,0.3937,202.299,0
8.8835,0.39,0.014889444224536419,0.996,0.3944,202.309,0
8.8847,0.401,0.016790224239230156,1.106,0.396,202.304,0
8.886,0.412,0.018884262070059776,1.2,0.3975,202.291,0
8.8872,0.423,0.020780447870492935,1.264,0.399,202.276,0
8.8884,0.439,0.023111019283533096,1.321,0.4013,202.223,0
8.8897,0.45,0.025431672111153603,1.36,0.4028,202.256,0
8.891,0.467,0.027742713689804077,1.385,0.4051,202.227,0
8.8922,0.483,0.03062134049832821,1.401,0.4074,202.196,0
8.8934,0.5,0.032855186611413956,1.406,0.4097,202.176,0
8.8947,0.522,0.035117872059345245,1.406,0.4128,202.15,0
8.8961,0.544,0.03795120492577553,1.403,0.4158,202.148,0
8.8973,0.56,0.040014199912548065,1.398,0.4181,202.102,0
8.8985,0.582,0.04167618229985237,1.394,0.4211,202.072,0
8.8997,0.604,0.04318457841873169,1.391,0.4242,202.081,0
8.9009,0.626,0.0448223277926445,1.389,0.4272,202.025,0
8.9021,0.648,0.04587681591510773,1.389,0.4303,202.002,0
8.9034,0.67,0.046672601252794266,1.392,0.4333,201.982,0
8.9047,0.692,0.0479094497859478,1.394,0.4364,201.937,0
8.9061,0.72,0.04926082864403725,1.398,0.4402,201.909,0
8.9074,0.742,0.049773987382650375,1.406,0.4433,201.929,0
8.9086,0.764,0.05039152875542641,1.414,0.4463,201.871,0
8.9099,0.791,0.05156887322664261,1.424,0.4501,201.867,0
8.9112,0.818,0.05288517847657204,1.434,0.4539,201.824,0
8.9124,0.84,0.05422407388687134,1.441,0.457,201.738,0
8.9137,0.868,0.056380365043878555,1.449,0.4608,201.761,0
8.915,0.895,0.05766048654913902,1.463,0.4646,201.677,0
8.9163,0.928,0.05980546027421951,1.479,0.4692,201.701,0
8.9177,0.961,0.06229861453175545,1.494,0.4738,201.66,0
8.919,0.994,0.06390311568975449,1.516,0.4784,201.625,0
8.9203,1.027,0.0654066726565361,1.54,0.4829,201.615,0
8.9215,1.055,0.065261110663414,1.569,0.4868,201.5,0
8.923,1.088,0.06522554159164429,1.605,0.4913,201.487,0
8.9243,1.121,0.06502451002597809,1.643,0.4959,201.44,0
8.9256,1.148,0.06446708738803864,1.678,0.4997,201.466,0
8.9269,1.176,0.06380222737789154,1.714,0.5035,201.406,0
8.9282,1.208,0.06355209648609161,1.756,0.5081,201.367,0
8.9294,1.236,0.06334764510393143,1.791,0.5119,201.349,0
8.9306,1.263,0.06334568560123444,1.825,0.5157,201.304,0
8.9318,1.291,0.06366614252328873,1.858,0.5196,201.282,0
8.933,1.318,0.06416497379541397,1.89,0.5234,201.245,0
8.9342,1.351,0.06507512181997299,1.927,0.528,201.214,0
8.9354,1.379,0.06620392948389053,1.956,0.5318,201.222,0
8.9367,1.412,0.06768018752336502,1.99,0.5363,201.145,0
8.9379,1.445,0.06895607709884644,2.026,0.5409,201.064,0
8.9392,1.478,0.07092596590518951,2.057,0.5455,201.064,0
8.9404,1.516,0.07340583950281143,2.092,0.5508,201.034,0
8.9417,1.549,0.07465241104364395,2.127,0.5554,200.976,0
8.9429,1.582,0.07523542642593384,2.166,0.56,200.962,0
8.9443,1.62,0.07661925256252289,2.206,0.5653,200.955,0
8.9455,1.659,0.07771150767803192,2.246,0.5707,200.893,0
8.9469,1.692,0.07780656963586807,2.286,0.5753,200.829,0
8.9482,1.73,0.07819681614637375,2.329,0.5806,200.776,0
8.9494,1.769,0.07883987575769424,2.369,0.5859,200.771,0
8.9507,1.807,0.07955706119537354,2.407,0.5913,200.682,0
8.952,1.84,0.08069553226232529,2.435,0.5959,200.666,0
8.9532,1.884,0.08216162770986557,2.472,0.602,200.651,0
8.9544,1.923,0.08452972024679184,2.495,0.6073,200.551,0
8.9557,1.961,0.08607207983732224,2.522,0.6126,200.539,0
8.957,2.005,0.08818143606185913,2.547,0.6187,200.484,0
8.9582,2.049,0.08951225131750107,2.575,0.6248,200.418,0
8.9594,2.093,0.09145747870206833,2.597,0.631,200.382,0
8.9607,2.131,0.09236953407526016,2.618,0.6363,200.357,0
8.962,2.175,0.09295794367790222,2.643,0.6424,200.298,0
8.9632,2.219,0.09356451779603958,2.664,0.6485,200.272,0
8.9644,2.263,0.09403519332408905,2.684,0.6546,200.179,0
8.9657,2.302,0.09461043030023575,2.698,0.6599,200.136,0
8.9669,2.346,0.09522214531898499,2.712,0.666,200.114,0
8.9682,2.395,0.09695250540971756,2.719,0.6729,200.033,0
8.9694,2.439,0.09845490008592606,2.722,0.679,199.992,0
8.9707,2.488,0.09991107881069183,2.724,0.6859,199.966,0
8.972,2.532,0.10135260224342346,2.723,0.692,199.886,0
8.9732,2.582,0.10270318388938904,2.721,0.6989,199.849,0
8.9745,2.626,0.10335664451122284,2.72,0.705,199.786,0
8.9757,2.675,0.10400166362524033,2.718,0.7118,199.682,0
8.9769,2.719,0.10400116443634033,2.718,0.7179,199.683,0
8.9782,2.769,0.10382289439439774,2.717,0.7248,199.604,0
8.9794,2.812,0.10446111112833023,2.711,0.7309,199.565,0
8.9806,2.856,0.10456757247447968,2.707,0.737,199.535,0
8.9818,2.906,0.10493804514408112,2.7,0.7439,199.499,0
8.983,2.95,0.10546669363975525,2.693,0.75,199.412,0
8.9842,2.994,0.10518047958612442,2.69,0.7561,199.411,0
8.9855,3.043,0.1054423376917839,2.684,0.7629,199.362,0
8.9867,3.093,0.10625870525836945,2.675,0.7698,199.291,0
8.988,3.137,0.1056838184595108,2.675,0.7759,199.236,0
8.9892,3.186,0.10444086045026779,2.68,0.7828,199.195,0
8.9904,3.23,0.10358545184135437,2.684,0.7889,199.15,0
8.9917,3.274,0.10208618640899658,2.694,0.795,199.125,0
8.993,3.318,0.10130424052476883,2.7,0.8011,199.058,0
8.9942,3.367,0.10220789909362793,2.699,0.808,199.024,0
8.9955,3.411,0.10307732224464417,2.7,0.8141,198.972,0
8.9969,3.466,0.10381950438022614,2.705,0.8217,198.916,0
8.9981,3.516,0.10505359619855881,2.71,0.8286,198.844,0
8.9993,3.56,0.10601784288883209,2.717,0.8347,198.798,0
9.0006,3.615,0.10735385864973068,2.729,0.8423,198.768,0
9.0018,3.658,0.10848270356655121,2.742,0.8484,198.72,0
9.0031,3.708,0.10922333598136902,2.762,0.8553,198.688,0
9.0044,3.763,0.10875920206308365,2.796,0.8629,198.631,0
9.0057,3.812,0.1091388612985611,2.825,0.8698,198.573,0
9.007,3.862,0.1087803915143013,2.862,0.8766,198.521,0
9.0083,3.911,0.10874755680561066,2.901,0.8835,198.487,0
9.0095,3.966,0.109223872423172,2.945,0.8911,198.418,0
9.0109,4.016,0.10950565338134766,2.988,0.898,198.395,0
9.0122,4.07,0.10975215584039688,3.04,0.9056,198.36,0
9.0134,4.12,0.11042410880327225,3.088,0.9125,198.275,0
9.0146,4.169,0.11153295636177063,3.135,0.9193,198.261,0
9.016,4.219,0.11255969852209091,3.185,0.9262,198.187,0
9.0172,4.274,0.11400339007377625,3.241,0.9338,198.136,0
9.0185,4.329,0.11583323031663895,3.297,0.9415,198.128,0
9.0198,4.384,0.11707344651222229,3.358,0.9491,198.024,0
9.021,4.444,0.11867529898881912,3.425,0.9575,198.0,0
9.0223,4.499,0.1201702281832695,3.486,0.9651,197.944,0
9.0236,4.554,0.12185876816511154,3.546,0.9727,197.92,0
9.0249,4.614,0.12386821210384369,3.61,0.9811,197.877,0
9.0261,4.675,0.12467991560697556,3.68,0.9895,197.824,0
9.0274,4.73,0.12478973716497421,3.746,0.9972,197.799,0
9.0287,4.79,0.12397553026676178,3.821,0.0056,197.747,0
9.03,4.845,0.12427660077810287,3.88,0.0132,197.722,0
9.0312,4.9,0.12353639304637909,3.941,0.0208,197.731,0
9.0325,4.955,0.12346537411212921,3.994,0.0284,197.671,0
9.0338,5.015,0.12391878664493561,4.043,0.0368,197.616,0
9.035,5.07,0.12401857227087021,4.085,0.0445,197.577,0
9.0365,5.136,0.12431973963975906,4.125,0.0536,197.529,0
9.0378,5.191,0.1237461045384407,4.157,0.0612,197.444,0
9.0391,5.246,0.12297584116458893,4.183,0.0689,197.463,0
9.0403,5.301,0.12166211009025574,4.206,0.0765,197.415,0
9.0416,5.356,0.12072712928056717,4.218,0.0841,197.352,0
9.0429,5.405,0.12034618109464645,4.22,0.091,197.321,0
9.0442,5.466,0.12095155566930771,4.208,0.0994,197.285,0
9.0454,5.521,0.12078151106834412,4.192,0.107,197.211,0
9.0465,5.57,0.1208750382065773,4.169,0.1139,197.166,0
9.0479,5.625,0.12116439640522003,4.135,0.1215,197.177,0
9.0492,5.68,0.12034253031015396,4.1,0.1292,197.1,0
9.0504,5.735,0.11847234517335892,4.063,0.1368,197.082,0
9.0517,5.784,0.11601737886667252,4.027,0.1436,197.026,0
9.053,5.834,0.11472104489803314,3.978,0.1505,196.972,0
9.0542,5.883,0.11275636404752731,3.927,0.1574,196.959,0
9.0554,5.933,0.11205624043941498,3.862,0.1642,196.915,0
9.0567,5.982,0.11128027737140656,3.793,0.1711,196.865,0
9.058,6.031,0.11163023114204407,3.711,0.178,196.831,0
9.0593,6.081,0.11201631277799606,3.624,0.1848,196.776,0
9.0604,6.136,0.11320926249027252,3.517,0.1925,196.739,0
9.0617,6.185,0.11352720856666565,3.422,0.1993,196.684,0
9.063,6.235,0.1130814328789711,3.326,0.2062,196.656,0
9.0643,6.284,0.11211729794740677,3.231,0.2131,196.614,0
9.0657,6.339,0.11059408634901047,3.125,0.2207,196.584,0
9.0669,6.389,0.10948409140110016,3.025,0.2276,196.552,0
9.0681,6.438,0.1087125837802887,2.921,0.2344,196.494,0
9.0694,6.482,0.10808379203081131,2.828,0.2405,196.43,0
9.0707,6.531,0.1069982573390007,2.724,0.2474,196.385,0
9.072,6.575,0.10609924793243408,2.631,0.2535,196.358,0
9.0732,6.625,0.10573398321866989,2.522,0.2604,196.327,0
9.0744,6.674,0.10559643805027008,2.413,0.2672,196.246,0
9.0757,6.718,0.1050284281373024,2.32,0.2733,196.226,0
9.0769,6.768,0.10380291938781738,2.22,0.2802,196.153,0
9.0782,6.806,0.10231692343950272,2.148,0.2856,196.144,0
9.0794,6.85,0.10083375871181488,2.065,0.2917,196.079,0
9.0807,6.894,0.09874854236841202,1.988,0.2978,196.092,0
9.0819,6.932,0.09679774940013885,1.924,0.3031,196.021,0
9.0832,6.976,0.09503195434808731,1.851,0.3092,196.0,0
9.0844,7.015,0.0928088054060936,1.793,0.3145,195.961,0
9.0857,7.053,0.09189639240503311,1.73,0.3199,195.894,0
9.0869,7.092,0.09152727574110031,1.667,0.3252,195.844,0
9.0881,7.13,0.09014498442411423,1.613,0.3306,195.844,0
9.0894,7.174,0.09069027751684189,1.543,0.3367,195.753,0
9.0906,7.213,0.09067706763744354,1.488,0.342,195.745,0
9.0919,7.256,0.0908215194940567,1.428,0.3481,195.68,0
9.0932,7.295,0.09030274301767349,1.384,0.3535,195.616,0
9.0944,7.339,0.09042124450206757,1.333,0.3596,195.636,0
9.0957,7.377,0.0903608426451683,1.294,0.3649,195.559,0
9.097,7.416,0.08935568481683731,1.264,0.3702,195.526,0
9.0982,7.454,0.08900552242994308,1.235,0.3756,195.46,0
9.0994,7.498,0.08878593891859055,1.205,0.3817,195.426,0
9.1007,7.537,0.08827637135982513,1.185,0.387,195.346,0
9.1019,7.575,0.08848732709884644,1.164,0.3924,195.35,0
9.1032,7.614,0.0884728878736496,1.149,0.3977,195.288,0
9.1044,7.657,0.08877841383218765,1.135,0.4038,195.226,0
9.1057,7.696,0.08875026553869247,1.129,0.4091,195.185,0
9.107,7.734,0.08875663578510284,1.127,0.4145,195.173,0
9.1082,7.773,0.08849263191223145,1.13,0.4198,195.129,0
9.1095,7.817,0.0891508162021637,1.132,0.4259,195.046,0
9.1107,7.855,0.0894387736916542,1.14,0.4313,194.998,0
9.112,7.894,0.0889953225851059,1.155,0.4366,194.958,0
9.1132,7.938,0.08901093900203705,1.174,0.4427,194.902,0
9.1145,7.976,0.08972740173339844,1.19,0.4481,194.879,0
9.1157,8.015,0.09016687422990799,1.211,0.4534,194.808,0
9.117,8.058,0.09028102457523346,1.241,0.4595,194.771,0
9.1182,8.097,0.09082603454589844,1.268,0.4648,194.724,0
9.1195,8.141,0.09206763654947281,1.297,0.4709,194.678,0
9.1207,8.185,0.0935756117105484,1.329,0.4771,194.604,0
9.122,8.229,0.095171719789505,1.363,0.4832,194.54,0
9.1232,8.278,0.09699954092502594,1.405,0.49,194.505,0
9.1245,8.322,0.09772317856550217,1.449,0.4961,194.436,0
9.1259,8.366,0.09753377735614777,1.502,0.5022,194.405,0
9.1271,8.416,0.0975843295454979,1.561,0.5091,194.342,0
9.1284,8.459,0.09794354438781738,1.613,0.5152,194.322,0
9.1297,8.503,0.09680667519569397,1.676,0.5213,194.258,0
9.131,8.547,0.09703132510185242,1.731,0.5274,194.183,0
9.1322,8.591,0.09666842222213745,1.79,0.5335,194.145,0
9.1335,8.635,0.0969349667429924,1.846,0.5396,194.085,0
9.1347,8.679,0.09879517555236816,1.892,0.5457,194.042,0
9.136,8.723,0.09964875876903534,1.944,0.5518,193.973,0
9.1372,8.773,0.10094884037971497,1.999,0.5587,193.942,0
9.1386,8.822,0.10195130109786987,2.056,0.5656,193.874,0
9.1399,8.871,0.1024274230003357,2.113,0.5724,193.796,0
9.1411,8.921,0.10267339646816254,2.171,0.5793,193.765,0
9.1424,8.965,0.10277601331472397,2.221,0.5854,193.724,0
9.1436,9.009,0.10231421142816544,2.272,0.5915,193.628,0
9.1449,9.053,0.10285241901874542,2.316,0.5976,193.609,0
9.1461,9.108,0.10481694340705872,2.359,0.6052,193.563,0
9.1473,9.152,0.10665741562843323,2.389,0.6113,193.484,0
9.1486,9.207,0.10843302309513092,2.427,0.619,193.446,0
9.1499,9.256,0.11017065495252609,2.457,0.6258,193.335,0
9.1511,9.311,0.11225514113903046,2.485,0.6335,193.289,0
9.1524,9.366,0.11343132704496384,2.514,0.6411,193.248,0
9.1537,9.421,0.11428415775299072,2.541,0.6487,193.19,0
9.155,9.476,0.11543279141187668,2.562,0.6563,193.143,0
9.1563,9.525,0.11482371389865875,2.587,0.6632,193.036,0
9.1575,9.58,0.11466578394174576,2.608,0.6708,192.996,0
9.1587,9.63,0.11614484339952469,2.613,0.6777,192.952,0
9.16,9.679,0.11721683293581009,2.619,0.6846,192.86,0
9.1613,9.739,0.1184656098484993,2.621,0.693,192.826,0
9.1626,9.794,0.11918354034423828,2.623,0.7006,192.751,0
9.1639,9.849,0.11896131932735443,2.628,0.7082,192.701,0
9.1651,9.904,0.11924022436141968,2.627,0.7159,192.655,0
9.1663,9.959,0.11849965900182724,2.63,0.7235,192.565,0
9.1675,10.009,0.11848226189613342,2.627,0.7303,192.511,0
9.1688,10.063,0.1184852123260498,2.623,0.738,192.449,0
9.17,10.113,0.11906284093856812,2.615,0.7448,192.41,0
9.1712,10.168,0.11988776177167892,2.605,0.7525,192.344,0
9.1725,10.223,0.12109063565731049,2.592,0.7601,192.299,0
9.1737,10.278,0.12184405326843262,2.583,0.7677,192.231,0
9.175,10.333,0.12179850041866302,2.579,0.7754,192.179,0
9.1762,10.388,0.12184906750917435,2.576,0.783,192.122,0
9.1775,10.443,0.12078001350164413,2.581,0.7906,192.036,0
9.1789,10.497,0.11930438876152039,2.591,0.7982,192.002,0
9.1802,10.552,0.11830597370862961,2.601,0.8059,191.939,0
9.1815,10.607,0.1180529072880745,2.609,0.8135,191.879,0
9.1828,10.662,0.11745335906744003,2.623,0.8211,191.808,0
9.1841,10.717,0.11782629042863846,2.634,0.8288,191.78,0
9.1853,10.772,0.1180061399936676,2.65,0.8364,191.714,0
9.1866,10.827,0.11866799741983414,2.667,0.844,191.666,0
9.1879,10.876,0.11840956658124924,2.691,0.8509,191.641,0
9.1892,10.931,0.11760031431913376,2.724,0.8585,191.574,0
9.1905,10.986,0.11787774413824081,2.756,0.8661,191.484,0
9.1919,11.047,0.11728113889694214,2.8,0.8745,191.489,0
9.1932,11.102,0.11728481203317642,2.842,0.8822,191.403,0
9.1944,11.157,0.11741642653942108,2.887,0.8898,191.376,0
9.1957,11.212,0.11847225576639175,2.931,0.8974,191.314,0
9.197,11.261,0.1177796944975853,2.983,0.9043,191.275,0
9.1983,11.321,0.11816191673278809,3.043,0.9127,191.203,0
9.1995,11.371,0.11722520738840103,3.102,0.9196,191.145,0
9.2008,11.42,0.11542586237192154,3.169,0.9264,191.132,0
9.2021,11.47,0.11495989561080933,3.23,0.9333,191.057,0
9.2033,11.525,0.11464735120534897,3.299,0.9409,190.972,0
9.2046,11.574,0.1152888759970665,3.357,0.9478,190.954,0
9.2058,11.629,0.1158667504787445,3.422,0.9554,190.903,0
9.2071,11.684,0.11832598596811295,3.478,0.963,190.875,0
9.2084,11.744,0.12042196840047836,3.542,0.9714,190.83,0
9.2098,11.805,0.12334814667701721,3.602,0.9798,190.789,0
9.211,11.865,0.12509287893772125,3.666,0.9882,190.745,0
9.2123,11.926,0.12601685523986816,3.734,0.9966,190.662,0
9.2136,11.981,0.12651532888412476,3.795,0.0042,190.659,0
9.2148,12.041,0.12631838023662567,3.863,0.0126,190.624,0
9.2161,12.101,0.12649692595005035,3.925,0.021,190.584,0
9.2173,12.156,0.12706045806407928,3.974,0.0287,190.567,0
9.2186,12.217,0.12751051783561707,4.023,0.037,190.536,0
9.2199,12.277,0.12890921533107758,4.06,0.0454,190.475,0
9.2212,12.338,0.12903453409671783,4.098,0.0538,190.373,0
9.2225,12.398,0.12909629940986633,4.128,0.0622,190.389,0
9.2237,12.453,0.1278371661901474,4.156,0.0699,190.349,0
9.225,12.508,0.1262761801481247,4.179,0.0775,190.318,0
9.2263,12.557,0.12414534389972687,4.198,0.0844,190.271,0
9.2276,12.618,0.12340567260980606,4.201,0.0927,190.233,0
9.2289,12.673,0.12271621078252792,4.195,0.1004,190.139,0
9.2302,12.733,0.12405094504356384,4.167,0.1088,190.094,0
9.2315,12.794,0.1244632825255394,4.135,0.1172,190.088,0
9.2328,12.854,0.125348761677742,4.09,0.1255,190.037,0
9.2341,12.909,0.12471622228622437,4.049,0.1332,189.973,0
9.2354,12.964,0.1233973503112793,4.004,0.1408,189.908,0
9.2366,13.019,0.12165915220975876,3.954,0.1484,189.898,0
9.238,13.068,0.12051559239625931,3.9,0.1553,189.903,0
9.2392,13.123,0.11775922775268555,3.842,0.1629,189.821,0
9.2405,13.178,0.11667806655168533,3.766,0.1706,189.778,0
9.2419,13.233,0.11564231663942337,3.684,0.1782,189.717,0
9.2432,13.288,0.11564789712429047,3.59,0.1858,189.688,0
9.2445,13.343,0.11663583666086197,3.484,0.1935,189.599,0
9.246,13.398,0.11679677665233612,3.378,0.2011,189.586,0
9.2473,13.464,0.1170116513967514,3.244,0.2102,189.515,0
9.2486,13.513,0.11538830399513245,3.151,0.2171,189.499,0
9.2499,13.563,0.11365047842264175,3.056,0.224,189.446,0
9.2512,13.618,0.1129821240901947,2.941,0.2316,189.429,0
9.2525,13.667,0.11140651255846024,2.841,0.2385,189.384,0
9.2539,13.716,0.11014414578676224,2.738,0.2453,189.312,0
9.2552,13.771,0.10941378027200699,2.62,0.253,189.292,0
9.2567,13.821,0.10930763185024261,2.51,0.2598,189.22,0
9.2581,13.881,0.10991700738668442,2.372,0.2682,189.184,0
9.2594,13.931,0.10973428189754486,2.265,0.2751,189.132,0
9.2607,13.986,0.10954848676919937,2.148,0.2827,189.087,0
9.262,14.035,0.1080966517329216,2.052,0.2896,189.015,0
9.2633,14.079,0.10561566054821014,1.977,0.2957,188.987,0
9.2645,14.123,0.10349946469068527,1.902,0.3018,188.955,0
9.2659,14.167,0.10118155926465988,1.831,0.3079,188.88,0
9.2672,14.216,0.09905758500099182,1.753,0.3148,188.877,0
9.2685,14.26,0.09781699627637863,1.683,0.3209,188.822,0
9.2697,14.299,0.0960419625043869,1.629,0.3262,188.792,0
9.2709,14.343,0.09493177384138107,1.565,0.3323,188.72,0
9.2721,14.381,0.0944831371307373,1.51,0.3376,188.719,0
9.2734,14.42,0.0933212861418724,1.462,0.343,188.699,0
9.2748,14.464,0.09313526004552841,1.405,0.3491,188.579,0
9.276,14.507,0.09283830225467682,1.354,0.3552,188.573,0
9.2773,14.546,0.09270650893449783,1.312,0.3605,188.534,0
9.2785,14.59,0.09170978516340256,1.274,0.3666,188.471,0
9.2797,14.628,0.09061354398727417,1.246,0.372,188.467,0
9.281,14.667,0.08958306163549423,1.222,0.3773,188.41,0
9.2823,14.705,0.0890984907746315,1.198,0.3827,188.337,0
9.2835,14.744,0.0892222598195076,1.175,0.388,188.338,0
9.2848,14.782,0.08906284719705582,1.158,0.3933,188.262,0
9.2861,14.826,0.08917927742004395,1.141,0.3994,188.231,0
9.2873,14.87,0.09105901420116425,1.119,0.4055,188.129,0
9.2885,14.908,0.0909399464726448,1.115,0.4109,188.098,0
9.2899,14.952,0.09054646641016006,1.116,0.417,188.069,0
9.2911,14.996,0.09004657715559006,1.123,0.4231,188.013,0
9.2923,15.035,0.08981351554393768,1.132,0.4284,187.981,0
9.2936,15.068,0.08865182846784592,1.148,0.433,187.962,0
9.2949,15.106,0.08692250400781631,1.173,0.4384,187.891,0
9.2961,15.15,0.08616190403699875,1.198,0.4445,187.848,0
9.2974,15.183,0.0856199711561203,1.219,0.449,187.814,0
9.2987,15.222,0.08475310355424881,1.248,0.4544,187.761,0
9.3,15.26,0.0849439799785614,1.274,0.4597,187.715,0
9.3012,15.304,0.08603808283805847,1.302,0.4658,187.652,0
9.3025,15.342,0.08718855679035187,1.328,0.4712,187.588,0
9.3039,15.392,0.08952818810939789,1.36,0.478,187.544,0
9.3051,15.436,0.09137272834777832,1.393,0.4841,187.498,0
9.3064,15.48,0.09289533644914627,1.431,0.4902,187.472,0
9.3077,15.524,0.09431491792201996,1.471,0.4963,187.404,0
9.309,15.568,0.09557735919952393,1.515,0.5024,187.338,0
9.3103,15.612,0.09584720432758331,1.566,0.5085,187.309,0
9.3115,15.661,0.09699402749538422,1.621,0.5154,187.257,0
9.3128,15.705,0.09666112810373306,1.679,0.5215,187.194,0
9.3141,15.749,0.09747295081615448,1.73,0.5276,187.134,0
9.3153,15.793,0.09793207794427872,1.785,0.5337,187.099,0
9.3165,15.837,0.09854581952095032,1.838,0.5398,187.041,0
9.3179,15.886,0.09998557716608047,1.894,0.5467,186.986,0
9.3191,15.936,0.10102255642414093,1.952,0.5536,186.903,0
9.3204,15.98,0.10253296792507172,1.999,0.5597,186.866,0
9.3217,16.035,0.10367731004953384,2.061,0.5673,186.792,0
9.323,16.078,0.10436351597309113,2.11,0.5734,186.752,0
9.3243,16.128,0.10435520112514496,2.169,0.5803,186.706,0
9.3254,16.172,0.10338763892650604,2.225,0.5864,186.654,0
9.3267,16.216,0.10382262617349625,2.271,0.5925,186.611,0
9.3279,16.265,0.10401337593793869,2.322,0.5993,186.516,0
9.3292,16.315,0.10478676855564117,2.366,0.6062,186.497,0
9.3304,16.364,0.10580561310052872,2.406,0.6131,186.425,0
9.3318,16.414,0.107761912047863,2.437,0.6199,186.394,0
9.333,16.469,0.10875468701124191,2.475,0.6276,186.338,0
9.3342,16.518,0.110954150557518,2.497,0.6344,186.217,0
9.3355,16.567,0.1114225685596466,2.527,0.6413,186.216,0
9.3367,16.617,0.11255589127540588,2.549,0.6482,186.148,0
9.338,16.672,0.11319044977426529,2.573,0.6558,186.057,0
9.3393,16.721,0.1140151172876358,2.59,0.6627,186.008,0
9.3405,16.776,0.11431776732206345,2.608,0.6703,185.94,0
9.3417,16.826,0.11567440629005432,2.615,0.6772,185.868,0
9.343,16.88,0.11638046056032181,2.624,0.6848,185.798,0
9.3443,16.935,0.11814063042402267,2.623,0.6924,185.775,0
9.3455,16.99,0.11885610222816467,2.625,0.7,185.697,0
9.3468,17.045,0.11920636892318726,2.626,0.7077,185.6,0
9.3481,17.1,0.12018946558237076,2.621,0.7153,185.566,0
9.3493,17.155,0.12060670554637909,2.617,0.7229,185.516,0
9.3505,17.21,0.12009213864803314,2.617,0.7306,185.451,0
9.3518,17.265,0.12073404341936111,2.609,0.7382,185.387,0
9.353,17.32,0.12128962576389313,2.601,0.7458,185.349,0
9.3544,17.375,0.12170527130365372,2.593,0.7534,185.247,0
9.3558,17.441,0.12268237769603729,2.581,0.7626,185.21,0
9.357,17.496,0.1237298846244812,2.57,0.7702,185.154,0
9.3583,17.556,0.12413915246725082,2.563,0.7786,185.08,0
9.3596,17.611,0.12396139651536942,2.562,0.7863,185.008,0
9.3609,17.666,0.12328805774450302,2.566,0.7939,184.964,0
9.3621,17.721,0.12215692549943924,2.575,0.8015,184.908,0
9.3634,17.776,0.12107110023498535,2.587,0.8091,184.85,0
9.3647,17.831,0.12084691971540451,2.596,0.8168,184.787,0
9.3659,17.886,0.12122179567813873,2.605,0.8244,184.725,0
9.3671,17.941,0.12123452872037888,2.62,0.832,184.64,0
9.3684,17.99,0.12091071158647537,2.639,0.8389,184.591,0
9.3697,18.045,0.11973464488983154,2.668,0.8465,184.545,0
9.371,18.1,0.11839857697486877,2.702,0.8542,184.508,0
9.3724,18.149,0.11759690940380096,2.735,0.861,184.477,0
9.3737,18.21,0.11696958541870117,2.776,0.8694,184.398,0
9.375,18.265,0.11675311625003815,2.817,0.877,184.322,0
9.3762,18.32,0.11771222203969955,2.854,0.8847,184.322,0
9.3775,18.375,0.11809701472520828,2.899,0.8923,184.209,0
9.3788,18.43,0.1193203404545784,2.943,0.8999,184.209,0
9.38,18.484,0.11899089813232422,2.999,0.9076,184.138,0
9.3814,18.539,0.11829707771539688,3.061,0.9152,184.069,0
9.3826,18.589,0.11700835824012756,3.124,0.9221,184.046,0
9.3839,18.638,0.1156821921467781,3.189,0.9289,184.005,0
9.3851,18.688,0.11402584612369537,3.258,0.9358,183.973,0
9.3864,18.737,0.11271852254867554,3.326,0.9427,183.913,0
9.3876,18.787,0.11160723119974136,3.394,0.9495,183.843,0
9.3889,18.836,0.11130078881978989,3.459,0.9564,183.807,0
9.3902,18.891,0.11358460038900375,3.515,0.964,183.768,0
9.3914,18.951,0.1163979023694992,3.576,0.9724,183.722,0
9.3927,19.006,0.11921697109937668,3.628,0.98,183.69,0
9.394,19.061,0.12182925641536713,3.681,0.9877,183.611,0
9.3952,19.127,0.12370573729276657,3.75,0.9968,183.586,0
9.3965,19.182,0.12481440603733063,3.807,0.0045,183.584,0
9.3979,19.243,0.1258496642112732,3.868,0.0128,183.514,0
9.3992,19.303,0.12733547389507294,3.921,0.0212,183.496,0
9.4004,19.363,0.12847456336021423,3.971,0.0296,183.441,0
9.4018,19.429,0.1302911788225174,4.016,0.0388,183.415,0
9.4031,19.49,0.13204458355903625,4.05,0.0472,183.347,0
9.4044,19.556,0.13270357251167297,4.086,0.0563,183.279,0
9.4057,19.622,0.1335851103067398,4.111,0.0655,183.221,0
9.407,19.682,0.13132920861244202,4.144,0.0739,183.157,0
9.4083,19.737,0.12941966950893402,4.165,0.0815,183.185,0
9.4096,19.792,0.12727396190166473,4.179,0.0891,183.095,0
9.4109,19.852,0.12612423300743103,4.179,0.0975,183.073,0
9.4121,19.907,0.12553074955940247,4.168,0.1052,182.973,0
9.4134,19.962,0.12598398327827454,4.143,0.1128,182.964,0
9.4147,20.028,0.12710966169834137,4.098,0.1219,182.931,0
9.416,20.083,0.1270109862089157,4.057,0.1296,182.863,0
9.4172,20.143,0.12732818722724915,4.001,0.138,182.835,0
9.4184,20.193,0.12655247747898102,3.954,0.1448,182.818,0
9.4197,20.248,0.12529996037483215,3.897,0.1525,182.741,0
9.4209,20.303,0.12335295230150223,3.837,0.1601,182.706,0
9.4223,20.352,0.12054338306188583,3.783,0.167,182.671,0
9.4236,20.413,0.11909595876932144,3.697,0.1754,182.62,0
9.4327,20.468,0.11818256229162216,3.61,0.183,182.571,0
9.4406,20.852,0.111529640853405,2.873,0.2364,182.255,0
9.4423,21.171,0.11465299129486084,2.149,0.2806,182.035,0
9.4453,21.231,0.11451508849859238,2.022,0.289,181.899,0
9.4478,21.352,0.11219319701194763,1.794,0.3058,181.83,0
9.4494,21.451,0.10918362438678741,1.631,0.3195,181.729,0
9.451,21.506,0.10801613330841064,1.545,0.3272,181.655,0
9.4533,21.566,0.10648245364427567,1.46,0.3356,181.63,0
9.455,21.654,0.10367116332054138,1.354,0.3478,181.53,0
9.4579,21.703,0.10209164023399353,1.303,0.3546,181.48,0
9.4599,21.813,0.09823363274335861,1.213,0.3699,181.345,0
9.4633,21.874,0.09655018895864487,1.175,0.3783,181.306,0
9.4655,21.995,0.09433019161224365,1.121,0.3951,181.135,0
9.4672,22.066,0.09477412700653076,1.098,0.405,181.06,0
9.4702,22.121,0.09600111097097397,1.084,0.4126,181.039,0
9.4719,22.231,0.09601689130067825,1.094,0.4279,180.928,0
9.4735,22.28,0.09438024461269379,1.118,0.4348,180.833,0
9.475,22.335,0.0924970880150795,1.152,0.4424,180.814,0
9.4764,22.379,0.09104317426681519,1.184,0.4485,180.76,0
9.4779,22.423,0.08964935690164566,1.22,0.4546,180.718,0
9.4794,22.467,0.08911668509244919,1.254,0.4607,180.63,0
9.4818,22.516,0.08901739120483398,1.295,0.4676,180.612,0
9.4835,22.604,0.09154678136110306,1.36,0.4798,180.477,0
9.4878,22.659,0.09382293373346329,1.403,0.4874,180.431,0
9.4893,22.808,0.09624674916267395,1.559,0.508,180.252,0
9.4906,22.857,0.0962228775024414,1.621,0.5149,180.19,0
9.4919,22.901,0.09612021595239639,1.677,0.521,180.113,0
9.4931,22.945,0.09630128741264343,1.732,0.5271,180.117,0
9.4944,22.989,0.09666682034730911,1.787,0.5332,180.027,0
9.4957,23.038,0.09776359051465988,1.845,0.54,179.979,0
9.497,23.082,0.09836908429861069,1.899,0.5461,179.934,0
9.4983,23.132,0.09987685829401016,1.954,0.553,179.877,0
9.4995,23.181,0.10125461965799332,2.008,0.5599,179.792,0
9.5007,23.225,0.10255677998065948,2.056,0.566,179.775,0
9.502,23.269,0.10305706411600113,2.107,0.5721,179.704,0
9.5032,23.318,0.1033380925655365,2.164,0.5789,179.654,0
9.5044,23.362,0.10306335240602493,2.216,0.5851,179.62,0
9.5058,23.412,0.10314379632472992,2.271,0.5919,179.561,0
9.507,23.461,0.10402461141347885,2.317,0.5988,179.494,0
9.5083,23.505,0.10534759610891342,2.353,0.6049,179.452,0
9.5095,23.56,0.10695375502109528,2.395,0.6125,179.349,0
9.5107,23.604,0.10788410156965256,2.428,0.6186,179.319,0
9.512,23.654,0.10952545702457428,2.459,0.6255,179.268,0
9.5132,23.708,0.11117680370807648,2.49,0.6331,179.194,0
9.5145,23.758,0.11274352669715881,2.513,0.64,179.118,0
9.5157,23.813,0.1134738102555275,2.541,0.6476,179.077,0
9.517,23.868,0.11359760165214539,2.569,0.6552,179.012,0
9.5182,23.917,0.1141323670744896,2.588,0.6621,178.948,0
9.5194,23.967,0.11433754861354828,2.605,0.669,178.893,0
9.5206,24.016,0.11556144803762436,2.613,0.6758,178.823,0
9.5219,24.071,0.11626921594142914,2.623,0.6835,178.781,0
9.5232,24.126,0.11766137927770615,2.624,0.6911,178.743,0
9.5243,24.181,0.11836321651935577,2.627,0.6987,178.637,0
9.5256,24.23,0.11815937608480453,2.632,0.7056,178.586,0
9.527,24.285,0.11728314310312271,2.638,0.7132,178.522,0
9.5282,24.34,0.11718588322401047,2.638,0.7209,178.474,0
9.5295,24.395,0.11726424098014832,2.635,0.7285,178.428,0
9.5308,24.45,0.11700793355703354,2.633,0.7361,178.325,0
9.532,24.5,0.11678817123174667,2.63,0.743,178.276,0
9.5332,24.549,0.1156826838850975,2.632,0.7498,178.206,0
9.5344,24.598,0.11604269593954086,2.625,0.7567,178.159,0
9.5358,24.653,0.11635439842939377,2.618,0.7643,178.099,0
9.537,24.708,0.11670822650194168,2.611,0.772,178.039,0
9.5382,24.758,0.11642743647098541,2.61,0.7788,178.007,0
9.5395,24.807,0.11570853739976883,2.612,0.7857,177.977,0
9.5408,24.857,0.11520634591579437,2.615,0.7926,177.909,0
9.5421,24.911,0.11439813673496246,2.621,0.8002,177.814,0
9.5433,24.966,0.11449313163757324,2.625,0.8078,177.761,0
9.5446,25.016,0.1142072081565857,2.633,0.8147,177.71,0
9.5458,25.065,0.11386959999799728,2.645,0.8216,177.64,0
9.547,25.115,0.11353298276662827,2.659,0.8284,177.605,0
9.5482,25.164,0.11323370039463043,2.676,0.8353,177.568,0
9.5495,25.214,0.11280312389135361,2.696,0.8422,177.508,0
9.5507,25.263,0.11236023902893066,2.72,0.849,177.427,0
9.552,25.312,0.11212021857500076,2.747,0.8559,177.414,0
9.5533,25.362,0.1108098030090332,2.783,0.8628,177.371,0
9.5545,25.411,0.10943038761615753,2.823,0.8696,177.303,0
9.5557,25.455,0.10885947942733765,2.857,0.8757,177.256,0
9.5569,25.51,0.1090448722243309,2.898,0.8834,177.237,0
9.5582,25.554,0.11001726984977722,2.929,0.8895,177.154,0
9.5594,25.604,0.11098342388868332,2.968,0.8963,177.101,0
9.5606,25.653,0.1118050068616867,3.011,0.9032,177.073,0
9.5618,25.703,0.11185844987630844,3.061,0.9101,177.048,0
9.563,25.752,0.11149249970912933,3.116,0.9169,177.008,0
9.5642,25.801,0.11142044514417648,3.172,0.9238,176.95,0
9.5654,25.845,0.11070302128791809,3.227,0.9299,176.919,0
9.5667,25.895,0.10955965518951416,3.293,0.9368,176.869,0
9.5681,25.95,0.10761112719774246,3.372,0.9444,176.832,0
9.5693,25.994,0.10664589703083038,3.433,0.9505,176.788,0
9.5706,26.038,0.10595987737178802,3.493,0.9566,176.749,0
9.5719,26.087,0.1063845306634903,3.553,0.9635,176.692,0
9.5731,26.142,0.10745400190353394,3.617,0.9711,176.629,0
9.5743,26.191,0.10909150540828705,3.67,0.978,176.611,0
9.5756,26.241,0.11068543046712875,3.723,0.9848,176.551,0
9.5768,26.29,0.11244811862707138,3.773,0.9917,176.491,0
9.5782,26.345,0.11363541334867477,3.831,0.9993,176.495,0
9.5794,26.4,0.11523166298866272,3.885,0.007,176.414,0
9.5807,26.461,0.1172468438744545,3.938,0.0154,176.407,0
9.5819,26.516,0.11942829936742783,3.981,0.023,176.355,0
9.5832,26.57,0.12150782346725464,4.02,0.0306,176.334,0
9.5844,26.631,0.12379132956266403,4.056,0.039,176.252,0
9.5858,26.691,0.1258343756198883,4.088,0.0474,176.228,0
9.5869,26.746,0.1271015852689743,4.114,0.055,176.202,0
9.5882,26.807,0.12822401523590088,4.137,0.0634,176.107,0
9.5895,26.862,0.128291055560112,4.156,0.071,176.089,0
9.5907,26.917,0.12645314633846283,4.18,0.0787,176.081,0
9.5919,26.977,0.12489598244428635,4.194,0.0871,176.017,0
9.5932,27.026,0.12425690144300461,4.195,0.0939,175.94,0
9.5944,27.081,0.12369838356971741,4.187,0.1016,175.93,0
9.5957,27.136,0.12327612936496735,4.171,0.1092,175.876,0
9.597,27.191,0.1234588474035263,4.142,0.1168,175.833,0
9.5982,27.252,0.12411537021398544,4.099,0.1252,175.805,0
9.5995,27.307,0.12471183389425278,4.051,0.1328,175.764,0
9.6007,27.361,0.12429075688123703,4.001,0.1405,175.709,0
9.6019,27.416,0.12381676584482193,3.944,0.1481,175.682,0
9.6031,27.471,0.12262630462646484,3.883,0.1557,175.615,0
9.6044,27.521,0.12106800824403763,3.825,0.1626,175.615,0
9.6057,27.576,0.12051676213741302,3.747,0.1702,175.556,0
9.6069,27.625,0.11935288459062576,3.675,0.1771,175.49,0
9.6082,27.686,0.11967448890209198,3.57,0.1855,175.463,0
9.6094,27.729,0.11910715699195862,3.494,0.1916,175.405,0
9.6106,27.779,0.11779631674289703,3.408,0.1985,175.352,0
9.6118,27.828,0.11681767553091049,3.317,0.2053,175.346,0
9.613,27.878,0.11500706523656845,3.227,0.2122,175.324,0
9.6142,27.927,0.11300022155046463,3.136,0.2191,175.226,0
9.6154,27.971,0.11125966161489487,3.052,0.2252,175.244,0
9.6167,28.021,0.10979197919368744,2.953,0.232,175.176,0
9.6179,28.065,0.10809101164340973,2.866,0.2381,175.137,0
9.6191,28.109,0.10673105716705322,2.776,0.2442,175.128,0
9.6204,28.152,0.1051269918680191,2.688,0.2503,175.075,0
9.6216,28.202,0.10427207499742508,2.582,0.2572,175.042,0
9.6229,28.246,0.1039499044418335,2.486,0.2633,175.001,0
9.6242,28.295,0.10350871831178665,2.379,0.2702,174.935,0
9.6254,28.339,0.10282684117555618,2.288,0.2763,174.902,0
9.6267,28.383,0.1021851897239685,2.197,0.2824,174.893,0
9.628,28.427,0.10100068151950836,2.111,0.2885,174.81,0
9.6292,28.471,0.09853009879589081,2.036,0.2946,174.78,0
9.6304,28.51,0.09660539776086807,1.97,0.2999,174.792,0
9.6317,28.553,0.09586426615715027,1.889,0.306,174.729,0
9.6329,28.592,0.09437686949968338,1.825,0.3114,174.689,0
9.6341,28.636,0.09392809867858887,1.749,0.3175,174.646,0
9.6354,28.674,0.09374965727329254,1.683,0.3228,174.615,0
9.6367,28.718,0.09382133185863495,1.61,0.3289,174.558,0
9.638,28.762,0.0935874953866005,1.543,0.335,174.541,0
9.6392,28.806,0.09337181597948074,1.48,0.3411,174.471,0
9.6404,28.845,0.09239286184310913,1.434,0.3465,174.464,0
9.6416,28.878,0.09138738363981247,1.398,0.351,174.413,0
9.6429,28.916,0.090850330889225,1.356,0.3564,174.357,0
9.6441,28.96,0.08905654400587082,1.319,0.3625,174.37,0
9.6453,28.993,0.08665405213832855,1.301,0.3671,174.294,0
9.6465,29.031,0.08531137555837631,1.275,0.3724,174.273,0
9.6477,29.064,0.08359796553850174,1.259,0.377,174.214,0
9.6489,29.092,0.08136539161205292,1.253,0.3808,174.224,0
9.6501,29.13,0.08055571466684341,1.234,0.3861,174.151,0
9.6514,29.163,0.07981201261281967,1.222,0.3907,174.12,0
9.6527,29.202,0.07927792519330978,1.209,0.3961,174.095,0
9.6539,29.235,0.07980149984359741,1.195,0.4006,174.043,0
9.6552,29.273,0.08017172664403915,1.184,0.406,173.991,0
9.6565,29.312,0.08060360699892044,1.176,0.4113,173.968,0
9.6577,29.344,0.08075951039791107,1.175,0.4159,173.949,0
9.6589,29.383,0.08130813390016556,1.174,0.4212,173.883,0
9.6602,29.416,0.08013402670621872,1.186,0.4258,173.835,0
9.6614,29.454,0.08010415732860565,1.195,0.4312,173.818,0
9.6627,29.487,0.07919953018426895,1.211,0.4357,173.804,0
9.664,29.52,0.07832269370555878,1.23,0.4403,173.729,0
9.6653,29.559,0.07678184658288956,1.258,0.4456,173.716,0
9.6665,29.592,0.07544026523828506,1.285,0.4502,173.657,0
9.6678,29.625,0.0744272843003273,1.312,0.4548,173.643,0
9.6691,29.658,0.07383061945438385,1.339,0.4594,173.608,0
9.6703,29.685,0.07352552562952042,1.362,0.4632,173.581,0
9.6716,29.718,0.0734560489654541,1.389,0.4678,173.501,0
9.6729,29.756,0.0739368349313736,1.42,0.4731,173.501,0
9.6741,29.789,0.07508119195699692,1.444,0.4777,173.413,0
9.6754,29.828,0.07588838040828705,1.478,0.483,173.389,0
9.6767,29.861,0.0764470249414444,1.509,0.4876,173.357,0
9.6779,29.899,0.0777367651462555,1.543,0.493,173.336,0
9.6792,29.938,0.07854633778333664,1.582,0.4983,173.284,0
9.6805,29.971,0.07884885370731354,1.619,0.5029,173.23,0
9.6818,30.009,0.07913792133331299,1.664,0.5082,173.217,0
9.6831,30.048,0.07951855659484863,1.709,0.5135,173.172,0
9.6843,30.081,0.0802086815237999,1.746,0.5181,173.131,0
9.6856,30.119,0.08068418502807617,1.793,0.5235,173.084,0
9.6869,30.157,0.08205319941043854,1.834,0.5288,173.012,0
9.6882,30.201,0.08266521990299225,1.887,0.5349,172.977,0
9.6895,30.24,0.08420727401971817,1.928,0.5403,172.924,0
9.6907,30.278,0.08591026067733765,1.968,0.5456,172.875,0
9.692,30.322,0.08776102215051651,2.014,0.5517,172.835,0
9.6933,30.366,0.08962231129407883,2.059,0.5578,172.77,0
9.6947,30.416,0.09102708846330643,2.113,0.5647,172.706,0
9.696,30.46,0.09195505082607269,2.162,0.5708,172.653,0
9.6973,30.504,0.09196856617927551,2.215,0.5769,172.648,0
9.6986,30.542,0.09190209954977036,2.26,0.5822,172.604,0
9.6998,30.586,0.09138546139001846,2.313,0.5883,172.53,0
9.7011,30.624,0.09101908653974533,2.357,0.5937,172.461,0
9.7024,30.668,0.09231683611869812,2.395,0.5998,172.414,0
9.7037,30.718,0.09404297918081284,2.433,0.6066,172.378,0
9.705,30.762,0.09597840160131454,2.463,0.6127,172.328,0
9.7063,30.811,0.09791320562362671,2.494,0.6196,172.238,0
9.7076,30.861,0.09870697557926178,2.529,0.6265,172.178,0
9.7089,30.905,0.10066035389900208,2.55,0.6326,172.128,0
9.7102,30.954,0.10114768892526627,2.58,0.6394,172.099,0
9.7114,31.003,0.10167211294174194,2.607,0.6463,172.045,0
9.7127,31.047,0.10200467705726624,2.629,0.6524,171.994,0
9.714,31.097,0.10198935866355896,2.652,0.6593,171.896,0
9.7153,31.146,0.10228411108255386,2.67,0.6661,171.828,0
9.7165,31.19,0.10279887914657593,2.682,0.6722,171.837,0
9.7177,31.234,0.10308677703142166,2.693,0.6783,171.753,0
9.7189,31.278,0.1039421334862709,2.698,0.6844,171.683,0
9.7202,31.328,0.10481216013431549,2.702,0.6913,171.643,0
9.7214,31.377,0.1060933917760849,2.7,0.6982,171.566,0
9.7227,31.426,0.10557564347982407,2.707,0.705,171.551,0
9.724,31.47,0.10538072139024734,2.71,0.7112,171.469,0
9.7252,31.52,0.10501907765865326,2.712,0.718,171.416,0
9.7266,31.564,0.10421612858772278,2.715,0.7241,171.385,0
9.7279,31.619,0.103805311024189,2.715,0.7318,171.297,0
9.7292,31.668,0.10346416383981705,2.713,0.7386,171.216,0
9.7305,31.712,0.10304390639066696,2.711,0.7447,171.206,0
9.7318,31.761,0.10341676324605942,2.704,0.7516,171.092,0
9.7331,31.811,0.1038220003247261,2.697,0.7585,171.057,0
9.7343,31.855,0.10419951379299164,2.69,0.7646,171.026,0
9.7355,31.904,0.10418060421943665,2.686,0.7714,170.952,0
9.7368,31.948,0.10322768241167068,2.689,0.7775,170.914,0
9.7381,31.992,0.10191071033477783,2.695,0.7836,170.893,0
9.7393,32.036,0.10021132975816727,2.705,0.7897,170.845,0
9.7406,32.08,0.09834776818752289,2.716,0.7958,170.79,0
9.742,32.124,0.09718800336122513,2.725,0.8019,170.759,0
9.7432,32.168,0.09729329496622086,2.729,0.808,170.691,0
9.7445,32.217,0.09817852079868317,2.73,0.8149,170.615,0
9.7459,32.261,0.09856674075126648,2.736,0.821,170.599,0
9.7472,32.311,0.09838830679655075,2.749,0.8279,170.492,0
9.7486,32.366,0.09874672442674637,2.763,0.8355,170.47,0
9.75,32.41,0.09886020421981812,2.778,0.8416,170.428,0
9.7513,32.454,0.09857054799795151,2.799,0.8477,170.394,0
9.7525,32.498,0.09737905114889145,2.827,0.8538,170.34,0
9.7538,32.542,0.09683289378881454,2.855,0.8599,170.31,0
9.755,32.585,0.09502429515123367,2.892,0.866,170.286,0
9.7562,32.624,0.09418334066867828,2.923,0.8714,170.207,0
9.7574,32.662,0.093410424888134,2.955,0.8767,170.192,0
9.7587,32.706,0.09393582493066788,2.986,0.8828,170.095,0
9.76,32.75,0.09457595646381378,3.019,0.8889,170.08,0
9.7613,32.794,0.09465713053941727,3.057,0.895,170.024,0
9.7626,32.838,0.09590719640254974,3.091,0.9011,169.986,0
9.764,32.888,0.09674303978681564,3.136,0.908,169.984,0
9.7652,32.932,0.09675149619579315,3.182,0.9141,169.914,0
9.7665,32.975,0.09628301113843918,3.233,0.9202,169.894,0
9.7677,33.014,0.09543959051370621,3.282,0.9255,169.838,0
9.769,33.058,0.0950729176402092,3.336,0.9316,169.781,0
9.7702,33.102,0.09515640884637833,3.388,0.9377,169.759,0
9.7715,33.146,0.09487701952457428,3.444,0.9438,169.679,0
9.7727,33.184,0.09475056082010269,3.492,0.9492,169.707,0
9.774,33.228,0.09505835175514221,3.546,0.9553,169.637,0
9.7753,33.272,0.09603545814752579,3.596,0.9614,169.596,0
9.7766,33.322,0.09658896178007126,3.656,0.9683,169.59,0
9.778,33.365,0.09731625020503998,3.708,0.9744,169.509,0
9.7793,33.415,0.09729760140180588,3.771,0.9812,169.478,0
9.7806,33.459,0.096841000020504,3.828,0.9873,169.461,0
9.782,33.508,0.09670418500900269,3.889,0.9942,169.432,0
9.7833,33.552,0.09700537472963333,3.939,0.0003,169.409,0
9.7845,33.602,0.09823388606309891,3.988,0.0072,169.327,0
9.7858,33.651,0.10061326622962952,4.028,0.014,169.301,0
9.7871,33.701,0.10322261601686478,4.063,0.0209,169.293,0
9.7884,33.75,0.10661071538925171,4.09,0.0278,169.229,0
9.7897,33.81,0.11006573587656021,4.122,0.0362,169.18,0
9.791,33.865,0.11297619342803955,4.147,0.0438,169.129,0
9.7922,33.92,0.11563856154680252,4.168,0.0514,169.091,0
9.7935,33.975,0.11695656180381775,4.19,0.0591,169.046,0
9.7949,34.03,0.116914764046669,4.214,0.0667,169.008,0
9.7962,34.085,0.11605612188577652,4.236,0.0743,168.968,0
9.7974,34.135,0.11480096727609634,4.252,0.0812,168.934,0
9.7988,34.189,0.11356300115585327,4.262,0.0888,168.908,0
9.8,34.239,0.11319804191589355,4.259,0.0957,168.851,0
9.8013,34.288,0.11300081759691238,4.249,0.1025,168.786,0
9.8026,34.338,0.11316555738449097,4.231,0.1094,168.735,0
9.8038,34.393,0.11352874338626862,4.201,0.117,168.676,0
9.805,34.442,0.11339113116264343,4.17,0.1239,168.679,0
9.8063,34.492,0.11283725500106812,4.135,0.1308,168.633,0
9.8075,34.541,0.11091328412294388,4.102,0.1376,168.597,0
9.8088,34.59,0.10940422117710114,4.06,0.1445,168.57,0
9.81,34.634,0.10813143849372864,4.017,0.1506,168.556,0
9.8113,34.684,0.10704975575208664,3.96,0.1575,168.499,0
9.8126,34.728,0.10503064841032028,3.912,0.1636,168.431,0
9.814,34.777,0.10462918877601624,3.84,0.1704,168.438,0
9.8154,34.832,0.10517700761556625,3.749,0.1781,168.408,0
9.8167,34.882,0.10509100556373596,3.664,0.1849,168.318,0
9.818,34.937,0.10604362189769745,3.559,0.1926,168.27,0
9.8194,34.98,0.10470425337553024,3.484,0.1987,168.242,0
9.8206,35.03,0.10297421365976334,3.397,0.2055,168.241,0
9.8219,35.068,0.10069040954113007,3.332,0.2109,168.189,0
9.8232,35.112,0.09859466552734375,3.254,0.217,168.142,0
9.8244,35.156,0.09589523822069168,3.176,0.2231,168.118,0
9.8257,35.195,0.09405358880758286,3.104,0.2284,168.146,0
9.827,35.233,0.09273312240839005,3.028,0.2338,168.08,0
9.8282,35.277,0.09093175828456879,2.941,0.2399,168.008,0
9.8294,35.31,0.09034831076860428,2.871,0.2444,168.024,0
9.8307,35.354,0.09080692380666733,2.77,0.2505,167.95,0
9.832,35.392,0.08965032547712326,2.691,0.2559,167.94,0
9.8333,35.436,0.09029148519039154,2.589,0.262,167.901,0
9.8346,35.48,0.09053703397512436,2.49,0.2681,167.856,0
9.8359,35.519,0.09020768851041794,2.408,0.2734,167.833,0
9.8372,35.563,0.08931107074022293,2.318,0.2795,167.82,0
9.8384,35.601,0.08817969262599945,2.243,0.2849,167.747,0
9.8398,35.634,0.08537336438894272,2.19,0.2895,167.733,0
9.8411,35.678,0.08335933834314346,2.112,0.2956,167.724,0
9.8424,35.711,0.08146791905164719,2.058,0.3001,167.707,0
9.8437,35.744,0.07926271855831146,2.006,0.3047,167.646,0
9.845,35.777,0.07761328667402267,1.954,0.3093,167.6,0
9.8462,35.815,0.07671624422073364,1.888,0.3146,167.589,0
9.8475,35.843,0.0754765197634697,1.847,0.3185,167.568,0
9.849,35.887,0.07524292171001434,1.773,0.3246,167.496,0
9.8502,35.92,0.07437189668416977,1.724,0.3291,167.501,0
9.8515,35.947,0.07327094674110413,1.688,0.3329,167.449,0
9.8527,35.98,0.07200227677822113,1.646,0.3375,167.436,0
9.854,36.008,0.07155411690473557,1.609,0.3413,167.411,0
9.8553,36.041,0.07070665061473846,1.569,0.3459,167.353,0
9.8565,36.074,0.06931253522634506,1.535,0.3505,167.338,0
9.8578,36.101,0.06746145337820053,1.513,0.3543,167.287,0
9.859,36.129,0.06629916280508041,1.488,0.3581,167.293,0
9.8603,36.156,0.06502338498830795,1.466,0.3619,167.265,0
9.8615,36.183,0.06284540891647339,1.452,0.3658,167.224,0
9.8629,36.205,0.06065740808844566,1.444,0.3688,167.214,0
9.8641,36.233,0.05893121287226677,1.43,0.3726,167.185,0
9.8654,36.26,0.057875312864780426,1.414,0.3764,167.168,0
9.8667,36.282,0.057083435356616974,1.403,0.3795,167.097,0
9.868,36.31,0.05680729076266289,1.386,0.3833,167.094,0
9.8692,36.337,0.057069726288318634,1.369,0.3871,167.07,0
9.8704,36.359,0.05745268240571022,1.356,0.3902,167.037,0
9.8717,36.387,0.05808178707957268,1.34,0.394,167.026,0
9.873,36.414,0.059043534100055695,1.324,0.3978,167.004,0
9.8742,36.442,0.059424351900815964,1.314,0.4016,166.981,0
9.8755,36.469,0.059467863291502,1.307,0.4054,166.927,0
9.8767,36.497,0.060815323144197464,1.295,0.4092,166.909,0
9.878,36.53,0.0610303096473217,1.292,0.4138,166.908,0
9.8792,36.552,0.06092507764697075,1.292,0.4169,166.823,0
9.8804,36.579,0.06127559393644333,1.292,0.4207,166.782,0
9.8817,36.606,0.06131666898727417,1.296,0.4245,166.786,0
9.883,36.634,0.06011031195521355,1.308,0.4283,166.792,0
9.8842,36.661,0.059766825288534164,1.318,0.4321,166.736,0
9.8854,36.689,0.059647392481565475,1.328,0.4359,166.684,0
9.8867,36.711,0.05882680416107178,1.342,0.439,166.68,0
9.888,36.738,0.05821759253740311,1.358,0.4428,166.627,0
9.8892,36.766,0.058268386870622635,1.371,0.4466,166.608,0
9.8904,36.793,0.05822811648249626,1.388,0.4504,166.609,0
9.8917,36.821,0.05914841964840889,1.4,0.4543,166.577,0
9.8929,36.843,0.05917804688215256,1.415,0.4573,166.528,0
9.8942,36.87,0.06004944071173668,1.43,0.4611,166.511,0
9.8955,36.903,0.06116049736738205,1.449,0.4657,166.51,0
9.8967,36.931,0.0621204636991024,1.467,0.4695,166.47,0
9.898,36.964,0.06324681639671326,1.49,0.4741,166.421,0
9.8992,36.991,0.06463571637868881,1.508,0.4779,166.375,0
9.9004,37.018,0.06470385193824768,1.535,0.4817,166.322,0
9.9017,37.051,0.0654146820306778,1.565,0.4863,166.337,0
9.903,37.079,0.06463487446308136,1.599,0.4901,166.289,0
9.9042,37.106,0.06460525095462799,1.629,0.4939,166.26,0
9.9055,37.134,0.06349243223667145,1.667,0.4977,166.236,0
9.9068,37.167,0.0627998560667038,1.71,0.5023,166.219,0
9.9081,37.194,0.06202249228954315,1.747,0.5061,166.177,0
9.9093,37.222,0.06124825030565262,1.785,0.5099,166.143,0
9.9106,37.249,0.06163708120584488,1.817,0.5138,166.093,0
9.9119,37.277,0.0621180534362793,1.849,0.5176,166.049,0
9.9132,37.304,0.06276851892471313,1.88,0.5214,166.044,0
9.9146,37.337,0.06470426172018051,1.911,0.526,166.01,0
9.9159,37.375,0.0664052963256836,1.951,0.5313,165.982,0
9.9172,37.408,0.06807468831539154,1.984,0.5359,165.91,0
9.9184,37.441,0.07024897634983063,2.014,0.5405,165.875,0
9.9197,37.48,0.07327207177877426,2.046,0.5458,165.834,0
9.9209,37.513,0.07484529912471771,2.079,0.5504,165.762,0
9.9222,37.551,0.07624319940805435,2.12,0.5557,165.759,0
9.9236,37.59,0.0778522938489914,2.16,0.5611,165.723,0
9.9248,37.628,0.07865806668996811,2.203,0.5664,165.688,0
9.926,37.661,0.07968371361494064,2.237,0.571,165.579,0
9.9273,37.694,0.07944094389677048,2.278,0.5756,165.581,0
9.9285,37.733,0.07926023751497269,2.325,0.5809,165.523,0
9.9299,37.771,0.07862702757120132,2.372,0.5862,165.48,0
9.9312,37.809,0.07895643264055252,2.413,0.5916,165.456,0
9.9325,37.848,0.07956496626138687,2.45,0.5969,165.41,0
9.9339,37.886,0.08130315691232681,2.479,0.6023,165.356,0
9.9352,37.93,0.08314399421215057,2.511,0.6084,165.281,0
9.9364,37.969,0.08409387618303299,2.54,0.6137,165.265,0
9.9377,38.007,0.08568281680345535,2.564,0.619,165.239,0
9.9392,38.057,0.08766148239374161,2.592,0.6259,165.17,0
9.9405,38.101,0.08848035335540771,2.62,0.632,165.094,0
9.9417,38.139,0.08935640007257462,2.641,0.6374,165.047,0
9.943,38.183,0.09000321477651596,2.665,0.6435,164.968,0
9.9442,38.227,0.08983504772186279,2.691,0.6496,164.919,0
9.9455,38.265,0.08948870748281479,2.712,0.6549,164.936,0
9.9467,38.298,0.08927847445011139,2.729,0.6595,164.831,0
9.948,38.342,0.08848724514245987,2.751,0.6656,164.821,0
9.9493,38.381,0.08920162171125412,2.761,0.6709,164.752,0
9.9506,38.425,0.08984087407588959,2.77,0.677,164.687,0
9.9519,38.469,0.0912158265709877,2.772,0.6831,164.66,0
9.9532,38.518,0.09243461489677429,2.774,0.69,164.614,0
9.9544,38.557,0.09297170490026474,2.777,0.6953,164.528,0
9.9557,38.6,0.09303107857704163,2.78,0.7014,164.524,0
9.9569,38.639,0.09238684177398682,2.787,0.7068,164.436,0
9.9581,38.677,0.09156129509210587,2.793,0.7121,164.388,0
9.9593,38.716,0.08952873200178146,2.805,0.7175,164.376,0
9.9606,38.754,0.08917424827814102,2.806,0.7228,164.325,0
9.9619,38.793,0.08934297412633896,2.803,0.7281,164.277,0
9.9631,38.837,0.08854527026414871,2.805,0.7343,164.234,0
9.9643,38.875,0.08827495574951172,2.803,0.7396,164.174,0
9.9656,38.914,0.08829600363969803,2.8,0.7449,164.133,0
9.9668,38.952,0.08866201341152191,2.794,0.7503,164.087,0
9.968,38.99,0.08887980878353119,2.788,0.7556,164.043,0
9.9693,39.034,0.08915931731462479,2.782,0.7617,164.028,0
9.9706,39.073,0.08985421806573868,2.775,0.7671,163.933,0
9.9718,39.111,0.08942791819572449,2.774,0.7724,163.913,0
9.9732,39.155,0.08813431859016418,2.779,0.7785,163.836,0
9.9744,39.194,0.0870642140507698,2.784,0.7838,163.806,0
9.9757,39.227,0.08462866395711899,2.798,0.7884,163.755,0
9.9769,39.265,0.08269894123077393,2.81,0.7938,163.764,0
9.9782,39.298,0.08148081600666046,2.818,0.7983,163.701,0
9.9797,39.331,0.08046483993530273,2.826,0.8029,163.643,0
9.981,39.375,0.07991605252027512,2.833,0.809,163.619,0
9.9824,39.413,0.0805727019906044,2.835,0.8144,163.582,0
9.9837,39.457,0.08068302273750305,2.842,0.8205,163.516,0
9.985,39.49,0.08101008087396622,2.847,0.825,163.446,0
9.9863,39.529,0.08094006031751633,2.858,0.8304,163.425,0
9.9876,39.567,0.08089753240346909,2.87,0.8357,163.393,0
9.989,39.606,0.08087228238582611,2.885,0.8411,163.342,0
9.9904,39.644,0.0796303004026413,2.908,0.8464,163.328,0
9.9917,39.683,0.07838420569896698,2.934,0.8517,163.255,0
9.993,39.716,0.07679954171180725,2.96,0.8563,163.276,0
9.9942,39.749,0.07529940456151962,2.988,0.8609,163.222,0
9.9955,39.781,0.07327510416507721,3.02,0.8655,163.19,0
9.997,39.814,0.07227196544408798,3.047,0.8701,163.167,0
9.9983,39.847,0.07148988544940948,3.075,0.8746,163.059,0
9.9996,39.886,0.07175158709287643,3.102,0.88,163.087,0
10.0011,39.919,0.07237187772989273,3.125,0.8846,163.043,0
10.0024,39.957,0.07361564040184021,3.15,0.8899,162.985,0
10.0037,39.996,0.07460015267133713,3.179,0.8952,162.948,0
10.005,40.029,0.07458551973104477,3.21,0.8998,162.953,0
10.0063,40.062,0.07471064478158951,3.242,0.9044,162.901,0
10.0075,40.1,0.07434432208538055,3.283,0.9097,162.851,0
10.0088,40.128,0.07341733574867249,3.318,0.9135,162.842,0
10.0101,40.161,0.07313011586666107,3.355,0.9181,162.811,0
10.0114,40.193,0.07253088057041168,3.396,0.9227,162.77,0
10.0127,40.232,0.07165262848138809,3.445,0.928,162.761,0
10.0141,40.259,0.07102615386247635,3.481,0.9319,162.728,0
10.0154,40.298,0.07020949572324753,3.532,0.9372,162.676,0
10.0167,40.331,0.07017380744218826,3.573,0.9418,162.646,0
10.018,40.358,0.06998024880886078,3.608,0.9456,162.634,0
10.0194,40.397,0.07034821063280106,3.654,0.9509,162.591,0
10.0207,40.43,0.07138922810554504,3.69,0.9555,162.545,0
10.0221,40.468,0.0731850266456604,3.728,0.9608,162.53,0
10.0234,40.507,0.07390926033258438,3.773,0.9662,162.463,0
10.0246,40.54,0.075252003967762,3.807,0.9708,162.493,0
10.0259,40.578,0.07659126818180084,3.848,0.9761,162.471,0
10.0272,40.611,0.07651480287313461,3.89,0.9807,162.433,0
10.0285,40.649,0.07589886337518692,3.942,0.986,162.397,0
10.0299,40.682,0.07404882460832596,3.993,0.9906,162.37,0
10.0312,40.715,0.07238072156906128,4.043,0.9952,162.372,0
10.0325,40.743,0.0709007978439331,4.084,0.999,162.308,0
10.034,40.776,0.0701194480061531,4.127,0.0036,162.271,0
10.0354,40.814,0.06978984922170639,4.172,0.0089,162.257,0
10.0367,40.853,0.07023391872644424,4.211,0.0143,162.259,0
10.038,40.886,0.07185770571231842,4.236,0.0188,162.16,0
10.0396,40.93,0.07474955171346664,4.262,0.0249,162.194,0
10.0408,40.968,0.07812652736902237,4.277,0.0303,162.123,0
10.0421,41.006,0.08145806938409805,4.291,0.0356,162.073,0
10.0433,41.05,0.08512120693922043,4.303,0.0417,162.036,0
10.0445,41.094,0.08793703466653824,4.318,0.0478,161.994,0
10.0458,41.138,0.09064818918704987,4.328,0.0539,161.988,0
10.0472,41.182,0.09073768556118011,4.351,0.06,161.96,0
10.0485,41.226,0.08966973423957825,4.376,0.0661,161.919,0
10.0497,41.259,0.08815531432628632,4.396,0.0707,161.911,0
10.051,41.298,0.08657152205705643,4.415,0.076,161.837,0
10.0522,41.336,0.08462328463792801,4.433,0.0814,161.787,0
10.0535,41.375,0.08384475857019424,4.44,0.0867,161.784,0
10.0548,41.407,0.0830414816737175,4.444,0.0913,161.756,0
10.0561,41.446,0.08318694680929184,4.438,0.0966,161.728,0
10.0575,41.49,0.08320373296737671,4.428,0.1028,161.668,0
10.0588,41.534,0.08407372236251831,4.407,0.1089,161.646,0
10.0602,41.572,0.08477188646793365,4.385,0.1142,161.651,0
10.0615,41.611,0.08517315983772278,4.36,0.1195,161.574,0
10.0629,41.655,0.08487126976251602,4.332,0.1256,161.56,0
10.0642,41.693,0.08213265240192413,4.318,0.131,161.569,0
10.0654,41.726,0.0798722356557846,4.302,0.1356,161.516,0
10.0667,41.754,0.07672053575515747,4.294,0.1394,161.483,0
10.068,41.786,0.07407201826572418,4.276,0.144,161.451,0
10.0696,41.825,0.07119724154472351,4.249,0.1493,161.424,0
10.0709,41.852,0.06913705915212631,4.227,0.1531,161.428,0
10.0723,41.885,0.06716472655534744,4.196,0.1577,161.377,0
10.0735,41.913,0.0654153898358345,4.169,0.1615,161.381,0
10.0749,41.94,0.06425659358501434,4.136,0.1653,161.336,0
10.0763,41.973,0.06425315886735916,4.087,0.1699,161.298,0
10.0776,42.006,0.06370902061462402,4.038,0.1745,161.286,0
10.0789,42.034,0.06312069296836853,3.996,0.1783,161.284,0
10.0802,42.067,0.06445621699094772,3.932,0.1829,161.272,0
10.0816,42.094,0.06516917794942856,3.88,0.1867,161.232,0
10.0829,42.127,0.06467635184526443,3.823,0.1913,161.189,0
10.0841,42.155,0.06458006054162979,3.772,0.1951,161.203,0
10.0854,42.182,0.06323516368865967,3.728,0.1989,161.177,0
10.0868,42.209,0.061102498322725296,3.686,0.2027,161.145,0
10.088,42.231,0.05734482780098915,3.663,0.2057,161.12,0
10.0893,42.253,0.053817689418792725,3.637,0.2088,161.104,0
10.0907,42.27,0.049656547605991364,3.623,0.2111,161.104,0
10.0919,42.286,0.04547417163848877,3.604,0.2134,161.08,0
10.0932,42.303,0.042200710624456406,3.578,0.2157,161.065,0
10.0945,42.319,0.039364077150821686,3.544,0.218,161.049,0
10.0958,42.33,0.03668849915266037,3.516,0.2195,161.036,0
10.0971,42.347,0.03476347774267197,3.472,0.2218,161.031,0
10.0984,42.358,0.032769832760095596,3.434,0.2233,161.022,0
10.0997,42.369,0.031146476045250893,3.392,0.2248,160.988,0
10.101,42.385,0.03004607930779457,3.341,0.2271,160.98,0
10.1022,42.396,0.029139671474695206,3.302,0.2286,161.011,0
10.1035,42.407,0.027975238859653473,3.255,0.2302,160.969,0
10.1047,42.418,0.026985153555870056,3.207,0.2317,160.991,0
10.1059,42.429,0.02645435929298401,3.169,0.2332,160.964,0
10.1072,42.44,0.02575167827308178,3.125,0.2347,160.934,0
10.1084,42.451,0.02514154650270939,3.081,0.2363,160.987,0
10.1097,42.462,0.02530401013791561,3.064,0.2378,160.925,0
10.111,42.473,0.025272849947214127,3.039,0.2393,160.951,0
10.1122,42.484,0.025303088128566742,3.017,0.2408,160.933,0
10.1135,42.495,0.02602977305650711,3.016,0.2424,160.867,0
10.1148,42.512,0.027123497799038887,3.01,0.2447,160.923,0
10.1161,42.523,0.027660781517624855,2.999,0.2462,160.864,0
10.1173,42.539,0.02804466150701046,2.972,0.2485,160.848,0
10.1186,42.55,0.02848883531987667,2.957,0.25,160.884,0
10.1199,42.567,0.02979075163602829,2.944,0.2523,160.847,0
10.1211,42.583,0.030442319810390472,2.917,0.2546,160.855,0
10.1224,42.594,0.0313120037317276,2.904,0.2561,160.839,0
10.1237,42.61,0.03257553651928902,2.881,0.2584,160.785,0
10.125,42.627,0.032855842262506485,2.847,0.2607,160.792,0
10.1262,42.643,0.03346186876296997,2.816,0.263,160.8,0
10.1275,42.66,0.03438480943441391,2.786,0.2653,160.791,0
10.1287,42.676,0.03479194641113281,2.752,0.2675,160.777,0
10.13,42.693,0.03447766974568367,2.714,0.2698,160.721,0
10.1313,42.709,0.03417521342635155,2.677,0.2721,160.725,0
10.1326,42.72,0.033653173595666885,2.651,0.2737,160.729,0
10.1339,42.737,0.032241370528936386,2.605,0.2759,160.688,0
10.1352,42.748,0.03069441020488739,2.566,0.2775,160.72,0
10.1364,42.759,0.02903897687792778,2.52,0.279,160.701,0
10.1377,42.77,0.027801457792520523,2.475,0.2805,160.708,0
10.139,42.781,0.026040183380246162,2.413,0.282,160.714,0
10.1402,42.786,0.024131566286087036,2.346,0.2828,160.679,0
10.1415,42.797,0.022791333496570587,2.274,0.2843,160.669,0
10.1428,42.803,0.020909346640110016,2.175,0.2851,160.607,0
10.1441,42.814,0.0189372505992651,2.037,0.2866,160.676,0
10.1454,42.819,0.01708201691508293,1.887,0.2874,160.658,0
10.1468,42.819,0.014690600335597992,1.657,0.2874,160.619,0
10.1482,42.825,0.012416102923452854,1.368,0.2881,160.663,0
10.1494,42.825,0.010040907189249992,1.005,0.2881,160.641,0
10.1507,42.83,0.007682179566472769,0.562,0.2889,160.631,0
10.1521,42.825,0.005383380688726902,0.074,0.2881,160.663,0
10.1534,42.825,0.0032988335005939007,-0.424,0.2881,160.641,0
10.1547,42.825,0.0015951038803905249,-0.854,0.2881,160.665,0
10.1562,42.825,0.0004331246018409729,-1.155,0.2881,160.65,0
10.1575,42.819,-0.0014458633959293365,-1.642,0.2874,160.654,0
10.1588,42.819,-0.002885574009269476,-2.01,0.2874,160.64,0
10.16,42.814,-0.004029862582683563,-2.294,0.2866,160.647,0
10.1613,42.808,-0.005317577160894871,-2.602,0.2859,160.664,0
10.1626,42.808,-0.006747003179043531,-2.921,0.2859,160.673,0
10.164,42.797,-0.008274863474071026,-3.242,0.2843,160.677,0
10.1653,42.792,-0.009831433184444904,-3.535,0.2836,160.691,0
10.1665,42.786,-0.011501984670758247,-3.813,0.2828,160.693,0
10.1679,42.775,-0.013199777342379093,-4.065,0.2813,160.684,0
10.1691,42.77,-0.01542089693248272,-4.331,0.2805,160.701,0
10.1703,42.759,-0.017773382365703583,-4.56,0.279,160.702,0
10.1716,42.742,-0.02063639834523201,-4.775,0.2767,160.715,0
10.1729,42.731,-0.024326056241989136,-4.954,0.2752,160.742,0
10.1741,42.709,-0.027994969859719276,-5.08,0.2721,160.741,0
10.1754,42.693,-0.030573522672057152,-5.143,0.2698,160.775,0
10.1767,42.676,-0.03325638175010681,-5.19,0.2675,160.778,0
10.178,42.654,-0.036539822816848755,-5.233,0.2645,160.8,0
10.1792,42.638,-0.038919609040021896,-5.256,0.2622,160.82,0
10.1805,42.61,-0.04192337021231651,-5.283,0.2584,160.856,0
10.1818,42.589,-0.04389234259724617,-5.3,0.2553,160.865,0
10.183,42.567,-0.04540674015879631,-5.316,0.2523,160.895,0
10.1843,42.545,-0.046919241547584534,-5.328,0.2492,160.93,0
10.1856,42.523,-0.04824337735772133,-5.339,0.2462,160.934,0
10.1869,42.495,-0.0492548942565918,-5.352,0.2424,160.962,0
10.1881,42.473,-0.05019209161400795,-5.359,0.2393,160.973,0
10.1894,42.451,-0.050394654273986816,-5.368,0.2363,161.009,0
10.1908,42.429,-0.049446992576122284,-5.379,0.2332,161.014,0
10.192,42.407,-0.0481594018638134,-5.39,0.2302,161.015,0
10.1933,42.385,-0.04679620638489723,-5.398,0.2271,161.023,0
10.1946,42.369,-0.04488813877105713,-5.405,0.2248,161.051,0
10.1958,42.347,-0.04448051005601883,-5.406,0.2218,161.074,0
10.1971,42.33,-0.044788908213377,-5.404,0.2195,161.075,0
10.1984,42.308,-0.04500823840498924,-5.399,0.2164,161.118,0
10.2,42.275,-0.04736867919564247,-5.381,0.2119,161.158,0
10.2012,42.253,-0.050030291080474854,-5.361,0.2088,161.161,0
10.2025,42.226,-0.05281740054488182,-5.334,0.205,161.153,0
10.2039,42.193,-0.05659245327115059,-5.294,0.2004,161.215,0
10.2052,42.16,-0.060779232531785965,-5.246,0.1958,161.256,0
10.2066,42.127,-0.06406959146261215,-5.197,0.1913,161.27,0
10.2079,42.089,-0.06692061573266983,-5.141,0.1859,161.29,0
10.2092,42.056,-0.06908057630062103,-5.089,0.1813,161.302,0
10.2104,42.023,-0.07038965076208115,-5.039,0.1768,161.326,0
10.2117,41.984,-0.0708785131573677,-4.981,0.1714,161.38,0
10.213,41.957,-0.07013805955648422,-4.943,0.1676,161.402,0
10.2143,41.924,-0.06906159967184067,-4.895,0.163,161.447,0
10.2157,41.891,-0.06698354333639145,-4.85,0.1584,161.434,0
10.2171,41.863,-0.06422068923711777,-4.815,0.1546,161.474,0
10.2184,41.841,-0.06091209873557091,-4.792,0.1516,161.472,0
10.2198,41.814,-0.058317020535469055,-4.752,0.1478,161.516,0
10.2211,41.792,-0.056690480560064316,-4.716,0.1447,161.504,0
10.2223,41.765,-0.05698981136083603,-4.656,0.1409,161.583,0
10.2236,41.737,-0.057083968073129654,-4.596,0.1371,161.542,0
10.2249,41.71,-0.058426350355148315,-4.527,0.1333,161.582,0
10.2261,41.677,-0.060235004872083664,-4.442,0.1287,161.586,0
10.2274,41.649,-0.06210438907146454,-4.366,0.1249,161.638,0
10.2287,41.616,-0.06385690718889236,-4.277,0.1203,161.687,0
10.2301,41.583,-0.06599042564630508,-4.184,0.1157,161.727,0
10.2314,41.55,-0.06803946942090988,-4.089,0.1111,161.697,0
10.2327,41.512,-0.06993596255779266,-3.98,0.1058,161.727,0
10.234,41.479,-0.0711495503783226,-3.888,0.1012,161.768,0
10.2352,41.446,-0.07223807275295258,-3.796,0.0966,161.797,0
10.2365,41.413,-0.07190065830945969,-3.711,0.0921,161.845,0
10.2379,41.375,-0.0720127522945404,-3.61,0.0867,161.858,0
10.2392,41.342,-0.07101880759000778,-3.529,0.0822,161.887,0
10.2405,41.314,-0.06943407654762268,-3.466,0.0783,161.871,0
10.2418,41.287,-0.0670786052942276,-3.408,0.0745,161.942,0
10.2431,41.254,-0.06639881432056427,-3.326,0.0699,161.931,0
10.2444,41.226,-0.06574466824531555,-3.259,0.0661,162.001,0
10.2457,41.193,-0.06610333919525146,-3.173,0.0616,161.98,0
10.247,41.16,-0.06630595773458481,-3.088,0.057,162.006,0
10.2483,41.127,-0.06711148470640182,-3.002,0.0524,162.062,0
10.2496,41.1,-0.06734850257635117,-2.933,0.0486,162.101,0
10.2509,41.067,-0.06746823340654373,-2.853,0.044,162.139,0
10.2523,41.034,-0.06715511530637741,-2.778,0.0394,162.136,0
10.2536,41.006,-0.06598880141973495,-2.722,0.0356,162.122,0
10.2549,40.979,-0.06393173336982727,-2.673,0.0318,162.167,0
10.2564,40.952,-0.060724809765815735,-2.632,0.028,162.197,0
10.2579,40.924,-0.05707322806119919,-2.594,0.0242,162.21,0
10.2593,40.902,-0.05350361764431,-2.568,0.0211,162.236,0
10.2605,40.88,-0.049543142318725586,-2.544,0.0181,162.249,0
10.2618,40.869,-0.045923683792352676,-2.538,0.0165,162.293,0
10.263,40.853,-0.04196736589074135,-2.519,0.0143,162.259,0
10.2643,40.836,-0.038519442081451416,-2.493,0.012,162.291,0
10.2656,40.825,-0.03493770584464073,-2.468,0.0104,162.276,0
10.2669,40.814,-0.03210315480828285,-2.434,0.0089,162.293,0
10.2682,40.803,-0.0297200009226799,-2.393,0.0074,162.337,0
10.2695,40.792,-0.02705978974699974,-2.334,0.0059,162.356,0
10.2709,40.787,-0.025094307959079742,-2.281,0.0051,162.303,0
10.2722,40.776,-0.02373613230884075,-2.225,0.0036,162.305,0
10.2735,40.765,-0.022676875814795494,-2.172,0.002,162.368,0
10.2749,40.754,-0.021866822615265846,-2.124,0.0005,162.348,0
10.2762,40.748,-0.021042995154857635,-2.081,0.9998,162.335,0
10.2776,40.737,-0.020439287647604942,-2.037,0.9982,162.362,0
10.2789,40.726,-0.019888723269104958,-1.994,0.9967,162.39,0
10.2803,40.721,-0.01951286382973194,-1.967,0.9959,162.381,0
10.2816,40.71,-0.0190641600638628,-1.927,0.9944,162.407,0
10.283,40.704,-0.01854604110121727,-1.889,0.9937,162.393,0
10.2842,40.693,-0.01791173219680786,-1.835,0.9921,162.368,0
10.2855,40.688,-0.01754346489906311,-1.804,0.9914,162.414,0
10.287,40.677,-0.017375245690345764,-1.779,0.9898,162.396,0
10.2883,40.671,-0.01737181842327118,-1.772,0.9891,162.389,0
10.2897,40.66,-0.01777595840394497,-1.787,0.9875,162.406,0
10.2911,40.649,-0.018362397328019142,-1.812,0.986,162.404,0
10.2924,40.644,-0.01891871728003025,-1.839,0.9853,162.429,0
10.2936,40.633,-0.019248908385634422,-1.845,0.9837,162.463,0
10.2949,40.622,-0.019753197208046913,-1.859,0.9822,162.424,0
10.2962,40.611,-0.020071882754564285,-1.864,0.9807,162.443,0
10.2975,40.605,-0.02051691524684429,-1.879,0.9799,162.465,0
10.2987,40.594,-0.020953500643372536,-1.887,0.9784,162.477,0
10.2999,40.583,-0.021257983520627022,-1.888,0.9769,162.464,0
10.3012,40.573,-0.021788472309708595,-1.899,0.9753,162.452,0
10.3024,40.562,-0.02204422652721405,-1.898,0.9738,162.484,0
10.304,40.551,-0.022018518298864365,-1.887,0.9723,162.472,0
10.3053,40.54,-0.022778069600462914,-1.903,0.9708,162.521,0
10.3066,40.529,-0.022279290482401848,-1.877,0.9692,162.502,0
10.3079,40.518,-0.021909555420279503,-1.855,0.9677,162.511,0
10.3092,40.512,-0.021122943609952927,-1.82,0.9669,162.509,0
10.3105,40.501,-0.020165055990219116,-1.771,0.9654,162.513,0
10.3117,40.496,-0.019221246242523193,-1.721,0.9647,162.492,0
10.3129,40.485,-0.01848679408431053,-1.674,0.9631,162.523,0
10.3142,40.479,-0.01747797429561615,-1.61,0.9624,162.524,0
10.3155,40.474,-0.016343174502253532,-1.53,0.9616,162.542,0
10.3168,40.468,-0.015109693631529808,-1.431,0.9608,162.557,0
10.3181,40.463,-0.014049576595425606,-1.335,0.9601,162.548,0
10.3193,40.457,-0.012559975497424603,-1.183,0.9593,162.531,0
10.3206,40.457,-0.011270425282418728,-1.035,0.9593,162.578,0
10.322,40.452,-0.009987118653953075,-0.868,0.9586,162.551,0
10.3233,40.452,-0.008377905003726482,-0.636,0.9586,162.563,0
10.3246,40.452,-0.0066620539873838425,-0.358,0.9586,162.568,0
10.326,40.452,-0.004897721111774445,-0.043,0.9586,162.543,0
10.3272,40.452,-0.0031837071292102337,0.288,0.9586,162.568,0
10.3285,40.452,-0.002105837222188711,0.505,0.9586,162.513,0
10.3298,40.452,-0.0008497098460793495,0.763,0.9586,162.535,0
10.3311,40.452,0.00025778819690458477,0.993,0.9586,162.56,0
10.3323,40.457,0.0010523562086746097,1.16,0.9593,162.549,0
10.3336,40.457,0.001849862397648394,1.324,0.9593,162.565,0
10.3348,40.457,0.0022794678807258606,1.412,0.9593,162.578,0
10.3361,40.463,0.0029807444661855698,1.556,0.9601,162.566,0
10.3373,40.463,0.0035337586887180805,1.666,0.9601,162.558,0
10.3387,40.463,0.0041707600466907024,1.79,0.9601,162.544,0
10.34,40.468,0.00482049398124218,1.917,0.9608,162.525,0
10.3413,40.474,0.005290255416184664,2.007,0.9616,162.562,0
10.3425,40.474,0.0059235841035842896,2.123,0.9616,162.517,0
10.3439,40.479,0.006224515847861767,2.18,0.9624,162.543,0
10.3451,40.485,0.007028511725366116,2.322,0.9631,162.505,0
10.3464,40.485,0.00778561644256115,2.447,0.9631,162.526,0
10.3477,40.49,0.008451755158603191,2.556,0.9639,162.503,0
10.349,40.496,0.009274972602725029,2.683,0.9647,162.501,0
10.3504,40.501,0.010334476828575134,2.836,0.9654,162.579,0
10.3517,40.507,0.011175200343132019,2.949,0.9662,162.536,0
10.353,40.518,0.011890314519405365,3.045,0.9677,162.526,0
10.3543,40.523,0.012595754116773605,3.131,0.9685,162.504,0
10.3556,40.529,0.013340371660888195,3.215,0.9692,162.522,0
10.357,40.54,0.014149385504424572,3.305,0.9708,162.493,0
10.3583,40.545,0.014510798268020153,3.344,0.9715,162.529,0
10.3596,40.551,0.01508535910397768,3.4,0.9723,162.515,0
10.361,40.562,0.015421060845255852,3.44,0.9738,162.533,0
10.3623,40.567,0.01572052389383316,3.47,0.9746,162.473,0
10.3637,40.578,0.015929387882351875,3.498,0.9761,162.469,0
10.365,40.583,0.016072263941168785,3.515,0.9769,162.421,0
10.3663,40.589,0.01591922529041767,3.508,0.9776,162.461,0
10.3677,40.6,0.015844909474253654,3.513,0.9792,162.44,0
10.369,40.605,0.01571403071284294,3.508,0.9799,162.483,0
10.3705,40.611,0.014917746186256409,3.445,0.9807,162.458,0
10.3719,40.622,0.013995849527418613,3.369,0.9822,162.438,0
10.3733,40.627,0.013333871960639954,3.305,0.983,162.419,0
10.3747,40.627,0.011753428727388382,3.124,0.983,162.49,0
10.376,40.633,0.01051492989063263,2.966,0.9837,162.44,0
10.3773,40.638,0.009792105294764042,2.867,0.9845,162.434,0
10.3786,40.638,0.009107723832130432,2.764,0.9845,162.44,0
10.3798,40.644,0.008147140964865685,2.613,0.9853,162.438,0
10.3811,40.644,0.007030215114355087,2.42,0.9853,162.423,0
10.3824,40.644,0.0059309182688593864,2.217,0.9853,162.393,0
10.3837,40.649,0.004943279083818197,2.027,0.986,162.41,0
10.385,40.649,0.004168789368122816,1.87,0.986,162.436,0
10.3863,40.649,0.0031152828596532345,1.649,0.986,162.411,0
10.3874,40.649,0.0021794310305267572,1.447,0.986,162.442,0
10.3887,40.649,0.0014054308412596583,1.277,0.986,162.438,0
10.3899,40.649,0.0009104480850510299,1.167,0.986,162.429,0
10.3912,40.649,0.0004528063291218132,1.065,0.986,162.425,0
10.3924,40.649,0.00013632581976708025,0.995,0.986,162.445,0
10.3936,40.644,-0.00017427805869374424,0.926,0.9853,162.371,0
10.3949,40.644,-0.0006052302778698504,0.83,0.9853,162.408,0
10.3961,40.644,-0.0008137279073707759,0.784,0.9853,162.45,0
10.3974,40.644,-0.0010649532778188586,0.728,0.9853,162.463,0
10.3987,40.644,-0.0010185525752604008,0.739,0.9853,162.425,0
10.3999,40.644,-0.0007959756185300648,0.788,0.9853,162.412,0
10.4012,40.644,-0.00091056979727,0.762,0.9853,162.405,0
10.4025,40.644,-0.0010030040284618735,0.742,0.9853,162.427,0
10.4038,40.644,-0.0011790577555075288,0.703,0.9853,162.438,0
10.4051,40.644,-0.0010887046810239553,0.723,0.9853,162.399,0
10.4064,40.638,-0.0009706825367175043,0.75,0.9845,162.443,0
10.4077,40.638,-0.0007973221363499761,0.788,0.9845,162.444,0
10.4089,40.638,-0.0008333164732903242,0.78,0.9845,162.437,0
10.4102,40.638,-0.0007410044781863689,0.801,0.9845,162.435,0
10.4114,40.638,-0.000557605002541095,0.841,0.9845,162.433,0
10.4127,40.638,-0.00048243324272334576,0.858,0.9845,162.427,0
10.414,40.638,-0.00047582201659679413,0.859,0.9845,162.43,0
10.4153,40.638,-0.00035400455817580223,0.886,0.9845,162.428,0
10.4166,40.638,-0.00024161420878954232,0.911,0.9845,162.441,0
10.4181,40.638,-0.0001573826593812555,0.93,0.9845,162.399,0
10.4194,40.638,-9.469870565226302e-05,0.944,0.9845,162.444,0
10.4207,40.638,-5.5276366765610874e-05,0.953,0.9845,162.429,0
10.422,40.638,-3.323904820717871e-05,0.957,0.9845,162.449,0
10.4233,40.638,-1.9282075299997814e-05,0.961,0.9845,162.423,0
10.4246,40.638,-1.0834436579898465e-05,0.962,0.9845,162.452,0
10.426,40.638,-5.080245045974152e-06,0.964,0.9845,162.457,0
10.4273,40.638,-6.727792083438544e-07,0.965,0.9845,162.404,0
10.4286,40.638,2.5103904590650927e-06,0.965,0.9845,162.436,0
10.4299,40.638,4.101975719095208e-06,0.966,0.9845,162.429,0
10.4311,40.638,5.571129804593511e-06,0.966,0.9845,162.434,0
10.4324,40.638,7.162710971897468e-06,0.966,0.9845,162.436,0
10.4336,40.638,7.285140327439876e-06,0.966,0.9845,162.431,0
10.4349,40.638,7.285140327439876e-06,0.966,0.9845,162.443,0
10.4361,40.638,7.285140327439876e-06,0.966,0.9845,162.396,0
10.4373,40.638,7.285140327439876e-06,0.966,0.9845,162.436,0
10.4385,40.638,7.285140327439876e-06,0.966,0.9845,162.431,0
10.4398,40.638,7.285140327439876e-06,0.966,0.9845,162.44,0
10.441,40.638,7.285140327439876e-06,0.966,0.9845,162.398,0
10.4423,40.638,7.285140327439876e-06,0.966,0.9845,162.433,0
10.4435,40.638,7.285140327439876e-06,0.966,0.9845,162.43,0
10.4449,40.638,7.285140327439876e-06,0.966,0.9845,162.442,0
10.4461,40.638,7.285140327439876e-06,0.966,0.9845,162.419,0
10.4474,40.638,7.285140327439876e-06,0.966,0.9845,162.413,0
10.4487,40.638,7.285140327439876e-06,0.966,0.9845,162.426,0
10.4499,40.638,7.285140327439876e-06,0.966,0.9845,162.461,0
10.4512,40.638,7.285140327439876e-06,0.966,0.9845,162.441,0
10.4524,40.638,7.285140327439876e-06,0.966,0.9845,162.408,0
10.4537,40.638,7.285140327439876e-06,0.966,0.9845,162.441,0
10.4549,40.638,7.285140327439876e-06,0.966,0.9845,162.462,0
10.4561,40.638,7.285140327439876e-06,0.966,0.9845,162.454,0
10.4573,40.638,7.285140327439876e-06,0.966,0.9845,162.461,0
10.4586,40.638,7.285140327439876e-06,0.966,0.9845,162.431,0
10.4599,40.638,7.285140327439876e-06,0.966,0.9845,162.451,0
10.4612,40.638,7.285140327439876e-06,0.966,0.9845,162.427,0
10.4625,40.638,7.285140327439876e-06,0.966,0.9845,162.441,0
10.4639,40.638,7.285140327439876e-06,0.966,0.9845,162.427,0
10.4651,40.638,7.285140327439876e-06,0.966,0.9845,162.431,0
10.4664,40.638,7.285140327439876e-06,0.966,0.9845,162.418,0
10.4676,40.638,7.285140327439876e-06,0.966,0.9845,162.47,0
10.4689,40.638,7.285140327439876e-06,0.966,0.9845,162.389,0
10.4702,40.638,7.285140327439876e-06,0.966,0.9845,162.435,0
10.4714,40.638,7.285140327439876e-06,0.966,0.9845,162.421,0
10.4727,40.638,7.285140327439876e-06,0.966,0.9845,162.418,0
10.474,40.638,7.285140327439876e-06,0.966,0.9845,162.438,0
10.4753,40.638,7.285140327439876e-06,0.966,0.9845,162.431,0
10.4766,40.638,7.285140327439876e-06,0.966,0.9845,162.431,0
10.4779,40.638,7.285140327439876e-06,0.966,0.9845,162.448,0
10.4791,40.638,7.285140327439876e-06,0.966,0.9845,162.443,0
10.4805,40.638,7.285140327439876e-06,0.966,0.9845,162.433,0
10.4819,40.638,7.285140327439876e-06,0.966,0.9845,162.417,0
10.4832,40.638,7.285140327439876e-06,0.966,0.9845,162.416,0
10.4844,40.638,7.285140327439876e-06,0.966,0.9845,162.444,0
10.4859,40.638,7.285140327439876e-06,0.966,0.9845,162.427,0
10.4871,40.638,7.285140327439876e-06,0.966,0.9845,162.426,0
10.4884,40.638,7.285140327439876e-06,0.966,0.9845,162.424,0
10.4897,40.638,7.285140327439876e-06,0.966,0.9845,162.446,0
10.4909,40.638,7.285140327439876e-06,0.966,0.9845,162.455,0
10.4921,40.638,7.285140327439876e-06,0.966,0.9845,162.441,0
10.4934,40.638,7.285140327439876e-06,0.966,0.9845,162.427,0
10.4949,40.638,7.285140327439876e-06,0.966,0.9845,162.451,0
10.4962,40.638,7.285140327439876e-06,0.966,0.9845,162.423,0
10.4975,40.638,7.285140327439876e-06,0.966,0.9845,162.388,0
10.4989,40.638,7.285140327439876e-06,0.966,0.9845,162.401,0
10.5002,40.638,7.285140327439876e-06,0.966,0.9845,162.469,0
10.5014,40.638,7.285140327439876e-06,0.966,0.9845,162.441,0
10.5027,40.638,7.285140327439876e-06,0.966,0.9845,162.427,0
10.504,40.638,7.285140327439876e-06,0.966,0.9845,162.434,0
10.5053,40.638,7.285140327439876e-06,0.966,0.9845,162.42,0
10.5067,40.638,7.285140327439876e-06,0.966,0.9845,162.409,0
10.508,40.638,7.285140327439876e-06,0.966,0.9845,162.449,0
10.5092,40.638,7.285140327439876e-06,0.966,0.9845,162.443,0
10.5105,40.638,7.285140327439876e-06,0.966,0.9845,162.469,0
10.5117,40.638,7.285140327439876e-06,0.966,0.9845,162.415,0
10.513,40.638,7.285140327439876e-06,0.966,0.9845,162.438,0
10.5142,40.638,7.285140327439876e-06,0.966,0.9845,162.409,0
10.5155,40.638,7.285140327439876e-06,0.966,0.9845,162.435,0
10.5169,40.638,7.285140327439876e-06,0.966,0.9845,162.45,0
10.5181,40.638,7.285140327439876e-06,0.966,0.9845,162.426,0
10.5194,40.638,7.285140327439876e-06,0.966,0.9845,162.43,0
10.521,40.638,7.285140327439876e-06,0.966,0.9845,162.429,0
10.5224,40.638,7.285140327439876e-06,0.966,0.9845,162.439,0
10.5237,40.638,7.285140327439876e-06,0.966,0.9845,162.456,0
10.5249,40.638,7.285140327439876e-06,0.966,0.9845,162.44,0
10.5262,40.638,7.285140327439876e-06,0.966,0.9845,162.407,0
10.5274,40.638,7.285140327439876e-06,0.966,0.9845,162.416,0
10.5287,40.638,7.285140327439876e-06,0.966,0.9845,162.434,0
10.53,40.638,7.285140327439876e-06,0.966,0.9845,162.448,0
10.5313,40.638,7.285140327439876e-06,0.966,0.9845,162.422,0
10.5325,40.638,7.285140327439876e-06,0.966,0.9845,162.409,0
10.5339,40.638,7.285140327439876e-06,0.966,0.9845,162.436,0
10.5352,40.638,7.285140327439876e-06,0.966,0.9845,162.422,0
10.5364,40.638,7.285140327439876e-06,0.966,0.9845,162.44,0
10.5377,40.638,7.285140327439876e-06,0.966,0.9845,162.43,0
10.539,40.638,7.285140327439876e-06,0.966,0.9845,162.456,0
10.5403,40.638,7.285140327439876e-06,0.966,0.9845,162.421,0
10.5415,40.638,7.285140327439876e-06,0.966,0.9845,162.4,0
10.5428,40.638,7.285140327439876e-06,0.966,0.9845,162.456,0
10.5441,40.638,7.285140327439876e-06,0.966,0.9845,162.471,0
10.5453,40.638,7.285140327439876e-06,0.966,0.9845,162.451,0
10.5466,40.638,7.285140327439876e-06,0.966,0.9845,162.421,0
10.5479,40.638,7.285140327439876e-06,0.966,0.9845,162.445,0
10.5491,40.638,7.285140327439876e-06,0.966,0.9845,162.458,0
10.5504,40.638,7.285140327439876e-06,0.966,0.9845,162.446,0
10.5517,40.638,7.285140327439876e-06,0.966,0.9845,162.432,0
10.553,40.638,7.285140327439876e-06,0.966,0.9845,162.461,0
10.5544,40.638,7.285140327439876e-06,0.966,0.9845,162.449,0
10.5557,40.638,7.285140327439876e-06,0.966,0.9845,162.449,0
10.5569,40.638,7.285140327439876e-06,0.966,0.9845,162.41,0
10.5582,40.638,7.285140327439876e-06,0.966,0.9845,162.427,0
10.5594,40.638,7.285140327439876e-06,0.966,0.9845,162.456,0
10.5608,40.638,7.285140327439876e-06,0.966,0.9845,162.435,0
10.5621,40.638,7.285140327439876e-06,0.966,0.9845,162.433,0
10.5633,40.638,7.285140327439876e-06,0.966,0.9845,162.416,0
10.5649,40.638,-0.00015211818390525877,0.931,0.9845,162.416,0
10.5664,40.638,-0.00021578159066848457,0.917,0.9845,162.435,0
10.5677,40.638,-0.00016399388550780714,0.928,0.9845,162.444,0
10.569,40.638,-0.00011649122461676598,0.939,0.9845,162.403,0
10.5703,40.638,-7.498757622670382e-05,0.948,0.9845,162.439,0
10.5716,40.638,-0.00023990024055819958,0.912,0.9845,162.425,0
10.5729,40.638,-0.0002528777695260942,0.909,0.9845,162.418,0
10.5741,40.638,-0.00019570313452277333,0.921,0.9845,162.42,0
10.5754,40.638,-0.0001391406258335337,0.934,0.9845,162.43,0
10.5767,40.638,-9.05360939214006e-05,0.945,0.9845,162.435,0
10.5781,40.638,-5.613337634713389e-05,0.952,0.9845,162.414,0
10.5793,40.638,-3.128017851850018e-05,0.958,0.9845,162.42,0
10.5807,40.638,-1.9282075299997814e-05,0.961,0.9845,162.458,0
10.5819,40.638,-1.0834436579898465e-05,0.962,0.9845,162.43,0
10.5832,40.638,-5.080245045974152e-06,0.964,0.9845,162.406,0
10.5844,40.638,-1.1624975968516083e-06,0.965,0.9845,162.432,0
10.5858,40.638,-0.0001048603662638925,0.942,0.9845,162.416,0
10.5871,40.638,-0.0002252086705993861,0.915,0.9845,162.419,0
10.5883,40.638,-0.00020243675680831075,0.92,0.9845,162.455,0
10.5896,40.638,-0.00014856777852401137,0.932,0.9845,162.455,0
10.5911,40.638,-9.298473742092028e-05,0.944,0.9845,162.428,0
10.5923,40.638,-6.017359919496812e-05,0.951,0.9845,162.439,0
10.5936,40.638,-3.507553628878668e-05,0.957,0.9845,162.455,0
10.5949,40.638,-2.111856338160578e-05,0.96,0.9845,162.442,0
10.5963,40.638,-1.1569057278393302e-05,0.962,0.9845,162.404,0
10.5975,40.638,-5.570006578636821e-06,0.964,0.9845,162.448,0
10.599,40.638,-0.00017391071014571935,0.926,0.9845,162.412,0
10.6003,40.638,-0.000225208728807047,0.915,0.9845,162.445,0
10.6016,40.638,-0.00017966493032872677,0.925,0.9845,162.424,0
10.6029,40.638,-0.00012971367686986923,0.936,0.9845,162.447,0
10.6042,40.638,-8.490445179631934e-05,0.946,0.9845,162.451,0
10.6056,40.638,-5.184844849281944e-05,0.953,0.9845,162.45,0
10.607,40.638,-2.7852258426719345e-05,0.959,0.9845,162.412,0
10.6083,40.638,-9.959599992725998e-05,0.943,0.9845,162.425,0
10.6096,40.638,-0.00023475824855268002,0.913,0.9845,162.427,0
10.6109,40.638,-0.00036037102108821273,0.885,0.9845,162.454,0
10.6122,40.638,-0.00038559152744710445,0.879,0.9845,162.41,0
10.6135,40.638,-0.0002971973444800824,0.899,0.9845,162.404,0
10.6149,40.638,-0.00020415085600689054,0.92,0.9845,162.434,0
10.6163,40.638,-0.00012689777940977365,0.937,0.9845,162.43,0
10.6175,40.638,-7.755865954095498e-05,0.948,0.9845,162.44,0
10.6189,40.638,-4.633910793927498e-05,0.955,0.9845,162.449,0
10.6202,40.638,-0.0002410021552350372,0.911,0.9845,162.434,0
10.6214,40.638,-0.00023549285833723843,0.913,0.9845,162.43,0
10.6227,40.638,-0.0001790527894627303,0.925,0.9845,162.448,0
10.6242,40.638,-0.00020672187383752316,0.919,0.9845,162.425,0
10.6254,40.638,-0.00030405339202843606,0.897,0.9845,162.423,0
10.6267,40.638,-0.00025116378674283624,0.909,0.9845,162.448,0
10.628,40.638,-0.00017807330004870892,0.925,0.9845,162.41,0
10.6293,40.638,-0.00027724134270101786,0.903,0.9845,162.432,0
10.6306,40.638,-0.0003077263245359063,0.897,0.9845,162.464,0
10.6319,40.638,-0.00024443023721687496,0.911,0.9845,162.446,0
10.6332,40.638,-0.00016509581473656,0.928,0.9845,162.428,0
10.6345,40.638,-0.0002566731418482959,0.908,0.9845,162.476,0
10.6357,40.633,-0.0003009926585946232,0.898,0.9837,162.421,0
10.637,40.633,-0.000455988512840122,0.864,0.9837,162.432,0
10.6383,40.633,-0.0005785405519418418,0.837,0.9837,162.454,0
10.6395,40.633,-0.0005118164699524641,0.852,0.9837,162.403,0
10.6409,40.633,-0.0005456070066429675,0.844,0.9837,162.449,0
10.6422,40.633,-0.0004775361157953739,0.859,0.9837,162.461,0
10.6434,40.633,-0.0005489125614985824,0.843,0.9837,162.444,0
10.6447,40.633,-0.0006240843213163316,0.827,0.9837,162.46,0
10.6459,40.633,-0.0008311128476634622,0.781,0.9837,162.451,0
10.6473,40.633,-0.001011696527712047,0.741,0.9837,162.43,0
10.6485,40.633,-0.0010119413491338491,0.741,0.9837,162.427,0
10.6498,40.633,-0.0009974947897717357,0.744,0.9837,162.44,0
10.6513,40.633,-0.001151021453551948,0.711,0.9837,162.481,0
10.6525,40.627,-0.001538755837827921,0.626,0.983,162.461,0
10.6539,40.627,-0.0018358923261985183,0.561,0.983,162.465,0
10.6553,40.627,-0.0019300407730042934,0.541,0.983,162.479,0
10.6565,40.627,-0.0019918675534427166,0.527,0.983,162.422,0
10.6579,40.622,-0.0025475758593529463,0.409,0.9822,162.475,0
10.6592,40.622,-0.0030126862693578005,0.31,0.9822,162.473,0
10.6604,40.622,-0.003420010209083557,0.224,0.9822,162.433,0
10.6617,40.616,-0.0037693011108785868,0.153,0.9814,162.484,0
10.663,40.616,-0.003764892928302288,0.154,0.9814,162.455,0
10.6643,40.616,-0.0042116385884583,0.062,0.9814,162.471,0
10.6655,40.611,-0.004585293587297201,-0.011,0.9807,162.485,0
10.6668,40.611,-0.005009634420275688,-0.095,0.9807,162.45,0
10.6681,40.605,-0.005451605189591646,-0.179,0.9799,162.486,0
10.6693,40.6,-0.005986499134451151,-0.278,0.9792,162.509,0
10.6706,40.6,-0.0061796922236680984,-0.314,0.9792,162.429,0
10.6721,40.594,-0.006442425772547722,-0.36,0.9784,162.48,0
10.6734,40.589,-0.0069944607093930244,-0.456,0.9776,162.473,0
10.6747,40.589,-0.007825635373592377,-0.598,0.9776,162.497,0
10.6761,40.583,-0.008719982579350471,-0.739,0.9769,162.493,0
10.6774,40.578,-0.009402893483638763,-0.84,0.9761,162.498,0
10.6787,40.573,-0.010478436946868896,-0.989,0.9753,162.501,0
10.6801,40.562,-0.011685101315379143,-1.137,0.9738,162.545,0
10.6815,40.556,-0.012849895283579826,-1.267,0.9731,162.513,0
10.6829,40.545,-0.014047257602214813,-1.382,0.9715,162.52,0
10.6842,40.54,-0.014974785968661308,-1.463,0.9708,162.526,0
10.6854,40.529,-0.015883702784776688,-1.53,0.9692,162.511,0
10.6867,40.523,-0.0170082189142704,-1.608,0.9685,162.547,0
10.6879,40.512,-0.018142038956284523,-1.673,0.9669,162.558,0
10.6892,40.501,-0.01933548040688038,-1.731,0.9654,162.589,0
10.6904,40.49,-0.020597606897354126,-1.782,0.9639,162.553,0
10.6917,40.479,-0.02149844355881214,-1.811,0.9624,162.594,0
10.6929,40.468,-0.023109737783670425,-1.858,0.9608,162.587,0
10.6942,40.452,-0.0248123686760664,-1.893,0.9586,162.596,0
10.6955,40.441,-0.02595978043973446,-1.91,0.957,162.595,0
10.6967,40.43,-0.02706090919673443,-1.923,0.9555,162.621,0
10.698,40.413,-0.028077922761440277,-1.928,0.9532,162.609,0
10.6993,40.397,-0.028683580458164215,-1.927,0.9509,162.625,0
10.7005,40.386,-0.029302095994353294,-1.929,0.9494,162.639,0
10.7018,40.369,-0.030039245262742043,-1.929,0.9471,162.663,0
10.7031,40.353,-0.032016728073358536,-1.936,0.9448,162.669,0
10.7044,40.336,-0.0328294113278389,-1.934,0.9425,162.694,0
10.7057,40.32,-0.03372204303741455,-1.932,0.9402,162.663,0
10.7071,40.303,-0.0353400744497776,-1.931,0.938,162.707,0
10.7083,40.281,-0.03626588359475136,-1.928,0.9349,162.714,0
10.7096,40.265,-0.03772353380918503,-1.925,0.9326,162.749,0
10.7109,40.243,-0.03973064571619034,-1.92,0.9296,162.775,0
10.7122,40.221,-0.041758570820093155,-1.915,0.9265,162.775,0
10.7134,40.199,-0.043475646525621414,-1.91,0.9235,162.769,0
10.7148,40.177,-0.045424483716487885,-1.904,0.9204,162.81,0
10.7161,40.15,-0.04695277288556099,-1.902,0.9166,162.836,0
10.7174,40.128,-0.04879667982459068,-1.898,0.9135,162.857,0
10.7186,40.106,-0.05048779770731926,-1.896,0.9105,162.844,0
10.7198,40.078,-0.052068598568439484,-1.897,0.9067,162.872,0
10.721,40.051,-0.053722262382507324,-1.899,0.9029,162.907,0
10.7223,40.029,-0.055091388523578644,-1.901,0.8998,162.96,0
10.7236,39.996,-0.056562136858701706,-1.91,0.8952,162.969,0
10.7249,39.968,-0.05901686102151871,-1.912,0.8914,163.007,0
10.7262,39.941,-0.06010562926530838,-1.923,0.8876,163.015,0
10.7275,39.908,-0.061239808797836304,-1.939,0.883,163.085,0
10.7288,39.88,-0.06265129894018173,-1.951,0.8792,163.081,0
10.73,39.847,-0.06239480897784233,-1.978,0.8746,163.1,0
10.7315,39.82,-0.062214482575654984,-2.001,0.8708,163.15,0
10.7326,39.792,-0.06222047656774521,-2.025,0.867,163.15,0
10.7339,39.765,-0.061254508793354034,-2.054,0.8632,163.217,0
10.7352,39.738,-0.059999980032444,-2.087,0.8594,163.235,0
10.7364,39.716,-0.0593976229429245,-2.111,0.8563,163.263,0
10.7376,39.688,-0.06038990989327431,-2.131,0.8525,163.242,0
10.7389,39.661,-0.06016182899475098,-2.159,0.8487,163.274,0
10.7402,39.633,-0.06054612621665001,-2.183,0.8449,163.316,0
10.7415,39.6,-0.06206437945365906,-2.207,0.8403,163.368,0
10.7428,39.567,-0.06359304487705231,-2.231,0.8357,163.378,0
10.7441,39.54,-0.0652366653084755,-2.248,0.8319,163.388,0
10.7454,39.501,-0.06684685498476028,-2.277,0.8266,163.457,0
10.7467,39.468,-0.068730928003788,-2.298,0.822,163.478,0
10.748,39.435,-0.06980084627866745,-2.323,0.8174,163.52,0
10.7492,39.402,-0.07097495347261429,-2.347,0.8128,163.527,0
10.7504,39.37,-0.0725909098982811,-2.368,0.8083,163.557,0
10.7517,39.337,-0.0731816291809082,-2.393,0.8037,163.611,0
10.753,39.304,-0.07272852212190628,-2.424,0.7991,163.647,0
10.7545,39.265,-0.07254903763532639,-2.456,0.7938,163.658,0
10.7558,39.232,-0.07309556007385254,-2.478,0.7892,163.725,0
10.757,39.194,-0.07348770648241043,-2.502,0.7838,163.772,0
10.7583,39.161,-0.07465801388025284,-2.517,0.7793,163.81,0
10.7596,39.122,-0.0756610780954361,-2.533,0.7739,163.832,0
10.7608,39.084,-0.0784396231174469,-2.537,0.7686,163.887,0
10.7621,39.045,-0.08085479587316513,-2.539,0.7632,163.925,0
10.7637,39.001,-0.08311384916305542,-2.542,0.7571,163.981,0
10.7653,38.952,-0.08666614443063736,-2.534,0.7503,164.033,0
10.7666,38.897,-0.08909735828638077,-2.528,0.7426,164.133,0
10.7679,38.853,-0.09140234440565109,-2.516,0.7365,164.163,0
10.7691,38.809,-0.09247764199972153,-2.507,0.7304,164.184,0
10.7704,38.765,-0.09259543567895889,-2.499,0.7243,164.24,0
10.7717,38.721,-0.09329167008399963,-2.484,0.7182,164.307,0
10.773,38.677,-0.09353800863027573,-2.467,0.7121,164.344,0
10.7742,38.633,-0.09389269351959229,-2.446,0.706,164.411,0
10.7755,38.589,-0.09459041059017181,-2.418,0.6999,164.443,0
10.7768,38.546,-0.09516365081071854,-2.387,0.6938,164.495,0
10.7781,38.502,-0.09613965451717377,-2.349,0.6877,164.568,0
10.7794,38.458,-0.09758995473384857,-2.306,0.6816,164.633,0
10.7806,38.408,-0.09865228086709976,-2.256,0.6747,164.672,0
10.782,38.364,-0.09918779134750366,-2.211,0.6686,164.738,0
10.7832,38.315,-0.09985686093568802,-2.157,0.6618,164.809,0
10.7844,38.271,-0.09916000068187714,-2.114,0.6557,164.805,0
10.7857,38.227,-0.09849349409341812,-2.069,0.6496,164.87,0
10.787,38.183,-0.09824509173631668,-2.02,0.6435,164.922,0
10.7883,38.139,-0.09862156957387924,-1.966,0.6374,164.984,0
10.7898,38.09,-0.09874767065048218,-1.906,0.6305,165.033,0
10.7912,38.035,-0.099189892411232,-1.837,0.6229,165.123,0
10.7924,37.985,-0.0999830961227417,-1.772,0.616,165.175,0
10.7937,37.941,-0.100876584649086,-1.715,0.6099,165.208,0
10.7949,37.892,-0.1019376739859581,-1.651,0.603,165.303,0
10.7962,37.848,-0.10207712650299072,-1.6,0.5969,165.351,0
10.7975,37.804,-0.10184070467948914,-1.554,0.5908,165.407,0
10.7989,37.755,-0.10113000869750977,-1.507,0.584,165.463,0
10.8002,37.705,-0.10108888149261475,-1.461,0.5771,165.534,0
10.8017,37.65,-0.10004493594169617,-1.42,0.5695,165.599,0
10.803,37.606,-0.10032957792282104,-1.384,0.5634,165.607,0
10.8042,37.562,-0.1003636047244072,-1.355,0.5573,165.678,0
10.8055,37.513,-0.10039885342121124,-1.327,0.5504,165.766,0
10.8068,37.463,-0.10035624355077744,-1.306,0.5435,165.808,0
10.808,37.419,-0.09968005865812302,-1.297,0.5374,165.891,0
10.8093,37.375,-0.0991375744342804,-1.292,0.5313,165.938,0
10.8105,37.332,-0.09919755905866623,-1.29,0.5252,165.993,0
10.8119,37.288,-0.09802565723657608,-1.301,0.5191,166.022,0
10.8132,37.244,-0.09719068557024002,-1.316,0.513,166.085,0
10.8145,37.2,-0.0950995683670044,-1.346,0.5069,166.153,0
10.8159,37.156,-0.09354384988546371,-1.378,0.5008,166.177,0
10.8176,37.112,-0.09209465980529785,-1.416,0.4947,166.219,0
10.819,37.057,-0.09093573689460754,-1.469,0.4871,166.32,0
10.8204,37.013,-0.09087114781141281,-1.514,0.481,166.336,0
10.8217,36.969,-0.09126463532447815,-1.563,0.4749,166.361,0
10.823,36.925,-0.09083282947540283,-1.623,0.4688,166.431,0
10.8243,36.887,-0.09072981029748917,-1.679,0.4634,166.487,0
10.8255,36.848,-0.08981392532587051,-1.745,0.4581,166.518,0
10.8267,36.81,-0.08898068219423294,-1.815,0.4527,166.568,0
10.828,36.771,-0.08788565546274185,-1.891,0.4474,166.606,0
10.8292,36.733,-0.08661489933729172,-1.972,0.442,166.653,0
10.8305,36.694,-0.08509472012519836,-2.059,0.4367,166.656,0
10.8318,36.656,-0.08371812850236893,-2.149,0.4314,166.749,0
10.833,36.623,-0.08278630673885345,-2.228,0.4268,166.773,0
10.8343,36.59,-0.08195403218269348,-2.308,0.4222,166.781,0
10.8355,36.552,-0.08113729953765869,-2.405,0.4169,166.839,0
10.8369,36.513,-0.08078788220882416,-2.501,0.4115,166.858,0
10.8382,36.475,-0.08080748468637466,-2.599,0.4062,166.92,0
10.8395,36.442,-0.08060786128044128,-2.685,0.4016,166.944,0
10.8409,36.398,-0.07999055832624435,-2.805,0.3955,166.985,0
10.8421,36.365,-0.07897432893514633,-2.9,0.3909,167.052,0
10.8434,36.332,-0.07784068584442139,-2.997,0.3864,167.058,0
10.8447,36.293,-0.07702744752168655,-3.108,0.381,167.121,0
10.8459,36.26,-0.0762857049703598,-3.204,0.3764,167.17,0
10.8472,36.227,-0.07469809800386429,-3.306,0.3719,167.189,0
10.8484,36.2,-0.07354316115379333,-3.39,0.368,167.242,0
10.8497,36.167,-0.0724169909954071,-3.489,0.3635,167.258,0
10.851,36.134,-0.07185773551464081,-3.585,0.3589,167.281,0
10.8522,36.107,-0.07115639746189117,-3.666,0.3551,167.299,0
10.8535,36.074,-0.07196749001741409,-3.752,0.3505,167.317,0
10.8547,36.041,-0.07298335433006287,-3.837,0.3459,167.37,0
10.856,36.002,-0.07445476949214935,-3.932,0.3406,167.414,0
10.8572,35.964,-0.07614583522081375,-4.025,0.3352,167.448,0
10.8584,35.931,-0.07742619514465332,-4.104,0.3307,167.463,0
10.8597,35.892,-0.0786767527461052,-4.194,0.3253,167.534,0
10.861,35.859,-0.07940325886011124,-4.272,0.3207,167.575,0
10.8623,35.821,-0.08041464537382126,-4.359,0.3154,167.62,0
10.8636,35.782,-0.08149360120296478,-4.442,0.3101,167.636,0
10.865,35.739,-0.08164934068918228,-4.539,0.304,167.655,0
10.8663,35.7,-0.08080898970365524,-4.626,0.2986,167.709,0
10.8676,35.662,-0.08094574511051178,-4.702,0.2933,167.745,0
10.8689,35.629,-0.08064071834087372,-4.766,0.2887,167.786,0
10.8702,35.585,-0.08209652453660965,-4.835,0.2826,167.843,0
10.8714,35.546,-0.08377784490585327,-4.887,0.2773,167.858,0
10.8727,35.502,-0.08712548017501831,-4.932,0.2711,167.941,0
10.8739,35.458,-0.09067423641681671,-4.969,0.265,167.95,0
10.8752,35.409,-0.09357024729251862,-5.007,0.2582,167.991,0
10.8764,35.365,-0.0961536318063736,-5.033,0.2521,168.027,0
10.8776,35.321,-0.098451629281044,-5.053,0.246,168.054,0
10.879,35.272,-0.10004815459251404,-5.072,0.2391,168.105,0
10.8803,35.222,-0.1016022190451622,-5.081,0.2322,168.128,0
10.8817,35.173,-0.10213080048561096,-5.085,0.2254,168.21,0
10.8829,35.123,-0.10103332996368408,-5.089,0.2185,168.239,0
10.8841,35.079,-0.10051645338535309,-5.081,0.2124,168.278,0
10.8854,35.035,-0.09995117783546448,-5.065,0.2063,168.3,0
10.8867,34.991,-0.10053425282239914,-5.035,0.2002,168.343,0
10.888,34.942,-0.1017095223069191,-4.987,0.1933,168.38,0
10.8892,34.893,-0.10288459807634354,-4.931,0.1865,168.415,0
10.8905,34.843,-0.1046288013458252,-4.861,0.1796,168.433,0
10.8919,34.788,-0.10676207393407822,-4.772,0.172,168.512,0
10.8932,34.733,-0.10827965289354324,-4.677,0.1643,168.525,0
10.8944,34.684,-0.10841842740774155,-4.59,0.1575,168.584,0
10.8957,34.64,-0.1076374351978302,-4.512,0.1514,168.622,0
10.897,34.59,-0.10694409906864166,-4.416,0.1445,168.667,0
10.8982,34.541,-0.10711023211479187,-4.31,0.1376,168.694,0
10.8995,34.492,-0.10731744766235352,-4.197,0.1308,168.725,0
10.9008,34.448,-0.10796638578176498,-4.09,0.1247,168.725,0
10.9021,34.393,-0.10975637286901474,-3.946,0.117,168.8,0
10.9033,34.338,-0.11036905646324158,-3.804,0.1094,168.823,0
10.9046,34.288,-0.11118756979703903,-3.673,0.1025,168.876,0
10.9059,34.233,-0.11295568197965622,-3.519,0.0949,168.948,0
10.9072,34.178,-0.11317536979913712,-3.374,0.0873,168.978,0
10.9085,34.129,-0.11314063519239426,-3.244,0.0804,169.029,0
10.9097,34.08,-0.11363090574741364,-3.111,0.0735,169.055,0
10.911,34.025,-0.11425002664327621,-2.965,0.0659,169.082,0
10.9123,33.97,-0.11520706117153168,-2.82,0.0583,169.133,0
10.9136,33.915,-0.1159522756934166,-2.679,0.0507,169.152,0
10.9149,33.86,-0.11627575010061264,-2.545,0.043,169.221,0
10.9161,33.805,-0.11756988614797592,-2.411,0.0354,169.261,0
10.9173,33.755,-0.1171903982758522,-2.304,0.0285,169.326,0
10.9186,33.701,-0.11649474501609802,-2.193,0.0209,169.378,0
10.92,33.651,-0.11463326215744019,-2.107,0.014,169.38,0
10.9212,33.602,-0.11265701055526733,-2.028,0.0072,169.431,0
10.9225,33.552,-0.11023829132318497,-1.959,0.0003,169.492,0
10.9239,33.503,-0.10712507367134094,-1.901,0.9934,169.508,0
10.9251,33.459,-0.1045004352927208,-1.854,0.9873,169.519,0
10.9264,33.415,-0.10261832922697067,-1.809,0.9812,169.584,0
10.9277,33.371,-0.10013815015554428,-1.773,0.9751,169.591,0
10.9289,33.327,-0.09939476102590561,-1.733,0.969,169.669,0
10.9304,33.283,-0.09852869808673859,-1.7,0.9629,169.689,0
10.9317,33.234,-0.09776598960161209,-1.669,0.9561,169.704,0
10.933,33.19,-0.09697018563747406,-1.649,0.95,169.745,0
10.9343,33.146,-0.09599612653255463,-1.635,0.9438,169.724,0
10.9356,33.102,-0.09516815096139908,-1.627,0.9377,169.819,0
10.9369,33.058,-0.09398181736469269,-1.626,0.9316,169.843,0
10.9382,33.019,-0.0927501767873764,-1.632,0.9263,169.834,0
10.9395,32.975,-0.09182117134332657,-1.64,0.9202,169.927,0
10.9409,32.932,-0.09187356382608414,-1.647,0.9141,169.94,0
10.9421,32.888,-0.09115012735128403,-1.665,0.908,169.96,0
10.9434,32.849,-0.09054483473300934,-1.683,0.9026,170.018,0
10.9446,32.811,-0.08985248953104019,-1.705,0.8973,170.057,0
10.9459,32.772,-0.08917593955993652,-1.731,0.892,170.09,0
10.9472,32.734,-0.08790231496095657,-1.763,0.8866,170.106,0
10.9485,32.695,-0.08651825040578842,-1.798,0.8813,170.169,0
10.9497,32.657,-0.08538870513439178,-1.834,0.8759,170.185,0
10.951,32.624,-0.08315534144639969,-1.874,0.8714,170.221,0
10.9522,32.585,-0.08133162558078766,-1.917,0.866,170.287,0
10.9535,32.552,-0.0791325569152832,-1.96,0.8615,170.282,0
10.9548,32.52,-0.07791683077812195,-1.998,0.8569,170.315,0
10.956,32.487,-0.07666511833667755,-2.036,0.8523,170.32,0
10.9572,32.454,-0.07553239911794662,-2.075,0.8477,170.386,0
10.9585,32.421,-0.07571788132190704,-2.106,0.8431,170.458,0
10.9599,32.382,-0.07605188339948654,-2.142,0.8378,170.466,0
10.9611,32.349,-0.0760401263833046,-2.175,0.8332,170.493,0
10.9624,32.316,-0.07709056884050369,-2.201,0.8286,170.541,0
10.9639,32.278,-0.07727886736392975,-2.238,0.8233,170.568,0
10.9652,32.234,-0.07807955145835876,-2.275,0.8172,170.584,0
10.9664,32.195,-0.07880396395921707,-2.307,0.8119,170.64,0
10.9677,32.162,-0.07889541983604431,-2.336,0.8073,170.663,0
10.969,32.124,-0.07826600968837738,-2.374,0.8019,170.699,0
10.9703,32.091,-0.07815790176391602,-2.402,0.7974,170.769,0
10.9716,32.053,-0.07748797535896301,-2.436,0.792,170.782,0
10.9728,32.02,-0.07720369100570679,-2.462,0.7874,170.815,0
10.9741,31.987,-0.07641181349754333,-2.49,0.7829,170.862,0
10.9754,31.948,-0.0774349644780159,-2.508,0.7775,170.891,0
10.9767,31.91,-0.07915901392698288,-2.519,0.7722,170.911,0
10.978,31.871,-0.08055923879146576,-2.53,0.7668,170.997,0
10.9792,31.833,-0.08284367620944977,-2.533,0.7615,171.025,0
10.9808,31.789,-0.08593882620334625,-2.529,0.7554,171.087,0
10.9822,31.729,-0.08914647251367569,-2.523,0.747,171.137,0
10.9834,31.69,-0.09089671075344086,-2.517,0.7417,171.157,0
10.9847,31.646,-0.09206946194171906,-2.512,0.7356,171.232,0
10.986,31.602,-0.09333832561969757,-2.501,0.7295,171.279,0
10.9872,31.558,-0.09421870857477188,-2.488,0.7234,171.326,0
10.9884,31.514,-0.09487075358629227,-2.472,0.7173,171.375,0
10.9897,31.47,-0.09569594264030457,-2.451,0.7112,171.401,0
10.9909,31.426,-0.09622520953416824,-2.428,0.705,171.472,0
10.9922,31.382,-0.09648208320140839,-2.402,0.6989,171.53,0
10.9935,31.339,-0.09778521209955215,-2.366,0.6928,171.579,0
10.9948,31.289,-0.09872008860111237,-2.324,0.686,171.618,0
10.9961,31.24,-0.09921139478683472,-2.281,0.6791,171.666,0
10.9973,31.196,-0.10050315409898758,-2.234,0.673,171.738,0
10.9985,31.152,-0.10039077699184418,-2.192,0.6669,171.792,0
10.9999,31.108,-0.1000746637582779,-2.149,0.6608,171.841,0
11.0011,31.058,-0.10000143945217133,-2.096,0.6539,171.908,0
11.0024,31.014,-0.09965277463197708,-2.048,0.6478,171.944,0
11.0037,30.97,-0.09965082257986069,-1.997,0.6417,172.032,0
11.005,30.921,-0.10014373809099197,-1.935,0.6349,172.024,0
11.0062,30.872,-0.10125943273305893,-1.869,0.628,172.125,0
11.0074,30.828,-0.10215647518634796,-1.811,0.6219,172.173,0
11.0087,30.784,-0.10219676792621613,-1.757,0.6158,172.219,0
11.01,30.734,-0.1030421331524849,-1.693,0.6089,172.327,0
11.0112,30.685,-0.10379959642887115,-1.631,0.6021,172.335,0
11.0125,30.641,-0.10475564002990723,-1.576,0.5959,172.418,0
11.0141,30.586,-0.1047394722700119,-1.518,0.5883,172.444,0
11.0153,30.531,-0.10393059253692627,-1.468,0.5807,172.523,0
11.0166,30.487,-0.1035999059677124,-1.429,0.5746,172.594,0
11.0179,30.438,-0.10357480496168137,-1.388,0.5677,172.632,0
11.0192,30.388,-0.10387951880693436,-1.351,0.5609,172.699,0
11.0205,30.344,-0.10396129637956619,-1.323,0.5547,172.781,0
11.0217,30.295,-0.10446483641862869,-1.294,0.5479,172.86,0
11.023,30.245,-0.10499566793441772,-1.272,0.541,172.864,0
11.0243,30.196,-0.10511333495378494,-1.259,0.5341,172.933,0
11.0256,30.152,-0.10491205751895905,-1.256,0.528,173.054,0
11.0268,30.103,-0.10451502352952957,-1.26,0.5212,173.076,0
11.0281,30.059,-0.104030080139637,-1.271,0.5151,173.134,0
11.0293,30.009,-0.10252197831869125,-1.297,0.5082,173.148,0
11.0307,29.971,-0.10211098194122314,-1.318,0.5029,173.221,0
11.032,29.916,-0.10040998458862305,-1.363,0.4952,173.311,0
11.0333,29.872,-0.10021666437387466,-1.4,0.4891,173.353,0
11.0346,29.828,-0.09924164414405823,-1.448,0.483,173.367,0
11.0359,29.778,-0.09882855415344238,-1.506,0.4762,173.44,0
11.0372,29.734,-0.09774601459503174,-1.568,0.4701,173.488,0
11.0384,29.696,-0.09669256955385208,-1.629,0.4647,173.559,0
11.0398,29.652,-0.09530666470527649,-1.705,0.4586,173.557,0
11.041,29.608,-0.09413126856088638,-1.786,0.4525,173.592,0
11.0424,29.564,-0.09242673963308334,-1.876,0.4464,173.655,0
11.0438,29.52,-0.09185634553432465,-1.965,0.4403,173.717,0
11.045,29.482,-0.09086406230926514,-2.051,0.435,173.749,0
11.0463,29.443,-0.0900535061955452,-2.139,0.4296,173.815,0
11.0476,29.399,-0.0901351049542427,-2.237,0.4235,173.853,0
11.0489,29.361,-0.08937794715166092,-2.333,0.4182,173.929,0
11.0502,29.317,-0.08919747918844223,-2.441,0.4121,173.943,0
11.0514,29.279,-0.08840390294790268,-2.543,0.4067,173.981,0
11.0527,29.24,-0.08820496499538422,-2.644,0.4014,174.02,0
11.054,29.202,-0.08800339698791504,-2.747,0.3961,174.059,0
11.0554,29.158,-0.08776483684778214,-2.867,0.39,174.118,0
11.0566,29.119,-0.08616212010383606,-2.982,0.3846,174.178,0
11.0578,29.081,-0.08515281230211258,-3.094,0.3793,174.215,0
11.0591,29.048,-0.08412466198205948,-3.192,0.3747,174.239,0
11.0604,29.009,-0.08330831676721573,-3.305,0.3694,174.295,0
11.0617,28.971,-0.0824541375041008,-3.418,0.364,174.305,0
11.063,28.932,-0.08221804350614548,-3.527,0.3587,174.391,0
11.0642,28.894,-0.08291871845722198,-3.63,0.3533,174.43,0
11.0655,28.856,-0.08409225940704346,-3.729,0.348,174.462,0
11.0668,28.812,-0.08504237979650497,-3.844,0.3419,174.482,0
11.0681,28.773,-0.0858076736330986,-3.942,0.3365,174.551,0
11.0693,28.735,-0.0871991515159607,-4.035,0.3312,174.574,0
11.0707,28.691,-0.08766040951013565,-4.145,0.3251,174.64,0
11.0721,28.647,-0.08826004713773727,-4.25,0.319,174.667,0
11.0734,28.603,-0.08880165964365005,-4.351,0.3129,174.74,0
11.0747,28.559,-0.08918467909097672,-4.449,0.3068,174.758,0
11.076,28.521,-0.08883361518383026,-4.535,0.3015,174.779,0
11.0773,28.482,-0.08784420788288116,-4.62,0.2961,174.846,0
11.0785,28.438,-0.0876375362277031,-4.707,0.29,174.866,0
11.0799,28.4,-0.08819244801998138,-4.773,0.2847,174.882,0
11.0812,28.356,-0.08926969021558762,-4.84,0.2786,174.935,0
11.0825,28.312,-0.09147597849369049,-4.893,0.2725,175.008,0
11.0839,28.257,-0.09447582066059113,-4.948,0.2648,175.043,0
11.0851,28.207,-0.09807658195495605,-4.982,0.258,175.08,0
11.0864,28.158,-0.10106325894594193,-5.01,0.2511,175.139,0
11.0877,28.109,-0.10318263620138168,-5.033,0.2442,175.187,0
11.089,28.059,-0.10599514096975327,-5.042,0.2374,175.196,0
11.0903,28.004,-0.10721319168806076,-5.051,0.2297,175.263,0
11.0915,27.96,-0.10762187093496323,-5.053,0.2236,175.335,0
11.0928,27.905,-0.10798773169517517,-5.044,0.216,175.347,0
11.0941,27.856,-0.10799428075551987,-5.027,0.2091,175.384,0
11.0953,27.812,-0.10767345130443573,-5.005,0.203,175.443,0
11.0966,27.757,-0.10808651894330978,-4.962,0.1954,175.474,0
11.098,27.708,-0.10875542461872101,-4.911,0.1885,175.482,0
11.0992,27.653,-0.11065039038658142,-4.837,0.1809,175.539,0
11.1005,27.603,-0.11125275492668152,-4.767,0.174,175.589,0
11.1019,27.548,-0.11240758001804352,-4.677,0.1664,175.652,0
11.1032,27.493,-0.11286208778619766,-4.58,0.1588,175.693,0
11.1045,27.438,-0.11253196746110916,-4.479,0.1512,175.733,0
11.1057,27.389,-0.11183086037635803,-4.384,0.1443,175.749,0
11.107,27.345,-0.11201842874288559,-4.289,0.1382,175.826,0
11.1082,27.29,-0.11233963817358017,-4.163,0.1306,175.836,0
11.1095,27.241,-0.11297211050987244,-4.043,0.1237,175.892,0
11.1109,27.18,-0.11460200697183609,-3.886,0.1153,175.951,0
11.1122,27.125,-0.11542186141014099,-3.742,0.1077,175.98,0
11.1135,27.07,-0.11584407836198807,-3.598,0.1,175.992,0
11.1149,27.01,-0.11655672639608383,-3.436,0.0916,176.053,0
11.1162,26.955,-0.11601833254098892,-3.295,0.084,176.088,0
11.1175,26.9,-0.1153472289443016,-3.154,0.0764,176.126,0
11.1189,26.845,-0.11506856977939606,-3.013,0.0688,176.177,0
11.1202,26.79,-0.11505448818206787,-2.872,0.0611,176.244,0
11.1215,26.735,-0.11646505445241928,-2.726,0.0535,176.303,0
11.1229,26.68,-0.11774197965860367,-2.585,0.0459,176.312,0
11.1242,26.614,-0.12023120373487473,-2.416,0.0367,176.36,0
11.1254,26.559,-0.12052499502897263,-2.292,0.0291,176.426,0
11.1267,26.505,-0.12088089436292648,-2.175,0.0215,176.464,0
11.128,26.45,-0.12035415321588516,-2.07,0.0138,176.504,0
11.1293,26.395,-0.11979857087135315,-1.973,0.0062,176.577,0
11.1307,26.345,-0.11805769056081772,-1.901,0.9993,176.604,0
11.132,26.285,-0.11724144965410233,-1.814,0.9909,176.648,0
11.1333,26.235,-0.11495961248874664,-1.76,0.9841,176.67,0
11.1346,26.18,-0.11313608288764954,-1.706,0.9764,176.678,0
11.1359,26.136,-0.11149374395608902,-1.67,0.9703,176.749,0
11.1372,26.082,-0.10987883061170578,-1.631,0.9627,176.77,0
11.1386,26.038,-0.10745571553707123,-1.614,0.9566,176.809,0
11.1402,25.988,-0.10437557101249695,-1.604,0.9497,176.859,0
11.1416,25.933,-0.10251422971487045,-1.592,0.9421,176.875,0
11.143,25.884,-0.10065966099500656,-1.59,0.9352,176.95,0
11.1443,25.834,-0.09949163347482681,-1.592,0.9284,176.958,0
11.1456,25.79,-0.09860549867153168,-1.598,0.9223,177.024,0
11.1469,25.746,-0.09827267378568649,-1.606,0.9162,177.029,0
11.1483,25.703,-0.09761486202478409,-1.621,0.9101,177.107,0
11.1496,25.653,-0.09725319594144821,-1.641,0.9032,177.106,0
11.151,25.604,-0.09682916104793549,-1.667,0.8963,177.161,0
11.1524,25.554,-0.09624665230512619,-1.699,0.8895,177.198,0
11.1537,25.51,-0.09454414248466492,-1.739,0.8834,177.238,0
11.155,25.472,-0.09368748217821121,-1.772,0.878,177.252,0
11.1564,25.428,-0.0916520282626152,-1.819,0.8719,177.314,0
11.1578,25.384,-0.0891079530119896,-1.872,0.8658,177.356,0
11.1591,25.345,-0.08739283680915833,-1.917,0.8605,177.431,0
11.1604,25.307,-0.08492802083492279,-1.967,0.8551,177.409,0
11.1618,25.269,-0.0843404084444046,-2.008,0.8498,177.453,0
11.1631,25.23,-0.08343710750341415,-2.051,0.8445,177.519,0
11.1644,25.192,-0.0834708884358406,-2.089,0.8391,177.558,0
11.1657,25.153,-0.08315958827733994,-2.129,0.8338,177.59,0
11.1669,25.115,-0.0836649015545845,-2.164,0.8284,177.587,0
11.1682,25.076,-0.08375396579504013,-2.201,0.8231,177.678,0
11.1695,25.038,-0.08425813168287277,-2.235,0.8177,177.686,0
11.1709,24.994,-0.08436810970306396,-2.275,0.8116,177.728,0
11.1723,24.955,-0.08431306481361389,-2.31,0.8063,177.792,0
11.1736,24.911,-0.0838489979505539,-2.351,0.8002,177.816,0
11.1749,24.873,-0.08395753800868988,-2.382,0.7949,177.871,0
11.1761,24.835,-0.08370852470397949,-2.413,0.7895,177.872,0
11.1773,24.802,-0.08333366364240646,-2.438,0.7849,177.934,0
11.1785,24.763,-0.0838899314403534,-2.46,0.7796,177.992,0
11.1799,24.725,-0.08500373363494873,-2.476,0.7743,178.018,0
11.1811,24.681,-0.08583962917327881,-2.494,0.7682,178.055,0
11.1824,24.642,-0.08649817109107971,-2.507,0.7628,178.109,0
11.1837,24.598,-0.0882866233587265,-2.512,0.7567,178.153,0
11.185,24.56,-0.08933762460947037,-2.516,0.7514,178.203,0
11.1862,24.516,-0.09133994579315186,-2.512,0.7453,178.232,0
11.1874,24.472,-0.09314022213220596,-2.505,0.7392,178.264,0
11.1888,24.428,-0.09476246684789658,-2.495,0.7331,178.306,0
11.1901,24.379,-0.09634693711996078,-2.479,0.7262,178.39,0
11.1913,24.329,-0.0975106954574585,-2.461,0.7193,178.425,0
11.1928,24.28,-0.09840033203363419,-2.439,0.7125,178.492,0
11.194,24.23,-0.09921778738498688,-2.412,0.7056,178.54,0
11.1952,24.186,-0.10035455226898193,-2.381,0.6995,178.571,0
11.1965,24.142,-0.10120347142219543,-2.348,0.6934,178.642,0
11.1979,24.093,-0.10248072445392609,-2.305,0.6865,178.713,0
11.1991,24.044,-0.10259030759334564,-2.264,0.6797,178.771,0
11.2003,24.0,-0.10323252528905869,-2.221,0.6736,178.81,0
11.2016,23.95,-0.10383452475070953,-2.17,0.6667,178.845,0
11.2029,23.901,-0.10373426973819733,-2.119,0.6598,178.892,0
11.2041,23.857,-0.10340879112482071,-2.073,0.6537,178.984,0
11.2055,23.807,-0.10309696942567825,-2.019,0.6469,179.009,0
11.2069,23.758,-0.10262555629014969,-1.965,0.64,179.067,0
11.2081,23.708,-0.10352644324302673,-1.9,0.6331,179.132,0
11.2094,23.659,-0.10388607531785965,-1.838,0.6263,179.201,0
11.2106,23.615,-0.10466106235980988,-1.78,0.6201,179.262,0
11.2119,23.566,-0.10503295063972473,-1.719,0.6133,179.33,0
11.2132,23.516,-0.10549530386924744,-1.657,0.6064,179.385,0
11.2144,23.467,-0.10556387901306152,-1.6,0.5995,179.409,0
11.2156,23.423,-0.10619352012872696,-1.548,0.5934,179.475,0
11.2169,23.373,-0.10494466871023178,-1.503,0.5866,179.536,0
11.2182,23.324,-0.10456813871860504,-1.457,0.5797,179.572,0
11.2194,23.28,-0.10440102964639664,-1.418,0.5736,179.618,0
11.2207,23.236,-0.10366407781839371,-1.387,0.5675,179.711,0
11.222,23.187,-0.10436812043190002,-1.347,0.5606,179.778,0
11.2233,23.132,-0.10450351238250732,-1.312,0.553,179.85,0
11.2245,23.088,-0.1048610657453537,-1.289,0.5469,179.895,0
11.2258,23.044,-0.10457364469766617,-1.274,0.5408,179.946,0
11.227,22.994,-0.10485009849071503,-1.261,0.5339,180.03,0
11.2283,22.945,-0.10455743223428726,-1.258,0.5271,180.066,0
11.2295,22.901,-0.10462795197963715,-1.26,0.521,180.099,0
11.2308,22.852,-0.104593925178051,-1.27,0.5141,180.143,0
11.232,22.808,-0.10433847457170486,-1.287,0.508,180.239,0
11.2333,22.764,-0.10367552191019058,-1.313,0.5019,180.304,0
11.2345,22.714,-0.10325545817613602,-1.347,0.495,180.362,0
11.2359,22.67,-0.10271462798118591,-1.387,0.4889,180.379,0
11.2372,22.621,-0.10192899405956268,-1.439,0.4821,180.476,0
11.2384,22.577,-0.101056307554245,-1.494,0.476,180.464,0
11.2397,22.533,-0.10020805150270462,-1.556,0.4698,180.566,0
11.241,22.489,-0.09964536130428314,-1.622,0.4637,180.6,0
11.2423,22.445,-0.09782935678958893,-1.702,0.4576,180.665,0
11.2435,22.401,-0.09632636606693268,-1.786,0.4515,180.676,0
11.2448,22.363,-0.09459704905748367,-1.866,0.4462,180.731,0
11.246,22.319,-0.09297040104866028,-1.962,0.4401,180.796,0
11.2474,22.28,-0.09179011732339859,-2.048,0.4348,180.833,0
11.2487,22.236,-0.09134551882743835,-2.146,0.4286,180.859,0
11.25,22.192,-0.09129147231578827,-2.247,0.4225,180.925,0
11.2513,22.154,-0.09088390320539474,-2.341,0.4172,180.974,0
11.2525,22.115,-0.08998201042413712,-2.44,0.4119,181.056,0
11.2539,22.072,-0.08980809897184372,-2.553,0.4058,181.09,0
11.2553,22.028,-0.08928973227739334,-2.67,0.3997,181.117,0
11.2566,21.984,-0.08838747441768646,-2.793,0.3936,181.152,0
11.2579,21.945,-0.08676350116729736,-2.907,0.3882,181.218,0
11.2591,21.912,-0.0850306898355484,-3.008,0.3836,181.275,0
11.2603,21.874,-0.08377945423126221,-3.122,0.3783,181.326,0
11.2616,21.841,-0.08230587840080261,-3.223,0.3737,181.344,0
11.263,21.802,-0.08016923069953918,-3.343,0.3684,181.367,0
11.2644,21.769,-0.07938023656606674,-3.441,0.3638,181.406,0
11.2658,21.725,-0.07862692326307297,-3.568,0.3577,181.438,0
11.2671,21.693,-0.07868318259716034,-3.66,0.3531,181.493,0
11.2684,21.654,-0.07912398874759674,-3.763,0.3478,181.516,0
11.2697,21.616,-0.07999660074710846,-3.863,0.3424,181.601,0
11.2709,21.577,-0.08032187074422836,-3.964,0.3371,181.63,0
11.2722,21.539,-0.08098171651363373,-4.062,0.3318,181.664,0
11.2735,21.5,-0.08213285356760025,-4.154,0.3264,181.692,0
11.2747,21.462,-0.08200553059577942,-4.251,0.3211,181.759,0
11.276,21.429,-0.08244957029819489,-4.328,0.3165,181.796,0
11.2773,21.385,-0.08338602632284164,-4.425,0.3104,181.825,0
11.2786,21.346,-0.0836496353149414,-4.51,0.3051,181.876,0
11.2799,21.308,-0.08393574506044388,-4.59,0.2997,181.892,0
11.2812,21.27,-0.08295966684818268,-4.674,0.2944,181.979,0
11.2824,21.231,-0.0833645612001419,-4.745,0.289,182.006,0
11.2837,21.193,-0.08400564640760422,-4.81,0.2837,182.009,0
11.285,21.154,-0.08585494756698608,-4.862,0.2784,182.06,0
11.2863,21.11,-0.08798149228096008,-4.916,0.2722,182.083,0
11.2875,21.061,-0.09037107229232788,-4.967,0.2654,182.141,0
11.2889,21.017,-0.09269247204065323,-5.004,0.2593,182.181,0
11.2902,20.967,-0.09474083036184311,-5.04,0.2524,182.215,0
11.2915,20.918,-0.09681079536676407,-5.065,0.2455,182.258,0
11.2931,20.863,-0.09881778806447983,-5.083,0.2379,182.325,0
11.2944,20.814,-0.10048198699951172,-5.09,0.231,182.358,0
11.2957,20.764,-0.10139335691928864,-5.09,0.2242,182.393,0
11.297,20.72,-0.10178788751363754,-5.084,0.2181,182.41,0
11.2982,20.671,-0.1017906442284584,-5.07,0.2112,182.47,0
11.2994,20.627,-0.10219360888004303,-5.047,0.2051,182.502,0
11.3008,20.577,-0.10363849997520447,-5.006,0.1982,182.544,0
11.3021,20.522,-0.10421967506408691,-4.954,0.1906,182.612,0
11.3034,20.473,-0.1056104525923729,-4.892,0.1837,182.657,0
11.3048,20.424,-0.10633670538663864,-4.825,0.1769,182.692,0
11.3063,20.369,-0.10597333312034607,-4.747,0.1693,182.737,0
11.3077,20.308,-0.10614625364542007,-4.647,0.1609,182.781,0
11.309,20.264,-0.10488670319318771,-4.575,0.1548,182.826,0
11.3103,20.215,-0.10246707499027252,-4.493,0.1479,182.859,0
11.3117,20.171,-0.10183999687433243,-4.406,0.1418,182.889,0
11.3131,20.11,-0.10193677991628647,-4.272,0.1334,182.906,0
11.3146,20.067,-0.10282794386148453,-4.166,0.1273,182.976,0
11.316,20.006,-0.10534366965293884,-4.005,0.1189,183.006,0
11.3172,19.951,-0.10719750076532364,-3.857,0.1113,183.072,0
11.3185,19.902,-0.10822450369596481,-3.725,0.1044,183.07,0
11.3198,19.847,-0.1090867817401886,-3.577,0.0968,183.152,0
11.3211,19.803,-0.10867542028427124,-3.465,0.0907,183.181,0
11.3223,19.753,-0.10790331661701202,-3.339,0.0838,183.233,0
11.3237,19.704,-0.10655511915683746,-3.218,0.0769,183.249,0
11.3249,19.66,-0.10478619486093521,-3.113,0.0708,183.299,0
11.3262,19.611,-0.10448317229747772,-2.988,0.064,183.314,0
11.3275,19.561,-0.10518163442611694,-2.858,0.0571,183.367,0
11.3289,19.506,-0.10626188665628433,-2.716,0.0495,183.419,0
11.3301,19.457,-0.10805842280387878,-2.587,0.0426,183.46,0
11.3314,19.407,-0.10888519138097763,-2.468,0.0357,183.501,0
11.3327,19.352,-0.11019665747880936,-2.339,0.0281,183.559,0
11.334,19.297,-0.11145561933517456,-2.217,0.0205,183.59,0
11.3352,19.248,-0.1115419939160347,-2.12,0.0136,183.623,0
11.3364,19.199,-0.11165168881416321,-2.029,0.0067,183.626,0
11.3377,19.149,-0.11158722639083862,-1.946,0.9999,183.695,0
11.3389,19.105,-0.1109517440199852,-1.881,0.9938,183.727,0
11.3402,19.056,-0.11095895618200302,-1.811,0.9869,183.756,0
11.3414,19.001,-0.11103106290102005,-1.742,0.9793,183.77,0
11.3427,18.957,-0.10996591299772263,-1.7,0.9732,183.813,0
11.344,18.907,-0.10980992764234543,-1.653,0.9663,183.851,0
11.3453,18.858,-0.10831066220998764,-1.623,0.9594,183.906,0
11.3465,18.814,-0.1055416688323021,-1.611,0.9533,183.911,0
11.3478,18.765,-0.10297994315624237,-1.601,0.9465,183.957,0
11.3491,18.726,-0.09931708872318268,-1.609,0.9411,183.991,0
11.3503,18.688,-0.09696177393198013,-1.613,0.9358,184.004,0
11.3515,18.649,-0.09438352286815643,-1.623,0.9305,184.066,0
11.3528,18.605,-0.09241411089897156,-1.634,0.9243,184.114,0
11.3541,18.567,-0.09077098965644836,-1.647,0.919,184.137,0
11.3554,18.528,-0.09034395217895508,-1.657,0.9137,184.212,0
11.3568,18.484,-0.09037968516349792,-1.67,0.9076,184.222,0
11.3581,18.441,-0.0908336490392685,-1.685,0.9015,184.234,0
11.3593,18.402,-0.0905177891254425,-1.706,0.8961,184.287,0
11.3604,18.364,-0.08941566944122314,-1.734,0.8908,184.336,0
11.3617,18.325,-0.08929557353258133,-1.76,0.8854,184.294,0
11.363,18.281,-0.08857176452875137,-1.796,0.8793,184.387,0
11.3644,18.243,-0.08738003671169281,-1.833,0.874,184.391,0
11.3657,18.204,-0.08532776683568954,-1.877,0.8687,184.448,0
11.3669,18.166,-0.08404089510440826,-1.918,0.8633,184.473,0
11.3682,18.133,-0.08211593329906464,-1.96,0.8587,184.501,0
11.3695,18.1,-0.0812305137515068,-1.996,0.8542,184.561,0
11.3708,18.062,-0.08029025048017502,-2.039,0.8488,184.556,0
11.3724,18.023,-0.0798354297876358,-2.079,0.8435,184.612,0
11.3737,17.974,-0.07985244691371918,-2.128,0.8366,184.634,0
11.375,17.941,-0.07942136377096176,-2.163,0.832,184.709,0
11.3763,17.902,-0.08072426915168762,-2.194,0.8267,184.723,0
11.3775,17.864,-0.08111590147018433,-2.229,0.8214,184.748,0
11.3789,17.831,-0.08113511651754379,-2.26,0.8168,184.791,0
11.3803,17.787,-0.08088646084070206,-2.303,0.8107,184.805,0
11.3818,17.743,-0.08085142076015472,-2.342,0.8046,184.885,0
11.3834,17.699,-0.08016924560070038,-2.383,0.7985,184.932,0
11.3848,17.661,-0.07993405312299728,-2.416,0.7931,184.956,0
11.3861,17.622,-0.07917719334363937,-2.449,0.7878,185.028,0
11.3874,17.584,-0.08040270954370499,-2.468,0.7824,185.066,0
11.3888,17.54,-0.08150346577167511,-2.489,0.7763,185.09,0
11.3901,17.501,-0.08281273394823074,-2.502,0.771,185.141,0
11.3914,17.457,-0.0846974179148674,-2.512,0.7649,185.182,0
11.3928,17.413,-0.08738046139478683,-2.512,0.7588,185.191,0
11.394,17.369,-0.08924250304698944,-2.514,0.7527,185.268,0
11.3952,17.325,-0.09127494692802429,-2.511,0.7466,185.309,0
11.3964,17.281,-0.09342139959335327,-2.503,0.7405,185.369,0
11.3977,17.238,-0.09559820592403412,-2.49,0.7344,185.38,0
11.3993,17.188,-0.09657776355743408,-2.48,0.7275,185.443,0
11.4005,17.133,-0.09909199178218842,-2.453,0.7199,185.501,0
11.4018,17.084,-0.09998513013124466,-2.431,0.713,185.572,0
11.4031,17.04,-0.10101195424795151,-2.406,0.7069,185.601,0
11.4043,16.99,-0.10246299207210541,-2.371,0.7,185.649,0
11.4056,16.946,-0.1038120687007904,-2.335,0.6939,185.71,0
11.4069,16.891,-0.10565710067749023,-2.285,0.6863,185.769,0
11.4081,16.842,-0.1063685417175293,-2.24,0.6794,185.815,0
11.4094,16.793,-0.1065574437379837,-2.194,0.6726,185.827,0
11.4107,16.743,-0.10650026053190231,-2.147,0.6657,185.954,0
11.412,16.699,-0.10578478872776031,-2.105,0.6596,185.99,0
11.4134,16.644,-0.10442154854536057,-2.053,0.652,186.052,0
11.4147,16.6,-0.10372307896614075,-2.008,0.6459,186.103,0
11.416,16.551,-0.10278540104627609,-1.955,0.639,186.126,0
11.4173,16.507,-0.10246659070253372,-1.905,0.6329,186.191,0
11.4186,16.458,-0.10323066264390945,-1.84,0.626,186.232,0
11.4198,16.408,-0.1033647209405899,-1.78,0.6192,186.308,0
11.421,16.364,-0.10393879562616348,-1.723,0.6131,186.386,0
11.4223,16.32,-0.10405656695365906,-1.671,0.607,186.401,0
11.4237,16.26,-0.10450943559408188,-1.599,0.5986,186.518,0
11.425,16.21,-0.10450504720211029,-1.545,0.5917,186.544,0
11.4262,16.166,-0.10351730138063431,-1.505,0.5856,186.587,0
11.4275,16.122,-0.10292976349592209,-1.466,0.5795,186.624,0
11.4287,16.078,-0.10177721828222275,-1.433,0.5734,186.683,0
11.43,16.04,-0.10156014561653137,-1.402,0.5681,186.76,0
11.4312,15.991,-0.10140955448150635,-1.367,0.5612,186.808,0
11.4325,15.941,-0.10197027772665024,-1.333,0.5543,186.896,0
11.4339,15.892,-0.10233733057975769,-1.306,0.5475,186.966,0
11.4351,15.842,-0.10272187739610672,-1.285,0.5406,187.015,0
11.4363,15.798,-0.1018914207816124,-1.279,0.5345,187.039,0
11.4376,15.754,-0.10198582708835602,-1.274,0.5284,187.087,0
11.439,15.71,-0.1018124520778656,-1.276,0.5223,187.159,0
11.4403,15.656,-0.10109231621026993,-1.29,0.5146,187.257,0
11.4416,15.612,-0.1008785292506218,-1.306,0.5085,187.287,0
11.4428,15.568,-0.10022708773612976,-1.331,0.5024,187.352,0
11.4441,15.524,-0.1000174954533577,-1.36,0.4963,187.379,0
11.4453,15.48,-0.0996260941028595,-1.397,0.4902,187.45,0
11.4466,15.436,-0.09942669421434402,-1.439,0.4841,187.469,0
11.448,15.392,-0.09895576536655426,-1.489,0.478,187.548,0
11.4493,15.337,-0.09888720512390137,-1.558,0.4704,187.593,0
11.4505,15.293,-0.09787753969430923,-1.627,0.4643,187.637,0
11.4519,15.255,-0.09666940569877625,-1.693,0.459,187.675,0
11.4532,15.211,-0.09458589553833008,-1.779,0.4529,187.75,0
11.4544,15.172,-0.09252355992794037,-1.861,0.4475,187.767,0
11.4557,15.128,-0.0905739888548851,-1.957,0.4414,187.816,0
11.4569,15.095,-0.08889491111040115,-2.034,0.4368,187.861,0
11.4582,15.057,-0.08764276653528214,-2.124,0.4315,187.907,0
11.4595,15.018,-0.08667050302028656,-2.215,0.4261,187.989,0
11.4607,14.98,-0.0861532986164093,-2.307,0.4208,187.99,0
11.462,14.941,-0.08569688349962234,-2.402,0.4155,188.037,0
11.4633,14.903,-0.08575741946697235,-2.497,0.4101,188.133,0
11.4645,14.865,-0.08519424498081207,-2.598,0.4048,188.15,0
11.4657,14.826,-0.08465061336755753,-2.702,0.3994,188.185,0
11.4669,14.788,-0.08467938005924225,-2.804,0.3941,188.229,0
11.4682,14.755,-0.08353637158870697,-2.9,0.3895,188.254,0
11.4695,14.722,-0.08259335160255432,-2.996,0.3849,188.301,0
11.4707,14.683,-0.08138160407543182,-3.11,0.3796,188.375,0
11.472,14.65,-0.0799117237329483,-3.211,0.375,188.354,0
11.4732,14.612,-0.07837003469467163,-3.328,0.3697,188.435,0
11.4745,14.579,-0.07742530107498169,-3.426,0.3651,188.45,0
11.4757,14.546,-0.0766075924038887,-3.523,0.3605,188.513,0
11.477,14.513,-0.07654319703578949,-3.616,0.356,188.559,0
11.4782,14.474,-0.07702219486236572,-3.72,0.3506,188.594,0
11.4795,14.442,-0.07767094671726227,-3.806,0.346,188.639,0
11.4809,14.403,-0.0785454511642456,-3.906,0.3407,188.666,0
11.4822,14.365,-0.07898454368114471,-4.006,0.3354,188.707,0
11.4836,14.321,-0.07957103848457336,-4.117,0.3293,188.784,0
11.4849,14.288,-0.07900603115558624,-4.204,0.3247,188.799,0
11.4862,14.249,-0.07933438569307327,-4.297,0.3193,188.874,0
11.4874,14.216,-0.07960967719554901,-4.375,0.3148,188.869,0
11.4887,14.178,-0.07997561991214752,-4.462,0.3094,188.909,0
11.49,14.139,-0.08082111924886703,-4.542,0.3041,188.953,0
11.4912,14.106,-0.08016035705804825,-4.616,0.2995,189.005,0
11.4924,14.068,-0.07982753217220306,-4.696,0.2942,189.031,0
11.4937,14.03,-0.08084703236818314,-4.763,0.2888,189.075,0
11.495,13.997,-0.08090343326330185,-4.822,0.2842,189.102,0
11.4964,13.953,-0.08318540453910828,-4.881,0.2781,189.158,0
11.4977,13.903,-0.08633484691381454,-4.936,0.2713,189.174,0
11.499,13.859,-0.08988767117261887,-4.972,0.2652,189.225,0
11.5002,13.815,-0.09276182949542999,-5.005,0.2591,189.304,0
11.5015,13.771,-0.09533553570508957,-5.033,0.253,189.289,0
11.5027,13.722,-0.09739093482494354,-5.059,0.2461,189.37,0
11.504,13.672,-0.09967374801635742,-5.074,0.2392,189.402,0
11.5054,13.629,-0.10154814273118973,-5.079,0.2331,189.43,0
11.5067,13.574,-0.10198808461427689,-5.086,0.2255,189.497,0
11.508,13.53,-0.10181743651628494,-5.085,0.2194,189.479,0
11.5092,13.48,-0.10206016153097153,-5.072,0.2125,189.594,0
11.5105,13.431,-0.10295084863901138,-5.045,0.2057,189.631,0
11.5118,13.381,-0.10402682423591614,-5.006,0.1988,189.635,0
11.5131,13.332,-0.10577310621738434,-4.954,0.1919,189.709,0
11.5143,13.282,-0.10699106752872467,-4.895,0.1851,189.747,0
11.5155,13.233,-0.10881761461496353,-4.823,0.1782,189.804,0
11.5169,13.184,-0.1091550812125206,-4.751,0.1713,189.839,0
11.5181,13.134,-0.10972951352596283,-4.67,0.1645,189.879,0
11.5194,13.085,-0.1084802970290184,-4.591,0.1576,189.929,0
11.5207,13.035,-0.1053726002573967,-4.516,0.1507,189.939,0
11.522,12.997,-0.10263170301914215,-4.455,0.1454,189.977,0
11.5233,12.947,-0.10191689431667328,-4.355,0.1385,190.012,0
11.5247,12.898,-0.10122834146022797,-4.248,0.1317,190.066,0
11.526,12.849,-0.1016891673207283,-4.13,0.1248,190.095,0
11.5273,12.799,-0.10293880105018616,-4.002,0.1179,190.169,0
11.5286,12.75,-0.10423300415277481,-3.871,0.1111,190.172,0
11.5299,12.7,-0.10589572787284851,-3.735,0.1042,190.224,0
11.5312,12.645,-0.10715723782777786,-3.585,0.0966,190.274,0
11.5325,12.596,-0.1070299819111824,-3.456,0.0897,190.278,0
11.5339,12.546,-0.10585147887468338,-3.333,0.0828,190.37,0
11.5352,12.497,-0.10433995723724365,-3.212,0.076,190.386,0
11.5365,12.453,-0.10226516425609589,-3.11,0.0699,190.402,0
11.5379,12.404,-0.10111328214406967,-2.99,0.063,190.459,0
11.5392,12.36,-0.10021527111530304,-2.884,0.0569,190.512,0
11.5404,12.31,-0.09999709576368332,-2.763,0.05,190.482,0
11.5417,12.266,-0.10071282088756561,-2.653,0.0439,190.562,0
11.543,12.217,-0.10114738345146179,-2.536,0.037,190.595,0
11.5442,12.173,-0.10203990340232849,-2.432,0.0309,190.655,0
11.5456,12.123,-0.10237572342157364,-2.325,0.0241,190.631,0
11.547,12.074,-0.1025858074426651,-2.224,0.0172,190.741,0
11.5483,12.019,-0.10322272777557373,-2.116,0.0096,190.753,0
11.5495,11.975,-0.10368888825178146,-2.036,0.0035,190.775,0
11.5509,11.926,-0.10378322005271912,-1.955,0.9966,190.813,0
11.5522,11.876,-0.10399476438760757,-1.881,0.9897,190.855,0
11.5536,11.827,-0.1051834300160408,-1.808,0.9829,190.904,0
11.555,11.766,-0.10556662082672119,-1.736,0.9745,190.926,0
11.5563,11.717,-0.10591542720794678,-1.685,0.9676,190.957,0
11.5578,11.667,-0.10598289221525192,-1.644,0.9608,190.977,0
11.5592,11.613,-0.10471023619174957,-1.615,0.9531,191.001,0
11.5605,11.563,-0.10270680487155914,-1.602,0.9463,191.061,0
11.5619,11.519,-0.10117655247449875,-1.596,0.9402,191.076,0
11.5631,11.47,-0.09811482578516006,-1.603,0.9333,191.115,0
11.5645,11.431,-0.09557771682739258,-1.615,0.9279,191.191,0
11.5659,11.393,-0.09205993264913559,-1.637,0.9226,191.171,0
11.5672,11.349,-0.08908207714557648,-1.661,0.9165,191.263,0
11.5685,11.31,-0.08755452185869217,-1.679,0.9112,191.264,0
11.5699,11.272,-0.08616603910923004,-1.7,0.9058,191.318,0
11.5712,11.234,-0.08519098907709122,-1.722,0.9005,191.368,0
11.5724,11.195,-0.08425121754407883,-1.747,0.8951,191.398,0
11.574,11.151,-0.08356206119060516,-1.777,0.889,191.404,0
11.5752,11.113,-0.08311091363430023,-1.806,0.8837,191.408,0
11.5765,11.074,-0.08226453512907028,-1.839,0.8784,191.514,0
11.5778,11.036,-0.0816003680229187,-1.873,0.873,191.487,0
11.5791,11.003,-0.07977434247732162,-1.912,0.8684,191.538,0
11.5804,10.97,-0.07816414535045624,-1.95,0.8639,191.549,0
11.5818,10.931,-0.07706189900636673,-1.992,0.8585,191.643,0
11.583,10.898,-0.07553543895483017,-2.032,0.8539,191.636,0
11.5843,10.865,-0.07572286576032639,-2.062,0.8494,191.657,0
11.5856,10.833,-0.07544679194688797,-2.096,0.8448,191.698,0
11.587,10.794,-0.0755946934223175,-2.133,0.8394,191.693,0
11.5883,10.756,-0.07670720666646957,-2.165,0.8341,191.778,0
11.5896,10.717,-0.07761245220899582,-2.197,0.8288,191.822,0
11.5909,10.684,-0.07831726968288422,-2.226,0.8242,191.815,0
11.5923,10.64,-0.07810191065073013,-2.269,0.8181,191.828,0
11.5936,10.607,-0.07849759608507156,-2.298,0.8135,191.859,0
11.595,10.569,-0.07838276773691177,-2.334,0.8082,191.97,0
11.5963,10.53,-0.07733476161956787,-2.374,0.8028,191.958,0
11.5976,10.497,-0.07686842978000641,-2.404,0.7982,191.98,0
11.599,10.459,-0.0762113556265831,-2.439,0.7929,192.038,0
11.6003,10.426,-0.07504092156887054,-2.471,0.7883,192.091,0
11.6016,10.388,-0.07499586045742035,-2.498,0.783,192.097,0
11.6029,10.355,-0.07478589564561844,-2.52,0.7784,192.14,0
11.6043,10.316,-0.07628026604652405,-2.533,0.7731,192.161,0
11.6057,10.272,-0.07768232375383377,-2.547,0.767,192.273,0
11.607,10.234,-0.08020780235528946,-2.548,0.7616,192.29,0
11.6084,10.19,-0.082533098757267,-2.549,0.7555,192.33,0
11.6099,10.14,-0.08548696339130402,-2.543,0.7487,192.321,0
11.6111,10.096,-0.08735539019107819,-2.538,0.7426,192.433,0
11.6124,10.052,-0.08973798900842667,-2.526,0.7365,192.445,0
11.6141,9.998,-0.09128206223249435,-2.513,0.7288,192.515,0
11.6154,9.954,-0.09244562685489655,-2.498,0.7227,192.526,0
11.6167,9.904,-0.09361336380243301,-2.477,0.7159,192.623,0
11.618,9.866,-0.09406012296676636,-2.459,0.7105,192.639,0
11.6193,9.816,-0.09536264836788177,-2.428,0.7036,192.693,0
11.6206,9.772,-0.09705768525600433,-2.393,0.6975,192.759,0
11.622,9.723,-0.09810839593410492,-2.353,0.6907,192.785,0
11.6233,9.668,-0.1002332791686058,-2.298,0.683,192.87,0
11.6246,9.619,-0.10191837698221207,-2.246,0.6762,192.912,0
11.626,9.569,-0.10278774797916412,-2.194,0.6693,192.935,0
11.6272,9.525,-0.10276032239198685,-2.151,0.6632,193.017,0
11.6285,9.476,-0.10248584300279617,-2.1,0.6563,193.099,0
11.6298,9.426,-0.10195817798376083,-2.048,0.6495,193.127,0
11.6311,9.382,-0.10149221867322922,-2.0,0.6434,193.149,0
11.6324,9.333,-0.10068884491920471,-1.946,0.6365,193.187,0
11.6338,9.289,-0.10069190710783005,-1.894,0.6304,193.272,0
11.6352,9.234,-0.10129476338624954,-1.823,0.6228,193.357,0
11.6365,9.19,-0.10117968171834946,-1.771,0.6167,193.424,0
11.6379,9.135,-0.10167258232831955,-1.703,0.609,193.474,0
11.6393,9.086,-0.10148502886295319,-1.646,0.6022,193.523,0
11.6405,9.036,-0.10165266692638397,-1.59,0.5953,193.565,0
11.6418,8.992,-0.10129150003194809,-1.545,0.5892,193.641,0
11.6431,8.948,-0.10018081218004227,-1.507,0.5831,193.672,0
11.6444,8.904,-0.09892334043979645,-1.473,0.577,193.723,0
11.6457,8.855,-0.0984545573592186,-1.433,0.5701,193.752,0
11.6471,8.811,-0.09779538959264755,-1.403,0.564,193.829,0
11.6484,8.767,-0.09739137440919876,-1.376,0.5579,193.886,0
11.6497,8.718,-0.09755101799964905,-1.347,0.5511,193.963,0
11.6509,8.674,-0.09748247265815735,-1.327,0.545,194.013,0
11.6522,8.63,-0.09726576507091522,-1.314,0.5388,194.018,0
11.6535,8.586,-0.09702163189649582,-1.306,0.5327,194.11,0
11.6549,8.542,-0.09686478227376938,-1.304,0.5266,194.134,0
11.6562,8.492,-0.0962018296122551,-1.311,0.5198,194.242,0
11.6574,8.454,-0.0953524112701416,-1.324,0.5144,194.256,0
11.6587,8.41,-0.09473756700754166,-1.343,0.5083,194.299,0
11.66,8.372,-0.09444287419319153,-1.363,0.503,194.388,0
11.6612,8.328,-0.09374073147773743,-1.395,0.4969,194.419,0
11.6625,8.284,-0.09408805519342422,-1.427,0.4908,194.468,0
11.6639,8.24,-0.09477511048316956,-1.463,0.4847,194.504,0
11.6652,8.19,-0.0947890654206276,-1.516,0.4778,194.579,0
11.6664,8.146,-0.09497594833374023,-1.569,0.4717,194.646,0
11.6677,8.102,-0.09509701281785965,-1.629,0.4656,194.681,0
11.669,8.058,-0.09510626643896103,-1.696,0.4595,194.714,0
11.6703,8.02,-0.09443002194166183,-1.764,0.4542,194.776,0
11.6715,7.976,-0.09319130331277847,-1.85,0.4481,194.797,0
11.673,7.938,-0.09151853621006012,-1.933,0.4427,194.896,0
11.6743,7.894,-0.08919831365346909,-2.036,0.4366,194.903,0
11.6755,7.855,-0.08805771917104721,-2.124,0.4313,194.969,0
11.6768,7.817,-0.08614689856767654,-2.222,0.4259,194.997,0
11.6781,7.784,-0.08451291173696518,-2.308,0.4214,195.054,0
11.6794,7.745,-0.08288459479808807,-2.409,0.416,195.088,0
11.6808,7.707,-0.0817134901881218,-2.511,0.4107,195.144,0
11.6821,7.668,-0.08121256530284882,-2.612,0.4053,195.189,0
11.6833,7.635,-0.08004134148359299,-2.705,0.4008,195.197,0
11.6846,7.597,-0.07944094389677048,-2.81,0.3954,195.286,0
11.6858,7.564,-0.0781681090593338,-2.907,0.3908,195.314,0
11.6871,7.531,-0.0776948556303978,-3.0,0.3863,195.351,0
11.6883,7.498,-0.07625821232795715,-3.099,0.3817,195.392,0
11.6896,7.465,-0.07483955472707748,-3.199,0.3771,195.43,0
11.691,7.432,-0.07314120978116989,-3.302,0.3725,195.471,0
11.6922,7.399,-0.07155996561050415,-3.403,0.368,195.517,0
11.6934,7.372,-0.07066096365451813,-3.486,0.3641,195.55,0
11.6947,7.339,-0.06937655806541443,-3.586,0.3596,195.567,0
11.696,7.311,-0.06892626732587814,-3.665,0.3557,195.585,0
11.6974,7.278,-0.06884559243917465,-3.757,0.3512,195.629,0
11.6988,7.245,-0.06863623112440109,-3.849,0.3466,195.7,0
11.7,7.213,-0.06938157230615616,-3.935,0.342,195.695,0
11.7012,7.18,-0.0696834847331047,-4.021,0.3374,195.748,0
11.7025,7.147,-0.07009497284889221,-4.106,0.3329,195.775,0
11.7038,7.114,-0.07016230374574661,-4.191,0.3283,195.836,0
11.7054,7.081,-0.06970196962356567,-4.277,0.3237,195.871,0
11.7068,7.042,-0.06972204893827438,-4.372,0.3184,195.908,0
11.7081,7.009,-0.0695837065577507,-4.451,0.3138,195.961,0
11.7095,6.976,-0.06887753307819366,-4.531,0.3092,196.007,0
11.7109,6.938,-0.06906002014875412,-4.616,0.3039,196.018,0
11.7122,6.91,-0.06739069521427155,-4.684,0.3,196.065,0
11.7134,6.883,-0.06635072827339172,-4.746,0.2962,196.101,0
11.7147,6.85,-0.0657988116145134,-4.814,0.2917,196.117,0
11.7159,6.823,-0.06550547480583191,-4.867,0.2878,196.156,0
11.7171,6.79,-0.0665232315659523,-4.919,0.2833,196.197,0
11.7184,6.762,-0.06827495247125626,-4.954,0.2794,196.198,0
11.7197,6.724,-0.071485735476017,-4.995,0.2741,196.265,0
11.721,6.685,-0.0741928294301033,-5.033,0.2688,196.259,0
11.7223,6.647,-0.077644482254982,-5.061,0.2634,196.305,0
11.7236,6.603,-0.08082716912031174,-5.09,0.2573,196.378,0
11.725,6.559,-0.08324173837900162,-5.116,0.2512,196.411,0
11.7262,6.52,-0.08486614376306534,-5.135,0.2459,196.455,0
11.7275,6.476,-0.08611457049846649,-5.153,0.2398,196.497,0
11.7287,6.438,-0.08701436966657639,-5.164,0.2344,196.499,0
11.73,6.4,-0.08686801046133041,-5.174,0.2291,196.581,0
11.7312,6.361,-0.0859348252415657,-5.183,0.2238,196.576,0
11.7324,6.328,-0.08496648818254471,-5.186,0.2192,196.663,0
11.7337,6.29,-0.08497446030378342,-5.178,0.2138,196.683,0
11.735,6.246,-0.08586502075195312,-5.155,0.2077,196.666,0
11.7362,6.207,-0.08741883933544159,-5.124,0.2024,196.712,0
11.7375,6.163,-0.08989495784044266,-5.077,0.1963,196.77,0
11.7387,6.119,-0.0917842835187912,-5.025,0.1902,196.785,0
11.74,6.075,-0.0938485637307167,-4.965,0.1841,196.882,0
11.7413,6.026,-0.09569842368364334,-4.892,0.1772,196.886,0
11.7425,5.982,-0.0973806083202362,-4.819,0.1711,196.952,0
11.7439,5.938,-0.09687966853380203,-4.753,0.165,196.95,0
11.7451,5.894,-0.09592185169458389,-4.683,0.1589,197.012,0
11.7464,5.856,-0.09350991994142532,-4.627,0.1536,197.039,0
11.7479,5.817,-0.09072623401880264,-4.568,0.1482,197.038,0
11.7492,5.773,-0.08858402818441391,-4.49,0.1421,197.092,0
11.7506,5.729,-0.08691392838954926,-4.405,0.136,197.127,0
11.752,5.685,-0.08681144565343857,-4.306,0.1299,197.196,0
11.7533,5.647,-0.08662169426679611,-4.216,0.1246,197.18,0
11.7545,5.603,-0.08778417110443115,-4.103,0.1185,197.27,0
11.7558,5.565,-0.08862011879682541,-4.002,0.1131,197.293,0
11.757,5.521,-0.08884060382843018,-3.89,0.107,197.285,0
11.7583,5.482,-0.08925269544124603,-3.788,0.1017,197.349,0
11.7595,5.444,-0.09002833068370819,-3.684,0.0963,197.374,0
11.7609,5.4,-0.08996167033910751,-3.569,0.0902,197.442,0
11.7622,5.356,-0.08997562527656555,-3.453,0.0841,197.46,0
11.7634,5.317,-0.08918581902980804,-3.357,0.0788,197.466,0
11.7647,5.279,-0.08734111487865448,-3.267,0.0735,197.519,0
11.766,5.24,-0.08647830784320831,-3.173,0.0681,197.528,0
11.7672,5.202,-0.0856299176812172,-3.079,0.0628,197.545,0
11.7685,5.164,-0.08552531152963638,-2.982,0.0574,197.583,0
11.7697,5.125,-0.08574243634939194,-2.885,0.0521,197.583,0
11.771,5.087,-0.08569652587175369,-2.792,0.0468,197.628,0
11.7724,5.048,-0.08496206998825073,-2.705,0.0414,197.676,0
11.7737,5.004,-0.08438733220100403,-2.608,0.0353,197.687,0
11.7749,4.971,-0.08390574902296066,-2.538,0.0307,197.747,0
11.7763,4.933,-0.0835951417684555,-2.457,0.0254,197.772,0
11.7775,4.894,-0.08307923376560211,-2.381,0.0201,197.76,0
11.7789,4.856,-0.0821516290307045,-2.311,0.0147,197.807,0
11.7801,4.818,-0.08278379589319229,-2.236,0.0094,197.864,0
11.7814,4.779,-0.08204010128974915,-2.173,0.004,197.861,0
11.7827,4.741,-0.0817122757434845,-2.111,0.9987,197.898,0
11.7839,4.702,-0.08296547085046768,-2.045,0.9933,197.925,0
11.7852,4.669,-0.08343105763196945,-1.994,0.9888,197.985,0
11.7865,4.625,-0.08543572574853897,-1.925,0.9827,197.977,0
11.7878,4.581,-0.08717435598373413,-1.862,0.9766,198.042,0
11.789,4.537,-0.08910469710826874,-1.805,0.9705,198.022,0
11.7903,4.499,-0.09004496037960052,-1.764,0.9651,198.031,0
11.7916,4.455,-0.09084504842758179,-1.725,0.959,198.076,0
11.7929,4.411,-0.0905282199382782,-1.699,0.9529,198.119,0
11.7942,4.373,-0.09015283733606339,-1.681,0.9476,198.155,0
11.7955,4.329,-0.08941447734832764,-1.669,0.9415,198.159,0
11.7969,4.29,-0.08809064328670502,-1.667,0.9361,198.217,0
11.7982,4.246,-0.0862971693277359,-1.671,0.93,198.228,0
11.7994,4.213,-0.08477684110403061,-1.68,0.9254,198.284,0
11.8007,4.175,-0.08307117223739624,-1.692,0.9201,198.329,0
11.802,4.142,-0.08069052547216415,-1.712,0.9155,198.305,0
11.8032,4.109,-0.078525610268116,-1.733,0.9109,198.371,0
11.8045,4.076,-0.07581697404384613,-1.76,0.9064,198.407,0
11.8058,4.048,-0.07321681827306747,-1.787,0.9026,198.406,0
11.8071,4.016,-0.07157405465841293,-1.812,0.898,198.437,0
11.8083,3.988,-0.0701967254281044,-1.835,0.8942,198.453,0
11.8096,3.955,-0.06881999969482422,-1.863,0.8896,198.517,0
11.811,3.928,-0.06719279289245605,-1.89,0.8858,198.551,0
11.8122,3.9,-0.06619388610124588,-1.915,0.882,198.559,0
11.8135,3.867,-0.0656094029545784,-1.943,0.8774,198.545,0
11.8147,3.84,-0.06393492966890335,-1.975,0.8736,198.597,0
11.816,3.818,-0.06304486840963364,-1.998,0.8705,198.589,0
11.8172,3.79,-0.06166214495897293,-2.03,0.8667,198.655,0
11.8187,3.763,-0.06030011549592018,-2.062,0.8629,198.676,0
11.82,3.735,-0.05936450883746147,-2.092,0.8591,198.706,0
11.8213,3.708,-0.05924354866147041,-2.119,0.8553,198.723,0
11.8226,3.68,-0.058622464537620544,-2.148,0.8514,198.767,0
11.824,3.647,-0.058264363557100296,-2.182,0.8469,198.736,0
11.8254,3.62,-0.05933268368244171,-2.203,0.843,198.777,0
11.8268,3.587,-0.05978016182780266,-2.233,0.8385,198.811,0
11.8281,3.56,-0.060286905616521835,-2.258,0.8347,198.853,0
11.8294,3.532,-0.0611998625099659,-2.28,0.8308,198.873,0
11.8308,3.499,-0.06157156452536583,-2.31,0.8263,198.909,0
11.8321,3.472,-0.06158466264605522,-2.337,0.8224,198.944,0
11.8333,3.444,-0.06123022735118866,-2.365,0.8186,198.946,0
11.8346,3.417,-0.06096871569752693,-2.393,0.8148,198.967,0
11.836,3.384,-0.0608968585729599,-2.424,0.8102,199.019,0
11.8372,3.362,-0.060037896037101746,-2.448,0.8072,199.023,0
11.8386,3.334,-0.05909176170825958,-2.478,0.8034,199.052,0
11.84,3.301,-0.058818500488996506,-2.507,0.7988,199.087,0
11.8412,3.279,-0.057828038930892944,-2.531,0.7957,199.159,0
11.8425,3.252,-0.056925851851701736,-2.557,0.7919,199.12,0
11.8438,3.224,-0.056124430149793625,-2.582,0.7881,199.179,0
11.8451,3.203,-0.055354587733745575,-2.602,0.7851,199.185,0
11.8463,3.181,-0.05519065260887146,-2.617,0.782,199.232,0
11.8476,3.153,-0.055468201637268066,-2.633,0.7782,199.243,0
11.8489,3.126,-0.05687956511974335,-2.641,0.7744,199.262,0
11.8502,3.093,-0.05888349935412407,-2.648,0.7698,199.301,0
11.8515,3.065,-0.060702428221702576,-2.65,0.766,199.292,0
11.8528,3.032,-0.06268248707056046,-2.652,0.7614,199.349,0
11.854,2.999,-0.06512483209371567,-2.65,0.7568,199.408,0
11.8554,2.966,-0.06729233264923096,-2.646,0.7523,199.391,0
11.8567,2.933,-0.06891636550426483,-2.643,0.7477,199.456,0
11.858,2.895,-0.07049950212240219,-2.639,0.7423,199.489,0
11.8592,2.862,-0.07233679294586182,-2.63,0.7378,199.517,0
11.8605,2.829,-0.07293840497732162,-2.625,0.7332,199.526,0
11.8619,2.791,-0.07377975434064865,-2.616,0.7278,199.597,0
11.8631,2.758,-0.07520054280757904,-2.602,0.7233,199.64,0
11.8644,2.719,-0.07573531568050385,-2.589,0.7179,199.664,0
11.8657,2.686,-0.0755116418004036,-2.579,0.7133,199.678,0
11.867,2.648,-0.0757451131939888,-2.561,0.708,199.739,0
11.8682,2.615,-0.07693807780742645,-2.537,0.7034,199.776,0
11.8695,2.576,-0.0776979923248291,-2.511,0.6981,199.81,0
11.8709,2.538,-0.0802106261253357,-2.471,0.6927,199.824,0
11.8722,2.494,-0.0818852111697197,-2.429,0.6866,199.876,0
11.8735,2.45,-0.08414991199970245,-2.38,0.6805,199.936,0
11.8748,2.411,-0.08520476520061493,-2.34,0.6752,199.954,0
11.876,2.373,-0.08644595742225647,-2.296,0.6699,200.022,0
11.8773,2.329,-0.08671556413173676,-2.251,0.6638,200.058,0
11.8786,2.291,-0.08654233813285828,-2.212,0.6584,200.092,0
11.8799,2.252,-0.08567981421947479,-2.175,0.6531,200.155,0
11.8813,2.214,-0.08479133248329163,-2.137,0.6477,200.199,0
11.8825,2.175,-0.08354280143976212,-2.099,0.6424,200.243,0
11.8839,2.137,-0.0825972706079483,-2.06,0.6371,200.282,0
11.8852,2.098,-0.08203190565109253,-2.017,0.6317,200.301,0
11.8864,2.06,-0.08169203251600266,-1.972,0.6264,200.366,0
11.8877,2.027,-0.08182523399591446,-1.932,0.6218,200.361,0
11.889,1.989,-0.08132646232843399,-1.888,0.6165,200.444,0
11.8903,1.95,-0.08089771866798401,-1.845,0.6111,200.483,0
11.8915,1.912,-0.08103838562965393,-1.799,0.6058,200.552,0
11.8928,1.879,-0.08037421852350235,-1.765,0.6012,200.559,0
11.894,1.846,-0.07912005484104156,-1.735,0.5966,200.598,0
11.8953,1.813,-0.07826622575521469,-1.704,0.592,200.667,0
11.8965,1.78,-0.07663913816213608,-1.68,0.5875,200.685,0
11.8978,1.747,-0.07595573365688324,-1.651,0.5829,200.728,0
11.899,1.714,-0.07429975271224976,-1.629,0.5783,200.8,0
11.9003,1.681,-0.07314131408929825,-1.607,0.5737,200.796,0
11.9015,1.653,-0.07242412120103836,-1.588,0.5699,200.844,0
11.9029,1.615,-0.07255733013153076,-1.557,0.5646,200.854,0
11.9041,1.582,-0.071757011115551,-1.539,0.56,200.87,0
11.9054,1.555,-0.07171538472175598,-1.522,0.5562,200.932,0
11.9069,1.516,-0.07199478149414062,-1.499,0.5508,200.982,0
11.9081,1.478,-0.07200029492378235,-1.481,0.5455,201.006,0
11.9094,1.45,-0.07189574837684631,-1.472,0.5417,201.034,0
11.9107,1.417,-0.0713757872581482,-1.466,0.5371,201.098,0
11.912,1.384,-0.06966801732778549,-1.47,0.5325,201.135,0
11.9133,1.351,-0.0692422091960907,-1.47,0.528,201.16,0
11.9149,1.318,-0.06782215088605881,-1.478,0.5234,201.249,0
11.9163,1.285,-0.06667742878198624,-1.489,0.5188,201.22,0
11.9176,1.252,-0.06547077000141144,-1.504,0.5142,201.311,0
11.9189,1.225,-0.06433290988206863,-1.519,0.5104,201.331,0
11.9202,1.198,-0.06299389898777008,-1.538,0.5066,201.346,0
11.9214,1.17,-0.061843063682317734,-1.559,0.5028,201.363,0
11.9228,1.143,-0.061813682317733765,-1.575,0.499,201.405,0
11.9241,1.115,-0.06176048517227173,-1.595,0.4951,201.445,0
11.9254,1.088,-0.06186797842383385,-1.616,0.4913,201.493,0
11.9266,1.055,-0.06322266161441803,-1.637,0.4868,201.497,0
11.9279,1.027,-0.06401097774505615,-1.659,0.4829,201.525,0
11.9292,0.994,-0.0653289407491684,-1.688,0.4784,201.592,0
11.9305,0.961,-0.06708843261003494,-1.717,0.4738,201.626,0
11.9318,0.923,-0.0682634562253952,-1.761,0.4684,201.658,0
11.9331,0.895,-0.06861820071935654,-1.798,0.4646,201.707,0
11.9343,0.862,-0.068353071808815,-1.85,0.4601,201.737,0
11.9356,0.835,-0.06832907348871231,-1.895,0.4562,201.763,0
11.9369,0.802,-0.06701724231243134,-1.959,0.4517,201.806,0
11.9381,0.775,-0.06549916416406631,-2.018,0.4478,201.848,0
11.9394,0.747,-0.06430871784687042,-2.077,0.444,201.886,0
11.9407,0.72,-0.06266266107559204,-2.141,0.4402,201.911,0
11.942,0.692,-0.06130961701273918,-2.205,0.4364,201.917,0
11.9433,0.665,-0.060515545308589935,-2.268,0.4326,201.987,0
11.9446,0.637,-0.05996112525463104,-2.331,0.4288,201.996,0
11.946,0.61,-0.05905606597661972,-2.399,0.425,202.017,0
11.9473,0.588,-0.05800751596689224,-2.455,0.4219,202.071,0
11.9485,0.56,-0.05763459578156471,-2.523,0.4181,202.119,0
11.9498,0.533,-0.05686665698885918,-2.594,0.4143,202.136,0
11.951,0.511,-0.05597151815891266,-2.653,0.4112,202.138,0
11.9522,0.489,-0.05492804944515228,-2.714,0.4082,202.215,0
11.9534,0.467,-0.05381552502512932,-2.777,0.4051,202.241,0
11.955,0.439,-0.0526253879070282,-2.855,0.4013,202.277,0
11.9562,0.417,-0.051134370267391205,-2.92,0.3983,202.297,0
11.9574,0.396,-0.04973604157567024,-2.986,0.3952,202.29,0
11.9587,0.379,-0.04823394492268562,-3.038,0.3929,202.342,0
11.9599,0.357,-0.04651894420385361,-3.106,0.3899,202.375,0
11.9611,0.341,-0.04482678696513176,-3.158,0.3876,202.357,0
11.9623,0.324,-0.04304911196231842,-3.21,0.3853,202.41,0
11.9636,0.308,-0.04118775203824043,-3.262,0.383,202.426,0
11.965,0.291,-0.03915572166442871,-3.313,0.3807,202.474,0
11.9662,0.28,-0.037217967212200165,-3.346,0.3792,202.489,0
11.9674,0.264,-0.03518166020512581,-3.393,0.3769,202.458,0
11.9687,0.253,-0.033201176673173904,-3.42,0.3754,202.457,0
11.9699,0.242,-0.03148728609085083,-3.444,0.3738,202.495,0
11.9711,0.231,-0.0295401643961668,-3.462,0.3723,202.501,0
11.9724,0.22,-0.028010403737425804,-3.478,0.3708,202.539,0
11.9737,0.209,-0.027389807626605034,-3.5,0.3693,202.534,0
11.975,0.198,-0.026019761338829994,-3.511,0.3677,202.545,0
11.9762,0.187,-0.025215277448296547,-3.526,0.3662,202.586,0
11.9775,0.176,-0.02482876554131508,-3.548,0.3647,202.558,0
11.9787,0.165,-0.024545950815081596,-3.572,0.3632,202.567,0
11.98,0.154,-0.02437809854745865,-3.597,0.3616,202.633,0
11.9812,0.143,-0.024526115506887436,-3.63,0.3601,202.611,0
11.9824,0.132,-0.02456088550388813,-3.66,0.3586,202.627,0
11.9837,0.121,-0.024355387315154076,-3.684,0.3571,202.642,0
11.9851,0.11,-0.02521447278559208,-3.732,0.3555,202.624,0
11.9863,0.093,-0.02605672925710678,-3.791,0.3532,202.693,0
11.9875,0.082,-0.026273678988218307,-3.824,0.3517,202.682,0
11.9888,0.071,-0.02606242522597313,-3.85,0.3502,202.698,0
11.99,0.06,-0.02651994675397873,-3.886,0.3487,202.741,0
11.9912,0.049,-0.026781518012285233,-3.92,0.3471,202.754,0
11.9925,0.033,-0.02717267908155918,-3.969,0.3448,202.726,0
11.9936,0.022,-0.02774479240179062,-4.006,0.3433,202.765,0
11.9951,0.011,-0.027857305482029915,-4.037,0.3418,202.798,0
11.9963,-0.005,-0.027872242033481598,-4.08,0.3395,202.804,0
11.9975,-0.016,-0.027752017602324486,-4.106,0.338,202.826,0
11.9988,-0.027,-0.027287401258945465,-4.127,0.3365,202.816,0
12.0,-0.038,-0.02723010443150997,-4.154,0.3349,202.826,0
12.0012,-0.049,-0.02744007296860218,-4.185,0.3334,202.825,0
12.0025,-0.06,-0.026795417070388794,-4.202,0.3319,202.837,0
12.0037,-0.071,-0.02600923180580139,-4.214,0.3304,202.873,0
12.0051,-0.088,-0.025433076545596123,-4.242,0.3281,202.899,0
12.0064,-0.093,-0.024775568395853043,-4.24,0.3273,202.881,0
12.0077,-0.11,-0.024307643994688988,-4.267,0.325,202.914,0
12.0089,-0.115,-0.023712575435638428,-4.263,0.3242,202.911,0
12.0103,-0.126,-0.022649338468909264,-4.254,0.3227,202.934,0
12.0116,-0.137,-0.021687347441911697,-4.242,0.3212,202.929,0
12.0129,-0.143,-0.020615296438336372,-4.208,0.3204,202.959,0
12.0142,-0.154,-0.019769122824072838,-4.189,0.3189,202.976,0
12.0154,-0.159,-0.018923072144389153,-4.154,0.3181,202.963,0
12.0167,-0.165,-0.018173132091760635,-4.119,0.3174,202.992,0
12.018,-0.176,-0.0169526319950819,-4.055,0.3159,203.004,0
12.0193,-0.181,-0.015649795532226562,-3.959,0.3151,202.978,0
12.0205,-0.181,-0.014313537627458572,-3.833,0.3151,202.997,0
12.0218,-0.187,-0.012685347348451614,-3.662,0.3143,203.004,0
12.0231,-0.192,-0.011195684783160686,-3.478,0.3136,202.991,0
12.0244,-0.192,-0.00956027116626501,-3.235,0.3136,203.01,0
12.0257,-0.192,-0.007571157533675432,-2.895,0.3136,202.997,0
12.027,-0.198,-0.00556447496637702,-2.511,0.3128,202.968,0
12.0283,-0.192,-0.003779022954404354,-2.125,0.3136,202.995,0
12.0295,-0.192,-0.0025204471312463284,-1.842,0.3136,202.995,0
12.0309,-0.192,-0.0015753519255667925,-1.624,0.3136,202.98,0
12.0321,-0.192,-0.0007487073307856917,-1.431,0.3136,203.011,0
12.0334,-0.192,2.4496719561284408e-05,-1.249,0.3136,202.987,0
12.0348,-0.192,0.0005113379447720945,-1.135,0.3136,202.976,0
12.0361,-0.192,0.0007252837531268597,-1.085,0.3136,203.015,0
12.0375,-0.192,0.000839020824059844,-1.058,0.3136,202.978,0
12.0389,-0.187,0.0012224703095853329,-0.968,0.3143,202.972,0
12.0403,-0.187,0.001338778412900865,-0.941,0.3143,203.006,0
12.0417,-0.187,0.0015497247222810984,-0.892,0.3143,203.02,0
12.043,-0.187,0.0015338701196014881,-0.895,0.3143,202.975,0
12.0443,-0.187,0.0011936996597796679,-0.974,0.3143,203.002,0
12.0456,-0.187,0.0011783960508182645,-0.978,0.3143,202.948,0
12.0471,-0.187,0.0009862427832558751,-1.023,0.3143,202.984,0
12.0484,-0.187,0.0006426441250368953,-1.103,0.3143,203.007,0
12.0497,-0.187,0.0004661618440877646,-1.144,0.3143,202.998,0
12.051,-0.187,0.0004946267581544816,-1.138,0.3143,203.01,0
12.0523,-0.187,0.00038425641832873225,-1.164,0.3143,203.003,0
12.0536,-0.187,0.00026537725352682173,-1.191,0.3143,203.0,0
12.0549,-0.187,0.00017306530207861215,-1.213,0.3143,202.982,0
12.0563,-0.187,0.00010891219426412135,-1.228,0.3143,203.005,0
12.0576,-0.187,6.428661436075345e-05,-1.239,0.3143,203.015,0
12.0589,-0.187,3.8515179767273366e-05,-1.245,0.3143,202.973,0
12.0602,-0.187,2.2782976884627715e-05,-1.248,0.3143,203.01,0
12.0615,-0.187,1.341711322311312e-05,-1.251,0.3143,202.998,0
12.0627,-0.187,7.785352863720618e-06,-1.252,0.3143,202.99,0
12.0641,-0.187,4.234894277033163e-06,-1.253,0.3143,203.0,0
12.0654,-0.187,1.5414428844451322e-06,-1.253,0.3143,203.003,0
12.0666,-0.187,-1.7257148954286095e-07,-1.254,0.3143,202.968,0
12.068,-0.187,-1.580512048349192e-06,-1.254,0.3143,202.975,0
12.0693,-0.187,-2.3763045646774117e-06,-1.254,0.3143,203.03,0
12.0705,-0.187,-3.1720953757030657e-06,-1.254,0.3143,203.004,0
12.0717,-0.187,-3.6005981201014947e-06,-1.255,0.3143,202.995,0
12.073,-0.187,-3.6005981201014947e-06,-1.255,0.3143,202.993,0
12.0743,-0.187,-3.6005981201014947e-06,-1.255,0.3143,202.987,0
12.0755,-0.187,-3.6005981201014947e-06,-1.255,0.3143,202.993,0
12.0768,-0.187,-3.6005981201014947e-06,-1.255,0.3143,202.985,0
12.078,-0.187,-3.6005981201014947e-06,-1.255,0.3143,202.995,0
12.0793,-0.187,-3.6005981201014947e-06,-1.255,0.3143,202.964,0
12.0806,-0.187,-3.6005981201014947e-06,-1.255,0.3143,202.993,0
12.0819,-0.187,-3.6005981201014947e-06,-1.255,0.3143,202.975,0
12.0831,-0.187,-3.6005981201014947e-06,-1.255,0.3143,203.0,0
12.0844,-0.187,-3.6005981201014947e-06,-1.255,0.3143,202.98,0
12.0857,-0.187,-3.6005981201014947e-06,-1.255,0.3143,202.985,0
12.087,-0.187,-3.6005981201014947e-06,-1.255,0.3143,202.996,0
12.0882,-0.187,-3.6005981201014947e-06,-1.255,0.3143,202.985,0
12.0894,-0.187,-3.6005981201014947e-06,-1.255,0.3143,202.959,0
12.0907,-0.187,-3.6005981201014947e-06,-1.255,0.3143,202.984,0
12.092,-0.187,-3.6005981201014947e-06,-1.255,0.3143,202.984,0
12.0933,-0.187,-3.6005981201014947e-06,-1.255,0.3143,202.983,0
12.0945,-0.187,-3.6005981201014947e-06,-1.255,0.3143,202.954,0
12.0959,-0.187,-3.6005981201014947e-06,-1.255,0.3143,203.008,0
12.0971,-0.187,-3.6005981201014947e-06,-1.255,0.3143,202.992,0
12.0984,-0.187,-3.6005981201014947e-06,-1.255,0.3143,202.939,0
12.0997,-0.187,-3.6005981201014947e-06,-1.255,0.3143,203.021,0
12.101,-0.187,-3.6005981201014947e-06,-1.255,0.3143,202.995,0
12.1022,-0.187,-3.6005981201014947e-06,-1.255,0.3143,202.973,0
12.1034,-0.187,-3.6005981201014947e-06,-1.255,0.3143,202.966,0
12.1047,-0.187,-3.6005981201014947e-06,-1.255,0.3143,202.99,0
12.1059,-0.187,-3.6005981201014947e-06,-1.255,0.3143,202.996,0
12.1072,-0.187,-3.6005981201014947e-06,-1.255,0.3143,202.974,0
12.1084,-0.187,-3.6005981201014947e-06,-1.255,0.3143,202.979,0
12.1097,-0.187,-3.6005981201014947e-06,-1.255,0.3143,203.018,0
12.1109,-0.187,-3.6005981201014947e-06,-1.255,0.3143,202.97,0
12.1122,-0.187,-3.6005981201014947e-06,-1.255,0.3143,202.992,0
12.1134,-0.187,-3.6005981201014947e-06,-1.255,0.3143,203.004,0
12.1147,-0.187,-3.6005981201014947e-06,-1.255,0.3143,202.972,0
12.1159,-0.187,-3.6005981201014947e-06,-1.255,0.3143,202.992,0
12.1172,-0.187,-3.6005981201014947e-06,-1.255,0.3143,202.961,0
12.1185,-0.187,-3.6005981201014947e-06,-1.255,0.3143,203.001,0
12.1197,-0.187,-3.6005981201014947e-06,-1.255,0.3143,203.0,0
12.121,-0.187,-3.6005981201014947e-06,-1.255,0.3143,203.0,0
12.1222,-0.187,-3.6005981201014947e-06,-1.255,0.3143,202.987,0
12.1234,-0.187,-3.6005981201014947e-06,-1.255,0.3143,203.001,0
12.1247,-0.187,-3.6005981201014947e-06,-1.255,0.3143,202.951,0
12.126,-0.187,0.00020624371245503426,-1.205,0.3143,202.981,0
12.1272,-0.187,0.00021775209461338818,-1.203,0.3143,202.978,0
12.1285,-0.187,0.00016847420192789286,-1.214,0.3143,202.96,0
12.1299,-0.187,0.00011601313599385321,-1.226,0.3143,203.021,0
12.1312,-0.187,7.55501605453901e-05,-1.236,0.3143,202.972,0
12.1324,-0.187,4.690163768827915e-05,-1.243,0.3143,202.971,0
12.1338,-0.187,2.8353551897453144e-05,-1.247,0.3143,202.953,0
12.135,-0.187,1.6416666767327115e-05,-1.25,0.3143,202.972,0
12.1364,-0.187,9.621824574423954e-06,-1.251,0.3143,203.04,0
12.1377,-0.187,5.214360498939641e-06,-1.252,0.3143,202.961,0
12.139,-0.187,2.2760498268326046e-06,-1.253,0.3143,203.016,0
12.1403,-0.187,3.171759885844949e-07,-1.254,0.3143,203.012,0
12.1415,-0.187,-1.1519791769387666e-06,-1.254,0.3143,202.976,0
12.1428,-0.187,-2.070201389869908e-06,-1.254,0.3143,202.966,0
12.1441,-0.187,-2.865992883016588e-06,-1.254,0.3143,202.99,0
12.1455,-0.187,-3.600569016271038e-06,-1.255,0.3143,203.031,0
12.1468,-0.187,-3.600569016271038e-06,-1.255,0.3143,202.996,0
12.1481,-0.187,-3.600569016271038e-06,-1.255,0.3143,202.999,0
12.1494,-0.187,-3.600569016271038e-06,-1.255,0.3143,203.006,0
12.1508,-0.187,-3.600569016271038e-06,-1.255,0.3143,202.979,0
12.1522,-0.187,-3.600569016271038e-06,-1.255,0.3143,203.017,0
12.1535,-0.187,-3.600569016271038e-06,-1.255,0.3143,202.991,0
12.1552,-0.187,-3.600569016271038e-06,-1.255,0.3143,202.996,0
12.1565,-0.187,-3.600569016271038e-06,-1.255,0.3143,202.975,0
12.1578,-0.187,-3.600569016271038e-06,-1.255,0.3143,202.995,0
12.1591,-0.187,-3.600569016271038e-06,-1.255,0.3143,203.015,0
12.1605,-0.187,-3.600569016271038e-06,-1.255,0.3143,202.961,0
12.1619,-0.187,-3.600569016271038e-06,-1.255,0.3143,202.985,0
12.1631,-0.187,-3.600569016271038e-06,-1.255,0.3143,202.974,0
12.1646,-0.187,-3.600569016271038e-06,-1.255,0.3143,202.993,0
12.1659,-0.187,-3.600569016271038e-06,-1.255,0.3143,202.987,0
12.1671,-0.187,-3.600569016271038e-06,-1.255,0.3143,202.998,0
12.1685,-0.187,-3.600569016271038e-06,-1.255,0.3143,203.01,0
12.1697,-0.187,-3.600569016271038e-06,-1.255,0.3143,202.992,0
12.171,-0.187,-3.600569016271038e-06,-1.255,0.3143,203.017,0
12.1725,-0.187,-3.600569016271038e-06,-1.255,0.3143,203.009,0
12.1738,-0.187,-3.600569016271038e-06,-1.255,0.3143,203.026,0
12.1751,-0.187,-3.600569016271038e-06,-1.255,0.3143,203.003,0
12.1763,-0.187,-3.600569016271038e-06,-1.255,0.3143,202.968,0
12.1776,-0.187,-3.600569016271038e-06,-1.255,0.3143,203.017,0
12.1788,-0.187,-3.600569016271038e-06,-1.255,0.3143,203.007,0
12.1801,-0.187,-3.600569016271038e-06,-1.255,0.3143,202.989,0
12.1814,-0.187,-3.600569016271038e-06,-1.255,0.3143,202.996,0
12.1827,-0.187,-3.600569016271038e-06,-1.255,0.3143,202.98,0
12.184,-0.187,-3.600569016271038e-06,-1.255,0.3143,203.02,0
12.1853,-0.187,-3.600569016271038e-06,-1.255,0.3143,202.989,0
12.1866,-0.187,-3.600569016271038e-06,-1.255,0.3143,202.987,0
12.1879,-0.187,-3.600569016271038e-06,-1.255,0.3143,202.99,0
12.1892,-0.187,-3.600569016271038e-06,-1.255,0.3143,202.967,0
12.1905,-0.187,-3.600569016271038e-06,-1.255,0.3143,203.002,0
12.1918,-0.187,-3.600569016271038e-06,-1.255,0.3143,202.993,0
12.1931,-0.187,-3.600569016271038e-06,-1.255,0.3143,202.994,0
12.1944,-0.187,-3.600569016271038e-06,-1.255,0.3143,202.98,0
12.1957,-0.187,-3.600569016271038e-06,-1.255,0.3143,202.971,0
12.197,-0.187,-3.600569016271038e-06,-1.255,0.3143,202.989,0
12.1983,-0.187,-3.600569016271038e-06,-1.255,0.3143,202.965,0
12.1995,-0.187,-3.600569016271038e-06,-1.255,0.3143,203.006,0
12.2009,-0.187,0.00021205912344157696,-1.204,0.3143,202.985,0
12.2022,-0.187,0.00021187550737522542,-1.204,0.3143,202.977,0
12.2034,-0.187,0.00016418918676208705,-1.215,0.3143,202.99,0
12.2047,-0.187,0.00011240148887736723,-1.227,0.3143,202.973,0
12.2061,-0.187,7.555018237326294e-05,-1.236,0.3143,202.985,0
12.2073,-0.187,4.512642408371903e-05,-1.243,0.3143,202.998,0
12.2086,-0.187,2.7251704523223452e-05,-1.247,0.3143,202.97,0
12.2099,-0.187,1.641668495722115e-05,-1.25,0.3143,202.997,0
12.2112,-0.187,9.254554242943414e-06,-1.251,0.3143,202.971,0
12.2125,-0.187,5.459238309413195e-06,-1.252,0.3143,202.989,0
12.2139,-0.187,2.459712732161279e-06,-1.253,0.3143,202.995,0
12.2152,-0.187,3.1719460480417183e-07,-1.254,0.3143,202.982,0
12.2165,-0.187,-1.2743902289003017e-06,-1.254,0.3143,202.996,0
12.2179,-0.187,-2.1926123281446053e-06,-1.254,0.3143,202.99,0
12.2192,-0.187,-2.98840359391761e-06,-1.254,0.3143,203.014,0
12.2205,-0.187,-3.6005503716296516e-06,-1.255,0.3143,202.976,0
12.2221,-0.187,-3.6005503716296516e-06,-1.255,0.3143,203.019,0
12.2233,-0.187,-3.6005503716296516e-06,-1.255,0.3143,203.005,0
12.2246,-0.187,-3.6005503716296516e-06,-1.255,0.3143,203.007,0
12.226,-0.187,-3.6005503716296516e-06,-1.255,0.3143,202.983,0
12.2272,-0.187,-3.6005503716296516e-06,-1.255,0.3143,203.011,0
12.2285,-0.187,-3.6005503716296516e-06,-1.255,0.3143,202.963,0
12.2298,-0.187,-3.6005503716296516e-06,-1.255,0.3143,202.966,0
12.2311,-0.187,-3.6005503716296516e-06,-1.255,0.3143,202.986,0
12.2324,-0.187,-3.6005503716296516e-06,-1.255,0.3143,202.968,0
12.2337,-0.187,-3.6005503716296516e-06,-1.255,0.3143,203.007,0
12.235,-0.187,-3.6005503716296516e-06,-1.255,0.3143,202.968,0
12.2362,-0.187,-3.6005503716296516e-06,-1.255,0.3143,202.979,0
12.2375,-0.187,-3.6005503716296516e-06,-1.255,0.3143,202.999,0
12.2391,-0.187,-3.6005503716296516e-06,-1.255,0.3143,202.955,0
12.2404,-0.187,-3.6005503716296516e-06,-1.255,0.3143,203.017,0
12.2418,-0.187,-3.6005503716296516e-06,-1.255,0.3143,202.994,0
12.2431,-0.187,-3.6005503716296516e-06,-1.255,0.3143,202.998,0
12.2444,-0.187,-3.6005503716296516e-06,-1.255,0.3143,202.954,0
12.2458,-0.187,-3.6005503716296516e-06,-1.255,0.3143,202.999,0
12.2471,-0.187,-3.6005503716296516e-06,-1.255,0.3143,202.986,0
12.2484,-0.187,-3.6005503716296516e-06,-1.255,0.3143,203.044,0
12.2497,-0.187,-3.6005503716296516e-06,-1.255,0.3143,202.991,0
12.2509,-0.187,-3.6005503716296516e-06,-1.255,0.3143,202.959,0
12.2523,-0.187,-3.6005503716296516e-06,-1.255,0.3143,203.012,0
12.2535,-0.187,-3.6005503716296516e-06,-1.255,0.3143,202.997,0
12.2549,-0.187,-3.6005503716296516e-06,-1.255,0.3143,203.0,0
12.2562,-0.187,-3.6005503716296516e-06,-1.255,0.3143,202.974,0
12.2574,-0.187,-3.6005503716296516e-06,-1.255,0.3143,202.982,0
12.2587,-0.187,-3.6005503716296516e-06,-1.255,0.3143,203.011,0
12.26,-0.187,-3.6005503716296516e-06,-1.255,0.3143,202.939,0
12.2612,-0.187,-3.6005503716296516e-06,-1.255,0.3143,202.993,0
12.2625,-0.187,-3.6005503716296516e-06,-1.255,0.3143,202.982,0
12.2637,-0.187,-3.6005503716296516e-06,-1.255,0.3143,202.995,0
12.265,-0.187,-3.6005503716296516e-06,-1.255,0.3143,203.001,0
12.2663,-0.187,-3.6005503716296516e-06,-1.255,0.3143,202.987,0
12.2676,-0.187,-3.6005503716296516e-06,-1.255,0.3143,202.98,0
12.2689,-0.187,-3.6005503716296516e-06,-1.255,0.3143,203.009,0
12.2702,-0.187,-3.6005503716296516e-06,-1.255,0.3143,202.979,0
12.2716,-0.187,-3.6005503716296516e-06,-1.255,0.3143,203.017,0
12.2731,-0.187,-3.6005503716296516e-06,-1.255,0.3143,203.001,0
12.2744,-0.187,-3.6005503716296516e-06,-1.255,0.3143,203.002,0
12.276,-0.187,-3.6005503716296516e-06,-1.255,0.3143,202.988,0
12.2774,-0.187,-3.6005503716296516e-06,-1.255,0.3143,202.982,0
12.2788,-0.187,-3.6005503716296516e-06,-1.255,0.3143,203.005,0
12.2801,-0.187,-3.6005503716296516e-06,-1.255,0.3143,202.966,0
12.2814,-0.187,-3.6005503716296516e-06,-1.255,0.3143,202.986,0
12.2827,-0.187,-3.6005503716296516e-06,-1.255,0.3143,203.005,0
12.284,-0.187,-3.6005503716296516e-06,-1.255,0.3143,202.976,0
12.2853,-0.187,-3.6005503716296516e-06,-1.255,0.3143,203.001,0
12.2865,-0.187,-3.6005503716296516e-06,-1.255,0.3143,202.993,0
12.2879,-0.187,-3.6005503716296516e-06,-1.255,0.3143,203.0,0
12.2892,-0.187,-3.6005503716296516e-06,-1.255,0.3143,202.979,0
12.2905,-0.187,-3.6005503716296516e-06,-1.255,0.3143,202.976,0
12.2919,-0.187,-3.6005503716296516e-06,-1.255,0.3143,202.972,0
12.2932,-0.187,-3.6005503716296516e-06,-1.255,0.3143,202.973,0
12.2945,-0.187,-3.6005503716296516e-06,-1.255,0.3143,202.998,0
12.296,-0.187,-3.6005503716296516e-06,-1.255,0.3143,202.957,0
12.2973,-0.187,-3.6005503716296516e-06,-1.255,0.3143,202.996,0
12.2986,-0.187,-3.6005503716296516e-06,-1.255,0.3143,202.974,0
12.2999,-0.187,-3.6005503716296516e-06,-1.255,0.3143,203.005,0
12.3012,-0.187,-3.6005503716296516e-06,-1.255,0.3143,202.975,0
12.3025,-0.187,-3.6005503716296516e-06,-1.255,0.3143,202.99,0
12.3039,-0.187,-3.6005503716296516e-06,-1.255,0.3143,202.974,0
12.3052,-0.187,-3.6005503716296516e-06,-1.255,0.3143,202.98,0
12.3066,-0.187,-3.6005503716296516e-06,-1.255,0.3143,203.007,0
12.3079,-0.187,-3.6005503716296516e-06,-1.255,0.3143,202.984,0
12.3092,-0.187,-3.6005503716296516e-06,-1.255,0.3143,202.986,0
12.3105,-0.187,-3.6005503716296516e-06,-1.255,0.3143,202.992,0
12.3118,-0.187,-3.6005503716296516e-06,-1.255,0.3143,202.996,0
12.313,-0.187,-3.6005503716296516e-06,-1.255,0.3143,202.978,0
12.3144,-0.187,-3.6005503716296516e-06,-1.255,0.3143,202.955,0
12.3156,-0.187,-3.6005503716296516e-06,-1.255,0.3143,202.998,0
12.317,-0.187,-3.6005503716296516e-06,-1.255,0.3143,202.99,0
12.3182,-0.187,-3.6005503716296516e-06,-1.255,0.3143,202.985,0
12.3195,-0.187,-3.6005503716296516e-06,-1.255,0.3143,202.994,0
12.3208,-0.187,-3.6005503716296516e-06,-1.255,0.3143,202.979,0
12.3222,-0.187,-3.6005503716296516e-06,-1.255,0.3143,203.025,0
12.3235,-0.187,-3.6005503716296516e-06,-1.255,0.3143,202.978,0
12.3247,-0.187,-3.6005503716296516e-06,-1.255,0.3143,203.013,0
12.326,-0.187,-3.6005503716296516e-06,-1.255,0.3143,202.974,0
12.3273,-0.187,-3.6005503716296516e-06,-1.255,0.3143,202.98,0
12.3285,-0.187,-3.6005503716296516e-06,-1.255,0.3143,202.988,0
12.3298,-0.187,-3.6005503716296516e-06,-1.255,0.3143,202.992,0
12.3311,-0.187,-3.6005503716296516e-06,-1.255,0.3143,203.001,0
12.3324,-0.187,-3.6005503716296516e-06,-1.255,0.3143,202.974,0
12.3337,-0.187,-3.6005503716296516e-06,-1.255,0.3143,202.989,0
12.335,-0.187,-3.6005503716296516e-06,-1.255,0.3143,202.962,0
12.3363,-0.187,-3.6005503716296516e-06,-1.255,0.3143,202.979,0
12.3377,-0.187,-3.6005503716296516e-06,-1.255,0.3143,203.008,0
12.339,-0.187,-3.6005503716296516e-06,-1.255,0.3143,202.961,0
12.3403,-0.187,-3.6005503716296516e-06,-1.255,0.3143,202.992,0
12.3416,-0.187,-3.6005503716296516e-06,-1.255,0.3143,202.988,0
12.343,-0.187,-3.6005503716296516e-06,-1.255,0.3143,202.982,0
12.3443,-0.187,-3.6005503716296516e-06,-1.255,0.3143,202.993,0
12.3457,-0.187,-3.6005503716296516e-06,-1.255,0.3143,202.988,0
12.347,-0.187,-3.6005503716296516e-06,-1.255,0.3143,203.012,0
12.3483,-0.187,-3.6005503716296516e-06,-1.255,0.3143,202.992,0
12.3496,-0.187,-3.6005503716296516e-06,-1.255,0.3143,203.004,0
12.3509,-0.187,-3.6005503716296516e-06,-1.255,0.3143,202.988,0
12.3523,-0.187,-3.6005503716296516e-06,-1.255,0.3143,203.02,0
12.3537,-0.187,-3.6005503716296516e-06,-1.255,0.3143,202.994,0
12.355,-0.187,-3.6005503716296516e-06,-1.255,0.3143,202.995,0
12.3563,-0.187,-3.6005503716296516e-06,-1.255,0.3143,202.997,0
12.3576,-0.187,-3.6005503716296516e-06,-1.255,0.3143,202.981,0
12.359,-0.187,-3.6005503716296516e-06,-1.255,0.3143,203.002,0
12.3604,-0.187,-3.6005503716296516e-06,-1.255,0.3143,202.985,0
12.3617,-0.187,-3.6005503716296516e-06,-1.255,0.3143,203.024,0
12.363,-0.187,-3.6005503716296516e-06,-1.255,0.3143,202.985,0
12.3643,-0.187,-3.6005503716296516e-06,-1.255,0.3143,202.991,0
12.3657,-0.187,-3.6005503716296516e-06,-1.255,0.3143,202.958,0
12.367,-0.187,-3.6005503716296516e-06,-1.255,0.3143,203.007,0
12.3684,-0.187,-3.6005503716296516e-06,-1.255,0.3143,202.975,0
12.3696,-0.187,-3.6005503716296516e-06,-1.255,0.3143,203.009,0
12.3709,-0.187,-3.6005503716296516e-06,-1.255,0.3143,203.02,0
12.3722,-0.187,-3.6005503716296516e-06,-1.255,0.3143,202.968,0
12.3735,-0.187,-3.6005503716296516e-06,-1.255,0.3143,203.0,0
12.3749,-0.187,-3.6005503716296516e-06,-1.255,0.3143,202.983,0
12.3762,-0.187,-3.6005503716296516e-06,-1.255,0.3143,202.996,0
12.3775,-0.187,-3.6005503716296516e-06,-1.255,0.3143,202.945,0
12.3789,-0.187,-3.6005503716296516e-06,-1.255,0.3143,203.031,0
12.3803,-0.187,-3.6005503716296516e-06,-1.255,0.3143,202.997,0
12.3816,-0.187,-3.6005503716296516e-06,-1.255,0.3143,202.974,0
12.3829,-0.187,-3.6005503716296516e-06,-1.255,0.3143,203.001,0
12.3841,-0.187,-3.6005503716296516e-06,-1.255,0.3143,202.991,0
12.3854,-0.187,-3.6005503716296516e-06,-1.255,0.3143,202.978,0
12.3867,-0.187,-3.6005503716296516e-06,-1.255,0.3143,202.98,0
12.388,-0.187,-3.6005503716296516e-06,-1.255,0.3143,203.019,0
12.3893,-0.187,-3.6005503716296516e-06,-1.255,0.3143,202.985,0
12.3905,-0.187,-3.6005503716296516e-06,-1.255,0.3143,202.982,0
12.392,-0.187,-3.6005503716296516e-06,-1.255,0.3143,203.015,0
12.3934,-0.187,-3.6005503716296516e-06,-1.255,0.3143,202.993,0
12.3947,-0.187,-3.6005503716296516e-06,-1.255,0.3143,203.024,0
12.3962,-0.187,-3.6005503716296516e-06,-1.255,0.3143,202.968,0
12.3975,-0.187,-3.6005503716296516e-06,-1.255,0.3143,202.996,0
12.3989,-0.187,-3.6005503716296516e-06,-1.255,0.3143,202.948,0
12.4004,-0.187,-3.6005503716296516e-06,-1.255,0.3143,202.994,0
12.4017,-0.187,-3.6005503716296516e-06,-1.255,0.3143,202.973,0
12.4029,-0.187,-3.6005503716296516e-06,-1.255,0.3143,203.009,0
12.4042,-0.187,-3.6005503716296516e-06,-1.255,0.3143,203.0,0
12.4056,-0.187,-3.6005503716296516e-06,-1.255,0.3143,202.982,0
12.4069,-0.187,0.0002062437415588647,-1.205,0.3143,202.999,0
12.4081,-0.187,0.00021775213826913387,-1.203,0.3143,203.0,0
12.4094,-0.187,0.0001727592753013596,-1.213,0.3143,203.0,0
12.4106,-0.187,0.00012348136806394905,-1.225,0.3143,202.997,0
12.4119,-0.187,8.087588503258303e-05,-1.235,0.3143,202.985,0
12.4132,-0.187,5.063577555119991e-05,-1.242,0.3143,202.987,0
12.4145,-0.187,3.190404822817072e-05,-1.246,0.3143,202.982,0
12.4159,-0.187,1.7885859051602893e-05,-1.249,0.3143,202.995,0
12.4171,-0.187,1.035643981595058e-05,-1.251,0.3143,202.957,0
12.4184,-0.187,5.948975285718916e-06,-1.252,0.3143,202.994,0
12.4197,-0.187,2.827019898177241e-06,-1.253,0.3143,202.985,0
12.421,-0.187,6.845019697721e-07,-1.254,0.3143,202.956,0
12.4222,-0.187,-7.846530820643238e-07,-1.254,0.3143,202.986,0
12.4234,-0.187,-1.8253049347549677e-06,-1.254,0.3143,202.976,0
12.4247,-0.187,-2.6210971100226743e-06,-1.254,0.3143,202.978,0
12.4261,-0.187,-3.3556730159034487e-06,-1.254,0.3143,203.01,0
12.4274,-0.187,5.577782212640159e-05,-1.241,0.3143,202.989,0
12.4287,-0.181,0.00022038439055904746,-1.201,0.3151,202.977,0
12.43,-0.181,0.00020856995251961052,-1.203,0.3151,202.965,0
12.4314,-0.181,0.00015990418614819646,-1.215,0.3151,203.026,0
12.4328,-0.181,0.0002962295548059046,-1.183,0.3151,202.981,0
12.434,-0.181,0.0002862515684682876,-1.185,0.3151,203.004,0
12.4352,-0.181,0.00021983349870424718,-1.201,0.3151,202.982,0
12.4364,-0.181,0.0002988005871884525,-1.182,0.3151,202.973,0
12.4377,-0.181,0.0003328360617160797,-1.174,0.3151,202.977,0
12.4389,-0.181,0.00043084099888801575,-1.151,0.3151,202.958,0
12.4401,-0.181,0.0004200671974103898,-1.154,0.3151,202.994,0
12.4414,-0.181,0.00032579636899754405,-1.176,0.3151,202.986,0
12.4427,-0.181,0.00022313912631943822,-1.2,0.3151,202.959,0
12.4439,-0.181,0.00033393793273717165,-1.174,0.3151,202.969,0
12.4452,-0.181,0.00038046110421419144,-1.163,0.3151,203.018,0
12.4464,-0.181,0.0004679370322264731,-1.143,0.3151,202.972,0
12.4477,-0.181,0.00038419521297328174,-1.162,0.3151,202.995,0
12.4489,-0.181,0.00027994639822281897,-1.187,0.3151,202.987,0
12.4502,-0.181,0.00021616056619677693,-1.202,0.3151,202.957,0
12.4514,-0.181,0.0003366925229784101,-1.173,0.3151,202.996,0
12.4527,-0.181,0.0002926178276538849,-1.184,0.3151,202.977,0
12.4539,-0.181,0.0004123539256397635,-1.156,0.3151,202.99,0
12.4553,-0.181,0.000371523667126894,-1.165,0.3151,203.021,0
12.4566,-0.181,0.00045740805217064917,-1.145,0.3151,202.948,0
12.4578,-0.181,0.00041045635589398444,-1.156,0.3151,202.993,0
12.4591,-0.181,0.0006846985779702663,-1.092,0.3151,202.998,0
12.4603,-0.181,0.0008332055876962841,-1.058,0.3151,202.96,0
12.4616,-0.181,0.0007397306035272777,-1.079,0.3151,202.975,0
12.4629,-0.181,0.0005409661680459976,-1.126,0.3151,202.981,0
12.4642,-0.181,0.0005066246958449483,-1.134,0.3151,203.009,0
12.4655,-0.176,0.0004612645134329796,-1.143,0.3159,202.962,0
12.4666,-0.176,0.000434146320912987,-1.149,0.3159,202.978,0
12.468,-0.176,0.00046812056098133326,-1.142,0.3159,202.999,0
12.4692,-0.176,0.000571512384340167,-1.117,0.3159,202.968,0
12.4705,-0.176,0.0005643502227030694,-1.119,0.3159,202.965,0
12.4717,-0.176,0.0007609720923937857,-1.073,0.3159,203.002,0
12.4731,-0.176,0.000672700465656817,-1.094,0.3159,202.983,0
12.4743,-0.176,0.000490280392114073,-1.136,0.3159,202.962,0
12.4755,-0.176,0.0004830570542253554,-1.138,0.3159,202.979,0
12.4769,-0.176,0.0004468178958632052,-1.147,0.3159,202.96,0
12.4781,-0.176,0.0007063685916364193,-1.086,0.3159,202.991,0
12.4794,-0.176,0.0006854331586509943,-1.091,0.3159,202.987,0
12.4807,-0.176,0.000690881279297173,-1.09,0.3159,202.959,0
12.482,-0.176,0.0005836330237798393,-1.115,0.3159,203.007,0
12.4832,-0.176,0.000417496106820181,-1.153,0.3159,202.93,0
12.4844,-0.176,0.00045887730084359646,-1.144,0.3159,202.991,0
12.4857,-0.176,0.00041076246998272836,-1.155,0.3159,202.996,0
12.4869,-0.176,0.0003006982442457229,-1.181,0.3159,202.98,0
12.4882,-0.176,0.0002082638966385275,-1.202,0.3159,202.958,0
12.4895,-0.176,0.0003405490715522319,-1.171,0.3159,202.988,0
12.4909,-0.176,0.0003035140980500728,-1.18,0.3159,202.982,0
12.4922,-0.176,0.0004057428159285337,-1.156,0.3159,203.013,0
12.4935,-0.176,0.0003751354233827442,-1.163,0.3159,202.984,0
12.4947,-0.176,0.00027792633045464754,-1.186,0.3159,203.002,0
12.496,-0.176,0.00019357234123162925,-1.205,0.3159,202.971,0
12.4973,-0.176,0.00012482811871450394,-1.221,0.3159,202.978,0
12.4986,-0.176,7.487685070373118e-05,-1.233,0.3159,202.949,0
12.4999,-0.176,4.739140422316268e-05,-1.239,0.3159,202.974,0
12.5011,-0.176,2.9333039492485113e-05,-1.244,0.3159,202.972,0
12.5023,-0.176,1.776344288373366e-05,-1.246,0.3159,202.999,0
12.5036,-0.176,1.0234024557576049e-05,-1.248,0.3159,202.946,0
12.505,-0.176,5.826560027344385e-06,-1.249,0.3159,202.975,0
12.5063,-0.176,2.582175284260302e-06,-1.25,0.3159,202.968,0
12.5076,-0.176,5.008718630961084e-07,-1.25,0.3159,202.999,0
12.509,-0.176,-1.0907128853432368e-06,-1.251,0.3159,202.955,0
12.5103,-0.176,0.00021340593229979277,-1.201,0.3159,202.982,0
12.5115,-0.176,0.00021879284759052098,-1.2,0.3159,202.971,0
12.5129,-0.176,0.00016927008982747793,-1.211,0.3159,202.953,0
12.5141,-0.176,0.00020097935339435935,-1.204,0.3159,202.974,0
12.5157,-0.17,0.00030198373133316636,-1.179,0.3166,202.954,0
12.5171,-0.17,0.0002333619340788573,-1.195,0.3166,202.978,0
12.5184,-0.17,0.0001622915588086471,-1.211,0.3166,202.962,0
12.5197,-0.17,0.00023226009216159582,-1.195,0.3166,202.992,0
12.521,-0.17,0.0005958147230558097,-1.111,0.3166,202.933,0
12.5224,-0.17,0.0006911262171342969,-1.089,0.3166,202.987,0
12.5237,-0.17,0.0006756388465873897,-1.092,0.3166,202.951,0
12.525,-0.17,0.0005978960543870926,-1.11,0.3166,202.955,0
12.5262,-0.17,0.0006326048751361668,-1.102,0.3166,202.961,0
12.5275,-0.17,0.0007932326989248395,-1.065,0.3166,202.961,0
12.5287,-0.17,0.0012251029256731272,-0.965,0.3166,202.958,0
12.53,-0.17,0.0013971778098493814,-0.926,0.3166,202.979,0
12.5313,-0.165,0.0017845450202003121,-0.836,0.3174,202.94,0
12.5325,-0.165,0.0021406314335763454,-0.755,0.3174,202.962,0
12.5339,-0.165,0.002392163034528494,-0.698,0.3174,202.966,0
12.5351,-0.165,0.002517469460144639,-0.67,0.3174,202.964,0
12.5363,-0.159,0.0026180448476225138,-0.648,0.3181,202.999,0
12.5376,-0.159,0.002826542593538761,-0.601,0.3181,202.959,0
12.5389,-0.159,0.003043732838705182,-0.553,0.3181,202.956,0
12.54,-0.154,0.0035098835360258818,-0.452,0.3189,202.949,0
12.5413,-0.154,0.003774698358029127,-0.394,0.3189,202.962,0
12.5425,-0.154,0.004416903015226126,-0.257,0.3189,202.939,0
12.5438,-0.148,0.005059658084064722,-0.126,0.3197,202.957,0
12.5451,-0.143,0.00564058730378747,-0.011,0.3204,202.96,0
12.5467,-0.143,0.006350923795253038,0.127,0.3204,202.97,0
12.5481,-0.137,0.007228866219520569,0.288,0.3212,202.922,0
12.5493,-0.132,0.008120398037135601,0.441,0.322,202.945,0
12.5505,-0.126,0.009014134295284748,0.584,0.3227,202.918,0
12.5519,-0.121,0.010190805420279503,0.758,0.3235,202.917,0
12.5531,-0.115,0.011737886816263199,0.962,0.3242,202.898,0
12.5544,-0.104,0.01340862363576889,1.145,0.3258,202.871,0
12.5556,-0.099,0.014901835471391678,1.286,0.3265,202.88,0
12.5568,-0.088,0.016585426405072212,1.412,0.3281,202.848,0
12.558,-0.077,0.018329313024878502,1.516,0.3296,202.871,0
12.5592,-0.066,0.02098988927900791,1.637,0.3311,202.859,0
12.5604,-0.049,0.0235990472137928,1.707,0.3334,202.838,0
12.5617,-0.038,0.02602088451385498,1.751,0.3349,202.808,0
12.5629,-0.022,0.0288136824965477,1.771,0.3372,202.826,0
12.5642,-0.005,0.031148169189691544,1.77,0.3395,202.781,0
12.5654,0.011,0.03331425413489342,1.76,0.3418,202.781,0
12.5667,0.033,0.034793879836797714,1.735,0.3448,202.757,0
12.5679,0.049,0.03691154718399048,1.716,0.3471,202.725,0
12.5692,0.071,0.03851519525051117,1.687,0.3502,202.708,0
12.5705,0.088,0.039690885692834854,1.665,0.3525,202.709,0
12.5718,0.11,0.041226573288440704,1.636,0.3555,202.669,0
12.573,0.132,0.04224298521876335,1.609,0.3586,202.657,0
12.5743,0.148,0.042779531329870224,1.589,0.3609,202.604,0
12.5756,0.17,0.043331995606422424,1.565,0.3639,202.579,0
12.5768,0.192,0.04349157586693764,1.544,0.367,202.564,0
12.578,0.209,0.04382910951972008,1.527,0.3693,202.541,0
12.5793,0.231,0.044767897576093674,1.505,0.3723,202.525,0
12.5805,0.253,0.04519188404083252,1.486,0.3754,202.493,0
12.5819,0.275,0.045976102352142334,1.466,0.3784,202.475,0
12.5832,0.302,0.048135265707969666,1.437,0.3822,202.456,0
12.5845,0.324,0.049264006316661835,1.419,0.3853,202.394,0
12.5857,0.352,0.05102956295013428,1.395,0.3891,202.414,0
12.5869,0.374,0.05279456451535225,1.375,0.3922,202.354,0
12.5882,0.401,0.054714083671569824,1.353,0.396,202.329,0
12.5894,0.428,0.05658290162682533,1.333,0.3998,202.304,0
12.5907,0.456,0.05771855637431145,1.32,0.4036,202.307,0
12.592,0.483,0.05967119708657265,1.304,0.4074,202.234,0
12.5932,0.516,0.0614297091960907,1.29,0.412,202.209,0
12.5944,0.544,0.061453089118003845,1.289,0.4158,202.163,0
12.5957,0.571,0.061521291732788086,1.29,0.4196,202.104,0
12.597,0.599,0.06142041087150574,1.294,0.4234,202.085,0
12.5983,0.626,0.06182736158370972,1.297,0.4272,202.042,0
12.5996,0.659,0.06218864768743515,1.303,0.4318,202.049,0
12.6009,0.687,0.061669979244470596,1.315,0.4356,201.98,0
12.6022,0.714,0.06168247014284134,1.326,0.4395,201.955,0
12.6034,0.742,0.06139085069298744,1.341,0.4433,201.901,0
12.6047,0.769,0.06075085327029228,1.359,0.4471,201.865,0
12.606,0.797,0.06050360947847366,1.376,0.4509,201.863,0
12.6072,0.824,0.06035221368074417,1.395,0.4547,201.824,0
12.6085,0.851,0.0610264353454113,1.41,0.4585,201.788,0
12.6098,0.884,0.0625782310962677,1.426,0.4631,201.749,0
12.6111,0.912,0.06367526203393936,1.442,0.4669,201.708,0
12.6124,0.945,0.06534556299448013,1.461,0.4715,201.644,0
12.6137,0.978,0.06639785319566727,1.485,0.4761,201.64,0
12.615,1.011,0.06746764481067657,1.511,0.4807,201.614,0
12.6164,1.044,0.06857667118310928,1.538,0.4852,201.616,0
12.6176,1.077,0.06842663139104843,1.574,0.4898,201.56,0
12.6189,1.104,0.06729893386363983,1.611,0.4936,201.502,0
12.6201,1.137,0.06682837009429932,1.651,0.4982,201.45,0
12.6213,1.165,0.0662340372800827,1.687,0.502,201.433,0
12.6226,1.192,0.06545869261026382,1.724,0.5058,201.435,0
12.6239,1.219,0.06477601826190948,1.762,0.5096,201.402,0
12.6251,1.252,0.06515701860189438,1.801,0.5142,201.337,0
12.6264,1.28,0.06499113142490387,1.836,0.518,201.315,0
12.6277,1.313,0.06488817930221558,1.879,0.5226,201.251,0
12.629,1.346,0.06618605554103851,1.914,0.5272,201.264,0
12.6303,1.373,0.06703351438045502,1.944,0.531,201.194,0
12.6315,1.412,0.0689578503370285,1.983,0.5363,201.171,0
12.6328,1.445,0.07043053954839706,2.017,0.5409,201.122,0
12.6341,1.478,0.07202408462762833,2.05,0.5455,201.074,0
12.6354,1.516,0.0738040879368782,2.09,0.5508,201.092,0
12.637,1.555,0.07493594288825989,2.132,0.5562,200.996,0
12.6383,1.593,0.07612571865320206,2.174,0.5615,200.974,0
12.6396,1.631,0.07624092698097229,2.221,0.5669,200.904,0
12.6409,1.664,0.07602641731500626,2.263,0.5714,200.9,0
12.6422,1.703,0.07668314129114151,2.305,0.5768,200.804,0
12.6435,1.736,0.07662498205900192,2.344,0.5814,200.785,0
12.6447,1.774,0.0773451179265976,2.384,0.5867,200.749,0
12.6459,1.807,0.07818596065044403,2.415,0.5913,200.7,0
12.6472,1.846,0.08010565489530563,2.445,0.5966,200.663,0
12.6485,1.89,0.0820787250995636,2.478,0.6027,200.637,0
12.6499,1.928,0.08410310745239258,2.503,0.6081,200.566,0
12.6512,1.972,0.08644112199544907,2.529,0.6142,200.539,0
12.6525,2.016,0.0882863774895668,2.556,0.6203,200.47,0
12.6537,2.06,0.09036707878112793,2.579,0.6264,200.416,0
12.655,2.104,0.09166029840707779,2.603,0.6325,200.345,0
12.6563,2.148,0.09293466061353683,2.626,0.6386,200.302,0
12.6575,2.192,0.09314793348312378,2.651,0.6447,200.281,0
12.6589,2.236,0.09390723705291748,2.671,0.6508,200.216,0
12.6602,2.28,0.09424355626106262,2.691,0.6569,200.157,0
12.6614,2.324,0.09474146366119385,2.707,0.663,200.11,0
12.6627,2.373,0.09575837105512619,2.719,0.6699,200.067,0
12.664,2.417,0.0970531702041626,2.724,0.676,200.028,0
12.6652,2.461,0.09870440512895584,2.726,0.6821,199.972,0
12.6664,2.51,0.10016842931509018,2.727,0.6889,199.907,0
12.6677,2.554,0.10147228837013245,2.725,0.695,199.875,0
12.669,2.604,0.10231900960206985,2.725,0.7019,199.833,0
12.6702,2.648,0.10249504446983337,2.726,0.708,199.738,0
12.6715,2.697,0.10194338858127594,2.731,0.7149,199.711,0
12.6729,2.741,0.10132414847612381,2.734,0.721,199.652,0
12.6742,2.791,0.10162190347909927,2.73,0.7278,199.578,0
12.6755,2.84,0.1014055609703064,2.727,0.7347,199.535,0
12.677,2.895,0.10064125061035156,2.727,0.7423,199.495,0
12.6783,2.939,0.10097865760326385,2.721,0.7484,199.41,0
12.6796,2.988,0.10058481246232986,2.718,0.7553,199.42,0
12.6809,3.032,0.10105456411838531,2.711,0.7614,199.34,0
12.6822,3.082,0.1013367623090744,2.705,0.7683,199.307,0
12.6834,3.126,0.10038390010595322,2.708,0.7744,199.264,0
12.6848,3.17,0.09904085099697113,2.713,0.7805,199.174,0
12.686,3.214,0.0974503606557846,2.721,0.7866,199.16,0
12.6873,3.257,0.09574931114912033,2.731,0.7927,199.13,0
12.6885,3.296,0.09461720287799835,2.739,0.798,199.051,0
12.6899,3.34,0.09456052631139755,2.742,0.8041,199.057,0
12.6912,3.384,0.0949854627251625,2.744,0.8102,198.987,0
12.6924,3.433,0.09616555273532867,2.745,0.8171,198.962,0
12.6937,3.477,0.09684760868549347,2.749,0.8232,198.896,0
12.695,3.521,0.097723089158535,2.755,0.8293,198.832,0
12.6962,3.571,0.09861131757497787,2.765,0.8362,198.8,0
12.6975,3.615,0.0993291363120079,2.777,0.8423,198.772,0
12.6988,3.664,0.09957914799451828,2.798,0.8492,198.699,0
12.7,3.708,0.09943040460348129,2.82,0.8553,198.657,0
12.7013,3.752,0.09954120218753815,2.844,0.8614,198.64,0
12.7026,3.796,0.09886748343706131,2.876,0.8675,198.605,0
12.704,3.84,0.09871947020292282,2.907,0.8736,198.544,0
12.7053,3.889,0.09834238141775131,2.946,0.8804,198.514,0
12.7065,3.933,0.09895464777946472,2.978,0.8865,198.448,0
12.7079,3.983,0.09950950741767883,3.018,0.8934,198.433,0
12.7092,4.032,0.10063891857862473,3.057,0.9003,198.389,0
12.7106,4.076,0.10015031695365906,3.104,0.9064,198.302,0
12.7119,4.131,0.10072449594736099,3.158,0.914,198.317,0
12.7131,4.175,0.10192418843507767,3.199,0.9201,198.204,0
12.7146,4.224,0.10267431288957596,3.251,0.927,198.191,0
12.716,4.279,0.10363844037055969,3.31,0.9346,198.151,0
12.7173,4.334,0.1048886775970459,3.369,0.9422,198.108,0
12.7186,4.389,0.1059720516204834,3.431,0.9499,198.045,0
12.7199,4.433,0.10735122114419937,3.479,0.956,198.008,0
12.7212,4.488,0.10961652547121048,3.535,0.9636,198.003,0
12.7224,4.543,0.1110520213842392,3.597,0.9712,197.926,0
12.7238,4.598,0.11276211589574814,3.656,0.9789,197.908,0
12.725,4.653,0.11390966176986694,3.718,0.9865,197.839,0
12.7263,4.702,0.11367666721343994,3.78,0.9933,197.805,0
12.7276,4.752,0.11279866099357605,3.844,0.0002,197.812,0
12.7288,4.801,0.1115090623497963,3.908,0.0071,197.745,0
12.7301,4.85,0.11069007962942123,3.967,0.0139,197.714,0
12.7315,4.9,0.10987266898155212,4.023,0.0208,197.682,0
12.7328,4.96,0.1107080727815628,4.075,0.0292,197.661,0
12.7341,5.01,0.11133325099945068,4.114,0.0361,197.596,0
12.7354,5.065,0.112735815346241,4.148,0.0437,197.567,0
12.7367,5.12,0.11391811817884445,4.178,0.0513,197.522,0
12.738,5.175,0.11400553584098816,4.208,0.059,197.499,0
12.7392,5.224,0.11375032365322113,4.231,0.0658,197.486,0
12.7405,5.273,0.11319883167743683,4.25,0.0727,197.414,0
12.7419,5.323,0.11112150549888611,4.273,0.0796,197.372,0
12.7431,5.378,0.11048634350299835,4.28,0.0872,197.352,0
12.7444,5.427,0.1098879724740982,4.281,0.0941,197.28,0
12.7457,5.477,0.10999134927988052,4.271,0.1009,197.281,0
12.7473,5.537,0.11068160086870193,4.246,0.1093,197.186,0
12.7488,5.598,0.11094697564840317,4.214,0.1177,197.212,0
12.75,5.652,0.11108697950839996,4.177,0.1253,197.099,0
12.7514,5.702,0.10964363068342209,4.146,0.1322,197.095,0
12.7528,5.751,0.10786142200231552,4.11,0.1391,197.035,0
12.754,5.795,0.10538853704929352,4.079,0.1452,197.009,0
12.7553,5.845,0.1037338450551033,4.03,0.152,196.987,0
12.7566,5.889,0.10273309797048569,3.98,0.1581,196.925,0
12.7579,5.933,0.10217786580324173,3.922,0.1642,196.897,0
12.7592,5.982,0.10168581455945969,3.85,0.1711,196.835,0
12.7605,6.031,0.10190323740243912,3.769,0.178,196.825,0
12.7617,6.075,0.10223516076803207,3.692,0.1841,196.803,0
12.7629,6.125,0.10359451174736023,3.595,0.1909,196.736,0
12.7642,6.174,0.10468113422393799,3.496,0.1978,196.708,0
12.7654,6.218,0.10424962639808655,3.412,0.2039,196.667,0
12.7667,6.268,0.10429242253303528,3.312,0.2108,196.601,0
12.768,6.312,0.10247959941625595,3.232,0.2169,196.612,0
12.7693,6.356,0.10113746672868729,3.146,0.223,196.547,0
12.7705,6.4,0.09941959381103516,3.061,0.2291,196.512,0
12.7718,6.443,0.09846561402082443,2.971,0.2352,196.474,0
12.7732,6.487,0.09784281253814697,2.877,0.2413,196.435,0
12.7745,6.537,0.09708810597658157,2.771,0.2482,196.391,0
12.7757,6.575,0.09599488228559494,2.691,0.2535,196.33,0
12.777,6.619,0.09570594877004623,2.595,0.2596,196.353,0
12.7782,6.663,0.09629721194505692,2.494,0.2657,196.293,0
12.7794,6.702,0.09537634998559952,2.414,0.2711,196.239,0
12.7807,6.746,0.09446712583303452,2.324,0.2772,196.221,0
12.7819,6.784,0.09359236806631088,2.246,0.2825,196.167,0
12.7833,6.823,0.09149956703186035,2.178,0.2878,196.113,0
12.7846,6.866,0.08936182409524918,2.1,0.2939,196.115,0
12.7858,6.899,0.08699642866849899,2.048,0.2985,196.056,0
12.7874,6.949,0.08499200642108917,1.963,0.3054,196.004,0
12.7887,6.982,0.08299344778060913,1.912,0.31,196.009,0
12.79,7.02,0.08190908282995224,1.848,0.3153,195.94,0
12.7913,7.059,0.08220818638801575,1.779,0.3206,195.899,0
12.7925,7.097,0.08182461559772491,1.716,0.326,195.852,0
12.7939,7.13,0.0807904601097107,1.669,0.3306,195.815,0
12.7952,7.169,0.08100197464227676,1.609,0.3359,195.766,0
12.7964,7.207,0.08127103745937347,1.552,0.3412,195.778,0
12.7977,7.245,0.08115994185209274,1.5,0.3466,195.685,0
12.7989,7.278,0.08089183270931244,1.46,0.3512,195.687,0
12.8002,7.317,0.08036962151527405,1.417,0.3565,195.623,0
12.8014,7.355,0.08029073476791382,1.376,0.3618,195.582,0
12.8027,7.388,0.07957807183265686,1.348,0.3664,195.539,0
12.804,7.421,0.07812930643558502,1.327,0.371,195.508,0
12.8052,7.454,0.07736130058765411,1.304,0.3756,195.477,0
12.8066,7.487,0.0763046145439148,1.287,0.3802,195.45,0
12.8078,7.526,0.07614520192146301,1.263,0.3855,195.374,0
12.8091,7.559,0.07610339671373367,1.246,0.3901,195.334,0
12.8103,7.592,0.07636049389839172,1.23,0.3947,195.303,0
12.8119,7.63,0.07694447785615921,1.213,0.4,195.29,0
12.8132,7.674,0.07750318199396133,1.2,0.4061,195.219,0
12.8146,7.712,0.07825937122106552,1.19,0.4114,195.169,0
12.8159,7.751,0.07743504643440247,1.195,0.4168,195.147,0
12.8175,7.795,0.07738063484430313,1.199,0.4229,195.091,0
12.819,7.828,0.07722079753875732,1.206,0.4275,195.019,0
12.8203,7.872,0.07670041173696518,1.221,0.4336,194.975,0
12.8216,7.905,0.07700072973966599,1.231,0.4381,194.947,0
12.8229,7.943,0.0769127681851387,1.249,0.4435,194.906,0
12.8242,7.982,0.07675331085920334,1.271,0.4488,194.899,0
12.8254,8.015,0.0775546282529831,1.287,0.4534,194.793,0
12.8268,8.053,0.07818184047937393,1.309,0.4587,194.734,0
12.828,8.091,0.07906261086463928,1.334,0.4641,194.727,0
12.8293,8.13,0.08083875477313995,1.355,0.4694,194.669,0
12.8305,8.168,0.08265708386898041,1.379,0.4748,194.663,0
12.8319,8.207,0.08392681181430817,1.408,0.4801,194.557,0
12.8331,8.251,0.08515196293592453,1.446,0.4862,194.549,0
12.8344,8.289,0.08592254668474197,1.483,0.4915,194.524,0
12.8357,8.328,0.08627919107675552,1.524,0.4969,194.427,0
12.837,8.366,0.08647984266281128,1.568,0.5022,194.428,0
12.8383,8.41,0.08584701269865036,1.625,0.5083,194.316,0
12.8396,8.443,0.08529742807149887,1.669,0.5129,194.306,0
12.841,8.487,0.0849553570151329,1.726,0.519,194.269,0
12.8423,8.531,0.0845857635140419,1.784,0.5251,194.231,0
12.8436,8.569,0.08521236479282379,1.83,0.5305,194.174,0
12.8449,8.608,0.086027130484581,1.876,0.5358,194.09,0
12.8462,8.652,0.08705248683691025,1.927,0.5419,194.067,0
12.8475,8.701,0.08972058445215225,1.975,0.5488,194.008,0
12.8489,8.745,0.09105495363473892,2.024,0.5549,193.956,0
12.8501,8.789,0.0919424518942833,2.074,0.561,193.901,0
12.8514,8.833,0.0931258499622345,2.122,0.5671,193.849,0
12.8527,8.871,0.09292665123939514,2.17,0.5724,193.836,0
12.854,8.915,0.0936162993311882,2.219,0.5785,193.762,0
12.8554,8.959,0.09396375715732574,2.267,0.5846,193.718,0
12.8567,9.009,0.09336850792169571,2.326,0.5915,193.607,0
12.858,9.053,0.09424620121717453,2.367,0.5976,193.621,0
12.8592,9.097,0.09588173776865005,2.402,0.6037,193.572,0
12.8605,9.146,0.0982062891125679,2.435,0.6106,193.503,0
12.8617,9.19,0.09973641484975815,2.465,0.6167,193.464,0
12.863,9.24,0.10262367129325867,2.489,0.6235,193.383,0
12.8643,9.294,0.10464620590209961,2.519,0.6312,193.311,0
12.8656,9.344,0.10608621686697006,2.544,0.638,193.287,0
12.867,9.393,0.10661084204912186,2.571,0.6449,193.209,0
12.8682,9.448,0.10708902776241302,2.598,0.6525,193.16,0
12.8696,9.498,0.10703162103891373,2.622,0.6594,193.085,0
12.871,9.547,0.10629201680421829,2.646,0.6663,193.03,0
12.8723,9.602,0.10757545381784439,2.657,0.6739,192.948,0
12.8736,9.651,0.10753846913576126,2.671,0.6808,192.914,0
12.8749,9.706,0.10916298627853394,2.672,0.6884,192.863,0
12.8762,9.756,0.11026999354362488,2.673,0.6953,192.786,0
12.8776,9.816,0.1103530004620552,2.678,0.7036,192.736,0
12.8789,9.866,0.10997249186038971,2.682,0.7105,192.656,0
12.8803,9.915,0.10895644128322601,2.688,0.7174,192.622,0
12.8817,9.97,0.10904264450073242,2.686,0.725,192.562,0
12.883,10.025,0.10838203132152557,2.687,0.7326,192.503,0
12.8843,10.074,0.10863801836967468,2.681,0.7395,192.421,0
12.8858,10.129,0.10927674174308777,2.672,0.7471,192.394,0
12.8874,10.184,0.10895522683858871,2.669,0.7548,192.315,0
12.8888,10.25,0.11066298931837082,2.652,0.7639,192.283,0
12.8901,10.305,0.11037147045135498,2.649,0.7715,192.187,0
12.8914,10.355,0.1096862182021141,2.65,0.7784,192.163,0
12.8927,10.404,0.10869919508695602,2.654,0.7853,192.095,0
12.894,10.453,0.1069837138056755,2.664,0.7921,192.072,0
12.8952,10.497,0.10597319155931473,2.671,0.7982,191.978,0
12.8965,10.547,0.10477827489376068,2.682,0.8051,191.948,0
12.8978,10.591,0.10459890961647034,2.687,0.8112,191.901,0
12.8991,10.64,0.10441415756940842,2.696,0.8181,191.851,0
12.9003,10.69,0.10470014065504074,2.705,0.825,191.796,0
12.9015,10.734,0.10467628389596939,2.717,0.8311,191.775,0
12.9029,10.783,0.10550206899642944,2.729,0.8379,191.709,0
12.9041,10.833,0.10542529821395874,2.748,0.8448,191.679,0
12.9054,10.876,0.10503721237182617,2.771,0.8509,191.625,0
12.9067,10.926,0.10415131598711014,2.802,0.8578,191.585,0
12.908,10.97,0.10343045741319656,2.832,0.8639,191.549,0
12.9092,11.025,0.10316096991300583,2.869,0.8715,191.489,0
12.9104,11.069,0.10300940275192261,2.902,0.8776,191.454,0
12.9117,11.113,0.10370920598506927,2.932,0.8837,191.41,0
12.9129,11.162,0.10462728887796402,2.969,0.8906,191.373,0
12.9142,11.206,0.10510194301605225,3.006,0.8967,191.312,0
12.9155,11.255,0.10598906874656677,3.048,0.9035,191.288,0
12.9167,11.305,0.10527055710554123,3.103,0.9104,191.217,0
12.918,11.349,0.10456487536430359,3.154,0.9165,191.196,0
12.9193,11.398,0.10300976783037186,3.219,0.9234,191.142,0
12.9206,11.442,0.10175668448209763,3.277,0.9295,191.094,0
12.922,11.492,0.10135743767023087,3.339,0.9363,191.049,0
12.9232,11.541,0.10137003660202026,3.399,0.9432,191.022,0
12.9245,11.585,0.10146479308605194,3.453,0.9493,190.947,0
12.9258,11.635,0.10359039902687073,3.503,0.9562,190.921,0
12.9271,11.689,0.10636905580759048,3.557,0.9638,190.869,0
12.9284,11.739,0.10841582715511322,3.607,0.9707,190.82,0
12.9297,11.799,0.11157670617103577,3.665,0.9791,190.789,0
12.931,11.854,0.11424347013235092,3.718,0.9867,190.737,0
12.9322,11.909,0.11532744765281677,3.778,0.9943,190.705,0
12.9335,11.959,0.11575981974601746,3.834,0.0012,190.672,0
12.9347,12.014,0.1157100573182106,3.897,0.0088,190.627,0
12.9359,12.063,0.11583151668310165,3.949,0.0157,190.629,0
12.9372,12.112,0.11541201174259186,4.002,0.0226,190.599,0
12.9384,12.167,0.11578933149576187,4.051,0.0302,190.543,0
12.9397,12.222,0.11690962314605713,4.091,0.0378,190.469,0
12.9409,12.277,0.11814796924591064,4.125,0.0454,190.484,0
12.9422,12.332,0.11937880516052246,4.153,0.0531,190.417,0
12.9434,12.382,0.11915036290884018,4.18,0.0599,190.407,0
12.9447,12.437,0.11830735951662064,4.208,0.0676,190.338,0
12.9459,12.486,0.11712823808193207,4.23,0.0744,190.271,0
12.9473,12.535,0.11531665176153183,4.249,0.0813,190.251,0
12.9485,12.59,0.11369937658309937,4.261,0.0889,190.205,0
12.9498,12.64,0.11343681812286377,4.258,0.0958,190.217,0
12.9512,12.695,0.11312106996774673,4.247,0.1034,190.134,0
12.9525,12.75,0.11485707014799118,4.215,0.1111,190.095,0
12.9536,12.805,0.11586245894432068,4.18,0.1187,190.068,0
12.955,12.854,0.11699383705854416,4.14,0.1255,190.019,0
12.9563,12.909,0.11679422855377197,4.097,0.1332,189.957,0
12.9576,12.964,0.11499923467636108,4.055,0.1408,189.93,0
12.9588,13.013,0.11392736434936523,4.007,0.1477,189.9,0
12.9601,13.057,0.11146580427885056,3.968,0.1538,189.904,0
12.9614,13.112,0.11010511964559555,3.903,0.1614,189.839,0
12.9627,13.156,0.1081807091832161,3.851,0.1675,189.782,0
12.964,13.206,0.10689374059438705,3.782,0.1744,189.767,0
12.9653,13.255,0.10675539821386337,3.701,0.1812,189.699,0
12.9665,13.304,0.10662201046943665,3.614,0.1881,189.654,0
12.9679,13.359,0.10787098854780197,3.505,0.1957,189.607,0
12.9692,13.409,0.10746507346630096,3.412,0.2026,189.561,0
12.9705,13.453,0.10660561919212341,3.329,0.2087,189.562,0
12.9717,13.502,0.10567515343427658,3.232,0.2156,189.504,0
12.973,13.546,0.10424885153770447,3.148,0.2217,189.467,0
12.9742,13.59,0.10284268856048584,3.061,0.2278,189.415,0
12.9754,13.634,0.1021377220749855,2.969,0.2339,189.362,0
12.9767,13.678,0.10066311806440353,2.881,0.24,189.35,0
12.9779,13.722,0.10055249184370041,2.784,0.2461,189.327,0
12.9792,13.766,0.0997057631611824,2.69,0.2522,189.301,0
12.9805,13.815,0.09979930520057678,2.579,0.2591,189.262,0
12.9817,13.859,0.10035347938537598,2.478,0.2652,189.184,0
12.983,13.903,0.10036676377058029,2.381,0.2713,189.168,0
12.9842,13.947,0.09954103082418442,2.29,0.2774,189.145,0
12.9855,13.991,0.09874652326107025,2.201,0.2835,189.103,0
12.9869,14.035,0.0969158411026001,2.119,0.2896,189.028,0
12.9881,14.079,0.09421547502279282,2.045,0.2957,188.996,0
12.9893,14.117,0.09227784723043442,1.98,0.301,188.991,0
12.9906,14.156,0.09029822796583176,1.918,0.3064,188.933,0
12.9919,14.189,0.08868362009525299,1.865,0.3109,188.846,0
12.9932,14.233,0.08734510093927383,1.793,0.317,188.854,0
12.9945,14.271,0.08671263605356216,1.73,0.3224,188.833,0
12.9958,14.31,0.08623190969228745,1.669,0.3277,188.757,0
12.9971,14.348,0.08555835485458374,1.613,0.3331,188.718,0
12.9984,14.392,0.0858733057975769,1.545,0.3392,188.667,0
12.9997,14.431,0.08557593077421188,1.494,0.3445,188.657,0
13.0009,14.469,0.08451922982931137,1.45,0.3499,188.62,0
13.0022,14.502,0.08436105400323868,1.411,0.3544,188.529,0
13.0035,14.54,0.08363812416791916,1.372,0.3598,188.543,0
13.0047,14.579,0.08291346579790115,1.337,0.3651,188.479,0
13.006,14.612,0.08090224862098694,1.318,0.3697,188.489,0
13.0073,14.65,0.08017098158597946,1.291,0.375,188.409,0
13.0085,14.683,0.07876823842525482,1.275,0.3796,188.385,0
13.0097,14.716,0.0784558579325676,1.255,0.3842,188.338,0
13.0109,14.749,0.07942380011081696,1.231,0.3888,188.291,0
13.0122,14.788,0.07987911254167557,1.211,0.3941,188.218,0
13.0134,14.826,0.08025802671909332,1.195,0.3994,188.254,0
13.0147,14.865,0.08189902454614639,1.175,0.4048,188.186,0
13.016,14.897,0.08188670873641968,1.17,0.4094,188.131,0
13.0172,14.936,0.08192253857851028,1.168,0.4147,188.106,0
13.0184,14.974,0.08148140460252762,1.172,0.42,188.049,0
13.0197,15.007,0.08031509071588516,1.183,0.4246,187.989,0
13.021,15.046,0.07945869863033295,1.197,0.43,187.957,0
13.0223,15.079,0.07831324636936188,1.214,0.4345,187.936,0
13.0235,15.112,0.0765092521905899,1.237,0.4391,187.914,0
13.0246,15.139,0.07559122145175934,1.255,0.4429,187.839,0
13.026,15.172,0.07413840293884277,1.281,0.4475,187.85,0
13.0273,15.211,0.074411541223526,1.303,0.4529,187.756,0
13.0285,15.244,0.0747452825307846,1.323,0.4574,187.709,0
13.0298,15.276,0.07571358233690262,1.342,0.462,187.688,0
13.031,15.315,0.07763799279928207,1.361,0.4673,187.647,0
13.0322,15.353,0.08000382035970688,1.381,0.4727,187.592,0
13.0334,15.392,0.08192168176174164,1.406,0.478,187.565,0
13.0347,15.43,0.08374691754579544,1.433,0.4834,187.529,0
13.0359,15.469,0.0856805145740509,1.462,0.4887,187.459,0
13.0371,15.513,0.0875568762421608,1.5,0.4948,187.406,0
13.0383,15.551,0.08830547332763672,1.539,0.5002,187.354,0
13.0396,15.59,0.08873164653778076,1.582,0.5055,187.315,0
13.041,15.634,0.08862268924713135,1.637,0.5116,187.291,0
13.0422,15.677,0.08918856084346771,1.689,0.5177,187.224,0
13.0435,15.716,0.08952438086271286,1.736,0.523,187.179,0
13.0447,15.754,0.08990318328142166,1.783,0.5284,187.117,0
13.046,15.798,0.09056565165519714,1.836,0.5345,187.082,0
13.0474,15.842,0.09145045280456543,1.888,0.5406,187.044,0
13.0489,15.892,0.0931105986237526,1.943,0.5475,186.966,0
13.0501,15.941,0.09477783739566803,1.996,0.5543,186.931,0
13.0515,15.985,0.09564584493637085,2.047,0.5604,186.869,0
13.0529,16.035,0.09673633426427841,2.102,0.5673,186.8,0
13.0542,16.084,0.09692856669425964,2.162,0.5742,186.729,0
13.0555,16.128,0.09650265425443649,2.216,0.5803,186.692,0
13.0569,16.172,0.0963464304804802,2.267,0.5864,186.642,0
13.0581,16.221,0.09593556076288223,2.324,0.5932,186.568,0
13.0594,16.265,0.09676637500524521,2.365,0.5993,186.533,0
13.0606,16.309,0.09732428193092346,2.405,0.6054,186.464,0
13.0618,16.353,0.09882576763629913,2.438,0.6115,186.465,0
13.063,16.397,0.1002831757068634,2.468,0.6176,186.391,0
13.0643,16.447,0.10206230729818344,2.498,0.6245,186.344,0
13.0656,16.496,0.10396900773048401,2.524,0.6314,186.295,0
13.0668,16.545,0.10503292828798294,2.551,0.6382,186.229,0
13.0682,16.595,0.10603734850883484,2.576,0.6451,186.158,0
13.0694,16.644,0.10641651600599289,2.6,0.652,186.115,0
13.0707,16.694,0.10685309767723083,2.621,0.6588,186.055,0
13.072,16.743,0.10735300183296204,2.639,0.6657,185.981,0
13.0733,16.798,0.10759540647268295,2.656,0.6733,185.909,0
13.0746,16.848,0.10853394120931625,2.664,0.6802,185.865,0
13.0759,16.897,0.10943417251110077,2.669,0.6871,185.79,0
13.0772,16.952,0.11023695766925812,2.672,0.6947,185.735,0
13.0785,17.001,0.1112348809838295,2.671,0.7016,185.673,0
13.0798,17.056,0.11192197352647781,2.67,0.7092,185.618,0
13.0811,17.111,0.11224506050348282,2.669,0.7168,185.565,0
13.0824,17.161,0.11165457218885422,2.671,0.7237,185.483,0
13.0837,17.216,0.11210204660892487,2.665,0.7313,185.436,0
13.085,17.265,0.1122288778424263,2.66,0.7382,185.362,0
13.0862,17.314,0.11220487952232361,2.656,0.7451,185.331,0
13.0875,17.369,0.11270758509635925,2.648,0.7527,185.262,0
13.0887,17.419,0.11293579638004303,2.641,0.7596,185.198,0
13.09,17.474,0.11445771157741547,2.627,0.7672,185.123,0
13.0913,17.529,0.11445610970258713,2.623,0.7748,185.085,0
13.0926,17.578,0.11477869749069214,2.618,0.7817,185.037,0
13.0939,17.633,0.11427881568670273,2.62,0.7893,184.995,0
13.0952,17.682,0.11261671036481857,2.631,0.7962,184.948,0
13.0965,17.732,0.1120443344116211,2.637,0.803,184.858,0
13.0977,17.781,0.11122354865074158,2.647,0.8099,184.834,0
13.099,17.831,0.11036594212055206,2.659,0.8168,184.812,0
13.1003,17.88,0.1103454977273941,2.669,0.8236,184.722,0
13.1015,17.93,0.10973090678453445,2.686,0.8305,184.668,0
13.1028,17.985,0.10999912768602371,2.702,0.8381,184.627,0
13.1041,18.034,0.10985685139894485,2.722,0.845,184.565,0
13.1053,18.083,0.109555684030056,2.747,0.8519,184.519,0
13.1066,18.133,0.10901625454425812,2.777,0.8587,184.428,0
13.108,18.182,0.1092110425233841,2.805,0.8656,184.447,0
13.1092,18.232,0.10845235735177994,2.843,0.8725,184.394,0
13.1105,18.281,0.10761640965938568,2.884,0.8793,184.345,0
13.1118,18.331,0.1084926426410675,2.919,0.8862,184.296,0
13.1131,18.386,0.10854991525411606,2.966,0.8938,184.229,0
13.1144,18.435,0.10963744670152664,3.006,0.9007,184.199,0
13.1157,18.49,0.11027459055185318,3.057,0.9083,184.136,0
13.117,18.539,0.10928033292293549,3.116,0.9152,184.081,0
13.1183,18.589,0.10853106528520584,3.175,0.9221,184.075,0
13.1197,18.633,0.10748294740915298,3.232,0.9282,184.045,0
13.1209,18.688,0.10628081113100052,3.304,0.9358,183.984,0
13.1223,18.732,0.10444226115942001,3.369,0.9419,183.942,0
13.1238,18.787,0.1040785163640976,3.44,0.9495,183.869,0
13.125,18.836,0.10438164323568344,3.5,0.9564,183.841,0
13.1263,18.885,0.10560299456119537,3.556,0.9633,183.771,0
13.1276,18.94,0.10783243924379349,3.613,0.9709,183.746,0
13.129,18.995,0.1108110323548317,3.665,0.9785,183.709,0
13.1303,19.05,0.11333663016557693,3.718,0.9861,183.651,0
13.1316,19.105,0.11459825932979584,3.778,0.9938,183.596,0
13.133,19.166,0.11546844989061356,3.844,0.0022,183.6,0
13.1343,19.221,0.11642083525657654,3.9,0.0098,183.53,0
13.1356,19.281,0.11774881929159164,3.956,0.0182,183.505,0
13.1368,19.336,0.11930080503225327,4.001,0.0258,183.448,0
13.1384,19.407,0.12175257503986359,4.05,0.0357,183.407,0
13.1398,19.468,0.12279140204191208,4.09,0.0441,183.358,0
13.141,19.528,0.1238979920744896,4.123,0.0525,183.317,0
13.1422,19.583,0.12433604151010513,4.15,0.0602,183.286,0
13.1435,19.633,0.1236400231719017,4.175,0.067,183.231,0
13.1447,19.688,0.12140115350484848,4.204,0.0746,183.197,0
13.1459,19.737,0.12031477689743042,4.219,0.0815,183.132,0
13.1472,19.786,0.11850215494632721,4.232,0.0884,183.101,0
13.1484,19.841,0.11692747473716736,4.237,0.096,183.096,0
13.1497,19.891,0.11706864088773727,4.224,0.1029,183.038,0
13.151,19.951,0.11799897253513336,4.196,0.1113,182.965,0
13.1523,20.001,0.11779696494340897,4.171,0.1181,182.96,0
13.1535,20.061,0.11910634487867355,4.122,0.1265,182.889,0
13.1548,20.11,0.1186622902750969,4.084,0.1334,182.911,0
13.1561,20.165,0.1175602376461029,4.038,0.141,182.814,0
13.1573,20.215,0.1167132705450058,3.988,0.1479,182.782,0
13.1586,20.264,0.11539678275585175,3.936,0.1548,182.748,0
13.1599,20.314,0.11336476355791092,3.881,0.1616,182.664,0
13.1612,20.363,0.1112765446305275,3.822,0.1685,182.671,0
13.1624,20.413,0.11025260388851166,3.75,0.1754,182.606,0
13.1637,20.462,0.10923111438751221,3.674,0.1822,182.579,0
13.165,20.511,0.10969167202711105,3.583,0.1891,182.548,0
13.1663,20.561,0.10930449515581131,3.494,0.196,182.507,0
13.1675,20.61,0.10899463295936584,3.4,0.2028,182.43,0
13.1688,20.66,0.10796824097633362,3.306,0.2097,182.419,0
13.1702,20.709,0.10646309703588486,3.213,0.2166,182.364,0
13.1714,20.759,0.10513392835855484,3.116,0.2234,182.364,0
13.1729,20.803,0.10355439782142639,3.03,0.2295,182.322,0
13.1741,20.852,0.10197868198156357,2.931,0.2364,182.258,0
13.1755,20.896,0.10028533637523651,2.843,0.2425,182.218,0
13.1769,20.945,0.09901133924722672,2.74,0.2494,182.189,0
13.1781,20.989,0.0987742468714714,2.643,0.2555,182.151,0
13.1794,21.039,0.0989748015999794,2.532,0.2623,182.095,0
13.1807,21.083,0.09912478178739548,2.433,0.2684,182.069,0
13.182,21.132,0.09938575327396393,2.323,0.2753,182.031,0
13.1833,21.176,0.0992707908153534,2.229,0.2814,181.986,0
13.1847,21.22,0.09866330027580261,2.14,0.2875,181.956,0
13.186,21.264,0.09770461916923523,2.055,0.2936,181.946,0
13.1874,21.313,0.09585507214069366,1.967,0.3005,181.876,0
13.1887,21.357,0.09390341490507126,1.893,0.3066,181.814,0
13.19,21.396,0.0923769623041153,1.83,0.3119,181.781,0
13.1913,21.44,0.09094924479722977,1.759,0.318,181.737,0
13.1926,21.478,0.09010877460241318,1.698,0.3234,181.73,0
13.194,21.522,0.08925708383321762,1.631,0.3295,181.666,0
13.1953,21.561,0.08769655227661133,1.581,0.3348,181.631,0
13.1966,21.605,0.08733507245779037,1.519,0.3409,181.581,0
13.198,21.643,0.08639805763959885,1.472,0.3463,181.527,0
13.1992,21.682,0.08528872579336166,1.43,0.3516,181.504,0
13.2006,21.72,0.08448079973459244,1.389,0.3569,181.449,0
13.2019,21.758,0.08304023742675781,1.357,0.3623,181.432,0
13.2032,21.797,0.08260897547006607,1.322,0.3676,181.363,0
13.2045,21.835,0.0808417797088623,1.299,0.373,181.347,0
13.2058,21.868,0.07934447377920151,1.282,0.3775,181.295,0
13.2071,21.907,0.07915426790714264,1.257,0.3829,181.269,0
13.2086,21.945,0.07856936007738113,1.238,0.3882,181.217,0
13.2099,21.984,0.07907505333423615,1.217,0.3936,181.165,0
13.2113,22.022,0.08007683604955673,1.197,0.3989,181.15,0
13.2125,22.061,0.0808367058634758,1.182,0.4042,181.083,0
13.2139,22.099,0.08201515674591064,1.169,0.4096,181.081,0
13.2152,22.143,0.08264628052711487,1.163,0.4157,180.999,0
13.2165,22.181,0.08213368058204651,1.169,0.421,180.981,0
13.2177,22.214,0.08178152143955231,1.176,0.4256,180.973,0
13.2189,22.253,0.08072458207607269,1.191,0.4309,180.929,0
13.2202,22.286,0.07949918508529663,1.209,0.4355,180.878,0
13.2214,22.319,0.07839290797710419,1.229,0.4401,180.825,0
13.2227,22.352,0.07712215185165405,1.252,0.4447,180.761,0
13.2239,22.385,0.07570240646600723,1.279,0.4492,180.734,0
13.2252,22.418,0.07446750998497009,1.307,0.4538,180.692,0
13.2264,22.451,0.0739750936627388,1.333,0.4584,180.681,0
13.2277,22.484,0.07418151944875717,1.357,0.463,180.656,0
13.2289,22.516,0.07474867254495621,1.38,0.4676,180.584,0
13.2302,22.549,0.07625284790992737,1.4,0.4721,180.531,0
13.2314,22.588,0.07792934030294418,1.426,0.4775,180.538,0
13.2327,22.626,0.07984529435634613,1.453,0.4828,180.468,0
13.2339,22.665,0.08172684162855148,1.482,0.4882,180.418,0
13.2352,22.703,0.08236654102802277,1.52,0.4935,180.396,0
13.2364,22.742,0.08326192945241928,1.559,0.4988,180.314,0
13.2377,22.78,0.0837058499455452,1.601,0.5042,180.288,0
13.239,22.819,0.0834164246916771,1.65,0.5095,180.211,0
13.2403,22.857,0.0833684429526329,1.698,0.5149,180.2,0
13.2415,22.896,0.08397410064935684,1.743,0.5202,180.162,0
13.2429,22.934,0.08458513766527176,1.788,0.5255,180.078,0
13.2442,22.978,0.08539708703756332,1.84,0.5316,180.047,0
13.2454,23.016,0.08642511814832687,1.884,0.537,179.992,0
13.2467,23.06,0.0874209776520729,1.936,0.5431,179.976,0
13.248,23.099,0.08942234516143799,1.974,0.5484,179.935,0
13.2493,23.148,0.09021129459142685,2.033,0.5553,179.853,0
13.2505,23.187,0.09147218614816666,2.074,0.5606,179.856,0
13.2519,23.236,0.09314653277397156,2.126,0.5675,179.782,0
13.2531,23.275,0.09268227964639664,2.176,0.5728,179.675,0
13.2544,23.318,0.09317872673273087,2.225,0.5789,179.661,0
13.2557,23.362,0.09261360764503479,2.279,0.5851,179.611,0
13.257,23.406,0.09272070974111557,2.327,0.5912,179.552,0
13.2582,23.445,0.09334131330251694,2.364,0.5965,179.505,0
13.2595,23.494,0.09500230848789215,2.405,0.6034,179.455,0
13.2608,23.538,0.09647466242313385,2.438,0.6095,179.413,0
13.262,23.588,0.09841613471508026,2.471,0.6163,179.329,0
13.2632,23.632,0.09947367757558823,2.502,0.6224,179.294,0
13.2646,23.676,0.10155743360519409,2.523,0.6285,179.237,0
13.2659,23.73,0.1024918332695961,2.557,0.6362,179.161,0
13.2672,23.78,0.10359455645084381,2.582,0.643,179.111,0
13.2684,23.829,0.10455731302499771,2.604,0.6499,179.048,0
13.2697,23.879,0.10514656454324722,2.625,0.6568,179.025,0
13.2709,23.923,0.10529104620218277,2.643,0.6629,178.97,0
13.2722,23.972,0.10564915090799332,2.659,0.6697,178.868,0
13.2735,24.022,0.10638371109962463,2.67,0.6766,178.842,0
13.2747,24.071,0.10754372179508209,2.675,0.6835,178.768,0
13.276,24.12,0.1087355762720108,2.677,0.6903,178.694,0
13.2772,24.175,0.11049564182758331,2.673,0.698,178.638,0
13.2788,24.236,0.11016666144132614,2.68,0.7064,178.566,0
13.2801,24.285,0.11037785559892654,2.68,0.7132,178.548,0
13.2814,24.335,0.10998410731554031,2.682,0.7201,178.439,0
13.2827,24.39,0.10935016721487045,2.683,0.7277,178.387,0
13.284,24.439,0.10892777144908905,2.682,0.7346,178.368,0
13.2854,24.489,0.10896597802639008,2.678,0.7415,178.264,0
13.2867,24.543,0.10997477918863297,2.667,0.7491,178.22,0
13.2879,24.593,0.10957027971744537,2.664,0.756,178.18,0
13.2894,24.642,0.10978881269693375,2.658,0.7628,178.105,0
13.2909,24.708,0.11058729887008667,2.648,0.772,178.03,0
13.2922,24.763,0.1101905032992363,2.647,0.7796,178.006,0
13.2934,24.813,0.11000720411539078,2.646,0.7865,177.915,0
13.2947,24.862,0.10905274748802185,2.652,0.7933,177.888,0
13.296,24.911,0.10911863297224045,2.653,0.8002,177.841,0
13.2973,24.955,0.10832344740629196,2.661,0.8063,177.772,0
13.2988,25.021,0.10766135156154633,2.674,0.8155,177.696,0
13.3001,25.065,0.10751014202833176,2.683,0.8216,177.669,0
13.3014,25.115,0.10702703893184662,2.698,0.8284,177.629,0
13.3027,25.164,0.10684021562337875,2.714,0.8353,177.52,0
13.304,25.214,0.10613393783569336,2.736,0.8422,177.532,0
13.3053,25.263,0.10577131807804108,2.76,0.849,177.472,0
13.3066,25.312,0.10562379658222198,2.786,0.8559,177.397,0
13.3079,25.362,0.10512146353721619,2.817,0.8628,177.365,0
13.3092,25.411,0.10397858172655106,2.855,0.8696,177.289,0
13.3105,25.455,0.10340511798858643,2.89,0.8757,177.309,0
13.3117,25.505,0.10366233438253403,2.926,0.8826,177.225,0
13.313,25.554,0.10423029959201813,2.964,0.8895,177.173,0
13.3143,25.598,0.1049301028251648,2.999,0.8956,177.137,0
13.3156,25.648,0.10528528690338135,3.044,0.9024,177.093,0
13.3169,25.703,0.10603368282318115,3.096,0.9101,177.042,0
13.3182,25.752,0.10581907629966736,3.15,0.9169,176.995,0
13.3195,25.796,0.10517437756061554,3.203,0.923,176.934,0
13.3209,25.851,0.10475504398345947,3.269,0.9307,176.886,0
13.3223,25.9,0.10491419583559036,3.328,0.9375,176.883,0
13.3236,25.95,0.1048174723982811,3.389,0.9444,176.773,0
13.3249,25.999,0.10373031347990036,3.457,0.9513,176.739,0
13.3262,26.043,0.1034097969532013,3.515,0.9574,176.726,0
13.3275,26.098,0.10429862141609192,3.58,0.965,176.668,0
13.329,26.153,0.10489828884601593,3.646,0.9726,176.662,0
13.3302,26.202,0.10699011385440826,3.697,0.9795,176.59,0
13.3316,26.252,0.10737171769142151,3.756,0.9864,176.517,0
13.3329,26.312,0.10944506525993347,3.817,0.9948,176.528,0
13.3342,26.362,0.11076512932777405,3.868,0.0016,176.495,0
13.3354,26.417,0.11238794028759003,3.92,0.0092,176.45,0
13.3368,26.472,0.11461640894412994,3.966,0.0169,176.416,0
13.338,26.526,0.11663012951612473,4.008,0.0245,176.354,0
13.3393,26.587,0.11897411197423935,4.049,0.0329,176.309,0
13.3406,26.642,0.12168329954147339,4.078,0.0405,176.258,0
13.3419,26.702,0.1239081472158432,4.107,0.0489,176.243,0
13.3432,26.768,0.12571623921394348,4.134,0.0581,176.18,0
13.3444,26.823,0.12565332651138306,4.159,0.0657,176.13,0
13.3457,26.878,0.12494636327028275,4.181,0.0733,176.105,0
13.347,26.933,0.12273680418729782,4.204,0.081,176.04,0
13.3483,26.988,0.1204870417714119,4.22,0.0886,176.001,0
13.3496,27.043,0.11988842487335205,4.219,0.0962,175.944,0
13.3509,27.092,0.1191747710108757,4.211,0.1031,175.922,0
13.3522,27.153,0.11877241730690002,4.19,0.1115,175.868,0
13.3534,27.202,0.11887232214212418,4.164,0.1183,175.818,0
13.3547,27.257,0.11929383873939514,4.124,0.126,175.798,0
13.356,27.312,0.11860113590955734,4.083,0.1336,175.718,0
13.3573,27.367,0.11770922690629959,4.035,0.1412,175.701,0
13.3586,27.422,0.11714683473110199,3.978,0.1489,175.662,0
13.3599,27.471,0.11606717854738235,3.923,0.1557,175.607,0
13.3612,27.526,0.11530854552984238,3.852,0.1634,175.603,0
13.3624,27.576,0.1141880676150322,3.785,0.1702,175.537,0
13.3638,27.631,0.11408492177724838,3.698,0.1779,175.484,0
13.3651,27.68,0.11291225254535675,3.62,0.1847,175.463,0
13.3664,27.735,0.11262203007936478,3.523,0.1924,175.44,0
13.3677,27.79,0.1126120388507843,3.418,0.2,175.362,0
13.3691,27.839,0.11147165298461914,3.327,0.2068,175.317,0
13.3703,27.889,0.10994042456150055,3.235,0.2137,175.286,0
13.3716,27.938,0.108635812997818,3.138,0.2206,175.239,0
13.3729,27.982,0.1078442931175232,3.049,0.2267,175.23,0
13.3742,28.032,0.1058158278465271,2.953,0.2336,175.151,0
13.3755,28.081,0.10396143794059753,2.854,0.2404,175.137,0
13.3769,28.125,0.10305570065975189,2.762,0.2465,175.098,0
13.3782,28.174,0.10187745094299316,2.658,0.2534,175.04,0
13.3795,28.224,0.1024627760052681,2.544,0.2603,175.027,0
13.3808,28.273,0.10233104228973389,2.435,0.2671,174.942,0
13.3821,28.323,0.1023232713341713,2.326,0.274,174.944,0
13.3836,28.367,0.10143285244703293,2.237,0.2801,174.922,0
13.3851,28.422,0.10053518414497375,2.125,0.2877,174.823,0
13.3864,28.471,0.098319873213768,2.037,0.2946,174.809,0
13.3878,28.515,0.09730572253465652,1.955,0.3007,174.746,0
13.3892,28.559,0.09599480777978897,1.878,0.3068,174.707,0
13.3905,28.608,0.09456263482570648,1.794,0.3137,174.688,0
13.3917,28.647,0.09453539550304413,1.726,0.319,174.649,0
13.3931,28.691,0.09451843053102493,1.651,0.3251,174.591,0
13.3943,28.735,0.09342793375253677,1.586,0.3312,174.547,0
13.3956,28.779,0.09306823462247849,1.522,0.3373,174.545,0
13.397,28.823,0.09192001819610596,1.466,0.3434,174.504,0
13.3984,28.867,0.09114125370979309,1.413,0.3495,174.45,0
13.3997,28.905,0.08949042111635208,1.376,0.3549,174.384,0
13.401,28.943,0.08817858248949051,1.341,0.3602,174.352,0
13.4023,28.982,0.08554163575172424,1.318,0.3655,174.307,0
13.4036,29.02,0.08355821669101715,1.295,0.3709,174.268,0
13.4049,29.053,0.08109334856271744,1.283,0.3755,174.213,0
13.4064,29.092,0.07961102575063705,1.264,0.3808,174.224,0
13.4077,29.13,0.07866929471492767,1.246,0.3861,174.151,0
13.4091,29.174,0.07842014729976654,1.225,0.3922,174.128,0
13.4104,29.207,0.07824072986841202,1.213,0.3968,174.077,0
13.4117,29.246,0.07880709320306778,1.198,0.4022,174.051,0
13.413,29.284,0.07919488847255707,1.188,0.4075,174.0,0
13.4142,29.317,0.0794052854180336,1.183,0.4121,173.966,0
13.4154,29.35,0.07945798337459564,1.182,0.4167,173.917,0
13.4167,29.388,0.07965404540300369,1.184,0.422,173.913,0
13.418,29.421,0.07939908653497696,1.191,0.4266,173.843,0
13.4194,29.46,0.07874622941017151,1.205,0.4319,173.817,0
13.4209,29.504,0.0781504213809967,1.224,0.438,173.793,0
13.4223,29.542,0.0773104876279831,1.247,0.4434,173.736,0
13.4238,29.581,0.0764835923910141,1.272,0.4487,173.691,0
13.4251,29.619,0.07559071481227875,1.301,0.454,173.643,0
13.4264,29.652,0.07484524697065353,1.329,0.4586,173.593,0
13.4277,29.685,0.07467874139547348,1.355,0.4632,173.573,0
13.4292,29.724,0.07477148622274399,1.386,0.4685,173.489,0
13.4305,29.762,0.07534065842628479,1.417,0.4739,173.499,0
13.4318,29.8,0.07617562264204025,1.449,0.4792,173.452,0
13.433,29.833,0.07731091976165771,1.475,0.4838,173.395,0
13.4343,29.872,0.07803606986999512,1.511,0.4891,173.364,0
13.4356,29.905,0.07868955284357071,1.544,0.4937,173.332,0
13.4368,29.943,0.0792120173573494,1.585,0.4991,173.3,0
13.4381,29.976,0.07973221689462662,1.62,0.5036,173.228,0
13.4394,30.015,0.08071766048669815,1.661,0.509,173.19,0
13.4408,30.059,0.08154872059822083,1.711,0.5151,173.135,0
13.442,30.097,0.08196596056222916,1.757,0.5204,173.126,0
13.4433,30.135,0.0832938402891159,1.798,0.5258,173.043,0
13.4446,30.179,0.08368805795907974,1.853,0.5319,172.993,0
13.4459,30.218,0.08538785576820374,1.893,0.5372,172.962,0
13.4472,30.262,0.08696536719799042,1.941,0.5433,172.907,0
13.4485,30.306,0.08893170952796936,1.986,0.5494,172.851,0
13.4498,30.35,0.0904521569609642,2.033,0.5555,172.794,0
13.4511,30.394,0.09179668873548508,2.081,0.5616,172.75,0
13.4524,30.438,0.09271662682294846,2.13,0.5677,172.679,0
13.4537,30.482,0.09297605603933334,2.182,0.5738,172.632,0
13.455,30.526,0.0929984450340271,2.234,0.5799,172.615,0
13.4563,30.564,0.09280353039503098,2.28,0.5853,172.537,0
13.4576,30.613,0.09255658835172653,2.336,0.5921,172.53,0
13.4589,30.652,0.09320314973592758,2.373,0.5975,172.447,0
13.4602,30.701,0.09482643008232117,2.413,0.6043,172.354,0
13.4614,30.745,0.09619801491498947,2.446,0.6104,172.335,0
13.4627,30.795,0.09854817390441895,2.476,0.6173,172.272,0
13.4641,30.839,0.09932278096675873,2.508,0.6234,172.211,0
13.4654,30.894,0.10044925659894943,2.543,0.631,172.139,0
13.4667,30.943,0.10124346613883972,2.573,0.6379,172.093,0
13.468,30.987,0.10151475667953491,2.598,0.644,172.025,0
13.4693,31.036,0.10139831900596619,2.627,0.6509,171.967,0
13.4706,31.08,0.10198414325714111,2.645,0.657,171.946,0
13.4718,31.13,0.10176843404769897,2.667,0.6638,171.886,0
13.4731,31.179,0.10210756212472916,2.683,0.6707,171.852,0
13.4744,31.229,0.10409975051879883,2.685,0.6776,171.781,0
13.4757,31.278,0.10588574409484863,2.686,0.6844,171.68,0
13.477,31.328,0.10711175948381424,2.688,0.6913,171.649,0
13.4782,31.377,0.10750008374452591,2.692,0.6982,171.584,0
13.4795,31.426,0.10789431631565094,2.693,0.705,171.518,0
13.4808,31.476,0.1078798770904541,2.695,0.7119,171.441,0
13.4821,31.525,0.10773515701293945,2.695,0.7188,171.397,0
13.4834,31.575,0.1065090149641037,2.701,0.7256,171.37,0
13.4847,31.63,0.10707525163888931,2.694,0.7333,171.274,0
13.486,31.679,0.10697974264621735,2.691,0.7401,171.21,0
13.4873,31.723,0.1071564182639122,2.686,0.7462,171.167,0
13.4888,31.772,0.1080261617898941,2.675,0.7531,171.132,0
13.49,31.838,0.10841315239667892,2.667,0.7623,171.024,0
13.4913,31.882,0.10848120599985123,2.662,0.7684,170.988,0
13.4926,31.932,0.10802270472049713,2.661,0.7752,170.962,0
13.494,31.981,0.10685095191001892,2.666,0.7821,170.869,0
13.4952,32.031,0.1054278314113617,2.673,0.789,170.844,0
13.4966,32.08,0.10386550426483154,2.683,0.7958,170.769,0
13.4984,32.124,0.10236403346061707,2.694,0.8019,170.761,0
13.4998,32.19,0.10238143801689148,2.701,0.8111,170.65,0
13.501,32.245,0.1032368466258049,2.704,0.8187,170.625,0
13.5023,32.289,0.10385167598724365,2.71,0.8248,170.553,0
13.5035,32.338,0.10403825342655182,2.722,0.8317,170.492,0
13.5048,32.382,0.10415896773338318,2.736,0.8378,170.467,0
13.5063,32.432,0.10342390090227127,2.76,0.8447,170.402,0
13.5077,32.487,0.10241018235683441,2.791,0.8523,170.354,0
13.509,32.531,0.09993649274110794,2.83,0.8584,170.296,0
13.5103,32.574,0.09832177311182022,2.865,0.8645,170.254,0
13.5116,32.618,0.0966416746377945,2.904,0.8706,170.233,0
13.5129,32.662,0.0959601104259491,2.94,0.8767,170.174,0
13.5143,32.706,0.09616676717996597,2.972,0.8828,170.125,0
13.5157,32.761,0.09716811776161194,3.013,0.8904,170.066,0
13.5171,32.805,0.09806002676486969,3.047,0.8965,169.971,0
13.5185,32.86,0.09928248077630997,3.093,0.9042,169.955,0
13.5198,32.915,0.10047348588705063,3.142,0.9118,169.955,0
13.5211,32.959,0.10029852390289307,3.191,0.9179,169.869,0
13.5224,33.003,0.09994052350521088,3.242,0.924,169.808,0
13.5237,33.052,0.09944162517786026,3.303,0.9309,169.814,0
13.5249,33.096,0.098797507584095,3.359,0.937,169.761,0
13.5262,33.135,0.09809109568595886,3.411,0.9423,169.734,0
13.5275,33.184,0.09789899736642838,3.474,0.9492,169.648,0
13.5289,33.228,0.09781330078840256,3.53,0.9553,169.641,0
13.5303,33.278,0.0984165146946907,3.589,0.9622,169.605,0
13.5316,33.327,0.0991731509566307,3.648,0.969,169.541,0
13.5329,33.376,0.1001361832022667,3.705,0.9759,169.513,0
13.5342,33.426,0.10032963752746582,3.766,0.9828,169.472,0
13.5355,33.47,0.09988042712211609,3.823,0.9889,169.448,0
13.5368,33.514,0.0990941971540451,3.881,0.995,169.435,0
13.5381,33.563,0.09943107515573502,3.938,0.0018,169.357,0
13.5395,33.618,0.10113731026649475,3.989,0.0095,169.324,0
13.5408,33.668,0.10299786925315857,4.031,0.0163,169.299,0
13.5421,33.717,0.10609443485736847,4.062,0.0232,169.255,0
13.5434,33.772,0.108957439661026,4.096,0.0308,169.212,0
13.5447,33.827,0.11186397075653076,4.125,0.0385,169.192,0
13.546,33.887,0.11535536497831345,4.148,0.0468,169.121,0
13.5474,33.942,0.11782550811767578,4.168,0.0545,169.109,0
13.5487,34.008,0.11881247162818909,4.194,0.0636,168.999,0
13.55,34.063,0.11918127536773682,4.211,0.0713,168.996,0
13.5513,34.113,0.11753782629966736,4.233,0.0781,168.92,0
13.5525,34.162,0.11579296737909317,4.248,0.085,168.923,0
13.5538,34.217,0.11496589332818985,4.252,0.0926,168.884,0
13.5552,34.266,0.11427594721317291,4.248,0.0995,168.801,0
13.5565,34.327,0.11430568248033524,4.228,0.1079,168.79,0
13.5579,34.382,0.11405432224273682,4.204,0.1155,168.748,0
13.5591,34.431,0.11420883983373642,4.173,0.1224,168.702,0
13.5604,34.481,0.1135956421494484,4.14,0.1292,168.658,0
13.5617,34.536,0.11199808120727539,4.101,0.1369,168.592,0
13.563,34.585,0.11013733595609665,4.061,0.1437,168.592,0
13.5643,34.629,0.10885795205831528,4.019,0.1498,168.537,0
13.5656,34.678,0.107285276055336,3.966,0.1567,168.477,0
13.567,34.728,0.10625992715358734,3.904,0.1636,168.442,0
13.5683,34.783,0.10545238852500916,3.827,0.1712,168.418,0
13.5696,34.832,0.10636425018310547,3.741,0.1781,168.359,0
13.5709,34.882,0.10619120299816132,3.658,0.1849,168.364,0
13.5723,34.931,0.10645675659179688,3.567,0.1918,168.293,0
13.5735,34.986,0.10636180639266968,3.463,0.1994,168.3,0
13.5749,35.03,0.10532468557357788,3.383,0.2055,168.227,0
13.5762,35.079,0.10375166684389114,3.291,0.2124,168.186,0
13.5775,35.123,0.10107144713401794,3.216,0.2185,168.192,0
13.5789,35.167,0.0987328439950943,3.136,0.2246,168.107,0
13.5803,35.211,0.09703996777534485,3.05,0.2307,168.084,0
13.5818,35.261,0.09537357836961746,2.951,0.2376,168.023,0
13.583,35.305,0.09442146122455597,2.859,0.2437,168.039,0
13.5843,35.349,0.09427008777856827,2.762,0.2498,167.972,0
13.5856,35.392,0.09377682209014893,2.666,0.2559,167.924,0
13.5869,35.436,0.0943986028432846,2.565,0.262,167.904,0
13.5882,35.48,0.09472400695085526,2.465,0.2681,167.894,0
13.5898,35.53,0.09475845843553543,2.356,0.275,167.835,0
13.591,35.574,0.0932721495628357,2.27,0.2811,167.808,0
13.5923,35.612,0.09161806851625443,2.199,0.2864,167.73,0
13.5936,35.651,0.08816621452569962,2.139,0.2917,167.735,0
13.595,35.689,0.08623440563678741,2.073,0.2971,167.687,0
13.5963,35.728,0.08352204412221909,2.013,0.3024,167.658,0
13.5976,35.766,0.08155882358551025,1.951,0.3078,167.607,0
13.5991,35.799,0.08010613173246384,1.898,0.3123,167.57,0
13.6004,35.843,0.07897084206342697,1.826,0.3185,167.52,0
13.6018,35.881,0.07910068333148956,1.759,0.3238,167.484,0
13.6032,35.92,0.07912933826446533,1.696,0.3291,167.441,0
13.6045,35.958,0.07875078171491623,1.638,0.3345,167.416,0
13.6059,35.997,0.07874681800603867,1.581,0.3398,167.441,0
13.6071,36.03,0.07920049130916595,1.533,0.3444,167.376,0
13.6085,36.068,0.0783514454960823,1.488,0.3497,167.328,0
13.61,36.107,0.07746100425720215,1.447,0.3551,167.28,0
13.6113,36.145,0.07577288895845413,1.414,0.3604,167.277,0
13.6126,36.172,0.0731397345662117,1.402,0.3642,167.256,0
13.614,36.205,0.07141873985528946,1.381,0.3688,167.201,0
13.6152,36.238,0.06836099177598953,1.37,0.3734,167.152,0
13.6166,36.266,0.06717556715011597,1.356,0.3772,167.128,0
13.6179,36.293,0.0660528913140297,1.343,0.381,167.103,0
13.6192,36.326,0.06490504741668701,1.33,0.3856,167.065,0
13.6205,36.354,0.0651816800236702,1.313,0.3894,167.068,0
13.6219,36.387,0.06510645151138306,1.299,0.394,166.977,0
13.6233,36.42,0.06613834947347641,1.281,0.3986,166.964,0
13.6247,36.458,0.06742668896913528,1.263,0.4039,166.952,0
13.6263,36.491,0.06813317537307739,1.253,0.4085,166.942,0
13.6276,36.53,0.0692911148071289,1.243,0.4138,166.864,0
13.6289,36.562,0.06961537152528763,1.242,0.4184,166.812,0
13.6302,36.595,0.07019641995429993,1.242,0.423,166.805,0
13.6315,36.628,0.0705982893705368,1.245,0.4276,166.732,0
13.6327,36.661,0.07041232287883759,1.255,0.4321,166.722,0
13.6339,36.694,0.06967082619667053,1.271,0.4367,166.724,0
13.6352,36.722,0.06874067336320877,1.288,0.4405,166.696,0
13.6365,36.755,0.06845828890800476,1.306,0.4451,166.653,0
13.6378,36.782,0.06720602512359619,1.328,0.4489,166.615,0
13.6391,36.815,0.06709938496351242,1.349,0.4535,166.566,0
13.6404,36.843,0.06723498553037643,1.367,0.4573,166.523,0
13.6417,36.876,0.06667015701532364,1.395,0.4619,166.485,0
13.643,36.909,0.0676601231098175,1.416,0.4665,166.465,0
13.6443,36.942,0.06914287060499191,1.435,0.471,166.455,0
13.6455,36.974,0.07049534469842911,1.457,0.4756,166.389,0
13.647,37.013,0.07149547338485718,1.489,0.481,166.384,0
13.6483,37.051,0.07245397567749023,1.523,0.4863,166.326,0
13.6499,37.09,0.07274334877729416,1.563,0.4916,166.298,0
13.6512,37.123,0.0730089619755745,1.598,0.4962,166.25,0
13.6525,37.161,0.07335391640663147,1.641,0.5016,166.198,0
13.6538,37.194,0.0729333832859993,1.683,0.5061,166.179,0
13.655,37.227,0.07277630269527435,1.724,0.5107,166.147,0
13.6562,37.26,0.07391048222780228,1.758,0.5153,166.116,0
13.6574,37.293,0.07405348122119904,1.799,0.5199,166.029,0
13.6587,37.326,0.0752125233411789,1.834,0.5244,166.027,0
13.6601,37.365,0.07663173228502274,1.876,0.5298,165.997,0
13.6614,37.403,0.07815512269735336,1.916,0.5351,165.885,0
13.6627,37.447,0.07954250276088715,1.965,0.5412,165.864,0
13.664,37.485,0.0812159925699234,2.006,0.5466,165.817,0
13.6652,37.524,0.08346550166606903,2.042,0.5519,165.768,0
13.6665,37.568,0.08516102284193039,2.088,0.558,165.731,0
13.6677,37.606,0.08700381964445114,2.126,0.5634,165.676,0
13.6691,37.65,0.08779924362897873,2.175,0.5695,165.652,0
13.6704,37.689,0.08835114538669586,2.218,0.5748,165.613,0
13.6717,37.733,0.08777867257595062,2.274,0.5809,165.548,0
13.673,37.771,0.08735015988349915,2.32,0.5862,165.479,0
13.6744,37.809,0.08710088580846786,2.364,0.5916,165.435,0
13.6757,37.859,0.08758153766393661,2.414,0.5984,165.393,0
13.677,37.897,0.08873984217643738,2.445,0.6038,165.381,0
13.6782,37.941,0.090321384370327,2.478,0.6099,165.261,0
13.6795,37.985,0.09156697988510132,2.51,0.616,165.234,0
13.681,38.035,0.09396011382341385,2.537,0.6229,165.174,0
13.6823,38.084,0.09537821263074875,2.567,0.6297,165.115,0
13.6836,38.134,0.09649857133626938,2.595,0.6366,165.052,0
13.685,38.177,0.09753517806529999,2.617,0.6427,165.013,0
13.6863,38.227,0.09778861701488495,2.643,0.6496,164.95,0
13.6876,38.271,0.09791717678308487,2.665,0.6557,164.857,0
13.6888,38.315,0.0973413810133934,2.687,0.6618,164.84,0
13.6901,38.359,0.09710656106472015,2.706,0.6679,164.777,0
13.6915,38.408,0.09764941036701202,2.718,0.6747,164.752,0
13.6928,38.458,0.0984807014465332,2.726,0.6816,164.697,0
13.6941,38.507,0.10047116130590439,2.724,0.6885,164.615,0
13.6953,38.551,0.10087087750434875,2.728,0.6946,164.586,0
13.6966,38.595,0.10123179852962494,2.731,0.7007,164.508,0
13.6979,38.639,0.10023336857557297,2.74,0.7068,164.449,0
13.6992,38.688,0.09981099516153336,2.743,0.7137,164.414,0
13.7004,38.732,0.09897003322839737,2.748,0.7198,164.361,0
13.7017,38.776,0.09844126552343369,2.749,0.7259,164.291,0
13.703,38.82,0.09763334691524506,2.752,0.732,164.258,0
13.7042,38.864,0.0973544791340828,2.75,0.7381,164.199,0
13.7055,38.908,0.09765541553497314,2.744,0.7442,164.1,0
13.7068,38.952,0.0977991372346878,2.739,0.7503,164.057,0
13.7081,39.001,0.09797201305627823,2.733,0.7571,164.025,0
13.7094,39.045,0.09950556606054306,2.719,0.7632,163.956,0
13.7107,39.095,0.0993267074227333,2.716,0.7701,163.92,0
13.712,39.139,0.09873438626527786,2.717,0.7762,163.873,0
13.7133,39.183,0.09746049344539642,2.722,0.7823,163.806,0
13.7145,39.227,0.09652672708034515,2.727,0.7884,163.789,0
13.7159,39.265,0.09421438723802567,2.741,0.7938,163.712,0
13.7172,39.309,0.0917728915810585,2.757,0.7999,163.675,0
13.7184,39.348,0.09122440218925476,2.763,0.8052,163.663,0
13.7197,39.386,0.09000793099403381,2.774,0.8105,163.605,0
13.721,39.43,0.08964972198009491,2.783,0.8167,163.553,0
13.7223,39.468,0.08984450250864029,2.789,0.822,163.509,0
13.7235,39.512,0.09075108915567398,2.795,0.8281,163.47,0
13.7248,39.556,0.09039127081632614,2.81,0.8342,163.401,0
13.726,39.595,0.09080056101083755,2.821,0.8395,163.35,0
13.7274,39.639,0.09092067182064056,2.838,0.8456,163.341,0
13.7286,39.677,0.0899733155965805,2.861,0.851,163.29,0
13.7301,39.721,0.08766821771860123,2.898,0.8571,163.246,0
13.7315,39.76,0.08611322939395905,2.929,0.8624,163.233,0
13.7329,39.803,0.08445665240287781,2.967,0.8685,163.14,0
13.7342,39.842,0.08305826783180237,3.002,0.8739,163.141,0
13.7356,39.875,0.08334670960903168,3.025,0.8784,163.048,0
13.7369,39.919,0.083431176841259,3.059,0.8846,163.017,0
13.7381,39.957,0.08433495461940765,3.086,0.8899,162.983,0
13.7394,40.001,0.0856838971376419,3.118,0.896,162.927,0
13.7408,40.045,0.08665744960308075,3.154,0.9021,162.926,0
13.7421,40.089,0.08724608272314072,3.194,0.9082,162.877,0
13.7434,40.122,0.08676506578922272,3.232,0.9128,162.823,0
13.7446,40.166,0.08641675859689713,3.282,0.9189,162.79,0
13.746,40.204,0.08621488511562347,3.326,0.9242,162.737,0
13.7473,40.243,0.0849904790520668,3.378,0.9296,162.696,0
13.7486,40.281,0.08487795293331146,3.425,0.9349,162.672,0
13.7501,40.331,0.0838179662823677,3.491,0.9418,162.66,0
13.7514,40.364,0.08335541188716888,3.535,0.9464,162.629,0
13.7527,40.408,0.08412294089794159,3.586,0.9525,162.573,0
13.7541,40.446,0.08535102009773254,3.627,0.9578,162.514,0
13.7554,40.49,0.08651361614465714,3.676,0.9639,162.494,0
13.7568,40.534,0.08831113576889038,3.722,0.97,162.464,0
13.758,40.583,0.09026046842336655,3.773,0.9769,162.433,0
13.7592,40.622,0.09078432619571686,3.818,0.9822,162.425,0
13.7606,40.66,0.09010704606771469,3.87,0.9875,162.399,0
13.7619,40.704,0.08911130577325821,3.93,0.9937,162.355,0
13.7632,40.743,0.08794675022363663,3.983,0.999,162.33,0
13.7644,40.781,0.08735014498233795,4.031,0.0043,162.295,0
13.7657,40.82,0.08712084591388702,4.075,0.0097,162.249,0
13.7669,40.864,0.08816362917423248,4.116,0.0158,162.194,0
13.7682,40.908,0.08958645910024643,4.152,0.0219,162.161,0
13.7695,40.952,0.09208028763532639,4.179,0.028,162.102,0
13.7708,40.995,0.0953015387058258,4.199,0.0341,162.097,0
13.7721,41.045,0.09807377308607101,4.222,0.041,162.062,0
13.7734,41.1,0.10176073759794235,4.238,0.0486,161.997,0
13.7747,41.149,0.10433017462491989,4.253,0.0555,161.973,0
13.776,41.204,0.105367511510849,4.273,0.0631,161.879,0
13.7773,41.248,0.10504400730133057,4.292,0.0692,161.868,0
13.7786,41.298,0.10401710867881775,4.311,0.076,161.859,0
13.78,41.342,0.10249519348144531,4.327,0.0822,161.846,0
13.7813,41.391,0.10183815658092499,4.332,0.089,161.76,0
13.7826,41.44,0.10176444798707962,4.328,0.0959,161.706,0
13.7839,41.49,0.10238964855670929,4.313,0.1028,161.658,0
13.7852,41.539,0.102683424949646,4.293,0.1096,161.655,0
13.7865,41.589,0.10329845547676086,4.265,0.1165,161.618,0
13.7879,41.638,0.10424605756998062,4.228,0.1234,161.572,0
13.7891,41.688,0.10406971722841263,4.191,0.1302,161.537,0
13.7904,41.726,0.10262748599052429,4.166,0.1356,161.5,0
13.7917,41.776,0.10031107068061829,4.131,0.1424,161.477,0
13.793,41.819,0.09847293049097061,4.092,0.1485,161.463,0
13.7943,41.863,0.09644584357738495,4.051,0.1546,161.407,0
13.7955,41.902,0.09395593404769897,4.014,0.16,161.35,0
13.797,41.94,0.09291265159845352,3.966,0.1653,161.284,0
13.7983,41.99,0.09220286458730698,3.895,0.1722,161.266,0
13.7995,42.028,0.09162083268165588,3.836,0.1775,161.289,0
13.8009,42.072,0.09130977094173431,3.764,0.1836,161.263,0
13.8022,42.116,0.09142376482486725,3.684,0.1897,161.203,0
13.8035,42.16,0.09185948222875595,3.6,0.1958,161.177,0
13.8048,42.204,0.09066358208656311,3.522,0.2019,161.126,0
13.8061,42.237,0.08789300918579102,3.473,0.2065,161.114,0
13.8074,42.275,0.0848502516746521,3.413,0.2119,161.07,0
13.8087,42.308,0.081907719373703,3.362,0.2164,161.072,0
13.8103,42.352,0.07770415395498276,3.294,0.2225,161.006,0
13.8116,42.38,0.07514054328203201,3.25,0.2263,160.988,0
13.8132,42.413,0.07250848412513733,3.193,0.2309,160.998,0
13.8145,42.451,0.07100645452737808,3.118,0.2363,160.943,0
13.8159,42.484,0.06984759867191315,3.051,0.2408,160.933,0
13.8172,42.517,0.06951912492513657,2.98,0.2454,160.851,0
13.8184,42.545,0.06889479607343674,2.922,0.2492,160.83,0
13.82,42.578,0.06854494661092758,2.85,0.2538,160.83,0
13.8213,42.621,0.07028596103191376,2.742,0.2599,160.801,0
13.8226,42.654,0.07038611173629761,2.668,0.2645,160.814,0
13.824,42.687,0.0709352120757103,2.592,0.2691,160.698,0
13.8253,42.726,0.07202128320932388,2.501,0.2744,160.744,0
13.8266,42.753,0.07103542983531952,2.447,0.2782,160.705,0
13.828,42.786,0.06998779624700546,2.383,0.2828,160.657,0
13.8292,42.819,0.068308986723423,2.323,0.2874,160.621,0
13.8306,42.847,0.06599795073270798,2.279,0.2912,160.629,0
13.832,42.874,0.06309159845113754,2.24,0.295,160.634,0
13.8333,42.902,0.060433585196733475,2.2,0.2988,160.575,0
13.8346,42.929,0.058555204421281815,2.157,0.3026,160.55,0
13.836,42.951,0.05677471682429314,2.124,0.3057,160.52,0
13.8373,42.973,0.05484382063150406,2.093,0.3087,160.504,0
13.8387,43.0,0.05404961481690407,2.046,0.3126,160.501,0
13.84,43.022,0.053085554391145706,2.011,0.3156,160.404,0
13.8413,43.05,0.0529305525124073,1.964,0.3194,160.453,0
13.8426,43.072,0.05330972000956535,1.924,0.3225,160.415,0
13.844,43.099,0.053579673171043396,1.877,0.3263,160.41,0
13.8454,43.127,0.05429386347532272,1.829,0.3301,160.393,0
13.8468,43.16,0.05545002222061157,1.772,0.3347,160.351,0
13.8482,43.187,0.05712816119194031,1.722,0.3385,160.308,0
13.8495,43.22,0.05762095004320145,1.673,0.3431,160.276,0
13.8507,43.242,0.05780085548758507,1.642,0.3461,160.259,0
13.852,43.27,0.05774607136845589,1.607,0.3499,160.234,0
13.8533,43.297,0.05713771656155586,1.577,0.3538,160.21,0
13.8545,43.319,0.05591537803411484,1.558,0.3568,160.198,0
13.8558,43.341,0.05488593131303787,1.54,0.3599,160.165,0
13.8571,43.363,0.052734971046447754,1.529,0.3629,160.155,0
13.8584,43.385,0.050509318709373474,1.519,0.366,160.134,0
13.8596,43.407,0.048857931047677994,1.507,0.369,160.128,0
13.861,43.423,0.046919506043195724,1.502,0.3713,160.096,0
13.8623,43.445,0.04423737898468971,1.495,0.3744,160.076,0
13.8638,43.462,0.04255373030900955,1.489,0.3766,160.07,0
13.8651,43.484,0.04119053855538368,1.478,0.3797,160.057,0
13.8663,43.5,0.04115840047597885,1.467,0.382,160.024,0
13.8676,43.517,0.040707796812057495,1.459,0.3843,159.981,0
13.869,43.539,0.04027237743139267,1.448,0.3873,159.99,0
13.8705,43.561,0.04113146662712097,1.434,0.3904,159.992,0
13.8718,43.583,0.041921380907297134,1.422,0.3934,159.963,0
13.8732,43.605,0.0421980656683445,1.412,0.3965,159.93,0
13.8744,43.621,0.0432422049343586,1.403,0.3988,159.895,0
13.8757,43.643,0.0443803109228611,1.392,0.4018,159.841,0
13.877,43.665,0.04488043859601021,1.385,0.4049,159.878,0
13.8783,43.687,0.045455001294612885,1.379,0.4079,159.837,0
13.8795,43.709,0.0458652637898922,1.375,0.411,159.827,0
13.8809,43.731,0.045788004994392395,1.374,0.414,159.775,0
13.8822,43.753,0.04572169855237007,1.375,0.4171,159.783,0
13.8834,43.775,0.045525867491960526,1.377,0.4201,159.748,0
13.8847,43.792,0.04532017931342125,1.38,0.4224,159.738,0
13.886,43.813,0.04423435032367706,1.389,0.4255,159.728,0
13.8872,43.83,0.043943583965301514,1.393,0.4278,159.745,0
13.8885,43.852,0.04372406750917435,1.4,0.4308,159.658,0
13.8898,43.868,0.04277823865413666,1.409,0.4331,159.657,0
13.8911,43.89,0.04182799905538559,1.421,0.4362,159.609,0
13.8924,43.907,0.042028408497571945,1.427,0.4384,159.623,0
13.8937,43.929,0.041499681770801544,1.439,0.4415,159.624,0
13.895,43.945,0.04075310006737709,1.449,0.4438,159.594,0
13.8963,43.962,0.039968691766262054,1.461,0.4461,159.607,0
13.8976,43.984,0.039705466479063034,1.474,0.4491,159.548,0
13.899,44.0,0.0397358313202858,1.484,0.4514,159.524,0
13.9006,44.022,0.039740052074193954,1.498,0.4545,159.517,0
13.902,44.044,0.04083952680230141,1.51,0.4575,159.489,0
13.9033,44.066,0.042199235409498215,1.521,0.4606,159.479,0
13.9046,44.088,0.04338368773460388,1.533,0.4636,159.405,0
13.906,44.11,0.04504835605621338,1.543,0.4667,159.41,0
13.9073,44.138,0.046260833740234375,1.561,0.4705,159.405,0
13.9086,44.16,0.04753232002258301,1.575,0.4735,159.336,0
13.91,44.187,0.04990966245532036,1.588,0.4774,159.302,0
13.9113,44.214,0.05159589275717735,1.606,0.4812,159.292,0
13.9126,44.236,0.052581701427698135,1.623,0.4842,159.315,0
13.914,44.264,0.0531141571700573,1.649,0.488,159.254,0
13.9153,44.291,0.05311838537454605,1.679,0.4919,159.198,0
13.9168,44.319,0.05256396532058716,1.713,0.4957,159.199,0
13.9181,44.341,0.051129452884197235,1.746,0.4987,159.193,0
13.9194,44.363,0.05001320317387581,1.778,0.5018,159.139,0
13.9207,44.385,0.048837389796972275,1.81,0.5048,159.108,0
13.922,44.407,0.04743153974413872,1.844,0.5079,159.137,0
13.9233,44.423,0.046103544533252716,1.871,0.5102,159.074,0
13.9246,44.445,0.04544743523001671,1.901,0.5132,159.042,0
13.9259,44.467,0.04552389681339264,1.928,0.5163,159.033,0
13.9272,44.489,0.04527094587683678,1.957,0.5193,159.03,0
13.9285,44.511,0.046052172780036926,1.981,0.5224,158.988,0
13.9299,44.533,0.04694860801100731,2.005,0.5254,158.936,0
13.9313,44.561,0.048830050975084305,2.031,0.5292,158.926,0
13.9326,44.588,0.0508289560675621,2.056,0.5331,158.907,0
13.934,44.615,0.05298212915658951,2.08,0.5369,158.91,0
13.9353,44.643,0.05540715530514717,2.103,0.5407,158.854,0
13.9366,44.676,0.05791880935430527,2.131,0.5453,158.827,0
13.938,44.703,0.05981798470020294,2.156,0.5491,158.786,0
13.9392,44.736,0.061917662620544434,2.186,0.5536,158.719,0
13.9407,44.775,0.06377033144235611,2.224,0.559,158.697,0
13.942,44.808,0.06560077518224716,2.255,0.5636,158.654,0
13.9432,44.835,0.0656086653470993,2.289,0.5674,158.598,0
13.9445,44.868,0.06563962996006012,2.329,0.572,158.577,0
13.9458,44.896,0.06531628966331482,2.364,0.5758,158.524,0
13.9472,44.923,0.06453391164541245,2.401,0.5796,158.505,0
13.9485,44.956,0.06314066052436829,2.448,0.5842,158.51,0
13.9501,44.984,0.06270639598369598,2.481,0.588,158.455,0
13.9515,45.022,0.06320227682590485,2.52,0.5933,158.38,0
13.9529,45.055,0.06348735839128494,2.553,0.5979,158.399,0
13.9542,45.082,0.06429484486579895,2.576,0.6017,158.3,0
13.9555,45.115,0.06555849313735962,2.601,0.6063,158.272,0
13.9569,45.148,0.06681866198778152,2.625,0.6109,158.258,0
13.9581,45.187,0.06796026229858398,2.652,0.6162,158.159,0
13.9594,45.214,0.06864047795534134,2.672,0.62,158.169,0
13.9608,45.253,0.07016240060329437,2.694,0.6254,158.142,0
13.962,45.286,0.0706087201833725,2.716,0.6299,158.077,0
13.9633,45.319,0.0706140473484993,2.74,0.6345,158.019,0
13.9646,45.352,0.07063235342502594,2.761,0.6391,157.971,0
13.9659,45.385,0.07027840614318848,2.784,0.6437,157.973,0
13.9672,45.417,0.06971848011016846,2.806,0.6483,157.918,0
13.9685,45.445,0.06806886196136475,2.83,0.6521,157.861,0
13.9697,45.472,0.06753703206777573,2.847,0.6559,157.843,0
13.971,45.505,0.06646014004945755,2.868,0.6605,157.785,0
13.9723,45.533,0.0656723752617836,2.884,0.6643,157.745,0
13.9735,45.56,0.06535240262746811,2.896,0.6681,157.73,0
13.9748,45.588,0.0648905411362648,2.908,0.6719,157.698,0
13.9761,45.621,0.06492733210325241,2.917,0.6765,157.68,0
13.9774,45.648,0.06552869826555252,2.921,0.6803,157.643,0
13.9787,45.681,0.06594184041023254,2.926,0.6849,157.592,0
13.98,45.714,0.06674931943416595,2.927,0.6895,157.557,0
13.9813,45.747,0.06674913316965103,2.932,0.694,157.518,0
13.9825,45.775,0.06661709398031235,2.936,0.6978,157.479,0
13.9838,45.807,0.06554070115089417,2.945,0.7024,157.459,0
13.9851,45.829,0.06447464227676392,2.953,0.7055,157.44,0
13.9863,45.862,0.06381591409444809,2.958,0.7101,157.407,0
13.9876,45.884,0.0626194104552269,2.965,0.7131,157.34,0
13.9889,45.912,0.06130408123135567,2.972,0.7169,157.372,0
13.9901,45.939,0.059922218322753906,2.98,0.7207,157.287,0
13.9914,45.961,0.058070529252290726,2.99,0.7238,157.236,0
13.9926,45.989,0.05691663548350334,2.995,0.7276,157.225,0
13.9939,46.011,0.05595054477453232,2.999,0.7307,157.205,0
13.9952,46.033,0.05519741401076317,3.001,0.7337,157.171,0
13.9965,46.06,0.054973796010017395,3.0,0.7375,157.115,0
13.9978,46.088,0.05503953993320465,2.997,0.7413,157.119,0
13.9991,46.115,0.05589066818356514,2.99,0.7451,157.08,0
14.0005,46.143,0.056651193648576736,2.983,0.749,157.044,0
14.0019,46.17,0.057510774582624435,2.976,0.7528,157.017,0
14.0032,46.203,0.05875110998749733,2.965,0.7574,157.001,0
14.0045,46.23,0.05903979763388634,2.961,0.7612,156.938,0
14.006,46.258,0.05977793037891388,2.954,0.765,156.954,0
14.0073,46.291,0.059504855424165726,2.953,0.7696,156.869,0
14.0085,46.318,0.05954109504818916,2.951,0.7734,156.853,0
14.0099,46.346,0.05835083872079849,2.956,0.7772,156.795,0
14.0112,46.368,0.05706116929650307,2.962,0.7802,156.744,0
14.0124,46.395,0.05580896884202957,2.968,0.7841,156.745,0
14.0137,46.417,0.05474088713526726,2.973,0.7871,156.724,0
14.015,46.439,0.053132228553295135,2.982,0.7902,156.671,0
14.0163,46.461,0.051526498049497604,2.99,0.7932,156.684,0
14.0176,46.483,0.050705112516880035,2.995,0.7963,156.706,0
14.0188,46.505,0.049729228019714355,3.001,0.7993,156.605,0
14.0201,46.527,0.04887167364358902,3.006,0.8024,156.625,0
14.0214,46.549,0.04826827347278595,3.011,0.8054,156.593,0
14.0227,46.571,0.04770001396536827,3.016,0.8085,156.549,0
14.024,46.593,0.04711008444428444,3.021,0.8115,156.545,0
14.0253,46.615,0.047433964908123016,3.023,0.8146,156.507,0
14.0265,46.637,0.04771733283996582,3.026,0.8176,156.456,0
14.0278,46.659,0.04740360006690025,3.031,0.8207,156.447,0
14.0291,46.681,0.04749114066362381,3.036,0.8237,156.439,0
14.0304,46.697,0.04753667116165161,3.04,0.826,156.435,0
14.0317,46.725,0.04723096638917923,3.048,0.8298,156.374,0
14.033,46.747,0.04734407737851143,3.054,0.8329,156.346,0
14.0343,46.769,0.047342974692583084,3.062,0.8359,156.359,0
14.0355,46.785,0.04727589339017868,3.068,0.8382,156.326,0
14.0369,46.807,0.0470426008105278,3.077,0.8413,156.306,0
14.0382,46.829,0.04667568951845169,3.088,0.8443,156.274,0
14.0396,46.851,0.04622489959001541,3.099,0.8474,156.274,0
14.041,46.879,0.04528850317001343,3.116,0.8512,156.192,0
14.0422,46.895,0.04455509036779404,3.127,0.8535,156.178,0
14.0435,46.912,0.043000731617212296,3.142,0.8558,156.182,0
14.0449,46.934,0.04189843684434891,3.158,0.8588,156.162,0
14.0462,46.95,0.04073785990476608,3.17,0.8611,156.174,0
14.0474,46.967,0.0393538624048233,3.184,0.8634,156.129,0
14.0487,46.983,0.038511425256729126,3.195,0.8657,156.125,0
14.05,47.0,0.03813415765762329,3.206,0.868,156.107,0
14.0513,47.016,0.03783316910266876,3.218,0.8703,156.064,0
14.0526,47.032,0.036936625838279724,3.23,0.8726,156.091,0
14.0539,47.049,0.03707528114318848,3.242,0.8748,156.022,0
14.0552,47.071,0.03836189582943916,3.257,0.8779,156.02,0
14.0566,47.087,0.03894808888435364,3.268,0.8802,155.977,0
14.0579,47.109,0.04033759981393814,3.283,0.8832,155.993,0
14.0592,47.131,0.04063033312559128,3.3,0.8863,155.958,0
14.0605,47.148,0.04204127565026283,3.31,0.8886,155.935,0
14.0618,47.175,0.043074656277894974,3.331,0.8924,155.916,0
14.0631,47.192,0.04403774067759514,3.342,0.8947,155.89,0
14.0645,47.214,0.04450364410877228,3.361,0.8977,155.832,0
14.0659,47.241,0.044905152171850204,3.386,0.9016,155.842,0
14.0672,47.258,0.0446108914911747,3.403,0.9038,155.826,0
14.0686,47.28,0.04416634142398834,3.427,0.9069,155.773,0
14.07,47.302,0.04355664178729057,3.452,0.9099,155.769,0
14.0713,47.318,0.04190101474523544,3.475,0.9122,155.796,0
14.0727,47.335,0.04030313342809677,3.497,0.9145,155.793,0
14.0741,47.357,0.03857981413602829,3.524,0.9176,155.712,0
14.0753,47.373,0.037782613188028336,3.543,0.9199,155.728,0
14.0766,47.39,0.03719030320644379,3.562,0.9221,155.744,0
14.0779,47.406,0.03592933714389801,3.58,0.9244,155.68,0
14.0793,47.417,0.034923210740089417,3.592,0.926,155.686,0
14.0806,47.433,0.03485722094774246,3.611,0.9283,155.657,0
14.082,47.455,0.03456559404730797,3.636,0.9313,155.645,0
14.0833,47.466,0.03402972221374512,3.647,0.9328,155.639,0
14.0846,47.483,0.03360164165496826,3.666,0.9351,155.633,0
14.086,47.499,0.033421605825424194,3.685,0.9374,155.602,0
14.0873,47.516,0.03279097005724907,3.702,0.9397,155.563,0
14.0886,47.532,0.033310867846012115,3.724,0.942,155.556,0
14.09,47.549,0.03388756886124611,3.746,0.9443,155.571,0
14.0912,47.565,0.034059155732393265,3.767,0.9466,155.523,0
14.0925,47.582,0.034411076456308365,3.788,0.9489,155.528,0
14.0939,47.598,0.035451605916023254,3.811,0.9511,155.563,0
14.0952,47.62,0.03668263182044029,3.839,0.9542,155.533,0
14.0965,47.637,0.03802770376205444,3.859,0.9565,155.518,0
14.0977,47.653,0.0390356071293354,3.879,0.9588,155.503,0
14.099,47.675,0.04062217101454735,3.904,0.9618,155.483,0
14.1002,47.697,0.04209328070282936,3.928,0.9649,155.428,0
14.1015,47.719,0.0435582771897316,3.952,0.9679,155.438,0
14.1029,47.741,0.04496731236577034,3.975,0.971,155.436,0
14.1042,47.763,0.045716334134340286,4.0,0.974,155.406,0
14.1055,47.785,0.04644276201725006,4.024,0.9771,155.353,0
14.1067,47.807,0.04621534422039986,4.053,0.9801,155.36,0
14.108,47.829,0.04524778574705124,4.084,0.9832,155.372,0
14.1092,47.845,0.04347746819257736,4.111,0.9855,155.319,0
14.1105,47.862,0.04132509604096413,4.137,0.9878,155.313,0
14.1118,47.873,0.03869511932134628,4.155,0.9893,155.33,0
14.1131,47.889,0.03735782206058502,4.175,0.9916,155.296,0
14.1144,47.906,0.036023154854774475,4.193,0.9939,155.247,0
14.1157,47.922,0.03469846770167351,4.21,0.9962,155.273,0
14.117,47.933,0.03396664559841156,4.22,0.9977,155.274,0
14.1183,47.95,0.03352559357881546,4.237,1.0,155.23,0
14.1197,47.966,0.03288063034415245,4.252,0.0023,155.248,0
14.1212,47.983,0.032875485718250275,4.27,0.0045,155.224,0
14.1226,47.999,0.03283257409930229,4.288,0.0068,155.214,0
14.124,48.016,0.03295072168111801,4.306,0.0091,155.179,0
14.1253,48.032,0.033431317657232285,4.326,0.0114,155.144,0
14.1267,48.049,0.03342347964644432,4.344,0.0137,155.166,0
14.1281,48.065,0.03394564241170883,4.363,0.016,155.132,0
14.1294,48.087,0.035253558307886124,4.39,0.019,155.145,0
14.1308,48.104,0.03601427376270294,4.408,0.0213,155.078,0
14.1321,48.126,0.03681245446205139,4.43,0.0244,155.083,0
14.1335,48.142,0.03786895424127579,4.446,0.0267,155.067,0
14.1349,48.164,0.03963842615485191,4.466,0.0297,155.074,0
14.1362,48.186,0.041298989206552505,4.483,0.0328,155.056,0
14.1375,48.208,0.04309410974383354,4.497,0.0358,154.98,0
14.1389,48.23,0.044667694717645645,4.51,0.0389,154.992,0
14.1402,48.257,0.0463850162923336,4.525,0.0427,154.955,0
14.1415,48.285,0.04919219762086868,4.532,0.0465,154.923,0
14.1429,48.312,0.05149662867188454,4.539,0.0503,154.923,0
14.1448,48.34,0.05279755964875221,4.549,0.0541,154.886,0
14.1461,48.378,0.05362805724143982,4.565,0.0595,154.867,0
14.1476,48.4,0.052850622683763504,4.579,0.0625,154.847,0
14.1489,48.428,0.0520872138440609,4.594,0.0663,154.856,0
14.1502,48.45,0.052023790776729584,4.602,0.0694,154.793,0
14.1514,48.472,0.05073815584182739,4.614,0.0724,154.819,0
14.1528,48.494,0.05025327578186989,4.622,0.0755,154.786,0
14.154,48.516,0.0503903329372406,4.625,0.0786,154.74,0
14.1553,48.538,0.04957360774278641,4.632,0.0816,154.735,0
14.1566,48.56,0.04935421049594879,4.634,0.0847,154.687,0
14.1579,48.587,0.049376241862773895,4.635,0.0885,154.712,0
14.1591,48.609,0.05018152669072151,4.63,0.0915,154.681,0
14.1604,48.631,0.05052030086517334,4.626,0.0946,154.621,0
14.1617,48.658,0.05137405917048454,4.617,0.0984,154.639,0
14.1629,48.68,0.0522892139852047,4.607,0.1014,154.608,0
14.1642,48.708,0.05329075828194618,4.594,0.1053,154.582,0
14.1654,48.73,0.05258439481258392,4.589,0.1083,154.595,0
14.1668,48.752,0.05272328853607178,4.579,0.1114,154.515,0
14.168,48.779,0.05227024108171463,4.567,0.1152,154.552,0
14.1693,48.801,0.05062747374176979,4.562,0.1182,154.487,0
14.1706,48.818,0.04893781617283821,4.56,0.1205,154.511,0
14.172,48.84,0.04628176614642143,4.555,0.1236,154.504,0
14.1733,48.856,0.04264873266220093,4.552,0.1259,154.463,0
14.1746,48.867,0.038700077682733536,4.545,0.1274,154.452,0
14.1759,48.878,0.035062018781900406,4.524,0.1289,154.465,0
14.1772,48.889,0.03085191361606121,4.474,0.1304,154.439,0
14.1785,48.9,0.02751479297876358,4.4,0.132,154.452,0
14.1798,48.906,0.024210846051573753,4.286,0.1327,154.424,0
14.1811,48.911,0.022000502794981003,4.174,0.1335,154.389,0
14.1825,48.922,0.01973757892847061,4.016,0.135,154.405,0
14.1839,48.928,0.018019646406173706,3.867,0.1358,154.403,0
14.1852,48.933,0.016714485362172127,3.731,0.1365,154.418,0
14.1865,48.939,0.015248576179146767,3.554,0.1373,154.417,0
14.1877,48.944,0.013545272871851921,3.311,0.1381,154.396,0
14.189,48.944,0.011995925568044186,3.058,0.1381,154.391,0
14.1903,48.95,0.010485753417015076,2.769,0.1388,154.423,0
14.1915,48.95,0.008540225215256214,2.348,0.1388,154.392,0
14.1929,48.95,0.006163316313177347,1.751,0.1388,154.395,0
14.1942,48.95,0.004101968836039305,1.168,0.1388,154.409,0
14.1954,48.95,0.002451250795274973,0.667,0.1388,154.376,0
14.1967,48.95,0.0009858297416940331,0.207,0.1388,154.397,0
14.1982,48.95,-0.00023779275943525136,-0.182,0.1388,154.352,0
14.1995,48.944,-0.001259957323782146,-0.497,0.1381,154.413,0
14.2007,48.944,-0.0018520267913118005,-0.683,0.1381,154.424,0
14.202,48.944,-0.0026997297536581755,-0.947,0.1381,154.403,0
14.2033,48.939,-0.0037721518892794847,-1.263,0.1373,154.391,0
14.2046,48.933,-0.004775034263730049,-1.546,0.1365,154.428,0
14.2059,48.933,-0.005584721453487873,-1.775,0.1365,154.419,0
14.2072,48.928,-0.006396981421858072,-1.985,0.1358,154.427,0
14.2086,48.922,-0.007196079473942518,-2.182,0.135,154.435,0
14.2099,48.917,-0.008306148461997509,-2.442,0.1342,154.438,0
14.2112,48.911,-0.009298073127865791,-2.657,0.1335,154.425,0
14.2125,48.906,-0.010466111823916435,-2.89,0.1327,154.404,0
14.2139,48.9,-0.01196226291358471,-3.158,0.132,154.469,0
14.2151,48.889,-0.013506099581718445,-3.386,0.1304,154.471,0
14.2164,48.884,-0.015333971939980984,-3.626,0.1297,154.45,0
14.2177,48.873,-0.01748720370233059,-3.84,0.1281,154.473,0
14.219,48.856,-0.019976746290922165,-4.013,0.1259,154.478,0
14.2203,48.845,-0.023295197635889053,-4.182,0.1243,154.502,0
14.2216,48.829,-0.027067866176366806,-4.278,0.122,154.487,0
14.223,48.807,-0.030771667137742043,-4.3,0.119,154.528,0
14.2243,48.785,-0.03506484627723694,-4.287,0.1159,154.575,0
14.2255,48.763,-0.03947365656495094,-4.244,0.1129,154.567,0
14.2269,48.735,-0.04359591379761696,-4.171,0.1091,154.586,0
14.2281,48.713,-0.046425435692071915,-4.107,0.106,154.631,0
14.2294,48.686,-0.04988008365035057,-4.022,0.1022,154.612,0
14.2308,48.658,-0.05248917639255524,-3.939,0.0984,154.679,0
14.232,48.631,-0.05461510643362999,-3.857,0.0946,154.701,0
14.2332,48.604,-0.05578964203596115,-3.778,0.0908,154.729,0
14.2345,48.576,-0.05640454217791557,-3.703,0.0869,154.745,0
14.2357,48.554,-0.05629558116197586,-3.646,0.0839,154.744,0
14.237,48.527,-0.055756643414497375,-3.576,0.0801,154.776,0
14.2383,48.499,-0.05553988367319107,-3.506,0.0763,154.817,0
14.2397,48.477,-0.05534191429615021,-3.449,0.0732,154.855,0
14.2409,48.45,-0.05537901446223259,-3.378,0.0694,154.859,0
14.2422,48.422,-0.055941756814718246,-3.304,0.0656,154.883,0
14.2435,48.395,-0.056500717997550964,-3.231,0.0618,154.928,0
14.2449,48.367,-0.0572129525244236,-3.158,0.058,154.91,0
14.2462,48.34,-0.05778861418366432,-3.086,0.0541,154.979,0
14.2476,48.312,-0.05802158638834953,-3.017,0.0503,154.946,0
14.2489,48.285,-0.056940529495477676,-2.957,0.0465,155.011,0
14.2502,48.257,-0.05558101087808609,-2.899,0.0427,154.998,0
14.2516,48.235,-0.05383217707276344,-2.857,0.0396,155.028,0
14.2529,48.214,-0.05178692191839218,-2.817,0.0366,155.059,0
14.2542,48.192,-0.049681562930345535,-2.777,0.0335,155.076,0
14.2557,48.175,-0.046935711055994034,-2.753,0.0312,155.07,0
14.2569,48.153,-0.044006574898958206,-2.716,0.0282,155.084,0
14.2582,48.137,-0.04124150052666664,-2.688,0.0259,155.116,0
14.2595,48.126,-0.03852907195687294,-2.668,0.0244,155.126,0
14.2608,48.109,-0.03644924238324165,-2.633,0.0221,155.151,0
14.2621,48.098,-0.03471355512738228,-2.606,0.0206,155.159,0
14.2634,48.082,-0.03292993828654289,-2.565,0.0183,155.182,0
14.2648,48.071,-0.030646933242678642,-2.525,0.0168,155.144,0
14.2661,48.06,-0.0278990026563406,-2.468,0.0152,155.177,0
14.2673,48.049,-0.026250550523400307,-2.416,0.0137,155.17,0
14.2686,48.038,-0.02510356530547142,-2.368,0.0122,155.177,0
14.2699,48.032,-0.023819033056497574,-2.321,0.0114,155.175,0
14.2712,48.021,-0.022193841636180878,-2.245,0.0099,155.229,0
14.2726,48.016,-0.020698053762316704,-2.169,0.0091,155.224,0
14.2739,48.005,-0.019330820068717003,-2.079,0.0076,155.217,0
14.2751,47.999,-0.018185187131166458,-2.0,0.0068,155.241,0
14.2764,47.994,-0.017214138060808182,-1.923,0.0061,155.229,0
14.2777,47.988,-0.016628742218017578,-1.87,0.0053,155.235,0
14.2789,47.977,-0.0160660557448864,-1.808,0.0038,155.227,0
14.2804,47.972,-0.015371941030025482,-1.739,0.003,155.241,0
14.2817,47.966,-0.01452968642115593,-1.652,0.0023,155.253,0
14.283,47.961,-0.014299457892775536,-1.622,0.0015,155.238,0
14.2843,47.955,-0.013738181442022324,-1.556,0.0007,155.212,0
14.2856,47.95,-0.013435229659080505,-1.516,1.0,155.257,0
14.2869,47.944,-0.013276377692818642,-1.492,0.9992,155.235,0
14.2883,47.939,-0.013075103051960468,-1.463,0.9984,155.258,0
14.2896,47.933,-0.012777292169630527,-1.422,0.9977,155.303,0
14.291,47.922,-0.012438777834177017,-1.369,0.9962,155.288,0
14.2923,47.922,-0.011825710535049438,-1.293,0.9962,155.292,0
14.2937,47.917,-0.011437547393143177,-1.237,0.9954,155.269,0
14.2949,47.911,-0.011203769594430923,-1.2,0.9946,155.313,0
14.2962,47.906,-0.010919672437012196,-1.156,0.9939,155.301,0
14.2974,47.9,-0.010475436225533485,-1.089,0.9931,155.303,0
14.2987,47.895,-0.010003043338656425,-1.015,0.9923,155.313,0
14.2999,47.895,-0.009675604291260242,-0.966,0.9923,155.299,0
14.3011,47.889,-0.009380733594298363,-0.916,0.9916,155.317,0
14.3024,47.884,-0.00879625417292118,-0.819,0.9908,155.327,0
14.3037,47.884,-0.008035845123231411,-0.693,0.9908,155.33,0
14.305,47.878,-0.0073873973451554775,-0.576,0.9901,155.312,0
14.3063,47.878,-0.006521574221551418,-0.419,0.9901,155.36,0
14.3075,47.878,-0.005653365049511194,-0.253,0.9901,155.321,0
14.3089,47.878,-0.004470266401767731,-0.015,0.9901,155.337,0
14.3101,47.878,-0.0035345368087291718,0.181,0.9901,155.286,0
14.3114,47.878,-0.00260248058475554,0.382,0.9901,155.333,0
14.3126,47.878,-0.0017314553260803223,0.574,0.9901,155.367,0
14.3139,47.878,-0.0011416508350521326,0.706,0.9901,155.324,0
14.3151,47.878,-0.0007077604532241821,0.803,0.9901,155.315,0
14.3164,47.878,-0.0002640143793541938,0.903,0.9901,155.322,0
14.3177,47.878,0.0002935911761596799,1.029,0.9901,155.337,0
14.319,47.878,0.0006457599229179323,1.108,0.9901,155.321,0
14.3202,47.878,0.001234891009517014,1.24,0.9901,155.31,0
14.3215,47.878,0.0013894581934437156,1.275,0.9901,155.289,0
14.3228,47.884,0.001510357717052102,1.302,0.9908,155.313,0
14.324,47.884,0.001248786924406886,1.243,0.9908,155.337,0
14.3254,47.884,0.0011171750957146287,1.214,0.9908,155.333,0
14.3267,47.884,0.0012193425791338086,1.237,0.9908,155.308,0
14.328,47.884,0.001212180475704372,1.235,0.9908,155.326,0
14.3293,47.884,0.0013552394229918718,1.267,0.9908,155.35,0
14.3305,47.884,0.0011022998951375484,1.21,0.9908,155.288,0
14.3319,47.884,0.0007508047274313867,1.131,0.9908,155.329,0
14.3332,47.884,0.0004907642723992467,1.073,0.9908,155.287,0
14.3346,47.884,0.0003090788086410612,1.032,0.9908,155.333,0
14.3358,47.884,0.00018995477876160294,1.005,0.9908,155.303,0
14.3371,47.884,0.00011466058640507981,0.988,0.9908,155.333,0
14.3383,47.884,6.832098733866587e-05,0.977,0.9908,155.331,0
14.3397,47.884,4.187619197182357e-05,0.971,0.9908,155.351,0
14.341,47.884,2.2593529138248414e-05,0.967,0.9908,155.312,0
14.3422,47.884,1.371738744637696e-05,0.965,0.9908,155.316,0
14.3435,47.884,6.800114533689339e-06,0.963,0.9908,155.329,0
14.3449,47.884,1.8417144929117057e-06,0.962,0.9908,155.333,0
14.3462,47.884,-1.953602804860566e-06,0.962,0.9908,155.317,0
14.3474,47.884,-4.279764198145131e-06,0.961,0.9908,155.309,0
14.3487,47.884,-6.054990535631077e-06,0.961,0.9908,155.301,0
14.35,47.884,-7.340498541452689e-06,0.96,0.9908,155.332,0
14.3512,47.884,-8.136289579852019e-06,0.96,0.9908,155.33,0
14.3525,47.884,-8.932080163503997e-06,0.96,0.9908,155.31,0
14.3538,47.884,-9.544226486468688e-06,0.96,0.9908,155.344,0
14.3551,47.884,-9.544226486468688e-06,0.96,0.9908,155.317,0
14.3564,47.884,-9.544226486468688e-06,0.96,0.9908,155.299,0
14.3577,47.884,-9.544226486468688e-06,0.96,0.9908,155.307,0
14.3589,47.884,-9.544226486468688e-06,0.96,0.9908,155.334,0
14.3602,47.884,-9.544226486468688e-06,0.96,0.9908,155.297,0
14.3614,47.884,-9.544226486468688e-06,0.96,0.9908,155.315,0
14.3627,47.884,-9.544226486468688e-06,0.96,0.9908,155.314,0
14.364,47.884,-9.544226486468688e-06,0.96,0.9908,155.343,0
14.3652,47.884,-9.544226486468688e-06,0.96,0.9908,155.292,0
14.3665,47.884,-9.544226486468688e-06,0.96,0.9908,155.328,0
14.3679,47.884,-9.544226486468688e-06,0.96,0.9908,155.323,0
14.3692,47.884,-9.544226486468688e-06,0.96,0.9908,155.327,0
14.3704,47.884,-9.544226486468688e-06,0.96,0.9908,155.321,0
14.372,47.884,-9.544226486468688e-06,0.96,0.9908,155.295,0
14.3733,47.884,-9.544226486468688e-06,0.96,0.9908,155.324,0
14.3745,47.884,-9.544226486468688e-06,0.96,0.9908,155.318,0
14.3759,47.884,-9.544226486468688e-06,0.96,0.9908,155.33,0
14.3772,47.884,-9.544226486468688e-06,0.96,0.9908,155.326,0
14.3784,47.884,-9.544226486468688e-06,0.96,0.9908,155.294,0
14.3797,47.884,-9.544226486468688e-06,0.96,0.9908,155.312,0
14.381,47.884,-9.544226486468688e-06,0.96,0.9908,155.328,0
14.3823,47.884,-9.544226486468688e-06,0.96,0.9908,155.328,0
14.3835,47.884,-9.544226486468688e-06,0.96,0.9908,155.365,0
14.3848,47.884,-9.544226486468688e-06,0.96,0.9908,155.305,0
14.3861,47.884,-9.544226486468688e-06,0.96,0.9908,155.352,0
14.3874,47.884,-9.544226486468688e-06,0.96,0.9908,155.327,0
14.3886,47.884,-9.544226486468688e-06,0.96,0.9908,155.31,0
14.3899,47.884,-9.544226486468688e-06,0.96,0.9908,155.322,0
14.3912,47.884,-9.544226486468688e-06,0.96,0.9908,155.341,0
14.3925,47.884,-9.544226486468688e-06,0.96,0.9908,155.321,0
14.3939,47.884,-9.544226486468688e-06,0.96,0.9908,155.325,0
14.3952,47.884,-9.544226486468688e-06,0.96,0.9908,155.314,0
14.3965,47.884,-9.544226486468688e-06,0.96,0.9908,155.312,0
14.3979,47.884,-9.544226486468688e-06,0.96,0.9908,155.314,0
14.3992,47.884,-9.544226486468688e-06,0.96,0.9908,155.296,0
14.4005,47.884,-9.544226486468688e-06,0.96,0.9908,155.326,0
14.4021,47.884,-9.544226486468688e-06,0.96,0.9908,155.315,0
14.4034,47.884,-9.544226486468688e-06,0.96,0.9908,155.314,0
14.4048,47.884,-9.544226486468688e-06,0.96,0.9908,155.322,0
14.406,47.884,-9.544226486468688e-06,0.96,0.9908,155.346,0
14.4072,47.884,-9.544226486468688e-06,0.96,0.9908,155.321,0
14.4084,47.884,-9.544226486468688e-06,0.96,0.9908,155.354,0
14.4098,47.884,-9.544226486468688e-06,0.96,0.9908,155.302,0
14.4111,47.884,-9.544226486468688e-06,0.96,0.9908,155.336,0
14.4123,47.884,-9.544226486468688e-06,0.96,0.9908,155.324,0
14.4136,47.884,-9.544226486468688e-06,0.96,0.9908,155.32,0
14.4149,47.884,-9.544226486468688e-06,0.96,0.9908,155.311,0
14.4162,47.884,-9.544226486468688e-06,0.96,0.9908,155.341,0
14.4174,47.884,-9.544226486468688e-06,0.96,0.9908,155.317,0
14.4187,47.884,-9.544226486468688e-06,0.96,0.9908,155.324,0
14.42,47.884,-9.544226486468688e-06,0.96,0.9908,155.333,0
14.4214,47.884,-9.544226486468688e-06,0.96,0.9908,155.342,0
14.4228,47.884,-9.544226486468688e-06,0.96,0.9908,155.329,0
14.424,47.884,-9.544226486468688e-06,0.96,0.9908,155.344,0
14.4253,47.884,-9.544226486468688e-06,0.96,0.9908,155.286,0
14.4266,47.884,-9.544226486468688e-06,0.96,0.9908,155.296,0
14.4279,47.884,-9.544226486468688e-06,0.96,0.9908,155.314,0
14.4292,47.884,-9.544226486468688e-06,0.96,0.9908,155.308,0
14.4305,47.884,-9.544226486468688e-06,0.96,0.9908,155.281,0
14.4318,47.884,-9.544226486468688e-06,0.96,0.9908,155.289,0
14.433,47.884,-9.544226486468688e-06,0.96,0.9908,155.365,0
14.4345,47.884,-9.544226486468688e-06,0.96,0.9908,155.302,0
14.4358,47.884,-9.544226486468688e-06,0.96,0.9908,155.317,0
14.437,47.884,-9.544226486468688e-06,0.96,0.9908,155.302,0
14.4383,47.884,-9.544226486468688e-06,0.96,0.9908,155.336,0
14.4396,47.884,-9.544226486468688e-06,0.96,0.9908,155.298,0
14.4409,47.884,-9.544226486468688e-06,0.96,0.9908,155.316,0
14.4423,47.884,-9.544226486468688e-06,0.96,0.9908,155.314,0
14.4435,47.884,-9.544226486468688e-06,0.96,0.9908,155.342,0
14.4449,47.884,-9.544226486468688e-06,0.96,0.9908,155.308,0
14.4462,47.884,-9.544226486468688e-06,0.96,0.9908,155.293,0
14.4475,47.884,-9.544226486468688e-06,0.96,0.9908,155.338,0
14.4489,47.884,-9.544226486468688e-06,0.96,0.9908,155.31,0
14.4502,47.884,-9.544226486468688e-06,0.96,0.9908,155.324,0
14.4515,47.884,-9.544226486468688e-06,0.96,0.9908,155.315,0
14.4528,47.884,-9.544226486468688e-06,0.96,0.9908,155.305,0
14.4541,47.884,-9.544226486468688e-06,0.96,0.9908,155.314,0
14.4554,47.884,-9.544226486468688e-06,0.96,0.9908,155.307,0
14.4568,47.884,-9.544226486468688e-06,0.96,0.9908,155.332,0
14.4581,47.884,-9.544226486468688e-06,0.96,0.9908,155.342,0
14.4594,47.884,-9.544226486468688e-06,0.96,0.9908,155.329,0
14.4607,47.884,-9.544226486468688e-06,0.96,0.9908,155.338,0
14.4623,47.884,-9.544226486468688e-06,0.96,0.9908,155.308,0
14.4635,47.884,-9.544226486468688e-06,0.96,0.9908,155.297,0
14.4649,47.884,-9.544226486468688e-06,0.96,0.9908,155.321,0
14.4662,47.884,-9.544226486468688e-06,0.96,0.9908,155.354,0
14.4674,47.884,-9.544226486468688e-06,0.96,0.9908,155.339,0
14.4686,47.884,-9.544226486468688e-06,0.96,0.9908,155.357,0
14.47,47.884,-9.544226486468688e-06,0.96,0.9908,155.318,0
14.4712,47.884,-9.544226486468688e-06,0.96,0.9908,155.333,0
14.4724,47.884,-9.544226486468688e-06,0.96,0.9908,155.336,0
14.4737,47.884,-9.544226486468688e-06,0.96,0.9908,155.336,0
14.4749,47.884,-9.544226486468688e-06,0.96,0.9908,155.351,0
14.4762,47.884,-9.544226486468688e-06,0.96,0.9908,155.318,0
14.4774,47.884,-9.544226486468688e-06,0.96,0.9908,155.324,0
14.4788,47.884,-9.544226486468688e-06,0.96,0.9908,155.327,0
14.48,47.884,-9.544226486468688e-06,0.96,0.9908,155.329,0
14.4812,47.884,-9.544226486468688e-06,0.96,0.9908,155.303,0
14.4824,47.884,-9.544226486468688e-06,0.96,0.9908,155.329,0
14.4837,47.884,-9.544226486468688e-06,0.96,0.9908,155.288,0
14.485,47.884,-9.544226486468688e-06,0.96,0.9908,155.31,0
14.4862,47.884,-9.544226486468688e-06,0.96,0.9908,155.344,0
14.4874,47.884,-9.544226486468688e-06,0.96,0.9908,155.306,0
14.4887,47.884,-9.544226486468688e-06,0.96,0.9908,155.319,0
14.4899,47.884,-9.544226486468688e-06,0.96,0.9908,155.293,0
14.4912,47.884,-9.544226486468688e-06,0.96,0.9908,155.295,0
14.4924,47.884,-9.544226486468688e-06,0.96,0.9908,155.353,0
14.4937,47.884,-9.544226486468688e-06,0.96,0.9908,155.321,0
14.495,47.884,-9.544226486468688e-06,0.96,0.9908,155.351,0
14.4963,47.884,-9.544226486468688e-06,0.96,0.9908,155.315,0
14.4976,47.884,-9.544226486468688e-06,0.96,0.9908,155.331,0
14.4989,47.884,-9.544226486468688e-06,0.96,0.9908,155.354,0
14.5001,47.884,-9.544226486468688e-06,0.96,0.9908,155.306,0
14.5014,47.884,-9.544226486468688e-06,0.96,0.9908,155.282,0
14.5026,47.884,-9.544226486468688e-06,0.96,0.9908,155.327,0
14.5039,47.884,-9.544226486468688e-06,0.96,0.9908,155.327,0
14.5052,47.884,-0.00013595276686828583,0.931,0.9908,155.33,0
14.5065,47.884,-0.00023640625295229256,0.909,0.9908,155.282,0
14.5079,47.884,-0.00020524788124021143,0.916,0.9908,155.318,0
14.5091,47.884,-0.00014899145753588527,0.928,0.9908,155.314,0
14.5104,47.884,-9.965233039110899e-05,0.939,0.9908,155.329,0
14.5117,47.884,-6.231130100786686e-05,0.948,0.9908,155.273,0
14.513,47.884,-3.6050154449185356e-05,0.954,0.9908,155.343,0
14.5143,47.884,-2.099131597788073e-05,0.957,0.9908,155.327,0
14.5157,47.884,-1.0829663551703561e-05,0.96,0.9908,155.338,0
14.517,47.884,-4.7081816774152685e-06,0.961,0.9908,155.294,0
14.5183,47.884,-3.619306312430126e-07,0.962,0.9908,155.361,0
14.5196,47.884,2.7600237899605418e-06,0.963,0.9908,155.326,0
14.5209,47.884,5.0249700507265516e-06,0.963,0.9908,155.323,0
14.5225,47.884,6.861409929115325e-06,0.964,0.9908,155.342,0
14.5237,47.884,7.779630323057063e-06,0.964,0.9908,155.341,0
14.5251,47.884,8.575420906709041e-06,0.964,0.9908,155.301,0
14.5263,47.884,9.37121149036102e-06,0.964,0.9908,155.331,0
14.5276,47.884,9.554855751048308e-06,0.964,0.9908,155.339,0
14.529,47.884,9.554855751048308e-06,0.964,0.9908,155.325,0
14.5302,47.884,9.554855751048308e-06,0.964,0.9908,155.334,0
14.5315,47.884,9.554855751048308e-06,0.964,0.9908,155.301,0
14.5328,47.884,9.554855751048308e-06,0.964,0.9908,155.291,0
14.534,47.884,9.554855751048308e-06,0.964,0.9908,155.331,0
14.5353,47.884,9.554855751048308e-06,0.964,0.9908,155.352,0
14.5366,47.884,9.554855751048308e-06,0.964,0.9908,155.314,0
14.538,47.884,9.554855751048308e-06,0.964,0.9908,155.304,0
14.5393,47.884,9.554855751048308e-06,0.964,0.9908,155.335,0
14.5406,47.884,9.554855751048308e-06,0.964,0.9908,155.317,0
14.5419,47.884,9.554855751048308e-06,0.964,0.9908,155.341,0
14.5431,47.884,9.554855751048308e-06,0.964,0.9908,155.325,0
14.5444,47.884,9.554855751048308e-06,0.964,0.9908,155.301,0
14.5457,47.884,9.554855751048308e-06,0.964,0.9908,155.33,0
14.547,47.884,9.554855751048308e-06,0.964,0.9908,155.337,0
14.5482,47.884,9.554855751048308e-06,0.964,0.9908,155.349,0
14.5495,47.884,9.554855751048308e-06,0.964,0.9908,155.297,0
14.5509,47.884,9.554855751048308e-06,0.964,0.9908,155.306,0
14.5521,47.884,9.554855751048308e-06,0.964,0.9908,155.335,0
14.5534,47.884,9.554855751048308e-06,0.964,0.9908,155.311,0
14.5547,47.884,9.554855751048308e-06,0.964,0.9908,155.317,0
14.556,47.884,9.554855751048308e-06,0.964,0.9908,155.326,0
14.5572,47.884,9.554855751048308e-06,0.964,0.9908,155.311,0
14.5585,47.884,9.554855751048308e-06,0.964,0.9908,155.337,0
14.5598,47.884,9.554855751048308e-06,0.964,0.9908,155.297,0
14.561,47.884,9.554855751048308e-06,0.964,0.9908,155.331,0
14.5625,47.884,9.554855751048308e-06,0.964,0.9908,155.337,0
14.5639,47.884,9.554855751048308e-06,0.964,0.9908,155.306,0
14.5652,47.884,9.554855751048308e-06,0.964,0.9908,155.318,0
14.5664,47.884,9.554855751048308e-06,0.964,0.9908,155.325,0
14.5677,47.884,9.554855751048308e-06,0.964,0.9908,155.28,0
14.569,47.884,9.554855751048308e-06,0.964,0.9908,155.329,0
14.5703,47.884,9.554855751048308e-06,0.964,0.9908,155.36,0
14.5716,47.884,9.554855751048308e-06,0.964,0.9908,155.311,0
14.5731,47.884,9.554855751048308e-06,0.964,0.9908,155.308,0
14.5747,47.884,9.554855751048308e-06,0.964,0.9908,155.317,0
14.576,47.884,9.554855751048308e-06,0.964,0.9908,155.297,0
14.5773,47.884,9.554855751048308e-06,0.964,0.9908,155.296,0
14.5787,47.884,9.554855751048308e-06,0.964,0.9908,155.327,0
14.58,47.884,9.554855751048308e-06,0.964,0.9908,155.301,0
14.5813,47.884,9.554855751048308e-06,0.964,0.9908,155.279,0
14.5825,47.884,9.554855751048308e-06,0.964,0.9908,155.337,0
14.5839,47.884,9.554855751048308e-06,0.964,0.9908,155.335,0
14.5852,47.884,9.554855751048308e-06,0.964,0.9908,155.329,0
14.5865,47.884,9.554855751048308e-06,0.964,0.9908,155.338,0
14.5878,47.884,9.554855751048308e-06,0.964,0.9908,155.352,0
14.5891,47.884,9.554855751048308e-06,0.964,0.9908,155.337,0
14.5903,47.884,9.554855751048308e-06,0.964,0.9908,155.317,0
14.5916,47.884,9.554855751048308e-06,0.964,0.9908,155.292,0
14.5929,47.884,-0.0001634381478652358,0.925,0.9908,155.331,0
14.5942,47.884,-0.0002212861436419189,0.912,0.9908,155.305,0
14.5955,47.884,-0.00018333298794459552,0.921,0.9908,155.333,0
14.5967,47.884,-0.0001303209865000099,0.933,0.9908,155.337,0
14.598,47.884,-8.881735993782058e-05,0.942,0.9908,155.333,0
14.5992,47.884,-5.441464236355387e-05,0.95,0.9908,155.343,0
14.6005,47.884,-3.201002982677892e-05,0.955,0.9908,155.329,0
14.6017,47.884,-1.8420347259962e-05,0.958,0.9908,155.328,0
14.603,47.884,-1.0156351891055238e-05,0.96,0.9908,155.324,0
14.6043,47.884,-4.218514732201584e-06,0.961,0.9908,155.343,0
14.6056,47.884,6.652135198237374e-08,0.962,0.9908,155.371,0
14.607,47.884,3.0048313419683836e-06,0.963,0.9908,155.3,0
14.6082,47.884,5.330991371010896e-06,0.963,0.9908,155.327,0
14.6096,47.884,6.8001436375197954e-06,0.963,0.9908,155.297,0
14.6108,47.884,7.779578481859062e-06,0.964,0.9908,155.334,0
14.6121,47.884,8.57536906551104e-06,0.964,0.9908,155.35,0
14.6134,47.884,9.371159649163019e-06,0.964,0.9908,155.362,0
14.6148,47.884,9.554803909850307e-06,0.964,0.9908,155.331,0
14.616,47.884,9.554803909850307e-06,0.964,0.9908,155.316,0
14.6173,47.884,9.554803909850307e-06,0.964,0.9908,155.316,0
14.6186,47.884,-0.0001346672506770119,0.932,0.9908,155.362,0
14.6199,47.884,-0.0002219595480710268,0.912,0.9908,155.297,0
14.6212,47.884,-0.00018731200543697923,0.92,0.9908,155.322,0
14.6227,47.884,-0.00012652573059313,0.933,0.9908,155.342,0
14.624,47.884,-8.575668471166864e-05,0.943,0.9908,155.336,0
14.6253,47.884,-5.221096580498852e-05,0.95,0.9908,155.306,0
14.6266,47.884,-2.913299249485135e-05,0.955,0.9908,155.294,0
14.6279,47.884,-1.6277886970783584e-05,0.958,0.9908,155.346,0
14.6292,47.884,-8.136318683682475e-06,0.96,0.9908,155.306,0
14.6306,47.884,-2.38212624026346e-06,0.961,0.9908,155.344,0
14.632,47.884,1.2907613609058899e-06,0.962,0.9908,155.349,0
14.6333,47.884,3.922996711480664e-06,0.963,0.9908,155.332,0
14.6346,47.884,-0.00016717234393581748,0.924,0.9908,155.284,0
14.636,47.884,-0.00022367361816577613,0.911,0.9908,155.361,0
14.6373,47.884,-0.0001808232336770743,0.921,0.9908,155.353,0
14.6388,47.884,-0.00012346495350357145,0.934,0.9908,155.353,0
14.6401,47.884,-7.712535443715751e-05,0.945,0.9908,155.307,0
14.6414,47.884,-4.608945528161712e-05,0.952,0.9908,155.315,0
14.6428,47.884,-2.423577279841993e-05,0.956,0.9908,155.312,0
14.6441,47.884,-1.3706830941373482e-05,0.959,0.9908,155.317,0
14.6454,47.884,-6.78955802868586e-06,0.96,0.9908,155.319,0
14.6468,47.884,-1.8311579879082274e-06,0.962,0.9908,155.308,0
14.6481,47.884,1.9641595372377196e-06,0.962,0.9908,155.324,0
14.6494,47.884,4.29032115789596e-06,0.963,0.9908,155.319,0
14.6508,47.884,6.187976396176964e-06,0.963,0.9908,155.331,0
14.652,47.884,7.473484401998576e-06,0.964,0.9908,155.333,0
14.6534,47.884,8.269274985650554e-06,0.964,0.9908,155.332,0
14.6548,47.884,9.126280929194763e-06,0.964,0.9908,155.346,0
14.656,47.884,9.554782991472166e-06,0.964,0.9908,155.313,0
14.6573,47.884,9.554782991472166e-06,0.964,0.9908,155.334,0
14.6586,47.884,9.554782991472166e-06,0.964,0.9908,155.31,0
14.66,47.884,9.554782991472166e-06,0.964,0.9908,155.321,0
14.6613,47.884,9.554782991472166e-06,0.964,0.9908,155.32,0
14.6628,47.884,9.554782991472166e-06,0.964,0.9908,155.364,0
14.6641,47.884,9.554782991472166e-06,0.964,0.9908,155.331,0
14.6653,47.884,9.554782991472166e-06,0.964,0.9908,155.325,0
14.6666,47.884,-7.498285413021222e-05,0.945,0.9908,155.322,0
14.6679,47.884,-0.00021528714569285512,0.913,0.9908,155.335,0
14.6691,47.884,-0.00020561524434015155,0.916,0.9908,155.358,0
14.6704,47.884,-0.0003571831330191344,0.881,0.9908,155.344,0
14.6718,47.884,-0.0003282897814642638,0.888,0.9908,155.349,0
14.6731,47.884,-0.0004266619507689029,0.866,0.9908,155.363,0
14.6743,47.884,-0.0003967279044445604,0.872,0.9908,155.329,0
14.6756,47.878,-0.0004690225759986788,0.857,0.9901,155.337,0
14.6769,47.878,-0.000555825128685683,0.837,0.9901,155.317,0
14.6781,47.878,-0.0005537437391467392,0.838,0.9901,155.326,0
14.6793,47.878,-0.0004247030010446906,0.867,0.9901,155.308,0
14.6806,47.878,-0.00030080426950007677,0.895,0.9901,155.316,0
14.6819,47.878,-0.0001946577976923436,0.919,0.9901,155.374,0
14.6831,47.878,-0.00025189362349919975,0.906,0.9901,155.342,0
14.6844,47.878,-0.0004998747608624399,0.85,0.9901,155.316,0
14.6857,47.878,-0.0006159379845485091,0.824,0.9901,155.353,0
14.6869,47.878,-0.0005919416435062885,0.829,0.9901,155.334,0
14.6882,47.878,-0.0004472299187909812,0.862,0.9901,155.331,0
14.6894,47.878,-0.00031457742443308234,0.892,0.9901,155.339,0
14.6907,47.878,-0.00020408473210409284,0.917,0.9901,155.347,0
14.692,47.878,-0.000291315809590742,0.897,0.9901,155.337,0
14.6932,47.878,-0.0003105372888967395,0.893,0.9901,155.352,0
14.6945,47.878,-0.00044404674554243684,0.862,0.9901,155.33,0
14.6957,47.878,-0.0003972174017690122,0.873,0.9901,155.347,0
14.697,47.878,-0.000299090170301497,0.895,0.9901,155.312,0
14.6983,47.878,-0.0002016362122958526,0.917,0.9901,155.338,0
14.6995,47.878,-0.00012915791012346745,0.933,0.9901,155.36,0
14.7008,47.878,-7.822720363037661e-05,0.945,0.9901,155.332,0
14.7021,47.878,-0.0002427113358862698,0.908,0.9901,155.312,0
14.7034,47.878,-0.00025415848358534276,0.905,0.9901,155.308,0
14.7047,47.878,-0.00019184182747267187,0.919,0.9901,155.323,0
14.706,47.878,-0.0001357078435830772,0.932,0.9901,155.322,0
14.7073,47.878,-8.808273560134694e-05,0.943,0.9901,155.343,0
14.7086,47.878,-0.0003826483152806759,0.876,0.9901,155.338,0
14.7099,47.878,-0.0004891621065326035,0.852,0.9901,155.392,0
14.7111,47.878,-0.000698333082254976,0.805,0.9901,155.285,0
14.7124,47.878,-0.0007336539565585554,0.797,0.9901,155.355,0
14.7137,47.873,-0.0007177381194196641,0.802,0.9893,155.335,0
14.715,47.873,-0.0008361886721104383,0.775,0.9893,155.336,0
14.7163,47.873,-0.0008191709057427943,0.779,0.9893,155.356,0
14.7175,47.873,-0.0009203589288517833,0.756,0.9893,155.325,0
14.7188,47.873,-0.000947599473875016,0.75,0.9893,155.309,0
14.7201,47.873,-0.0011930096661671996,0.695,0.9893,155.339,0
14.7214,47.873,-0.0015996595611795783,0.605,0.9893,155.32,0
14.7229,47.873,-0.0018014234956353903,0.56,0.9893,155.354,0
14.7243,47.867,-0.001933953259140253,0.532,0.9885,155.353,0
14.7256,47.867,-0.0019346263725310564,0.532,0.9885,155.35,0
14.7269,47.867,-0.00219558528624475,0.474,0.9885,155.354,0
14.7282,47.867,-0.0028202207759022713,0.338,0.9885,155.363,0
14.7295,47.862,-0.0032255854457616806,0.253,0.9878,155.34,0
14.7307,47.862,-0.0041098943911492825,0.066,0.9878,155.311,0
14.732,47.856,-0.004641973413527012,-0.04,0.987,155.342,0
14.7332,47.856,-0.005178153980523348,-0.148,0.987,155.355,0
14.7345,47.851,-0.005706620868295431,-0.249,0.9862,155.401,0
14.7358,47.845,-0.006340315565466881,-0.366,0.9855,155.356,0
14.7371,47.845,-0.007154534105211496,-0.514,0.9855,155.391,0
14.7384,47.84,-0.008072879165410995,-0.669,0.9847,155.353,0
14.7398,47.829,-0.009702906012535095,-0.917,0.9832,155.394,0
14.7412,47.823,-0.01119189616292715,-1.12,0.9824,155.4,0
14.7426,47.818,-0.012688293121755123,-1.297,0.9817,155.384,0
14.744,47.807,-0.014532878063619137,-1.477,0.9801,155.402,0
14.7454,47.796,-0.016893137246370316,-1.66,0.9786,155.367,0
14.7467,47.785,-0.019546492025256157,-1.811,0.9771,155.44,0
14.748,47.769,-0.022734496742486954,-1.928,0.9748,155.431,0
14.7493,47.752,-0.026368390768766403,-2.005,0.9725,155.454,0
14.7506,47.736,-0.029120728373527527,-2.03,0.9702,155.466,0
14.752,47.714,-0.03227696195244789,-2.037,0.9672,155.481,0
14.7533,47.692,-0.03608066216111183,-2.03,0.9641,155.492,0
14.7546,47.67,-0.03915352001786232,-2.012,0.9611,155.489,0
14.7559,47.648,-0.041535571217536926,-1.991,0.958,155.549,0
14.7571,47.626,-0.04421218857169151,-1.968,0.955,155.518,0
14.7584,47.604,-0.04694512113928795,-1.944,0.9519,155.57,0
14.7597,47.576,-0.04917304590344429,-1.92,0.9481,155.605,0
14.7609,47.549,-0.05147821456193924,-1.897,0.9443,155.604,0
14.7622,47.521,-0.053445592522621155,-1.878,0.9405,155.642,0
14.7635,47.494,-0.05600174143910408,-1.857,0.9366,155.667,0
14.7649,47.466,-0.0581233836710453,-1.84,0.9328,155.695,0
14.7663,47.433,-0.06007416918873787,-1.826,0.9283,155.72,0
14.7675,47.401,-0.06298757344484329,-1.809,0.9237,155.702,0
14.7689,47.368,-0.06551537662744522,-1.798,0.9191,155.731,0
14.7702,47.329,-0.06795454025268555,-1.791,0.9138,155.762,0
14.7714,47.296,-0.07041757553815842,-1.786,0.9092,155.829,0
14.7727,47.258,-0.07392120361328125,-1.779,0.9038,155.843,0
14.7739,47.219,-0.07628513872623444,-1.782,0.8985,155.881,0
14.7751,47.181,-0.07791797816753387,-1.793,0.8932,155.913,0
14.7764,47.148,-0.07904824614524841,-1.806,0.8886,155.936,0
14.7777,47.109,-0.08029843866825104,-1.825,0.8832,155.967,0
14.7789,47.071,-0.0809200257062912,-1.849,0.8779,155.988,0
14.7803,47.038,-0.08071611821651459,-1.877,0.8733,156.046,0
14.7816,46.994,-0.07970467209815979,-1.92,0.8672,156.102,0
14.7832,46.956,-0.07919866591691971,-1.957,0.8619,156.128,0
14.7844,46.917,-0.07802493870258331,-1.999,0.8565,156.139,0
14.7857,46.884,-0.07839197665452957,-2.028,0.852,156.196,0
14.787,46.846,-0.07987992465496063,-2.057,0.8466,156.222,0
14.7882,46.807,-0.08127898722887039,-2.086,0.8413,156.28,0
14.7896,46.769,-0.08229436725378036,-2.118,0.8359,156.31,0
14.7908,46.725,-0.085017628967762,-2.146,0.8298,156.325,0
14.7921,46.681,-0.08627679944038391,-2.181,0.8237,156.405,0
14.7934,46.642,-0.0868370309472084,-2.215,0.8184,156.454,0
14.7948,46.599,-0.08801371604204178,-2.249,0.8123,156.489,0
14.7961,46.555,-0.0888599380850792,-2.284,0.8062,156.548,0
14.7974,46.511,-0.08954253047704697,-2.318,0.8001,156.58,0
14.7987,46.467,-0.090275838971138,-2.349,0.794,156.606,0
14.7999,46.423,-0.09151418507099152,-2.374,0.7879,156.653,0
14.8012,46.384,-0.09132331609725952,-2.402,0.7825,156.731,0
14.8025,46.34,-0.09249014407396317,-2.422,0.7764,156.796,0
14.8039,46.291,-0.09431544691324234,-2.438,0.7696,156.822,0
14.8051,46.247,-0.09555847942829132,-2.451,0.7635,156.878,0
14.8063,46.203,-0.09707391262054443,-2.458,0.7574,156.953,0
14.8076,46.154,-0.09839971363544464,-2.463,0.7505,156.94,0
14.8089,46.11,-0.09965149313211441,-2.463,0.7444,157.055,0
14.8102,46.055,-0.10174234211444855,-2.454,0.7368,157.099,0
14.8115,46.011,-0.10159076750278473,-2.452,0.7307,157.14,0
14.8129,45.961,-0.10187705606222153,-2.443,0.7238,157.185,0
14.8142,45.912,-0.10251151025295258,-2.426,0.7169,157.216,0
14.8154,45.862,-0.10306372493505478,-2.404,0.7101,157.299,0
14.8167,45.818,-0.10309868305921555,-2.383,0.7039,157.345,0
14.818,45.769,-0.10366348177194595,-2.351,0.6971,157.434,0
14.8193,45.72,-0.10440687835216522,-2.313,0.6902,157.498,0
14.8209,45.67,-0.10495670884847641,-2.272,0.6833,157.545,0
14.8222,45.61,-0.10556454211473465,-2.216,0.675,157.625,0
14.8235,45.56,-0.10565987229347229,-2.169,0.6681,157.685,0
14.8249,45.511,-0.10540663450956345,-2.12,0.6612,157.718,0
14.8262,45.461,-0.10505546629428864,-2.069,0.6544,157.795,0
14.8275,45.412,-0.1045754998922348,-2.016,0.6475,157.87,0
14.8289,45.357,-0.10445361584424973,-1.953,0.6399,157.904,0
14.8302,45.308,-0.10461345314979553,-1.893,0.633,157.99,0
14.8315,45.258,-0.10525088012218475,-1.829,0.6261,158.031,0
14.8329,45.203,-0.10608138889074326,-1.757,0.6185,158.116,0
14.8342,45.154,-0.1060565859079361,-1.698,0.6116,158.145,0
14.8354,45.104,-0.10605418682098389,-1.64,0.6048,158.244,0
14.8367,45.06,-0.10593800246715546,-1.591,0.5987,158.294,0
14.8381,45.011,-0.1057499498128891,-1.538,0.5918,158.341,0
14.8394,44.962,-0.10528489947319031,-1.489,0.5849,158.41,0
14.8407,44.907,-0.10437700897455215,-1.442,0.5773,158.486,0
14.842,44.863,-0.10349339246749878,-1.409,0.5712,158.483,0
14.8434,44.813,-0.10299278050661087,-1.373,0.5643,158.612,0
14.8447,44.764,-0.10268086940050125,-1.342,0.5575,158.642,0
14.846,44.714,-0.1030178815126419,-1.312,0.5506,158.729,0
14.8473,44.665,-0.1030929908156395,-1.29,0.5437,158.768,0
14.8487,44.621,-0.10200992226600647,-1.283,0.5376,158.831,0
14.85,44.572,-0.10124731063842773,-1.279,0.5308,158.925,0
14.8513,44.528,-0.09931138902902603,-1.289,0.5247,158.946,0
14.8525,44.484,-0.09775254875421524,-1.303,0.5186,158.997,0
14.8539,44.44,-0.09608682245016098,-1.324,0.5125,159.055,0
14.8552,44.401,-0.09480644762516022,-1.347,0.5071,159.106,0
14.8565,44.352,-0.09320753067731857,-1.382,0.5002,159.133,0
14.8578,44.313,-0.09335371106863022,-1.408,0.4949,159.177,0
14.8591,44.269,-0.0938369408249855,-1.441,0.4888,159.267,0
14.8604,44.225,-0.09313236176967621,-1.487,0.4827,159.309,0
14.8617,44.182,-0.09400375187397003,-1.531,0.4766,159.329,0
14.863,44.138,-0.09375907480716705,-1.588,0.4705,159.369,0
14.8643,44.094,-0.09267985075712204,-1.657,0.4644,159.431,0
14.8655,44.055,-0.09134892374277115,-1.724,0.459,159.47,0
14.8669,44.017,-0.08997263759374619,-1.796,0.4537,159.473,0
14.8681,43.978,-0.08804117888212204,-1.877,0.4484,159.537,0
14.8694,43.94,-0.08714891225099564,-1.955,0.443,159.596,0
14.8707,43.901,-0.08645859360694885,-2.036,0.4377,159.636,0
14.872,43.863,-0.08554428815841675,-2.123,0.4323,159.634,0
14.8734,43.819,-0.08518549799919128,-2.222,0.4262,159.74,0
14.8747,43.781,-0.08479457348585129,-2.314,0.4209,159.742,0
14.876,43.742,-0.08518832176923752,-2.403,0.4156,159.753,0
14.8773,43.698,-0.08477212488651276,-2.515,0.4095,159.817,0
14.8786,43.66,-0.08490784466266632,-2.613,0.4041,159.842,0
14.8798,43.621,-0.08483532071113586,-2.714,0.3988,159.915,0
14.8813,43.583,-0.0843590646982193,-2.819,0.3934,159.959,0
14.8827,43.533,-0.08362600952386856,-2.958,0.3866,159.979,0
14.884,43.5,-0.0832470953464508,-3.051,0.382,160.043,0
14.8853,43.462,-0.08194994926452637,-3.166,0.3766,160.066,0
14.8866,43.423,-0.08102381229400635,-3.279,0.3713,160.116,0
14.8879,43.391,-0.08033408969640732,-3.376,0.3667,160.134,0
14.8892,43.352,-0.08074093610048294,-3.481,0.3614,160.171,0
14.8905,43.314,-0.0817376971244812,-3.583,0.356,160.224,0
14.8919,43.27,-0.08384384959936142,-3.692,0.3499,160.289,0
14.8935,43.215,-0.0852128118276596,-3.834,0.3423,160.304,0
14.8947,43.176,-0.08721447736024857,-3.925,0.337,160.362,0
14.896,43.132,-0.08875267952680588,-4.032,0.3309,160.394,0
14.8973,43.088,-0.08992046862840652,-4.137,0.3248,160.44,0
14.8987,43.044,-0.09015975147485733,-4.244,0.3187,160.495,0
14.8999,43.0,-0.09095444530248642,-4.344,0.3126,160.519,0
14.9013,42.957,-0.09183880686759949,-4.439,0.3065,160.566,0
14.9025,42.913,-0.09191261976957321,-4.533,0.3004,160.636,0
14.9039,42.874,-0.09182429313659668,-4.612,0.295,160.643,0
14.9053,42.825,-0.09226595610380173,-4.704,0.2881,160.679,0
14.9068,42.775,-0.09403011202812195,-4.779,0.2813,160.746,0
14.9081,42.72,-0.09654179960489273,-4.85,0.2737,160.786,0
14.9095,42.671,-0.09963057935237885,-4.899,0.2668,160.813,0
14.9108,42.616,-0.10288156569004059,-4.944,0.2592,160.845,0
14.9121,42.567,-0.10557738691568375,-4.976,0.2523,160.924,0
14.9137,42.506,-0.10782220959663391,-5.007,0.2439,160.952,0
14.915,42.446,-0.1086236909031868,-5.031,0.2355,161.015,0
14.9164,42.396,-0.10957789421081543,-5.038,0.2286,161.073,0
14.9177,42.341,-0.10918092727661133,-5.043,0.221,161.078,0
14.919,42.292,-0.10922316461801529,-5.033,0.2141,161.162,0
14.9204,42.237,-0.10917162895202637,-5.011,0.2065,161.183,0
14.9218,42.182,-0.11143594235181808,-4.962,0.1989,161.239,0
14.9231,42.127,-0.11303749680519104,-4.905,0.1913,161.265,0
14.9244,42.067,-0.11500439047813416,-4.828,0.1829,161.34,0
14.9257,42.006,-0.1176287829875946,-4.733,0.1745,161.366,0
14.9271,41.951,-0.11894097924232483,-4.642,0.1668,161.428,0
14.9284,41.891,-0.11973416060209274,-4.535,0.1584,161.434,0
14.9297,41.836,-0.1190461590886116,-4.436,0.1508,161.511,0
14.9311,41.781,-0.11745145171880722,-4.333,0.1432,161.546,0
14.9324,41.726,-0.11778630316257477,-4.212,0.1356,161.587,0
14.9337,41.666,-0.11748213320970535,-4.076,0.1272,161.644,0
14.935,41.611,-0.11894822120666504,-3.935,0.1195,161.671,0
14.9363,41.556,-0.12093598395586014,-3.787,0.1119,161.737,0
14.9376,41.495,-0.12266603857278824,-3.622,0.1035,161.786,0
14.9393,41.435,-0.12370864301919937,-3.459,0.0951,161.78,0
14.9406,41.353,-0.12545347213745117,-3.232,0.0837,161.895,0
14.942,41.298,-0.12537738680839539,-3.088,0.076,161.932,0
14.9434,41.237,-0.12469545006752014,-2.935,0.0677,161.979,0
14.9449,41.166,-0.12494153529405594,-2.751,0.0577,162.061,0
14.9462,41.1,-0.1254456341266632,-2.586,0.0486,162.093,0
14.9477,41.045,-0.12567763030529022,-2.454,0.041,162.122,0
14.9491,40.979,-0.12481169402599335,-2.309,0.0318,162.183,0
14.9504,40.919,-0.12261664867401123,-2.193,0.0234,162.237,0
14.9518,40.864,-0.1203625351190567,-2.097,0.0158,162.319,0
14.953,40.814,-0.1171620562672615,-2.024,0.0089,162.299,0
14.9543,40.765,-0.11420935392379761,-1.956,0.002,162.36,0
14.9558,40.721,-0.11099206656217575,-1.905,0.9959,162.39,0
14.9571,40.66,-0.10956709831953049,-1.826,0.9875,162.43,0
14.9585,40.611,-0.10823971778154373,-1.77,0.9807,162.481,0
14.9599,40.556,-0.10802032053470612,-1.71,0.9731,162.52,0
14.9612,40.501,-0.10789176821708679,-1.659,0.9654,162.548,0
14.9625,40.452,-0.10718168318271637,-1.625,0.9586,162.605,0
14.9639,40.402,-0.10687314718961716,-1.596,0.9517,162.62,0
14.9652,40.353,-0.10498442500829697,-1.584,0.9448,162.664,0
14.9667,40.303,-0.10306142270565033,-1.58,0.938,162.694,0
14.968,40.259,-0.10129955410957336,-1.583,0.9319,162.698,0
14.9693,40.215,-0.09963279217481613,-1.59,0.9258,162.783,0
14.9706,40.166,-0.09850373864173889,-1.601,0.9189,162.776,0
14.9719,40.122,-0.0974760577082634,-1.616,0.9128,162.875,0
14.9732,40.078,-0.09683501720428467,-1.634,0.9067,162.893,0
14.9745,40.034,-0.09601549059152603,-1.657,0.9006,162.925,0
14.9759,39.99,-0.09507681429386139,-1.685,0.8945,162.969,0
14.9771,39.946,-0.09435681253671646,-1.716,0.8884,162.979,0
14.9784,39.902,-0.09386073052883148,-1.749,0.8823,163.042,0
14.9799,39.858,-0.09216030687093735,-1.792,0.8762,163.083,0
14.9812,39.82,-0.09062615036964417,-1.832,0.8708,163.16,0
14.9826,39.776,-0.08770204335451126,-1.888,0.8647,163.172,0
14.9841,39.732,-0.08511840552091599,-1.943,0.8586,163.267,0
14.9854,39.694,-0.08362722396850586,-1.988,0.8533,163.28,0
14.9867,39.661,-0.08244786411523819,-2.027,0.8487,163.323,0
14.988,39.622,-0.08178441226482391,-2.068,0.8434,163.324,0
14.9892,39.584,-0.08189911395311356,-2.106,0.838,163.386,0
14.9904,39.551,-0.08214901387691498,-2.137,0.8334,163.403,0
14.9917,39.507,-0.08351092040538788,-2.172,0.8273,163.475,0
14.993,39.468,-0.0844418853521347,-2.204,0.822,163.442,0
14.9942,39.43,-0.08476314693689346,-2.239,0.8167,163.54,0
14.9955,39.391,-0.0853448361158371,-2.272,0.8113,163.558,0
14.997,39.348,-0.08546555042266846,-2.31,0.8052,163.604,0
14.9984,39.309,-0.08522473275661469,-2.345,0.7999,163.655,0
14.9996,39.265,-0.08537261933088303,-2.379,0.7938,163.69,0
15.0009,39.227,-0.08505111187696457,-2.41,0.7884,163.729,0
15.0022,39.188,-0.0849885642528534,-2.437,0.7831,163.764,0
15.0038,39.139,-0.0863625779747963,-2.46,0.7762,163.814,0
15.0055,39.084,-0.08809520304203033,-2.479,0.7686,163.899,0
15.0069,39.034,-0.09036125242710114,-2.487,0.7617,163.953,0
15.0082,38.99,-0.09225461632013321,-2.49,0.7556,163.977,0
15.0095,38.941,-0.09419979155063629,-2.491,0.7487,164.058,0
15.0107,38.897,-0.09639863669872284,-2.484,0.7426,164.118,0
15.0122,38.848,-0.09815757721662521,-2.475,0.7358,164.158,0
15.0138,38.782,-0.09973786771297455,-2.46,0.7266,164.207,0
15.0151,38.732,-0.10086092352867126,-2.442,0.7198,164.29,0
15.0165,38.683,-0.10135249048471451,-2.423,0.7129,164.327,0
15.0179,38.633,-0.10155411809682846,-2.4,0.706,164.396,0
15.0191,38.584,-0.10252204537391663,-2.367,0.6992,164.442,0
15.0203,38.54,-0.10317300260066986,-2.335,0.6931,164.511,0
15.0215,38.496,-0.10416004061698914,-2.297,0.687,164.567,0
15.0228,38.441,-0.10503626614809036,-2.247,0.6793,164.627,0
15.0241,38.397,-0.10600627958774567,-2.202,0.6732,164.72,0
15.0253,38.342,-0.10650713741779327,-2.146,0.6656,164.729,0
15.0265,38.298,-0.10612160712480545,-2.102,0.6595,164.775,0
15.0278,38.249,-0.10587441921234131,-2.05,0.6526,164.84,0
15.029,38.205,-0.10561387985944748,-2.002,0.6465,164.891,0
15.0303,38.161,-0.10546280443668365,-1.951,0.6404,164.95,0
15.0315,38.112,-0.10594996809959412,-1.889,0.6335,165.014,0
15.0329,38.062,-0.10603935271501541,-1.829,0.6267,165.099,0
15.0341,38.013,-0.1061447486281395,-1.768,0.6198,165.132,0
15.0354,37.963,-0.10728589445352554,-1.702,0.6129,165.186,0
15.0367,37.908,-0.10845229029655457,-1.63,0.6053,165.308,0
15.038,37.859,-0.10863569378852844,-1.573,0.5984,165.311,0
15.0394,37.809,-0.10906857997179031,-1.516,0.5916,165.407,0
15.0407,37.749,-0.10913702845573425,-1.454,0.5832,165.46,0
15.0421,37.705,-0.10873237997293472,-1.415,0.5771,165.507,0
15.0434,37.65,-0.1089702695608139,-1.366,0.5695,165.608,0
15.0447,37.595,-0.10893109440803528,-1.325,0.5618,165.69,0
15.0461,37.546,-0.10941114276647568,-1.291,0.555,165.735,0
15.0474,37.491,-0.10962796956300735,-1.262,0.5473,165.786,0
15.0487,37.436,-0.10978773981332779,-1.241,0.5397,165.882,0
15.05,37.392,-0.1092943474650383,-1.234,0.5336,165.944,0
15.0512,37.337,-0.10872553288936615,-1.233,0.526,165.96,0
15.0525,37.293,-0.10792902112007141,-1.241,0.5199,166.066,0
15.054,37.238,-0.10701531916856766,-1.259,0.5122,166.093,0
15.0553,37.189,-0.1058124452829361,-1.286,0.5054,166.156,0
15.0565,37.145,-0.10507772117853165,-1.316,0.4993,166.236,0
15.0578,37.095,-0.10400322824716568,-1.358,0.4924,166.267,0
15.0591,37.046,-0.10377305001020432,-1.403,0.4855,166.325,0
15.0603,37.002,-0.10384106636047363,-1.449,0.4794,166.364,0
15.0616,36.958,-0.10357531160116196,-1.503,0.4733,166.439,0
15.0629,36.909,-0.10316254198551178,-1.572,0.4665,166.475,0
15.0642,36.865,-0.10261282324790955,-1.642,0.4604,166.499,0
15.0655,36.815,-0.10178420692682266,-1.728,0.4535,166.563,0
15.0667,36.771,-0.10085604339838028,-1.813,0.4474,166.581,0
15.068,36.727,-0.09977898746728897,-1.904,0.4413,166.696,0
15.0693,36.678,-0.09948588162660599,-2.007,0.4344,166.703,0
15.0705,36.634,-0.09903472661972046,-2.106,0.4283,166.75,0
15.0719,36.59,-0.09837696701288223,-2.21,0.4222,166.804,0
15.0732,36.546,-0.0985509380698204,-2.314,0.4161,166.878,0
15.0745,36.497,-0.09833308309316635,-2.438,0.4092,166.881,0
15.076,36.453,-0.09805399924516678,-2.552,0.4031,166.951,0
15.0773,36.398,-0.09787560254335403,-2.698,0.3955,166.985,0
15.0788,36.348,-0.09719294309616089,-2.836,0.3886,167.059,0
15.0801,36.304,-0.09662338346242905,-2.96,0.3825,167.065,0
15.0817,36.255,-0.09533175081014633,-3.105,0.3757,167.121,0
15.0831,36.205,-0.09421905130147934,-3.251,0.3688,167.249,0
15.0844,36.161,-0.09380181133747101,-3.376,0.3627,167.262,0
15.0858,36.118,-0.09375034272670746,-3.5,0.3566,167.288,0
15.0872,36.068,-0.09435024112462997,-3.633,0.3497,167.371,0
15.0939,35.87,-0.0986681655049324,-4.13,0.3223,167.546,0
15.0954,35.777,-0.09891609102487564,-4.35,0.3093,167.655,0
15.097,35.728,-0.09901728481054306,-4.459,0.3024,167.699,0
15.1047,35.629,-0.09874570369720459,-4.657,0.2887,167.771,0
15.1078,35.37,-0.10962533950805664,-4.948,0.2528,168.003,0
15.1092,35.239,-0.11338266730308533,-5.005,0.2345,168.127,0
15.1106,35.184,-0.11335965245962143,-5.017,0.2269,168.167,0
15.112,35.129,-0.11344068497419357,-5.016,0.2193,168.2,0
15.1185,35.074,-0.11226456612348557,-5.009,0.2116,168.264,0
15.1251,34.794,-0.11798778176307678,-4.713,0.1727,168.516,0
15.1284,34.508,-0.12030991911888123,-4.157,0.1331,168.708,0
15.1298,34.36,-0.12370648980140686,-3.78,0.1125,168.835,0
15.1327,34.299,-0.12605790793895721,-3.612,0.1041,168.911,0
15.1359,34.151,-0.1300562620162964,-3.2,0.0835,168.969,0
15.1414,34.003,-0.13140296936035156,-2.806,0.0629,169.081,0
15.1505,33.723,-0.13641124963760376,-2.119,0.024,169.314,0
15.1533,33.294,-0.1299302875995636,-1.521,0.9644,169.656,0
15.155,33.162,-0.1302596926689148,-1.436,0.9461,169.793,0
15.1574,33.091,-0.1300409734249115,-1.415,0.9362,169.817,0
15.1599,32.981,-0.1283266544342041,-1.42,0.921,169.897,0
15.1625,32.871,-0.12458643317222595,-1.47,0.9057,170.004,0
15.1675,32.75,-0.12021206319332123,-1.558,0.8889,170.112,0
15.1704,32.558,-0.11102946847677231,-1.764,0.8622,170.25,0
15.178,32.465,-0.10562010854482651,-1.884,0.8492,170.391,0
15.1803,32.168,-0.09779687970876694,-2.218,0.808,170.668,0
15.1816,32.124,-0.09700550138950348,-2.262,0.8019,170.7,0
15.1836,32.08,-0.09544947743415833,-2.307,0.7958,170.749,0
15.1853,32.009,-0.09389833360910416,-2.37,0.7859,170.843,0
15.1866,31.959,-0.09292549639940262,-2.408,0.7791,170.89,0
15.1878,31.915,-0.09304358065128326,-2.433,0.7729,170.925,0
15.1892,31.871,-0.09372115880250931,-2.451,0.7668,170.972,0
15.1908,31.816,-0.09588638693094254,-2.46,0.7592,171.053,0
15.1934,31.767,-0.09760952740907669,-2.465,0.7523,171.099,0
15.1952,31.657,-0.1015123650431633,-2.455,0.7371,171.186,0
15.1983,31.553,-0.10307762771844864,-2.434,0.7226,171.342,0
15.2002,31.465,-0.10410523414611816,-2.399,0.7104,171.438,0
15.2017,31.41,-0.10428718477487564,-2.371,0.7028,171.492,0
15.2036,31.355,-0.10533756762742996,-2.332,0.6951,171.553,0
15.2049,31.284,-0.10634198039770126,-2.274,0.6852,171.637,0
15.2062,31.229,-0.10683207213878632,-2.225,0.6776,171.698,0
15.2074,31.179,-0.10733433812856674,-2.177,0.6707,171.776,0
15.2087,31.13,-0.10827018320560455,-2.122,0.6638,171.838,0
15.21,31.08,-0.10825133323669434,-2.07,0.657,171.855,0
15.2113,31.036,-0.10801131278276443,-2.023,0.6509,171.927,0
15.2125,30.981,-0.10749521106481552,-1.963,0.6432,171.992,0
15.2138,30.932,-0.10772152990102768,-1.903,0.6364,172.047,0
15.2151,30.883,-0.1077515184879303,-1.843,0.6295,172.093,0
15.2163,30.833,-0.10844644159078598,-1.779,0.6227,172.163,0
15.2176,30.784,-0.10847160220146179,-1.72,0.6158,172.218,0
15.2189,30.734,-0.10961387306451797,-1.654,0.6089,172.264,0
15.2201,30.685,-0.11059943586587906,-1.59,0.6021,172.338,0
15.2214,30.635,-0.11094211041927338,-1.533,0.5952,172.409,0
15.2226,30.586,-0.11065042018890381,-1.482,0.5883,172.494,0
15.2239,30.536,-0.11010120064020157,-1.436,0.5815,172.521,0
15.2251,30.487,-0.10961030423641205,-1.393,0.5746,172.567,0
15.2264,30.438,-0.1097656637430191,-1.351,0.5677,172.671,0
15.2276,30.388,-0.1093161553144455,-1.318,0.5609,172.719,0
15.2289,30.339,-0.11008196324110031,-1.283,0.554,172.766,0
15.2301,30.289,-0.1101677194237709,-1.258,0.5471,172.808,0
15.2313,30.24,-0.11049938946962357,-1.237,0.5403,172.92,0
15.2326,30.19,-0.11041644960641861,-1.227,0.5334,172.97,0
15.2339,30.141,-0.11027737706899643,-1.224,0.5265,173.021,0
15.2352,30.092,-0.11030729860067368,-1.227,0.5197,173.099,0
15.2364,30.042,-0.1091543659567833,-1.245,0.5128,173.137,0
15.2377,29.993,-0.10817897319793701,-1.27,0.5059,173.215,0
15.239,29.943,-0.1079680547118187,-1.299,0.4991,173.232,0
15.2402,29.899,-0.10684048384428024,-1.337,0.493,173.332,0
15.2415,29.85,-0.10640689730644226,-1.383,0.4861,173.389,0
15.2427,29.806,-0.1050199493765831,-1.437,0.48,173.416,0
15.244,29.756,-0.10389164090156555,-1.503,0.4731,173.456,0
15.2452,29.713,-0.1023082584142685,-1.572,0.467,173.521,0
15.2464,29.669,-0.10151968896389008,-1.642,0.4609,173.548,0
15.2477,29.63,-0.10025665163993835,-1.712,0.4556,173.588,0
15.249,29.586,-0.09869898855686188,-1.798,0.4495,173.65,0
15.2502,29.542,-0.09816090017557144,-1.884,0.4434,173.685,0
15.2515,29.498,-0.09805315732955933,-1.973,0.4373,173.742,0
15.2527,29.454,-0.09715250134468079,-2.072,0.4312,173.809,0
15.254,29.41,-0.09647754579782486,-2.174,0.425,173.834,0
15.2552,29.372,-0.09620728343725204,-2.265,0.4197,173.905,0
15.2565,29.328,-0.09547387063503265,-2.376,0.4136,173.975,0
15.2577,29.284,-0.09483908116817474,-2.49,0.4075,173.985,0
15.259,29.246,-0.09433773905038834,-2.593,0.4022,174.02,0
15.2602,29.202,-0.0937420055270195,-2.712,0.3961,174.084,0
15.2615,29.158,-0.09333761781454086,-2.833,0.39,174.134,0
15.2629,29.119,-0.09187699109315872,-2.947,0.3846,174.177,0
15.2641,29.075,-0.09074205160140991,-3.076,0.3785,174.21,0
15.2654,29.037,-0.08955387771129608,-3.19,0.3732,174.272,0
15.2667,28.998,-0.08859428018331528,-3.304,0.3678,174.299,0
15.268,28.96,-0.08832793682813644,-3.414,0.3625,174.373,0
15.2692,28.916,-0.0882815346121788,-3.537,0.3564,174.4,0
15.2704,28.878,-0.08941565454006195,-3.637,0.351,174.44,0
15.2717,28.834,-0.09013302624225616,-3.753,0.3449,174.508,0
15.273,28.795,-0.09129200875759125,-3.851,0.3396,174.508,0
15.2745,28.74,-0.09213174879550934,-3.991,0.332,174.583,0
15.2758,28.696,-0.09318874776363373,-4.098,0.3259,174.646,0
15.277,28.652,-0.093656025826931,-4.204,0.3198,174.69,0
15.2783,28.614,-0.09410585463047028,-4.294,0.3144,174.706,0
15.2795,28.57,-0.09456055611371994,-4.392,0.3083,174.735,0
15.2809,28.526,-0.0947146788239479,-4.488,0.3022,174.798,0
15.2822,28.482,-0.09402305632829666,-4.583,0.2961,174.83,0
15.2834,28.438,-0.09400388598442078,-4.668,0.29,174.863,0
15.2847,28.394,-0.09422069042921066,-4.746,0.2839,174.917,0
15.286,28.35,-0.09467992931604385,-4.816,0.2778,174.981,0
15.2873,28.301,-0.09696569293737411,-4.875,0.2709,174.988,0
15.2886,28.251,-0.10032076388597488,-4.919,0.2641,175.055,0
15.2899,28.202,-0.10218444466590881,-4.963,0.2572,175.116,0
15.2912,28.152,-0.1052006185054779,-4.99,0.2503,175.198,0
15.2925,28.098,-0.10675591230392456,-5.018,0.2427,175.147,0
15.2937,28.043,-0.1096256673336029,-5.027,0.2351,175.246,0
15.295,27.999,-0.1102767363190651,-5.034,0.229,175.266,0
15.2962,27.944,-0.1107594296336174,-5.033,0.2213,175.343,0
15.2975,27.894,-0.11050037294626236,-5.026,0.2145,175.391,0
15.2989,27.839,-0.10995879769325256,-5.007,0.2068,175.412,0
15.3002,27.79,-0.11014269292354584,-4.976,0.2,175.435,0
15.3015,27.735,-0.11069712042808533,-4.927,0.1924,175.472,0
15.3028,27.686,-0.11167027056217194,-4.87,0.1855,175.512,0
15.3041,27.631,-0.11226815730333328,-4.799,0.1779,175.578,0
15.3054,27.576,-0.11359767615795135,-4.713,0.1702,175.623,0
15.3066,27.521,-0.11434749513864517,-4.619,0.1626,175.649,0
15.3079,27.471,-0.1143481507897377,-4.531,0.1557,175.702,0
15.3091,27.422,-0.11369498819112778,-4.44,0.1489,175.742,0
15.3104,27.372,-0.11352560669183731,-4.339,0.142,175.792,0
15.3117,27.318,-0.11406747251749039,-4.215,0.1344,175.817,0
15.313,27.263,-0.11505021899938583,-4.083,0.1267,175.866,0
15.3143,27.208,-0.11570612341165543,-3.947,0.1191,175.919,0
15.3156,27.153,-0.11684241145849228,-3.803,0.1115,175.948,0
15.3169,27.098,-0.11711224913597107,-3.662,0.1039,176.009,0
15.3181,27.043,-0.11748993396759033,-3.517,0.0962,176.049,0
15.3194,26.988,-0.11727970838546753,-3.374,0.0886,176.079,0
15.3207,26.938,-0.11647767573595047,-3.249,0.0817,176.159,0
15.322,26.884,-0.11617779731750488,-3.106,0.0741,176.145,0
15.3233,26.829,-0.11584164947271347,-2.966,0.0665,176.196,0
15.3246,26.768,-0.11683479696512222,-2.806,0.0581,176.27,0
15.326,26.713,-0.11858126521110535,-2.659,0.0504,176.292,0
15.3273,26.653,-0.1208917573094368,-2.501,0.0421,176.341,0
15.3285,26.598,-0.12149001657962799,-2.371,0.0344,176.432,0
15.3298,26.537,-0.12257310003042221,-2.233,0.026,176.444,0
15.3311,26.483,-0.12213742733001709,-2.123,0.0184,176.459,0
15.3324,26.433,-0.12150117009878159,-2.032,0.0115,176.546,0
15.3337,26.373,-0.12091280519962311,-1.929,0.0031,176.56,0
15.335,26.318,-0.11896760016679764,-1.852,0.9955,176.616,0
15.3363,26.268,-0.11749691516160965,-1.789,0.9886,176.633,0
15.3375,26.219,-0.11515788733959198,-1.738,0.9818,176.656,0
15.3389,26.164,-0.1132059246301651,-1.687,0.9742,176.7,0
15.3402,26.115,-0.11125960946083069,-1.651,0.9673,176.759,0
15.3415,26.071,-0.10898726433515549,-1.628,0.9612,176.8,0
15.3427,26.027,-0.10622530430555344,-1.614,0.9551,176.838,0
15.344,25.977,-0.10483474284410477,-1.596,0.9482,176.831,0
15.3452,25.933,-0.10323067754507065,-1.588,0.9421,176.909,0
15.3465,25.889,-0.10216040164232254,-1.582,0.936,176.944,0
15.3477,25.845,-0.1008402481675148,-1.584,0.9299,176.965,0
15.3491,25.801,-0.09984881430864334,-1.59,0.9238,177.025,0
15.3504,25.752,-0.09849462658166885,-1.604,0.9169,177.026,0
15.3517,25.708,-0.09751108288764954,-1.62,0.9108,177.046,0
15.353,25.664,-0.09678557515144348,-1.639,0.9047,177.092,0
15.3542,25.62,-0.09622754901647568,-1.662,0.8986,177.122,0
15.3554,25.582,-0.09541192650794983,-1.688,0.8933,177.172,0
15.3567,25.543,-0.09398219734430313,-1.72,0.8879,177.247,0
15.358,25.499,-0.09304089099168777,-1.756,0.8818,177.227,0
15.3592,25.461,-0.09134040772914886,-1.795,0.8765,177.274,0
15.3606,25.422,-0.08971388638019562,-1.836,0.8712,177.313,0
15.3619,25.378,-0.08847275376319885,-1.881,0.8651,177.369,0
15.3632,25.34,-0.08694134652614594,-1.925,0.8597,177.403,0
15.3644,25.307,-0.08529570698738098,-1.965,0.8551,177.437,0
15.3657,25.269,-0.08427713066339493,-2.008,0.8498,177.497,0
15.367,25.23,-0.08383627980947495,-2.048,0.8445,177.478,0
15.3683,25.192,-0.0831323117017746,-2.091,0.8391,177.554,0
15.3695,25.153,-0.08283206075429916,-2.131,0.8338,177.574,0
15.3709,25.115,-0.08257538825273514,-2.17,0.8284,177.656,0
15.3721,25.082,-0.08252965658903122,-2.203,0.8239,177.651,0
15.3734,25.043,-0.08248496800661087,-2.24,0.8185,177.69,0
15.3748,24.999,-0.08248165249824524,-2.281,0.8124,177.728,0
15.3761,24.961,-0.08222515881061554,-2.318,0.8071,177.762,0
15.3773,24.928,-0.08129517734050751,-2.352,0.8025,177.809,0
15.3786,24.89,-0.08150589466094971,-2.383,0.7971,177.818,0
15.3798,24.851,-0.08184974640607834,-2.411,0.7918,177.879,0
15.3811,24.818,-0.08101001381874084,-2.441,0.7872,177.911,0
15.3823,24.78,-0.08099310845136642,-2.467,0.7819,177.948,0
15.3836,24.741,-0.08206875622272491,-2.484,0.7766,177.982,0
15.3848,24.703,-0.08295741677284241,-2.5,0.7712,178.054,0
15.3861,24.664,-0.08437613397836685,-2.51,0.7659,178.049,0
15.3874,24.626,-0.0853298157453537,-2.52,0.7605,178.125,0
15.3886,24.582,-0.08757738023996353,-2.521,0.7544,178.167,0
15.3899,24.543,-0.08872895687818527,-2.523,0.7491,178.216,0
15.3911,24.494,-0.09161505848169327,-2.513,0.7422,178.277,0
15.3924,24.45,-0.09268680214881897,-2.508,0.7361,178.31,0
15.3937,24.406,-0.09381550550460815,-2.498,0.73,178.327,0
15.395,24.362,-0.09505242109298706,-2.484,0.7239,178.381,0
15.3963,24.313,-0.0967739075422287,-2.461,0.717,178.434,0
15.3975,24.269,-0.09749849885702133,-2.44,0.7109,178.475,0
15.3988,24.225,-0.0983605906367302,-2.414,0.7048,178.513,0
15.4001,24.175,-0.09845345467329025,-2.386,0.698,178.589,0
15.4015,24.131,-0.09949435293674469,-2.351,0.6919,178.635,0
15.4029,24.077,-0.1005786582827568,-2.303,0.6842,178.673,0
15.4042,24.027,-0.10094331204891205,-2.259,0.6774,178.784,0
15.4055,23.983,-0.10130760818719864,-2.217,0.6713,178.813,0
15.4067,23.934,-0.10195494443178177,-2.164,0.6644,178.851,0
15.408,23.89,-0.10107020288705826,-2.123,0.6583,178.934,0
15.4094,23.84,-0.10060178488492966,-2.072,0.6514,178.988,0
15.4107,23.791,-0.10093420743942261,-2.013,0.6446,179.039,0
15.412,23.747,-0.10079652816057205,-1.962,0.6385,179.1,0
15.4132,23.698,-0.10180393606424332,-1.897,0.6316,179.166,0
15.4145,23.654,-0.10267674922943115,-1.839,0.6255,179.221,0
15.4157,23.604,-0.10298105329275131,-1.777,0.6186,179.259,0
15.417,23.56,-0.10362514853477478,-1.721,0.6125,179.302,0
15.4182,23.511,-0.10349477827548981,-1.663,0.6057,179.349,0
15.4197,23.456,-0.10431396216154099,-1.595,0.598,179.442,0
15.421,23.412,-0.10385125875473022,-1.55,0.5919,179.523,0
15.4223,23.362,-0.10298102349042892,-1.504,0.5851,179.544,0
15.4235,23.318,-0.10194727778434753,-1.468,0.5789,179.659,0
15.425,23.264,-0.10114549100399017,-1.424,0.5713,179.647,0
15.4262,23.22,-0.1011708453297615,-1.389,0.5652,179.725,0
15.4275,23.176,-0.10074834525585175,-1.361,0.5591,179.774,0
15.4289,23.126,-0.10126186162233353,-1.329,0.5522,179.859,0
15.4301,23.077,-0.10157191008329391,-1.304,0.5454,179.895,0
15.4314,23.027,-0.10204742103815079,-1.285,0.5385,179.945,0
15.4327,22.983,-0.10122774541378021,-1.281,0.5324,180.034,0
15.434,22.939,-0.10108689218759537,-1.279,0.5263,180.092,0
15.4353,22.89,-0.10132087767124176,-1.281,0.5194,180.166,0
15.4366,22.846,-0.10048376768827438,-1.296,0.5133,180.194,0
15.4379,22.802,-0.09994619339704514,-1.315,0.5072,180.214,0
15.4391,22.753,-0.0989220142364502,-1.348,0.5004,180.303,0
15.4404,22.709,-0.09843812137842178,-1.38,0.4943,180.338,0
15.4418,22.665,-0.09794069081544876,-1.42,0.4882,180.404,0
15.443,22.621,-0.09779144823551178,-1.464,0.4821,180.481,0
15.4443,22.577,-0.096988745033741,-1.519,0.476,180.484,0
15.4456,22.533,-0.09646622091531754,-1.578,0.4698,180.527,0
15.4468,22.495,-0.09493700414896011,-1.642,0.4645,180.591,0
15.4481,22.451,-0.0937742292881012,-1.717,0.4584,180.638,0
15.4494,22.407,-0.09229724854230881,-1.8,0.4523,180.692,0
15.4506,22.368,-0.09081921726465225,-1.879,0.447,180.728,0
15.452,22.33,-0.0894165188074112,-1.961,0.4416,180.782,0
15.4533,22.291,-0.08799993246793747,-2.048,0.4363,180.813,0
15.4545,22.253,-0.087577223777771,-2.133,0.4309,180.849,0
15.4558,22.209,-0.0866781696677208,-2.236,0.4248,180.883,0
15.4571,22.17,-0.08660287410020828,-2.327,0.4195,180.952,0
15.4584,22.132,-0.08665374666452408,-2.419,0.4142,181.007,0
15.4596,22.094,-0.08677299320697784,-2.515,0.4088,181.059,0
15.4609,22.055,-0.0859498381614685,-2.618,0.4035,181.08,0
15.4622,22.017,-0.0848160833120346,-2.726,0.3981,181.152,0
15.4634,21.978,-0.08403564989566803,-2.834,0.3928,181.204,0
15.4647,21.945,-0.0826522633433342,-2.931,0.3882,181.182,0
15.466,21.907,-0.0814962089061737,-3.044,0.3829,181.251,0
15.4672,21.874,-0.0800962895154953,-3.144,0.3783,181.279,0
15.4685,21.841,-0.07843222469091415,-3.246,0.3737,181.334,0
15.4698,21.802,-0.07757656276226044,-3.359,0.3684,181.377,0
15.471,21.769,-0.07731903344392776,-3.453,0.3638,181.427,0
15.4724,21.736,-0.07626460492610931,-3.552,0.3592,181.469,0
15.4736,21.703,-0.0759933590888977,-3.645,0.3546,181.491,0
15.4751,21.66,-0.07733824849128723,-3.759,0.3485,181.543,0
15.4764,21.627,-0.07739304006099701,-3.849,0.344,181.525,0
15.4776,21.588,-0.07826358079910278,-3.947,0.3386,181.613,0
15.4789,21.55,-0.07920157164335251,-4.044,0.3333,181.66,0
15.4802,21.517,-0.07956579327583313,-4.127,0.3287,181.715,0
15.4815,21.478,-0.0798286497592926,-4.223,0.3234,181.751,0
15.4828,21.44,-0.0798836201429367,-4.317,0.318,181.756,0
15.4841,21.401,-0.08026903867721558,-4.406,0.3127,181.783,0
15.4854,21.363,-0.08045469969511032,-4.493,0.3073,181.842,0
15.4868,21.324,-0.0804305374622345,-4.577,0.302,181.859,0
15.4881,21.286,-0.08070025593042374,-4.655,0.2967,181.929,0
15.4894,21.248,-0.08156183362007141,-4.725,0.2913,181.962,0
15.4908,21.204,-0.08265270292758942,-4.799,0.2852,182.004,0
15.4921,21.165,-0.08426540344953537,-4.854,0.2799,182.003,0
15.4933,21.121,-0.08660944551229477,-4.908,0.2738,182.095,0
15.4945,21.077,-0.08932829648256302,-4.953,0.2677,182.132,0
15.4959,21.033,-0.09240453690290451,-4.988,0.2616,182.146,0
15.4972,20.984,-0.09446673095226288,-5.027,0.2547,182.222,0
15.4986,20.934,-0.09637827426195145,-5.056,0.2478,182.266,0
15.5,20.885,-0.09810984134674072,-5.077,0.241,182.286,0
15.5014,20.83,-0.09941340982913971,-5.092,0.2333,182.364,0
15.5027,20.781,-0.09966768324375153,-5.1,0.2265,182.383,0
15.5039,20.737,-0.09953957051038742,-5.1,0.2204,182.421,0
15.5053,20.693,-0.09997647255659103,-5.089,0.2143,182.475,0
15.5066,20.643,-0.10069654881954193,-5.065,0.2074,182.49,0
15.508,20.588,-0.1016523614525795,-5.026,0.1998,182.536,0
15.5093,20.539,-0.10283008217811584,-4.978,0.1929,182.588,0
15.5107,20.484,-0.10405895859003067,-4.914,0.1853,182.658,0
15.5121,20.435,-0.10446039587259293,-4.851,0.1784,182.669,0
15.5134,20.385,-0.10478268563747406,-4.78,0.1715,182.732,0
15.5147,20.336,-0.1044117882847786,-4.704,0.1647,182.747,0
15.516,20.286,-0.10375746339559555,-4.622,0.1578,182.8,0
15.5174,20.237,-0.10187340527772903,-4.54,0.1509,182.849,0
15.5189,20.193,-0.0999634638428688,-4.463,0.1448,182.874,0
15.5202,20.138,-0.10023514181375504,-4.344,0.1372,182.927,0
15.5214,20.094,-0.10109284520149231,-4.24,0.1311,182.96,0
15.5228,20.045,-0.10221558064222336,-4.117,0.1242,183.009,0
15.524,19.995,-0.10341913253068924,-3.99,0.1174,183.017,0
15.5253,19.946,-0.10465601831674576,-3.859,0.1105,183.05,0
15.5268,19.891,-0.10623040050268173,-3.709,0.1029,183.138,0
15.528,19.841,-0.10521157830953598,-3.586,0.096,183.146,0
15.5293,19.792,-0.1046861782670021,-3.46,0.0891,183.204,0
15.5306,19.748,-0.10243245214223862,-3.358,0.083,183.211,0
15.5319,19.704,-0.10136867314577103,-3.249,0.0769,183.248,0
15.5332,19.66,-0.10069464147090912,-3.138,0.0708,183.298,0
15.5345,19.611,-0.0998513326048851,-3.016,0.064,183.295,0
15.5359,19.561,-0.10087049007415771,-2.884,0.0571,183.398,0
15.5371,19.512,-0.10243434458971024,-2.753,0.0502,183.37,0
15.5385,19.462,-0.1038479134440422,-2.625,0.0434,183.454,0
15.5399,19.407,-0.1051875501871109,-2.49,0.0357,183.501,0
15.5411,19.358,-0.10554424673318863,-2.379,0.0289,183.549,0
15.5424,19.308,-0.10624784231185913,-2.271,0.022,183.593,0
15.5438,19.259,-0.10659518092870712,-2.171,0.0151,183.572,0
15.5453,19.199,-0.10629865527153015,-2.061,0.0067,183.655,0
15.5466,19.149,-0.10647010803222656,-1.977,0.9999,183.671,0
15.5479,19.1,-0.1054033637046814,-1.906,0.993,183.75,0
15.5492,19.05,-0.10547768324613571,-1.837,0.9861,183.742,0
15.5504,19.001,-0.10540255159139633,-1.775,0.9793,183.813,0
15.5518,18.957,-0.10517074167728424,-1.728,0.9732,183.841,0
15.5532,18.902,-0.10453789681196213,-1.68,0.9655,183.88,0
15.5544,18.858,-0.10283434391021729,-1.656,0.9594,183.911,0
15.5562,18.814,-0.10045059770345688,-1.641,0.9533,183.93,0
15.5575,18.759,-0.09694281220436096,-1.635,0.9457,183.949,0
15.5589,18.715,-0.09415490925312042,-1.637,0.9396,184.008,0
15.5604,18.671,-0.09145917743444443,-1.643,0.9335,184.042,0
15.5619,18.622,-0.0885801613330841,-1.657,0.9266,184.072,0
15.5632,18.583,-0.08779100328683853,-1.663,0.9213,184.129,0
15.5645,18.545,-0.08637271821498871,-1.678,0.916,184.135,0
15.5657,18.506,-0.08647048473358154,-1.687,0.9106,184.163,0
15.567,18.468,-0.08608143776655197,-1.702,0.9053,184.213,0
15.5683,18.424,-0.08628730475902557,-1.72,0.8992,184.241,0
15.5695,18.391,-0.08606423437595367,-1.739,0.8946,184.266,0
15.5708,18.347,-0.0853172168135643,-1.769,0.8885,184.308,0
15.5721,18.309,-0.08446473628282547,-1.8,0.8831,184.304,0
15.5733,18.276,-0.08322420716285706,-1.832,0.8786,184.376,0
15.5746,18.237,-0.08194367587566376,-1.87,0.8732,184.435,0
15.5761,18.204,-0.07979179918766022,-1.91,0.8687,184.448,0
15.5773,18.166,-0.07841207087039948,-1.952,0.8633,184.469,0
15.5785,18.133,-0.07724489271640778,-1.989,0.8587,184.495,0
15.5797,18.1,-0.07689394801855087,-2.022,0.8542,184.503,0
15.5809,18.067,-0.07661885023117065,-2.055,0.8496,184.582,0
15.5822,18.034,-0.07588867843151093,-2.092,0.845,184.589,0
15.5834,18.001,-0.07629900425672531,-2.122,0.8404,184.633,0
15.5847,17.968,-0.07608861476182938,-2.156,0.8358,184.655,0
15.5859,17.935,-0.0765245258808136,-2.186,0.8313,184.705,0
15.5871,17.897,-0.07731817662715912,-2.219,0.8259,184.712,0
15.5884,17.864,-0.07687222957611084,-2.254,0.8214,184.76,0
15.5898,17.825,-0.0771162360906601,-2.289,0.816,184.793,0
15.5911,17.792,-0.07656120508909225,-2.323,0.8114,184.828,0
15.5925,17.754,-0.07574527710676193,-2.363,0.8061,184.847,0
15.5939,17.721,-0.07489697635173798,-2.397,0.8015,184.913,0
15.5954,17.677,-0.07454994320869446,-2.435,0.7954,184.937,0
15.5967,17.644,-0.07427379488945007,-2.462,0.7908,184.964,0
15.598,17.611,-0.07398571819067001,-2.488,0.7863,185.002,0
15.5993,17.573,-0.0752277672290802,-2.506,0.7809,185.027,0
15.6005,17.534,-0.07615290582180023,-2.524,0.7756,185.081,0
15.6019,17.496,-0.07801634073257446,-2.533,0.7702,185.137,0
15.6031,17.457,-0.07973635196685791,-2.541,0.7649,185.157,0
15.6044,17.419,-0.08196242898702621,-2.543,0.7596,185.191,0
15.6058,17.375,-0.0839751586318016,-2.544,0.7534,185.259,0
15.6071,17.331,-0.08593440800905228,-2.542,0.7473,185.301,0
15.6083,17.292,-0.08759044110774994,-2.537,0.742,185.35,0
15.6097,17.249,-0.0885249525308609,-2.533,0.7359,185.371,0
15.611,17.205,-0.08978298306465149,-2.522,0.7298,185.408,0
15.6122,17.161,-0.09134769439697266,-2.506,0.7237,185.488,0
15.6135,17.117,-0.09296863526105881,-2.485,0.7176,185.513,0
15.6147,17.073,-0.09461462497711182,-2.459,0.7115,185.573,0
15.616,17.029,-0.09635289013385773,-2.428,0.7054,185.628,0
15.6172,16.979,-0.09769147634506226,-2.393,0.6985,185.672,0
15.6185,16.935,-0.09858985990285873,-2.359,0.6924,185.728,0
15.6198,16.886,-0.10024253278970718,-2.313,0.6855,185.734,0
15.621,16.842,-0.10133613646030426,-2.27,0.6794,185.837,0
15.6223,16.793,-0.10148947685956955,-2.225,0.6726,185.857,0
15.6236,16.749,-0.10071210563182831,-2.187,0.6665,185.918,0
15.6249,16.705,-0.10016264766454697,-2.145,0.6604,185.993,0
15.6262,16.661,-0.09910865873098373,-2.104,0.6543,186.034,0
15.6279,16.611,-0.09878508001565933,-2.05,0.6474,186.113,0
15.6292,16.551,-0.09812365472316742,-1.983,0.639,186.145,0
15.6306,16.507,-0.09787408262491226,-1.932,0.6329,186.218,0
15.6319,16.463,-0.0979824885725975,-1.878,0.6268,186.238,0
15.6331,16.414,-0.09904089570045471,-1.812,0.6199,186.29,0
15.6345,16.37,-0.09930753707885742,-1.758,0.6138,186.371,0
15.6359,16.315,-0.100077323615551,-1.688,0.6062,186.436,0
15.6372,16.271,-0.09973371028900146,-1.64,0.6001,186.475,0
15.6386,16.221,-0.09946591407060623,-1.587,0.5932,186.55,0
15.6399,16.172,-0.09877216070890427,-1.539,0.5864,186.582,0
15.6414,16.128,-0.09771514683961868,-1.502,0.5803,186.643,0
15.6428,16.078,-0.09611223638057709,-1.467,0.5734,186.704,0
15.6441,16.035,-0.09626974165439606,-1.43,0.5673,186.74,0
15.6456,15.98,-0.09659532457590103,-1.388,0.5597,186.801,0
15.6469,15.936,-0.0962267592549324,-1.364,0.5536,186.905,0
15.6482,15.886,-0.09671325236558914,-1.337,0.5467,186.921,0
15.6495,15.842,-0.09664542227983475,-1.321,0.5406,186.997,0
15.6509,15.798,-0.09580060094594955,-1.316,0.5345,187.063,0
15.6523,15.754,-0.09546495974063873,-1.313,0.5284,187.114,0
15.6536,15.705,-0.09504130482673645,-1.317,0.5215,187.16,0
15.6549,15.661,-0.09466931223869324,-1.327,0.5154,187.226,0
15.6562,15.617,-0.09419350326061249,-1.344,0.5093,187.293,0
15.6574,15.573,-0.09355546534061432,-1.368,0.5032,187.342,0
15.6587,15.535,-0.09347667545080185,-1.392,0.4979,187.367,0
15.66,15.491,-0.09357278794050217,-1.424,0.4918,187.454,0
15.6613,15.447,-0.09294172376394272,-1.467,0.4857,187.439,0
15.6626,15.403,-0.09280999004840851,-1.514,0.4796,187.53,0
15.6639,15.364,-0.09240376204252243,-1.562,0.4742,187.59,0
15.6652,15.315,-0.09180839359760284,-1.631,0.4673,187.6,0
15.6665,15.276,-0.09116306155920029,-1.692,0.462,187.633,0
15.668,15.238,-0.08908842504024506,-1.766,0.4567,187.681,0
15.6693,15.194,-0.08646482974290848,-1.857,0.4506,187.761,0
15.6706,15.156,-0.08452235907316208,-1.94,0.4452,187.793,0
15.6719,15.123,-0.08217913657426834,-2.019,0.4406,187.809,0
15.6732,15.084,-0.0800616517663002,-2.11,0.4353,187.892,0
15.6745,15.051,-0.07839134335517883,-2.191,0.4307,187.95,0
15.6757,15.018,-0.07716765999794006,-2.272,0.4261,187.968,0
15.677,14.985,-0.07621699571609497,-2.354,0.4216,188.009,0
15.6783,14.952,-0.07555966824293137,-2.436,0.417,187.992,0
15.6795,14.919,-0.07539878785610199,-2.518,0.4124,188.073,0
15.6808,14.886,-0.07496453076601028,-2.603,0.4078,188.108,0
15.682,14.854,-0.07484430819749832,-2.689,0.4033,188.189,0
15.6832,14.821,-0.07484032958745956,-2.775,0.3987,188.203,0
15.6846,14.782,-0.07485740631818771,-2.878,0.3933,188.258,0
15.6859,14.749,-0.074101522564888,-2.972,0.3888,188.258,0
15.6872,14.716,-0.07292534410953522,-3.069,0.3842,188.308,0
15.6885,14.683,-0.0719645768404007,-3.166,0.3796,188.332,0
15.6897,14.656,-0.07100927084684372,-3.248,0.3758,188.405,0
15.6911,14.623,-0.06924237310886383,-3.351,0.3712,188.452,0
15.6923,14.59,-0.06815452128648758,-3.45,0.3666,188.435,0
15.6936,14.562,-0.06713400781154633,-3.533,0.3628,188.469,0
15.695,14.535,-0.0666082426905632,-3.613,0.359,188.524,0
15.6962,14.502,-0.06660132110118866,-3.705,0.3544,188.569,0
15.6976,14.469,-0.06759275496006012,-3.791,0.3499,188.638,0
15.6988,14.436,-0.06842418015003204,-3.876,0.3453,188.635,0
15.7,14.403,-0.06891793012619019,-3.963,0.3407,188.692,0
15.7014,14.37,-0.06927108019590378,-4.049,0.3361,188.726,0
15.7027,14.337,-0.06980204582214355,-4.132,0.3315,188.71,0
15.704,14.304,-0.06974714249372482,-4.218,0.327,188.797,0
15.7053,14.277,-0.06990078836679459,-4.286,0.3232,188.818,0
15.7065,14.238,-0.0703834593296051,-4.377,0.3178,188.839,0
15.7079,14.205,-0.07074989378452301,-4.454,0.3132,188.894,0
15.7092,14.172,-0.07069756090641022,-4.53,0.3087,188.898,0
15.7105,14.139,-0.07101814448833466,-4.601,0.3041,188.936,0
15.7117,14.112,-0.07032959163188934,-4.663,0.3003,188.984,0
15.713,14.079,-0.0700656846165657,-4.732,0.2957,188.995,0
15.7143,14.046,-0.07002576440572739,-4.797,0.2911,189.03,0
15.7157,14.008,-0.0707034170627594,-4.863,0.2858,189.095,0
15.717,13.969,-0.072846919298172,-4.916,0.2804,189.142,0
15.7182,13.936,-0.07528112083673477,-4.954,0.2758,189.141,0
15.7195,13.898,-0.07806681841611862,-4.993,0.2705,189.195,0
15.7208,13.854,-0.08069594204425812,-5.034,0.2644,189.24,0
15.7221,13.815,-0.0832568034529686,-5.062,0.2591,189.309,0
15.7233,13.771,-0.08587433397769928,-5.09,0.253,189.315,0
15.7245,13.733,-0.0873192548751831,-5.112,0.2476,189.368,0
15.7257,13.689,-0.08906082063913345,-5.129,0.2415,189.371,0
15.727,13.651,-0.09049618244171143,-5.138,0.2362,189.43,0
15.7282,13.607,-0.09130208939313889,-5.146,0.2301,189.479,0
15.7295,13.568,-0.09103953838348389,-5.152,0.2247,189.498,0
15.7307,13.53,-0.09109355509281158,-5.15,0.2194,189.558,0
15.732,13.486,-0.09152432531118393,-5.137,0.2133,189.556,0
15.7332,13.442,-0.0914703831076622,-5.119,0.2072,189.595,0
15.7346,13.403,-0.09354955703020096,-5.085,0.2018,189.622,0
15.7358,13.354,-0.09575745463371277,-5.034,0.195,189.715,0
15.7371,13.304,-0.09698070585727692,-4.979,0.1881,189.739,0
15.7383,13.26,-0.09845250099897385,-4.92,0.182,189.8,0
15.7395,13.217,-0.09903373569250107,-4.859,0.1759,189.786,0
15.7408,13.173,-0.09898483753204346,-4.795,0.1698,189.878,0
15.742,13.129,-0.09802762418985367,-4.731,0.1637,189.893,0
15.7433,13.085,-0.09669148921966553,-4.662,0.1576,189.891,0
15.7446,13.046,-0.0941350981593132,-4.605,0.1523,189.96,0
15.746,13.008,-0.0916941836476326,-4.543,0.1469,189.98,0
15.7473,12.964,-0.08914748579263687,-4.467,0.1408,190.028,0
15.7486,12.925,-0.08828974515199661,-4.388,0.1355,190.046,0
15.7499,12.881,-0.0891140028834343,-4.283,0.1294,190.054,0
15.7512,12.838,-0.09020969271659851,-4.172,0.1233,190.118,0
15.7525,12.794,-0.09153479337692261,-4.057,0.1172,190.167,0
15.7538,12.75,-0.0931273028254509,-3.938,0.1111,190.172,0
15.755,12.706,-0.0940881222486496,-3.82,0.1049,190.204,0
15.7562,12.662,-0.09491206705570221,-3.701,0.0988,190.234,0
15.7575,12.623,-0.0950697585940361,-3.6,0.0935,190.269,0
15.7589,12.579,-0.09367527812719345,-3.493,0.0874,190.304,0
15.7601,12.535,-0.09254549443721771,-3.384,0.0813,190.346,0
15.7613,12.497,-0.09060724824666977,-3.295,0.076,190.38,0
15.7626,12.458,-0.08906030654907227,-3.204,0.0706,190.391,0
15.7639,12.42,-0.08763264119625092,-3.113,0.0653,190.432,0
15.7652,12.382,-0.08704369515180588,-3.019,0.0599,190.452,0
15.7664,12.343,-0.08689972013235092,-2.923,0.0546,190.478,0
15.7677,12.305,-0.08761750906705856,-2.824,0.0493,190.528,0
15.769,12.261,-0.08805500715970993,-2.716,0.0432,190.564,0
15.7702,12.222,-0.08894012868404388,-2.622,0.0378,190.581,0
15.7715,12.178,-0.08916668593883514,-2.522,0.0317,190.665,0
15.7727,12.14,-0.08911778032779694,-2.439,0.0264,190.663,0
15.7739,12.101,-0.08892570436000824,-2.36,0.021,190.7,0
15.7752,12.063,-0.08871237188577652,-2.286,0.0157,190.714,0
15.7765,12.019,-0.08880332857370377,-2.203,0.0096,190.74,0
15.7778,11.975,-0.08912649750709534,-2.124,0.0035,190.777,0
15.7791,11.937,-0.08997543156147003,-2.055,0.9981,190.787,0
15.7803,11.893,-0.09043508023023605,-1.986,0.992,190.854,0
15.7816,11.849,-0.09183042496442795,-1.917,0.9859,190.882,0
15.7829,11.81,-0.09258298575878143,-1.864,0.9806,190.92,0
15.7842,11.761,-0.09351902455091476,-1.802,0.9737,190.969,0
15.7855,11.717,-0.09371135383844376,-1.758,0.9676,190.963,0
15.787,11.673,-0.09357136487960815,-1.722,0.9615,190.949,0
15.7882,11.629,-0.09227801859378815,-1.699,0.9554,190.997,0
15.7895,11.591,-0.09071582555770874,-1.687,0.9501,191.051,0
15.7908,11.552,-0.08816973119974136,-1.685,0.9447,191.062,0
15.7921,11.514,-0.08558739721775055,-1.687,0.9394,191.074,0
15.7934,11.481,-0.08277904242277145,-1.697,0.9348,191.122,0
15.7947,11.448,-0.07931116223335266,-1.713,0.9302,191.152,0
15.796,11.415,-0.07615475356578827,-1.731,0.9257,191.159,0
15.7973,11.382,-0.07357075810432434,-1.748,0.9211,191.211,0
15.7986,11.354,-0.07171961665153503,-1.763,0.9173,191.245,0
15.7999,11.321,-0.06978590041399002,-1.782,0.9127,191.248,0
15.8012,11.294,-0.06829073280096054,-1.799,0.9089,191.293,0
15.8024,11.261,-0.0671176016330719,-1.818,0.9043,191.315,0
15.8037,11.234,-0.06703343987464905,-1.83,0.9005,191.365,0
15.805,11.206,-0.06627199053764343,-1.848,0.8967,191.355,0
15.8063,11.173,-0.06668978184461594,-1.864,0.8921,191.386,0
15.8075,11.14,-0.06620489805936813,-1.888,0.8875,191.427,0
15.8088,11.113,-0.06496187299489975,-1.914,0.8837,191.444,0
15.8101,11.085,-0.06538205593824387,-1.931,0.8799,191.486,0
15.8114,11.058,-0.06431256979703903,-1.958,0.8761,191.498,0
15.8127,11.025,-0.06233320012688637,-1.996,0.8715,191.556,0
15.814,11.003,-0.060681745409965515,-2.025,0.8684,191.53,0
15.8153,10.975,-0.059048593044281006,-2.058,0.8646,191.569,0
15.8166,10.953,-0.05777226760983467,-2.085,0.8616,191.594,0
15.8179,10.926,-0.056579310446977615,-2.117,0.8578,191.602,0
15.8191,10.898,-0.055972252041101456,-2.146,0.8539,191.62,0
15.8205,10.876,-0.05539902672171593,-2.17,0.8509,191.649,0
15.8221,10.849,-0.055366456508636475,-2.197,0.8471,191.702,0
15.8235,10.816,-0.05585679039359093,-2.227,0.8425,191.683,0
15.8249,10.789,-0.056286152452230453,-2.252,0.8387,191.725,0
15.8262,10.761,-0.057116713374853134,-2.274,0.8349,191.755,0
15.8274,10.728,-0.058138325810432434,-2.301,0.8303,191.762,0
15.8287,10.701,-0.05879278481006622,-2.324,0.8265,191.805,0
15.8299,10.679,-0.058979060500860214,-2.345,0.8234,191.811,0
15.8313,10.651,-0.058855101466178894,-2.372,0.8196,191.897,0
15.8325,10.624,-0.05860234051942825,-2.4,0.8158,191.875,0
15.8338,10.596,-0.059064701199531555,-2.423,0.812,191.921,0
15.8351,10.569,-0.05863320827484131,-2.45,0.8082,191.937,0
15.8363,10.541,-0.05792366713285446,-2.478,0.8044,191.981,0
15.8376,10.519,-0.05758245289325714,-2.499,0.8013,192.004,0
15.8389,10.492,-0.057131294161081314,-2.524,0.7975,192.016,0
15.8402,10.464,-0.056783419102430344,-2.548,0.7937,192.027,0
15.8415,10.437,-0.05642439424991608,-2.571,0.7899,192.07,0
15.8429,10.415,-0.056312549859285355,-2.588,0.7868,192.108,0
15.8441,10.388,-0.056436389684677124,-2.606,0.783,192.1,0
15.8454,10.36,-0.05721161141991615,-2.619,0.7792,192.134,0
15.8467,10.333,-0.058814652264118195,-2.627,0.7754,192.178,0
15.8479,10.3,-0.060617122799158096,-2.634,0.7708,192.194,0
15.8492,10.272,-0.06272377073764801,-2.635,0.767,192.219,0
15.8505,10.239,-0.06500248610973358,-2.636,0.7624,192.243,0
15.8519,10.201,-0.06721998751163483,-2.637,0.757,192.296,0
15.8532,10.162,-0.06937426328659058,-2.635,0.7517,192.346,0
15.8545,10.129,-0.07105019688606262,-2.631,0.7471,192.4,0
15.8559,10.096,-0.07236313074827194,-2.628,0.7426,192.425,0
15.8572,10.058,-0.07319778949022293,-2.625,0.7372,192.468,0
15.8585,10.02,-0.07433729618787766,-2.616,0.7319,192.488,0
15.8599,9.987,-0.07475098967552185,-2.61,0.7273,192.51,0
15.8613,9.948,-0.07577773928642273,-2.596,0.722,192.563,0
15.8625,9.91,-0.07662384957075119,-2.58,0.7166,192.61,0
15.8639,9.871,-0.07699120044708252,-2.564,0.7113,192.625,0
15.8651,9.833,-0.07840502262115479,-2.538,0.7059,192.667,0
15.8664,9.794,-0.08065877109766006,-2.504,0.7006,192.72,0
15.8677,9.756,-0.08185646682977676,-2.473,0.6953,192.733,0
15.8689,9.712,-0.08406373858451843,-2.429,0.6891,192.811,0
15.8702,9.673,-0.08572961390018463,-2.39,0.6838,192.826,0
15.8715,9.63,-0.08710286021232605,-2.345,0.6777,192.88,0
15.8728,9.591,-0.08791971206665039,-2.305,0.6724,192.949,0
15.8741,9.547,-0.08771836757659912,-2.263,0.6663,192.954,0
15.8753,9.509,-0.08757739514112473,-2.224,0.6609,193.05,0
15.8766,9.47,-0.0866817757487297,-2.189,0.6556,193.082,0
15.878,9.432,-0.08614827692508698,-2.149,0.6502,193.105,0
15.8792,9.393,-0.08516742289066315,-2.111,0.6449,193.191,0
15.8805,9.355,-0.08436269313097,-2.07,0.6396,193.201,0
15.8819,9.316,-0.08393774181604385,-2.027,0.6342,193.309,0
15.8832,9.272,-0.08426695317029953,-1.972,0.6281,193.29,0
15.8845,9.234,-0.08392024040222168,-1.928,0.6228,193.369,0
15.8858,9.196,-0.08355014026165009,-1.883,0.6174,193.385,0
15.8871,9.157,-0.0830349400639534,-1.84,0.6121,193.431,0
15.8884,9.119,-0.08287076652050018,-1.796,0.6068,193.498,0
15.8897,9.08,-0.08240137994289398,-1.754,0.6014,193.486,0
15.891,9.042,-0.08271075785160065,-1.709,0.5961,193.581,0
15.8923,9.009,-0.08152178674936295,-1.681,0.5915,193.609,0
15.8936,8.97,-0.08120756596326828,-1.643,0.5862,193.608,0
15.895,8.932,-0.08010600507259369,-1.611,0.5808,193.72,0
15.8962,8.899,-0.07854907214641571,-1.59,0.5762,193.712,0
15.8975,8.86,-0.07754238694906235,-1.563,0.5709,193.801,0
15.8989,8.828,-0.07720399647951126,-1.539,0.5663,193.797,0
15.9002,8.789,-0.07736822962760925,-1.51,0.561,193.873,0
15.9015,8.751,-0.07702475786209106,-1.488,0.5556,193.88,0
15.9029,8.718,-0.07690269500017166,-1.47,0.5511,193.93,0
15.9042,8.679,-0.0765327736735344,-1.455,0.5457,194.009,0
15.9055,8.646,-0.0765141025185585,-1.443,0.5411,194.018,0
15.9068,8.608,-0.07585451751947403,-1.437,0.5358,194.093,0
15.9081,8.575,-0.07507458329200745,-1.436,0.5312,194.087,0
15.9095,8.542,-0.07442357391119003,-1.438,0.5266,194.155,0
15.9109,8.503,-0.07365863770246506,-1.445,0.5213,194.198,0
15.9122,8.47,-0.07271569222211838,-1.456,0.5167,194.295,0
15.9136,8.438,-0.07222676277160645,-1.468,0.5121,194.296,0
15.9149,8.405,-0.07146640866994858,-1.485,0.5076,194.321,0
15.9163,8.366,-0.07166125625371933,-1.503,0.5022,194.367,0
15.9176,8.333,-0.07197897136211395,-1.521,0.4977,194.389,0
15.919,8.295,-0.07291113585233688,-1.544,0.4923,194.431,0
15.9202,8.256,-0.07412784546613693,-1.571,0.487,194.488,0
15.9215,8.223,-0.0759541243314743,-1.593,0.4824,194.524,0
15.9229,8.185,-0.07644212990999222,-1.633,0.4771,194.549,0
15.9241,8.146,-0.07710165530443192,-1.676,0.4717,194.612,0
15.9254,8.113,-0.07733598351478577,-1.72,0.4671,194.618,0
15.9268,8.08,-0.07629025727510452,-1.775,0.4626,194.704,0
15.928,8.042,-0.07567774504423141,-1.839,0.4572,194.772,0
15.9293,8.009,-0.07477942109107971,-1.901,0.4526,194.744,0
15.9306,7.982,-0.07255658507347107,-1.963,0.4488,194.8,0
15.932,7.949,-0.07055724412202835,-2.037,0.4442,194.824,0
15.9333,7.916,-0.06884915381669998,-2.112,0.4397,194.862,0
15.9346,7.888,-0.06727036088705063,-2.178,0.4359,194.93,0
15.936,7.861,-0.0651654303073883,-2.249,0.432,194.943,0
15.9373,7.828,-0.06348911672830582,-2.332,0.4275,194.986,0
15.9386,7.8,-0.06231140345335007,-2.401,0.4236,194.989,0
15.94,7.773,-0.06074198707938194,-2.475,0.4198,195.049,0
15.9413,7.745,-0.06025312840938568,-2.544,0.416,195.085,0
15.9426,7.718,-0.059346046298742294,-2.616,0.4122,195.104,0
15.944,7.69,-0.05849160626530647,-2.69,0.4084,195.164,0
15.9453,7.663,-0.05743197724223137,-2.767,0.4046,195.214,0
15.9466,7.635,-0.05701528862118721,-2.84,0.4008,195.222,0
15.948,7.614,-0.05663538724184036,-2.901,0.3977,195.243,0
15.9494,7.586,-0.05549526587128639,-2.98,0.3939,195.264,0
15.9507,7.559,-0.0545785091817379,-3.06,0.3901,195.322,0
15.9521,7.531,-0.05418330058455467,-3.137,0.3863,195.362,0
15.9534,7.509,-0.052175454795360565,-3.208,0.3832,195.395,0
15.9548,7.487,-0.050286855548620224,-3.279,0.3802,195.414,0
15.9564,7.46,-0.04871351271867752,-3.363,0.3763,195.456,0
15.9578,7.443,-0.04712878540158272,-3.417,0.3741,195.415,0
15.9591,7.421,-0.04527539014816284,-3.487,0.371,195.508,0
15.9605,7.399,-0.04438643530011177,-3.552,0.368,195.483,0
15.9619,7.377,-0.04334787279367447,-3.617,0.3649,195.538,0
15.9633,7.361,-0.042584408074617386,-3.666,0.3626,195.532,0
15.9646,7.339,-0.04274749010801315,-3.727,0.3596,195.563,0
15.966,7.317,-0.04334139823913574,-3.786,0.3565,195.606,0
15.9673,7.295,-0.04392433911561966,-3.845,0.3535,195.606,0
15.9687,7.273,-0.04418351873755455,-3.904,0.3504,195.668,0
15.97,7.251,-0.045619864016771317,-3.959,0.3474,195.672,0
15.9713,7.229,-0.04538515955209732,-4.02,0.3443,195.723,0
15.9726,7.207,-0.04594362527132034,-4.077,0.3412,195.714,0
15.9741,7.18,-0.046874336898326874,-4.146,0.3374,195.757,0
15.9755,7.158,-0.04727106913924217,-4.203,0.3344,195.793,0
15.9771,7.13,-0.047543901950120926,-4.273,0.3306,195.843,0
15.9784,7.108,-0.04756782948970795,-4.329,0.3275,195.839,0
15.9798,7.081,-0.04761122912168503,-4.398,0.3237,195.884,0
15.9811,7.059,-0.04748084396123886,-4.453,0.3206,195.892,0
15.9825,7.037,-0.047365330159664154,-4.507,0.3176,195.913,0
15.9839,7.015,-0.047182731330394745,-4.56,0.3145,195.962,0
15.9853,6.993,-0.046762313693761826,-4.613,0.3115,195.992,0
15.9867,6.965,-0.046360429376363754,-4.677,0.3077,196.003,0
15.9881,6.943,-0.045605044811964035,-4.728,0.3046,196.028,0
15.9894,6.927,-0.04418252408504486,-4.768,0.3023,196.066,0
15.9907,6.905,-0.04293123632669449,-4.818,0.2993,196.051,0
15.992,6.888,-0.042286284267902374,-4.853,0.297,196.055,0
15.9933,6.866,-0.04211904853582382,-4.897,0.2939,196.068,0
15.9947,6.85,-0.041665561497211456,-4.93,0.2917,196.12,0
15.996,6.828,-0.04279937967658043,-4.968,0.2886,196.175,0
15.9974,6.806,-0.0446145236492157,-5.002,0.2856,196.158,0
15.9987,6.779,-0.04645506665110588,-5.043,0.2817,196.203,0
16.0,6.751,-0.04963713139295578,-5.074,0.2779,196.187,0
16.0013,6.724,-0.053061604499816895,-5.099,0.2741,196.279,0
16.0026,6.696,-0.05590387061238289,-5.123,0.2703,196.258,0
16.004,6.663,-0.058658417314291,-5.151,0.2657,196.258,0
16.0053,6.63,-0.06157272309064865,-5.174,0.2611,196.387,0
16.0067,6.597,-0.06352964043617249,-5.198,0.2566,196.348,0
16.008,6.559,-0.06624916940927505,-5.217,0.2512,196.407,0
16.0094,6.526,-0.06709019839763641,-5.237,0.2466,196.438,0
16.0108,6.493,-0.06788837164640427,-5.253,0.2421,196.493,0
16.0121,6.454,-0.06912379711866379,-5.264,0.2367,196.506,0
16.0134,6.427,-0.06869646161794662,-5.276,0.2329,196.521,0
16.0148,6.394,-0.06810916215181351,-5.286,0.2283,196.535,0
16.0163,6.361,-0.06647644191980362,-5.298,0.2238,196.635,0
16.0176,6.328,-0.06526830792427063,-5.303,0.2192,196.608,0
16.019,6.295,-0.06468260288238525,-5.299,0.2146,196.662,0
16.0204,6.262,-0.06561588495969772,-5.282,0.21,196.639,0
16.0217,6.229,-0.0672837421298027,-5.257,0.2054,196.691,0
16.0231,6.191,-0.0693536028265953,-5.22,0.2001,196.741,0
16.0244,6.152,-0.07228162884712219,-5.173,0.1948,196.8,0
16.0259,6.114,-0.0749358981847763,-5.121,0.1894,196.822,0
16.0273,6.07,-0.07810216397047043,-5.053,0.1833,196.874,0
16.0286,6.026,-0.07978556305170059,-4.987,0.1772,196.859,0
16.03,5.988,-0.08079365640878677,-4.927,0.1719,196.923,0
16.0313,5.949,-0.07994627952575684,-4.872,0.1665,196.967,0
16.0327,5.916,-0.07860764116048813,-4.826,0.162,196.971,0
16.034,5.883,-0.07570642232894897,-4.784,0.1574,197.008,0
16.0354,5.85,-0.07274136692285538,-4.74,0.1528,197.037,0
16.037,5.817,-0.06803406774997711,-4.703,0.1482,197.062,0
16.0383,5.79,-0.06488518416881561,-4.666,0.1444,197.074,0
16.0398,5.762,-0.06338921189308167,-4.616,0.1406,197.105,0
16.0413,5.724,-0.062333378940820694,-4.538,0.1353,197.151,0
16.0426,5.696,-0.06188644841313362,-4.478,0.1314,197.166,0
16.044,5.663,-0.06265542656183243,-4.397,0.1269,197.208,0
16.0452,5.636,-0.06225122883915901,-4.334,0.123,197.224,0
16.0467,5.603,-0.0634528249502182,-4.247,0.1185,197.262,0
16.048,5.57,-0.06444854289293289,-4.16,0.1139,197.264,0
16.0494,5.537,-0.06500797718763351,-4.073,0.1093,197.311,0
16.0507,5.504,-0.06630302965641022,-3.981,0.1047,197.275,0
16.052,5.471,-0.06611381471157074,-3.897,0.1002,197.359,0
16.0533,5.438,-0.06679825484752655,-3.808,0.0956,197.372,0
16.0547,5.405,-0.06705516576766968,-3.72,0.091,197.408,0
16.056,5.378,-0.06641345471143723,-3.651,0.0872,197.443,0
16.0573,5.35,-0.06595423817634583,-3.582,0.0834,197.412,0
16.0585,5.317,-0.06498024612665176,-3.501,0.0788,197.481,0
16.0599,5.29,-0.06389319151639938,-3.435,0.075,197.483,0
16.0612,5.257,-0.06346659362316132,-3.352,0.0704,197.487,0
16.0625,5.229,-0.0632697269320488,-3.282,0.0666,197.547,0
16.0639,5.202,-0.06352554261684418,-3.21,0.0628,197.554,0
16.0651,5.169,-0.06445931643247604,-3.121,0.0582,197.602,0
16.0663,5.142,-0.06387733668088913,-3.056,0.0544,197.577,0
16.0676,5.114,-0.06392447650432587,-2.988,0.0506,197.656,0
16.069,5.081,-0.06488340348005295,-2.903,0.046,197.63,0
16.0703,5.048,-0.06382683664560318,-2.831,0.0414,197.651,0
16.0715,5.026,-0.06281483173370361,-2.786,0.0384,197.718,0
16.0729,4.993,-0.0622200146317482,-2.715,0.0338,197.701,0
16.0742,4.966,-0.06174051761627197,-2.657,0.03,197.713,0
16.0755,4.938,-0.061417121440172195,-2.6,0.0262,197.734,0
16.077,4.911,-0.06004413962364197,-2.55,0.0223,197.761,0
16.0784,4.883,-0.05880773067474365,-2.502,0.0185,197.814,0
16.0797,4.85,-0.058373041450977325,-2.441,0.0139,197.822,0
16.081,4.823,-0.05809396505355835,-2.391,0.0101,197.817,0
16.0823,4.801,-0.057719700038433075,-2.354,0.0071,197.853,0
16.0836,4.774,-0.05809881538152695,-2.304,0.0033,197.873,0
16.0849,4.741,-0.05937758833169937,-2.243,0.9987,197.892,0
16.0862,4.713,-0.06133253499865532,-2.189,0.9949,197.947,0
16.0875,4.68,-0.0624539889395237,-2.134,0.9903,197.96,0
16.0888,4.647,-0.06447046995162964,-2.077,0.9857,197.954,0
16.0903,4.609,-0.06779841333627701,-2.01,0.9804,198.002,0
16.0916,4.57,-0.0698816180229187,-1.954,0.975,198.027,0
16.093,4.537,-0.07148900628089905,-1.91,0.9705,198.034,0
16.0943,4.499,-0.07308560609817505,-1.866,0.9651,198.02,0
16.0956,4.46,-0.0740756243467331,-1.83,0.9598,198.087,0
16.097,4.427,-0.0739617645740509,-1.808,0.9552,198.109,0
16.0982,4.395,-0.07293329387903214,-1.795,0.9506,198.134,0
16.0995,4.362,-0.07164936512708664,-1.787,0.946,198.172,0
16.101,4.334,-0.06987684220075607,-1.787,0.9422,198.135,0
16.1022,4.301,-0.06833985447883606,-1.787,0.9377,198.195,0
16.1035,4.268,-0.06732001900672913,-1.787,0.9331,198.201,0
16.1049,4.241,-0.0655953511595726,-1.794,0.9293,198.241,0
16.1061,4.213,-0.06442730873823166,-1.801,0.9254,198.227,0
16.1074,4.186,-0.06311112642288208,-1.81,0.9216,198.301,0
16.1087,4.158,-0.06115427985787392,-1.825,0.9178,198.316,0
16.11,4.131,-0.05936356261372566,-1.841,0.914,198.33,0
16.1112,4.109,-0.05778912454843521,-1.855,0.9109,198.369,0
16.1126,4.087,-0.05637034773826599,-1.87,0.9079,198.354,0
16.1139,4.059,-0.0553688146173954,-1.886,0.9041,198.396,0
16.1152,4.037,-0.054297368973493576,-1.902,0.901,198.448,0
16.1165,4.01,-0.05350634455680847,-1.919,0.8972,198.436,0
16.1179,3.988,-0.051894377917051315,-1.94,0.8942,198.483,0
16.1192,3.961,-0.051409248262643814,-1.958,0.8904,198.476,0
16.1205,3.939,-0.05018379166722298,-1.978,0.8873,198.489,0
16.1217,3.922,-0.04933902993798256,-1.994,0.885,198.508,0
16.1232,3.9,-0.04829917475581169,-2.014,0.882,198.55,0
16.1246,3.873,-0.047789067029953,-2.037,0.8781,198.571,0
16.1262,3.851,-0.046335890889167786,-2.061,0.8751,198.588,0
16.1276,3.829,-0.044672124087810516,-2.085,0.872,198.594,0
16.129,3.807,-0.043623026460409164,-2.108,0.869,198.61,0
16.1303,3.79,-0.04317665100097656,-2.124,0.8667,198.643,0
16.1317,3.768,-0.04236298054456711,-2.146,0.8636,198.668,0
16.133,3.746,-0.041863713413476944,-2.167,0.8606,198.657,0
16.1343,3.73,-0.04115086793899536,-2.185,0.8583,198.71,0
16.1358,3.708,-0.04164187237620354,-2.204,0.8553,198.721,0
16.1373,3.686,-0.04197794944047928,-2.224,0.8522,198.719,0
16.1388,3.664,-0.04117969796061516,-2.247,0.8492,198.731,0
16.1402,3.642,-0.041114505380392075,-2.269,0.8461,198.756,0
16.1416,3.62,-0.04178180545568466,-2.288,0.843,198.817,0
16.1431,3.598,-0.04215472564101219,-2.309,0.84,198.845,0
16.1445,3.576,-0.04204240068793297,-2.331,0.8369,198.826,0
16.1459,3.554,-0.04248082637786865,-2.351,0.8339,198.829,0
16.1474,3.538,-0.04222274199128151,-2.368,0.8316,198.893,0
16.149,3.51,-0.04181695356965065,-2.397,0.8278,198.859,0
16.1505,3.488,-0.04159389063715935,-2.419,0.8247,198.895,0
16.1522,3.466,-0.04135876148939133,-2.441,0.8217,198.962,0
16.1537,3.439,-0.04214169830083847,-2.465,0.8179,198.943,0
16.1552,3.417,-0.041995953768491745,-2.486,0.8148,198.961,0
16.1566,3.395,-0.04170702025294304,-2.507,0.8118,199.005,0
16.1584,3.373,-0.04146784543991089,-2.528,0.8087,199.022,0
16.1598,3.351,-0.04073847830295563,-2.549,0.8057,199.028,0
16.1612,3.329,-0.040566835552453995,-2.569,0.8026,199.082,0
16.1626,3.312,-0.0403367318212986,-2.583,0.8003,199.046,0
16.1639,3.29,-0.040350254625082016,-2.601,0.7973,199.094,0
16.1652,3.268,-0.0404103621840477,-2.618,0.7942,199.106,0
16.1665,3.252,-0.040033526718616486,-2.632,0.7919,199.159,0
16.1679,3.235,-0.03996368125081062,-2.644,0.7896,199.161,0
16.1691,3.214,-0.039773546159267426,-2.661,0.7866,199.173,0
16.1703,3.197,-0.04071374237537384,-2.67,0.7843,199.232,0
16.1714,3.175,-0.04136758670210838,-2.683,0.7812,199.162,0
16.1727,3.159,-0.041718292981386185,-2.692,0.779,199.234,0
16.174,3.137,-0.043154992163181305,-2.701,0.7759,199.274,0
16.1752,3.115,-0.04568897560238838,-2.704,0.7729,199.291,0
16.1765,3.093,-0.04693402722477913,-2.71,0.7698,199.304,0
16.1779,3.065,-0.048668358474969864,-2.715,0.766,199.316,0
16.1791,3.038,-0.05108340457081795,-2.714,0.7622,199.328,0
16.1804,3.01,-0.05320144072175026,-2.713,0.7584,199.391,0
16.1817,2.983,-0.05485405772924423,-2.713,0.7545,199.414,0
16.1829,2.955,-0.05631072074174881,-2.712,0.7507,199.421,0
16.1843,2.928,-0.057910315692424774,-2.708,0.7469,199.457,0
16.1855,2.9,-0.05854731425642967,-2.708,0.7431,199.447,0
16.187,2.867,-0.060372427105903625,-2.7,0.7385,199.526,0
16.1883,2.84,-0.0613647885620594,-2.694,0.7347,199.555,0
16.1895,2.807,-0.062134746462106705,-2.687,0.7301,199.547,0
16.1908,2.78,-0.06280045211315155,-2.679,0.7263,199.578,0
16.1921,2.752,-0.06366566568613052,-2.669,0.7225,199.638,0
16.1934,2.719,-0.06472773104906082,-2.654,0.7179,199.678,0
16.1947,2.686,-0.06520654261112213,-2.64,0.7133,199.685,0
16.196,2.653,-0.06609056144952774,-2.621,0.7088,199.715,0
16.1972,2.626,-0.06676887720823288,-2.604,0.705,199.764,0
16.1985,2.593,-0.06829190254211426,-2.577,0.7004,199.747,0
16.1997,2.56,-0.06951748579740524,-2.549,0.6958,199.827,0
16.2009,2.527,-0.0709613561630249,-2.518,0.6912,199.84,0
16.2022,2.494,-0.07271051406860352,-2.484,0.6866,199.883,0
16.2035,2.455,-0.07389049232006073,-2.446,0.6813,199.972,0
16.2048,2.417,-0.07521413266658783,-2.405,0.676,199.977,0
16.2061,2.384,-0.07546143978834152,-2.373,0.6714,200.024,0
16.2073,2.351,-0.07532291114330292,-2.341,0.6668,200.104,0
16.2086,2.313,-0.07622699439525604,-2.297,0.6615,200.061,0
16.2098,2.28,-0.07534226030111313,-2.267,0.6569,200.13,0
16.211,2.252,-0.07462317496538162,-2.241,0.6531,200.172,0
16.2122,2.219,-0.07439037412405014,-2.205,0.6485,200.172,0
16.2134,2.186,-0.07409550249576569,-2.169,0.6439,200.224,0
16.2146,2.153,-0.07350233197212219,-2.134,0.6393,200.276,0
16.2159,2.126,-0.07321841269731522,-2.102,0.6355,200.273,0
16.2172,2.093,-0.07278954237699509,-2.065,0.631,200.335,0
16.2184,2.06,-0.0728471428155899,-2.025,0.6264,200.364,0
16.2197,2.027,-0.07253622263669968,-1.987,0.6218,200.382,0
16.2209,1.994,-0.07178952544927597,-1.952,0.6172,200.439,0
16.2221,1.961,-0.07144611328840256,-1.914,0.6126,200.477,0
16.2234,1.934,-0.07061640918254852,-1.887,0.6088,200.495,0
16.2246,1.901,-0.06992308795452118,-1.852,0.6042,200.53,0
16.2259,1.873,-0.06955709308385849,-1.823,0.6004,200.581,0
16.2271,1.84,-0.06865222007036209,-1.792,0.5959,200.595,0
16.2283,1.813,-0.06808585673570633,-1.765,0.592,200.657,0
16.2295,1.785,-0.06692872196435928,-1.743,0.5882,200.664,0
16.2309,1.758,-0.06557127833366394,-1.723,0.5844,200.702,0
16.2321,1.73,-0.06429727375507355,-1.704,0.5806,200.758,0
16.2333,1.703,-0.06326404213905334,-1.685,0.5768,200.771,0
16.2346,1.675,-0.06298521161079407,-1.662,0.573,200.817,0
16.2359,1.648,-0.06273256987333298,-1.641,0.5692,200.836,0
16.2371,1.615,-0.06285689771175385,-1.615,0.5646,200.881,0
16.2384,1.588,-0.06391812115907669,-1.589,0.5608,200.925,0
16.2397,1.56,-0.06425981968641281,-1.569,0.5569,200.949,0
16.2411,1.527,-0.06449335813522339,-1.549,0.5524,200.938,0
16.2424,1.494,-0.06460146605968475,-1.532,0.5478,201.035,0
16.2437,1.461,-0.06487852334976196,-1.517,0.5432,201.034,0
16.245,1.434,-0.06393991410732269,-1.514,0.5394,201.092,0
16.2463,1.406,-0.06248924508690834,-1.516,0.5356,201.112,0
16.2475,1.379,-0.061820294708013535,-1.516,0.5318,201.15,0
16.2487,1.357,-0.060808174312114716,-1.52,0.5287,201.197,0
16.2499,1.329,-0.05973605066537857,-1.525,0.5249,201.174,0
16.2512,1.302,-0.05881378427147865,-1.533,0.5211,201.24,0
16.2525,1.28,-0.0580269880592823,-1.541,0.518,201.28,0
16.2537,1.252,-0.05687633529305458,-1.554,0.5142,201.286,0
16.2549,1.23,-0.056689441204071045,-1.562,0.5112,201.327,0
16.2563,1.208,-0.056211844086647034,-1.573,0.5081,201.333,0
16.2577,1.181,-0.055730197578668594,-1.588,0.5043,201.37,0
16.259,1.154,-0.05526098981499672,-1.606,0.5005,201.414,0
16.2603,1.126,-0.05591268464922905,-1.621,0.4967,201.432,0
16.2615,1.099,-0.05659883841872215,-1.637,0.4929,201.498,0
16.2628,1.071,-0.05681639537215233,-1.659,0.489,201.467,0
16.2641,1.044,-0.057198863476514816,-1.683,0.4852,201.51,0
16.2653,1.016,-0.05768858268857002,-1.708,0.4814,201.569,0
16.2666,0.989,-0.0589449480175972,-1.731,0.4776,201.585,0
16.2678,0.961,-0.05983060598373413,-1.76,0.4738,201.614,0
16.269,0.939,-0.059891507029533386,-1.788,0.4707,201.643,0
16.2702,0.912,-0.05998046323657036,-1.825,0.4669,201.66,0
16.2714,0.884,-0.06008153408765793,-1.865,0.4631,201.718,0
16.2727,0.857,-0.05969502776861191,-1.91,0.4593,201.759,0
16.2739,0.835,-0.058335013687610626,-1.954,0.4562,201.769,0
16.2751,0.813,-0.05713998153805733,-1.998,0.4532,201.794,0
16.2763,0.786,-0.05629490688443184,-2.052,0.4494,201.842,0
16.2775,0.764,-0.05534039065241814,-2.098,0.4463,201.876,0
16.2788,0.742,-0.05439639836549759,-2.145,0.4433,201.872,0
16.2801,0.72,-0.0533333495259285,-2.194,0.4402,201.921,0
16.2815,0.698,-0.052318405359983444,-2.245,0.4372,201.931,0
16.2827,0.67,-0.052339281886816025,-2.302,0.4333,201.952,0
16.2839,0.648,-0.05209986865520477,-2.351,0.4303,201.986,0
16.2852,0.626,-0.05170797184109688,-2.402,0.4272,202.021,0
16.2864,0.604,-0.05105610191822052,-2.456,0.4242,202.09,0
16.2877,0.582,-0.050424735993146896,-2.51,0.4211,202.061,0
16.2889,0.56,-0.049463238567113876,-2.568,0.4181,202.109,0
16.2902,0.538,-0.04854220151901245,-2.625,0.415,202.109,0
16.2913,0.522,-0.04771556332707405,-2.67,0.4128,202.15,0
16.2926,0.5,-0.04685213044285774,-2.729,0.4097,202.159,0
16.2938,0.483,-0.04576703906059265,-2.776,0.4074,202.222,0
16.2951,0.461,-0.04425797238945961,-2.839,0.4044,202.199,0
16.2963,0.445,-0.043126046657562256,-2.886,0.4021,202.275,0
16.2975,0.428,-0.04183875769376755,-2.934,0.3998,202.285,0
16.2988,0.412,-0.040546026080846786,-2.982,0.3975,202.257,0
16.3,0.396,-0.03938300907611847,-3.029,0.3952,202.323,0
16.3012,0.379,-0.038234129548072815,-3.075,0.3929,202.342,0
16.3025,0.368,-0.03691929951310158,-3.107,0.3914,202.334,0
16.3039,0.352,-0.03486597165465355,-3.152,0.3891,202.373,0
16.3052,0.335,-0.033329423516988754,-3.195,0.3868,202.338,0
16.3065,0.324,-0.03167251870036125,-3.22,0.3853,202.407,0
16.3079,0.313,-0.029832525178790092,-3.24,0.3838,202.406,0
16.3092,0.302,-0.028491977602243423,-3.259,0.3822,202.427,0
16.3104,0.286,-0.027720794081687927,-3.296,0.3799,202.439,0
16.3117,0.28,-0.026344317942857742,-3.294,0.3792,202.425,0
16.313,0.269,-0.025164708495140076,-3.305,0.3777,202.469,0
16.3143,0.258,-0.024012649431824684,-3.312,0.3761,202.455,0
16.3156,0.247,-0.02280512824654579,-3.312,0.3746,202.486,0
16.3168,0.242,-0.02170950546860695,-3.296,0.3738,202.526,0
16.318,0.231,-0.020451970398426056,-3.283,0.3723,202.484,0
16.3192,0.225,-0.019495610147714615,-3.259,0.3716,202.501,0
16.3204,0.22,-0.018605483695864677,-3.234,0.3708,202.507,0
16.3217,0.209,-0.018038328737020493,-3.234,0.3693,202.508,0
16.3231,0.203,-0.017293648794293404,-3.208,0.3685,202.524,0
16.3243,0.198,-0.016861898824572563,-3.196,0.3677,202.56,0
16.3256,0.192,-0.016411175951361656,-3.182,0.367,202.549,0
16.3269,0.181,-0.015995649620890617,-3.182,0.3654,202.595,0
16.3281,0.176,-0.015573331154882908,-3.167,0.3647,202.599,0
16.3294,0.17,-0.015056859701871872,-3.143,0.3639,202.592,0
16.3307,0.165,-0.015054168179631233,-3.155,0.3632,202.624,0
16.332,0.154,-0.015378851443529129,-3.205,0.3616,202.588,0
16.3332,0.148,-0.015770195052027702,-3.246,0.3609,202.619,0
16.3345,0.143,-0.015962595120072365,-3.272,0.3601,202.603,0
16.3358,0.132,-0.016221165657043457,-3.316,0.3586,202.619,0
16.337,0.126,-0.016662035137414932,-3.358,0.3578,202.606,0
16.3383,0.115,-0.017182238399982452,-3.417,0.3563,202.643,0
16.3398,0.104,-0.01768181286752224,-3.473,0.3548,202.655,0
16.3411,0.099,-0.018236665055155754,-3.517,0.354,202.666,0
16.3424,0.088,-0.01880008541047573,-3.574,0.3525,202.65,0
16.3437,0.077,-0.019304249435663223,-3.626,0.351,202.664,0
16.345,0.071,-0.01951225847005844,-3.649,0.3502,202.71,0
16.3463,0.06,-0.01991884596645832,-3.695,0.3487,202.722,0
16.3476,0.049,-0.020180482417345047,-3.734,0.3471,202.726,0
16.349,0.038,-0.020505594089627266,-3.775,0.3456,202.796,0
16.3502,0.027,-0.020623862743377686,-3.807,0.3441,202.747,0
16.3515,0.016,-0.021114377304911613,-3.854,0.3426,202.744,0
16.3528,0.011,-0.021262457594275475,-3.874,0.3418,202.767,0
16.354,0.0,-0.021351220086216927,-3.904,0.3403,202.774,0
16.3555,-0.011,-0.021257376298308372,-3.928,0.3387,202.793,0
16.3569,-0.022,-0.02110360749065876,-3.948,0.3372,202.806,0
16.3583,-0.033,-0.02087160386145115,-3.965,0.3357,202.862,0
16.3596,-0.038,-0.020565103739500046,-3.965,0.3349,202.847,0
16.3609,-0.049,-0.020254317671060562,-3.977,0.3334,202.86,0
16.3622,-0.06,-0.019958525896072388,-3.989,0.3319,202.855,0
16.3636,-0.066,-0.019552916288375854,-3.982,0.3311,202.844,0
16.3649,-0.077,-0.018998369574546814,-3.977,0.3296,202.855,0
16.3662,-0.082,-0.018512874841690063,-3.962,0.3288,202.85,0
16.3675,-0.093,-0.017890626564621925,-3.948,0.3273,202.878,0
16.3688,-0.099,-0.017386890947818756,-3.927,0.3265,202.882,0
16.3701,-0.11,-0.016617847606539726,-3.895,0.325,202.911,0
16.3713,-0.115,-0.015904389321804047,-3.85,0.3242,202.921,0
16.3725,-0.121,-0.01527528464794159,-3.808,0.3235,202.91,0
16.3738,-0.126,-0.014522282406687737,-3.749,0.3227,202.93,0
16.375,-0.132,-0.013564148917794228,-3.662,0.322,202.932,0
16.3763,-0.132,-0.012491422705352306,-3.542,0.322,202.973,0
16.3776,-0.137,-0.011323138140141964,-3.405,0.3212,202.944,0
16.3789,-0.143,-0.010112923569977283,-3.245,0.3204,202.939,0
16.3803,-0.143,-0.009099941700696945,-3.089,0.3204,202.962,0
16.3816,-0.148,-0.007704856805503368,-2.862,0.3197,202.913,0
16.3829,-0.148,-0.006156244780868292,-2.576,0.3197,202.957,0
16.3842,-0.148,-0.004464206285774708,-2.234,0.3197,202.918,0
16.3855,-0.148,-0.0029787064995616674,-1.915,0.3197,202.952,0
16.3868,-0.148,-0.00189844926353544,-1.674,0.3197,202.967,0
16.3881,-0.148,-0.0011766654206439853,-1.511,0.3197,202.956,0
16.3895,-0.148,-0.0007163300761021674,-1.406,0.3197,202.939,0
16.3909,-0.148,-0.00030704805976711214,-1.312,0.3197,202.928,0
16.3921,-0.143,7.70135666243732e-05,-1.222,0.3204,202.937,0
16.3935,-0.143,0.00034140030038543046,-1.162,0.3204,202.949,0
16.3949,-0.143,0.0004972531460225582,-1.126,0.3204,202.951,0
16.3962,-0.143,0.0006210294086486101,-1.098,0.3204,202.926,0
16.3976,-0.143,0.0006576359155587852,-1.09,0.3204,202.973,0
16.3989,-0.143,0.0005769548006355762,-1.108,0.3204,202.945,0
16.4001,-0.143,0.00041981643880717456,-1.144,0.3204,202.905,0
16.4014,-0.143,0.0002805528638418764,-1.176,0.3204,202.952,0
16.403,-0.143,0.00017893628682941198,-1.199,0.3204,202.935,0
16.4044,-0.143,0.00024302817473653704,-1.184,0.3204,202.946,0
16.4058,-0.143,0.0002869803865905851,-1.174,0.3204,202.956,0
16.407,-0.143,0.00022650015307590365,-1.188,0.3204,202.954,0
16.4084,-0.143,0.00015763353439979255,-1.204,0.3204,202.939,0
16.4097,-0.143,9.929583029588684e-05,-1.217,0.3204,202.938,0
16.411,-0.143,6.42197483102791e-05,-1.225,0.3204,202.948,0
16.4124,-0.143,3.7652534956578165e-05,-1.231,0.3204,202.908,0
16.4138,-0.143,0.0001294135145144537,-1.21,0.3204,202.944,0
16.4152,-0.143,0.00024186508380807936,-1.184,0.3204,202.986,0
16.4164,-0.143,0.00020329977269284427,-1.193,0.3204,202.913,0
16.4177,-0.143,0.00014955317601561546,-1.206,0.3204,202.937,0
16.419,-0.143,9.972433326765895e-05,-1.217,0.3204,202.957,0
16.4202,-0.143,6.391367787728086e-05,-1.225,0.3204,202.929,0
16.4215,-0.143,4.0774484659777954e-05,-1.23,0.3204,202.922,0
16.4229,-0.143,8.411455928580835e-05,-1.22,0.3204,202.947,0
16.4242,-0.143,0.00024039592244662344,-1.185,0.3204,202.947,0
16.4256,-0.143,0.00021603245113510638,-1.19,0.3204,202.913,0
16.4269,-0.143,0.0001585517602507025,-1.203,0.3204,202.913,0
16.4282,-0.143,0.00010633555211825296,-1.215,0.3204,202.941,0
16.4294,-0.143,6.844358722446486e-05,-1.224,0.3204,202.94,0
16.4308,-0.143,4.218244066578336e-05,-1.23,0.3204,202.93,0
16.4321,-0.143,2.45525807258673e-05,-1.234,0.3204,202.933,0
16.4334,-0.143,1.4207280401024036e-05,-1.236,0.3204,202.977,0
16.4347,-0.143,8.5143028627499e-06,-1.238,0.3204,202.967,0
16.436,-0.143,4.963845640304498e-06,-1.239,0.3204,202.904,0
16.4372,-0.143,2.0867498733423417e-06,-1.239,0.3204,202.948,0
16.4385,-0.143,3.115205231551954e-07,-1.24,0.3204,202.937,0
16.4398,-0.143,-1.4024939218870713e-06,-1.24,0.3204,202.944,0
16.4411,-0.143,-2.137071760444087e-06,-1.24,0.3204,202.93,0
16.4424,-0.143,-2.932863026217092e-06,-1.24,0.3204,202.896,0
16.4437,-0.143,-3.5450098039291333e-06,-1.24,0.3204,202.963,0
16.445,-0.143,-3.5450098039291333e-06,-1.24,0.3204,202.93,0
16.4462,-0.143,-3.5450098039291333e-06,-1.24,0.3204,202.975,0
16.4478,-0.143,-3.5450098039291333e-06,-1.24,0.3204,202.924,0
16.4491,-0.143,-3.5450098039291333e-06,-1.24,0.3204,202.953,0
16.4503,-0.143,-3.5450098039291333e-06,-1.24,0.3204,202.94,0
16.4516,-0.143,-3.5450098039291333e-06,-1.24,0.3204,202.908,0
16.4529,-0.143,-3.5450098039291333e-06,-1.24,0.3204,202.952,0
16.4542,-0.143,-3.5450098039291333e-06,-1.24,0.3204,202.928,0
16.4556,-0.143,-3.5450098039291333e-06,-1.24,0.3204,202.957,0
16.4569,-0.143,-3.5450098039291333e-06,-1.24,0.3204,202.935,0
16.4582,-0.143,-3.5450098039291333e-06,-1.24,0.3204,202.94,0
16.4594,-0.143,-3.5450098039291333e-06,-1.24,0.3204,203.002,0
16.4606,-0.143,-3.5450098039291333e-06,-1.24,0.3204,202.945,0
16.4619,-0.143,-3.5450098039291333e-06,-1.24,0.3204,202.928,0
16.4631,-0.143,-3.5450098039291333e-06,-1.24,0.3204,202.954,0
16.4644,-0.143,-3.5450098039291333e-06,-1.24,0.3204,202.93,0
16.4659,-0.143,0.00010321359150111675,-1.216,0.3204,202.971,0
16.4671,-0.143,0.0002260716719320044,-1.188,0.3204,202.944,0
16.4684,-0.143,0.00020140211563557386,-1.194,0.3204,202.927,0
16.4697,-0.143,0.000147410697536543,-1.206,0.3204,202.906,0
16.471,-0.143,9.88673564279452e-05,-1.217,0.3204,202.929,0
16.4722,-0.143,6.568894605152309e-05,-1.225,0.3204,202.948,0
16.4734,-0.143,4.1815172153292224e-05,-1.23,0.3204,202.924,0
16.4747,-0.143,2.5164750695694238e-05,-1.234,0.3204,202.938,0
16.476,-0.143,1.506430908193579e-05,-1.236,0.3204,202.943,0
16.4773,-0.143,8.94282857188955e-06,-1.238,0.3204,202.964,0
16.4785,-0.143,4.963867922924692e-06,-1.239,0.3204,202.939,0
16.4798,-0.143,2.0867719285888597e-06,-1.239,0.3204,202.928,0
16.4811,-0.143,3.1154263524513226e-07,-1.24,0.3204,202.952,0
16.4823,-0.143,-1.2800421700376319e-06,-1.24,0.3204,202.928,0
16.4835,-0.143,-2.0758348000526894e-06,-1.24,0.3204,202.954,0
16.4849,-0.143,-2.8716262931993697e-06,-1.24,0.3204,202.932,0
16.4862,-0.143,-3.54498752130894e-06,-1.24,0.3204,202.945,0
16.4874,-0.143,-3.54498752130894e-06,-1.24,0.3204,202.902,0
16.4887,-0.143,-3.54498752130894e-06,-1.24,0.3204,202.94,0
16.49,-0.143,-3.54498752130894e-06,-1.24,0.3204,202.967,0
16.4913,-0.143,-3.54498752130894e-06,-1.24,0.3204,202.93,0
16.4925,-0.143,-3.54498752130894e-06,-1.24,0.3204,202.955,0
16.4938,-0.143,-3.54498752130894e-06,-1.24,0.3204,202.926,0
16.4951,-0.143,-3.54498752130894e-06,-1.24,0.3204,202.928,0
16.4963,-0.143,-3.54498752130894e-06,-1.24,0.3204,202.954,0
16.4979,-0.143,-3.54498752130894e-06,-1.24,0.3204,202.931,0
16.4992,-0.143,8.09314296930097e-05,-1.221,0.3204,202.948,0
16.5004,-0.143,0.00022313339286483824,-1.189,0.3204,202.942,0
16.5017,-0.143,0.00020507503359112889,-1.193,0.3204,202.942,0
16.503,-0.143,0.00015157331654336303,-1.205,0.3204,202.928,0
16.5043,-0.143,0.00010217297676717862,-1.216,0.3204,202.939,0
16.5056,-0.143,6.568896787939593e-05,-1.225,0.3204,202.939,0
16.5069,-0.143,4.181519034318626e-05,-1.23,0.3204,202.934,0
16.5081,-0.143,2.5164768885588273e-05,-1.234,0.3204,202.969,0
16.5094,-0.143,1.5064327271829825e-05,-1.236,0.3204,202.964,0
16.5107,-0.143,8.575559149903711e-06,-1.238,0.3204,202.951,0
16.512,-0.143,4.963886567566078e-06,-1.239,0.3204,202.952,0
16.5132,-0.143,2.086790573230246e-06,-1.239,0.3204,202.948,0
16.5145,-0.143,1.8913166854872543e-07,-1.24,0.3204,202.962,0
16.5158,-0.143,-1.402453221999167e-06,-1.24,0.3204,202.955,0
16.5171,-0.143,-2.137030833182507e-06,-1.24,0.3204,202.961,0
16.5183,-0.143,-2.9328223263291875e-06,-1.24,0.3204,202.966,0
16.5196,-0.143,-3.544969104041229e-06,-1.24,0.3204,202.966,0
16.5209,-0.143,-3.544969104041229e-06,-1.24,0.3204,202.921,0
16.5222,-0.143,-3.544969104041229e-06,-1.24,0.3204,202.958,0
16.5234,-0.143,-3.544969104041229e-06,-1.24,0.3204,202.928,0
16.5247,-0.143,-3.544969104041229e-06,-1.24,0.3204,202.964,0
16.5259,-0.143,-3.544969104041229e-06,-1.24,0.3204,202.944,0
16.5272,-0.143,5.583338133874349e-05,-1.227,0.3204,202.931,0
16.5286,-0.143,0.00022043994977138937,-1.189,0.3204,202.949,0
16.5299,-0.143,0.00020507504814304411,-1.193,0.3204,202.969,0
16.5312,-0.143,0.00015157333109527826,-1.205,0.3204,202.958,0
16.5325,-0.143,0.00010217299131909385,-1.216,0.3204,202.941,0
16.5339,-0.143,6.568898243131116e-05,-1.225,0.3204,202.918,0
16.5352,-0.143,3.86932551919017e-05,-1.231,0.3204,202.951,0
16.5365,-0.143,2.320591374882497e-05,-1.234,0.3204,202.967,0
16.538,-0.143,1.2187250831630081e-05,-1.237,0.3204,202.939,0
16.5394,-0.143,7.167637704696972e-06,-1.238,0.3204,202.942,0
16.5407,-0.143,3.4947495350934332e-06,-1.239,0.3204,202.937,0
16.542,-0.143,1.0461575357112451e-06,-1.239,0.3204,202.925,0
16.5433,-0.143,-4.229976582337258e-07,-1.24,0.3204,202.953,0
16.5446,-0.143,-1.7085086483348277e-06,-1.24,0.3204,202.937,0
16.5459,-0.143,-2.504300937289372e-06,-1.24,0.3204,202.949,0
16.5473,-0.143,0.00016969291027635336,-1.201,0.3204,202.919,0
16.5486,-0.143,0.00022435773280449212,-1.188,0.3204,202.951,0
16.5499,-0.143,0.0001815685973269865,-1.198,0.3204,202.907,0
16.5511,-0.143,0.00012757715012412518,-1.211,0.3204,202.949,0
16.5524,-0.143,8.67468916112557e-05,-1.22,0.3204,202.948,0
16.5538,-0.143,5.271146437735297e-05,-1.228,0.3204,202.912,0
16.555,-0.143,3.202086372766644e-05,-1.232,0.3204,202.977,0
16.5564,-0.143,1.96554738067789e-05,-1.235,0.3204,202.924,0
16.558,-0.143,9.371388841827866e-06,-1.238,0.3204,202.972,0
16.5593,-0.143,5.2699988373206e-06,-1.238,0.3204,202.933,0
16.5608,-0.143,2.515332653274527e-06,-1.239,0.3204,202.979,0
16.5621,-0.143,2.503845735191135e-07,-1.24,0.3204,202.921,0
16.5634,-0.143,-1.3412002317636507e-06,-1.24,0.3204,202.936,0
16.5647,-0.143,-2.1982075395499123e-06,-1.24,0.3204,202.919,0
16.566,-0.143,-2.993998805322917e-06,-1.24,0.3204,202.962,0
16.5672,-0.143,-3.5449309052637545e-06,-1.24,0.3204,202.929,0
16.5686,-0.143,-3.5449309052637545e-06,-1.24,0.3204,202.936,0
16.5699,-0.143,-3.5449309052637545e-06,-1.24,0.3204,202.955,0
16.5712,-0.143,-3.5449309052637545e-06,-1.24,0.3204,202.929,0
16.5724,-0.143,-3.5449309052637545e-06,-1.24,0.3204,202.956,0
16.5737,-0.143,-3.5449309052637545e-06,-1.24,0.3204,202.945,0
16.575,-0.143,-3.5449309052637545e-06,-1.24,0.3204,202.913,0
16.5762,-0.143,-3.5449309052637545e-06,-1.24,0.3204,202.942,0
16.5775,-0.143,-3.5449309052637545e-06,-1.24,0.3204,202.951,0
16.5788,-0.143,-3.5449309052637545e-06,-1.24,0.3204,202.961,0
16.5801,-0.143,-3.5449309052637545e-06,-1.24,0.3204,202.962,0
16.5814,-0.143,-3.5449309052637545e-06,-1.24,0.3204,202.909,0
16.5827,-0.143,-3.5449309052637545e-06,-1.24,0.3204,202.964,0
16.584,-0.143,-3.5449309052637545e-06,-1.24,0.3204,202.919,0
16.5852,-0.143,-3.5449309052637545e-06,-1.24,0.3204,202.931,0
16.5865,-0.143,-3.5449309052637545e-06,-1.24,0.3204,202.939,0
16.5881,-0.143,-3.5449309052637545e-06,-1.24,0.3204,202.957,0
16.5894,-0.143,-3.5449309052637545e-06,-1.24,0.3204,202.919,0
16.5907,-0.143,-3.5449309052637545e-06,-1.24,0.3204,202.938,0
16.592,-0.143,-3.5449309052637545e-06,-1.24,0.3204,202.958,0
16.5933,-0.143,-3.5449309052637545e-06,-1.24,0.3204,202.914,0
16.5945,-0.137,0.00020629935897886753,-1.191,0.3212,202.932,0
16.5959,-0.137,0.00021780775568913668,-1.188,0.3212,202.97,0
16.5972,-0.137,0.00016852986300364137,-1.199,0.3212,202.946,0
16.5985,-0.137,0.0001160687897936441,-1.211,0.3212,202.937,0
16.5998,-0.137,7.560581434518099e-05,-1.22,0.3212,202.932,0
16.6011,-0.137,4.695729148807004e-05,-1.227,0.3212,202.96,0
16.6024,-0.137,2.8409207516233437e-05,-1.231,0.3212,202.933,0
16.6037,-0.137,1.6472322386107408e-05,-1.234,0.3212,202.931,0
16.605,-0.137,9.677480193204246e-06,-1.235,0.3212,202.951,0
16.6063,-0.137,0.00014955327787902206,-1.204,0.3212,202.928,0
16.6076,-0.137,0.00023225446057040244,-1.185,0.3212,202.944,0
16.6089,-0.137,0.00020207557827234268,-1.192,0.3212,202.938,0
16.6102,-0.137,0.0002690445107873529,-1.176,0.3212,202.952,0
16.6114,-0.137,0.00032615798409096897,-1.163,0.3212,202.946,0
16.6127,-0.137,0.00026690200320445,-1.177,0.3212,202.953,0
16.614,-0.137,0.0001884246594272554,-1.195,0.3212,202.949,0
16.6153,-0.137,0.00012414911179803312,-1.209,0.3212,202.946,0
16.6166,-0.137,8.154361421475187e-05,-1.219,0.3212,202.951,0
16.6179,-0.137,5.0201633712276816e-05,-1.226,0.3212,202.94,0
16.6192,-0.137,2.914374454121571e-05,-1.231,0.3212,202.952,0
16.6205,-0.137,1.7941436453838833e-05,-1.234,0.3212,202.96,0
16.6218,-0.137,1.0289586498402059e-05,-1.235,0.3212,202.922,0
16.6231,-0.137,5.882122877665097e-06,-1.236,0.3212,202.952,0
16.6244,-0.137,3.0050266559555894e-06,-1.237,0.3212,202.96,0
16.6257,-0.137,6.788642963329039e-07,-1.237,0.3212,202.964,0
16.627,-0.137,-7.902907555035199e-07,-1.238,0.3212,202.942,0
16.6283,-0.137,-1.8921574564956245e-06,-1.238,0.3212,202.925,0
16.6296,-0.137,-2.687949290702818e-06,-1.238,0.3212,202.923,0
16.631,-0.137,-3.483740101728472e-06,-1.238,0.3212,202.927,0
16.6323,-0.137,-3.544954779499676e-06,-1.238,0.3212,202.967,0
16.6336,-0.137,-3.544954779499676e-06,-1.238,0.3212,202.934,0
16.6349,-0.137,-3.544954779499676e-06,-1.238,0.3212,202.911,0
16.6361,-0.137,-3.544954779499676e-06,-1.238,0.3212,202.956,0
16.6374,-0.137,-3.544954779499676e-06,-1.238,0.3212,202.936,0
16.6387,-0.137,-3.544954779499676e-06,-1.238,0.3212,202.925,0
16.64,-0.137,-3.544954779499676e-06,-1.238,0.3212,202.945,0
16.6414,-0.137,-3.544954779499676e-06,-1.238,0.3212,202.931,0
16.6429,-0.137,-3.544954779499676e-06,-1.238,0.3212,202.962,0
16.6442,-0.137,-3.544954779499676e-06,-1.238,0.3212,202.946,0
16.6455,-0.137,-3.544954779499676e-06,-1.238,0.3212,202.973,0
16.6469,-0.137,-3.544954779499676e-06,-1.238,0.3212,202.89,0
16.6483,-0.137,-3.544954779499676e-06,-1.238,0.3212,202.976,0
16.6495,-0.137,-3.544954779499676e-06,-1.238,0.3212,202.944,0
16.6508,-0.137,-3.544954779499676e-06,-1.238,0.3212,202.954,0
16.6521,-0.137,-3.544954779499676e-06,-1.238,0.3212,202.917,0
16.6533,-0.137,-3.544954779499676e-06,-1.238,0.3212,202.949,0
16.6546,-0.137,-3.544954779499676e-06,-1.238,0.3212,202.93,0
16.656,-0.137,-3.544954779499676e-06,-1.238,0.3212,202.918,0
16.6574,-0.137,-3.544954779499676e-06,-1.238,0.3212,202.976,0
16.6588,-0.137,-3.544954779499676e-06,-1.238,0.3212,202.91,0
16.6601,-0.137,-3.544954779499676e-06,-1.238,0.3212,202.964,0
16.6613,-0.137,-3.544954779499676e-06,-1.238,0.3212,202.906,0
16.6625,-0.137,-3.544954779499676e-06,-1.238,0.3212,202.932,0
16.6641,-0.137,-3.544954779499676e-06,-1.238,0.3212,202.933,0
16.6653,-0.137,-3.544954779499676e-06,-1.238,0.3212,202.929,0
16.6666,-0.137,-3.544954779499676e-06,-1.238,0.3212,202.923,0
16.6679,-0.137,-3.544954779499676e-06,-1.238,0.3212,202.936,0
16.6692,-0.137,-3.544954779499676e-06,-1.238,0.3212,202.963,0
16.6704,-0.137,-3.544954779499676e-06,-1.238,0.3212,202.938,0
16.6717,-0.137,-3.544954779499676e-06,-1.238,0.3212,202.899,0
16.6729,-0.137,-3.544954779499676e-06,-1.238,0.3212,202.918,0
16.6742,-0.137,-3.544954779499676e-06,-1.238,0.3212,202.904,0
16.6754,-0.137,-3.544954779499676e-06,-1.238,0.3212,202.915,0
16.6767,-0.137,-3.544954779499676e-06,-1.238,0.3212,202.959,0
16.678,-0.137,-3.544954779499676e-06,-1.238,0.3212,202.942,0
16.6792,-0.137,-3.544954779499676e-06,-1.238,0.3212,202.959,0
16.6805,-0.137,-3.544954779499676e-06,-1.238,0.3212,202.93,0
16.6817,-0.137,-3.544954779499676e-06,-1.238,0.3212,202.926,0
16.6829,-0.137,-3.544954779499676e-06,-1.238,0.3212,202.93,0
16.6842,-0.137,-3.544954779499676e-06,-1.238,0.3212,202.931,0
16.6854,-0.137,-3.544954779499676e-06,-1.238,0.3212,202.959,0
16.6867,-0.137,-3.544954779499676e-06,-1.238,0.3212,202.931,0
16.6879,-0.137,-3.544954779499676e-06,-1.238,0.3212,202.924,0
16.6892,-0.137,-3.544954779499676e-06,-1.238,0.3212,202.93,0
16.6905,-0.137,-3.544954779499676e-06,-1.238,0.3212,202.935,0
16.6918,-0.137,-3.544954779499676e-06,-1.238,0.3212,202.937,0
16.693,-0.137,-3.544954779499676e-06,-1.238,0.3212,202.952,0
16.6943,-0.137,-3.544954779499676e-06,-1.238,0.3212,202.955,0
16.6956,-0.137,-3.544954779499676e-06,-1.238,0.3212,202.907,0
16.6969,-0.137,-3.544954779499676e-06,-1.238,0.3212,202.968,0
16.6984,-0.137,-3.544954779499676e-06,-1.238,0.3212,202.964,0
16.6997,-0.137,-3.544954779499676e-06,-1.238,0.3212,202.956,0
16.701,-0.137,-3.544954779499676e-06,-1.238,0.3212,202.93,0
16.7023,-0.137,-3.544954779499676e-06,-1.238,0.3212,202.925,0
16.7035,-0.137,-3.544954779499676e-06,-1.238,0.3212,202.928,0
16.7049,-0.137,-3.544954779499676e-06,-1.238,0.3212,202.949,0
16.7061,-0.137,-3.544954779499676e-06,-1.238,0.3212,202.964,0
16.7073,-0.137,-3.544954779499676e-06,-1.238,0.3212,202.93,0
16.7085,-0.137,-3.544954779499676e-06,-1.238,0.3212,202.916,0
16.7098,-0.137,-3.544954779499676e-06,-1.238,0.3212,202.928,0
16.711,-0.137,-3.544954779499676e-06,-1.238,0.3212,202.923,0
16.7123,-0.137,-3.544954779499676e-06,-1.238,0.3212,202.959,0
16.7137,-0.137,0.00021211474086157978,-1.189,0.3212,202.937,0
16.715,-0.137,0.0002149918582290411,-1.189,0.3212,202.963,0
16.7162,-0.137,0.00016424480418208987,-1.2,0.3212,202.964,0
16.7175,-0.137,0.00011245710629737005,-1.212,0.3212,202.922,0
16.7189,-0.137,7.303477468667552e-05,-1.221,0.3212,202.922,0
16.7202,-0.137,4.518204150372185e-05,-1.227,0.3212,202.923,0
16.7214,-0.137,2.730732194322627e-05,-1.231,0.3212,202.933,0
16.7228,-0.137,1.573772715346422e-05,-1.234,0.3212,202.945,0
16.724,-0.137,9.310173481935635e-06,-1.236,0.3212,202.924,0
16.7253,-0.137,5.453642188513186e-06,-1.236,0.3212,202.986,0
16.7265,-0.137,2.45411661126127e-06,-1.237,0.3212,202.972,0
16.7278,-0.137,4.340280952419562e-07,-1.238,0.3212,202.942,0
16.729,-0.137,-1.0351270702813054e-06,-1.238,0.3212,202.937,0
16.7305,-0.137,-2.0145639609836508e-06,-1.238,0.3212,202.933,0
16.7318,-0.137,-2.932785037046415e-06,-1.238,0.3212,202.969,0
16.7331,-0.137,-3.5449318147584563e-06,-1.238,0.3212,202.922,0
16.7344,-0.137,-3.5449318147584563e-06,-1.238,0.3212,202.946,0
16.7357,-0.137,-3.5449318147584563e-06,-1.238,0.3212,202.927,0
16.7369,-0.137,-3.5449318147584563e-06,-1.238,0.3212,202.93,0
16.7381,-0.137,-3.5449318147584563e-06,-1.238,0.3212,202.973,0
16.7395,-0.137,-3.5449318147584563e-06,-1.238,0.3212,202.955,0
16.7407,-0.137,-3.5449318147584563e-06,-1.238,0.3212,202.942,0
16.742,-0.137,-3.5449318147584563e-06,-1.238,0.3212,202.958,0
16.7433,-0.137,-3.5449318147584563e-06,-1.238,0.3212,202.928,0
16.7445,-0.137,-3.5449318147584563e-06,-1.238,0.3212,202.935,0
16.7458,-0.137,-3.5449318147584563e-06,-1.238,0.3212,202.942,0
16.7473,-0.137,-3.5449318147584563e-06,-1.238,0.3212,202.943,0
16.7486,-0.137,-3.5449318147584563e-06,-1.238,0.3212,202.938,0
16.7499,-0.137,-3.5449318147584563e-06,-1.238,0.3212,202.924,0
16.7512,-0.137,-3.5449318147584563e-06,-1.238,0.3212,202.965,0
16.7525,-0.137,-3.5449318147584563e-06,-1.238,0.3212,202.929,0
16.7539,-0.137,-3.5449318147584563e-06,-1.238,0.3212,202.928,0
16.7553,-0.137,-3.5449318147584563e-06,-1.238,0.3212,202.939,0
16.7567,-0.137,-3.5449318147584563e-06,-1.238,0.3212,202.947,0
16.7579,-0.137,-3.5449318147584563e-06,-1.238,0.3212,202.928,0
16.7592,-0.137,-3.5449318147584563e-06,-1.238,0.3212,202.94,0
16.7604,-0.137,-3.5449318147584563e-06,-1.238,0.3212,202.933,0
16.7617,-0.137,-3.5449318147584563e-06,-1.238,0.3212,202.92,0
16.763,-0.137,-3.5449318147584563e-06,-1.238,0.3212,202.968,0
16.7645,-0.137,-3.5449318147584563e-06,-1.238,0.3212,202.94,0
16.7659,-0.137,-3.5449318147584563e-06,-1.238,0.3212,202.935,0
16.7672,-0.137,-3.5449318147584563e-06,-1.238,0.3212,202.93,0
16.7687,-0.137,-3.5449318147584563e-06,-1.238,0.3212,202.952,0
16.77,-0.137,-3.5449318147584563e-06,-1.238,0.3212,202.963,0
16.7713,-0.137,-3.5449318147584563e-06,-1.238,0.3212,202.95,0
16.7729,-0.137,-3.5449318147584563e-06,-1.238,0.3212,202.929,0
16.7741,-0.137,-3.5449318147584563e-06,-1.238,0.3212,202.917,0
16.7753,-0.137,-3.5449318147584563e-06,-1.238,0.3212,202.943,0
16.7765,-0.137,-3.5449318147584563e-06,-1.238,0.3212,202.935,0
16.7779,-0.137,-3.5449318147584563e-06,-1.238,0.3212,202.917,0
16.7791,-0.137,-3.5449318147584563e-06,-1.238,0.3212,202.909,0
16.7805,-0.137,-3.5449318147584563e-06,-1.238,0.3212,202.923,0
16.7817,-0.137,-3.5449318147584563e-06,-1.238,0.3212,202.914,0
16.783,-0.137,-3.5449318147584563e-06,-1.238,0.3212,202.898,0
16.7842,-0.137,-3.5449318147584563e-06,-1.238,0.3212,202.979,0
16.7855,-0.137,-3.5449318147584563e-06,-1.238,0.3212,202.942,0
16.7867,-0.137,-3.5449318147584563e-06,-1.238,0.3212,202.926,0
16.7879,-0.137,-3.5449318147584563e-06,-1.238,0.3212,202.924,0
16.7892,-0.137,-3.5449318147584563e-06,-1.238,0.3212,202.928,0
16.7905,-0.137,-3.5449318147584563e-06,-1.238,0.3212,202.985,0
16.7917,-0.137,-3.5449318147584563e-06,-1.238,0.3212,202.963,0
16.793,-0.137,-3.5449318147584563e-06,-1.238,0.3212,202.926,0
16.7942,-0.137,-3.5449318147584563e-06,-1.238,0.3212,202.952,0
16.7955,-0.137,-3.5449318147584563e-06,-1.238,0.3212,202.934,0
16.7967,-0.137,-3.5449318147584563e-06,-1.238,0.3212,202.905,0
16.7979,-0.137,-3.5449318147584563e-06,-1.238,0.3212,202.935,0
16.7992,-0.137,-3.5449318147584563e-06,-1.238,0.3212,202.945,0
16.8004,-0.137,-3.5449318147584563e-06,-1.238,0.3212,202.937,0
16.8017,-0.137,-3.5449318147584563e-06,-1.238,0.3212,202.943,0
16.803,-0.137,-3.5449318147584563e-06,-1.238,0.3212,202.947,0
16.8042,-0.137,-3.5449318147584563e-06,-1.238,0.3212,202.877,0
16.8056,-0.137,-3.5449318147584563e-06,-1.238,0.3212,202.946,0
16.8069,-0.137,-3.5449318147584563e-06,-1.238,0.3212,202.912,0
16.8081,-0.137,-3.5449318147584563e-06,-1.238,0.3212,202.953,0
16.8093,-0.137,-3.5449318147584563e-06,-1.238,0.3212,202.96,0
16.8106,-0.137,-3.5449318147584563e-06,-1.238,0.3212,202.929,0
16.8119,-0.137,-3.5449318147584563e-06,-1.238,0.3212,202.964,0
16.8132,-0.137,-3.5449318147584563e-06,-1.238,0.3212,202.935,0
16.8144,-0.137,-3.5449318147584563e-06,-1.238,0.3212,202.934,0
16.8158,-0.137,-3.5449318147584563e-06,-1.238,0.3212,202.941,0
16.8171,-0.137,-3.5449318147584563e-06,-1.238,0.3212,202.923,0
16.8183,-0.137,-3.5449318147584563e-06,-1.238,0.3212,202.961,0
16.8195,-0.137,-3.5449318147584563e-06,-1.238,0.3212,202.896,0
16.8208,-0.137,-3.5449318147584563e-06,-1.238,0.3212,202.926,0
16.8222,-0.137,-3.5449318147584563e-06,-1.238,0.3212,202.926,0
16.8234,-0.137,-3.5449318147584563e-06,-1.238,0.3212,202.937,0
16.8248,-0.137,-3.5449318147584563e-06,-1.238,0.3212,202.959,0
16.8261,-0.137,-3.5449318147584563e-06,-1.238,0.3212,202.939,0
16.8274,-0.137,-3.5449318147584563e-06,-1.238,0.3212,202.937,0
16.8288,-0.137,-3.5449318147584563e-06,-1.238,0.3212,202.911,0
16.8301,-0.137,-3.5449318147584563e-06,-1.238,0.3212,202.958,0
16.8314,-0.137,-3.5449318147584563e-06,-1.238,0.3212,202.957,0
16.8327,-0.137,-3.5449318147584563e-06,-1.238,0.3212,202.953,0
16.8339,-0.137,-3.5449318147584563e-06,-1.238,0.3212,202.912,0
16.8351,-0.137,-3.5449318147584563e-06,-1.238,0.3212,202.952,0
16.8363,-0.137,-3.5449318147584563e-06,-1.238,0.3212,202.924,0
16.8376,-0.137,-3.5449318147584563e-06,-1.238,0.3212,202.935,0
16.8389,-0.137,-3.5449318147584563e-06,-1.238,0.3212,202.947,0
16.8401,-0.137,-3.5449318147584563e-06,-1.238,0.3212,202.92,0
16.8414,-0.137,-3.5449318147584563e-06,-1.238,0.3212,202.929,0
16.8428,-0.137,-3.5449318147584563e-06,-1.238,0.3212,202.92,0
16.844,-0.137,-3.5449318147584563e-06,-1.238,0.3212,202.931,0
16.8453,-0.137,-3.5449318147584563e-06,-1.238,0.3212,202.931,0
16.8466,-0.137,-3.5449318147584563e-06,-1.238,0.3212,202.937,0
16.848,-0.137,-3.5449318147584563e-06,-1.238,0.3212,202.937,0
16.8493,-0.137,-3.5449318147584563e-06,-1.238,0.3212,202.939,0
16.8505,-0.137,-3.5449318147584563e-06,-1.238,0.3212,202.977,0
16.8518,-0.137,-3.5449318147584563e-06,-1.238,0.3212,202.921,0
16.8531,-0.137,-3.5449318147584563e-06,-1.238,0.3212,202.896,0
16.8544,-0.137,-3.5449318147584563e-06,-1.238,0.3212,202.962,0
16.8558,-0.137,-3.5449318147584563e-06,-1.238,0.3212,202.904,0
16.857,-0.137,-3.5449318147584563e-06,-1.238,0.3212,202.971,0
16.8584,-0.137,-3.5449318147584563e-06,-1.238,0.3212,202.912,0
16.8597,-0.137,-3.5449318147584563e-06,-1.238,0.3212,202.936,0
16.861,-0.137,-3.5449318147584563e-06,-1.238,0.3212,202.973,0
16.8622,-0.137,-3.5449318147584563e-06,-1.238,0.3212,202.919,0
16.8637,-0.137,-3.5449318147584563e-06,-1.238,0.3212,202.923,0
16.8651,-0.137,-3.5449318147584563e-06,-1.238,0.3212,202.914,0
16.8664,-0.137,-3.5449318147584563e-06,-1.238,0.3212,202.957,0
16.8678,-0.137,-3.5449318147584563e-06,-1.238,0.3212,202.923,0
16.8691,-0.137,-3.5449318147584563e-06,-1.238,0.3212,202.96,0
16.8704,-0.137,-3.5449318147584563e-06,-1.238,0.3212,202.909,0
16.8717,-0.137,-3.5449318147584563e-06,-1.238,0.3212,202.972,0
16.8731,-0.137,-3.5449318147584563e-06,-1.238,0.3212,202.952,0
16.8744,-0.137,-3.5449318147584563e-06,-1.238,0.3212,202.927,0
16.8758,-0.137,-3.5449318147584563e-06,-1.238,0.3212,202.919,0
16.877,-0.137,-3.5449318147584563e-06,-1.238,0.3212,202.954,0
16.8783,-0.137,-3.5449318147584563e-06,-1.238,0.3212,202.951,0
16.8796,-0.137,-3.5449318147584563e-06,-1.238,0.3212,202.921,0
16.881,-0.137,5.583342135651037e-05,-1.225,0.3212,202.958,0
16.8823,-0.137,0.00022313345107249916,-1.187,0.3212,202.907,0
16.8835,-0.137,0.00020507507724687457,-1.191,0.3212,202.952,0
16.8849,-0.137,0.00015573596465401351,-1.202,0.3212,202.925,0
16.8861,-0.137,0.00010217303497483954,-1.214,0.3212,202.895,0
16.8873,-0.137,6.807639874750748e-05,-1.222,0.3212,202.934,0
16.8891,-0.137,3.7224137486191466e-05,-1.229,0.3212,202.956,0
16.8903,-0.137,2.222651346528437e-05,-1.233,0.3212,202.948,0
16.8915,-0.137,1.3227940144133754e-05,-1.235,0.3212,202.903,0
16.8927,-0.137,8.208326107705943e-06,-1.236,0.3212,202.935,0
16.894,-0.137,4.474223715078551e-06,-1.237,0.3212,202.928,0
16.8952,-0.137,1.9032020190934418e-06,-1.237,0.3212,202.939,0
16.8965,-0.137,6.675796271338186e-08,-1.238,0.3212,202.942,0
16.8979,-0.137,-1.4636120795330498e-06,-1.238,0.3212,202.932,0
16.8992,-0.137,-2.2594047095481073e-06,-1.238,0.3212,202.897,0
16.9004,-0.137,-3.0551957479474368e-06,-1.238,0.3212,202.957,0
16.9017,-0.137,-3.54491317011707e-06,-1.238,0.3212,202.942,0
16.903,-0.137,-3.54491317011707e-06,-1.238,0.3212,202.943,0
16.9042,-0.137,0.00018083403119817376,-1.196,0.3212,202.908,0
16.9056,-0.137,0.00022411289683077484,-1.187,0.3212,202.945,0
16.9069,-0.137,0.00018132377590518445,-1.196,0.3212,202.976,0
16.9081,-0.137,0.00012733232870232314,-1.209,0.3212,202.954,0
16.9094,-0.137,8.374739991268143e-05,-1.219,0.3212,202.937,0
16.9107,-0.137,5.2650284487754107e-05,-1.226,0.3212,202.941,0
16.912,-0.137,3.3183980121975765e-05,-1.23,0.3212,202.918,0
16.9132,-0.137,1.9594295736169443e-05,-1.233,0.3212,202.93,0
16.9145,-0.137,1.1697587979142554e-05,-1.235,0.3212,202.952,0
16.9159,-0.137,6.555545496667037e-06,-1.236,0.3212,202.924,0
16.9172,-0.137,3.2499460758117493e-06,-1.237,0.3212,202.927,0
16.9184,-0.137,9.237837730324827e-07,-1.237,0.3212,202.91,0
16.9197,-0.137,-5.4537133564736e-07,-1.238,0.3212,202.955,0
16.9209,-0.137,-1.7696675058687106e-06,-1.238,0.3212,202.941,0
16.9223,-0.137,-2.5042452307388885e-06,-1.238,0.3212,202.923,0
16.9236,-0.137,-3.361250492162071e-06,-1.238,0.3212,202.953,0
16.9249,-0.137,-3.5448945254756836e-06,-1.238,0.3212,202.905,0
16.9262,-0.137,0.00015585841902066022,-1.202,0.3212,202.961,0
16.9275,-0.137,0.00022619421361014247,-1.186,0.3212,202.947,0
16.9287,-0.137,0.00019368916400708258,-1.194,0.3212,202.907,0
16.93,-0.137,0.0001392080303048715,-1.206,0.3212,202.952,0
16.9312,-0.137,9.262356616090983e-05,-1.217,0.3212,202.931,0
16.9325,-0.137,0.00018775134230963886,-1.195,0.3212,202.969,0
16.9339,-0.137,0.0002668408560566604,-1.177,0.3212,202.934,0
16.9351,-0.137,0.00021811382612213492,-1.188,0.3212,202.936,0
16.9365,-0.137,0.0003135477309115231,-1.166,0.3212,202.94,0
16.9379,-0.137,0.0003301982069388032,-1.163,0.3212,202.931,0
16.9393,-0.137,0.0004433231079019606,-1.137,0.3212,202.96,0
16.9406,-0.137,0.0005479390965774655,-1.113,0.3212,202.942,0
16.9419,-0.137,0.0006039506988599896,-1.1,0.3212,202.932,0
16.9432,-0.137,0.0007517843623645604,-1.067,0.3212,202.928,0
16.9445,-0.132,0.0009416114189662039,-1.022,0.322,202.941,0
16.9458,-0.132,0.0010125593980774283,-1.006,0.322,202.913,0
16.9471,-0.132,0.0012528274673968554,-0.952,0.322,202.921,0
16.9486,-0.132,0.0017268136143684387,-0.846,0.322,202.942,0
16.9499,-0.132,0.0023780164774507284,-0.701,0.322,202.946,0
16.9512,-0.126,0.0028733049985021353,-0.592,0.3227,202.945,0
16.9525,-0.126,0.0035847437102347612,-0.439,0.3227,202.917,0
16.9539,-0.121,0.004501740913838148,-0.247,0.3235,202.916,0
16.9553,-0.115,0.005458345171064138,-0.056,0.3242,202.877,0
16.9566,-0.115,0.006783646065741777,0.195,0.3242,202.86,0
16.958,-0.104,0.008282735012471676,0.451,0.3258,202.906,0
16.9592,-0.099,0.010333125479519367,0.76,0.3265,202.904,0
16.9605,-0.093,0.01262764073908329,1.048,0.3273,202.859,0
16.9618,-0.082,0.015207292512059212,1.295,0.3288,202.857,0
16.9631,-0.066,0.01888446696102619,1.534,0.3311,202.841,0
16.9644,-0.049,0.023822417482733727,1.714,0.3334,202.845,0
16.9657,-0.033,0.028800522908568382,1.786,0.3357,202.826,0
16.967,-0.011,0.0340488962829113,1.792,0.3387,202.751,0
16.9682,0.016,0.03921150416135788,1.757,0.3426,202.785,0
16.9695,0.044,0.044726233929395676,1.705,0.3464,202.736,0
16.9709,0.071,0.05108325928449631,1.641,0.3502,202.663,0
16.9722,0.11,0.05739297345280647,1.561,0.3555,202.668,0
16.9736,0.143,0.0623035691678524,1.496,0.3601,202.608,0
16.975,0.181,0.06679728627204895,1.431,0.3654,202.581,0
16.9762,0.225,0.07152441143989563,1.363,0.3716,202.529,0
16.9775,0.264,0.07611478865146637,1.305,0.3769,202.48,0
16.9788,0.308,0.08111689239740372,1.245,0.383,202.402,0
16.9801,0.352,0.08559725433588028,1.193,0.3891,202.355,0
16.9814,0.396,0.09091009199619293,1.141,0.3952,202.345,0
16.9826,0.45,0.09669072926044464,1.09,0.4028,202.245,0
16.9839,0.505,0.10241720080375671,1.046,0.4105,202.163,0
16.9852,0.56,0.10847525298595428,1.009,0.4181,202.102,0
16.9865,0.621,0.11473270505666733,0.979,0.4265,202.034,0
16.9878,0.687,0.12120930105447769,0.959,0.4356,201.981,0
16.9892,0.758,0.1270669549703598,0.956,0.4456,201.861,0
16.9906,0.829,0.13228599727153778,0.968,0.4555,201.822,0
16.9919,0.895,0.13671836256980896,0.991,0.4646,201.71,0
16.9931,0.967,0.14161494374275208,1.024,0.4745,201.644,0
16.9944,1.038,0.14702683687210083,1.062,0.4845,201.555,0
16.9957,1.121,0.15223105251789093,1.12,0.4959,201.457,0
16.9971,1.198,0.15729965269565582,1.181,0.5066,201.357,0
16.9983,1.285,0.16232244670391083,1.26,0.5188,201.262,0
16.9996,1.362,0.166269451379776,1.335,0.5295,201.188,0
17.0009,1.445,0.17025429010391235,1.418,0.5409,201.081,0
17.0022,1.538,0.17514680325984955,1.51,0.5539,200.964,0
17.0035,1.62,0.17978371679782867,1.587,0.5653,200.873,0
17.0049,1.719,0.1848880499601364,1.676,0.5791,200.768,0
17.0062,1.813,0.18892380595207214,1.757,0.592,200.685,0
17.0076,1.917,0.193346306681633,1.837,0.6065,200.531,0
17.009,2.016,0.1979471892118454,1.898,0.6203,200.433,0
17.0102,2.12,0.20342469215393066,1.944,0.6348,200.308,0
17.0115,2.225,0.20957626402378082,1.971,0.6493,200.197,0
17.0128,2.329,0.21527963876724243,1.986,0.6638,200.046,0
17.0141,2.439,0.22055475413799286,1.989,0.679,199.95,0
17.0154,2.554,0.2269548773765564,1.972,0.695,199.845,0
17.0167,2.67,0.23321092128753662,1.943,0.7111,199.681,0
17.018,2.785,0.23894454538822174,1.906,0.7271,199.59,0
17.0193,2.911,0.24494118988513947,1.86,0.7446,199.452,0
17.0206,3.027,0.24945466220378876,1.821,0.7607,199.318,0
17.022,3.148,0.2547137439250946,1.78,0.7774,199.176,0
17.0233,3.29,0.2598068118095398,1.748,0.7973,199.041,0
17.0247,3.428,0.26487812399864197,1.731,0.8163,198.932,0
17.026,3.56,0.2685100734233856,1.742,0.8347,198.773,0
17.0272,3.686,0.272145539522171,1.773,0.8522,198.687,0
17.0285,3.818,0.2756352722644806,1.83,0.8705,198.53,0
17.0298,3.955,0.28062209486961365,1.907,0.8896,198.398,0
17.0312,4.087,0.2838364243507385,2.013,0.9079,198.302,0
17.0325,4.241,0.287896066904068,2.158,0.9293,198.132,0
17.0338,4.384,0.2924998998641968,2.305,0.9491,198.036,0
17.0351,4.526,0.2979084551334381,2.455,0.9689,197.9,0
17.0364,4.669,0.30302694439888,-3.636,0.9888,197.788,0
17.0377,4.823,0.3069866895675659,-3.684,0.0101,197.668,0
17.039,4.966,0.3102090656757355,-3.723,0.03,197.598,0
17.0403,5.114,0.3101416230201721,-3.722,0.0506,197.52,0
17.0415,5.246,0.3078852891921997,-3.695,0.0689,197.358,0
17.0429,5.378,0.3002448081970215,-3.603,0.0872,197.31,0
17.0442,5.51,0.29034870862960815,3.179,0.1055,197.183,0
17.0454,5.625,0.28082334995269775,3.177,0.1215,197.1,0
17.0469,5.735,0.27075839042663574,3.149,0.1368,197.046,0
17.0483,5.872,0.2634297013282776,3.037,0.1559,196.938,0
17.0496,5.993,0.2619113028049469,2.872,0.1726,196.835,0
17.051,6.119,0.26312559843063354,2.648,0.1902,196.699,0
17.0522,6.257,0.26775699853897095,2.354,0.2093,196.59,0
17.0536,6.389,0.27399206161499023,2.038,0.2276,196.479,0
17.0548,6.526,0.2802160382270813,1.697,0.2466,196.368,0
17.0561,6.669,0.2867543697357178,1.339,0.2665,196.22,0
17.0574,6.806,0.29308006167411804,1.003,0.2856,196.1,0
17.0588,6.954,0.2999061048030853,0.663,0.3062,195.966,0
17.0601,7.119,0.3055054247379303,-3.666,0.329,195.796,0
17.0615,7.267,0.3103215992450714,-3.724,0.3496,195.63,0
17.0628,7.421,0.3152022659778595,-3.782,0.371,195.445,0
17.0642,7.586,0.31962311267852783,-3.835,0.3939,195.322,0
17.0655,7.745,0.3208432197570801,-3.85,0.416,195.122,0
17.0668,7.899,0.319496750831604,-3.834,0.4374,194.882,0
17.0681,8.042,0.31814348697662354,-3.818,0.4572,194.766,0
17.0696,8.196,0.31551456451416016,-3.786,0.4786,194.576,0
17.071,8.355,0.31412744522094727,-3.77,0.5007,194.391,0
17.0724,8.509,0.3132043182849884,-3.758,0.5221,194.182,0
17.0738,8.668,0.3110774755477905,-3.733,0.5442,194.009,0
17.0751,8.817,0.30880481004714966,-3.706,0.5648,193.823,0
17.0764,8.959,0.30600446462631226,-3.672,0.5846,193.629,0
17.0777,9.097,0.3027269244194031,-3.633,0.6037,193.509,0
17.0791,9.24,0.2998741865158081,1.306,0.6235,193.337,0
17.0806,9.388,0.29645612835884094,1.429,0.6441,193.162,0
17.082,9.536,0.29540643095970154,1.508,0.6647,192.964,0
17.0833,9.684,0.29598182439804077,1.547,0.6853,192.767,0
17.0846,9.827,0.29846230149269104,1.55,0.7052,192.648,0
17.086,9.976,0.3034769892692566,-3.642,0.7258,192.519,0
17.0875,10.135,0.31096258759498596,-3.732,0.7479,192.334,0
17.0889,10.322,0.3195314407348633,-3.834,0.7738,192.108,0
17.0902,10.492,0.32426708936691284,-3.891,0.7975,191.965,0
17.0915,10.646,0.32653167843818665,-3.918,0.8188,191.803,0
17.093,10.8,0.32654324173927307,-3.919,0.8402,191.672,0
17.0942,10.964,0.32486116886138916,-3.898,0.8631,191.477,0
17.0956,11.113,0.32119083404541016,-3.854,0.8837,191.366,0
17.0971,11.255,0.3184388279914856,-3.821,0.9035,191.235,0
17.0984,11.426,0.312662810087204,-3.752,0.9272,191.06,0
17.0997,11.563,0.3083570897579193,-3.7,0.9463,190.932,0
17.101,11.7,0.3054574728012085,-3.665,0.9653,190.823,0
17.1022,11.838,0.30327072739601135,-3.639,0.9844,190.758,0
17.1035,11.97,0.3012390732765198,-3.615,0.0027,190.632,0
17.1048,12.107,0.29840004444122314,2.899,0.0218,190.492,0
17.1061,12.233,0.2954367995262146,3.028,0.0393,190.406,0
17.1074,12.365,0.29145240783691406,3.138,0.0576,190.336,0
17.1087,12.502,0.28907379508018494,3.201,0.0767,190.2,0
17.11,12.634,0.289695680141449,3.201,0.095,190.094,0
17.1112,12.772,0.29248982667922974,3.139,0.1141,189.992,0
17.1125,12.914,0.29818424582481384,3.003,0.1339,189.914,0
17.1139,13.068,0.3045608699321747,-3.655,0.1553,189.816,0
17.1152,13.222,0.3120097517967224,-3.744,0.1767,189.678,0
17.1165,13.381,0.31967711448669434,-3.836,0.1988,189.572,0
17.1179,13.552,0.3265860974788666,-3.919,0.2224,189.411,0
17.1192,13.711,0.3303946554660797,-3.965,0.2446,189.282,0
17.1205,13.87,0.3307117819786072,-3.969,0.2667,189.113,0
17.1219,14.024,0.32903793454170227,-3.948,0.2881,188.987,0
17.1232,14.178,0.32603949308395386,-3.912,0.3094,188.878,0
17.1245,14.326,0.3205753564834595,-3.847,0.33,188.702,0
17.1258,14.474,0.3159412443637848,-3.791,0.3506,188.577,0
17.1271,14.606,0.3122884929180145,-3.747,0.3689,188.406,0
17.1284,14.749,0.30793067812919617,-3.695,0.3888,188.264,0
17.1298,14.892,0.3039626479148865,-3.648,0.4086,188.132,0
17.1311,15.035,0.3006174862384796,-3.607,0.4284,187.961,0
17.1324,15.172,0.2991674244403839,-0.069,0.4475,187.784,0
17.1337,15.309,0.2969103455543518,0.041,0.4666,187.612,0
17.135,15.441,0.2962411344051361,0.17,0.4849,187.471,0
17.1367,15.595,0.2992668151855469,0.326,0.5063,187.267,0
17.138,15.771,0.3049567639827728,-3.659,0.5307,187.068,0
17.1394,15.93,0.3098495304584503,-3.718,0.5528,186.869,0
17.1408,16.095,0.3144506514072418,-3.773,0.5757,186.672,0
17.1422,16.254,0.31677910685539246,-3.801,0.5978,186.488,0
17.1435,16.419,0.3166980743408203,-3.8,0.6207,186.291,0
17.1448,16.562,0.3152046799659729,-3.782,0.6405,186.124,0
17.1464,16.71,0.3135705888271332,-3.763,0.6611,185.978,0
17.1477,16.886,0.3106685280799866,-3.728,0.6855,185.784,0
17.1489,17.018,0.3085334897041321,-3.702,0.7039,185.616,0
17.1501,17.15,0.3050689697265625,-3.661,0.7222,185.461,0
17.1514,17.276,0.3035661280155182,-3.643,0.7397,185.324,0
17.1526,17.402,0.30024009943008423,-3.603,0.7573,185.202,0
17.1539,17.534,0.2975456416606903,1.524,0.7756,185.049,0
17.1552,17.672,0.2943844199180603,1.54,0.7946,184.92,0
17.1565,17.803,0.29113882780075073,1.57,0.813,184.787,0
17.1577,17.93,0.2897043228149414,1.606,0.8305,184.653,0
17.159,18.067,0.29174134135246277,1.646,0.8496,184.51,0
17.1602,18.204,0.294668048620224,1.707,0.8687,184.356,0
17.1615,18.347,0.2999468147754669,1.784,0.8885,184.22,0
17.1629,18.495,0.3059794008731842,-3.672,0.9091,184.073,0
17.1643,18.655,0.3123700022697449,-3.748,0.9312,183.97,0
17.1656,18.825,0.3187517523765564,-3.825,0.9549,183.798,0
17.1669,18.979,0.3225581645965576,-3.871,0.9762,183.702,0
17.1682,19.133,0.3243858218193054,-3.893,0.9976,183.541,0
17.1697,19.314,0.3229495584964752,-3.875,0.0228,183.401,0
17.171,19.451,0.3189834654331207,-3.828,0.0418,183.298,0
17.1723,19.583,0.3133053481578827,-3.76,0.0602,183.19,0
17.1736,19.72,0.3045591711997986,-3.655,0.0792,183.14,0
17.175,19.847,0.29422053694725037,3.172,0.0968,182.99,0
17.1762,19.973,0.2826972007751465,3.197,0.1143,182.899,0
17.1775,20.083,0.2738777995109558,3.176,0.1296,182.827,0
17.1788,20.198,0.2671111226081848,3.105,0.1456,182.787,0
17.1802,20.319,0.2647716701030731,2.965,0.1624,182.662,0
17.1815,20.446,0.2650139629840851,2.767,0.1799,182.531,0
17.1829,20.583,0.26811838150024414,2.499,0.199,182.46,0
17.1842,20.726,0.27372828125953674,2.174,0.2188,182.331,0
17.1854,20.852,0.2772378921508789,1.879,0.2364,182.246,0
17.1867,20.989,0.2826511561870575,1.54,0.2555,182.134,0
17.188,21.121,0.2863066494464874,1.226,0.2738,181.991,0
17.1893,21.264,0.2907159626483917,0.897,0.2936,181.869,0
17.1906,21.401,0.29378578066825867,0.612,0.3127,181.765,0
17.1919,21.544,0.2956116497516632,0.359,0.3325,181.609,0
17.1931,21.687,0.2969758212566376,0.153,0.3524,181.488,0
17.1944,21.813,0.29824957251548767,0.013,0.3699,181.284,0
17.1956,21.951,0.2991285026073456,-0.088,0.389,181.196,0
17.1969,22.077,0.2984432578086853,-0.126,0.4065,181.072,0
17.1981,22.22,0.29740381240844727,-0.117,0.4264,180.899,0
17.1994,22.352,0.296705037355423,-0.065,0.4447,180.76,0
17.2007,22.495,0.2958396077156067,0.036,0.4645,180.596,0
17.202,22.621,0.29506006836891174,0.156,0.4821,180.441,0
17.2032,22.758,0.295193076133728,0.306,0.5011,180.268,0
17.2045,22.89,0.29579994082450867,0.465,0.5194,180.125,0
17.2059,23.033,0.29535844922065735,0.652,0.5393,179.941,0
17.2071,23.176,0.2960874140262604,0.833,0.5591,179.812,0
17.2084,23.307,0.29534226655960083,0.999,0.5774,179.652,0
17.2099,23.456,0.2945546805858612,1.169,0.598,179.44,0
17.2111,23.588,0.29395920038223267,1.298,0.6163,179.299,0
17.2124,23.73,0.29443201422691345,1.405,0.6362,179.172,0
17.2139,23.868,0.29521554708480835,1.479,0.6552,178.969,0
17.2152,24.027,0.2968480587005615,1.528,0.6774,178.773,0
17.2164,24.164,0.29805266857147217,1.547,0.6964,178.649,0
17.2177,24.302,0.2997773587703705,1.544,0.7155,178.496,0
17.2189,24.434,0.30230942368507385,-3.628,0.7338,178.327,0
17.2202,24.576,0.3048718571662903,-3.658,0.7537,178.134,0
17.2215,24.719,0.3063226640224457,-3.676,0.7735,178.017,0
17.2227,24.857,0.3069126605987549,-3.683,0.7926,177.856,0
17.2239,24.994,0.303374707698822,-3.64,0.8116,177.732,0
17.2251,25.115,0.2989863455295563,1.546,0.8284,177.59,0
17.2264,25.236,0.2928943634033203,1.625,0.8452,177.455,0
17.2277,25.362,0.28489935398101807,1.738,0.8628,177.357,0
17.2289,25.477,0.27801597118377686,1.859,0.8788,177.255,0
17.2302,25.598,0.27493858337402344,1.979,0.8956,177.084,0
17.2315,25.719,0.273291677236557,2.11,0.9124,177.016,0
17.2328,25.851,0.27281346917152405,2.261,0.9307,176.891,0
17.234,25.966,0.27432915568351746,2.392,0.9467,176.757,0
17.2352,26.093,0.27590495347976685,2.543,0.9642,176.663,0
17.2364,26.219,0.27836477756500244,2.689,0.9818,176.521,0
17.2377,26.351,0.2818586230278015,2.828,0.0001,176.442,0
17.2389,26.483,0.28588083386421204,2.949,0.0184,176.335,0
17.2402,26.614,0.29063746333122253,3.042,0.0367,176.213,0
17.2415,26.752,0.29521268606185913,3.109,0.0558,176.11,0
17.2428,26.9,0.29749807715415955,3.15,0.0764,176.016,0
17.2441,27.037,0.29904454946517944,3.145,0.0955,175.947,0
17.2453,27.175,0.30095618963241577,-3.611,0.1145,175.83,0
17.2466,27.312,0.3035948574542999,-3.643,0.1336,175.706,0
17.2479,27.455,0.3054102063179016,-3.665,0.1534,175.648,0
17.2492,27.603,0.305844247341156,-3.67,0.174,175.545,0
17.2505,27.74,0.3016411066055298,-3.62,0.1931,175.397,0
17.2517,27.867,0.2962835729122162,2.162,0.2107,175.284,0
17.253,27.988,0.28867578506469727,1.952,0.2274,175.206,0
17.2542,28.103,0.27937495708465576,1.753,0.2435,175.074,0
17.2555,28.213,0.27121272683143616,1.556,0.2587,175.014,0
17.2569,28.334,0.2655837833881378,1.323,0.2755,174.906,0
17.2581,28.455,0.2631775736808777,1.081,0.2923,174.772,0
17.2594,28.575,0.2622627317905426,0.849,0.3091,174.691,0
17.2607,28.696,0.26153451204299927,0.64,0.3259,174.538,0
17.2619,28.812,0.2616921067237854,0.463,0.3419,174.491,0
17.2632,28.932,0.26236480474472046,0.308,0.3587,174.35,0
17.2645,29.048,0.2630254328250885,0.196,0.3747,174.191,0
17.2658,29.18,0.2636014521121979,0.112,0.393,174.093,0
17.2671,29.295,0.26345381140708923,0.081,0.409,173.96,0
17.2683,29.416,0.26336193084716797,0.086,0.4258,173.86,0
17.2695,29.531,0.263739675283432,0.123,0.4418,173.743,0
17.2709,29.652,0.2639828324317932,0.194,0.4586,173.559,0
17.2722,29.784,0.263855516910553,0.307,0.4769,173.44,0
17.2734,29.899,0.2638733685016632,0.427,0.493,173.269,0
17.2747,30.02,0.26549121737480164,0.559,0.5097,173.167,0
17.276,30.146,0.26675739884376526,0.712,0.5273,173.024,0
17.2772,30.273,0.26792576909065247,0.869,0.5448,172.9,0
17.2784,30.388,0.26842033863067627,1.014,0.5609,172.752,0
17.2797,30.509,0.26876088976860046,1.16,0.5776,172.588,0
17.2809,30.63,0.2683244049549103,1.299,0.5944,172.42,0
17.2822,30.751,0.26789459586143494,1.421,0.6112,172.324,0
17.2834,30.872,0.2679423987865448,1.522,0.628,172.116,0
17.2847,30.992,0.26964259147644043,1.593,0.6448,171.951,0
17.286,31.119,0.27102407813072205,1.647,0.6623,171.876,0
17.2872,31.24,0.27228984236717224,1.679,0.6791,171.708,0
17.2886,31.366,0.27459803223609924,1.688,0.6967,171.57,0
17.2901,31.531,0.27692949771881104,1.68,0.7195,171.383,0
17.2913,31.657,0.27905479073524475,1.66,0.7371,171.232,0
17.2926,31.789,0.2815619707107544,1.633,0.7554,171.051,0
17.2939,31.915,0.28403016924858093,1.607,0.7729,170.944,0
17.2952,32.053,0.2854824662208557,1.593,0.792,170.779,0
17.2964,32.19,0.28651514649391174,1.596,0.8111,170.649,0
17.2977,32.322,0.2876371443271637,1.616,0.8294,170.505,0
17.2989,32.448,0.2874852120876312,1.663,0.847,170.388,0
17.3002,32.58,0.288116991519928,1.73,0.8653,170.233,0
17.3014,32.706,0.2880917191505432,1.821,0.8828,170.107,0
17.3027,32.838,0.28948774933815,1.93,0.9011,169.976,0
17.304,32.97,0.28949570655822754,2.068,0.9194,169.871,0
17.3054,33.102,0.2900415062904358,2.219,0.9377,169.719,0
17.3069,33.272,0.291588693857193,2.423,0.9614,169.59,0
17.3082,33.415,0.2929699420928955,2.597,0.9812,169.464,0
17.3095,33.558,0.29425275325775146,2.762,0.0011,169.331,0
17.3109,33.701,0.295979380607605,2.907,0.0209,169.218,0
17.3122,33.849,0.29800906777381897,3.025,0.0415,169.074,0
17.3135,33.986,0.30039653182029724,-3.605,0.0606,169.019,0
17.3149,34.14,0.30144262313842773,-3.617,0.0819,168.909,0
17.3162,34.288,0.3019157946109772,-3.623,0.1025,168.79,0
17.3174,34.415,0.30010277032852173,-3.601,0.1201,168.659,0
17.3187,34.547,0.29536351561546326,2.99,0.1384,168.55,0
17.3201,34.684,0.2858293056488037,2.888,0.1575,168.485,0
17.3214,34.794,0.27532464265823364,2.79,0.1727,168.41,0
17.3228,34.909,0.26425498723983765,2.66,0.1888,168.343,0
17.3241,35.024,0.25526177883148193,2.494,0.2048,168.215,0
17.3254,35.123,0.2467053383588791,2.342,0.2185,168.165,0
17.3267,35.228,0.24010798335075378,2.156,0.233,168.058,0
17.328,35.327,0.23381425440311432,1.974,0.2467,167.987,0
17.3292,35.425,0.22742073237895966,1.791,0.2605,167.885,0
17.3306,35.519,0.22182950377464294,1.618,0.2734,167.799,0
17.3319,35.623,0.21715034544467926,1.423,0.2879,167.736,0
17.3332,35.722,0.21174484491348267,1.254,0.3017,167.645,0
17.3345,35.804,0.20630109310150146,1.131,0.3131,167.578,0
17.3358,35.898,0.20188312232494354,0.995,0.3261,167.476,0
17.3371,35.98,0.1973942667245865,0.894,0.3375,167.413,0
17.3384,36.063,0.19262269139289856,0.809,0.349,167.338,0
17.3399,36.156,0.1883772611618042,0.727,0.3619,167.228,0
17.3412,36.238,0.1835746169090271,0.68,0.3734,167.168,0
17.3425,36.315,0.17890265583992004,0.653,0.3841,167.084,0
17.3437,36.387,0.17396247386932373,0.647,0.394,167.002,0
17.345,36.464,0.17059870064258575,0.643,0.4047,166.945,0
17.3463,36.535,0.1674353927373886,0.655,0.4146,166.84,0
17.3476,36.612,0.16465803980827332,0.678,0.4253,166.788,0
17.349,36.683,0.1619643121957779,0.714,0.4352,166.714,0
17.3502,36.755,0.15829119086265564,0.767,0.4451,166.609,0
17.3515,36.821,0.15526379644870758,0.825,0.4543,166.535,0
17.3528,36.892,0.15177705883979797,0.898,0.4642,166.481,0
17.3541,36.953,0.14856474101543427,0.969,0.4726,166.428,0
17.3554,37.018,0.14650334417819977,1.045,0.4817,166.347,0
17.3567,37.084,0.14375583827495575,1.131,0.4909,166.267,0
17.358,37.15,0.1410684883594513,1.222,0.5,166.216,0
17.3593,37.211,0.1380849927663803,1.312,0.5084,166.15,0
17.3606,37.266,0.13533915579319,1.397,0.5161,166.07,0
17.362,37.326,0.13315072655677795,1.487,0.5244,166.015,0
17.3633,37.392,0.1320006400346756,1.579,0.5336,165.933,0
17.3647,37.458,0.13174965977668762,1.667,0.5428,165.84,0
17.366,37.518,0.13182653486728668,1.745,0.5511,165.797,0
17.3674,37.584,0.13223996758460999,1.826,0.5603,165.694,0
17.3688,37.65,0.13350367546081543,1.901,0.5695,165.599,0
17.3703,37.727,0.13370823860168457,1.992,0.5801,165.537,0
17.3717,37.787,0.13344110548496246,2.062,0.5885,165.472,0
17.373,37.853,0.13341723382472992,2.133,0.5977,165.394,0
17.3743,37.919,0.13435602188110352,2.193,0.6068,165.281,0
17.3757,37.985,0.13569529354572296,2.245,0.616,165.212,0
17.377,38.057,0.1377311497926712,2.292,0.6259,165.152,0
17.3782,38.123,0.139977365732193,2.327,0.6351,165.051,0
17.3795,38.188,0.1419621855020523,2.357,0.6442,164.95,0
17.3808,38.254,0.14387357234954834,2.381,0.6534,164.878,0
17.3822,38.331,0.14494594931602478,2.408,0.6641,164.799,0
17.3834,38.397,0.1462952345609665,2.423,0.6732,164.714,0
17.3847,38.469,0.1481703668832779,2.431,0.6831,164.664,0
17.386,38.54,0.15024837851524353,2.431,0.6931,164.583,0
17.3872,38.611,0.1519162356853485,2.428,0.703,164.48,0
17.3887,38.683,0.15343646705150604,2.422,0.7129,164.431,0
17.39,38.765,0.15469492971897125,2.412,0.7243,164.287,0
17.3914,38.842,0.15673130750656128,2.395,0.735,164.197,0
17.3928,38.925,0.1578216552734375,2.381,0.7465,164.096,0
17.3941,39.001,0.15873487293720245,2.368,0.7571,163.998,0
17.3954,39.078,0.16143383085727692,2.345,0.7678,163.959,0
17.3968,39.155,0.16179229319095612,2.337,0.7785,163.825,0
17.3982,39.243,0.16334626078605652,2.326,0.7907,163.753,0
17.3995,39.32,0.16287969052791595,2.331,0.8014,163.659,0
17.4008,39.397,0.162859246134758,2.339,0.8121,163.549,0
17.4021,39.474,0.16278283298015594,2.353,0.8228,163.478,0
17.4033,39.545,0.1626024842262268,2.373,0.8327,163.425,0
17.4047,39.628,0.16272756457328796,2.403,0.8441,163.328,0
17.4061,39.705,0.1623322069644928,2.441,0.8548,163.225,0
17.4074,39.781,0.1615944504737854,2.49,0.8655,163.152,0
17.4087,39.858,0.16023412346839905,2.551,0.8762,163.055,0
17.4099,39.93,0.15986500680446625,2.61,0.8861,163.01,0
17.4112,39.996,0.15944017469882965,2.67,0.8952,162.959,0
17.4125,40.073,0.15918464958667755,2.746,0.9059,162.902,0
17.414,40.15,0.15864534676074982,2.83,0.9166,162.784,0
17.4153,40.226,0.1579204499721527,2.922,0.9273,162.723,0
17.4165,40.298,0.15627670288085938,3.016,0.9372,162.672,0
17.4178,40.364,0.15523765981197357,3.104,0.9464,162.605,0
17.419,40.435,0.15386348962783813,3.202,0.9563,162.548,0
17.4205,40.512,0.15351592004299164,3.303,0.9669,162.469,0
17.422,40.589,0.1538805067539215,3.398,0.9776,162.364,0
17.4233,40.666,0.15371447801589966,3.495,0.9883,162.337,0
17.4247,40.737,0.1520186960697174,3.592,0.9982,162.304,0
17.4259,40.809,0.15061064064502716,3.682,0.0081,162.268,0
17.4272,40.875,0.14961761236190796,3.759,0.0173,162.195,0
17.4284,40.941,0.14943695068359375,3.825,0.0265,162.136,0
17.4297,41.012,0.15041248500347137,3.882,0.0364,162.08,0
17.431,41.078,0.15038719773292542,3.932,0.0455,162.038,0
17.4323,41.155,0.15235745906829834,3.967,0.0562,161.965,0
17.4335,41.221,0.15211309492588043,3.999,0.0654,161.874,0
17.4348,41.287,0.15064737200737,4.029,0.0745,161.875,0
17.436,41.353,0.14916254580020905,4.047,0.0837,161.78,0
17.4373,41.418,0.1474553793668747,4.057,0.0928,161.745,0
17.4386,41.479,0.14633303880691528,4.052,0.1012,161.755,0
17.44,41.545,0.14350613951683044,4.046,0.1104,161.632,0
17.4413,41.616,0.1424771249294281,4.013,0.1203,161.576,0
17.4426,41.677,0.1396300196647644,3.987,0.1287,161.518,0
17.4439,41.737,0.13659237325191498,3.952,0.1371,161.49,0
17.4452,41.792,0.13258995115756989,3.919,0.1447,161.418,0
17.4464,41.847,0.12871181964874268,3.878,0.1523,161.388,0
17.4478,41.902,0.1250152885913849,3.828,0.16,161.349,0
17.4491,41.957,0.12070700526237488,3.775,0.1676,161.365,0
17.4506,42.012,0.11712569743394852,3.71,0.1752,161.261,0
17.4518,42.061,0.11444669216871262,3.644,0.1821,161.251,0
17.4531,42.111,0.11154825240373611,3.574,0.189,161.209,0
17.4543,42.155,0.10942300409078598,3.505,0.1951,161.179,0
17.4556,42.198,0.10633105039596558,3.439,0.2012,161.142,0
17.457,42.242,0.10193601250648499,3.378,0.2073,161.104,0
17.4582,42.286,0.09756593406200409,3.314,0.2134,161.035,0
17.4595,42.319,0.0927729457616806,3.274,0.218,161.06,0
17.4609,42.352,0.08736413717269897,3.236,0.2225,161.032,0
17.4621,42.391,0.08331295102834702,3.177,0.2279,161.011,0
17.4634,42.418,0.07859145104885101,3.145,0.2317,160.987,0
17.4648,42.451,0.07508493959903717,3.093,0.2363,160.948,0
17.466,42.479,0.07169418781995773,3.053,0.2401,160.927,0
17.4673,42.506,0.06828275322914124,3.012,0.2439,160.91,0
17.4685,42.534,0.0661809965968132,2.962,0.2477,160.877,0
17.4699,42.561,0.06371653825044632,2.915,0.2515,160.863,0
17.4712,42.589,0.06186092644929886,2.864,0.2553,160.86,0
17.4725,42.616,0.06033448129892349,2.812,0.2592,160.797,0
17.4738,42.643,0.059512555599212646,2.755,0.263,160.786,0
17.4751,42.671,0.05855337902903557,2.7,0.2668,160.746,0
17.4764,42.693,0.05697998031973839,2.66,0.2698,160.76,0
17.4777,42.715,0.055037517100572586,2.622,0.2729,160.742,0
17.479,42.737,0.05281303822994232,2.586,0.2759,160.737,0
17.4802,42.759,0.05067861080169678,2.549,0.279,160.735,0
17.4815,42.775,0.048342227935791016,2.524,0.2813,160.689,0
17.4829,42.797,0.045003145933151245,2.49,0.2843,160.646,0
17.4842,42.814,0.04118750989437103,2.465,0.2866,160.649,0
17.4855,42.825,0.03900355473160744,2.445,0.2881,160.661,0
17.4869,42.841,0.0357745997607708,2.407,0.2904,160.637,0
17.4882,42.852,0.03259008750319481,2.369,0.292,160.635,0
17.4894,42.863,0.030057569965720177,2.323,0.2935,160.594,0
17.4907,42.869,0.027122195810079575,2.265,0.2943,160.601,0
17.4919,42.88,0.024433521553874016,2.175,0.2958,160.567,0
17.4932,42.885,0.02246699668467045,2.095,0.2965,160.573,0
17.4945,42.896,0.020730454474687576,1.996,0.2981,160.592,0
17.4958,42.902,0.01889517530798912,1.88,0.2988,160.585,0
17.4971,42.907,0.017367558553814888,1.763,0.2996,160.538,0
17.4984,42.913,0.01583596132695675,1.625,0.3004,160.55,0
17.4997,42.918,0.014170060865581036,1.449,0.3011,160.583,0
17.501,42.924,0.012809562496840954,1.281,0.3019,160.586,0
17.5023,42.924,0.011726920492947102,1.139,0.3019,160.541,0
17.5036,42.929,0.010415760800242424,0.939,0.3026,160.572,0
17.5049,42.929,0.009204443544149399,0.742,0.3026,160.547,0
17.5062,42.935,0.007863962091505527,0.497,0.3034,160.539,0
17.5075,42.935,0.006311370525509119,0.192,0.3034,160.542,0
17.5087,42.935,0.004899207036942244,-0.109,0.3034,160.547,0
17.51,42.935,0.0036839100066572428,-0.383,0.3034,160.545,0
17.5113,42.935,0.002480365801602602,-0.666,0.3034,160.563,0
17.5125,42.935,0.0015892008086666465,-0.88,0.3034,160.567,0
17.5139,42.935,0.0006207827827893198,-1.117,0.3034,160.568,0
17.5152,42.935,-0.0001737240527290851,-1.311,0.3034,160.555,0
17.5164,42.929,-0.0005351362051442266,-1.401,0.3026,160.556,0
17.5177,42.929,-0.0010299354325979948,-1.522,0.3026,160.559,0
17.519,42.929,-0.0012186606181785464,-1.568,0.3026,160.534,0
17.5202,42.929,-0.0016031507402658463,-1.662,0.3026,160.544,0
17.5214,42.929,-0.0016717725666239858,-1.679,0.3026,160.571,0
17.5228,42.929,-0.0014687232905998826,-1.629,0.3026,160.564,0
17.5241,42.929,-0.0013682697899639606,-1.605,0.3026,160.571,0
17.5253,42.924,-0.0014308312674984336,-1.622,0.3019,160.594,0
17.5266,42.924,-0.001288445433601737,-1.587,0.3019,160.56,0
17.5278,42.924,-0.0009747807634994388,-1.51,0.3019,160.571,0
17.5291,42.924,-0.0006587288226000965,-1.432,0.3019,160.571,0
17.5304,42.924,-0.0006172865396365523,-1.422,0.3019,160.541,0
17.5317,42.924,-0.0004891027347184718,-1.39,0.3019,160.548,0
17.5329,42.924,-0.0003510021779220551,-1.356,0.3019,160.574,0
17.5342,42.924,-0.00023004173999652267,-1.327,0.3019,160.546,0
17.5355,42.924,-0.00015015644021332264,-1.307,0.3019,160.56,0
17.5367,42.924,-9.267574205296114e-05,-1.293,0.3019,160.549,0
17.538,42.924,-5.619172225124203e-05,-1.284,0.3019,160.532,0
17.5392,42.924,-3.5133834899170324e-05,-1.278,0.3019,160.55,0
17.5404,42.924,-2.1850226403330453e-05,-1.275,0.3019,160.555,0
17.5417,42.924,-1.2729222362395376e-05,-1.273,0.3019,160.554,0
17.543,42.924,-7.587178515677806e-06,-1.272,0.3019,160.561,0
17.5442,42.924,-4.342794454714749e-06,-1.271,0.3019,160.553,0
17.5455,42.924,-1.6493429484398803e-06,-1.27,0.3019,160.557,0
17.5468,42.924,6.467154634037797e-08,-1.27,0.3019,160.563,0
17.5481,42.924,1.5338268894993234e-06,-1.269,0.3019,160.553,0
17.5494,42.924,2.2684046143695014e-06,-1.269,0.3019,160.547,0
17.5509,42.924,3.1866247809375636e-06,-1.269,0.3019,160.593,0
17.5522,42.924,3.5539128475647885e-06,-1.269,0.3019,160.571,0
17.5535,42.924,3.5539128475647885e-06,-1.269,0.3019,160.545,0
17.5547,42.924,3.5539128475647885e-06,-1.269,0.3019,160.594,0
17.556,42.924,3.5539128475647885e-06,-1.269,0.3019,160.581,0
17.5574,42.924,3.5539128475647885e-06,-1.269,0.3019,160.55,0
17.5586,42.924,3.5539128475647885e-06,-1.269,0.3019,160.55,0
17.56,42.924,3.5539128475647885e-06,-1.269,0.3019,160.523,0
17.5612,42.924,3.5539128475647885e-06,-1.269,0.3019,160.564,0
17.5624,42.924,3.5539128475647885e-06,-1.269,0.3019,160.545,0
17.5637,42.924,3.5539128475647885e-06,-1.269,0.3019,160.585,0
17.5649,42.924,3.5539128475647885e-06,-1.269,0.3019,160.522,0
17.5662,42.924,3.5539128475647885e-06,-1.269,0.3019,160.554,0
17.5677,42.924,3.5539128475647885e-06,-1.269,0.3019,160.569,0
17.569,42.924,3.5539128475647885e-06,-1.269,0.3019,160.556,0
17.5703,42.924,3.5539128475647885e-06,-1.269,0.3019,160.583,0
17.5716,42.924,3.5539128475647885e-06,-1.269,0.3019,160.569,0
17.5729,42.924,3.5539128475647885e-06,-1.269,0.3019,160.559,0
17.5741,42.924,3.5539128475647885e-06,-1.269,0.3019,160.533,0
17.5754,42.924,3.5539128475647885e-06,-1.269,0.3019,160.549,0
17.5766,42.924,3.5539128475647885e-06,-1.269,0.3019,160.576,0
17.5779,42.924,3.5539128475647885e-06,-1.269,0.3019,160.565,0
17.5793,42.924,3.5539128475647885e-06,-1.269,0.3019,160.554,0
17.5806,42.924,3.5539128475647885e-06,-1.269,0.3019,160.581,0
17.5819,42.924,3.5539128475647885e-06,-1.269,0.3019,160.6,0
17.5831,42.924,3.5539128475647885e-06,-1.269,0.3019,160.566,0
17.5844,42.924,3.5539128475647885e-06,-1.269,0.3019,160.554,0
17.5857,42.924,3.5539128475647885e-06,-1.269,0.3019,160.528,0
17.587,42.924,3.5539128475647885e-06,-1.269,0.3019,160.546,0
17.5883,42.924,3.5539128475647885e-06,-1.269,0.3019,160.564,0
17.5897,42.924,3.5539128475647885e-06,-1.269,0.3019,160.579,0
17.591,42.924,3.5539128475647885e-06,-1.269,0.3019,160.528,0
17.5923,42.924,3.5539128475647885e-06,-1.269,0.3019,160.532,0
17.5935,42.924,3.5539128475647885e-06,-1.269,0.3019,160.58,0
17.5949,42.924,3.5539128475647885e-06,-1.269,0.3019,160.549,0
17.5962,42.924,3.5539128475647885e-06,-1.269,0.3019,160.563,0
17.5974,42.924,3.5539128475647885e-06,-1.269,0.3019,160.546,0
17.5987,42.924,3.5539128475647885e-06,-1.269,0.3019,160.534,0
17.5999,42.924,3.5539128475647885e-06,-1.269,0.3019,160.602,0
17.6012,42.924,3.5539128475647885e-06,-1.269,0.3019,160.569,0
17.6024,42.924,3.5539128475647885e-06,-1.269,0.3019,160.541,0
17.6037,42.924,3.5539128475647885e-06,-1.269,0.3019,160.545,0
17.6049,42.924,3.5539128475647885e-06,-1.269,0.3019,160.543,0
17.6063,42.924,3.5539128475647885e-06,-1.269,0.3019,160.545,0
17.6075,42.924,3.5539128475647885e-06,-1.269,0.3019,160.541,0
17.6089,42.924,3.5539128475647885e-06,-1.269,0.3019,160.576,0
17.6102,42.924,3.5539128475647885e-06,-1.269,0.3019,160.569,0
17.6114,42.924,3.5539128475647885e-06,-1.269,0.3019,160.542,0
17.6127,42.924,3.5539128475647885e-06,-1.269,0.3019,160.53,0
17.614,42.924,3.5539128475647885e-06,-1.269,0.3019,160.604,0
17.6152,42.924,3.5539128475647885e-06,-1.269,0.3019,160.547,0
17.6166,42.924,3.5539128475647885e-06,-1.269,0.3019,160.557,0
17.6178,42.924,3.5539128475647885e-06,-1.269,0.3019,160.541,0
17.619,42.924,3.5539128475647885e-06,-1.269,0.3019,160.59,0
17.6203,42.924,3.5539128475647885e-06,-1.269,0.3019,160.549,0
17.6216,42.924,3.5539128475647885e-06,-1.269,0.3019,160.56,0
17.6229,42.924,3.5539128475647885e-06,-1.269,0.3019,160.555,0
17.6242,42.924,3.5539128475647885e-06,-1.269,0.3019,160.561,0
17.6255,42.924,3.5539128475647885e-06,-1.269,0.3019,160.546,0
17.6267,42.924,3.5539128475647885e-06,-1.269,0.3019,160.58,0
17.628,42.924,3.5539128475647885e-06,-1.269,0.3019,160.578,0
17.6292,42.924,-0.00019918946782127023,-1.319,0.3019,160.526,0
17.6305,42.924,-0.00022024736972525716,-1.324,0.3019,160.562,0
17.6318,42.924,-0.00017709094390738755,-1.313,0.3019,160.575,0
17.6331,42.924,-0.0001235280215041712,-1.3,0.3019,160.568,0
17.6343,42.924,-8.092252392088994e-05,-1.29,0.3019,160.549,0
17.6356,42.924,-5.264128776616417e-05,-1.283,0.3019,160.57,0
17.637,42.924,-3.195068711647764e-05,-1.278,0.3019,160.554,0
17.6383,42.924,-1.8728291252045892e-05,-1.274,0.3019,160.57,0
17.6397,42.924,-1.0770369044621475e-05,-1.272,0.3019,160.542,0
17.641,42.924,-5.444682756206021e-06,-1.271,0.3019,160.557,0
17.6424,42.924,-2.6288016670150682e-06,-1.27,0.3019,160.568,0
17.6438,42.924,-4.250687766216288e-07,-1.27,0.3019,160.587,0
17.645,42.924,1.1665159718177165e-06,-1.269,0.3019,160.539,0
17.6463,42.924,2.08473807106202e-06,-1.269,0.3019,160.576,0
17.6476,42.924,2.8193151138111716e-06,-1.269,0.3019,160.547,0
17.6489,42.924,3.553891019691946e-06,-1.269,0.3019,160.552,0
17.6502,42.924,3.553891019691946e-06,-1.269,0.3019,160.574,0
17.6514,42.924,3.553891019691946e-06,-1.269,0.3019,160.544,0
17.6527,42.924,3.553891019691946e-06,-1.269,0.3019,160.574,0
17.654,42.924,3.553891019691946e-06,-1.269,0.3019,160.539,0
17.6554,42.924,3.553891019691946e-06,-1.269,0.3019,160.562,0
17.6568,42.924,3.553891019691946e-06,-1.269,0.3019,160.584,0
17.6581,42.924,3.553891019691946e-06,-1.269,0.3019,160.553,0
17.6593,42.924,3.553891019691946e-06,-1.269,0.3019,160.548,0
17.6606,42.924,3.553891019691946e-06,-1.269,0.3019,160.547,0
17.662,42.924,3.553891019691946e-06,-1.269,0.3019,160.568,0
17.6632,42.924,3.553891019691946e-06,-1.269,0.3019,160.57,0
17.6646,42.924,3.553891019691946e-06,-1.269,0.3019,160.563,0
17.6659,42.924,0.0001302685122936964,-1.238,0.3019,160.557,0
17.6672,42.924,0.00023249724472407252,-1.212,0.3019,160.527,0
17.6684,42.924,0.00020648095232900232,-1.219,0.3019,160.528,0
17.6697,42.924,0.00015089793305378407,-1.233,0.3019,160.564,0
17.6712,42.924,9.476396371610463e-05,-1.246,0.3019,160.524,0
17.6724,42.924,6.250376463867724e-05,-1.254,0.3019,160.55,0
17.6737,42.924,3.7834204704267904e-05,-1.26,0.3019,160.546,0
17.6749,42.924,2.2591719243791886e-05,-1.264,0.3019,160.561,0
17.6762,42.924,1.359314592264127e-05,-1.266,0.3019,160.545,0
17.6775,42.924,8.145028914441355e-06,-1.268,0.3019,160.57,0
17.6789,42.924,4.472140972211491e-06,-1.269,0.3019,160.543,0
17.6804,42.924,1.5338305274781305e-06,-1.269,0.3019,160.571,0
17.6817,42.924,-4.2504305497459427e-07,-1.27,0.3019,160.546,0
17.683,42.924,-1.7105539882322773e-06,-1.27,0.3019,160.547,0
17.6843,42.924,-2.4451317131024553e-06,-1.27,0.3019,160.557,0
17.6855,42.924,-3.2409225241281092e-06,-1.271,0.3019,160.554,0
17.6868,42.924,-3.5469956856104545e-06,-1.271,0.3019,160.529,0
17.6881,42.924,-3.5469956856104545e-06,-1.271,0.3019,160.576,0
17.6895,42.924,-3.5469956856104545e-06,-1.271,0.3019,160.538,0
17.6908,42.924,-3.5469956856104545e-06,-1.271,0.3019,160.583,0
17.6922,42.924,-3.5469956856104545e-06,-1.271,0.3019,160.547,0
17.6935,42.924,-3.5469956856104545e-06,-1.271,0.3019,160.534,0
17.6947,42.924,-3.5469956856104545e-06,-1.271,0.3019,160.534,0
17.696,42.924,-3.5469956856104545e-06,-1.271,0.3019,160.567,0
17.6973,42.924,-3.5469956856104545e-06,-1.271,0.3019,160.563,0
17.6986,42.924,-3.5469956856104545e-06,-1.271,0.3019,160.548,0
17.6999,42.924,-3.5469956856104545e-06,-1.271,0.3019,160.565,0
17.7013,42.924,-3.5469956856104545e-06,-1.271,0.3019,160.564,0
17.7026,42.924,-3.5469956856104545e-06,-1.271,0.3019,160.555,0
17.704,42.924,-3.5469956856104545e-06,-1.271,0.3019,160.544,0
17.7053,42.924,-3.5469956856104545e-06,-1.271,0.3019,160.538,0
17.7066,42.924,-3.5469956856104545e-06,-1.271,0.3019,160.548,0
17.708,42.924,-3.5469956856104545e-06,-1.271,0.3019,160.543,0
17.7092,42.924,-3.5469956856104545e-06,-1.271,0.3019,160.582,0
17.7106,42.924,-3.5469956856104545e-06,-1.271,0.3019,160.547,0
17.7119,42.924,-3.5469956856104545e-06,-1.271,0.3019,160.575,0
17.7132,42.924,-3.5469956856104545e-06,-1.271,0.3019,160.551,0
17.7146,42.924,-3.5469956856104545e-06,-1.271,0.3019,160.556,0
17.7159,42.924,-3.5469956856104545e-06,-1.271,0.3019,160.555,0
17.7172,42.924,-3.5469956856104545e-06,-1.271,0.3019,160.55,0
17.7185,42.924,-3.5469956856104545e-06,-1.271,0.3019,160.584,0
17.7197,42.924,-3.5469956856104545e-06,-1.271,0.3019,160.578,0
17.721,42.924,-3.5469956856104545e-06,-1.271,0.3019,160.561,0
17.7223,42.924,-3.5469956856104545e-06,-1.271,0.3019,160.612,0
17.7238,42.924,-3.5469956856104545e-06,-1.271,0.3019,160.585,0
17.7251,42.924,-3.5469956856104545e-06,-1.271,0.3019,160.547,0
17.7263,42.924,-3.5469956856104545e-06,-1.271,0.3019,160.543,0
17.7276,42.924,-3.5469956856104545e-06,-1.271,0.3019,160.58,0
17.729,42.924,-3.5469956856104545e-06,-1.271,0.3019,160.552,0
17.7304,42.924,-3.5469956856104545e-06,-1.271,0.3019,160.564,0
17.7317,42.924,-3.5469956856104545e-06,-1.271,0.3019,160.591,0
17.733,42.924,-0.00016301152936648577,-1.31,0.3019,160.571,0
17.7342,42.924,-0.00023242912720888853,-1.327,0.3019,160.582,0
17.7355,42.924,-0.0001985161507036537,-1.319,0.3019,160.536,0
17.7368,42.924,-0.00014250462118070573,-1.305,0.3019,160.542,0
17.7381,42.924,-9.475706610828638e-05,-1.293,0.3019,160.583,0
17.7395,42.924,-6.023192690918222e-05,-1.285,0.3019,160.542,0
17.7408,42.924,-3.4950215194839984e-05,-1.278,0.3019,160.567,0
17.7421,42.924,-2.08095989364665e-05,-1.275,0.3019,160.567,0
17.7434,42.924,-1.2055884326400701e-05,-1.273,0.3019,160.581,0
17.7447,42.924,-7.15870055501e-06,-1.272,0.3019,160.516,0
17.746,42.924,-3.730671551238629e-06,-1.271,0.3019,160.541,0
17.7474,42.924,-1.1596498552535195e-06,-1.27,0.3019,160.557,0
17.7487,42.924,5.543644192584907e-07,-1.27,0.3019,160.557,0
17.75,42.924,1.7786605894798413e-06,-1.269,0.3019,160.569,0
17.7514,42.924,2.6356676698924275e-06,-1.269,0.3019,160.58,0
17.7527,42.924,3.431458253544406e-06,-1.269,0.3019,160.57,0
17.754,42.924,3.5538876090868143e-06,-1.269,0.3019,160.547,0
17.7555,42.924,3.5538876090868143e-06,-1.269,0.3019,160.558,0
17.7569,42.924,3.5538876090868143e-06,-1.269,0.3019,160.577,0
17.7582,42.924,3.5538876090868143e-06,-1.269,0.3019,160.536,0
17.7596,42.924,3.5538876090868143e-06,-1.269,0.3019,160.541,0
17.7609,42.924,3.5538876090868143e-06,-1.269,0.3019,160.578,0
17.7622,42.924,3.5538876090868143e-06,-1.269,0.3019,160.559,0
17.7635,42.924,3.5538876090868143e-06,-1.269,0.3019,160.571,0
17.7648,42.924,3.5538876090868143e-06,-1.269,0.3019,160.572,0
17.7661,42.924,3.5538876090868143e-06,-1.269,0.3019,160.542,0
17.7675,42.924,3.5538876090868143e-06,-1.269,0.3019,160.549,0
17.7689,42.924,3.5538876090868143e-06,-1.269,0.3019,160.535,0
17.7701,42.924,3.5538876090868143e-06,-1.269,0.3019,160.587,0
17.7714,42.924,3.5538876090868143e-06,-1.269,0.3019,160.577,0
17.7727,42.924,3.5538876090868143e-06,-1.269,0.3019,160.546,0
17.774,42.924,3.5538876090868143e-06,-1.269,0.3019,160.567,0
17.7752,42.924,3.5538876090868143e-06,-1.269,0.3019,160.556,0
17.7764,42.924,3.5538876090868143e-06,-1.269,0.3019,160.57,0
17.7777,42.924,3.5538876090868143e-06,-1.269,0.3019,160.538,0
17.779,42.924,3.5538876090868143e-06,-1.269,0.3019,160.535,0
17.7804,42.924,3.5538876090868143e-06,-1.269,0.3019,160.593,0
17.7817,42.924,3.5538876090868143e-06,-1.269,0.3019,160.565,0
17.783,42.924,3.5538876090868143e-06,-1.269,0.3019,160.578,0
17.7842,42.924,3.5538876090868143e-06,-1.269,0.3019,160.549,0
17.7854,42.924,3.5538876090868143e-06,-1.269,0.3019,160.526,0
17.7868,42.924,3.5538876090868143e-06,-1.269,0.3019,160.562,0
17.7881,42.924,3.5538876090868143e-06,-1.269,0.3019,160.545,0
17.7894,42.924,3.5538876090868143e-06,-1.269,0.3019,160.551,0
17.7907,42.924,3.5538876090868143e-06,-1.269,0.3019,160.581,0
17.7919,42.924,3.5538876090868143e-06,-1.269,0.3019,160.581,0
17.7932,42.924,3.5538876090868143e-06,-1.269,0.3019,160.552,0
17.7944,42.924,3.5538876090868143e-06,-1.269,0.3019,160.54,0
17.7957,42.924,3.5538876090868143e-06,-1.269,0.3019,160.566,0
17.797,42.924,3.5538876090868143e-06,-1.269,0.3019,160.586,0
17.7982,42.924,3.5538876090868143e-06,-1.269,0.3019,160.572,0
17.7994,42.924,3.5538876090868143e-06,-1.269,0.3019,160.564,0
17.8007,42.924,3.5538876090868143e-06,-1.269,0.3019,160.55,0
17.802,42.924,3.5538876090868143e-06,-1.269,0.3019,160.524,0
17.8032,42.924,3.5538876090868143e-06,-1.269,0.3019,160.56,0
17.8045,42.924,3.5538876090868143e-06,-1.269,0.3019,160.543,0
17.8059,42.924,3.5538876090868143e-06,-1.269,0.3019,160.553,0
17.8072,42.924,3.5538876090868143e-06,-1.269,0.3019,160.538,0
17.8085,42.924,3.5538876090868143e-06,-1.269,0.3019,160.544,0
17.8099,42.924,3.5538876090868143e-06,-1.269,0.3019,160.582,0
17.8111,42.924,3.5538876090868143e-06,-1.269,0.3019,160.572,0
17.8124,42.924,3.5538876090868143e-06,-1.269,0.3019,160.564,0
17.8137,42.924,3.5538876090868143e-06,-1.269,0.3019,160.569,0
17.815,42.924,3.5538876090868143e-06,-1.269,0.3019,160.575,0
17.8163,42.924,3.5538876090868143e-06,-1.269,0.3019,160.53,0
17.8175,42.924,3.5538876090868143e-06,-1.269,0.3019,160.571,0
17.8188,42.924,3.5538876090868143e-06,-1.269,0.3019,160.57,0
17.8202,42.924,3.5538876090868143e-06,-1.269,0.3019,160.536,0
17.8215,42.924,-0.0001691942597972229,-1.312,0.3019,160.537,0
17.8233,42.924,-0.00022618523507844657,-1.326,0.3019,160.561,0
17.8247,42.924,-0.00016423588385805488,-1.31,0.3019,160.553,0
17.826,42.924,-0.00011244818597333506,-1.297,0.3019,160.541,0
17.8273,42.924,-7.559687946923077e-05,-1.288,0.3019,160.583,0
17.8286,42.924,-4.6948352974141017e-05,-1.281,0.3019,160.579,0
17.8299,42.924,-2.840026718331501e-05,-1.277,0.3019,160.565,0
17.8313,42.924,-1.5728805010439828e-05,-1.274,0.3019,160.568,0
17.8326,42.924,-8.933962817536667e-06,-1.272,0.3019,160.588,0
17.8338,42.924,-5.199860879656626e-06,-1.271,0.3019,160.578,0
17.835,42.924,-2.445194695610553e-06,-1.27,0.3019,160.56,0
17.8363,42.924,-4.2510603748269205e-07,-1.27,0.3019,160.526,0
17.8376,42.924,1.04404909961886e-06,-1.269,0.3019,160.534,0
17.8389,42.924,2.023486104008043e-06,-1.269,0.3019,160.529,0
17.8402,42.924,2.819277824528399e-06,-1.269,0.3019,160.562,0
17.8416,42.924,3.5538537304091733e-06,-1.269,0.3019,160.562,0
17.843,42.924,3.5538537304091733e-06,-1.269,0.3019,160.547,0
17.8442,42.924,3.5538537304091733e-06,-1.269,0.3019,160.568,0
17.8455,42.924,3.5538537304091733e-06,-1.269,0.3019,160.556,0
17.8469,42.924,3.5538537304091733e-06,-1.269,0.3019,160.553,0
17.8482,42.924,3.5538537304091733e-06,-1.269,0.3019,160.558,0
17.8495,42.924,3.5538537304091733e-06,-1.269,0.3019,160.554,0
17.8507,42.924,3.5538537304091733e-06,-1.269,0.3019,160.525,0
17.852,42.924,3.5538537304091733e-06,-1.269,0.3019,160.582,0
17.8533,42.924,3.5538537304091733e-06,-1.269,0.3019,160.582,0
17.8545,42.924,3.5538537304091733e-06,-1.269,0.3019,160.567,0
17.8558,42.924,3.5538537304091733e-06,-1.269,0.3019,160.542,0
17.8571,42.924,3.5538537304091733e-06,-1.269,0.3019,160.557,0
17.8583,42.924,3.5538537304091733e-06,-1.269,0.3019,160.59,0
17.8597,42.924,3.5538537304091733e-06,-1.269,0.3019,160.571,0
17.861,42.924,3.5538537304091733e-06,-1.269,0.3019,160.538,0
17.8622,42.924,3.5538537304091733e-06,-1.269,0.3019,160.519,0
17.8635,42.924,3.5538537304091733e-06,-1.269,0.3019,160.551,0
17.8649,42.924,3.5538537304091733e-06,-1.269,0.3019,160.576,0
17.8662,42.924,3.5538537304091733e-06,-1.269,0.3019,160.546,0
17.8676,42.924,3.5538537304091733e-06,-1.269,0.3019,160.552,0
17.8691,42.924,3.5538537304091733e-06,-1.269,0.3019,160.565,0
17.8704,42.924,3.5538537304091733e-06,-1.269,0.3019,160.527,0
17.8718,42.924,3.5538537304091733e-06,-1.269,0.3019,160.537,0
17.8731,42.924,3.5538537304091733e-06,-1.269,0.3019,160.546,0
17.8744,42.924,3.5538537304091733e-06,-1.269,0.3019,160.542,0
17.8757,42.924,3.5538537304091733e-06,-1.269,0.3019,160.575,0
17.8769,42.924,3.5538537304091733e-06,-1.269,0.3019,160.564,0
17.8782,42.924,3.5538537304091733e-06,-1.269,0.3019,160.579,0
17.8795,42.924,3.5538537304091733e-06,-1.269,0.3019,160.543,0
17.8809,42.924,3.5538537304091733e-06,-1.269,0.3019,160.558,0
17.8823,42.924,3.5538537304091733e-06,-1.269,0.3019,160.563,0
17.8835,42.924,3.5538537304091733e-06,-1.269,0.3019,160.528,0
17.8848,42.924,3.5538537304091733e-06,-1.269,0.3019,160.574,0
17.886,42.924,3.5538537304091733e-06,-1.269,0.3019,160.563,0
17.8873,42.924,3.5538537304091733e-06,-1.269,0.3019,160.556,0
17.8888,42.924,3.5538537304091733e-06,-1.269,0.3019,160.551,0
17.89,42.924,3.5538537304091733e-06,-1.269,0.3019,160.584,0
17.8913,42.924,3.5538537304091733e-06,-1.269,0.3019,160.576,0
17.8926,42.924,3.5538537304091733e-06,-1.269,0.3019,160.573,0
17.8939,42.924,3.5538537304091733e-06,-1.269,0.3019,160.567,0
17.8952,42.924,3.5538537304091733e-06,-1.269,0.3019,160.557,0
17.8965,42.924,3.5538537304091733e-06,-1.269,0.3019,160.547,0
17.8979,42.924,3.5538537304091733e-06,-1.269,0.3019,160.564,0
17.8992,42.924,3.5538537304091733e-06,-1.269,0.3019,160.571,0
17.9004,42.924,3.5538537304091733e-06,-1.269,0.3019,160.566,0
17.9018,42.924,3.5538537304091733e-06,-1.269,0.3019,160.57,0
17.903,42.924,3.5538537304091733e-06,-1.269,0.3019,160.548,0
17.9043,42.924,3.5538537304091733e-06,-1.269,0.3019,160.589,0
17.9056,42.924,3.5538537304091733e-06,-1.269,0.3019,160.557,0
17.9069,42.924,3.5538537304091733e-06,-1.269,0.3019,160.544,0
17.9081,42.924,3.5538537304091733e-06,-1.269,0.3019,160.565,0
17.9094,42.924,3.5538537304091733e-06,-1.269,0.3019,160.556,0
17.9107,42.924,3.5538537304091733e-06,-1.269,0.3019,160.525,0
17.912,42.924,3.5538537304091733e-06,-1.269,0.3019,160.553,0
17.9133,42.924,3.5538537304091733e-06,-1.269,0.3019,160.54,0
17.9146,42.924,3.5538537304091733e-06,-1.269,0.3019,160.549,0
17.9159,42.924,3.5538537304091733e-06,-1.269,0.3019,160.527,0
17.9173,42.924,0.0001104348775697872,-1.242,0.3019,160.576,0
17.9185,42.924,0.00023151776986196637,-1.213,0.3019,160.601,0
17.9198,42.924,0.00021027623733971268,-1.218,0.3019,160.542,0
17.9211,42.924,0.00015518291911575943,-1.231,0.3019,160.541,0
17.9223,42.924,0.00010455829033162445,-1.244,0.3019,160.557,0
17.9236,42.924,6.966586079215631e-05,-1.253,0.3019,160.537,0
17.9249,42.924,4.260892092133872e-05,-1.259,0.3019,160.54,0
17.9263,42.924,2.5529992853989825e-05,-1.263,0.3019,160.576,0
17.9275,42.924,1.4817404917266686e-05,-1.266,0.3019,160.554,0
17.9289,42.924,8.879568667907733e-06,-1.268,0.3019,160.553,0
17.9302,42.924,4.716962848760886e-06,-1.269,0.3019,160.583,0
17.9316,42.924,1.9010821006304468e-06,-1.269,0.3019,160.53,0
17.9329,42.924,-5.77915493238379e-08,-1.27,0.3019,160.555,0
17.9342,42.924,-1.5269467894540867e-06,-1.27,0.3019,160.583,0
17.9355,42.924,-2.322739419469144e-06,-1.27,0.3019,160.595,0
17.9367,42.924,-3.0573157800972695e-06,-1.271,0.3019,160.558,0
17.9379,42.924,-3.5470329748932272e-06,-1.271,0.3019,160.574,0
17.9392,42.924,-3.5470329748932272e-06,-1.271,0.3019,160.547,0
17.9405,42.924,-3.5470329748932272e-06,-1.271,0.3019,160.557,0
17.9419,42.924,-3.5470329748932272e-06,-1.271,0.3019,160.55,0
17.9432,42.924,-3.5470329748932272e-06,-1.271,0.3019,160.563,0
17.9444,42.924,-3.5470329748932272e-06,-1.271,0.3019,160.59,0
17.9457,42.924,-3.5470329748932272e-06,-1.271,0.3019,160.559,0
17.9469,42.924,-3.5470329748932272e-06,-1.271,0.3019,160.561,0
17.9483,42.924,-3.5470329748932272e-06,-1.271,0.3019,160.572,0
17.9495,42.924,-3.5470329748932272e-06,-1.271,0.3019,160.597,0
17.9508,42.924,-3.5470329748932272e-06,-1.271,0.3019,160.558,0
17.9521,42.924,-3.5470329748932272e-06,-1.271,0.3019,160.567,0
17.9534,42.924,-3.5470329748932272e-06,-1.271,0.3019,160.53,0
17.9547,42.924,-3.5470329748932272e-06,-1.271,0.3019,160.553,0
17.956,42.924,-3.5470329748932272e-06,-1.271,0.3019,160.564,0
17.9573,42.924,-3.5470329748932272e-06,-1.271,0.3019,160.543,0
17.9586,42.924,-3.5470329748932272e-06,-1.271,0.3019,160.568,0
17.9598,42.924,-3.5470329748932272e-06,-1.271,0.3019,160.587,0
17.9611,42.924,-3.5470329748932272e-06,-1.271,0.3019,160.573,0
17.9624,42.924,-3.5470329748932272e-06,-1.271,0.3019,160.549,0
17.9636,42.924,-3.5470329748932272e-06,-1.271,0.3019,160.561,0
17.9649,42.924,-3.5470329748932272e-06,-1.271,0.3019,160.593,0
17.9662,42.924,-3.4889006201410666e-05,-1.278,0.3019,160.558,0
17.9674,42.924,-0.0002189006918342784,-1.324,0.3019,160.567,0
17.9687,42.924,-0.00022055351291783154,-1.324,0.3019,160.533,0
17.97,42.924,-0.00017262232722714543,-1.312,0.3019,160.57,0
17.9712,42.924,-0.0001188145179185085,-1.299,0.3019,160.58,0
17.9724,42.924,-8.00655543571338e-05,-1.29,0.3019,160.584,0
17.9737,42.924,-4.98254485137295e-05,-1.282,0.3019,160.583,0
17.9749,42.924,-3.109372119070031e-05,-1.277,0.3019,160.532,0
17.9762,42.924,-1.829983011703007e-05,-1.274,0.3019,160.569,0
17.9775,42.924,-1.1137699402752332e-05,-1.272,0.3019,160.552,0
17.9788,42.924,-6.2405160861089826e-06,-1.271,0.3019,160.547,0
17.9801,42.924,-2.996131115651224e-06,-1.27,0.3019,160.531,0
17.9815,42.924,-7.923983389446221e-07,-1.27,0.3019,160.578,0
17.9827,42.924,6.767567128918017e-07,-1.27,0.3019,160.587,0
17.9841,42.924,1.8398382053419482e-06,-1.269,0.3019,160.549,0
17.9855,42.924,2.758059736152063e-06,-1.269,0.3019,160.571,0
17.9867,42.924,3.4926356420328375e-06,-1.269,0.3019,160.545,0
17.988,42.924,3.5538503198040416e-06,-1.269,0.3019,160.56,0
17.9893,42.924,3.5538503198040416e-06,-1.269,0.3019,160.561,0
17.9908,42.924,3.5538503198040416e-06,-1.269,0.3019,160.522,0
17.992,42.924,3.5538503198040416e-06,-1.269,0.3019,160.591,0
17.9933,42.924,3.5538503198040416e-06,-1.269,0.3019,160.543,0
17.9945,42.924,3.5538503198040416e-06,-1.269,0.3019,160.569,0
17.9959,42.924,3.5538503198040416e-06,-1.269,0.3019,160.562,0
17.9972,42.924,3.5538503198040416e-06,-1.269,0.3019,160.55,0
17.9985,42.924,3.5538503198040416e-06,-1.269,0.3019,160.535,0
17.9999,42.924,3.5538503198040416e-06,-1.269,0.3019,160.557,0
18.0013,42.924,3.5538503198040416e-06,-1.269,0.3019,160.581,0
18.0026,42.924,3.5538503198040416e-06,-1.269,0.3019,160.56,0
18.004,42.924,3.5538503198040416e-06,-1.269,0.3019,160.566,0
18.0053,42.924,3.5538503198040416e-06,-1.269,0.3019,160.544,0
18.0065,42.924,3.5538503198040416e-06,-1.269,0.3019,160.544,0
18.0078,42.924,3.5538503198040416e-06,-1.269,0.3019,160.549,0
18.0091,42.924,3.5538503198040416e-06,-1.269,0.3019,160.559,0
18.0103,42.924,3.5538503198040416e-06,-1.269,0.3019,160.555,0
18.0117,42.924,3.5538503198040416e-06,-1.269,0.3019,160.562,0
18.0129,42.924,3.5538503198040416e-06,-1.269,0.3019,160.511,0
18.0142,42.924,3.5538503198040416e-06,-1.269,0.3019,160.567,0
18.0155,42.924,3.5538503198040416e-06,-1.269,0.3019,160.556,0
18.0169,42.924,3.5538503198040416e-06,-1.269,0.3019,160.574,0
18.0182,42.924,3.5538503198040416e-06,-1.269,0.3019,160.511,0
18.0194,42.924,3.5538503198040416e-06,-1.269,0.3019,160.561,0
18.0207,42.924,3.5538503198040416e-06,-1.269,0.3019,160.569,0
18.0222,42.924,3.5538503198040416e-06,-1.269,0.3019,160.578,0
18.0234,42.924,3.5538503198040416e-06,-1.269,0.3019,160.546,0
18.0247,42.924,3.5538503198040416e-06,-1.269,0.3019,160.555,0
18.026,42.924,3.5538503198040416e-06,-1.269,0.3019,160.565,0
18.0273,42.924,3.5538503198040416e-06,-1.269,0.3019,160.543,0
18.0285,42.924,3.5538503198040416e-06,-1.269,0.3019,160.574,0
18.0298,42.924,3.5538503198040416e-06,-1.269,0.3019,160.506,0
18.031,42.924,3.5538503198040416e-06,-1.269,0.3019,160.572,0
18.0323,42.924,3.5538503198040416e-06,-1.269,0.3019,160.597,0
18.0335,42.924,3.5538503198040416e-06,-1.269,0.3019,160.568,0
18.0349,42.924,3.5538503198040416e-06,-1.269,0.3019,160.58,0
18.0361,42.924,3.5538503198040416e-06,-1.269,0.3019,160.547,0
18.0374,42.924,3.5538503198040416e-06,-1.269,0.3019,160.568,0
18.0387,42.924,3.5538503198040416e-06,-1.269,0.3019,160.516,0
18.0399,42.924,3.5538503198040416e-06,-1.269,0.3019,160.538,0
18.0411,42.924,3.5538503198040416e-06,-1.269,0.3019,160.589,0
18.0423,42.924,3.5538503198040416e-06,-1.269,0.3019,160.554,0
18.0435,42.924,3.5538503198040416e-06,-1.269,0.3019,160.58,0
18.0448,42.924,3.5538503198040416e-06,-1.269,0.3019,160.576,0
18.0461,42.924,3.5538503198040416e-06,-1.269,0.3019,160.596,0
18.0473,42.924,3.5538503198040416e-06,-1.269,0.3019,160.556,0
18.0485,42.924,3.5538503198040416e-06,-1.269,0.3019,160.563,0
18.0498,42.924,3.5538503198040416e-06,-1.269,0.3019,160.561,0
18.0511,42.924,3.5538503198040416e-06,-1.269,0.3019,160.561,0
18.0524,42.924,3.5538503198040416e-06,-1.269,0.3019,160.53,0
18.0536,42.924,3.5538503198040416e-06,-1.269,0.3019,160.556,0
18.0549,42.924,3.5538503198040416e-06,-1.269,0.3019,160.578,0
18.0562,42.924,3.5538503198040416e-06,-1.269,0.3019,160.58,0
18.0574,42.924,3.5538503198040416e-06,-1.269,0.3019,160.539,0
18.0586,42.924,3.5538503198040416e-06,-1.269,0.3019,160.563,0
18.06,42.924,3.5538503198040416e-06,-1.269,0.3019,160.586,0
18.0612,42.924,3.5538503198040416e-06,-1.269,0.3019,160.538,0
18.0624,42.924,3.5538503198040416e-06,-1.269,0.3019,160.596,0
18.0638,42.924,3.5538503198040416e-06,-1.269,0.3019,160.587,0
18.065,42.924,3.5538503198040416e-06,-1.269,0.3019,160.564,0
18.0663,42.924,3.5538503198040416e-06,-1.269,0.3019,160.541,0
18.0675,42.924,3.5538503198040416e-06,-1.269,0.3019,160.526,0
18.0689,42.924,3.5538503198040416e-06,-1.269,0.3019,160.575,0
18.0701,42.924,3.5538503198040416e-06,-1.269,0.3019,160.567,0
18.0714,42.924,3.5538503198040416e-06,-1.269,0.3019,160.533,0
18.0727,42.924,3.5538503198040416e-06,-1.269,0.3019,160.549,0
18.074,42.924,3.5538503198040416e-06,-1.269,0.3019,160.588,0
18.0752,42.924,3.5538503198040416e-06,-1.269,0.3019,160.564,0
18.0766,42.924,3.5538503198040416e-06,-1.269,0.3019,160.563,0
18.0778,42.924,3.5538503198040416e-06,-1.269,0.3019,160.569,0
18.079,42.924,3.5538503198040416e-06,-1.269,0.3019,160.546,0
18.0803,42.924,3.5538503198040416e-06,-1.269,0.3019,160.549,0
18.0815,42.924,3.5538503198040416e-06,-1.269,0.3019,160.571,0
18.0828,42.924,3.5538503198040416e-06,-1.269,0.3019,160.566,0
18.084,42.924,3.5538503198040416e-06,-1.269,0.3019,160.575,0
18.0852,42.924,3.5538503198040416e-06,-1.269,0.3019,160.534,0
18.0864,42.924,3.5538503198040416e-06,-1.269,0.3019,160.54,0
18.0877,42.924,3.5538503198040416e-06,-1.269,0.3019,160.543,0
18.0889,42.924,3.5538503198040416e-06,-1.269,0.3019,160.549,0
18.0902,42.924,3.5538503198040416e-06,-1.269,0.3019,160.542,0
18.0915,42.924,3.5538503198040416e-06,-1.269,0.3019,160.576,0
18.0929,42.924,3.5538503198040416e-06,-1.269,0.3019,160.524,0
18.0942,42.924,3.5538503198040416e-06,-1.269,0.3019,160.572,0
18.0955,42.924,3.5538503198040416e-06,-1.269,0.3019,160.555,0
18.0968,42.924,3.5538503198040416e-06,-1.269,0.3019,160.563,0
18.0981,42.924,3.5538503198040416e-06,-1.269,0.3019,160.533,0
18.0993,42.924,3.5538503198040416e-06,-1.269,0.3019,160.545,0
18.1006,42.924,3.5538503198040416e-06,-1.269,0.3019,160.545,0
18.1019,42.924,0.00019778839487116784,-1.221,0.3019,160.544,0
18.1032,42.924,0.00022833461116533726,-1.213,0.3019,160.563,0
18.1046,42.924,0.00018144407658837736,-1.225,0.3019,160.546,0
18.1059,42.924,0.00012647318362724036,-1.239,0.3019,160.539,0
18.1072,42.924,8.00723719294183e-05,-1.25,0.3019,160.56,0
18.1085,42.924,4.983226608601399e-05,-1.257,0.3019,160.565,0
18.1098,42.924,2.987624247907661e-05,-1.262,0.3019,160.572,0
18.1111,42.924,1.7572068827576004e-05,-1.265,0.3019,160.578,0
18.1124,42.924,1.0348723662900738e-05,-1.267,0.3019,160.555,0
18.1137,42.924,5.9412591326690745e-06,-1.268,0.3019,160.531,0
18.115,42.924,2.819303972501075e-06,-1.269,0.3019,160.529,0
18.1163,42.924,7.992156270120176e-07,-1.27,0.3019,160.542,0
18.1175,42.924,-7.923690645839088e-07,-1.27,0.3019,160.574,0
18.1188,42.924,-1.8942357655760134e-06,-1.27,0.3019,160.555,0
18.1201,42.924,-2.6288130356988404e-06,-1.27,0.3019,160.552,0
18.1214,42.924,-3.424603619350819e-06,-1.271,0.3019,160.533,0
18.1226,42.924,-3.5470329748932272e-06,-1.271,0.3019,160.536,0
18.1239,42.924,-3.5470329748932272e-06,-1.271,0.3019,160.542,0
18.1252,42.924,0.00018083192117046565,-1.225,0.3019,160.56,0
18.1264,42.924,0.00022411080135498196,-1.214,0.3019,160.54,0
18.1277,42.924,0.00018548427033238113,-1.224,0.3019,160.559,0
18.129,42.924,0.00013124797260388732,-1.237,0.3019,160.552,0
18.1302,42.924,8.662239270051941e-05,-1.248,0.3019,160.572,0
18.1315,42.924,5.674956992152147e-05,-1.256,0.3019,160.571,0
18.1328,42.924,3.446738628554158e-05,-1.261,0.3019,160.521,0
18.134,42.924,2.0449198927963153e-05,-1.265,0.3019,160.569,0
18.1353,42.924,1.2185201740066987e-05,-1.267,0.3019,160.598,0
18.1366,42.924,7.1655886131338775e-06,-1.268,0.3019,160.578,0
18.1379,42.924,3.982419002568349e-06,-1.269,0.3019,160.521,0
18.1392,42.924,1.3501825151251978e-06,-1.269,0.3019,160.544,0
18.1405,42.924,-4.250465508448542e-07,-1.27,0.3019,160.547,0
18.1417,42.924,-1.6493427210662048e-06,-1.27,0.3019,160.553,0
18.1429,42.924,-2.3839204459363827e-06,-1.27,0.3019,160.53,0
18.1442,42.924,-3.1797112569620367e-06,-1.271,0.3019,160.572,0
18.1455,42.924,-3.5469993235892616e-06,-1.271,0.3019,160.573,0
18.1468,42.924,-3.5469993235892616e-06,-1.271,0.3019,160.549,0
18.148,42.924,-3.5469993235892616e-06,-1.271,0.3019,160.602,0
18.1492,42.924,-3.5469993235892616e-06,-1.271,0.3019,160.528,0
18.1504,42.924,-3.5469993235892616e-06,-1.271,0.3019,160.576,0
18.1517,42.924,-3.5469993235892616e-06,-1.271,0.3019,160.594,0
18.153,42.924,-3.5469993235892616e-06,-1.271,0.3019,160.537,0
18.1542,42.924,-3.5469993235892616e-06,-1.271,0.3019,160.542,0
18.1556,42.924,-3.5469993235892616e-06,-1.271,0.3019,160.537,0
18.1569,42.924,-3.5469993235892616e-06,-1.271,0.3019,160.533,0
18.1581,42.924,-3.5469993235892616e-06,-1.271,0.3019,160.587,0
18.1593,42.924,-3.5469993235892616e-06,-1.271,0.3019,160.557,0
18.1606,42.924,-3.5469993235892616e-06,-1.271,0.3019,160.531,0
18.1619,42.924,-3.5469993235892616e-06,-1.271,0.3019,160.555,0
18.1632,42.924,-3.5469993235892616e-06,-1.271,0.3019,160.567,0
18.1644,42.924,-3.5469993235892616e-06,-1.271,0.3019,160.593,0
18.1657,42.924,-3.5469993235892616e-06,-1.271,0.3019,160.59,0
18.1669,42.924,-3.5469993235892616e-06,-1.271,0.3019,160.548,0
18.1682,42.924,-3.5469993235892616e-06,-1.271,0.3019,160.528,0
18.1694,42.924,-3.5469993235892616e-06,-1.271,0.3019,160.567,0
18.1707,42.924,-3.5469993235892616e-06,-1.271,0.3019,160.57,0
18.172,42.924,-3.5469993235892616e-06,-1.271,0.3019,160.539,0
18.1734,42.924,-3.5469993235892616e-06,-1.271,0.3019,160.526,0
18.1746,42.924,-3.5469993235892616e-06,-1.271,0.3019,160.599,0
18.176,42.924,-3.5469993235892616e-06,-1.271,0.3019,160.566,0
18.1773,42.924,-3.5469993235892616e-06,-1.271,0.3019,160.581,0
18.1786,42.924,-3.5469993235892616e-06,-1.271,0.3019,160.536,0
18.1799,42.924,-3.5469993235892616e-06,-1.271,0.3019,160.576,0
18.1811,42.924,-3.5469993235892616e-06,-1.271,0.3019,160.543,0
18.1826,42.924,-0.00013026161468587816,-1.302,0.3019,160.544,0
18.1839,42.924,-0.00023249034711625427,-1.327,0.3019,160.569,0
18.1852,42.924,-0.000202556315343827,-1.32,0.3019,160.568,0
18.1864,42.924,-0.00015089103544596583,-1.307,0.3019,160.547,0
18.1877,42.924,-0.0001012458378681913,-1.295,0.3019,160.573,0
18.189,42.924,-6.721041427226737e-05,-1.286,0.3019,160.534,0
18.1903,42.924,-4.094926407560706e-05,-1.28,0.3019,160.55,0
18.1916,42.924,-2.3564265575259924e-05,-1.276,0.3019,160.573,0
18.193,42.924,-1.4198401913745329e-05,-1.273,0.3019,160.589,0
18.1942,42.924,-8.13813676359132e-06,-1.272,0.3019,160.546,0
18.1955,42.924,-4.7101084419409744e-06,-1.271,0.3019,160.524,0
18.1968,42.924,-1.8942275801236974e-06,-1.27,0.3019,160.548,0
18.198,42.924,-1.8021309244886652e-07,-1.27,0.3019,160.546,0
18.1992,42.924,1.2889421441286686e-06,-1.269,0.3019,160.545,0
18.2004,42.924,2.145949565601768e-06,-1.269,0.3019,160.549,0
18.2017,42.924,2.8805261536035687e-06,-1.269,0.3019,160.582,0
18.2029,42.924,3.5538876090868143e-06,-1.269,0.3019,160.547,0
18.2042,42.924,3.5538876090868143e-06,-1.269,0.3019,160.544,0
18.2055,42.924,3.5538876090868143e-06,-1.269,0.3019,160.555,0
18.2069,42.924,3.5538876090868143e-06,-1.269,0.3019,160.563,0
18.2081,42.924,3.5538876090868143e-06,-1.269,0.3019,160.576,0
18.2093,42.924,3.5538876090868143e-06,-1.269,0.3019,160.547,0
18.2105,42.924,3.5538876090868143e-06,-1.269,0.3019,160.538,0
18.2119,42.924,3.5538876090868143e-06,-1.269,0.3019,160.54,0
18.2132,42.924,3.5538876090868143e-06,-1.269,0.3019,160.541,0
18.2146,42.924,3.5538876090868143e-06,-1.269,0.3019,160.549,0
18.216,42.924,3.5538876090868143e-06,-1.269,0.3019,160.566,0
18.2173,42.924,3.5538876090868143e-06,-1.269,0.3019,160.542,0
18.2188,42.924,3.5538876090868143e-06,-1.269,0.3019,160.557,0
18.22,42.924,3.5538876090868143e-06,-1.269,0.3019,160.568,0
18.2213,42.924,3.5538876090868143e-06,-1.269,0.3019,160.534,0
18.2227,42.924,3.5538876090868143e-06,-1.269,0.3019,160.581,0
18.224,42.924,3.5538876090868143e-06,-1.269,0.3019,160.544,0
18.2253,42.924,3.5538876090868143e-06,-1.269,0.3019,160.574,0
18.2266,42.924,3.5538876090868143e-06,-1.269,0.3019,160.571,0
18.2279,42.924,3.5538876090868143e-06,-1.269,0.3019,160.57,0
18.2292,42.924,3.5538876090868143e-06,-1.269,0.3019,160.552,0
18.2305,42.924,3.5538876090868143e-06,-1.269,0.3019,160.533,0
18.2317,42.924,3.5538876090868143e-06,-1.269,0.3019,160.541,0
18.233,42.924,3.5538876090868143e-06,-1.269,0.3019,160.591,0
18.2342,42.924,3.5538876090868143e-06,-1.269,0.3019,160.581,0
18.2355,42.924,3.5538876090868143e-06,-1.269,0.3019,160.564,0
18.2368,42.924,3.5538876090868143e-06,-1.269,0.3019,160.567,0
18.2381,42.924,3.5538876090868143e-06,-1.269,0.3019,160.53,0
18.2394,42.924,3.5538876090868143e-06,-1.269,0.3019,160.563,0
18.2409,42.924,3.5538876090868143e-06,-1.269,0.3019,160.555,0
18.2422,42.924,3.5538876090868143e-06,-1.269,0.3019,160.561,0
18.2435,42.924,3.5538876090868143e-06,-1.269,0.3019,160.539,0
18.2447,42.924,3.5538876090868143e-06,-1.269,0.3019,160.551,0
18.246,42.924,3.5538876090868143e-06,-1.269,0.3019,160.571,0
18.2473,42.924,3.5538876090868143e-06,-1.269,0.3019,160.552,0
18.2487,42.924,3.5538876090868143e-06,-1.269,0.3019,160.59,0
18.25,42.924,3.5538876090868143e-06,-1.269,0.3019,160.547,0
18.2513,42.924,3.5538876090868143e-06,-1.269,0.3019,160.56,0
18.2528,42.924,3.5538876090868143e-06,-1.269,0.3019,160.557,0
18.2541,42.924,3.5538876090868143e-06,-1.269,0.3019,160.543,0
18.2554,42.924,3.5538876090868143e-06,-1.269,0.3019,160.552,0
18.2567,42.924,3.5538876090868143e-06,-1.269,0.3019,160.614,0
18.258,42.924,3.5538876090868143e-06,-1.269,0.3019,160.576,0
18.2592,42.924,3.5538876090868143e-06,-1.269,0.3019,160.569,0
18.2605,42.924,3.5538876090868143e-06,-1.269,0.3019,160.564,0
18.2619,42.924,3.5538876090868143e-06,-1.269,0.3019,160.557,0
18.2631,42.924,3.5538876090868143e-06,-1.269,0.3019,160.605,0
18.2646,42.924,3.5538876090868143e-06,-1.269,0.3019,160.582,0
18.2659,42.924,3.5538876090868143e-06,-1.269,0.3019,160.579,0
18.2671,42.924,3.5538876090868143e-06,-1.269,0.3019,160.556,0
18.2684,42.924,3.5538876090868143e-06,-1.269,0.3019,160.566,0
18.2697,42.924,3.5538876090868143e-06,-1.269,0.3019,160.584,0
18.271,42.924,-0.00019074186275247484,-1.317,0.3019,160.576,0
18.2724,42.924,-0.00022238993551582098,-1.325,0.3019,160.55,0
18.2737,42.924,-0.00017280594329349697,-1.312,0.3019,160.554,0
18.275,42.924,-0.00011973273649346083,-1.299,0.3019,160.582,0
18.2763,42.924,-7.822910993127152e-05,-1.289,0.3019,160.541,0
18.2775,42.924,-4.878479376202449e-05,-1.282,0.3019,160.599,0
18.2789,42.924,-3.072642721235752e-05,-1.277,0.3019,160.577,0
18.2802,42.924,-1.719795909593813e-05,-1.274,0.3019,160.557,0
18.2815,42.924,-1.0035828381660394e-05,-1.272,0.3019,160.557,0
18.2829,42.924,-5.444720045488793e-06,-1.271,0.3019,160.552,0
18.2842,42.924,-2.445194695610553e-06,-1.27,0.3019,160.542,0
18.2854,42.924,-5.475356488204852e-07,-1.27,0.3019,160.576,0
18.2867,42.924,1.04404909961886e-06,-1.269,0.3019,160.558,0
18.288,42.924,2.023486104008043e-06,-1.269,0.3019,160.569,0
18.2892,42.924,2.7580631467571948e-06,-1.269,0.3019,160.548,0
18.2906,42.924,3.5538537304091733e-06,-1.269,0.3019,160.561,0
18.2919,42.924,3.5538537304091733e-06,-1.269,0.3019,160.555,0
18.2932,42.924,3.5538537304091733e-06,-1.269,0.3019,160.573,0
18.2944,42.924,3.5538537304091733e-06,-1.269,0.3019,160.576,0
18.2957,42.924,3.5538537304091733e-06,-1.269,0.3019,160.554,0
18.2971,42.924,-0.0001991895114770159,-1.319,0.3019,160.546,0
18.2984,42.924,-0.0002177988353651017,-1.323,0.3019,160.545,0
18.2997,42.924,-0.00016852092812769115,-1.311,0.3019,160.551,0
18.3009,42.924,-0.00011605986946960911,-1.298,0.3019,160.561,0
18.3022,42.924,-7.822913175914437e-05,-1.289,0.3019,160.568,0
18.3034,42.924,-4.878481195191853e-05,-1.282,0.3019,160.558,0
18.3047,42.924,-3.0726449040230364e-05,-1.277,0.3019,160.569,0
18.306,42.924,-1.7932554328581318e-05,-1.274,0.3019,160.583,0
18.3073,42.924,-1.0403136002423707e-05,-1.272,0.3019,160.604,0
18.3086,42.924,-6.240531092771562e-06,-1.271,0.3019,160.57,0
18.3099,42.924,-2.812501861626515e-06,-1.27,0.3019,160.526,0
18.3111,42.924,-6.699838195345365e-07,-1.27,0.3019,160.549,0
18.3125,42.924,-0.00017201018636114895,-1.312,0.3019,160.554,0
18.314,42.924,-0.00022612411703448743,-1.326,0.3019,160.565,0
18.3154,42.924,-0.000174152766703628,-1.313,0.3019,160.558,0
18.3168,42.924,-0.00011703938071150333,-1.299,0.3019,160.535,0
18.3181,42.924,-7.351565727731213e-05,-1.288,0.3019,160.557,0
18.3193,42.924,-4.743815225083381e-05,-1.281,0.3019,160.58,0
18.3206,42.924,-2.889007009798661e-05,-1.277,0.3019,160.557,0
18.3219,42.924,-1.695318496786058e-05,-1.274,0.3019,160.553,0
18.3232,42.924,-1.009712832455989e-05,-1.272,0.3019,160.554,0
18.3244,42.924,-5.995738320052624e-06,-1.271,0.3019,160.527,0
18.3257,42.924,-2.8737829325109487e-06,-1.27,0.3019,160.581,0
18.327,42.924,-8.53694359648216e-07,-1.27,0.3019,160.54,0
18.3283,42.924,7.378903319477104e-07,-1.27,0.3019,160.579,0
18.3295,42.924,1.9009718243978568e-06,-1.269,0.3019,160.573,0
18.3309,42.924,2.6967638859787257e-06,-1.269,0.3019,160.567,0
18.3321,42.924,3.4925544696307043e-06,-1.269,0.3019,160.552,0
18.3334,42.924,3.5537691474019084e-06,-1.269,0.3019,160.601,0
18.3347,42.924,-0.0001991896133404225,-1.319,0.3019,160.564,0
18.3359,42.924,-0.00022024751524440944,-1.324,0.3019,160.551,0
18.3372,42.924,-0.00017709108942653984,-1.313,0.3019,160.552,0
18.3386,42.924,-0.00012352816702332348,-1.3,0.3019,160.582,0
18.34,42.924,-7.822921907063574e-05,-1.289,0.3019,160.553,0
18.3413,42.924,-4.694846211350523e-05,-1.281,0.3019,160.545,0
18.3426,42.924,-2.8400378141668625e-05,-1.277,0.3019,160.534,0
18.3439,42.924,-1.6463494830532e-05,-1.274,0.3019,160.576,0
18.3453,42.924,-9.668651728134137e-06,-1.272,0.3019,160.55,0
18.3466,42.924,-5.199972747504944e-06,-1.271,0.3019,160.554,0
18.3479,42.924,-2.2616618480242323e-06,-1.27,0.3019,160.571,0
18.3492,42.924,-0.00014446362911257893,-1.305,0.3019,160.579,0
18.3505,42.924,-0.00022863397316541523,-1.326,0.3019,160.542,0
18.3519,42.924,-0.00019563922251109034,-1.318,0.3019,160.566,0
18.3531,42.924,-0.00014079078391660005,-1.304,0.3019,160.545,0
18.3544,42.924,-9.371659689350054e-05,-1.293,0.3019,160.569,0
18.3557,42.924,-5.968116602161899e-05,-1.284,0.3019,160.568,0
18.3569,42.924,-3.8011130527593195e-05,-1.279,0.3019,160.542,0
18.3582,42.924,-2.30135065066861e-05,-1.275,0.3019,160.538,0
18.3594,42.924,-1.4014933185535483e-05,-1.273,0.3019,160.575,0
18.3607,42.924,-8.505599907948636e-06,-1.272,0.3019,160.565,0
18.362,42.924,-4.710283064923715e-06,-1.271,0.3019,160.574,0
18.3633,42.924,-2.078046691167401e-06,-1.27,0.3019,160.588,0
18.3646,42.924,-1.8038771543160692e-07,-1.27,0.3019,160.564,0
18.3659,42.924,1.411197104062012e-06,-1.269,0.3019,160.547,0
18.3672,42.924,2.2069896203902317e-06,-1.269,0.3019,160.59,0
18.3685,42.924,-0.00018149860261473805,-1.315,0.3019,160.544,0
18.3699,42.924,-0.00022287981119006872,-1.325,0.3019,160.556,0
18.3712,42.924,-0.00035742990439757705,-1.358,0.3019,160.582,0
18.3725,42.924,-0.0003522266633808613,-1.357,0.3019,160.571,0
18.3738,42.924,-0.000269035721430555,-1.336,0.3019,160.567,0
18.375,42.924,-0.00039379147347062826,-1.367,0.3019,160.56,0
18.3763,42.924,-0.0004533534520305693,-1.382,0.3019,160.572,0
18.3776,42.924,-0.000480593997053802,-1.388,0.3019,160.559,0
18.3789,42.924,-0.0003727335424628109,-1.362,0.3019,160.56,0
18.3803,42.924,-0.0002571600198280066,-1.333,0.3019,160.576,0
18.3816,42.924,-0.00024601886980235577,-1.33,0.3019,160.553,0
18.3832,42.918,-0.0003200275241397321,-1.349,0.3011,160.569,0
18.3844,42.918,-0.0002570987562648952,-1.334,0.3011,160.561,0
18.3857,42.918,-0.00026358754257671535,-1.335,0.3011,160.566,0
18.387,42.918,-0.00034359528217464685,-1.355,0.3011,160.519,0
18.3883,42.918,-0.0002818295615725219,-1.34,0.3011,160.584,0
18.3896,42.918,-0.0003832624643109739,-1.365,0.3011,160.558,0
18.3909,42.918,-0.00035816445597447455,-1.359,0.3011,160.557,0
18.3922,42.918,-0.000266832037596032,-1.336,0.3011,160.557,0
18.3935,42.918,-0.00018651819846127182,-1.316,0.3011,160.534,0
18.3948,42.918,-0.000498529989272356,-1.394,0.3011,160.573,0
18.3961,42.918,-0.0005212407559156418,-1.399,0.3011,160.555,0
18.3974,42.918,-0.000596902274992317,-1.418,0.3011,160.573,0
18.3988,42.918,-0.0005025090649724007,-1.395,0.3011,160.525,0
18.4001,42.918,-0.00034855384728871286,-1.356,0.3011,160.581,0
18.4014,42.918,-0.0004395190626382828,-1.379,0.3011,160.576,0
18.4027,42.918,-0.0003742641129065305,-1.363,0.3011,160.566,0
18.404,42.918,-0.00026842369697988033,-1.337,0.3011,160.583,0
18.4053,42.918,-0.00032229270436801016,-1.35,0.3011,160.562,0
18.4066,42.918,-0.0003429220523685217,-1.355,0.3011,160.566,0
18.4079,42.918,-0.00026658721617423,-1.336,0.3011,160.59,0
18.4092,42.918,-0.0003102945629507303,-1.347,0.3011,160.553,0
18.4105,42.918,-0.0003481865278445184,-1.356,0.3011,160.576,0
18.4118,42.918,-0.0002744226367212832,-1.338,0.3011,160.557,0
18.4132,42.918,-0.00017880514496937394,-1.314,0.3011,160.587,0
18.4146,42.918,-0.00020390319696161896,-1.321,0.3011,160.552,0
18.4159,42.918,-0.00030129594961181283,-1.345,0.3011,160.549,0
18.4171,42.918,-0.00024785540881566703,-1.332,0.3011,160.569,0
18.4184,42.918,-0.00032523091067560017,-1.351,0.3011,160.591,0
18.4197,42.918,-0.0003495944256428629,-1.357,0.3011,160.605,0
18.421,42.918,-0.00027215766021981835,-1.338,0.3011,160.539,0
18.4223,42.918,-0.00018762002582661808,-1.317,0.3011,160.553,0
18.4235,42.918,-0.00012591551057994366,-1.301,0.3011,160.524,0
18.425,42.918,-7.871891284594312e-05,-1.29,0.3011,160.563,0
18.4263,42.918,-4.449983316590078e-05,-1.281,0.3011,160.581,0
18.4277,42.918,-0.00022820543381385505,-1.327,0.3011,160.575,0
18.429,42.918,-0.0003677139466162771,-1.361,0.3011,160.583,0
18.4303,42.913,-0.000601982930675149,-1.42,0.3004,160.575,0
18.4316,42.913,-0.0005477465456351638,-1.406,0.3004,160.589,0
18.433,42.913,-0.0004021777422167361,-1.37,0.3004,160.552,0
18.4344,42.913,-0.0006845003226771951,-1.44,0.3004,160.555,0
18.4358,42.913,-0.0005934126675128937,-1.418,0.3004,160.562,0
18.437,42.913,-0.0006013705278746784,-1.42,0.3004,160.566,0
18.4383,42.913,-0.0009184632217511535,-1.498,0.3004,160.572,0
18.4397,42.913,-0.0011451415484771132,-1.554,0.3004,160.563,0
18.441,42.913,-0.0012963421177119017,-1.592,0.3004,160.603,0
18.4424,42.913,-0.0012560624163597822,-1.582,0.3004,160.567,0
18.4437,42.913,-0.001347578247077763,-1.604,0.3004,160.582,0
18.445,42.907,-0.0015262030065059662,-1.65,0.2996,160.552,0
18.4462,42.907,-0.0017557585379108787,-1.706,0.2996,160.573,0
18.4475,42.907,-0.0018531512469053268,-1.73,0.2996,160.604,0
18.4488,42.907,-0.0026029101572930813,-1.912,0.2996,160.597,0
18.4501,42.902,-0.0025958092883229256,-1.913,0.2988,160.585,0
18.4514,42.902,-0.0028315468225628138,-1.97,0.2988,160.564,0
18.4528,42.902,-0.003301615361124277,-2.082,0.2988,160.592,0
18.454,42.896,-0.003752706805244088,-2.192,0.2981,160.58,0
18.4554,42.896,-0.004168845247477293,-2.289,0.2981,160.566,0
18.4569,42.891,-0.005070049781352282,-2.498,0.2973,160.6,0
18.4582,42.885,-0.005694929044693708,-2.64,0.2965,160.588,0
18.4595,42.885,-0.005973211023956537,-2.7,0.2965,160.605,0
18.4609,42.88,-0.006227925885468721,-2.759,0.2958,160.618,0
18.4621,42.88,-0.0068024867214262486,-2.879,0.2958,160.627,0
18.4634,42.874,-0.007467892486602068,-3.018,0.295,160.615,0
18.4647,42.869,-0.008572759106755257,-3.235,0.2943,160.638,0
18.466,42.863,-0.00967842061072588,-3.438,0.2935,160.605,0
18.4673,42.858,-0.011000414378941059,-3.658,0.2927,160.625,0
18.4685,42.847,-0.012022214010357857,-3.822,0.2912,160.657,0
18.4698,42.841,-0.013941602781414986,-4.076,0.2904,160.599,0
18.4711,42.83,-0.015780434012413025,-4.287,0.2889,160.659,0
18.4724,42.819,-0.01819615252315998,-4.508,0.2874,160.656,0
18.4738,42.808,-0.021640341728925705,-4.732,0.2859,160.731,0
18.4751,42.792,-0.024880439043045044,-4.883,0.2836,160.667,0
18.4764,42.77,-0.028817467391490936,-5.008,0.2805,160.713,0
18.4777,42.753,-0.0322917103767395,-5.075,0.2782,160.737,0
18.479,42.731,-0.03628126531839371,-5.13,0.2752,160.748,0
18.4803,42.704,-0.04092453420162201,-5.171,0.2714,160.785,0
18.4815,42.682,-0.04511683061718941,-5.191,0.2683,160.799,0
18.4828,42.654,-0.048520565032958984,-5.213,0.2645,160.81,0
18.484,42.627,-0.05131397023797035,-5.232,0.2607,160.865,0
18.4852,42.605,-0.053662411868572235,-5.244,0.2576,160.865,0
18.4865,42.572,-0.056003816425800323,-5.263,0.2531,160.877,0
18.4879,42.545,-0.058253705501556396,-5.274,0.2492,160.948,0
18.4891,42.512,-0.059323303401470184,-5.291,0.2447,160.943,0
18.4904,42.484,-0.06119103729724884,-5.297,0.2408,160.958,0
18.4917,42.451,-0.06201951205730438,-5.307,0.2363,161.001,0
18.493,42.424,-0.06236029788851738,-5.314,0.2325,161.037,0
18.4943,42.396,-0.06193363666534424,-5.322,0.2286,161.07,0
18.4956,42.369,-0.06115381419658661,-5.329,0.2248,161.093,0
18.4969,42.341,-0.06049569323658943,-5.332,0.221,161.104,0
18.4982,42.314,-0.06073779612779617,-5.326,0.2172,161.102,0
18.4994,42.286,-0.061393652111291885,-5.316,0.2134,161.117,0
18.5007,42.253,-0.06267928332090378,-5.296,0.2088,161.158,0
18.5019,42.22,-0.06535583734512329,-5.263,0.2042,161.152,0
18.5032,42.188,-0.06860096007585526,-5.222,0.1996,161.202,0
18.5045,42.149,-0.0720728263258934,-5.171,0.1943,161.226,0
18.5058,42.111,-0.07514886558055878,-5.116,0.189,161.31,0
18.507,42.072,-0.07686270773410797,-5.063,0.1836,161.313,0
18.5083,42.034,-0.07968862354755402,-4.998,0.1783,161.295,0
18.5096,42.001,-0.08046948909759521,-4.948,0.1737,161.371,0
18.5109,41.962,-0.0807182788848877,-4.889,0.1684,161.414,0
18.5122,41.918,-0.08097823709249496,-4.815,0.1623,161.42,0
18.5136,41.885,-0.0789448693394661,-4.769,0.1577,161.471,0
18.5149,41.847,-0.0771312564611435,-4.708,0.1523,161.436,0
18.5162,41.819,-0.07403812557458878,-4.672,0.1485,161.484,0
18.5174,41.786,-0.07249005883932114,-4.614,0.144,161.537,0
18.5187,41.754,-0.07236561179161072,-4.545,0.1394,161.585,0
18.5201,41.726,-0.0709860771894455,-4.492,0.1356,161.567,0
18.5213,41.688,-0.07181480526924133,-4.4,0.1302,161.595,0
18.5226,41.655,-0.07321528345346451,-4.315,0.1256,161.67,0
18.5239,41.616,-0.07473065704107285,-4.213,0.1203,161.657,0
18.5251,41.583,-0.07642495632171631,-4.122,0.1157,161.685,0
18.5264,41.539,-0.07843053340911865,-4.0,0.1096,161.734,0
18.5277,41.501,-0.07972479611635208,-3.894,0.1043,161.745,0
18.5289,41.468,-0.08058174699544907,-3.803,0.0997,161.798,0
18.5301,41.429,-0.08116310089826584,-3.699,0.0944,161.786,0
18.5313,41.396,-0.08175769448280334,-3.609,0.0898,161.873,0
18.5325,41.358,-0.08076521754264832,-3.514,0.0844,161.888,0
18.5337,41.331,-0.07913047820329666,-3.452,0.0806,161.92,0
18.535,41.298,-0.07768691331148148,-3.374,0.076,161.904,0
18.5363,41.265,-0.07639595121145248,-3.296,0.0715,161.912,0
18.5376,41.232,-0.07530289888381958,-3.217,0.0669,161.968,0
18.5388,41.193,-0.07513100653886795,-3.119,0.0616,161.991,0
18.54,41.166,-0.07447423785924911,-3.054,0.0577,162.039,0
18.5412,41.133,-0.07409078627824783,-2.974,0.0532,162.047,0
18.5424,41.1,-0.07340145111083984,-2.897,0.0486,162.07,0
18.5436,41.072,-0.07263235002756119,-2.836,0.0448,162.114,0
18.545,41.045,-0.07128734141588211,-2.779,0.041,162.137,0
18.5462,41.006,-0.06973334401845932,-2.7,0.0356,162.171,0
18.5476,40.979,-0.06728952378034592,-2.653,0.0318,162.214,0
18.549,40.952,-0.06433591991662979,-2.611,0.028,162.21,0
18.5504,40.924,-0.06058492138981819,-2.575,0.0242,162.229,0
18.5516,40.902,-0.056929972022771835,-2.55,0.0211,162.223,0
18.5528,40.886,-0.05403133109211922,-2.532,0.0188,162.258,0
18.5541,40.864,-0.050989992916584015,-2.505,0.0158,162.275,0
18.5553,40.847,-0.047937579452991486,-2.488,0.0135,162.243,0
18.5566,40.831,-0.04453470557928085,-2.47,0.0112,162.258,0
18.558,40.814,-0.04209296777844429,-2.448,0.0089,162.279,0
18.5592,40.798,-0.03896408900618553,-2.424,0.0066,162.305,0
18.5604,40.787,-0.03709825873374939,-2.405,0.0051,162.35,0
18.5617,40.77,-0.035445213317871094,-2.374,0.0028,162.331,0
18.563,40.759,-0.03427417203783989,-2.353,0.0013,162.344,0
18.5642,40.743,-0.03279267996549606,-2.32,0.999,162.358,0
18.5654,40.732,-0.03155112266540527,-2.294,0.9975,162.359,0
18.5667,40.721,-0.030583683401346207,-2.27,0.9959,162.38,0
18.5679,40.704,-0.030284706503152847,-2.243,0.9937,162.419,0
18.5692,40.693,-0.030084047466516495,-2.225,0.9921,162.384,0
18.5704,40.677,-0.030097024515271187,-2.202,0.9898,162.41,0
18.5719,40.666,-0.030054906383156776,-2.187,0.9883,162.41,0
18.5731,40.649,-0.030173536390066147,-2.167,0.986,162.412,0
18.5744,40.638,-0.03022238425910473,-2.153,0.9845,162.44,0
18.5757,40.622,-0.030747365206480026,-2.138,0.9822,162.458,0
18.577,40.605,-0.03130098804831505,-2.123,0.9799,162.425,0
18.5782,40.594,-0.031520504504442215,-2.112,0.9784,162.48,0
18.5795,40.578,-0.032319970428943634,-2.099,0.9761,162.456,0
18.5809,40.562,-0.0326620414853096,-2.084,0.9738,162.47,0
18.5821,40.545,-0.032718725502491,-2.068,0.9715,162.491,0
18.5834,40.529,-0.03293273225426674,-2.053,0.9692,162.498,0
18.5848,40.512,-0.03329206258058548,-2.04,0.9669,162.507,0
18.586,40.501,-0.03288400545716286,-2.029,0.9654,162.49,0
18.5873,40.485,-0.03210682049393654,-2.012,0.9631,162.534,0
18.5885,40.474,-0.03113889880478382,-1.997,0.9616,162.57,0
18.5898,40.463,-0.029800252988934517,-1.978,0.9601,162.563,0
18.5911,40.452,-0.028238538652658463,-1.953,0.9586,162.579,0
18.5923,40.441,-0.027480578050017357,-1.936,0.957,162.557,0
18.5938,40.424,-0.025610344484448433,-1.894,0.9547,162.576,0
18.595,40.419,-0.023904288187623024,-1.851,0.954,162.595,0
18.5963,40.408,-0.022246593609452248,-1.797,0.9525,162.563,0
18.5975,40.402,-0.02081870287656784,-1.742,0.9517,162.586,0
18.5989,40.397,-0.019093791022896767,-1.661,0.9509,162.621,0
18.6001,40.391,-0.017131611704826355,-1.546,0.9502,162.595,0
18.6014,40.386,-0.014889316633343697,-1.38,0.9494,162.615,0
18.6027,40.38,-0.013232476077973843,-1.228,0.9486,162.637,0
18.604,40.38,-0.011638445779681206,-1.058,0.9486,162.649,0
18.6052,40.375,-0.009513190016150475,-0.789,0.9479,162.602,0
18.6066,40.375,-0.007608797866851091,-0.509,0.9479,162.628,0
18.6079,40.375,-0.0057771289721131325,-0.204,0.9479,162.6,0
18.6092,40.375,-0.0038279276341199875,0.152,0.9479,162.631,0
18.6104,40.375,-0.002554537495598197,0.399,0.9479,162.616,0
18.6117,40.375,-0.0013466471573337913,0.64,0.9479,162.624,0
18.613,40.38,-0.00014793903392273933,0.885,0.9486,162.624,0
18.6143,40.38,0.0010807643411681056,1.134,0.9486,162.601,0
18.6155,40.38,0.0020576303359121084,1.331,0.9486,162.633,0
18.6168,40.386,0.0029334917198866606,1.507,0.9494,162.624,0
18.6181,40.386,0.0036512967199087143,1.646,0.9494,162.581,0
18.6193,40.391,0.004641874693334103,1.836,0.9502,162.605,0
18.6206,40.391,0.005373390857130289,1.97,0.9502,162.587,0
18.622,40.397,0.006245579104870558,2.127,0.9509,162.606,0
18.6232,40.402,0.007308389525860548,2.308,0.9517,162.595,0
18.6245,40.408,0.008348183706402779,2.475,0.9525,162.582,0
18.6258,40.413,0.009544320404529572,2.653,0.9532,162.604,0
18.627,40.419,0.010732009075582027,2.815,0.954,162.552,0
18.6283,40.424,0.012051434256136417,2.977,0.9547,162.571,0
18.6296,40.435,0.01337599940598011,3.127,0.9563,162.576,0
18.6309,40.441,0.014829483814537525,3.266,0.957,162.547,0
18.6322,40.452,0.016519872471690178,3.409,0.9586,162.546,0
18.6334,40.463,0.018570076674222946,3.55,0.9601,162.548,0
18.6347,40.474,0.02090468630194664,3.674,0.9616,162.512,0
18.636,40.49,0.023562630638480186,3.785,0.9639,162.521,0
18.6372,40.501,0.025725355371832848,3.851,0.9654,162.517,0
18.6384,40.518,0.02741267904639244,3.901,0.9677,162.502,0
18.6397,40.534,0.029925057664513588,3.953,0.97,162.497,0
18.641,40.551,0.032236285507678986,3.991,0.9723,162.506,0
18.6422,40.567,0.034019835293293,4.019,0.9746,162.489,0
18.6435,40.589,0.035254545509815216,4.05,0.9776,162.493,0
18.6449,40.605,0.0353921540081501,4.07,0.9799,162.471,0
18.6461,40.622,0.03471806272864342,4.089,0.9822,162.444,0
18.6473,40.633,0.033905990421772,4.1,0.9837,162.443,0
18.6486,40.644,0.032968055456876755,4.109,0.9853,162.394,0
18.6499,40.66,0.031827256083488464,4.122,0.9875,162.393,0
18.6512,40.671,0.030498038977384567,4.125,0.9891,162.435,0
18.6525,40.682,0.029614096507430077,4.129,0.9906,162.377,0
18.654,40.699,0.02911127731204033,4.142,0.9929,162.348,0
18.6555,40.715,0.028724033385515213,4.156,0.9952,162.363,0
18.6568,40.726,0.028585078194737434,4.166,0.9967,162.348,0
18.6581,40.743,0.02875366061925888,4.187,0.999,162.329,0
18.6594,40.754,0.028911806643009186,4.202,0.0005,162.332,0
18.6607,40.77,0.029357019811868668,4.225,0.0028,162.297,0
18.662,40.787,0.029898466542363167,4.25,0.0051,162.25,0
18.6633,40.803,0.030946340411901474,4.278,0.0074,162.255,0
18.6647,40.82,0.032500091940164566,4.308,0.0097,162.299,0
18.6659,40.836,0.033383484929800034,4.33,0.012,162.238,0
18.6672,40.853,0.03456805273890495,4.353,0.0143,162.243,0
18.6685,40.869,0.03715113177895546,4.375,0.0165,162.226,0
18.6699,40.897,0.03968120366334915,4.403,0.0204,162.188,0
18.6711,40.919,0.04176592826843262,4.421,0.0234,162.177,0
18.6723,40.941,0.044033631682395935,4.435,0.0265,162.133,0
18.6736,40.963,0.04752826690673828,4.443,0.0295,162.128,0
18.6749,40.99,0.05023292452096939,4.455,0.0333,162.103,0
18.6762,41.017,0.05316467583179474,4.463,0.0371,162.087,0
18.6775,41.045,0.05535285919904709,4.473,0.041,162.047,0
18.6788,41.078,0.058527205139398575,4.48,0.0455,162.055,0
18.68,41.105,0.06031816825270653,4.488,0.0493,162.014,0
18.6813,41.133,0.06088642776012421,4.501,0.0532,161.986,0
18.6825,41.16,0.06087840721011162,4.517,0.057,161.96,0
18.684,41.193,0.05974980816245079,4.539,0.0616,161.945,0
18.6853,41.221,0.058462586253881454,4.558,0.0654,161.947,0
18.6865,41.243,0.05699826031923294,4.574,0.0684,161.861,0
18.6878,41.265,0.056074533611536026,4.586,0.0715,161.886,0
18.689,41.287,0.054776228964328766,4.598,0.0745,161.835,0
18.6903,41.314,0.053980253636837006,4.608,0.0783,161.84,0
18.6916,41.336,0.05373857542872429,4.612,0.0814,161.801,0
18.6929,41.364,0.053174179047346115,4.617,0.0852,161.806,0
18.6942,41.385,0.053294409066438675,4.616,0.0883,161.802,0
18.6955,41.413,0.053282782435417175,4.615,0.0921,161.762,0
18.6967,41.435,0.05270075798034668,4.615,0.0951,161.726,0
18.698,41.457,0.05308579280972481,4.609,0.0982,161.722,0
18.6993,41.484,0.05334331467747688,4.601,0.102,161.699,0
18.7006,41.506,0.05372290313243866,4.592,0.105,161.677,0
18.7019,41.534,0.053273461759090424,4.584,0.1089,161.714,0
18.7032,41.556,0.05301225930452347,4.576,0.1119,161.665,0
18.7044,41.583,0.05300840735435486,4.562,0.1157,161.622,0
18.7057,41.605,0.05174199864268303,4.555,0.1188,161.612,0
18.707,41.627,0.05024254694581032,4.548,0.1218,161.572,0
18.7083,41.644,0.04827026277780533,4.545,0.1241,161.577,0
18.7096,41.66,0.04529320448637009,4.543,0.1264,161.528,0
18.7109,41.677,0.04220344498753548,4.537,0.1287,161.584,0
18.7122,41.693,0.038114115595817566,4.523,0.131,161.527,0
18.7136,41.704,0.03488185629248619,4.501,0.1325,161.517,0
18.7149,41.715,0.032295774668455124,4.469,0.134,161.529,0
18.7162,41.726,0.030406445264816284,4.434,0.1356,161.491,0
18.7175,41.737,0.028059715405106544,4.378,0.1371,161.523,0
18.7189,41.748,0.026389412581920624,4.322,0.1386,161.509,0
18.7202,41.759,0.025225717574357986,4.272,0.1401,161.483,0
18.7214,41.77,0.024434156715869904,4.23,0.1417,161.482,0
18.7227,41.781,0.024384936317801476,4.216,0.1432,161.482,0
18.7241,41.792,0.02341327629983425,4.161,0.1447,161.46,0
18.7254,41.803,0.022686781361699104,4.113,0.1462,161.456,0
18.7267,41.808,0.021755337715148926,4.055,0.147,161.436,0
18.728,41.819,0.02043646201491356,3.958,0.1485,161.437,0
18.7292,41.825,0.018821189180016518,3.827,0.1493,161.411,0
18.7305,41.83,0.0174074936658144,3.689,0.1501,161.424,0
18.7318,41.836,0.016209397464990616,3.553,0.1508,161.424,0
18.733,41.841,0.014975368976593018,3.393,0.1516,161.423,0
18.7343,41.847,0.013569753617048264,3.187,0.1523,161.442,0
18.7356,41.852,0.011582660488784313,2.846,0.1531,161.42,0
18.7369,41.852,0.009982628747820854,2.53,0.1531,161.426,0
18.7382,41.852,0.00825214758515358,2.141,0.1531,161.422,0
18.7394,41.858,0.0063033136539161205,1.636,0.1539,161.422,0
18.7407,41.858,0.004397330339998007,1.096,0.1539,161.428,0
18.7419,41.852,0.0029745756182819605,0.675,0.1531,161.444,0
18.7432,41.852,0.0014773228904232383,0.204,0.1531,161.421,0
18.7444,41.852,0.000565467169508338,-0.088,0.1531,161.419,0
18.7457,41.852,-0.00027415493968874216,-0.357,0.1531,161.398,0
18.747,41.852,-0.0007941746735014021,-0.524,0.1531,161.436,0
18.7482,41.852,-0.0011396708432585,-0.635,0.1531,161.431,0
18.7495,41.847,-0.0017523696878924966,-0.821,0.1523,161.434,0
18.7508,41.847,-0.0025349396746605635,-1.067,0.1523,161.426,0
18.7521,41.841,-0.003126641968265176,-1.242,0.1516,161.396,0
18.7533,41.841,-0.0034146576654165983,-1.33,0.1516,161.437,0
18.7546,41.841,-0.0036390095483511686,-1.398,0.1516,161.445,0
18.756,41.836,-0.003794250311329961,-1.436,0.1508,161.45,0
18.7573,41.836,-0.003929229453206062,-1.476,0.1508,161.468,0
18.7586,41.836,-0.004197717644274235,-1.556,0.1508,161.415,0
18.76,41.83,-0.004573454149067402,-1.658,0.1501,161.451,0
18.7612,41.83,-0.00463026063516736,-1.674,0.1501,161.444,0
18.7626,41.825,-0.004525460302829742,-1.634,0.1493,161.435,0
18.7639,41.825,-0.004391522146761417,-1.595,0.1493,161.427,0
18.7652,41.825,-0.004665764514356852,-1.675,0.1493,161.451,0
18.7666,41.819,-0.0046582347713410854,-1.664,0.1485,161.446,0
18.768,41.819,-0.004764503799378872,-1.694,0.1485,161.441,0
18.7694,41.814,-0.005324251484125853,-1.845,0.1478,161.44,0
18.7708,41.808,-0.005812132731080055,-1.972,0.147,161.46,0
18.7721,41.808,-0.0059338281862437725,-2.005,0.147,161.423,0
18.7735,41.803,-0.005582945421338081,-1.899,0.1462,161.47,0
18.7749,41.803,-0.00552742276340723,-1.883,0.1462,161.462,0
18.7761,41.797,-0.005473125260323286,-1.858,0.1455,161.464,0
18.7774,41.797,-0.005237938836216927,-1.792,0.1455,161.48,0
18.7787,41.797,-0.0050040981732308865,-1.726,0.1455,161.459,0
18.78,41.792,-0.004804353695362806,-1.659,0.1447,161.462,0
18.7812,41.792,-0.0044940561056137085,-1.568,0.1447,161.452,0
18.7825,41.792,-0.004259480629116297,-1.5,0.1447,161.474,0
18.7838,41.786,-0.004198143258690834,-1.472,0.144,161.503,0
18.7851,41.786,-0.003906760364770889,-1.385,0.144,161.475,0
18.7864,41.786,-0.00384236266836524,-1.366,0.144,161.444,0
18.7877,41.786,-0.003421205095946789,-1.239,0.144,161.485,0
18.789,41.781,-0.00340785994194448,-1.226,0.1432,161.495,0
18.7903,41.781,-0.0031311078928411007,-1.142,0.1432,161.506,0
18.7915,41.781,-0.0028832496609538794,-1.066,0.1432,161.496,0
18.7929,41.781,-0.0023038513027131557,-0.886,0.1432,161.445,0
18.7943,41.781,-0.001864145160652697,-0.748,0.1432,161.471,0
18.7956,41.781,-0.0016705840826034546,-0.687,0.1432,161.481,0
18.797,41.781,-0.0012581187766045332,-0.557,0.1432,161.456,0
18.7983,41.781,-0.0010208501480519772,-0.481,0.1432,161.46,0
18.7996,41.781,-0.000719857111107558,-0.386,0.1432,161.472,0
18.8009,41.781,-0.0004733451351057738,-0.307,0.1432,161.447,0
18.8022,41.781,-0.0002991890360135585,-0.251,0.1432,161.498,0
18.8035,41.781,-0.00018465613538865,-0.215,0.1432,161.496,0
18.8048,41.781,-0.00011211659148102626,-0.192,0.1432,161.453,0
18.8061,41.781,-6.724615377606824e-05,-0.177,0.1432,161.463,0
18.8074,41.781,-4.000556509708986e-05,-0.169,0.1432,161.489,0
18.8087,41.781,-2.3538786990684457e-05,-0.163,0.1432,161.477,0
18.8099,41.781,0.00015845279267523438,-0.105,0.1432,161.45,0
18.8111,41.781,0.00022027973318472505,-0.085,0.1432,161.474,0
18.8124,41.781,0.0001871013082563877,-0.096,0.1432,161.466,0
18.8137,41.781,0.00013421173207461834,-0.113,0.1432,161.489,0
18.8149,41.781,9.197352483170107e-05,-0.126,0.1432,161.458,0
18.8162,41.781,5.848902583238669e-05,-0.137,0.1432,161.482,0
18.8174,41.781,3.7431138480314985e-05,-0.144,0.1432,161.472,0
18.8187,41.781,2.2555943360202946e-05,-0.149,0.1432,161.492,0
18.8199,41.781,1.4047088370716665e-05,-0.151,0.1432,161.456,0
18.8212,41.781,8.292896382045e-06,-0.153,0.1432,161.488,0
18.8224,41.781,5.170941676624352e-06,-0.154,0.1432,161.48,0
18.8239,41.781,3.1508534448221326e-06,-0.155,0.1432,161.436,0
18.8253,41.781,1.31440901895985e-06,-0.155,0.1432,161.485,0
18.8266,41.781,5.186164457882114e-07,-0.156,0.1432,161.475,0
18.8279,41.781,-2.7717595685317065e-07,-0.156,0.1432,161.48,0
18.8291,41.781,0.0001585139980306849,-0.105,0.1432,161.468,0
18.8304,41.781,0.00022878860181663185,-0.083,0.1432,161.46,0
18.8316,41.781,0.00019554895698092878,-0.093,0.1432,161.446,0
18.8329,41.781,0.00014480191748589277,-0.11,0.1432,161.494,0
18.8341,41.781,9.668707934906706e-05,-0.125,0.1432,161.514,0
18.8354,41.781,6.369229959091172e-05,-0.135,0.1432,161.478,0
18.8367,41.781,3.963488052249886e-05,-0.143,0.1432,161.434,0
18.8379,41.781,2.414753907942213e-05,-0.148,0.1432,161.495,0
18.8392,41.781,1.5148964848776814e-05,-0.151,0.1432,161.477,0
18.8404,41.781,9.33355840970762e-06,-0.153,0.1432,161.48,0
18.8417,41.781,5.4770266615378205e-06,-0.154,0.1432,161.489,0
18.843,41.781,0.0002061391423922032,-0.09,0.1432,161.491,0
18.8445,41.781,0.0002167292986996472,-0.087,0.1432,161.491,0
18.8456,41.781,0.00016806353232823312,-0.102,0.1432,161.47,0
18.847,41.781,0.00011878561053890735,-0.118,0.1432,161.461,0
18.8483,41.781,7.697590626776218e-05,-0.131,0.1432,161.49,0
18.8495,41.781,4.802130570169538e-05,-0.14,0.1432,161.474,0
18.8509,41.781,2.928957655967679e-05,-0.146,0.1432,161.444,0
18.8521,41.781,1.7658769138506614e-05,-0.15,0.1432,161.497,0
18.8534,41.781,1.0557851965131704e-05,-0.152,0.1432,161.486,0
18.8546,41.781,6.456461051129736e-06,-0.154,0.1432,161.45,0
18.8559,41.781,4.00786893806071e-06,-0.155,0.1432,161.466,0
18.8572,41.781,2.2326394173433073e-06,-0.155,0.1432,161.464,0
18.8584,41.781,1.0083432471219567e-06,-0.155,0.1432,161.492,0
18.8597,41.781,2.1255068816117273e-07,-0.156,0.1432,161.458,0
18.861,41.781,-5.220268803896033e-07,-0.156,0.1432,161.459,0
18.8623,41.781,-7.056713116071478e-07,-0.156,0.1432,161.487,0
18.8637,41.781,-7.056713116071478e-07,-0.156,0.1432,161.478,0
18.8649,41.781,-7.056713116071478e-07,-0.156,0.1432,161.497,0
18.8661,41.781,-7.056713116071478e-07,-0.156,0.1432,161.516,0
18.8674,41.781,-7.056713116071478e-07,-0.156,0.1432,161.484,0
18.8687,41.781,-7.056713116071478e-07,-0.156,0.1432,161.475,0
18.87,41.781,-7.056713116071478e-07,-0.156,0.1432,161.444,0
18.8712,41.781,-7.056713116071478e-07,-0.156,0.1432,161.503,0
18.8725,41.781,-7.056713116071478e-07,-0.156,0.1432,161.462,0
18.8738,41.781,-7.056713116071478e-07,-0.156,0.1432,161.489,0
18.875,41.781,-7.056713116071478e-07,-0.156,0.1432,161.498,0
18.8763,41.781,-7.056713116071478e-07,-0.156,0.1432,161.464,0
18.8775,41.781,-7.056713116071478e-07,-0.156,0.1432,161.492,0
18.8789,41.781,-7.056713116071478e-07,-0.156,0.1432,161.479,0
18.8802,41.781,-7.056713116071478e-07,-0.156,0.1432,161.516,0
18.8814,41.781,-7.056713116071478e-07,-0.156,0.1432,161.451,0
18.8827,41.781,-7.056713116071478e-07,-0.156,0.1432,161.472,0
18.884,41.781,-7.056713116071478e-07,-0.156,0.1432,161.504,0
18.8852,41.781,-7.056713116071478e-07,-0.156,0.1432,161.499,0
18.8865,41.781,-7.056713116071478e-07,-0.156,0.1432,161.455,0
18.8878,41.781,-7.056713116071478e-07,-0.156,0.1432,161.479,0
18.889,41.781,-7.056713116071478e-07,-0.156,0.1432,161.494,0
18.8903,41.781,-7.056713116071478e-07,-0.156,0.1432,161.474,0
18.8918,41.781,-7.056713116071478e-07,-0.156,0.1432,161.511,0
18.8931,41.781,-7.056713116071478e-07,-0.156,0.1432,161.462,0
18.8946,41.781,-7.056713116071478e-07,-0.156,0.1432,161.471,0
18.8959,41.781,-7.056713116071478e-07,-0.156,0.1432,161.46,0
18.8972,41.781,-7.056713116071478e-07,-0.156,0.1432,161.47,0
18.8986,41.781,-7.056713116071478e-07,-0.156,0.1432,161.483,0
18.8999,41.781,-7.056713116071478e-07,-0.156,0.1432,161.513,0
18.9012,41.781,-7.056713116071478e-07,-0.156,0.1432,161.477,0
18.9024,41.781,-7.056713116071478e-07,-0.156,0.1432,161.47,0
18.9037,41.781,-7.056713116071478e-07,-0.156,0.1432,161.482,0
18.905,41.781,-7.056713116071478e-07,-0.156,0.1432,161.425,0
18.9064,41.781,-7.056713116071478e-07,-0.156,0.1432,161.441,0
18.9076,41.781,-7.056713116071478e-07,-0.156,0.1432,161.491,0
18.909,41.781,-7.056713116071478e-07,-0.156,0.1432,161.501,0
18.9103,41.781,-0.0001850846310844645,-0.215,0.1432,161.479,0
18.9115,41.781,-0.0002279350155731663,-0.229,0.1432,161.475,0
18.9129,41.781,-0.00018845147860702127,-0.216,0.1432,161.484,0
18.9142,41.781,-0.00013348058564588428,-0.198,0.1432,161.49,0
18.9154,41.781,-8.793677989160642e-05,-0.184,0.1432,161.45,0
18.9167,41.781,-5.5676577176200226e-05,-0.174,0.1432,161.492,0
18.918,41.781,-3.45574771927204e-05,-0.167,0.1432,161.489,0
18.9193,41.781,-2.0967790987924673e-05,-0.163,0.1432,161.466,0
18.9206,41.781,-1.2581366718222853e-05,-0.16,0.1432,161.504,0
18.922,41.781,-7.194464615167817e-06,-0.158,0.1432,161.485,0
18.9233,41.781,-4.0725094549998175e-06,-0.157,0.1432,161.462,0
18.9247,41.781,-2.29728016165609e-06,-0.157,0.1432,161.477,0
18.926,41.781,-1.0729839914347394e-06,-0.156,0.1432,161.482,0
18.9273,41.781,-2.1597664101591363e-07,-0.156,0.1432,161.471,0
18.9286,41.781,5.798157189929043e-07,-0.156,0.1432,161.501,0
18.93,41.781,7.022453587524069e-07,-0.156,0.1432,161.474,0
18.9313,41.781,7.022453587524069e-07,-0.156,0.1432,161.471,0
18.9325,41.781,7.022453587524069e-07,-0.156,0.1432,161.468,0
18.9339,41.781,7.022453587524069e-07,-0.156,0.1432,161.493,0
18.9352,41.781,7.022453587524069e-07,-0.156,0.1432,161.479,0
18.9364,41.781,7.022453587524069e-07,-0.156,0.1432,161.476,0
18.9377,41.781,7.022453587524069e-07,-0.156,0.1432,161.493,0
18.939,41.781,7.022453587524069e-07,-0.156,0.1432,161.505,0
18.9403,41.781,7.022453587524069e-07,-0.156,0.1432,161.477,0
18.9415,41.781,7.022453587524069e-07,-0.156,0.1432,161.49,0
18.9428,41.781,7.022453587524069e-07,-0.156,0.1432,161.485,0
18.9441,41.781,7.022453587524069e-07,-0.156,0.1432,161.483,0
18.9453,41.781,7.022453587524069e-07,-0.156,0.1432,161.444,0
18.9467,41.781,7.022453587524069e-07,-0.156,0.1432,161.479,0
18.948,41.781,7.022453587524069e-07,-0.156,0.1432,161.475,0
18.9493,41.781,7.022453587524069e-07,-0.156,0.1432,161.455,0
18.9507,41.781,7.022453587524069e-07,-0.156,0.1432,161.467,0
18.952,41.781,7.022453587524069e-07,-0.156,0.1432,161.475,0
18.9533,41.781,7.022453587524069e-07,-0.156,0.1432,161.476,0
18.9548,41.781,7.022453587524069e-07,-0.156,0.1432,161.5,0
18.9561,41.781,7.022453587524069e-07,-0.156,0.1432,161.475,0
18.9574,41.781,7.022453587524069e-07,-0.156,0.1432,161.464,0
18.9587,41.781,7.022453587524069e-07,-0.156,0.1432,161.507,0
18.96,41.781,7.022453587524069e-07,-0.156,0.1432,161.492,0
18.9613,41.781,7.022453587524069e-07,-0.156,0.1432,161.488,0
18.9627,41.781,7.022453587524069e-07,-0.156,0.1432,161.462,0
18.9641,41.781,7.022453587524069e-07,-0.156,0.1432,161.496,0
18.9654,41.781,7.022453587524069e-07,-0.156,0.1432,161.498,0
18.9668,41.781,7.022453587524069e-07,-0.156,0.1432,161.529,0
18.9681,41.781,7.022453587524069e-07,-0.156,0.1432,161.502,0
18.9694,41.781,7.022453587524069e-07,-0.156,0.1432,161.504,0
18.9707,41.781,7.022453587524069e-07,-0.156,0.1432,161.472,0
18.972,41.781,7.022453587524069e-07,-0.156,0.1432,161.469,0
18.9734,41.781,7.022453587524069e-07,-0.156,0.1432,161.486,0
18.9749,41.781,7.022453587524069e-07,-0.156,0.1432,161.474,0
18.9763,41.781,7.022453587524069e-07,-0.156,0.1432,161.469,0
18.9776,41.781,7.022453587524069e-07,-0.156,0.1432,161.459,0
18.9789,41.781,7.022453587524069e-07,-0.156,0.1432,161.491,0
18.9802,41.781,7.022453587524069e-07,-0.156,0.1432,161.465,0
18.9815,41.781,7.022453587524069e-07,-0.156,0.1432,161.453,0
18.9829,41.781,7.022453587524069e-07,-0.156,0.1432,161.492,0
18.9842,41.781,7.022453587524069e-07,-0.156,0.1432,161.464,0
18.9855,41.781,7.022453587524069e-07,-0.156,0.1432,161.505,0
18.9867,41.781,7.022453587524069e-07,-0.156,0.1432,161.475,0
18.988,41.781,7.022453587524069e-07,-0.156,0.1432,161.503,0
18.9894,41.781,7.022453587524069e-07,-0.156,0.1432,161.477,0
18.9907,41.781,7.022453587524069e-07,-0.156,0.1432,161.483,0
18.992,41.781,7.022453587524069e-07,-0.156,0.1432,161.448,0
18.9933,41.781,7.022453587524069e-07,-0.156,0.1432,161.486,0
18.9946,41.781,7.022453587524069e-07,-0.156,0.1432,161.462,0
18.9959,41.781,7.022453587524069e-07,-0.156,0.1432,161.48,0
18.9973,41.781,7.022453587524069e-07,-0.156,0.1432,161.481,0
18.9986,41.781,7.022453587524069e-07,-0.156,0.1432,161.49,0
19.0,41.781,7.022453587524069e-07,-0.156,0.1432,161.462,0
19.0012,41.781,7.022453587524069e-07,-0.156,0.1432,161.459,0
19.0025,41.781,7.022453587524069e-07,-0.156,0.1432,161.491,0
19.0039,41.781,7.022453587524069e-07,-0.156,0.1432,161.457,0
19.0053,41.781,7.022453587524069e-07,-0.156,0.1432,161.483,0
19.0066,41.781,7.022453587524069e-07,-0.156,0.1432,161.466,0
19.0079,41.781,7.022453587524069e-07,-0.156,0.1432,161.476,0
19.0092,41.781,7.022453587524069e-07,-0.156,0.1432,161.442,0
19.0105,41.781,7.022453587524069e-07,-0.156,0.1432,161.518,0
19.0118,41.781,7.022453587524069e-07,-0.156,0.1432,161.537,0
19.013,41.781,7.022453587524069e-07,-0.156,0.1432,161.473,0
19.0143,41.781,7.022453587524069e-07,-0.156,0.1432,161.486,0
19.0156,41.781,7.022453587524069e-07,-0.156,0.1432,161.478,0
19.0169,41.781,7.022453587524069e-07,-0.156,0.1432,161.492,0
19.0182,41.781,7.022453587524069e-07,-0.156,0.1432,161.462,0
19.0194,41.781,7.022453587524069e-07,-0.156,0.1432,161.461,0
19.0207,41.781,7.022453587524069e-07,-0.156,0.1432,161.483,0
19.0221,41.781,7.022453587524069e-07,-0.156,0.1432,161.461,0
19.0234,41.781,7.022453587524069e-07,-0.156,0.1432,161.507,0
19.025,41.781,7.022453587524069e-07,-0.156,0.1432,161.479,0
19.0262,41.781,7.022453587524069e-07,-0.156,0.1432,161.462,0
19.0275,41.781,7.022453587524069e-07,-0.156,0.1432,161.471,0
19.0289,41.781,7.022453587524069e-07,-0.156,0.1432,161.46,0
19.0302,41.781,7.022453587524069e-07,-0.156,0.1432,161.51,0
19.0315,41.781,7.022453587524069e-07,-0.156,0.1432,161.471,0
19.0329,41.781,7.022453587524069e-07,-0.156,0.1432,161.452,0
19.0341,41.781,7.022453587524069e-07,-0.156,0.1432,161.494,0
19.0354,41.781,7.022453587524069e-07,-0.156,0.1432,161.48,0
19.0367,41.781,7.022453587524069e-07,-0.156,0.1432,161.476,0
19.0379,41.781,7.022453587524069e-07,-0.156,0.1432,161.483,0
19.0393,41.781,7.022453587524069e-07,-0.156,0.1432,161.504,0
19.0406,41.781,7.022453587524069e-07,-0.156,0.1432,161.486,0
19.0419,41.781,7.022453587524069e-07,-0.156,0.1432,161.488,0
19.0431,41.781,7.022453587524069e-07,-0.156,0.1432,161.488,0
19.0443,41.781,7.022453587524069e-07,-0.156,0.1432,161.496,0
19.0456,41.781,7.022453587524069e-07,-0.156,0.1432,161.476,0
19.0471,41.781,7.022453587524069e-07,-0.156,0.1432,161.471,0
19.0483,41.781,7.022453587524069e-07,-0.156,0.1432,161.486,0
19.0496,41.781,7.022453587524069e-07,-0.156,0.1432,161.462,0
19.0509,41.781,7.022453587524069e-07,-0.156,0.1432,161.472,0
19.0521,41.781,7.022453587524069e-07,-0.156,0.1432,161.485,0
19.0534,41.781,7.022453587524069e-07,-0.156,0.1432,161.467,0
19.0548,41.781,7.022453587524069e-07,-0.156,0.1432,161.482,0
19.056,41.781,7.022453587524069e-07,-0.156,0.1432,161.462,0
19.0574,41.781,7.022453587524069e-07,-0.156,0.1432,161.459,0
19.0587,41.781,7.022453587524069e-07,-0.156,0.1432,161.512,0
19.06,41.781,7.022453587524069e-07,-0.156,0.1432,161.481,0
19.0614,41.781,7.022453587524069e-07,-0.156,0.1432,161.47,0
19.0628,41.781,7.022453587524069e-07,-0.156,0.1432,161.477,0
19.064,41.781,7.022453587524069e-07,-0.156,0.1432,161.476,0
19.0653,41.781,7.022453587524069e-07,-0.156,0.1432,161.496,0
19.0666,41.781,7.022453587524069e-07,-0.156,0.1432,161.518,0
19.0679,41.781,7.022453587524069e-07,-0.156,0.1432,161.482,0
19.0693,41.781,7.022453587524069e-07,-0.156,0.1432,161.491,0
19.0706,41.781,7.022453587524069e-07,-0.156,0.1432,161.446,0
19.072,41.781,7.022453587524069e-07,-0.156,0.1432,161.456,0
19.0733,41.781,7.022453587524069e-07,-0.156,0.1432,161.523,0
19.0747,41.781,7.022453587524069e-07,-0.156,0.1432,161.5,0
19.076,41.781,7.022453587524069e-07,-0.156,0.1432,161.455,0
19.0773,41.781,7.022453587524069e-07,-0.156,0.1432,161.416,0
19.0786,41.781,7.022453587524069e-07,-0.156,0.1432,161.46,0
19.0799,41.781,7.022453587524069e-07,-0.156,0.1432,161.498,0
19.0812,41.781,7.022453587524069e-07,-0.156,0.1432,161.472,0
19.0825,41.781,7.022453587524069e-07,-0.156,0.1432,161.488,0
19.0838,41.781,7.022453587524069e-07,-0.156,0.1432,161.473,0
19.0852,41.781,7.022453587524069e-07,-0.156,0.1432,161.476,0
19.0865,41.781,7.022453587524069e-07,-0.156,0.1432,161.463,0
19.0878,41.781,7.022453587524069e-07,-0.156,0.1432,161.488,0
19.089,41.781,7.022453587524069e-07,-0.156,0.1432,161.483,0
19.0903,41.781,7.022453587524069e-07,-0.156,0.1432,161.479,0
19.0916,41.781,7.022453587524069e-07,-0.156,0.1432,161.481,0
19.0929,41.781,7.022453587524069e-07,-0.156,0.1432,161.436,0
19.0942,41.781,7.022453587524069e-07,-0.156,0.1432,161.509,0
19.0955,41.781,7.022453587524069e-07,-0.156,0.1432,161.484,0
19.0969,41.781,7.022453587524069e-07,-0.156,0.1432,161.481,0
19.0982,41.781,7.022453587524069e-07,-0.156,0.1432,161.464,0
19.0994,41.781,7.022453587524069e-07,-0.156,0.1432,161.494,0
19.1007,41.781,7.022453587524069e-07,-0.156,0.1432,161.493,0
19.1019,41.781,7.022453587524069e-07,-0.156,0.1432,161.471,0
19.1032,41.781,7.022453587524069e-07,-0.156,0.1432,161.469,0
19.1045,41.781,7.022453587524069e-07,-0.156,0.1432,161.471,0
19.1058,41.781,7.022453587524069e-07,-0.156,0.1432,161.477,0
19.1072,41.781,7.022453587524069e-07,-0.156,0.1432,161.469,0
19.1086,41.781,7.022453587524069e-07,-0.156,0.1432,161.496,0
19.11,41.781,7.022453587524069e-07,-0.156,0.1432,161.487,0
19.1113,41.781,7.022453587524069e-07,-0.156,0.1432,161.493,0
19.1126,41.781,7.022453587524069e-07,-0.156,0.1432,161.485,0
19.114,41.781,7.022453587524069e-07,-0.156,0.1432,161.471,0
19.1154,41.781,7.022453587524069e-07,-0.156,0.1432,161.468,0
19.1169,41.781,7.022453587524069e-07,-0.156,0.1432,161.483,0
19.1182,41.781,7.022453587524069e-07,-0.156,0.1432,161.464,0
19.1195,41.781,7.022453587524069e-07,-0.156,0.1432,161.467,0
19.1208,41.781,7.022453587524069e-07,-0.156,0.1432,161.514,0
19.1221,41.781,7.022453587524069e-07,-0.156,0.1432,161.492,0
19.1234,41.781,7.022453587524069e-07,-0.156,0.1432,161.483,0
19.1247,41.781,7.022453587524069e-07,-0.156,0.1432,161.489,0
19.126,41.781,7.022453587524069e-07,-0.156,0.1432,161.495,0
19.1273,41.781,7.022453587524069e-07,-0.156,0.1432,161.482,0
19.1285,41.781,7.022453587524069e-07,-0.156,0.1432,161.522,0
19.1299,41.781,7.022453587524069e-07,-0.156,0.1432,161.493,0
19.1312,41.781,7.022453587524069e-07,-0.156,0.1432,161.474,0
19.1324,41.781,7.022453587524069e-07,-0.156,0.1432,161.491,0
19.1337,41.781,7.022453587524069e-07,-0.156,0.1432,161.49,0
19.1353,41.781,7.022453587524069e-07,-0.156,0.1432,161.496,0
19.1366,41.781,7.022453587524069e-07,-0.156,0.1432,161.493,0
19.1379,41.781,7.022453587524069e-07,-0.156,0.1432,161.46,0
19.1393,41.781,7.022453587524069e-07,-0.156,0.1432,161.443,0
19.1406,41.781,7.022453587524069e-07,-0.156,0.1432,161.5,0
19.142,41.781,7.022453587524069e-07,-0.156,0.1432,161.46,0
19.1433,41.781,7.022453587524069e-07,-0.156,0.1432,161.474,0
19.1446,41.781,7.022453587524069e-07,-0.156,0.1432,161.483,0
19.146,41.781,7.022453587524069e-07,-0.156,0.1432,161.489,0
19.1473,41.781,7.022453587524069e-07,-0.156,0.1432,161.486,0
19.1485,41.781,7.022453587524069e-07,-0.156,0.1432,161.478,0
19.1499,41.781,7.022453587524069e-07,-0.156,0.1432,161.505,0
19.1517,41.781,7.022453587524069e-07,-0.156,0.1432,161.457,0
19.1531,41.781,7.022453587524069e-07,-0.156,0.1432,161.478,0
19.1543,41.781,7.022453587524069e-07,-0.156,0.1432,161.489,0
19.1557,41.781,7.022453587524069e-07,-0.156,0.1432,161.466,0
19.157,41.781,7.022453587524069e-07,-0.156,0.1432,161.516,0
19.1584,41.781,7.022453587524069e-07,-0.156,0.1432,161.478,0
19.1599,41.781,7.022453587524069e-07,-0.156,0.1432,161.472,0
19.1612,41.781,7.022453587524069e-07,-0.156,0.1432,161.485,0
19.1625,41.781,7.022453587524069e-07,-0.156,0.1432,161.477,0
19.1641,41.781,7.022453587524069e-07,-0.156,0.1432,161.456,0
19.1655,41.781,7.022453587524069e-07,-0.156,0.1432,161.479,0
19.1669,41.781,7.022453587524069e-07,-0.156,0.1432,161.483,0
19.1682,41.781,7.022453587524069e-07,-0.156,0.1432,161.463,0
19.1695,41.781,7.022453587524069e-07,-0.156,0.1432,161.483,0
19.1709,41.781,7.022453587524069e-07,-0.156,0.1432,161.513,0
19.1724,41.781,7.022453587524069e-07,-0.156,0.1432,161.493,0
19.1737,41.781,7.022453587524069e-07,-0.156,0.1432,161.454,0
19.175,41.781,7.022453587524069e-07,-0.156,0.1432,161.483,0
19.1762,41.781,7.022453587524069e-07,-0.156,0.1432,161.468,0
19.1775,41.781,7.022453587524069e-07,-0.156,0.1432,161.514,0
19.1788,41.781,7.022453587524069e-07,-0.156,0.1432,161.452,0
19.1801,41.781,7.022453587524069e-07,-0.156,0.1432,161.476,0
19.1813,41.781,7.022453587524069e-07,-0.156,0.1432,161.463,0
19.1826,41.781,7.022453587524069e-07,-0.156,0.1432,161.5,0
19.1839,41.781,7.022453587524069e-07,-0.156,0.1432,161.464,0
19.1854,41.781,7.022453587524069e-07,-0.156,0.1432,161.498,0
19.1867,41.781,7.022453587524069e-07,-0.156,0.1432,161.509,0
19.1879,41.781,7.022453587524069e-07,-0.156,0.1432,161.464,0
19.1892,41.781,7.022453587524069e-07,-0.156,0.1432,161.471,0
19.1905,41.781,7.022453587524069e-07,-0.156,0.1432,161.478,0
19.1917,41.781,7.022453587524069e-07,-0.156,0.1432,161.48,0
19.193,41.781,7.022453587524069e-07,-0.156,0.1432,161.476,0
19.1943,41.781,7.022453587524069e-07,-0.156,0.1432,161.494,0
19.1955,41.781,7.022453587524069e-07,-0.156,0.1432,161.491,0
19.1969,41.781,7.022453587524069e-07,-0.156,0.1432,161.496,0
19.1982,41.781,7.022453587524069e-07,-0.156,0.1432,161.469,0
19.1994,41.781,7.022453587524069e-07,-0.156,0.1432,161.523,0
19.2007,41.781,7.022453587524069e-07,-0.156,0.1432,161.462,0
19.2019,41.781,7.022453587524069e-07,-0.156,0.1432,161.503,0
19.2032,41.781,7.022453587524069e-07,-0.156,0.1432,161.471,0
19.2044,41.781,7.022453587524069e-07,-0.156,0.1432,161.468,0
19.2057,41.781,7.022453587524069e-07,-0.156,0.1432,161.498,0
19.2069,41.781,7.022453587524069e-07,-0.156,0.1432,161.486,0
19.2082,41.781,7.022453587524069e-07,-0.156,0.1432,161.485,0
19.2094,41.781,7.022453587524069e-07,-0.156,0.1432,161.475,0
19.2107,41.781,7.022453587524069e-07,-0.156,0.1432,161.451,0
19.212,41.781,7.022453587524069e-07,-0.156,0.1432,161.479,0
19.2132,41.781,7.022453587524069e-07,-0.156,0.1432,161.521,0
19.2145,41.781,7.022453587524069e-07,-0.156,0.1432,161.485,0
19.2158,41.781,7.022453587524069e-07,-0.156,0.1432,161.49,0
19.2171,41.781,7.022453587524069e-07,-0.156,0.1432,161.497,0
19.2184,41.781,7.022453587524069e-07,-0.156,0.1432,161.464,0
19.2197,41.781,7.022453587524069e-07,-0.156,0.1432,161.475,0
19.221,41.781,7.022453587524069e-07,-0.156,0.1432,161.474,0
19.2224,41.781,7.022453587524069e-07,-0.156,0.1432,161.493,0
19.2239,41.781,7.022453587524069e-07,-0.156,0.1432,161.47,0
19.2255,41.781,7.022453587524069e-07,-0.156,0.1432,161.495,0
19.227,41.781,7.022453587524069e-07,-0.156,0.1432,161.455,0
19.2283,41.781,7.022453587524069e-07,-0.156,0.1432,161.465,0
19.2296,41.781,7.022453587524069e-07,-0.156,0.1432,161.5,0
19.231,41.781,7.022453587524069e-07,-0.156,0.1432,161.487,0
19.2323,41.781,7.022453587524069e-07,-0.156,0.1432,161.51,0
19.2336,41.781,7.022453587524069e-07,-0.156,0.1432,161.488,0
19.235,41.781,7.022453587524069e-07,-0.156,0.1432,161.441,0
19.2362,41.781,7.022453587524069e-07,-0.156,0.1432,161.501,0
19.2375,41.781,7.022453587524069e-07,-0.156,0.1432,161.502,0
19.2389,41.781,7.022453587524069e-07,-0.156,0.1432,161.475,0
19.2402,41.781,7.022453587524069e-07,-0.156,0.1432,161.495,0
19.2414,41.781,7.022453587524069e-07,-0.156,0.1432,161.493,0
19.2427,41.781,7.022453587524069e-07,-0.156,0.1432,161.529,0
19.2439,41.781,7.022453587524069e-07,-0.156,0.1432,161.489,0
19.2452,41.781,7.022453587524069e-07,-0.156,0.1432,161.47,0
19.2465,41.781,7.022453587524069e-07,-0.156,0.1432,161.477,0
19.2479,41.781,7.022453587524069e-07,-0.156,0.1432,161.482,0
19.2492,41.781,7.022453587524069e-07,-0.156,0.1432,161.507,0
19.2505,41.781,7.022453587524069e-07,-0.156,0.1432,161.485,0
19.2518,41.781,7.022453587524069e-07,-0.156,0.1432,161.498,0
19.253,41.781,7.022453587524069e-07,-0.156,0.1432,161.429,0
19.2543,41.781,7.022453587524069e-07,-0.156,0.1432,161.531,0
19.2556,41.781,7.022453587524069e-07,-0.156,0.1432,161.481,0
19.257,41.781,7.022453587524069e-07,-0.156,0.1432,161.483,0
19.2583,41.781,7.022453587524069e-07,-0.156,0.1432,161.474,0
19.2597,41.781,7.022453587524069e-07,-0.156,0.1432,161.453,0
19.2611,41.781,7.022453587524069e-07,-0.156,0.1432,161.497,0
19.2626,41.781,7.022453587524069e-07,-0.156,0.1432,161.526,0
19.2648,41.781,7.022453587524069e-07,-0.156,0.1432,161.49,0
19.2663,41.781,7.022453587524069e-07,-0.156,0.1432,161.48,0
19.2676,41.781,7.022453587524069e-07,-0.156,0.1432,161.459,0
19.2688,41.781,7.022453587524069e-07,-0.156,0.1432,161.441,0
19.2701,41.781,7.022453587524069e-07,-0.156,0.1432,161.472,0
19.2713,41.781,7.022453587524069e-07,-0.156,0.1432,161.522,0
19.2726,41.781,7.022453587524069e-07,-0.156,0.1432,161.482,0
19.2739,41.781,7.022453587524069e-07,-0.156,0.1432,161.487,0
19.2752,41.781,7.022453587524069e-07,-0.156,0.1432,161.474,0
19.2765,41.781,7.022453587524069e-07,-0.156,0.1432,161.474,0
19.2777,41.781,7.022453587524069e-07,-0.156,0.1432,161.475,0
19.279,41.781,7.022453587524069e-07,-0.156,0.1432,161.481,0
19.2802,41.781,7.022453587524069e-07,-0.156,0.1432,161.509,0
19.2814,41.781,7.022453587524069e-07,-0.156,0.1432,161.473,0
19.2827,41.781,7.022453587524069e-07,-0.156,0.1432,161.461,0
19.2839,41.781,7.022453587524069e-07,-0.156,0.1432,161.482,0
19.2852,41.781,7.022453587524069e-07,-0.156,0.1432,161.452,0
19.2865,41.781,7.022453587524069e-07,-0.156,0.1432,161.484,0
19.2877,41.781,7.022453587524069e-07,-0.156,0.1432,161.486,0
19.289,41.781,7.022453587524069e-07,-0.156,0.1432,161.478,0
19.2903,41.781,7.022453587524069e-07,-0.156,0.1432,161.472,0
19.2915,41.781,7.022453587524069e-07,-0.156,0.1432,161.499,0
19.2928,41.781,7.022453587524069e-07,-0.156,0.1432,161.438,0
19.2941,41.781,7.022453587524069e-07,-0.156,0.1432,161.45,0
19.2953,41.781,7.022453587524069e-07,-0.156,0.1432,161.488,0
19.2966,41.781,7.022453587524069e-07,-0.156,0.1432,161.475,0
19.298,41.781,7.022453587524069e-07,-0.156,0.1432,161.474,0
19.2993,41.781,7.022453587524069e-07,-0.156,0.1432,161.478,0
19.3006,41.781,7.022453587524069e-07,-0.156,0.1432,161.481,0
19.302,41.781,7.022453587524069e-07,-0.156,0.1432,161.489,0
19.3032,41.781,7.022453587524069e-07,-0.156,0.1432,161.492,0
19.3044,41.781,7.022453587524069e-07,-0.156,0.1432,161.514,0
19.3057,41.781,7.022453587524069e-07,-0.156,0.1432,161.478,0
19.3069,41.781,7.022453587524069e-07,-0.156,0.1432,161.489,0
19.3082,41.781,7.022453587524069e-07,-0.156,0.1432,161.485,0
19.3094,41.781,7.022453587524069e-07,-0.156,0.1432,161.466,0
19.3107,41.781,7.022453587524069e-07,-0.156,0.1432,161.467,0
19.3119,41.781,7.022453587524069e-07,-0.156,0.1432,161.462,0
19.3132,41.781,7.022453587524069e-07,-0.156,0.1432,161.468,0
19.3144,41.781,7.022453587524069e-07,-0.156,0.1432,161.487,0
19.3157,41.781,7.022453587524069e-07,-0.156,0.1432,161.496,0
19.317,41.781,7.022453587524069e-07,-0.156,0.1432,161.473,0
19.3183,41.781,7.022453587524069e-07,-0.156,0.1432,161.486,0
19.3195,41.781,7.022453587524069e-07,-0.156,0.1432,161.444,0
19.3209,41.781,7.022453587524069e-07,-0.156,0.1432,161.495,0
19.3222,41.781,7.022453587524069e-07,-0.156,0.1432,161.482,0
19.3234,41.781,7.022453587524069e-07,-0.156,0.1432,161.485,0
19.3247,41.781,7.022453587524069e-07,-0.156,0.1432,161.445,0
19.3259,41.781,7.022453587524069e-07,-0.156,0.1432,161.499,0
19.3272,41.781,7.022453587524069e-07,-0.156,0.1432,161.473,0
19.3285,41.781,7.022453587524069e-07,-0.156,0.1432,161.467,0
19.3297,41.781,7.022453587524069e-07,-0.156,0.1432,161.466,0
19.331,41.781,7.022453587524069e-07,-0.156,0.1432,161.492,0
19.3322,41.781,7.022453587524069e-07,-0.156,0.1432,161.488,0
19.3335,41.781,7.022453587524069e-07,-0.156,0.1432,161.457,0
19.3349,41.781,7.022453587524069e-07,-0.156,0.1432,161.454,0
19.3361,41.781,7.022453587524069e-07,-0.156,0.1432,161.453,0
19.3373,41.781,7.022453587524069e-07,-0.156,0.1432,161.492,0
19.3386,41.781,7.022453587524069e-07,-0.156,0.1432,161.497,0
19.3399,41.781,7.022453587524069e-07,-0.156,0.1432,161.481,0
19.3412,41.781,7.022453587524069e-07,-0.156,0.1432,161.473,0
19.3424,41.781,7.022453587524069e-07,-0.156,0.1432,161.474,0
19.3437,41.781,7.022453587524069e-07,-0.156,0.1432,161.469,0
19.345,41.781,7.022453587524069e-07,-0.156,0.1432,161.466,0
19.3462,41.781,7.022453587524069e-07,-0.156,0.1432,161.45,0
19.3475,41.781,7.022453587524069e-07,-0.156,0.1432,161.517,0
19.3488,41.781,7.022453587524069e-07,-0.156,0.1432,161.475,0
19.35,41.781,7.022453587524069e-07,-0.156,0.1432,161.443,0
19.3514,41.781,7.022453587524069e-07,-0.156,0.1432,161.458,0
19.3528,41.781,7.022453587524069e-07,-0.156,0.1432,161.466,0
19.354,41.781,7.022453587524069e-07,-0.156,0.1432,161.478,0
19.3553,41.781,7.022453587524069e-07,-0.156,0.1432,161.44,0
19.3565,41.781,7.022453587524069e-07,-0.156,0.1432,161.479,0
19.3579,41.781,7.022453587524069e-07,-0.156,0.1432,161.469,0
19.3592,41.781,7.022453587524069e-07,-0.156,0.1432,161.456,0
19.3604,41.781,7.022453587524069e-07,-0.156,0.1432,161.488,0
19.3617,41.781,7.022453587524069e-07,-0.156,0.1432,161.465,0
19.3629,41.781,7.022453587524069e-07,-0.156,0.1432,161.476,0
19.3642,41.781,7.022453587524069e-07,-0.156,0.1432,161.485,0
19.3655,41.781,7.022453587524069e-07,-0.156,0.1432,161.514,0
19.3668,41.781,7.022453587524069e-07,-0.156,0.1432,161.478,0
19.3681,41.781,7.022453587524069e-07,-0.156,0.1432,161.499,0
19.3694,41.781,7.022453587524069e-07,-0.156,0.1432,161.505,0
19.3708,41.781,7.022453587524069e-07,-0.156,0.1432,161.484,0
19.3721,41.781,7.022453587524069e-07,-0.156,0.1432,161.455,0
19.3734,41.781,7.022453587524069e-07,-0.156,0.1432,161.476,0
19.3747,41.781,7.022453587524069e-07,-0.156,0.1432,161.471,0
19.376,41.781,7.022453587524069e-07,-0.156,0.1432,161.499,0
19.3773,41.781,7.022453587524069e-07,-0.156,0.1432,161.486,0
19.3786,41.781,7.022453587524069e-07,-0.156,0.1432,161.486,0
19.3799,41.781,7.022453587524069e-07,-0.156,0.1432,161.486,0
19.3812,41.781,7.022453587524069e-07,-0.156,0.1432,161.506,0
19.3825,41.781,7.022453587524069e-07,-0.156,0.1432,161.487,0
19.3838,41.781,7.022453587524069e-07,-0.156,0.1432,161.508,0
19.385,41.781,7.022453587524069e-07,-0.156,0.1432,161.497,0
19.3863,41.781,7.022453587524069e-07,-0.156,0.1432,161.492,0
19.3876,41.781,7.022453587524069e-07,-0.156,0.1432,161.486,0
19.3889,41.781,7.022453587524069e-07,-0.156,0.1432,161.513,0
19.3902,41.781,7.022453587524069e-07,-0.156,0.1432,161.513,0
19.3915,41.781,7.022453587524069e-07,-0.156,0.1432,161.503,0
19.3929,41.781,7.022453587524069e-07,-0.156,0.1432,161.489,0
19.3942,41.781,7.022453587524069e-07,-0.156,0.1432,161.494,0
19.3955,41.781,7.022453587524069e-07,-0.156,0.1432,161.493,0
19.3969,41.781,7.022453587524069e-07,-0.156,0.1432,161.472,0
19.3982,41.781,7.022453587524069e-07,-0.156,0.1432,161.485,0
19.3995,41.781,7.022453587524069e-07,-0.156,0.1432,161.47,0
19.4008,41.781,7.022453587524069e-07,-0.156,0.1432,161.474,0
19.402,41.781,7.022453587524069e-07,-0.156,0.1432,161.469,0
19.4033,41.781,7.022453587524069e-07,-0.156,0.1432,161.466,0
19.4047,41.781,7.022453587524069e-07,-0.156,0.1432,161.488,0
19.406,41.781,7.022453587524069e-07,-0.156,0.1432,161.482,0
19.4073,41.781,7.022453587524069e-07,-0.156,0.1432,161.473,0
19.4085,41.781,7.022453587524069e-07,-0.156,0.1432,161.484,0
19.4099,41.781,7.022453587524069e-07,-0.156,0.1432,161.463,0
19.4112,41.781,7.022453587524069e-07,-0.156,0.1432,161.493,0
19.4125,41.781,7.022453587524069e-07,-0.156,0.1432,161.458,0
19.4139,41.781,7.022453587524069e-07,-0.156,0.1432,161.473,0
19.4151,41.781,7.022453587524069e-07,-0.156,0.1432,161.487,0
19.4164,41.781,7.022453587524069e-07,-0.156,0.1432,161.442,0
19.4178,41.781,7.022453587524069e-07,-0.156,0.1432,161.474,0
19.419,41.781,7.022453587524069e-07,-0.156,0.1432,161.491,0
19.4203,41.781,7.022453587524069e-07,-0.156,0.1432,161.466,0
19.4216,41.781,7.022453587524069e-07,-0.156,0.1432,161.504,0
19.4228,41.781,7.022453587524069e-07,-0.156,0.1432,161.502,0
19.4241,41.781,7.022453587524069e-07,-0.156,0.1432,161.464,0
19.4254,41.781,7.022453587524069e-07,-0.156,0.1432,161.485,0
19.4267,41.781,7.022453587524069e-07,-0.156,0.1432,161.482,0
19.428,41.781,7.022453587524069e-07,-0.156,0.1432,161.495,0
19.4294,41.781,7.022453587524069e-07,-0.156,0.1432,161.483,0
19.4307,41.781,7.022453587524069e-07,-0.156,0.1432,161.474,0
19.432,41.781,7.022453587524069e-07,-0.156,0.1432,161.461,0
19.4334,41.781,7.022453587524069e-07,-0.156,0.1432,161.486,0
19.4347,41.781,7.022453587524069e-07,-0.156,0.1432,161.492,0
19.4361,41.781,7.022453587524069e-07,-0.156,0.1432,161.495,0
19.4374,41.781,7.022453587524069e-07,-0.156,0.1432,161.487,0
19.4387,41.781,7.022453587524069e-07,-0.156,0.1432,161.481,0
19.4401,41.781,7.022453587524069e-07,-0.156,0.1432,161.484,0
19.4413,41.781,7.022453587524069e-07,-0.156,0.1432,161.496,0
19.4426,41.781,7.022453587524069e-07,-0.156,0.1432,161.487,0
19.444,41.781,7.022453587524069e-07,-0.156,0.1432,161.486,0
19.4452,41.781,7.022453587524069e-07,-0.156,0.1432,161.486,0
19.4465,41.781,7.022453587524069e-07,-0.156,0.1432,161.44,0
19.4479,41.781,7.022453587524069e-07,-0.156,0.1432,161.496,0
19.4492,41.781,7.022453587524069e-07,-0.156,0.1432,161.492,0
19.4505,41.781,7.022453587524069e-07,-0.156,0.1432,161.485,0
19.4518,41.781,7.022453587524069e-07,-0.156,0.1432,161.483,0
19.453,41.781,7.022453587524069e-07,-0.156,0.1432,161.458,0
19.4543,41.781,7.022453587524069e-07,-0.156,0.1432,161.504,0
19.4557,41.781,7.022453587524069e-07,-0.156,0.1432,161.46,0
19.4571,41.781,7.022453587524069e-07,-0.156,0.1432,161.489,0
19.4583,41.781,7.022453587524069e-07,-0.156,0.1432,161.501,0
19.4596,41.781,7.022453587524069e-07,-0.156,0.1432,161.468,0
19.4609,41.781,7.022453587524069e-07,-0.156,0.1432,161.487,0
19.4622,41.781,7.022453587524069e-07,-0.156,0.1432,161.507,0
19.4635,41.781,7.022453587524069e-07,-0.156,0.1432,161.466,0
19.4649,41.781,7.022453587524069e-07,-0.156,0.1432,161.472,0
19.4662,41.781,7.022453587524069e-07,-0.156,0.1432,161.5,0
19.4674,41.781,7.022453587524069e-07,-0.156,0.1432,161.461,0
19.4687,41.781,7.022453587524069e-07,-0.156,0.1432,161.468,0
19.4699,41.781,7.022453587524069e-07,-0.156,0.1432,161.489,0
19.4712,41.781,7.022453587524069e-07,-0.156,0.1432,161.479,0
19.4725,41.781,7.022453587524069e-07,-0.156,0.1432,161.468,0
19.4737,41.781,7.022453587524069e-07,-0.156,0.1432,161.465,0
19.475,41.781,7.022453587524069e-07,-0.156,0.1432,161.485,0
19.4764,41.781,7.022453587524069e-07,-0.156,0.1432,161.466,0
19.4778,41.781,7.022453587524069e-07,-0.156,0.1432,161.474,0
19.4791,41.781,7.022453587524069e-07,-0.156,0.1432,161.508,0
19.4804,41.781,7.022453587524069e-07,-0.156,0.1432,161.452,0
19.4817,41.781,7.022453587524069e-07,-0.156,0.1432,161.469,0
19.4829,41.781,7.022453587524069e-07,-0.156,0.1432,161.466,0
19.4842,41.781,7.022453587524069e-07,-0.156,0.1432,161.48,0
19.4855,41.781,7.022453587524069e-07,-0.156,0.1432,161.438,0
19.4869,41.781,7.022453587524069e-07,-0.156,0.1432,161.484,0
19.4882,41.781,7.022453587524069e-07,-0.156,0.1432,161.487,0
19.4895,41.781,7.022453587524069e-07,-0.156,0.1432,161.511,0
19.4907,41.781,7.022453587524069e-07,-0.156,0.1432,161.474,0
19.492,41.781,7.022453587524069e-07,-0.156,0.1432,161.504,0
19.4933,41.781,7.022453587524069e-07,-0.156,0.1432,161.447,0
19.4945,41.781,7.022453587524069e-07,-0.156,0.1432,161.497,0
19.496,41.781,7.022453587524069e-07,-0.156,0.1432,161.485,0
19.4973,41.781,7.022453587524069e-07,-0.156,0.1432,161.449,0
19.4987,41.781,7.022453587524069e-07,-0.156,0.1432,161.491,0
19.4999,41.781,7.022453587524069e-07,-0.156,0.1432,161.456,0
19.5012,41.781,7.022453587524069e-07,-0.156,0.1432,161.455,0
19.5027,41.781,7.022453587524069e-07,-0.156,0.1432,161.495,0
19.504,41.781,7.022453587524069e-07,-0.156,0.1432,161.507,0
19.5054,41.781,7.022453587524069e-07,-0.156,0.1432,161.489,0
19.5067,41.781,7.022453587524069e-07,-0.156,0.1432,161.506,0
19.508,41.781,7.022453587524069e-07,-0.156,0.1432,161.48,0
19.5093,41.781,7.022453587524069e-07,-0.156,0.1432,161.453,0
19.5106,41.781,7.022453587524069e-07,-0.156,0.1432,161.47,0
19.5119,41.781,7.022453587524069e-07,-0.156,0.1432,161.515,0
19.5132,41.781,7.022453587524069e-07,-0.156,0.1432,161.455,0
19.5145,41.781,7.022453587524069e-07,-0.156,0.1432,161.517,0
19.5158,41.781,7.022453587524069e-07,-0.156,0.1432,161.478,0
19.517,41.781,7.022453587524069e-07,-0.156,0.1432,161.451,0
19.5184,41.781,7.022453587524069e-07,-0.156,0.1432,161.501,0
19.5197,41.781,7.022453587524069e-07,-0.156,0.1432,161.501,0
19.5214,41.781,7.022453587524069e-07,-0.156,0.1432,161.477,0
19.5228,41.781,7.022453587524069e-07,-0.156,0.1432,161.483,0
19.524,41.781,7.022453587524069e-07,-0.156,0.1432,161.475,0
19.5252,41.781,7.022453587524069e-07,-0.156,0.1432,161.5,0
19.5265,41.781,7.022453587524069e-07,-0.156,0.1432,161.49,0
19.5278,41.781,7.022453587524069e-07,-0.156,0.1432,161.451,0
19.5291,41.781,7.022453587524069e-07,-0.156,0.1432,161.484,0
19.5305,41.781,7.022453587524069e-07,-0.156,0.1432,161.491,0
19.5318,41.781,7.022453587524069e-07,-0.156,0.1432,161.509,0
19.533,41.781,7.022453587524069e-07,-0.156,0.1432,161.496,0
19.5343,41.781,7.022453587524069e-07,-0.156,0.1432,161.47,0
19.5356,41.781,7.022453587524069e-07,-0.156,0.1432,161.462,0
19.537,41.781,7.022453587524069e-07,-0.156,0.1432,161.505,0
19.5383,41.781,7.022453587524069e-07,-0.156,0.1432,161.452,0
19.5397,41.781,7.022453587524069e-07,-0.156,0.1432,161.46,0
19.541,41.781,7.022453587524069e-07,-0.156,0.1432,161.448,0
19.5422,41.781,7.022453587524069e-07,-0.156,0.1432,161.502,0
19.5435,41.781,7.022453587524069e-07,-0.156,0.1432,161.494,0
19.545,41.781,7.022453587524069e-07,-0.156,0.1432,161.505,0
19.5464,41.781,7.022453587524069e-07,-0.156,0.1432,161.48,0
19.5479,41.781,7.022453587524069e-07,-0.156,0.1432,161.481,0
19.5493,41.781,7.022453587524069e-07,-0.156,0.1432,161.503,0
19.5506,41.781,7.022453587524069e-07,-0.156,0.1432,161.494,0
19.552,41.781,7.022453587524069e-07,-0.156,0.1432,161.473,0
19.5532,41.781,7.022453587524069e-07,-0.156,0.1432,161.455,0
19.5545,41.781,7.022453587524069e-07,-0.156,0.1432,161.482,0
19.5559,41.781,7.022453587524069e-07,-0.156,0.1432,161.486,0
19.5572,41.781,7.022453587524069e-07,-0.156,0.1432,161.474,0
19.5585,41.781,7.022453587524069e-07,-0.156,0.1432,161.473,0
19.5599,41.781,7.022453587524069e-07,-0.156,0.1432,161.469,0
19.5612,41.781,7.022453587524069e-07,-0.156,0.1432,161.493,0
19.5624,41.781,7.022453587524069e-07,-0.156,0.1432,161.485,0
19.5638,41.781,7.022453587524069e-07,-0.156,0.1432,161.516,0
19.5651,41.781,7.022453587524069e-07,-0.156,0.1432,161.473,0
19.5665,41.781,7.022453587524069e-07,-0.156,0.1432,161.489,0
19.5678,41.781,7.022453587524069e-07,-0.156,0.1432,161.489,0
19.5691,41.781,7.022453587524069e-07,-0.156,0.1432,161.49,0
19.5704,41.781,7.022453587524069e-07,-0.156,0.1432,161.454,0
19.5719,41.781,7.022453587524069e-07,-0.156,0.1432,161.49,0
19.5733,41.781,7.022453587524069e-07,-0.156,0.1432,161.451,0
19.5745,41.781,7.022453587524069e-07,-0.156,0.1432,161.503,0
19.5759,41.781,7.022453587524069e-07,-0.156,0.1432,161.428,0
19.5772,41.781,7.022453587524069e-07,-0.156,0.1432,161.498,0
19.5785,41.781,7.022453587524069e-07,-0.156,0.1432,161.47,0
19.5799,41.781,7.022453587524069e-07,-0.156,0.1432,161.486,0
19.5812,41.781,7.022453587524069e-07,-0.156,0.1432,161.49,0
19.5825,41.781,7.022453587524069e-07,-0.156,0.1432,161.464,0
19.5838,41.781,7.022453587524069e-07,-0.156,0.1432,161.462,0
19.5851,41.781,7.022453587524069e-07,-0.156,0.1432,161.465,0
19.5865,41.781,7.022453587524069e-07,-0.156,0.1432,161.491,0
19.5878,41.781,7.022453587524069e-07,-0.156,0.1432,161.465,0
19.5891,41.781,7.022453587524069e-07,-0.156,0.1432,161.461,0
19.5904,41.781,7.022453587524069e-07,-0.156,0.1432,161.467,0
19.5917,41.781,7.022453587524069e-07,-0.156,0.1432,161.471,0
19.593,41.781,7.022453587524069e-07,-0.156,0.1432,161.472,0
19.5942,41.781,7.022453587524069e-07,-0.156,0.1432,161.491,0
19.5955,41.781,7.022453587524069e-07,-0.156,0.1432,161.485,0
19.5969,41.781,7.022453587524069e-07,-0.156,0.1432,161.494,0
19.5982,41.781,7.022453587524069e-07,-0.156,0.1432,161.483,0
19.5994,41.781,7.022453587524069e-07,-0.156,0.1432,161.474,0
19.6006,41.781,7.022453587524069e-07,-0.156,0.1432,161.467,0
19.602,41.781,7.022453587524069e-07,-0.156,0.1432,161.504,0
19.6032,41.781,7.022453587524069e-07,-0.156,0.1432,161.493,0
19.6045,41.781,7.022453587524069e-07,-0.156,0.1432,161.488,0
19.6058,41.781,7.022453587524069e-07,-0.156,0.1432,161.451,0
19.6071,41.781,7.022453587524069e-07,-0.156,0.1432,161.479,0
19.6084,41.781,7.022453587524069e-07,-0.156,0.1432,161.493,0
19.6097,41.781,7.022453587524069e-07,-0.156,0.1432,161.481,0
19.611,41.781,7.022453587524069e-07,-0.156,0.1432,161.476,0
19.6122,41.781,7.022453587524069e-07,-0.156,0.1432,161.479,0
19.6135,41.781,7.022453587524069e-07,-0.156,0.1432,161.452,0
19.6149,41.781,7.022453587524069e-07,-0.156,0.1432,161.48,0
19.6162,41.781,7.022453587524069e-07,-0.156,0.1432,161.48,0
19.6174,41.781,7.022453587524069e-07,-0.156,0.1432,161.487,0
19.6187,41.781,7.022453587524069e-07,-0.156,0.1432,161.473,0
19.62,41.781,7.022453587524069e-07,-0.156,0.1432,161.481,0
19.6213,41.781,7.022453587524069e-07,-0.156,0.1432,161.49,0
19.6226,41.781,7.022453587524069e-07,-0.156,0.1432,161.476,0
19.6237,41.781,7.022453587524069e-07,-0.156,0.1432,161.447,0
19.625,41.781,7.022453587524069e-07,-0.156,0.1432,161.478,0
19.6262,41.781,7.022453587524069e-07,-0.156,0.1432,161.483,0
19.6275,41.781,7.022453587524069e-07,-0.156,0.1432,161.476,0
19.6287,41.781,7.022453587524069e-07,-0.156,0.1432,161.496,0
19.6299,41.781,7.022453587524069e-07,-0.156,0.1432,161.468,0
19.6311,41.781,7.022453587524069e-07,-0.156,0.1432,161.455,0
19.6323,41.781,7.022453587524069e-07,-0.156,0.1432,161.48,0
19.6335,41.781,7.022453587524069e-07,-0.156,0.1432,161.461,0
19.6349,41.781,7.022453587524069e-07,-0.156,0.1432,161.44,0
19.6361,41.781,7.022453587524069e-07,-0.156,0.1432,161.516,0
19.6373,41.781,7.022453587524069e-07,-0.156,0.1432,161.456,0
19.6386,41.781,7.022453587524069e-07,-0.156,0.1432,161.495,0
19.6399,41.781,7.022453587524069e-07,-0.156,0.1432,161.452,0
19.6411,41.781,7.022453587524069e-07,-0.156,0.1432,161.487,0
19.6423,41.781,7.022453587524069e-07,-0.156,0.1432,161.469,0
19.6435,41.781,7.022453587524069e-07,-0.156,0.1432,161.465,0
19.6449,41.781,7.022453587524069e-07,-0.156,0.1432,161.472,0
19.6461,41.781,7.022453587524069e-07,-0.156,0.1432,161.468,0
19.6473,41.781,7.022453587524069e-07,-0.156,0.1432,161.486,0
19.6485,41.781,7.022453587524069e-07,-0.156,0.1432,161.521,0
19.6498,41.781,7.022453587524069e-07,-0.156,0.1432,161.501,0
19.651,41.781,7.022453587524069e-07,-0.156,0.1432,161.484,0
19.6522,41.781,7.022453587524069e-07,-0.156,0.1432,161.47,0
19.6534,41.781,7.022453587524069e-07,-0.156,0.1432,161.46,0
19.6547,41.781,7.022453587524069e-07,-0.156,0.1432,161.462,0
19.6559,41.781,7.022453587524069e-07,-0.156,0.1432,161.468,0
19.6572,41.781,7.022453587524069e-07,-0.156,0.1432,161.498,0
19.6584,41.781,7.022453587524069e-07,-0.156,0.1432,161.495,0
19.6597,41.781,7.022453587524069e-07,-0.156,0.1432,161.458,0
19.6609,41.781,7.022453587524069e-07,-0.156,0.1432,161.499,0
19.6622,41.781,7.022453587524069e-07,-0.156,0.1432,161.456,0
19.6634,41.781,7.022453587524069e-07,-0.156,0.1432,161.47,0
19.6647,41.781,7.022453587524069e-07,-0.156,0.1432,161.492,0
19.666,41.781,7.022453587524069e-07,-0.156,0.1432,161.479,0
19.6672,41.781,7.022453587524069e-07,-0.156,0.1432,161.475,0
19.6685,41.781,7.022453587524069e-07,-0.156,0.1432,161.508,0
19.6698,41.781,7.022453587524069e-07,-0.156,0.1432,161.475,0
19.671,41.781,7.022453587524069e-07,-0.156,0.1432,161.486,0
19.6723,41.781,7.022453587524069e-07,-0.156,0.1432,161.523,0
19.6737,41.781,7.022453587524069e-07,-0.156,0.1432,161.488,0
19.675,41.781,7.022453587524069e-07,-0.156,0.1432,161.453,0
19.6763,41.781,7.022453587524069e-07,-0.156,0.1432,161.457,0
19.6775,41.781,7.022453587524069e-07,-0.156,0.1432,161.506,0
19.6788,41.781,7.022453587524069e-07,-0.156,0.1432,161.485,0
19.68,41.781,7.022453587524069e-07,-0.156,0.1432,161.466,0
19.6813,41.781,7.022453587524069e-07,-0.156,0.1432,161.46,0
19.6826,41.781,7.022453587524069e-07,-0.156,0.1432,161.503,0
19.6839,41.781,7.022453587524069e-07,-0.156,0.1432,161.477,0
19.6851,41.781,7.022453587524069e-07,-0.156,0.1432,161.467,0
19.6864,41.781,7.022453587524069e-07,-0.156,0.1432,161.475,0
19.6877,41.781,7.022453587524069e-07,-0.156,0.1432,161.495,0
19.689,41.781,7.022453587524069e-07,-0.156,0.1432,161.477,0
19.6902,41.781,7.022453587524069e-07,-0.156,0.1432,161.481,0
19.6915,41.781,7.022453587524069e-07,-0.156,0.1432,161.505,0
19.6928,41.781,7.022453587524069e-07,-0.156,0.1432,161.487,0
19.694,41.781,7.022453587524069e-07,-0.156,0.1432,161.475,0
19.6953,41.781,7.022453587524069e-07,-0.156,0.1432,161.499,0
19.6968,41.781,7.022453587524069e-07,-0.156,0.1432,161.465,0
19.698,41.781,7.022453587524069e-07,-0.156,0.1432,161.435,0
19.6992,41.781,7.022453587524069e-07,-0.156,0.1432,161.475,0
19.7005,41.781,7.022453587524069e-07,-0.156,0.1432,161.507,0
19.7019,41.781,7.022453587524069e-07,-0.156,0.1432,161.505,0
19.7031,41.781,7.022453587524069e-07,-0.156,0.1432,161.473,0
19.7044,41.781,7.022453587524069e-07,-0.156,0.1432,161.453,0
19.7057,41.781,7.022453587524069e-07,-0.156,0.1432,161.468,0
19.707,41.781,7.022453587524069e-07,-0.156,0.1432,161.5,0
19.7083,41.781,7.022453587524069e-07,-0.156,0.1432,161.494,0
19.7096,41.781,7.022453587524069e-07,-0.156,0.1432,161.481,0
19.7109,41.781,7.022453587524069e-07,-0.156,0.1432,161.481,0
19.7122,41.781,7.022453587524069e-07,-0.156,0.1432,161.477,0
19.7135,41.781,7.022453587524069e-07,-0.156,0.1432,161.479,0
19.7148,41.781,7.022453587524069e-07,-0.156,0.1432,161.475,0
19.716,41.781,7.022453587524069e-07,-0.156,0.1432,161.468,0
19.7172,41.781,7.022453587524069e-07,-0.156,0.1432,161.482,0
19.7185,41.781,7.022453587524069e-07,-0.156,0.1432,161.498,0
19.7197,41.781,7.022453587524069e-07,-0.156,0.1432,161.462,0
19.721,41.781,7.022453587524069e-07,-0.156,0.1432,161.493,0
19.7222,41.781,7.022453587524069e-07,-0.156,0.1432,161.451,0
19.7234,41.781,7.022453587524069e-07,-0.156,0.1432,161.517,0
19.7247,41.781,7.022453587524069e-07,-0.156,0.1432,161.464,0
19.726,41.781,7.022453587524069e-07,-0.156,0.1432,161.508,0
19.7272,41.781,7.022453587524069e-07,-0.156,0.1432,161.481,0
19.7285,41.781,7.022453587524069e-07,-0.156,0.1432,161.455,0
19.7298,41.781,7.022453587524069e-07,-0.156,0.1432,161.512,0
19.7312,41.781,7.022453587524069e-07,-0.156,0.1432,161.472,0
19.7324,41.781,7.022453587524069e-07,-0.156,0.1432,161.468,0
19.7337,41.781,7.022453587524069e-07,-0.156,0.1432,161.475,0
19.7349,41.781,7.022453587524069e-07,-0.156,0.1432,161.448,0
19.7361,41.781,7.022453587524069e-07,-0.156,0.1432,161.515,0
19.7374,41.781,7.022453587524069e-07,-0.156,0.1432,161.447,0
19.7387,41.781,7.022453587524069e-07,-0.156,0.1432,161.495,0
19.7399,41.781,7.022453587524069e-07,-0.156,0.1432,161.461,0
19.7411,41.781,7.022453587524069e-07,-0.156,0.1432,161.482,0
19.7424,41.781,7.022453587524069e-07,-0.156,0.1432,161.473,0
19.7437,41.781,7.022453587524069e-07,-0.156,0.1432,161.48,0
19.745,41.781,7.022453587524069e-07,-0.156,0.1432,161.449,0
19.7463,41.781,7.022453587524069e-07,-0.156,0.1432,161.496,0
19.7475,41.781,7.022453587524069e-07,-0.156,0.1432,161.498,0
19.7487,41.781,7.022453587524069e-07,-0.156,0.1432,161.466,0
19.7499,41.781,7.022453587524069e-07,-0.156,0.1432,161.513,0
19.7512,41.781,7.022453587524069e-07,-0.156,0.1432,161.455,0
19.7525,41.781,7.022453587524069e-07,-0.156,0.1432,161.498,0
19.7537,41.781,7.022453587524069e-07,-0.156,0.1432,161.476,0
19.755,41.781,7.022453587524069e-07,-0.156,0.1432,161.486,0
19.7562,41.781,7.022453587524069e-07,-0.156,0.1432,161.473,0
19.7576,41.781,7.022453587524069e-07,-0.156,0.1432,161.494,0
19.7589,41.781,7.022453587524069e-07,-0.156,0.1432,161.455,0
19.7601,41.781,7.022453587524069e-07,-0.156,0.1432,161.494,0
19.7614,41.781,7.022453587524069e-07,-0.156,0.1432,161.482,0
19.7627,41.781,7.022453587524069e-07,-0.156,0.1432,161.472,0
19.764,41.781,7.022453587524069e-07,-0.156,0.1432,161.47,0
19.7652,41.781,7.022453587524069e-07,-0.156,0.1432,161.495,0
19.7665,41.781,7.022453587524069e-07,-0.156,0.1432,161.487,0
19.7678,41.781,7.022453587524069e-07,-0.156,0.1432,161.463,0
19.7691,41.781,7.022453587524069e-07,-0.156,0.1432,161.503,0
19.7704,41.781,7.022453587524069e-07,-0.156,0.1432,161.494,0
19.7718,41.781,7.022453587524069e-07,-0.156,0.1432,161.465,0
19.7732,41.781,7.022453587524069e-07,-0.156,0.1432,161.477,0
19.7744,41.781,7.022453587524069e-07,-0.156,0.1432,161.486,0
19.7757,41.781,7.022453587524069e-07,-0.156,0.1432,161.47,0
19.7771,41.781,7.022453587524069e-07,-0.156,0.1432,161.473,0
19.7783,41.781,7.022453587524069e-07,-0.156,0.1432,161.467,0
19.7796,41.781,7.022453587524069e-07,-0.156,0.1432,161.5,0
19.7809,41.781,7.022453587524069e-07,-0.156,0.1432,161.469,0
19.7821,41.781,7.022453587524069e-07,-0.156,0.1432,161.477,0
19.7834,41.781,7.022453587524069e-07,-0.156,0.1432,161.493,0
19.7847,41.781,7.022453587524069e-07,-0.156,0.1432,161.501,0
19.7859,41.781,7.022453587524069e-07,-0.156,0.1432,161.469,0
19.7872,41.781,7.022453587524069e-07,-0.156,0.1432,161.491,0
19.7886,41.781,7.022453587524069e-07,-0.156,0.1432,161.497,0
19.79,41.781,7.022453587524069e-07,-0.156,0.1432,161.45,0
19.7913,41.781,7.022453587524069e-07,-0.156,0.1432,161.528,0
19.7925,41.781,7.022453587524069e-07,-0.156,0.1432,161.467,0
19.7938,41.781,7.022453587524069e-07,-0.156,0.1432,161.521,0
19.7951,41.781,7.022453587524069e-07,-0.156,0.1432,161.516,0
19.7963,41.781,7.022453587524069e-07,-0.156,0.1432,161.458,0
19.7976,41.781,7.022453587524069e-07,-0.156,0.1432,161.484,0
19.7989,41.781,7.022453587524069e-07,-0.156,0.1432,161.467,0
19.8002,41.781,7.022453587524069e-07,-0.156,0.1432,161.509,0
19.8015,41.781,7.022453587524069e-07,-0.156,0.1432,161.462,0
19.8028,41.781,7.022453587524069e-07,-0.156,0.1432,161.482,0
19.8042,41.781,7.022453587524069e-07,-0.156,0.1432,161.488,0
19.8056,41.781,7.022453587524069e-07,-0.156,0.1432,161.494,0
19.8071,41.781,7.022453587524069e-07,-0.156,0.1432,161.494,0
19.8085,41.781,7.022453587524069e-07,-0.156,0.1432,161.444,0
19.8098,41.781,7.022453587524069e-07,-0.156,0.1432,161.476,0
19.811,41.781,7.022453587524069e-07,-0.156,0.1432,161.467,0
19.8123,41.781,7.022453587524069e-07,-0.156,0.1432,161.517,0
19.8136,41.781,7.022453587524069e-07,-0.156,0.1432,161.463,0
19.815,41.781,7.022453587524069e-07,-0.156,0.1432,161.457,0
19.8163,41.781,7.022453587524069e-07,-0.156,0.1432,161.486,0
19.8175,41.781,7.022453587524069e-07,-0.156,0.1432,161.481,0
19.8189,41.781,7.022453587524069e-07,-0.156,0.1432,161.478,0
19.8201,41.781,7.022453587524069e-07,-0.156,0.1432,161.456,0
19.8214,41.781,7.022453587524069e-07,-0.156,0.1432,161.472,0
19.8227,41.781,7.022453587524069e-07,-0.156,0.1432,161.48,0
19.824,41.781,7.022453587524069e-07,-0.156,0.1432,161.491,0
19.8252,41.781,7.022453587524069e-07,-0.156,0.1432,161.472,0
19.8265,41.781,7.022453587524069e-07,-0.156,0.1432,161.461,0
19.8278,41.781,7.022453587524069e-07,-0.156,0.1432,161.464,0
19.8291,41.781,7.022453587524069e-07,-0.156,0.1432,161.47,0
19.8304,41.781,7.022453587524069e-07,-0.156,0.1432,161.47,0
19.8317,41.781,7.022453587524069e-07,-0.156,0.1432,161.497,0
19.833,41.781,7.022453587524069e-07,-0.156,0.1432,161.477,0
19.8342,41.781,7.022453587524069e-07,-0.156,0.1432,161.481,0
19.8355,41.781,7.022453587524069e-07,-0.156,0.1432,161.483,0
19.8369,41.781,7.022453587524069e-07,-0.156,0.1432,161.471,0
19.8382,41.781,7.022453587524069e-07,-0.156,0.1432,161.484,0
19.8395,41.781,7.022453587524069e-07,-0.156,0.1432,161.48,0
19.8408,41.781,7.022453587524069e-07,-0.156,0.1432,161.444,0
19.8421,41.781,7.022453587524069e-07,-0.156,0.1432,161.501,0
19.8434,41.781,7.022453587524069e-07,-0.156,0.1432,161.474,0
19.8447,41.781,7.022453587524069e-07,-0.156,0.1432,161.451,0
19.846,41.781,7.022453587524069e-07,-0.156,0.1432,161.47,0
19.8472,41.781,7.022453587524069e-07,-0.156,0.1432,161.466,0
19.8485,41.781,7.022453587524069e-07,-0.156,0.1432,161.493,0
19.8499,41.781,7.022453587524069e-07,-0.156,0.1432,161.478,0
19.8512,41.781,7.022453587524069e-07,-0.156,0.1432,161.475,0
19.8525,41.781,7.022453587524069e-07,-0.156,0.1432,161.444,0
19.8539,41.781,7.022453587524069e-07,-0.156,0.1432,161.494,0
19.8552,41.781,7.022453587524069e-07,-0.156,0.1432,161.482,0
19.8565,41.781,7.022453587524069e-07,-0.156,0.1432,161.491,0
19.8579,41.781,7.022453587524069e-07,-0.156,0.1432,161.48,0
19.8592,41.781,7.022453587524069e-07,-0.156,0.1432,161.46,0
19.8606,41.781,7.022453587524069e-07,-0.156,0.1432,161.484,0
19.862,41.781,7.022453587524069e-07,-0.156,0.1432,161.467,0
19.8634,41.781,7.022453587524069e-07,-0.156,0.1432,161.435,0
19.8648,41.781,7.022453587524069e-07,-0.156,0.1432,161.475,0
19.866,41.781,7.022453587524069e-07,-0.156,0.1432,161.479,0
19.8673,41.781,7.022453587524069e-07,-0.156,0.1432,161.496,0
19.8686,41.781,7.022453587524069e-07,-0.156,0.1432,161.461,0
19.8699,41.781,7.022453587524069e-07,-0.156,0.1432,161.473,0
19.8711,41.781,7.022453587524069e-07,-0.156,0.1432,161.461,0
19.8724,41.781,7.022453587524069e-07,-0.156,0.1432,161.461,0
19.8737,41.781,7.022453587524069e-07,-0.156,0.1432,161.5,0
19.875,41.781,7.022453587524069e-07,-0.156,0.1432,161.455,0
19.8762,41.781,7.022453587524069e-07,-0.156,0.1432,161.469,0
19.8774,41.781,7.022453587524069e-07,-0.156,0.1432,161.502,0
19.8787,41.781,7.022453587524069e-07,-0.156,0.1432,161.489,0
19.8799,41.781,7.022453587524069e-07,-0.156,0.1432,161.469,0
19.8813,41.781,7.022453587524069e-07,-0.156,0.1432,161.488,0
19.8825,41.781,7.022453587524069e-07,-0.156,0.1432,161.498,0
19.8838,41.781,7.022453587524069e-07,-0.156,0.1432,161.475,0
19.8851,41.781,7.022453587524069e-07,-0.156,0.1432,161.476,0
19.8864,41.781,7.022453587524069e-07,-0.156,0.1432,161.46,0
19.8877,41.781,7.022453587524069e-07,-0.156,0.1432,161.478,0
19.889,41.781,7.022453587524069e-07,-0.156,0.1432,161.508,0
19.8903,41.781,7.022453587524069e-07,-0.156,0.1432,161.485,0
19.8916,41.781,7.022453587524069e-07,-0.156,0.1432,161.464,0
19.8929,41.781,7.022453587524069e-07,-0.156,0.1432,161.487,0
19.8942,41.781,7.022453587524069e-07,-0.156,0.1432,161.465,0
19.8955,41.781,7.022453587524069e-07,-0.156,0.1432,161.469,0
19.8969,41.781,7.022453587524069e-07,-0.156,0.1432,161.495,0
19.8982,41.781,7.022453587524069e-07,-0.156,0.1432,161.51,0
19.8995,41.781,7.022453587524069e-07,-0.156,0.1432,161.482,0
19.9008,41.781,7.022453587524069e-07,-0.156,0.1432,161.489,0
19.9021,41.781,7.022453587524069e-07,-0.156,0.1432,161.51,0
19.9033,41.781,7.022453587524069e-07,-0.156,0.1432,161.494,0
19.9046,41.781,7.022453587524069e-07,-0.156,0.1432,161.477,0
19.9059,41.781,7.022453587524069e-07,-0.156,0.1432,161.51,0
19.9073,41.781,7.022453587524069e-07,-0.156,0.1432,161.496,0
19.9086,41.781,7.022453587524069e-07,-0.156,0.1432,161.474,0
19.9099,41.781,7.022453587524069e-07,-0.156,0.1432,161.488,0
19.9111,41.781,7.022453587524069e-07,-0.156,0.1432,161.477,0
19.9124,41.781,7.022453587524069e-07,-0.156,0.1432,161.453,0
19.9137,41.781,7.022453587524069e-07,-0.156,0.1432,161.456,0
19.915,41.781,7.022453587524069e-07,-0.156,0.1432,161.474,0
19.9163,41.781,7.022453587524069e-07,-0.156,0.1432,161.488,0
19.9176,41.781,7.022453587524069e-07,-0.156,0.1432,161.502,0
19.9189,41.781,7.022453587524069e-07,-0.156,0.1432,161.48,0
19.9201,41.781,7.022453587524069e-07,-0.156,0.1432,161.512,0
19.9213,41.781,7.022453587524069e-07,-0.156,0.1432,161.474,0
19.9226,41.781,7.022453587524069e-07,-0.156,0.1432,161.466,0
19.924,41.781,7.022453587524069e-07,-0.156,0.1432,161.49,0
19.9252,41.781,7.022453587524069e-07,-0.156,0.1432,161.48,0
19.9265,41.781,7.022453587524069e-07,-0.156,0.1432,161.445,0
19.9277,41.781,7.022453587524069e-07,-0.156,0.1432,161.491,0
19.9289,41.781,7.022453587524069e-07,-0.156,0.1432,161.466,0
19.9302,41.781,7.022453587524069e-07,-0.156,0.1432,161.476,0
19.9314,41.781,7.022453587524069e-07,-0.156,0.1432,161.446,0
19.9328,41.781,7.022453587524069e-07,-0.156,0.1432,161.493,0
19.934,41.781,7.022453587524069e-07,-0.156,0.1432,161.478,0
19.9352,41.781,7.022453587524069e-07,-0.156,0.1432,161.49,0
19.9365,41.781,7.022453587524069e-07,-0.156,0.1432,161.468,0
19.9378,41.781,7.022453587524069e-07,-0.156,0.1432,161.473,0
19.9391,41.781,7.022453587524069e-07,-0.156,0.1432,161.493,0
19.9404,41.781,7.022453587524069e-07,-0.156,0.1432,161.474,0
19.9417,41.781,7.022453587524069e-07,-0.156,0.1432,161.48,0
19.943,41.781,7.022453587524069e-07,-0.156,0.1432,161.485,0
19.9442,41.781,7.022453587524069e-07,-0.156,0.1432,161.452,0
19.9454,41.781,7.022453587524069e-07,-0.156,0.1432,161.466,0
19.9467,41.781,7.022453587524069e-07,-0.156,0.1432,161.485,0
19.948,41.781,7.022453587524069e-07,-0.156,0.1432,161.503,0
19.9492,41.781,7.022453587524069e-07,-0.156,0.1432,161.486,0
19.9505,41.781,7.022453587524069e-07,-0.156,0.1432,161.504,0
19.9517,41.781,7.022453587524069e-07,-0.156,0.1432,161.46,0
19.953,41.781,7.022453587524069e-07,-0.156,0.1432,161.461,0
19.9543,41.781,7.022453587524069e-07,-0.156,0.1432,161.482,0
19.9555,41.781,7.022453587524069e-07,-0.156,0.1432,161.487,0
19.9568,41.781,7.022453587524069e-07,-0.156,0.1432,161.478,0
19.958,41.781,7.022453587524069e-07,-0.156,0.1432,161.494,0
19.9593,41.781,7.022453587524069e-07,-0.156,0.1432,161.46,0
19.9605,41.781,7.022453587524069e-07,-0.156,0.1432,161.502,0
19.9619,41.781,7.022453587524069e-07,-0.156,0.1432,161.486,0
19.9631,41.781,7.022453587524069e-07,-0.156,0.1432,161.464,0
19.9644,41.781,7.022453587524069e-07,-0.156,0.1432,161.48,0
19.9657,41.781,7.022453587524069e-07,-0.156,0.1432,161.457,0
19.9669,41.781,7.022453587524069e-07,-0.156,0.1432,161.475,0
19.9682,41.781,7.022453587524069e-07,-0.156,0.1432,161.491,0
19.9694,41.781,7.022453587524069e-07,-0.156,0.1432,161.48,0
19.9707,41.781,7.022453587524069e-07,-0.156,0.1432,161.446,0
19.972,41.781,7.022453587524069e-07,-0.156,0.1432,161.448,0
19.9733,41.781,7.022453587524069e-07,-0.156,0.1432,161.471,0
19.9746,41.781,7.022453587524069e-07,-0.156,0.1432,161.493,0
19.9759,41.781,7.022453587524069e-07,-0.156,0.1432,161.504,0
19.9771,41.781,7.022453587524069e-07,-0.156,0.1432,161.481,0
19.9784,41.781,7.022453587524069e-07,-0.156,0.1432,161.472,0
19.9797,41.781,7.022453587524069e-07,-0.156,0.1432,161.471,0
19.9809,41.781,7.022453587524069e-07,-0.156,0.1432,161.465,0
19.9823,41.781,7.022453587524069e-07,-0.156,0.1432,161.48,0
19.9835,41.781,7.022453587524069e-07,-0.156,0.1432,161.474,0
19.9848,41.781,7.022453587524069e-07,-0.156,0.1432,161.445,0
19.986,41.781,7.022453587524069e-07,-0.156,0.1432,161.487,0
19.9873,41.781,7.022453587524069e-07,-0.156,0.1432,161.493,0
19.9885,41.781,7.022453587524069e-07,-0.156,0.1432,161.493,0
19.9898,41.781,7.022453587524069e-07,-0.156,0.1432,161.497,0
19.9911,41.781,7.022453587524069e-07,-0.156,0.1432,161.452,0
19.9923,41.781,7.022453587524069e-07,-0.156,0.1432,161.474,0
19.9936,41.781,7.022453587524069e-07,-0.156,0.1432,161.481,0
19.995,41.781,7.022453587524069e-07,-0.156,0.1432,161.485,0
19.9962,41.781,7.022453587524069e-07,-0.156,0.1432,161.461,0
19.9977,41.781,7.022453587524069e-07,-0.156,0.1432,161.473,0
19.9989,41.781,7.022453587524069e-07,-0.156,0.1432,161.476,0
20.0002,41.781,7.022453587524069e-07,-0.156,0.1432,161.507,0
20.0014,41.781,7.022453587524069e-07,-0.156,0.1432,161.499,0
20.0027,41.781,7.022453587524069e-07,-0.156,0.1432,161.487,0
20.0039,41.781,7.022453587524069e-07,-0.156,0.1432,161.484,0
20.0054,41.781,7.022453587524069e-07,-0.156,0.1432,161.496,0
20.0068,41.781,7.022453587524069e-07,-0.156,0.1432,161.505,0
20.0081,41.781,7.022453587524069e-07,-0.156,0.1432,161.451,0
20.0094,41.781,7.022453587524069e-07,-0.156,0.1432,161.455,0
20.0108,41.781,7.022453587524069e-07,-0.156,0.1432,161.469,0
20.012,41.781,7.022453587524069e-07,-0.156,0.1432,161.475,0
20.0133,41.781,7.022453587524069e-07,-0.156,0.1432,161.497,0
20.0147,41.781,7.022453587524069e-07,-0.156,0.1432,161.485,0
20.016,41.781,7.022453587524069e-07,-0.156,0.1432,161.469,0
20.0173,41.781,7.022453587524069e-07,-0.156,0.1432,161.461,0
20.0186,41.781,7.022453587524069e-07,-0.156,0.1432,161.479,0
20.02,41.781,7.022453587524069e-07,-0.156,0.1432,161.474,0
20.0213,41.781,7.022453587524069e-07,-0.156,0.1432,161.491,0
20.0226,41.781,7.022453587524069e-07,-0.156,0.1432,161.473,0
20.0239,41.781,7.022453587524069e-07,-0.156,0.1432,161.489,0
20.0251,41.781,7.022453587524069e-07,-0.156,0.1432,161.496,0
20.0264,41.781,7.022453587524069e-07,-0.156,0.1432,161.458,0
20.0277,41.781,7.022453587524069e-07,-0.156,0.1432,161.461,0
20.0289,41.781,7.022453587524069e-07,-0.156,0.1432,161.477,0
20.0304,41.781,7.022453587524069e-07,-0.156,0.1432,161.502,0
20.0318,41.781,7.022453587524069e-07,-0.156,0.1432,161.468,0
20.033,41.781,7.022453587524069e-07,-0.156,0.1432,161.488,0
20.0343,41.781,7.022453587524069e-07,-0.156,0.1432,161.508,0
20.0355,41.781,7.022453587524069e-07,-0.156,0.1432,161.48,0
20.0369,41.781,7.022453587524069e-07,-0.156,0.1432,161.465,0
20.0382,41.781,7.022453587524069e-07,-0.156,0.1432,161.507,0
20.0395,41.781,7.022453587524069e-07,-0.156,0.1432,161.473,0
20.0408,41.781,7.022453587524069e-07,-0.156,0.1432,161.492,0
20.042,41.781,7.022453587524069e-07,-0.156,0.1432,161.479,0
20.0433,41.781,7.022453587524069e-07,-0.156,0.1432,161.448,0
20.0446,41.781,7.022453587524069e-07,-0.156,0.1432,161.498,0
20.0459,41.781,7.022453587524069e-07,-0.156,0.1432,161.466,0
20.0472,41.781,7.022453587524069e-07,-0.156,0.1432,161.458,0
20.0485,41.781,7.022453587524069e-07,-0.156,0.1432,161.475,0
20.0497,41.781,7.022453587524069e-07,-0.156,0.1432,161.51,0
20.051,41.781,7.022453587524069e-07,-0.156,0.1432,161.468,0
20.0523,41.781,7.022453587524069e-07,-0.156,0.1432,161.49,0
20.0536,41.781,7.022453587524069e-07,-0.156,0.1432,161.457,0
20.0549,41.781,7.022453587524069e-07,-0.156,0.1432,161.492,0
20.0562,41.781,7.022453587524069e-07,-0.156,0.1432,161.494,0
20.0575,41.781,7.022453587524069e-07,-0.156,0.1432,161.489,0
20.0588,41.781,7.022453587524069e-07,-0.156,0.1432,161.496,0
20.0601,41.781,7.022453587524069e-07,-0.156,0.1432,161.474,0
20.0614,41.781,7.022453587524069e-07,-0.156,0.1432,161.489,0
20.0627,41.781,7.022453587524069e-07,-0.156,0.1432,161.466,0
20.064,41.781,7.022453587524069e-07,-0.156,0.1432,161.47,0
20.0652,41.781,7.022453587524069e-07,-0.156,0.1432,161.493,0
20.0666,41.781,7.022453587524069e-07,-0.156,0.1432,161.465,0
20.068,41.781,7.022453587524069e-07,-0.156,0.1432,161.504,0
20.0693,41.781,7.022453587524069e-07,-0.156,0.1432,161.461,0
20.0706,41.781,7.022453587524069e-07,-0.156,0.1432,161.492,0
20.072,41.781,7.022453587524069e-07,-0.156,0.1432,161.479,0
20.0733,41.781,7.022453587524069e-07,-0.156,0.1432,161.496,0
20.0747,41.781,7.022453587524069e-07,-0.156,0.1432,161.464,0
20.0761,41.781,7.022453587524069e-07,-0.156,0.1432,161.494,0
20.0773,41.781,7.022453587524069e-07,-0.156,0.1432,161.472,0
20.0787,41.781,7.022453587524069e-07,-0.156,0.1432,161.501,0
20.08,41.781,7.022453587524069e-07,-0.156,0.1432,161.496,0
20.0815,41.781,7.022453587524069e-07,-0.156,0.1432,161.455,0
20.0831,41.781,7.022453587524069e-07,-0.156,0.1432,161.48,0
20.0845,41.781,7.022453587524069e-07,-0.156,0.1432,161.503,0
20.0859,41.781,7.022453587524069e-07,-0.156,0.1432,161.484,0
20.0873,41.781,7.022453587524069e-07,-0.156,0.1432,161.469,0
20.0886,41.781,7.022453587524069e-07,-0.156,0.1432,161.476,0
20.0899,41.781,7.022453587524069e-07,-0.156,0.1432,161.443,0
20.0912,41.781,7.022453587524069e-07,-0.156,0.1432,161.475,0
20.0926,41.781,7.022453587524069e-07,-0.156,0.1432,161.506,0
20.0939,41.781,7.022453587524069e-07,-0.156,0.1432,161.502,0
20.0953,41.781,7.022453587524069e-07,-0.156,0.1432,161.456,0
20.0966,41.781,7.022453587524069e-07,-0.156,0.1432,161.5,0
20.098,41.781,7.022453587524069e-07,-0.156,0.1432,161.459,0
20.0993,41.781,7.022453587524069e-07,-0.156,0.1432,161.483,0
20.1007,41.781,7.022453587524069e-07,-0.156,0.1432,161.478,0
20.102,41.781,7.022453587524069e-07,-0.156,0.1432,161.444,0
20.1033,41.781,7.022453587524069e-07,-0.156,0.1432,161.475,0
20.1046,41.781,7.022453587524069e-07,-0.156,0.1432,161.463,0
20.106,41.781,7.022453587524069e-07,-0.156,0.1432,161.451,0
20.1074,41.781,7.022453587524069e-07,-0.156,0.1432,161.501,0
20.1088,41.781,7.022453587524069e-07,-0.156,0.1432,161.51,0
20.1102,41.781,7.022453587524069e-07,-0.156,0.1432,161.456,0
20.1116,41.781,7.022453587524069e-07,-0.156,0.1432,161.471,0
20.113,41.781,7.022453587524069e-07,-0.156,0.1432,161.494,0
20.1148,41.781,7.022453587524069e-07,-0.156,0.1432,161.507,0
20.1163,41.781,7.022453587524069e-07,-0.156,0.1432,161.474,0
20.118,41.781,7.022453587524069e-07,-0.156,0.1432,161.487,0
20.1192,41.781,7.022453587524069e-07,-0.156,0.1432,161.476,0
20.1205,41.781,7.022453587524069e-07,-0.156,0.1432,161.469,0
20.1219,41.781,7.022453587524069e-07,-0.156,0.1432,161.51,0
20.1232,41.781,7.022453587524069e-07,-0.156,0.1432,161.467,0
20.1245,41.781,7.022453587524069e-07,-0.156,0.1432,161.493,0
20.1257,41.781,7.022453587524069e-07,-0.156,0.1432,161.468,0
20.127,41.781,7.022453587524069e-07,-0.156,0.1432,161.45,0
20.1283,41.781,7.022453587524069e-07,-0.156,0.1432,161.455,0
20.1295,41.781,7.022453587524069e-07,-0.156,0.1432,161.459,0
20.1308,41.781,7.022453587524069e-07,-0.156,0.1432,161.458,0
20.1321,41.781,-3.063973053940572e-05,-0.166,0.1432,161.454,0
20.1334,41.781,-0.00021924251632299274,-0.226,0.1432,161.498,0
20.1347,41.781,-0.0002139168354915455,-0.224,0.1432,161.465,0
20.136,41.781,-0.0001659856498008594,-0.209,0.1432,161.493,0
20.1372,41.781,-0.00011370822176104411,-0.192,0.1432,161.493,0
20.1385,41.781,-7.606111466884613e-05,-0.18,0.1432,161.473,0
20.1398,41.781,-4.765744597534649e-05,-0.171,0.1432,161.454,0
20.141,41.781,-2.9293007173691876e-05,-0.165,0.1432,161.472,0
20.1423,41.781,-1.839677497628145e-05,-0.162,0.1432,161.465,0
20.1435,41.781,-1.147950388258323e-05,-0.159,0.1432,161.51,0
20.1449,41.781,-6.459890755650122e-06,-0.158,0.1432,161.47,0
20.1461,41.781,-3.827654381893808e-06,-0.157,0.1432,161.472,0
20.1474,41.781,-2.3584987047797767e-06,-0.157,0.1432,161.51,0
20.1487,41.781,-1.0117728379555047e-06,-0.156,0.1432,161.478,0
20.15,41.781,-2.1598027899472072e-07,-0.156,0.1432,161.499,0
20.1512,41.781,3.186057074344717e-05,-0.146,0.1432,161.463,0
20.1524,41.781,0.00022101429931353778,-0.085,0.1432,161.506,0
20.1537,41.781,0.0002185045013902709,-0.086,0.1432,161.474,0
20.158,41.781,0.00016683920694049448,-0.103,0.1432,161.467,0
20.1599,41.781,3.994093640358187e-05,-0.143,0.1432,161.45,0
20.1613,41.781,1.9984914615633897e-05,-0.149,0.1432,161.479,0
20.1626,41.781,1.0986342203977983e-05,-0.152,0.1432,161.491,0
20.164,41.781,6.4564469539618585e-06,-0.154,0.1432,161.458,0
20.1652,41.781,3.824210580205545e-06,-0.155,0.1432,161.48,0
20.1665,41.781,2.2326255475491052e-06,-0.155,0.1432,161.501,0
20.1681,41.781,7.634699841219117e-07,-0.156,0.1432,161.485,0
20.1693,41.781,2.889233563507787e-08,-0.156,0.1432,161.497,0
20.1707,41.781,-7.056852950881876e-07,-0.156,0.1432,161.492,0
20.172,41.781,-7.056852950881876e-07,-0.156,0.1432,161.487,0
20.1733,41.781,-7.056852950881876e-07,-0.156,0.1432,161.455,0
20.1745,41.781,-7.056852950881876e-07,-0.156,0.1432,161.462,0
20.1758,41.781,-7.056852950881876e-07,-0.156,0.1432,161.491,0
20.1771,41.781,-7.056852950881876e-07,-0.156,0.1432,161.495,0
20.1783,41.781,-7.056852950881876e-07,-0.156,0.1432,161.462,0
20.1796,41.781,-7.056852950881876e-07,-0.156,0.1432,161.459,0
20.1809,41.781,-7.056852950881876e-07,-0.156,0.1432,161.472,0
20.1821,41.781,-7.056852950881876e-07,-0.156,0.1432,161.46,0
20.1834,41.781,-7.056852950881876e-07,-0.156,0.1432,161.477,0
20.1846,41.781,-7.056852950881876e-07,-0.156,0.1432,161.506,0
20.1859,41.781,-7.056852950881876e-07,-0.156,0.1432,161.469,0
20.1872,41.781,-7.056852950881876e-07,-0.156,0.1432,161.441,0
20.1884,41.781,-7.056852950881876e-07,-0.156,0.1432,161.452,0
20.1897,41.781,-7.056852950881876e-07,-0.156,0.1432,161.49,0
