t_s,pos_deg,vel_rps,tau_cmd,rotor_phase,e1_deg,fault
0.0014,0.0,3.593514293243061e-06,-0.295,0.4532,201.785,0
0.0041,0.0,3.593514293243061e-06,-0.295,0.4532,201.768,0
0.0054,0.0,3.593514293243061e-06,-0.295,0.4532,201.792,0
0.0067,0.0,3.593514293243061e-06,-0.295,0.4532,201.793,0
0.008,0.0,3.593514293243061e-06,-0.295,0.4532,201.807,0
0.0093,0.0,3.593514293243061e-06,-0.295,0.4532,201.761,0
0.0105,0.0,3.593514293243061e-06,-0.295,0.4532,201.755,0
0.0118,0.0,3.593514293243061e-06,-0.295,0.4532,201.773,0
0.0132,0.0,3.593514293243061e-06,-0.295,0.4532,201.77,0
0.0144,0.0,3.593514293243061e-06,-0.295,0.4532,201.803,0
0.0157,0.0,3.593514293243061e-06,-0.295,0.4532,201.784,0
0.017,0.0,3.593514293243061e-06,-0.295,0.4532,201.823,0
0.0184,0.0,3.593514293243061e-06,-0.295,0.4532,201.778,0
0.0196,0.0,3.593514293243061e-06,-0.295,0.4532,201.747,0
0.0211,0.0,3.593514293243061e-06,-0.295,0.4532,201.785,0
0.0223,0.0,3.593514293243061e-06,-0.295,0.4532,201.781,0
0.0236,0.0,3.593514293243061e-06,-0.295,0.4532,201.774,0
0.0249,0.0,3.593514293243061e-06,-0.295,0.4532,201.785,0
0.0261,0.0,3.593514293243061e-06,-0.295,0.4532,201.797,0
0.0274,0.0,3.593514293243061e-06,-0.295,0.4532,201.806,0
0.0286,0.0,3.593514293243061e-06,-0.295,0.4532,201.745,0
0.0299,0.0,3.593514293243061e-06,-0.295,0.4532,201.808,0
0.0312,0.0,3.593514293243061e-06,-0.295,0.4532,201.742,0
0.0324,0.0,3.593514293243061e-06,-0.295,0.4532,201.759,0
0.0337,0.0,3.593514293243061e-06,-0.295,0.4532,201.795,0
0.035,0.0,3.593514293243061e-06,-0.295,0.4532,201.763,0
0.0362,0.0,3.593514293243061e-06,-0.295,0.4532,201.777,0
0.0375,0.0,3.593514293243061e-06,-0.295,0.4532,201.757,0
0.0387,0.0,-0.00012299868103582412,-0.312,0.4532,201.783,0
0.0401,0.0,-0.00022602317039854825,-0.325,0.4532,201.812,0
0.0413,0.0,-0.00019755828543566167,-0.322,0.4532,201.774,0
0.0427,0.0,-0.00014319959154818207,-0.314,0.4532,201.774,0
0.0441,0.0,-9.257495548808947e-05,-0.308,0.4532,201.798,0
0.0454,0.0,-5.8845598687184975e-05,-0.303,0.4532,201.792,0
0.0466,0.0,-3.576761810109019e-05,-0.3,0.4532,201.805,0
0.0479,0.0,-2.2177935534273274e-05,-0.299,0.4532,201.762,0
0.0491,0.0,-1.2628428521566093e-05,-0.297,0.4532,201.779,0
0.0504,0.0,-7.792459655320272e-06,-0.297,0.4532,201.785,0
0.0516,0.0,-4.242001523380168e-06,-0.296,0.4532,201.761,0
0.053,0.0,-1.7321945051662624e-06,-0.296,0.4532,201.789,0
0.0542,0.0,1.654643284609847e-07,-0.296,0.4532,201.771,0
0.0556,0.0,1.5121900105441455e-06,-0.296,0.4532,201.776,0
0.0569,0.0,2.369197318330407e-06,-0.296,0.4532,201.787,0
0.0582,0.0,3.164988129356061e-06,-0.295,0.4532,201.781,0
0.0595,0.0,3.59349087375449e-06,-0.295,0.4532,201.791,0
0.0607,0.0,3.59349087375449e-06,-0.295,0.4532,201.806,0
0.0621,0.0,3.59349087375449e-06,-0.295,0.4532,201.789,0
0.0634,0.0,3.59349087375449e-06,-0.295,0.4532,201.767,0
0.0646,0.0,3.59349087375449e-06,-0.295,0.4532,201.775,0
0.0659,0.0,3.59349087375449e-06,-0.295,0.4532,201.772,0
0.0673,0.0,3.59349087375449e-06,-0.295,0.4532,201.782,0
0.0685,0.0,3.59349087375449e-06,-0.295,0.4532,201.77,0
0.0698,0.0,3.59349087375449e-06,-0.295,0.4532,201.799,0
0.0711,0.0,3.59349087375449e-06,-0.295,0.4532,201.769,0
0.0725,0.0,3.59349087375449e-06,-0.295,0.4532,201.818,0
0.0739,0.0,3.59349087375449e-06,-0.295,0.4532,201.798,0
0.0754,0.0,3.59349087375449e-06,-0.295,0.4532,201.799,0
0.0768,0.0,3.59349087375449e-06,-0.295,0.4532,201.808,0
0.0781,0.0,3.59349087375449e-06,-0.295,0.4532,201.809,0
0.0794,0.0,3.59349087375449e-06,-0.295,0.4532,201.763,0
0.0807,0.0,3.59349087375449e-06,-0.295,0.4532,201.796,0
0.0822,0.0,3.59349087375449e-06,-0.295,0.4532,201.802,0
0.0835,0.0,3.59349087375449e-06,-0.295,0.4532,201.78,0
0.0848,0.0,3.59349087375449e-06,-0.295,0.4532,201.774,0
0.0861,0.0,3.59349087375449e-06,-0.295,0.4532,201.784,0
0.0874,0.0,3.59349087375449e-06,-0.295,0.4532,201.798,0
0.0887,0.0,3.59349087375449e-06,-0.295,0.4532,201.8,0
0.0899,0.0,3.59349087375449e-06,-0.295,0.4532,201.783,0
0.0912,0.0,3.59349087375449e-06,-0.295,0.4532,201.791,0
0.0925,0.0,3.59349087375449e-06,-0.295,0.4532,201.764,0
0.0939,0.0,3.59349087375449e-06,-0.295,0.4532,201.797,0
0.0951,0.0,3.59349087375449e-06,-0.295,0.4532,201.78,0
0.0964,0.0,3.59349087375449e-06,-0.295,0.4532,201.791,0
0.0977,0.0,3.59349087375449e-06,-0.295,0.4532,201.801,0
0.0991,0.0,3.59349087375449e-06,-0.295,0.4532,201.844,0
0.1004,0.0,3.59349087375449e-06,-0.295,0.4532,201.777,0
0.1016,0.0,3.59349087375449e-06,-0.295,0.4532,201.786,0
0.1029,0.0,3.59349087375449e-06,-0.295,0.4532,201.806,0
0.1042,0.0,3.59349087375449e-06,-0.295,0.4532,201.8,0
0.1055,0.0,3.59349087375449e-06,-0.295,0.4532,201.78,0
0.1068,0.0,3.59349087375449e-06,-0.295,0.4532,201.798,0
0.1081,0.0,3.59349087375449e-06,-0.295,0.4532,201.788,0
0.1094,0.0,3.59349087375449e-06,-0.295,0.4532,201.777,0
0.1106,0.0,3.59349087375449e-06,-0.295,0.4532,201.76,0
0.1122,0.0,3.59349087375449e-06,-0.295,0.4532,201.804,0
0.1135,0.0,3.59349087375449e-06,-0.295,0.4532,201.768,0
0.1148,0.0,3.59349087375449e-06,-0.295,0.4532,201.794,0
0.1162,0.0,3.59349087375449e-06,-0.295,0.4532,201.76,0
0.1175,0.0,3.59349087375449e-06,-0.295,0.4532,201.832,0
0.1188,0.0,3.59349087375449e-06,-0.295,0.4532,201.797,0
0.1202,0.0,3.59349087375449e-06,-0.295,0.4532,201.769,0
0.1214,0.0,3.59349087375449e-06,-0.295,0.4532,201.746,0
0.1226,0.0,3.59349087375449e-06,-0.295,0.4532,201.781,0
0.124,0.0,3.59349087375449e-06,-0.295,0.4532,201.795,0
0.1252,0.0,3.59349087375449e-06,-0.295,0.4532,201.753,0
0.1266,0.0,3.59349087375449e-06,-0.295,0.4532,201.777,0
0.1283,0.0,3.59349087375449e-06,-0.295,0.4532,201.796,0
0.1296,0.0,3.59349087375449e-06,-0.295,0.4532,201.819,0
0.1308,0.0,3.59349087375449e-06,-0.295,0.4532,201.763,0
0.1321,0.0,3.59349087375449e-06,-0.295,0.4532,201.803,0
0.1334,0.0,3.59349087375449e-06,-0.295,0.4532,201.773,0
0.1346,0.0,3.59349087375449e-06,-0.295,0.4532,201.764,0
0.1359,0.0,3.59349087375449e-06,-0.295,0.4532,201.81,0
0.1373,0.0,3.59349087375449e-06,-0.295,0.4532,201.779,0
0.1386,0.0,3.59349087375449e-06,-0.295,0.4532,201.745,0
0.1399,0.0,3.59349087375449e-06,-0.295,0.4532,201.776,0
0.1411,0.0,3.59349087375449e-06,-0.295,0.4532,201.784,0
0.1426,0.0,3.59349087375449e-06,-0.295,0.4532,201.817,0
0.1443,0.0,3.59349087375449e-06,-0.295,0.4532,201.81,0
0.1457,0.0,3.59349087375449e-06,-0.295,0.4532,201.757,0
0.1471,0.0,3.59349087375449e-06,-0.295,0.4532,201.802,0
0.1484,0.0,3.59349087375449e-06,-0.295,0.4532,201.79,0
0.1498,0.0,3.59349087375449e-06,-0.295,0.4532,201.802,0
0.1512,0.0,3.59349087375449e-06,-0.295,0.4532,201.769,0
0.1524,0.0,3.59349087375449e-06,-0.295,0.4532,201.794,0
0.1539,0.0,3.59349087375449e-06,-0.295,0.4532,201.789,0
0.1552,0.0,3.59349087375449e-06,-0.295,0.4532,201.821,0
0.1565,0.0,3.59349087375449e-06,-0.295,0.4532,201.788,0
0.1578,0.0,3.59349087375449e-06,-0.295,0.4532,201.773,0
0.159,0.0,3.59349087375449e-06,-0.295,0.4532,201.814,0
0.1602,0.0,3.59349087375449e-06,-0.295,0.4532,201.755,0
0.1615,0.0,3.59349087375449e-06,-0.295,0.4532,201.785,0
0.1628,0.0,3.59349087375449e-06,-0.295,0.4532,201.784,0
0.164,0.0,3.59349087375449e-06,-0.295,0.4532,201.747,0
0.1652,0.0,3.59349087375449e-06,-0.295,0.4532,201.798,0
0.1665,0.0,3.59349087375449e-06,-0.295,0.4532,201.782,0
0.1678,0.0,3.59349087375449e-06,-0.295,0.4532,201.763,0
0.1691,0.0,3.59349087375449e-06,-0.295,0.4532,201.813,0
0.1704,0.0,3.59349087375449e-06,-0.295,0.4532,201.756,0
0.1716,0.0,3.59349087375449e-06,-0.295,0.4532,201.79,0
0.1728,0.0,3.59349087375449e-06,-0.295,0.4532,201.805,0
0.1741,0.0,3.59349087375449e-06,-0.295,0.4532,201.783,0
0.1753,0.0,3.59349087375449e-06,-0.295,0.4532,201.771,0
0.1765,0.0,3.59349087375449e-06,-0.295,0.4532,201.785,0
0.1778,0.0,3.59349087375449e-06,-0.295,0.4532,201.783,0
0.1791,0.0,3.59349087375449e-06,-0.295,0.4532,201.79,0
0.1803,0.0,3.59349087375449e-06,-0.295,0.4532,201.806,0
0.1815,0.0,-5.578486161539331e-05,-0.303,0.4532,201.778,0
0.1829,0.0,-0.000220391433686018,-0.325,0.4532,201.813,0
0.1841,0.0,-0.0002118825796060264,-0.323,0.4532,201.804,0
0.1854,0.0,-0.000159911229275167,-0.317,0.4532,201.762,0
0.1867,0.0,-0.00011240856110816821,-0.31,0.4532,201.766,0
0.188,0.0,-7.04764315742068e-05,-0.305,0.4532,201.786,0
0.1893,0.0,-4.3419488065410405e-05,-0.301,0.4532,201.782,0
0.1906,0.0,-2.6156914827879518e-05,-0.299,0.4532,201.802,0
0.1918,0.0,-1.56891874212306e-05,-0.298,0.4532,201.805,0
0.1931,0.0,-9.628921361581888e-06,-0.297,0.4532,201.81,0
0.1943,0.0,-5.4663164519297425e-06,-0.297,0.4532,201.785,0
0.1956,0.0,-2.6504351353651145e-06,-0.296,0.4532,201.796,0
0.1969,0.0,-5.691318278877588e-07,-0.296,0.4532,201.794,0
0.1981,0.0,1.0224529205515864e-06,-0.296,0.4532,201.759,0
0.1993,0.0,1.94067501979589e-06,-0.296,0.4532,201.779,0
0.2006,0.0,2.675252289918717e-06,-0.295,0.4532,201.785,0
0.2019,0.0,3.4710428735706955e-06,-0.295,0.4532,201.773,0
0.2031,0.0,3.593472229113104e-06,-0.295,0.4532,201.81,0
0.2044,0.0,3.593472229113104e-06,-0.295,0.4532,201.77,0
0.2057,0.0,3.593472229113104e-06,-0.295,0.4532,201.779,0
0.207,0.0,3.593472229113104e-06,-0.295,0.4532,201.799,0
0.2083,0.0,3.593472229113104e-06,-0.295,0.4532,201.786,0
0.2096,0.0,3.593472229113104e-06,-0.295,0.4532,201.787,0
0.2109,0.0,3.593472229113104e-06,-0.295,0.4532,201.766,0
0.2124,0.0,3.593472229113104e-06,-0.295,0.4532,201.772,0
0.2137,0.0,3.593472229113104e-06,-0.295,0.4532,201.762,0
0.2149,0.0,3.593472229113104e-06,-0.295,0.4532,201.825,0
0.2164,0.0,3.593472229113104e-06,-0.295,0.4532,201.774,0
0.2177,0.0,3.593472229113104e-06,-0.295,0.4532,201.791,0
0.2189,0.0,3.593472229113104e-06,-0.295,0.4532,201.83,0
0.2202,0.0,3.593472229113104e-06,-0.295,0.4532,201.755,0
0.2214,0.0,3.593472229113104e-06,-0.295,0.4532,201.776,0
0.2226,0.0,3.593472229113104e-06,-0.295,0.4532,201.782,0
0.224,0.0,3.593472229113104e-06,-0.295,0.4532,201.763,0
0.2253,0.0,3.593472229113104e-06,-0.295,0.4532,201.768,0
0.2265,0.0,3.593472229113104e-06,-0.295,0.4532,201.76,0
0.2278,0.0,3.593472229113104e-06,-0.295,0.4532,201.806,0
0.2291,0.0,3.593472229113104e-06,-0.295,0.4532,201.791,0
0.2303,0.0,3.593472229113104e-06,-0.295,0.4532,201.771,0
0.2316,0.0,3.593472229113104e-06,-0.295,0.4532,201.788,0
0.2329,0.0,3.593472229113104e-06,-0.295,0.4532,201.79,0
0.2342,0.0,3.593472229113104e-06,-0.295,0.4532,201.782,0
0.2354,0.0,3.593472229113104e-06,-0.295,0.4532,201.808,0
0.2366,0.0,3.593472229113104e-06,-0.295,0.4532,201.806,0
0.2379,0.0,3.593472229113104e-06,-0.295,0.4532,201.798,0
0.2391,0.0,3.593472229113104e-06,-0.295,0.4532,201.783,0
0.2404,0.0,3.593472229113104e-06,-0.295,0.4532,201.789,0
0.2418,0.0,3.593472229113104e-06,-0.295,0.4532,201.794,0
0.2431,0.0,3.593472229113104e-06,-0.295,0.4532,201.792,0
0.2443,0.0,3.593472229113104e-06,-0.295,0.4532,201.792,0
0.2456,0.0,3.593472229113104e-06,-0.295,0.4532,201.788,0
0.2469,0.0,3.593472229113104e-06,-0.295,0.4532,201.765,0
0.2482,0.0,3.593472229113104e-06,-0.295,0.4532,201.784,0
0.2494,0.0,3.593472229113104e-06,-0.295,0.4532,201.771,0
0.2508,0.0,3.593472229113104e-06,-0.295,0.4532,201.777,0
0.2521,0.0,0.00021894712699577212,-0.267,0.4532,201.815,0
0.2534,0.0,0.00022059994807932526,-0.267,0.4532,201.764,0
0.2546,0.0,0.00016826130740810186,-0.274,0.4532,201.793,0
0.2559,0.0,0.00011886095308000222,-0.28,0.4532,201.776,0
0.2572,0.0,7.729611388640478e-05,-0.286,0.4532,201.783,0
0.2585,0.0,4.7851794079178944e-05,-0.29,0.4532,201.809,0
0.2596,0.0,2.9793429348501377e-05,-0.292,0.4532,201.786,0
0.261,0.0,1.7489255697000772e-05,-0.294,0.4532,201.779,0
0.2622,0.0,1.0633199053700082e-05,-0.294,0.4532,201.779,0
0.2635,0.0,6.4705941440479364e-06,-0.295,0.4532,201.75,0
0.2648,0.0,3.164994268445298e-06,-0.295,0.4532,201.768,0
0.2661,0.0,9.000468708109111e-07,-0.296,0.4532,201.774,0
0.2673,0.0,-6.915378207850154e-07,-0.296,0.4532,201.817,0
0.2685,0.0,-1.79340452177712e-06,-0.296,0.4532,201.822,0
0.2698,0.0,-2.5279819055867847e-06,-0.296,0.4532,201.754,0
0.2712,0.0,-3.3237727166124387e-06,-0.296,0.4532,201.788,0
0.2725,0.0,-3.56863120032358e-06,-0.296,0.4532,201.768,0
0.2738,0.0,-3.56863120032358e-06,-0.296,0.4532,201.789,0
0.2751,0.0,-3.56863120032358e-06,-0.296,0.4532,201.815,0
0.2763,0.0,-3.56863120032358e-06,-0.296,0.4532,201.75,0
0.2775,0.0,-3.56863120032358e-06,-0.296,0.4532,201.786,0
0.2787,0.0,-3.56863120032358e-06,-0.296,0.4532,201.775,0
0.28,0.0,-3.56863120032358e-06,-0.296,0.4532,201.746,0
0.2813,0.0,-3.56863120032358e-06,-0.296,0.4532,201.765,0
0.2826,0.0,-3.56863120032358e-06,-0.296,0.4532,201.77,0
0.2839,0.0,-3.56863120032358e-06,-0.296,0.4532,201.803,0
0.2851,0.0,-3.56863120032358e-06,-0.296,0.4532,201.798,0
0.2863,0.0,-3.56863120032358e-06,-0.296,0.4532,201.763,0
0.2876,0.0,-3.56863120032358e-06,-0.296,0.4532,201.814,0
0.2888,0.0,-3.56863120032358e-06,-0.296,0.4532,201.808,0
0.2901,0.0,-3.56863120032358e-06,-0.296,0.4532,201.769,0
0.2914,0.0,-3.56863120032358e-06,-0.296,0.4532,201.781,0
0.2927,0.0,-3.56863120032358e-06,-0.296,0.4532,201.79,0
0.2938,0.0,-3.56863120032358e-06,-0.296,0.4532,201.755,0
0.2951,0.0,-3.56863120032358e-06,-0.296,0.4532,201.78,0
0.2963,0.0,-3.56863120032358e-06,-0.296,0.4532,201.778,0
0.2976,0.0,-3.56863120032358e-06,-0.296,0.4532,201.784,0
0.2989,0.0,-3.56863120032358e-06,-0.296,0.4532,201.777,0
0.3002,0.0,-3.56863120032358e-06,-0.296,0.4532,201.744,0
0.3014,0.0,-3.56863120032358e-06,-0.296,0.4532,201.799,0
0.3026,0.0,-3.56863120032358e-06,-0.296,0.4532,201.808,0
0.3039,0.0,-3.56863120032358e-06,-0.296,0.4532,201.758,0
0.3052,0.0,-3.56863120032358e-06,-0.296,0.4532,201.803,0
0.3065,0.0,-3.56863120032358e-06,-0.296,0.4532,201.762,0
0.3079,0.0,-3.56863120032358e-06,-0.296,0.4532,201.792,0
0.3093,0.0,-3.56863120032358e-06,-0.296,0.4532,201.761,0
0.3105,0.0,-3.56863120032358e-06,-0.296,0.4532,201.772,0
0.3117,0.0,-3.56863120032358e-06,-0.296,0.4532,201.785,0
0.313,0.0,-3.56863120032358e-06,-0.296,0.4532,201.767,0
0.3143,0.0,-3.56863120032358e-06,-0.296,0.4532,201.792,0
0.3155,0.0,-3.56863120032358e-06,-0.296,0.4532,201.796,0
0.3167,0.0,-3.56863120032358e-06,-0.296,0.4532,201.795,0
0.3181,0.0,-3.56863120032358e-06,-0.296,0.4532,201.787,0
0.3193,0.0,-3.56863120032358e-06,-0.296,0.4532,201.794,0
0.3205,0.0,-3.56863120032358e-06,-0.296,0.4532,201.764,0
0.3218,0.0,-3.56863120032358e-06,-0.296,0.4532,201.798,0
0.3231,0.0,-3.56863120032358e-06,-0.296,0.4532,201.768,0
0.3243,0.0,-3.56863120032358e-06,-0.296,0.4532,201.77,0
0.3255,0.0,-3.56863120032358e-06,-0.296,0.4532,201.804,0
0.3267,0.0,-3.56863120032358e-06,-0.296,0.4532,201.812,0
0.3279,0.0,-3.56863120032358e-06,-0.296,0.4532,201.792,0
0.3292,0.0,-3.56863120032358e-06,-0.296,0.4532,201.799,0
0.3304,0.0,-3.56863120032358e-06,-0.296,0.4532,201.779,0
0.3316,0.0,-3.56863120032358e-06,-0.296,0.4532,201.769,0
0.3329,0.0,-3.56863120032358e-06,-0.296,0.4532,201.767,0
0.3341,0.0,-3.56863120032358e-06,-0.296,0.4532,201.776,0
0.3353,0.0,-3.56863120032358e-06,-0.296,0.4532,201.767,0
0.3365,0.0,-3.56863120032358e-06,-0.296,0.4532,201.78,0
0.3377,0.0,-3.56863120032358e-06,-0.296,0.4532,201.773,0
0.3391,0.0,-3.56863120032358e-06,-0.296,0.4532,201.765,0
0.3403,0.0,-3.56863120032358e-06,-0.296,0.4532,201.772,0
0.3415,0.0,-3.56863120032358e-06,-0.296,0.4532,201.771,0
0.3427,0.0,-3.56863120032358e-06,-0.296,0.4532,201.792,0
0.3439,0.0,-3.56863120032358e-06,-0.296,0.4532,201.808,0
0.3452,0.0,-3.56863120032358e-06,-0.296,0.4532,201.813,0
0.3464,0.0,-3.56863120032358e-06,-0.296,0.4532,201.759,0
0.3476,0.0,-3.56863120032358e-06,-0.296,0.4532,201.798,0
0.3489,0.0,-3.56863120032358e-06,-0.296,0.4532,201.788,0
0.3501,0.0,-3.56863120032358e-06,-0.296,0.4532,201.781,0
0.3513,0.0,-3.56863120032358e-06,-0.296,0.4532,201.783,0
0.3528,0.0,-3.56863120032358e-06,-0.296,0.4532,201.774,0
0.3541,0.0,-3.56863120032358e-06,-0.296,0.4532,201.802,0
0.3553,0.0,-3.56863120032358e-06,-0.296,0.4532,201.771,0
0.3565,0.0,-3.56863120032358e-06,-0.296,0.4532,201.749,0
0.3577,0.0,-3.56863120032358e-06,-0.296,0.4532,201.782,0
0.3591,0.0,-3.56863120032358e-06,-0.296,0.4532,201.796,0
0.3603,0.0,-3.56863120032358e-06,-0.296,0.4532,201.778,0
0.3615,0.0,-3.56863120032358e-06,-0.296,0.4532,201.818,0
0.3628,0.0,-3.56863120032358e-06,-0.296,0.4532,201.765,0
0.3641,0.0,-3.56863120032358e-06,-0.296,0.4532,201.789,0
0.3654,0.0,-3.56863120032358e-06,-0.296,0.4532,201.782,0
0.3666,0.0,-3.56863120032358e-06,-0.296,0.4532,201.742,0
0.3679,0.0,-3.56863120032358e-06,-0.296,0.4532,201.782,0
0.3691,0.0,-3.56863120032358e-06,-0.296,0.4532,201.76,0
0.3704,0.0,-3.56863120032358e-06,-0.296,0.4532,201.781,0
0.3717,0.0,-3.56863120032358e-06,-0.296,0.4532,201.778,0
0.3731,0.0,-3.56863120032358e-06,-0.296,0.4532,201.785,0
0.3743,0.0,-3.56863120032358e-06,-0.296,0.4532,201.82,0
0.3755,0.0,-3.56863120032358e-06,-0.296,0.4532,201.78,0
0.3768,0.0,-3.56863120032358e-06,-0.296,0.4532,201.743,0
0.3781,0.0,-3.56863120032358e-06,-0.296,0.4532,201.786,0
0.3793,0.0,-3.56863120032358e-06,-0.296,0.4532,201.782,0
0.3805,0.0,-3.56863120032358e-06,-0.296,0.4532,201.753,0
0.3817,0.0,-3.56863120032358e-06,-0.296,0.4532,201.8,0
0.3831,0.0,-3.56863120032358e-06,-0.296,0.4532,201.788,0
0.3843,0.0,-3.56863120032358e-06,-0.296,0.4532,201.783,0
0.3856,0.0,-3.56863120032358e-06,-0.296,0.4532,201.779,0
0.3869,0.0,-3.56863120032358e-06,-0.296,0.4532,201.776,0
0.3881,0.0,-3.56863120032358e-06,-0.296,0.4532,201.792,0
0.3893,0.0,-3.56863120032358e-06,-0.296,0.4532,201.772,0
0.3906,0.0,-3.56863120032358e-06,-0.296,0.4532,201.754,0
0.3921,0.0,-3.56863120032358e-06,-0.296,0.4532,201.796,0
0.3934,0.0,-3.56863120032358e-06,-0.296,0.4532,201.792,0
0.3947,0.0,-3.56863120032358e-06,-0.296,0.4532,201.807,0
0.3961,0.0,-3.56863120032358e-06,-0.296,0.4532,201.754,0
0.3973,0.0,-3.56863120032358e-06,-0.296,0.4532,201.784,0
0.3986,0.0,-3.56863120032358e-06,-0.296,0.4532,201.779,0
0.4,0.0,-3.56863120032358e-06,-0.296,0.4532,201.805,0
0.4012,0.0,-3.56863120032358e-06,-0.296,0.4532,201.796,0
0.4025,0.0,-3.56863120032358e-06,-0.296,0.4532,201.775,0
0.4037,0.0,-3.56863120032358e-06,-0.296,0.4532,201.793,0
0.405,0.0,-3.56863120032358e-06,-0.296,0.4532,201.78,0
0.4063,0.0,-3.56863120032358e-06,-0.296,0.4532,201.773,0
0.4077,0.0,-3.56863120032358e-06,-0.296,0.4532,201.807,0
0.4091,0.0,-3.56863120032358e-06,-0.296,0.4532,201.797,0
0.4103,0.0,-3.56863120032358e-06,-0.296,0.4532,201.782,0
0.4116,0.0,-3.56863120032358e-06,-0.296,0.4532,201.749,0
0.413,0.0,-3.56863120032358e-06,-0.296,0.4532,201.782,0
0.4142,0.0,-3.56863120032358e-06,-0.296,0.4532,201.771,0
0.4155,0.0,-3.56863120032358e-06,-0.296,0.4532,201.763,0
0.4169,0.0,-3.56863120032358e-06,-0.296,0.4532,201.781,0
0.4182,0.0,-3.56863120032358e-06,-0.296,0.4532,201.763,0
0.4195,0.0,-3.56863120032358e-06,-0.296,0.4532,201.799,0
0.4208,0.0,-3.56863120032358e-06,-0.296,0.4532,201.785,0
0.4222,0.0,-3.56863120032358e-06,-0.296,0.4532,201.781,0
0.4234,0.0,-3.56863120032358e-06,-0.296,0.4532,201.783,0
0.4247,0.0,-3.56863120032358e-06,-0.296,0.4532,201.777,0
0.426,0.0,-3.56863120032358e-06,-0.296,0.4532,201.78,0
0.4273,0.0,-3.56863120032358e-06,-0.296,0.4532,201.755,0
0.4286,0.0,-3.56863120032358e-06,-0.296,0.4532,201.801,0
0.4299,0.0,-3.56863120032358e-06,-0.296,0.4532,201.749,0
0.4312,0.0,-3.56863120032358e-06,-0.296,0.4532,201.758,0
0.4324,0.0,-3.56863120032358e-06,-0.296,0.4532,201.801,0
0.4336,0.0,-3.56863120032358e-06,-0.296,0.4532,201.773,0
0.4349,0.0,-3.56863120032358e-06,-0.296,0.4532,201.778,0
0.4362,0.0,-3.56863120032358e-06,-0.296,0.4532,201.787,0
0.4375,0.0,-3.56863120032358e-06,-0.296,0.4532,201.789,0
0.4388,0.0,-3.56863120032358e-06,-0.296,0.4532,201.819,0
0.4401,0.0,-3.56863120032358e-06,-0.296,0.4532,201.76,0
0.4414,0.0,-3.56863120032358e-06,-0.296,0.4532,201.777,0
0.4427,0.0,-3.56863120032358e-06,-0.296,0.4532,201.809,0
0.4441,0.0,-3.56863120032358e-06,-0.296,0.4532,201.783,0
0.4453,0.0,-3.56863120032358e-06,-0.296,0.4532,201.817,0
0.4465,0.0,-3.56863120032358e-06,-0.296,0.4532,201.778,0
0.4477,0.0,-3.56863120032358e-06,-0.296,0.4532,201.807,0
0.449,0.0,-3.56863120032358e-06,-0.296,0.4532,201.819,0
0.4502,0.0,-3.56863120032358e-06,-0.296,0.4532,201.754,0
0.4515,0.0,-3.56863120032358e-06,-0.296,0.4532,201.81,0
0.4527,0.0,-3.56863120032358e-06,-0.296,0.4532,201.794,0
0.454,0.0,-3.56863120032358e-06,-0.296,0.4532,201.789,0
0.4553,0.0,-3.56863120032358e-06,-0.296,0.4532,201.791,0
0.4565,0.0,-3.56863120032358e-06,-0.296,0.4532,201.785,0
0.4578,0.0,-3.56863120032358e-06,-0.296,0.4532,201.775,0
0.4591,0.0,-3.56863120032358e-06,-0.296,0.4532,201.792,0
0.4603,0.0,-3.56863120032358e-06,-0.296,0.4532,201.746,0
0.4615,0.0,-3.56863120032358e-06,-0.296,0.4532,201.782,0
0.4628,0.0,-3.56863120032358e-06,-0.296,0.4532,201.805,0
0.4642,0.0,-3.56863120032358e-06,-0.296,0.4532,201.764,0
0.4654,0.0,-3.56863120032358e-06,-0.296,0.4532,201.795,0
0.4667,0.0,-3.56863120032358e-06,-0.296,0.4532,201.765,0
0.4681,0.0,-3.56863120032358e-06,-0.296,0.4532,201.774,0
0.4693,0.0,-3.56863120032358e-06,-0.296,0.4532,201.792,0
0.4707,0.0,-3.56863120032358e-06,-0.296,0.4532,201.754,0
0.472,0.0,-3.56863120032358e-06,-0.296,0.4532,201.775,0
0.4733,0.0,-3.56863120032358e-06,-0.296,0.4532,201.761,0
0.4746,0.0,-3.56863120032358e-06,-0.296,0.4532,201.782,0
0.4759,0.0,-3.56863120032358e-06,-0.296,0.4532,201.819,0
0.4772,0.0,-3.56863120032358e-06,-0.296,0.4532,201.813,0
0.4785,0.0,-3.56863120032358e-06,-0.296,0.4532,201.81,0
0.4797,0.0,-3.56863120032358e-06,-0.296,0.4532,201.785,0
0.4811,0.0,-3.56863120032358e-06,-0.296,0.4532,201.787,0
0.4824,0.0,-3.56863120032358e-06,-0.296,0.4532,201.803,0
0.4837,0.0,-3.56863120032358e-06,-0.296,0.4532,201.809,0
0.4851,0.0,-3.56863120032358e-06,-0.296,0.4532,201.795,0
0.4863,0.0,-3.56863120032358e-06,-0.296,0.4532,201.753,0
0.4876,0.0,-3.56863120032358e-06,-0.296,0.4532,201.807,0
0.4888,0.0,-3.56863120032358e-06,-0.296,0.4532,201.776,0
0.4901,0.0,-3.56863120032358e-06,-0.296,0.4532,201.778,0
0.4913,0.0,-3.56863120032358e-06,-0.296,0.4532,201.804,0
0.4925,0.0,-3.56863120032358e-06,-0.296,0.4532,201.772,0
0.4938,0.0,-3.56863120032358e-06,-0.296,0.4532,201.796,0
0.495,0.0,-3.56863120032358e-06,-0.296,0.4532,201.806,0
0.4962,0.0,-3.56863120032358e-06,-0.296,0.4532,201.751,0
0.4974,0.0,-3.56863120032358e-06,-0.296,0.4532,201.83,0
0.4987,0.0,-3.56863120032358e-06,-0.296,0.4532,201.786,0
0.5001,0.0,-3.56863120032358e-06,-0.296,0.4532,201.779,0
0.5013,0.0,-3.56863120032358e-06,-0.296,0.4532,201.782,0
0.5025,0.0,-3.56863120032358e-06,-0.296,0.4532,201.769,0
0.5038,0.0,-3.56863120032358e-06,-0.296,0.4532,201.799,0
0.5052,0.0,-3.56863120032358e-06,-0.296,0.4532,201.781,0
0.5064,0.0,-3.56863120032358e-06,-0.296,0.4532,201.773,0
0.5076,0.0,-3.56863120032358e-06,-0.296,0.4532,201.773,0
0.5089,0.0,-3.56863120032358e-06,-0.296,0.4532,201.802,0
0.5101,0.0,-3.56863120032358e-06,-0.296,0.4532,201.782,0
0.5113,0.0,-3.56863120032358e-06,-0.296,0.4532,201.76,0
0.5125,0.0,-3.56863120032358e-06,-0.296,0.4532,201.802,0
0.5138,0.0,-3.56863120032358e-06,-0.296,0.4532,201.763,0
0.515,0.0,-3.56863120032358e-06,-0.296,0.4532,201.748,0
0.5162,0.0,-3.56863120032358e-06,-0.296,0.4532,201.787,0
0.5175,0.0,-3.56863120032358e-06,-0.296,0.4532,201.771,0
0.5187,0.0,-3.56863120032358e-06,-0.296,0.4532,201.822,0
0.5201,0.0,-3.56863120032358e-06,-0.296,0.4532,201.788,0
0.5213,0.0,-3.56863120032358e-06,-0.296,0.4532,201.769,0
0.5225,0.0,-3.56863120032358e-06,-0.296,0.4532,201.792,0
0.5237,0.0,-3.56863120032358e-06,-0.296,0.4532,201.781,0
0.5251,0.0,-3.56863120032358e-06,-0.296,0.4532,201.78,0
0.5263,0.0,-3.56863120032358e-06,-0.296,0.4532,201.776,0
0.5275,0.0,-3.56863120032358e-06,-0.296,0.4532,201.767,0
0.5289,0.0,-3.56863120032358e-06,-0.296,0.4532,201.823,0
0.5302,0.0,-3.56863120032358e-06,-0.296,0.4532,201.8,0
0.5315,0.0,-3.56863120032358e-06,-0.296,0.4532,201.775,0
0.5327,0.0,-3.56863120032358e-06,-0.296,0.4532,201.771,0
0.534,0.0,-3.56863120032358e-06,-0.296,0.4532,201.777,0
0.5352,0.0,-3.56863120032358e-06,-0.296,0.4532,201.787,0
0.5365,0.0,-3.56863120032358e-06,-0.296,0.4532,201.765,0
0.5377,0.0,-3.56863120032358e-06,-0.296,0.4532,201.775,0
0.5391,0.0,-3.56863120032358e-06,-0.296,0.4532,201.786,0
0.5404,0.0,-3.56863120032358e-06,-0.296,0.4532,201.779,0
0.5417,0.0,-3.56863120032358e-06,-0.296,0.4532,201.794,0
0.5431,0.0,-3.56863120032358e-06,-0.296,0.4532,201.787,0
0.5443,0.0,-3.56863120032358e-06,-0.296,0.4532,201.78,0
0.5455,0.0,-3.56863120032358e-06,-0.296,0.4532,201.8,0
0.5467,0.0,-3.56863120032358e-06,-0.296,0.4532,201.793,0
0.548,0.0,-3.56863120032358e-06,-0.296,0.4532,201.796,0
0.5493,0.0,-3.56863120032358e-06,-0.296,0.4532,201.778,0
0.5506,0.0,-3.56863120032358e-06,-0.296,0.4532,201.779,0
0.5518,0.0,-3.56863120032358e-06,-0.296,0.4532,201.783,0
0.5534,0.0,-3.56863120032358e-06,-0.296,0.4532,201.744,0
0.5545,0.0,-3.56863120032358e-06,-0.296,0.4532,201.782,0
0.5558,0.0,-3.56863120032358e-06,-0.296,0.4532,201.783,0
0.5571,0.0,-3.56863120032358e-06,-0.296,0.4532,201.791,0
0.5584,0.0,-3.56863120032358e-06,-0.296,0.4532,201.807,0
0.5596,0.0,-3.56863120032358e-06,-0.296,0.4532,201.776,0
0.5608,0.0,-3.56863120032358e-06,-0.296,0.4532,201.768,0
0.5621,0.0,-3.56863120032358e-06,-0.296,0.4532,201.819,0
0.5633,0.0,-3.56863120032358e-06,-0.296,0.4532,201.749,0
0.5645,0.0,-3.56863120032358e-06,-0.296,0.4532,201.77,0
0.5658,0.0,-3.56863120032358e-06,-0.296,0.4532,201.793,0
0.567,0.0,-3.56863120032358e-06,-0.296,0.4532,201.765,0
0.5682,0.0,-3.56863120032358e-06,-0.296,0.4532,201.777,0
0.5695,0.0,-3.56863120032358e-06,-0.296,0.4532,201.778,0
0.5708,0.0,-3.56863120032358e-06,-0.296,0.4532,201.781,0
0.572,0.0,-3.56863120032358e-06,-0.296,0.4532,201.771,0
0.5734,0.0,-3.56863120032358e-06,-0.296,0.4532,201.788,0
0.5748,0.0,-3.56863120032358e-06,-0.296,0.4532,201.794,0
0.576,0.0,-3.56863120032358e-06,-0.296,0.4532,201.775,0
0.5773,0.0,-3.56863120032358e-06,-0.296,0.4532,201.777,0
0.5785,0.0,-3.56863120032358e-06,-0.296,0.4532,201.792,0
0.5798,0.0,-3.56863120032358e-06,-0.296,0.4532,201.785,0
0.5811,0.0,-3.56863120032358e-06,-0.296,0.4532,201.756,0
0.5823,0.0,-3.56863120032358e-06,-0.296,0.4532,201.782,0
0.5835,0.0,-3.56863120032358e-06,-0.296,0.4532,201.767,0
0.5848,0.0,-3.56863120032358e-06,-0.296,0.4532,201.77,0
0.5861,0.0,-3.56863120032358e-06,-0.296,0.4532,201.793,0
0.5873,0.0,-3.56863120032358e-06,-0.296,0.4532,201.776,0
0.5885,0.0,-3.56863120032358e-06,-0.296,0.4532,201.764,0
0.5898,0.0,-3.56863120032358e-06,-0.296,0.4532,201.8,0
0.5911,0.0,-3.56863120032358e-06,-0.296,0.4532,201.79,0
0.5923,0.0,-3.56863120032358e-06,-0.296,0.4532,201.798,0
0.5935,0.0,-3.56863120032358e-06,-0.296,0.4532,201.775,0
0.5946,0.0,-3.56863120032358e-06,-0.296,0.4532,201.761,0
0.5958,0.0,-3.56863120032358e-06,-0.296,0.4532,201.759,0
0.5971,0.0,-3.56863120032358e-06,-0.296,0.4532,201.826,0
0.5983,0.0,-3.56863120032358e-06,-0.296,0.4532,201.772,0
0.5996,0.0,-3.56863120032358e-06,-0.296,0.4532,201.769,0
0.6009,0.0,-3.56863120032358e-06,-0.296,0.4532,201.807,0
0.6021,0.0,-3.56863120032358e-06,-0.296,0.4532,201.747,0
0.6035,0.0,-3.56863120032358e-06,-0.296,0.4532,201.789,0
0.6047,0.0,-3.56863120032358e-06,-0.296,0.4532,201.791,0
0.606,0.0,-3.56863120032358e-06,-0.296,0.4532,201.761,0
0.6072,0.0,-3.56863120032358e-06,-0.296,0.4532,201.796,0
0.6085,0.0,-3.56863120032358e-06,-0.296,0.4532,201.8,0
0.6097,0.0,-3.56863120032358e-06,-0.296,0.4532,201.774,0
0.6111,0.0,-3.56863120032358e-06,-0.296,0.4532,201.793,0
0.6123,0.0,-3.56863120032358e-06,-0.296,0.4532,201.757,0
0.6135,0.0,-3.56863120032358e-06,-0.296,0.4532,201.81,0
0.6147,0.0,-3.56863120032358e-06,-0.296,0.4532,201.773,0
0.6161,0.0,-3.56863120032358e-06,-0.296,0.4532,201.763,0
0.6173,0.0,-3.56863120032358e-06,-0.296,0.4532,201.822,0
0.6186,0.0,-3.56863120032358e-06,-0.296,0.4532,201.769,0
0.6199,0.0,-3.56863120032358e-06,-0.296,0.4532,201.775,0
0.6212,0.0,-3.56863120032358e-06,-0.296,0.4532,201.811,0
0.6224,0.0,-3.56863120032358e-06,-0.296,0.4532,201.782,0
0.6237,0.0,-3.56863120032358e-06,-0.296,0.4532,201.756,0
0.625,0.0,-3.56863120032358e-06,-0.296,0.4532,201.812,0
0.6262,0.0,-3.56863120032358e-06,-0.296,0.4532,201.779,0
0.6275,0.0,-3.56863120032358e-06,-0.296,0.4532,201.775,0
0.6288,0.0,-3.56863120032358e-06,-0.296,0.4532,201.758,0
0.6301,0.0,-3.56863120032358e-06,-0.296,0.4532,201.781,0
0.6313,0.0,-3.56863120032358e-06,-0.296,0.4532,201.763,0
0.6326,0.0,-3.56863120032358e-06,-0.296,0.4532,201.784,0
0.6338,0.0,-3.56863120032358e-06,-0.296,0.4532,201.766,0
0.6351,0.0,-3.56863120032358e-06,-0.296,0.4532,201.805,0
0.6364,0.0,-3.56863120032358e-06,-0.296,0.4532,201.785,0
0.6377,0.0,-3.56863120032358e-06,-0.296,0.4532,201.796,0
0.639,0.0,-3.56863120032358e-06,-0.296,0.4532,201.804,0
0.6402,0.0,-3.56863120032358e-06,-0.296,0.4532,201.817,0
0.6416,0.0,-3.56863120032358e-06,-0.296,0.4532,201.782,0
0.6431,0.0,-3.56863120032358e-06,-0.296,0.4532,201.796,0
0.6445,0.0,-3.56863120032358e-06,-0.296,0.4532,201.773,0
0.6458,0.0,-3.56863120032358e-06,-0.296,0.4532,201.813,0
0.6471,0.0,-3.56863120032358e-06,-0.296,0.4532,201.779,0
0.6485,0.0,-3.56863120032358e-06,-0.296,0.4532,201.795,0
0.6499,0.0,-3.56863120032358e-06,-0.296,0.4532,201.779,0
0.6512,0.0,-3.56863120032358e-06,-0.296,0.4532,201.778,0
0.6525,0.0,-3.56863120032358e-06,-0.296,0.4532,201.799,0
0.6538,0.0,-3.56863120032358e-06,-0.296,0.4532,201.783,0
0.6551,0.0,-3.56863120032358e-06,-0.296,0.4532,201.799,0
0.6563,0.0,-3.56863120032358e-06,-0.296,0.4532,201.771,0
0.6576,0.0,-3.56863120032358e-06,-0.296,0.4532,201.804,0
0.6589,0.0,-3.56863120032358e-06,-0.296,0.4532,201.787,0
0.6601,0.0,-3.56863120032358e-06,-0.296,0.4532,201.78,0
0.6614,0.0,-3.56863120032358e-06,-0.296,0.4532,201.778,0
0.6626,0.0,-3.56863120032358e-06,-0.296,0.4532,201.776,0
0.6639,0.0,-3.56863120032358e-06,-0.296,0.4532,201.802,0
0.6652,0.0,-3.56863120032358e-06,-0.296,0.4532,201.81,0
0.6665,0.0,-3.56863120032358e-06,-0.296,0.4532,201.777,0
0.6679,0.0,-3.56863120032358e-06,-0.296,0.4532,201.775,0
0.6691,0.0,-3.56863120032358e-06,-0.296,0.4532,201.781,0
0.6704,0.0,-3.56863120032358e-06,-0.296,0.4532,201.759,0
0.6716,0.0,-3.56863120032358e-06,-0.296,0.4532,201.805,0
0.6728,0.0,-3.56863120032358e-06,-0.296,0.4532,201.791,0
0.6742,0.0,-3.56863120032358e-06,-0.296,0.4532,201.808,0
0.6754,0.0,-3.56863120032358e-06,-0.296,0.4532,201.792,0
0.6766,0.0,-3.56863120032358e-06,-0.296,0.4532,201.756,0
0.6779,0.0,-3.56863120032358e-06,-0.296,0.4532,201.791,0
0.6792,0.0,-3.56863120032358e-06,-0.296,0.4532,201.815,0
0.6804,0.0,-3.56863120032358e-06,-0.296,0.4532,201.781,0
0.6817,0.0,-3.56863120032358e-06,-0.296,0.4532,201.794,0
0.6831,0.0,-3.56863120032358e-06,-0.296,0.4532,201.753,0
0.6843,0.0,-3.56863120032358e-06,-0.296,0.4532,201.772,0
0.6856,0.0,-3.56863120032358e-06,-0.296,0.4532,201.815,0
0.6869,0.0,-3.56863120032358e-06,-0.296,0.4532,201.773,0
0.6882,0.0,-3.56863120032358e-06,-0.296,0.4532,201.815,0
0.6894,0.0,-3.56863120032358e-06,-0.296,0.4532,201.745,0
0.6906,0.0,-3.56863120032358e-06,-0.296,0.4532,201.779,0
0.6919,0.0,-3.56863120032358e-06,-0.296,0.4532,201.812,0
0.6931,0.0,-3.56863120032358e-06,-0.296,0.4532,201.783,0
0.6943,0.0,-3.56863120032358e-06,-0.296,0.4532,201.764,0
0.6956,0.0,-3.56863120032358e-06,-0.296,0.4532,201.828,0
0.6969,0.0,-3.56863120032358e-06,-0.296,0.4532,201.738,0
0.6981,0.0,-3.56863120032358e-06,-0.296,0.4532,201.819,0
0.6994,0.0,-3.56863120032358e-06,-0.296,0.4532,201.82,0
0.7007,0.0,-3.56863120032358e-06,-0.296,0.4532,201.74,0
0.7021,0.0,-3.56863120032358e-06,-0.296,0.4532,201.802,0
0.7034,0.0,-3.56863120032358e-06,-0.296,0.4532,201.776,0
0.7046,0.0,-3.56863120032358e-06,-0.296,0.4532,201.809,0
0.7059,0.0,-3.56863120032358e-06,-0.296,0.4532,201.805,0
0.7072,0.0,-3.56863120032358e-06,-0.296,0.4532,201.755,0
0.7085,0.0,-3.56863120032358e-06,-0.296,0.4532,201.784,0
0.7098,0.0,-3.56863120032358e-06,-0.296,0.4532,201.767,0
0.7111,0.0,-3.56863120032358e-06,-0.296,0.4532,201.793,0
0.7123,0.0,-3.56863120032358e-06,-0.296,0.4532,201.808,0
0.7137,0.0,-3.56863120032358e-06,-0.296,0.4532,201.8,0
0.7152,0.0,-3.56863120032358e-06,-0.296,0.4532,201.817,0
0.7165,0.0,-3.56863120032358e-06,-0.296,0.4532,201.828,0
0.7178,0.0,-3.56863120032358e-06,-0.296,0.4532,201.761,0
0.7192,0.0,-3.56863120032358e-06,-0.296,0.4532,201.75,0
0.7206,0.0,-3.56863120032358e-06,-0.296,0.4532,201.814,0
0.7219,0.0,-3.56863120032358e-06,-0.296,0.4532,201.769,0
0.7232,0.0,-3.56863120032358e-06,-0.296,0.4532,201.819,0
0.7244,0.0,-3.56863120032358e-06,-0.296,0.4532,201.757,0
0.7257,0.0,-3.56863120032358e-06,-0.296,0.4532,201.785,0
0.7269,0.0,-3.56863120032358e-06,-0.296,0.4532,201.784,0
0.7281,0.0,-3.56863120032358e-06,-0.296,0.4532,201.814,0
0.7294,0.0,-3.56863120032358e-06,-0.296,0.4532,201.784,0
0.7306,0.0,-3.56863120032358e-06,-0.296,0.4532,201.782,0
0.7319,0.0,-3.56863120032358e-06,-0.296,0.4532,201.788,0
0.7332,0.0,-3.56863120032358e-06,-0.296,0.4532,201.813,0
0.7344,0.0,-3.56863120032358e-06,-0.296,0.4532,201.791,0
0.7357,0.0,-3.56863120032358e-06,-0.296,0.4532,201.767,0
0.7371,0.0,-3.56863120032358e-06,-0.296,0.4532,201.804,0
0.7383,0.0,-3.56863120032358e-06,-0.296,0.4532,201.79,0
0.7395,0.0,-3.56863120032358e-06,-0.296,0.4532,201.76,0
0.741,0.0,-3.56863120032358e-06,-0.296,0.4532,201.796,0
0.7422,0.0,-3.56863120032358e-06,-0.296,0.4532,201.777,0
0.7434,0.0,-3.56863120032358e-06,-0.296,0.4532,201.806,0
0.7446,0.0,-3.56863120032358e-06,-0.296,0.4532,201.806,0
0.7458,0.0,-3.56863120032358e-06,-0.296,0.4532,201.787,0
0.7471,0.0,-3.56863120032358e-06,-0.296,0.4532,201.794,0
0.7484,0.0,-3.56863120032358e-06,-0.296,0.4532,201.77,0
0.7497,0.0,-3.56863120032358e-06,-0.296,0.4532,201.778,0
0.751,0.0,-3.56863120032358e-06,-0.296,0.4532,201.786,0
0.7522,0.0,-3.56863120032358e-06,-0.296,0.4532,201.818,0
0.7535,0.0,-3.56863120032358e-06,-0.296,0.4532,201.782,0
0.7548,0.0,-3.56863120032358e-06,-0.296,0.4532,201.803,0
0.7561,0.0,-3.56863120032358e-06,-0.296,0.4532,201.771,0
0.7573,0.0,-3.56863120032358e-06,-0.296,0.4532,201.797,0
0.7586,0.0,-3.56863120032358e-06,-0.296,0.4532,201.795,0
0.7598,0.0,-3.56863120032358e-06,-0.296,0.4532,201.747,0
0.7612,0.0,-3.56863120032358e-06,-0.296,0.4532,201.812,0
0.7625,0.0,-3.56863120032358e-06,-0.296,0.4532,201.781,0
0.764,0.0,-3.56863120032358e-06,-0.296,0.4532,201.782,0
0.7652,0.0,-3.56863120032358e-06,-0.296,0.4532,201.763,0
0.7665,0.0,-3.56863120032358e-06,-0.296,0.4532,201.793,0
0.7678,0.0,-3.56863120032358e-06,-0.296,0.4532,201.784,0
0.7691,0.0,-3.56863120032358e-06,-0.296,0.4532,201.804,0
0.7704,0.0,-3.56863120032358e-06,-0.296,0.4532,201.799,0
0.7716,0.0,-3.56863120032358e-06,-0.296,0.4532,201.733,0
0.7729,0.0,-3.56863120032358e-06,-0.296,0.4532,201.816,0
0.7741,0.0,-3.56863120032358e-06,-0.296,0.4532,201.751,0
0.7754,0.0,-3.56863120032358e-06,-0.296,0.4532,201.8,0
0.7766,0.0,-3.56863120032358e-06,-0.296,0.4532,201.812,0
0.7779,0.0,-3.56863120032358e-06,-0.296,0.4532,201.78,0
0.7791,0.0,-3.56863120032358e-06,-0.296,0.4532,201.78,0
0.7804,0.0,-3.56863120032358e-06,-0.296,0.4532,201.764,0
0.7817,0.0,-3.56863120032358e-06,-0.296,0.4532,201.809,0
0.783,0.0,-3.56863120032358e-06,-0.296,0.4532,201.783,0
0.7843,0.0,-3.56863120032358e-06,-0.296,0.4532,201.779,0
0.7855,0.0,-3.56863120032358e-06,-0.296,0.4532,201.767,0
0.7868,0.0,-3.56863120032358e-06,-0.296,0.4532,201.811,0
0.7881,0.0,-3.56863120032358e-06,-0.296,0.4532,201.773,0
0.7893,0.0,-3.56863120032358e-06,-0.296,0.4532,201.813,0
0.7906,0.0,-3.56863120032358e-06,-0.296,0.4532,201.786,0
0.7919,0.0,-3.56863120032358e-06,-0.296,0.4532,201.789,0
0.7932,0.0,-3.56863120032358e-06,-0.296,0.4532,201.801,0
0.7944,0.0,-3.56863120032358e-06,-0.296,0.4532,201.802,0
0.7957,0.0,-3.56863120032358e-06,-0.296,0.4532,201.745,0
0.7971,0.0,-3.56863120032358e-06,-0.296,0.4532,201.802,0
0.7983,0.0,-3.56863120032358e-06,-0.296,0.4532,201.779,0
0.7997,0.0,-3.56863120032358e-06,-0.296,0.4532,201.754,0
0.8009,0.0,-3.56863120032358e-06,-0.296,0.4532,201.772,0
0.8021,0.0,-3.56863120032358e-06,-0.296,0.4532,201.786,0
0.8034,0.0,-3.56863120032358e-06,-0.296,0.4532,201.781,0
0.8046,0.0,-3.56863120032358e-06,-0.296,0.4532,201.724,0
0.8059,0.0,-3.56863120032358e-06,-0.296,0.4532,201.769,0
0.8073,0.0,-3.56863120032358e-06,-0.296,0.4532,201.8,0
0.8086,0.0,-3.56863120032358e-06,-0.296,0.4532,201.759,0
0.8099,0.0,-3.56863120032358e-06,-0.296,0.4532,201.78,0
0.8112,0.0,-3.56863120032358e-06,-0.296,0.4532,201.784,0
0.8125,0.0,-3.56863120032358e-06,-0.296,0.4532,201.794,0
0.8137,0.0,-3.56863120032358e-06,-0.296,0.4532,201.773,0
0.8151,0.0,-3.56863120032358e-06,-0.296,0.4532,201.784,0
0.8164,0.0,-3.56863120032358e-06,-0.296,0.4532,201.782,0
0.8177,0.0,-3.56863120032358e-06,-0.296,0.4532,201.759,0
0.8189,0.0,-3.56863120032358e-06,-0.296,0.4532,201.782,0
0.8202,0.0,-3.56863120032358e-06,-0.296,0.4532,201.763,0
0.8215,0.0,-3.56863120032358e-06,-0.296,0.4532,201.798,0
0.8228,0.0,-3.56863120032358e-06,-0.296,0.4532,201.792,0
0.8241,0.0,-3.56863120032358e-06,-0.296,0.4532,201.749,0
0.8253,0.0,-3.56863120032358e-06,-0.296,0.4532,201.762,0
0.8266,0.0,-3.56863120032358e-06,-0.296,0.4532,201.802,0
0.8279,0.0,-3.56863120032358e-06,-0.296,0.4532,201.802,0
0.8292,0.0,-3.56863120032358e-06,-0.296,0.4532,201.787,0
0.8304,0.0,-3.56863120032358e-06,-0.296,0.4532,201.795,0
0.8318,0.0,-3.56863120032358e-06,-0.296,0.4532,201.799,0
0.8331,0.0,-3.56863120032358e-06,-0.296,0.4532,201.776,0
0.8344,0.0,-3.56863120032358e-06,-0.296,0.4532,201.793,0
0.8357,0.0,-3.56863120032358e-06,-0.296,0.4532,201.754,0
0.8371,0.0,-3.56863120032358e-06,-0.296,0.4532,201.763,0
0.8384,0.0,-3.56863120032358e-06,-0.296,0.4532,201.779,0
0.8397,0.0,-3.56863120032358e-06,-0.296,0.4532,201.77,0
0.8411,0.0,-3.56863120032358e-06,-0.296,0.4532,201.796,0
0.8425,0.0,-3.56863120032358e-06,-0.296,0.4532,201.772,0
0.8438,0.0,-3.56863120032358e-06,-0.296,0.4532,201.772,0
0.8451,0.0,-3.56863120032358e-06,-0.296,0.4532,201.791,0
0.8463,0.0,-3.56863120032358e-06,-0.296,0.4532,201.787,0
0.8476,0.0,-3.56863120032358e-06,-0.296,0.4532,201.781,0
0.8489,0.0,-3.56863120032358e-06,-0.296,0.4532,201.781,0
0.8502,0.0,-3.56863120032358e-06,-0.296,0.4532,201.789,0
0.8515,0.0,-3.56863120032358e-06,-0.296,0.4532,201.76,0
0.8527,0.0,-3.56863120032358e-06,-0.296,0.4532,201.797,0
0.8541,0.0,-3.56863120032358e-06,-0.296,0.4532,201.761,0
0.8553,0.0,-3.56863120032358e-06,-0.296,0.4532,201.738,0
0.8566,0.0,-3.56863120032358e-06,-0.296,0.4532,201.787,0
0.8579,0.0,-3.56863120032358e-06,-0.296,0.4532,201.794,0
0.8592,0.0,-3.56863120032358e-06,-0.296,0.4532,201.776,0
0.8604,0.0,-3.56863120032358e-06,-0.296,0.4532,201.781,0
0.8617,0.0,-3.56863120032358e-06,-0.296,0.4532,201.793,0
0.8628,0.0,-3.56863120032358e-06,-0.296,0.4532,201.781,0
0.8641,0.0,-3.56863120032358e-06,-0.296,0.4532,201.829,0
0.8654,0.0,-3.56863120032358e-06,-0.296,0.4532,201.769,0
0.8667,0.0,-3.56863120032358e-06,-0.296,0.4532,201.771,0
0.868,0.0,-3.56863120032358e-06,-0.296,0.4532,201.803,0
0.8692,0.0,-3.56863120032358e-06,-0.296,0.4532,201.782,0
0.8705,0.0,-3.56863120032358e-06,-0.296,0.4532,201.796,0
0.8717,0.0,-3.56863120032358e-06,-0.296,0.4532,201.747,0
0.8731,0.0,-3.56863120032358e-06,-0.296,0.4532,201.735,0
0.8743,0.0,-3.56863120032358e-06,-0.296,0.4532,201.799,0
0.8755,0.0,-3.56863120032358e-06,-0.296,0.4532,201.793,0
0.8768,0.0,-3.56863120032358e-06,-0.296,0.4532,201.779,0
0.878,0.0,-3.56863120032358e-06,-0.296,0.4532,201.781,0
0.8793,0.0,-3.56863120032358e-06,-0.296,0.4532,201.769,0
0.8805,0.0,-3.56863120032358e-06,-0.296,0.4532,201.798,0
0.8818,0.0,-3.56863120032358e-06,-0.296,0.4532,201.797,0
0.8831,0.0,-3.56863120032358e-06,-0.296,0.4532,201.766,0
0.8844,0.0,-3.56863120032358e-06,-0.296,0.4532,201.771,0
0.8857,0.0,-3.56863120032358e-06,-0.296,0.4532,201.78,0
0.887,0.0,-3.56863120032358e-06,-0.296,0.4532,201.762,0
0.8883,0.0,-3.56863120032358e-06,-0.296,0.4532,201.79,0
0.8896,0.0,-3.56863120032358e-06,-0.296,0.4532,201.763,0
0.891,0.0,-3.56863120032358e-06,-0.296,0.4532,201.821,0
0.8923,0.0,-3.56863120032358e-06,-0.296,0.4532,201.78,0
0.8936,0.0,-3.56863120032358e-06,-0.296,0.4532,201.797,0
0.895,0.0,-3.56863120032358e-06,-0.296,0.4532,201.8,0
0.8963,0.0,-3.56863120032358e-06,-0.296,0.4532,201.803,0
0.8977,0.0,-3.56863120032358e-06,-0.296,0.4532,201.772,0
0.8991,0.0,-3.56863120032358e-06,-0.296,0.4532,201.77,0
0.9004,0.0,-3.56863120032358e-06,-0.296,0.4532,201.807,0
0.9016,0.0,-3.56863120032358e-06,-0.296,0.4532,201.781,0
0.903,0.0,-3.56863120032358e-06,-0.296,0.4532,201.795,0
0.9043,0.0,-3.56863120032358e-06,-0.296,0.4532,201.771,0
0.9056,0.0,-3.56863120032358e-06,-0.296,0.4532,201.79,0
0.9071,0.0,-3.56863120032358e-06,-0.296,0.4532,201.793,0
0.9085,0.0,-3.56863120032358e-06,-0.296,0.4532,201.786,0
0.9097,0.0,-3.56863120032358e-06,-0.296,0.4532,201.759,0
0.911,0.0,-3.56863120032358e-06,-0.296,0.4532,201.798,0
0.9123,0.0,-3.56863120032358e-06,-0.296,0.4532,201.804,0
0.9135,0.0,-3.56863120032358e-06,-0.296,0.4532,201.751,0
0.9148,0.0,-3.56863120032358e-06,-0.296,0.4532,201.789,0
0.9163,0.0,-3.56863120032358e-06,-0.296,0.4532,201.811,0
0.9176,0.0,-3.56863120032358e-06,-0.296,0.4532,201.812,0
0.9189,0.0,-3.56863120032358e-06,-0.296,0.4532,201.785,0
0.9202,0.0,-3.56863120032358e-06,-0.296,0.4532,201.774,0
0.9215,0.0,-3.56863120032358e-06,-0.296,0.4532,201.783,0
0.9227,0.0,-3.56863120032358e-06,-0.296,0.4532,201.782,0
0.9241,0.0,-3.56863120032358e-06,-0.296,0.4532,201.783,0
0.9253,0.0,-3.56863120032358e-06,-0.296,0.4532,201.797,0
0.9265,0.0,-3.56863120032358e-06,-0.296,0.4532,201.784,0
0.9279,0.0,-3.56863120032358e-06,-0.296,0.4532,201.79,0
0.9292,0.0,-3.56863120032358e-06,-0.296,0.4532,201.767,0
0.9305,0.0,-3.56863120032358e-06,-0.296,0.4532,201.807,0
0.9317,0.0,-3.56863120032358e-06,-0.296,0.4532,201.8,0
0.9331,0.0,-3.56863120032358e-06,-0.296,0.4532,201.753,0
0.9343,0.0,-3.56863120032358e-06,-0.296,0.4532,201.793,0
0.9358,0.0,-3.56863120032358e-06,-0.296,0.4532,201.747,0
0.9372,0.0,-3.56863120032358e-06,-0.296,0.4532,201.802,0
0.9385,0.0,-3.56863120032358e-06,-0.296,0.4532,201.792,0
0.9398,0.0,-3.56863120032358e-06,-0.296,0.4532,201.791,0
0.9411,0.0,-3.56863120032358e-06,-0.296,0.4532,201.78,0
0.9424,0.0,-3.56863120032358e-06,-0.296,0.4532,201.795,0
0.9437,0.0,-3.56863120032358e-06,-0.296,0.4532,201.761,0
0.9451,0.0,-3.56863120032358e-06,-0.296,0.4532,201.773,0
0.9464,0.0,-3.56863120032358e-06,-0.296,0.4532,201.798,0
0.9477,0.0,-3.56863120032358e-06,-0.296,0.4532,201.777,0
0.949,0.0,-0.00016303316806443036,-0.317,0.4532,201.793,0
0.9502,0.0,-0.0002324507659068331,-0.326,0.4532,201.773,0
0.9515,0.0,-0.00019853778940159827,-0.322,0.4532,201.782,0
0.9528,0.0,-0.0001425262598786503,-0.314,0.4532,201.798,0
0.9541,0.0,3.187468973919749e-05,-0.292,0.4532,201.742,0
0.9553,0.0,0.00016562901146244258,-0.274,0.4532,201.794,0
0.9565,0.0,0.0001677102700341493,-0.274,0.4532,201.784,0
0.9579,0.0,0.00012908373901154846,-0.279,0.4532,201.779,0
0.9591,0.0,8.604975300841033e-05,-0.285,0.4532,201.792,0
0.9604,0.0,5.7768524129642174e-05,-0.288,0.4532,201.815,0
0.9616,0.0,3.799613841692917e-05,-0.291,0.4532,201.747,0
0.9628,0.0,2.3059730665409006e-05,-0.293,0.4532,201.797,0
0.9642,0.0,1.4061156434763689e-05,-0.294,0.4532,201.774,0
0.9654,0.0,8.551824066671543e-06,-0.295,0.4532,201.777,0
0.9667,0.0,4.94015148433391e-06,-0.295,0.4532,201.764,0
0.968,0.0,1.87941122931079e-06,-0.296,0.4532,201.795,0
0.9693,0.0,4.2967183588871194e-08,-0.296,0.4532,201.794,0
0.9706,0.0,-1.4874028693157015e-06,-0.296,0.4532,201.769,0
0.9721,0.0,-2.283195499330759e-06,-0.296,0.4532,201.769,0
0.9733,0.0,-3.140200988127617e-06,-0.296,0.4532,201.787,0
0.9746,0.0,-3.5687037325260462e-06,-0.296,0.4532,201.777,0
0.9759,0.0,-3.5687037325260462e-06,-0.296,0.4532,201.827,0
0.9772,0.0,-3.5687037325260462e-06,-0.296,0.4532,201.8,0
0.9785,0.0,-3.5687037325260462e-06,-0.296,0.4532,201.8,0
0.9801,0.0,-3.5687037325260462e-06,-0.296,0.4532,201.763,0
0.9814,0.0,-3.5687037325260462e-06,-0.296,0.4532,201.782,0
0.9826,0.0,-3.5687037325260462e-06,-0.296,0.4532,201.761,0
0.9838,0.0,-3.5687037325260462e-06,-0.296,0.4532,201.785,0
0.9852,0.0,-3.5687037325260462e-06,-0.296,0.4532,201.8,0
0.9865,0.0,-3.5687037325260462e-06,-0.296,0.4532,201.787,0
0.9878,0.0,-3.5687037325260462e-06,-0.296,0.4532,201.782,0
0.9891,0.0,-3.5687037325260462e-06,-0.296,0.4532,201.763,0
0.9903,0.0,-3.5687037325260462e-06,-0.296,0.4532,201.795,0
0.9916,0.0,-3.5687037325260462e-06,-0.296,0.4532,201.808,0
0.9929,0.0,-3.5687037325260462e-06,-0.296,0.4532,201.77,0
0.9941,0.0,-3.5687037325260462e-06,-0.296,0.4532,201.796,0
0.9955,0.0,-3.5687037325260462e-06,-0.296,0.4532,201.799,0
0.9969,0.0,-3.5687037325260462e-06,-0.296,0.4532,201.756,0
0.9982,0.0,-3.5687037325260462e-06,-0.296,0.4532,201.804,0
0.9995,0.0,-3.5687037325260462e-06,-0.296,0.4532,201.773,0
1.0008,0.0,-3.5687037325260462e-06,-0.296,0.4532,201.806,0
1.002,0.0,-3.5687037325260462e-06,-0.296,0.4532,201.821,0
1.0033,0.0,-3.5687037325260462e-06,-0.296,0.4532,201.773,0
1.0045,0.0,-3.5687037325260462e-06,-0.296,0.4532,201.801,0
1.0057,0.0,-3.5687037325260462e-06,-0.296,0.4532,201.762,0
1.0071,0.0,-3.5687037325260462e-06,-0.296,0.4532,201.776,0
1.0084,0.0,-3.5687037325260462e-06,-0.296,0.4532,201.776,0
1.0096,0.0,-3.5687037325260462e-06,-0.296,0.4532,201.766,0
1.0108,0.0,-3.5687037325260462e-06,-0.296,0.4532,201.8,0
1.0122,0.0,-3.5687037325260462e-06,-0.296,0.4532,201.79,0
1.0135,0.0,-3.5687037325260462e-06,-0.296,0.4532,201.795,0
1.0147,0.0,-3.5687037325260462e-06,-0.296,0.4532,201.798,0
1.016,0.0,-3.5687037325260462e-06,-0.296,0.4532,201.797,0
1.0172,0.0,-3.5687037325260462e-06,-0.296,0.4532,201.758,0
1.0185,0.0,-3.5687037325260462e-06,-0.296,0.4532,201.772,0
1.0197,0.0,-3.5687037325260462e-06,-0.296,0.4532,201.749,0
1.021,0.0,-3.5687037325260462e-06,-0.296,0.4532,201.809,0
1.0223,0.0,-3.5687037325260462e-06,-0.296,0.4532,201.767,0
1.0237,0.0,-3.5687037325260462e-06,-0.296,0.4532,201.767,0
1.0251,0.0,-3.5687037325260462e-06,-0.296,0.4532,201.799,0
1.0264,0.0,-3.5687037325260462e-06,-0.296,0.4532,201.76,0
1.0277,0.0,-3.5687037325260462e-06,-0.296,0.4532,201.827,0
1.0292,0.0,-3.5687037325260462e-06,-0.296,0.4532,201.773,0
1.0304,0.0,-3.5687037325260462e-06,-0.296,0.4532,201.78,0
1.0316,0.0,-3.5687037325260462e-06,-0.296,0.4532,201.773,0
1.0329,0.0,-3.5687037325260462e-06,-0.296,0.4532,201.796,0
1.0341,0.0,-3.5687037325260462e-06,-0.296,0.4532,201.778,0
1.0354,0.0,-3.5687037325260462e-06,-0.296,0.4532,201.796,0
1.0366,0.0,-3.5687037325260462e-06,-0.296,0.4532,201.776,0
1.0379,0.0,-3.5687037325260462e-06,-0.296,0.4532,201.794,0
1.0391,0.0,-3.5687037325260462e-06,-0.296,0.4532,201.781,0
1.0404,0.0,-3.5687037325260462e-06,-0.296,0.4532,201.783,0
1.0416,0.0,-3.5687037325260462e-06,-0.296,0.4532,201.799,0
1.0428,0.0,-3.5687037325260462e-06,-0.296,0.4532,201.78,0
1.0441,0.0,-3.5687037325260462e-06,-0.296,0.4532,201.817,0
1.0454,0.0,-3.5687037325260462e-06,-0.296,0.4532,201.796,0
1.0466,0.0,-3.5687037325260462e-06,-0.296,0.4532,201.771,0
1.0478,0.0,-3.5687037325260462e-06,-0.296,0.4532,201.802,0
1.0492,0.0,-3.5687037325260462e-06,-0.296,0.4532,201.781,0
1.0504,0.0,-3.5687037325260462e-06,-0.296,0.4532,201.752,0
1.0516,0.0,-3.5687037325260462e-06,-0.296,0.4532,201.838,0
1.053,0.0,-3.5687037325260462e-06,-0.296,0.4532,201.774,0
1.0542,0.0,-3.5687037325260462e-06,-0.296,0.4532,201.789,0
1.0554,0.0,-3.5687037325260462e-06,-0.296,0.4532,201.773,0
1.0567,0.0,-3.5687037325260462e-06,-0.296,0.4532,201.761,0
1.058,0.0,-3.5687037325260462e-06,-0.296,0.4532,201.794,0
1.0593,0.0,-3.5687037325260462e-06,-0.296,0.4532,201.793,0
1.0605,0.0,-3.5687037325260462e-06,-0.296,0.4532,201.772,0
1.0618,0.0,-3.5687037325260462e-06,-0.296,0.4532,201.761,0
1.0631,0.0,-3.5687037325260462e-06,-0.296,0.4532,201.752,0
1.0643,0.0,-3.5687037325260462e-06,-0.296,0.4532,201.782,0
1.0658,0.0,-3.5687037325260462e-06,-0.296,0.4532,201.807,0
1.0671,0.0,-3.5687037325260462e-06,-0.296,0.4532,201.786,0
1.0683,0.0,-3.5687037325260462e-06,-0.296,0.4532,201.808,0
1.0697,0.0,-3.5687037325260462e-06,-0.296,0.4532,201.783,0
1.0709,0.0,-3.5687037325260462e-06,-0.296,0.4532,201.796,0
1.0723,0.0,-3.5687037325260462e-06,-0.296,0.4532,201.757,0
1.0736,0.0,-3.5687037325260462e-06,-0.296,0.4532,201.767,0
1.0749,0.0,-3.5687037325260462e-06,-0.296,0.4532,201.791,0
1.0762,0.0,-3.5687037325260462e-06,-0.296,0.4532,201.746,0
1.0775,0.0,-3.5687037325260462e-06,-0.296,0.4532,201.786,0
1.0788,0.0,-3.5687037325260462e-06,-0.296,0.4532,201.784,0
1.08,0.0,-3.5687037325260462e-06,-0.296,0.4532,201.792,0
1.0813,0.0,-3.5687037325260462e-06,-0.296,0.4532,201.786,0
1.0826,0.0,-3.5687037325260462e-06,-0.296,0.4532,201.79,0
1.0839,0.0,-3.5687037325260462e-06,-0.296,0.4532,201.796,0
1.0851,0.0,-3.5687037325260462e-06,-0.296,0.4532,201.803,0
1.0864,0.0,-3.5687037325260462e-06,-0.296,0.4532,201.779,0
1.0877,0.0,-3.5687037325260462e-06,-0.296,0.4532,201.783,0
1.0891,0.0,-3.5687037325260462e-06,-0.296,0.4532,201.796,0
1.0906,0.0,-3.5687037325260462e-06,-0.296,0.4532,201.792,0
1.092,0.0,-3.5687037325260462e-06,-0.296,0.4532,201.75,0
1.0934,0.0,-3.5687037325260462e-06,-0.296,0.4532,201.782,0
1.0948,0.0,-3.5687037325260462e-06,-0.296,0.4532,201.742,0
1.0962,0.0,-3.5687037325260462e-06,-0.296,0.4532,201.799,0
1.0975,0.0,-3.5687037325260462e-06,-0.296,0.4532,201.795,0
1.0987,0.0,-3.5687037325260462e-06,-0.296,0.4532,201.825,0
1.0999,0.0,-3.5687037325260462e-06,-0.296,0.4532,201.748,0
1.1012,0.0,-3.5687037325260462e-06,-0.296,0.4532,201.784,0
1.1024,0.0,-3.5687037325260462e-06,-0.296,0.4532,201.789,0
1.1038,0.0,-3.5687037325260462e-06,-0.296,0.4532,201.766,0
1.1051,0.0,-3.5687037325260462e-06,-0.296,0.4532,201.789,0
1.1063,0.0,-3.5687037325260462e-06,-0.296,0.4532,201.775,0
1.1076,0.0,-3.5687037325260462e-06,-0.296,0.4532,201.75,0
1.1089,0.0,-3.5687037325260462e-06,-0.296,0.4532,201.792,0
1.1101,0.0,-3.5687037325260462e-06,-0.296,0.4532,201.768,0
1.1115,0.0,-3.5687037325260462e-06,-0.296,0.4532,201.769,0
1.1128,0.0,-3.5687037325260462e-06,-0.296,0.4532,201.789,0
1.1141,0.0,-3.5687037325260462e-06,-0.296,0.4532,201.777,0
1.1154,0.0,-3.5687037325260462e-06,-0.296,0.4532,201.802,0
1.1166,0.0,-3.5687037325260462e-06,-0.296,0.4532,201.759,0
1.1179,0.0,-3.5687037325260462e-06,-0.296,0.4532,201.791,0
1.1192,0.0,-3.5687037325260462e-06,-0.296,0.4532,201.801,0
1.1205,0.0,-3.5687037325260462e-06,-0.296,0.4532,201.754,0
1.1218,0.0,-3.5687037325260462e-06,-0.296,0.4532,201.81,0
1.1232,0.0,-3.5687037325260462e-06,-0.296,0.4532,201.767,0
1.1245,0.0,-3.5687037325260462e-06,-0.296,0.4532,201.754,0
1.1258,0.0,-3.5687037325260462e-06,-0.296,0.4532,201.779,0
1.1271,0.0,-3.5687037325260462e-06,-0.296,0.4532,201.765,0
1.1287,0.0,-3.5687037325260462e-06,-0.296,0.4532,201.789,0
1.1301,0.0,-3.5687037325260462e-06,-0.296,0.4532,201.773,0
1.1314,0.0,-3.5687037325260462e-06,-0.296,0.4532,201.804,0
1.1327,0.0,-3.5687037325260462e-06,-0.296,0.4532,201.757,0
1.134,0.0,-3.5687037325260462e-06,-0.296,0.4532,201.79,0
1.1353,0.0,-3.5687037325260462e-06,-0.296,0.4532,201.783,0
1.1366,0.0,-3.5687037325260462e-06,-0.296,0.4532,201.764,0
1.1378,0.0,-3.5687037325260462e-06,-0.296,0.4532,201.773,0
1.1392,0.0,-3.5687037325260462e-06,-0.296,0.4532,201.763,0
1.1405,0.0,-3.5687037325260462e-06,-0.296,0.4532,201.791,0
1.1417,0.0,-3.5687037325260462e-06,-0.296,0.4532,201.803,0
1.1429,0.0,-3.5687037325260462e-06,-0.296,0.4532,201.772,0
1.1442,0.0,-3.5687037325260462e-06,-0.296,0.4532,201.788,0
1.1456,0.0,-3.5687037325260462e-06,-0.296,0.4532,201.786,0
1.1469,0.0,-3.5687037325260462e-06,-0.296,0.4532,201.78,0
1.1482,0.0,-3.5687037325260462e-06,-0.296,0.4532,201.778,0
1.1495,0.0,-3.5687037325260462e-06,-0.296,0.4532,201.781,0
1.1509,0.0,-3.5687037325260462e-06,-0.296,0.4532,201.809,0
1.1522,0.0,-3.5687037325260462e-06,-0.296,0.4532,201.759,0
1.1535,0.0,-3.5687037325260462e-06,-0.296,0.4532,201.757,0
1.1548,0.0,-3.5687037325260462e-06,-0.296,0.4532,201.752,0
1.1561,0.0,-3.5687037325260462e-06,-0.296,0.4532,201.798,0
1.1574,0.0,-3.5687037325260462e-06,-0.296,0.4532,201.765,0
1.1587,0.0,-3.5687037325260462e-06,-0.296,0.4532,201.781,0
1.1599,0.0,-3.5687037325260462e-06,-0.296,0.4532,201.804,0
1.1612,0.0,-3.5687037325260462e-06,-0.296,0.4532,201.778,0
1.1626,0.0,-3.5687037325260462e-06,-0.296,0.4532,201.802,0
1.1639,0.0,-3.5687037325260462e-06,-0.296,0.4532,201.784,0
1.1652,0.0,-3.5687037325260462e-06,-0.296,0.4532,201.751,0
1.1665,0.0,-3.5687037325260462e-06,-0.296,0.4532,201.795,0
1.168,0.0,-3.5687037325260462e-06,-0.296,0.4532,201.751,0
1.1693,0.0,-3.5687037325260462e-06,-0.296,0.4532,201.807,0
1.1707,0.0,-3.5687037325260462e-06,-0.296,0.4532,201.782,0
1.1721,0.0,-3.5687037325260462e-06,-0.296,0.4532,201.799,0
1.1733,0.0,-3.5687037325260462e-06,-0.296,0.4532,201.783,0
1.1747,0.0,-3.5687037325260462e-06,-0.296,0.4532,201.797,0
1.1761,0.0,-3.5687037325260462e-06,-0.296,0.4532,201.764,0
1.1775,0.0,-3.5687037325260462e-06,-0.296,0.4532,201.803,0
1.1789,0.0,-3.5687037325260462e-06,-0.296,0.4532,201.787,0
1.1803,0.0,-3.5687037325260462e-06,-0.296,0.4532,201.781,0
1.1816,0.0,-3.5687037325260462e-06,-0.296,0.4532,201.779,0
1.1828,0.0,-3.5687037325260462e-06,-0.296,0.4532,201.811,0
1.1842,0.0,-3.5687037325260462e-06,-0.296,0.4532,201.772,0
1.1856,0.0,-3.5687037325260462e-06,-0.296,0.4532,201.763,0
1.1872,0.0,-3.5687037325260462e-06,-0.296,0.4532,201.775,0
1.1885,0.0,-3.5687037325260462e-06,-0.296,0.4532,201.774,0
1.1898,0.0,-3.5687037325260462e-06,-0.296,0.4532,201.795,0
1.1912,0.0,-3.5687037325260462e-06,-0.296,0.4532,201.767,0
1.1925,0.0,-3.5687037325260462e-06,-0.296,0.4532,201.816,0
1.1939,0.0,-3.5687037325260462e-06,-0.296,0.4532,201.742,0
1.1955,0.0,-3.5687037325260462e-06,-0.296,0.4532,201.793,0
1.1969,0.0,-3.5687037325260462e-06,-0.296,0.4532,201.79,0
1.1985,0.0,-3.5687037325260462e-06,-0.296,0.4532,201.775,0
1.1999,0.0,-3.5687037325260462e-06,-0.296,0.4532,201.771,0
1.2013,0.0,-3.5687037325260462e-06,-0.296,0.4532,201.786,0
1.2027,0.0,-3.5687037325260462e-06,-0.296,0.4532,201.794,0
1.2041,0.0,-3.5687037325260462e-06,-0.296,0.4532,201.821,0
1.2054,0.0,-3.5687037325260462e-06,-0.296,0.4532,201.775,0
1.2067,0.0,-3.5687037325260462e-06,-0.296,0.4532,201.748,0
1.2081,0.0,-3.5687037325260462e-06,-0.296,0.4532,201.793,0
1.2095,0.0,-3.5687037325260462e-06,-0.296,0.4532,201.772,0
1.2108,0.0,-3.5687037325260462e-06,-0.296,0.4532,201.789,0
1.2122,0.0,-3.5687037325260462e-06,-0.296,0.4532,201.788,0
1.2135,0.0,-3.5687037325260462e-06,-0.296,0.4532,201.766,0
1.215,0.0,-3.5687037325260462e-06,-0.296,0.4532,201.761,0
1.2166,0.0,-3.5687037325260462e-06,-0.296,0.4532,201.785,0
1.218,0.0,-3.5687037325260462e-06,-0.296,0.4532,201.807,0
1.2194,0.0,-3.5687037325260462e-06,-0.296,0.4532,201.784,0
1.2208,0.0,-3.5687037325260462e-06,-0.296,0.4532,201.75,0
1.2222,0.0,-3.5687037325260462e-06,-0.296,0.4532,201.779,0
1.2236,0.0,-3.5687037325260462e-06,-0.296,0.4532,201.799,0
1.2251,0.0,-3.5687037325260462e-06,-0.296,0.4532,201.78,0
1.2264,0.0,-3.5687037325260462e-06,-0.296,0.4532,201.852,0
1.2278,0.0,-3.5687037325260462e-06,-0.296,0.4532,201.766,0
1.2292,0.0,-3.5687037325260462e-06,-0.296,0.4532,201.804,0
1.2306,0.0,-3.5687037325260462e-06,-0.296,0.4532,201.77,0
1.232,0.0,-3.5687037325260462e-06,-0.296,0.4532,201.794,0
1.2333,0.0,-3.5687037325260462e-06,-0.296,0.4532,201.809,0
1.2346,0.0,-3.5687037325260462e-06,-0.296,0.4532,201.753,0
1.236,0.0,-3.5687037325260462e-06,-0.296,0.4532,201.799,0
1.2374,0.0,-3.5687037325260462e-06,-0.296,0.4532,201.777,0
1.2387,0.0,-3.5687037325260462e-06,-0.296,0.4532,201.799,0
1.2401,0.0,-3.5687037325260462e-06,-0.296,0.4532,201.824,0
1.2414,0.0,-3.5687037325260462e-06,-0.296,0.4532,201.762,0
1.2427,0.0,-3.5687037325260462e-06,-0.296,0.4532,201.762,0
1.2442,0.0,-3.5687037325260462e-06,-0.296,0.4532,201.794,0
1.2456,0.0,-3.5687037325260462e-06,-0.296,0.4532,201.74,0
1.2471,0.0,-3.5687037325260462e-06,-0.296,0.4532,201.821,0
1.2485,0.0,-3.5687037325260462e-06,-0.296,0.4532,201.792,0
1.25,0.0,-3.5687037325260462e-06,-0.296,0.4532,201.799,0
1.2514,0.0,-3.5687037325260462e-06,-0.296,0.4532,201.796,0
1.2528,0.0,-3.5687037325260462e-06,-0.296,0.4532,201.772,0
1.2542,0.0,-3.5687037325260462e-06,-0.296,0.4532,201.807,0
1.2554,0.0,-3.5687037325260462e-06,-0.296,0.4532,201.748,0
1.2567,0.0,-3.5687037325260462e-06,-0.296,0.4532,201.767,0
1.258,0.0,-3.5687037325260462e-06,-0.296,0.4532,201.814,0
1.2593,0.0,-3.5687037325260462e-06,-0.296,0.4532,201.729,0
1.2606,0.0,-3.5687037325260462e-06,-0.296,0.4532,201.775,0
1.2621,0.0,-3.5687037325260462e-06,-0.296,0.4532,201.76,0
1.2635,0.0,-3.5687037325260462e-06,-0.296,0.4532,201.765,0
1.2649,0.0,-3.5687037325260462e-06,-0.296,0.4532,201.741,0
1.2663,0.0,-3.5687037325260462e-06,-0.296,0.4532,201.778,0
1.2676,0.0,-3.5687037325260462e-06,-0.296,0.4532,201.781,0
1.2689,0.0,-3.5687037325260462e-06,-0.296,0.4532,201.795,0
1.2704,0.0,-3.5687037325260462e-06,-0.296,0.4532,201.788,0
1.2719,0.0,-3.5687037325260462e-06,-0.296,0.4532,201.806,0
1.2733,0.0,-3.5687037325260462e-06,-0.296,0.4532,201.773,0
1.2746,0.0,-3.5687037325260462e-06,-0.296,0.4532,201.778,0
1.2759,0.0,-3.5687037325260462e-06,-0.296,0.4532,201.759,0
1.2772,0.0,-3.5687037325260462e-06,-0.296,0.4532,201.749,0
1.2786,0.0,-3.5687037325260462e-06,-0.296,0.4532,201.78,0
1.2799,0.0,-3.5687037325260462e-06,-0.296,0.4532,201.816,0
1.2812,0.0,-3.5687037325260462e-06,-0.296,0.4532,201.784,0
1.2825,0.0,-3.5687037325260462e-06,-0.296,0.4532,201.772,0
1.2838,0.0,-3.5687037325260462e-06,-0.296,0.4532,201.789,0
1.2851,0.0,-3.5687037325260462e-06,-0.296,0.4532,201.825,0
1.2865,0.0,-3.5687037325260462e-06,-0.296,0.4532,201.769,0
1.2877,0.0,-3.5687037325260462e-06,-0.296,0.4532,201.738,0
1.289,0.0,-3.5687037325260462e-06,-0.296,0.4532,201.781,0
1.2903,0.0,-3.5687037325260462e-06,-0.296,0.4532,201.766,0
1.2915,0.0,-3.5687037325260462e-06,-0.296,0.4532,201.771,0
1.2928,0.0,-3.5687037325260462e-06,-0.296,0.4532,201.799,0
1.2942,0.0,-3.5687037325260462e-06,-0.296,0.4532,201.79,0
1.2954,0.0,-3.5687037325260462e-06,-0.296,0.4532,201.764,0
1.2967,0.0,-3.5687037325260462e-06,-0.296,0.4532,201.801,0
1.2981,0.0,-3.5687037325260462e-06,-0.296,0.4532,201.789,0
1.2995,0.0,-3.5687037325260462e-06,-0.296,0.4532,201.794,0
1.3009,0.0,-3.5687037325260462e-06,-0.296,0.4532,201.767,0
1.3021,0.0,-3.5687037325260462e-06,-0.296,0.4532,201.804,0
1.3034,0.0,-3.5687037325260462e-06,-0.296,0.4532,201.777,0
1.3047,0.0,-3.5687037325260462e-06,-0.296,0.4532,201.779,0
1.3061,0.0,-3.5687037325260462e-06,-0.296,0.4532,201.811,0
1.3073,0.0,-3.5687037325260462e-06,-0.296,0.4532,201.77,0
1.3086,0.0,-3.5687037325260462e-06,-0.296,0.4532,201.765,0
1.3099,0.0,-3.5687037325260462e-06,-0.296,0.4532,201.782,0
1.3112,0.0,-3.5687037325260462e-06,-0.296,0.4532,201.764,0
1.3125,0.0,-3.5687037325260462e-06,-0.296,0.4532,201.809,0
1.3138,0.0,-3.5687037325260462e-06,-0.296,0.4532,201.772,0
1.3152,0.0,-3.5687037325260462e-06,-0.296,0.4532,201.803,0
1.3165,0.0,-3.5687037325260462e-06,-0.296,0.4532,201.786,0
1.3177,0.0,-3.5687037325260462e-06,-0.296,0.4532,201.798,0
1.3189,0.0,-3.5687037325260462e-06,-0.296,0.4532,201.804,0
1.3202,0.0,-3.5687037325260462e-06,-0.296,0.4532,201.783,0
1.3216,0.0,-3.5687037325260462e-06,-0.296,0.4532,201.781,0
1.3229,0.0,-3.5687037325260462e-06,-0.296,0.4532,201.79,0
1.3242,0.0,-3.5687037325260462e-06,-0.296,0.4532,201.771,0
1.3254,0.0,-3.5687037325260462e-06,-0.296,0.4532,201.779,0
1.3267,0.0,-3.5687037325260462e-06,-0.296,0.4532,201.748,0
1.328,0.0,-3.5687037325260462e-06,-0.296,0.4532,201.785,0
1.3293,0.0,-3.5687037325260462e-06,-0.296,0.4532,201.804,0
1.3305,0.0,-3.5687037325260462e-06,-0.296,0.4532,201.751,0
1.3319,0.0,-3.5687037325260462e-06,-0.296,0.4532,201.782,0
1.3332,0.0,-3.5687037325260462e-06,-0.296,0.4532,201.782,0
1.3344,0.0,-3.5687037325260462e-06,-0.296,0.4532,201.797,0
1.3356,0.0,-3.5687037325260462e-06,-0.296,0.4532,201.806,0
1.3369,0.0,-3.5687037325260462e-06,-0.296,0.4532,201.774,0
1.3382,0.0,-3.5687037325260462e-06,-0.296,0.4532,201.768,0
1.3394,0.0,-3.5687037325260462e-06,-0.296,0.4532,201.795,0
1.3407,0.0,-3.5687037325260462e-06,-0.296,0.4532,201.791,0
1.3419,0.0,-3.5687037325260462e-06,-0.296,0.4532,201.772,0
1.3431,0.0,-3.5687037325260462e-06,-0.296,0.4532,201.775,0
1.3445,0.0,-3.5687037325260462e-06,-0.296,0.4532,201.779,0
1.3459,0.0,-3.5687037325260462e-06,-0.296,0.4532,201.772,0
1.3471,0.0,-3.5687037325260462e-06,-0.296,0.4532,201.76,0
1.3483,0.0,-3.5687037325260462e-06,-0.296,0.4532,201.785,0
1.3496,0.0,-3.5687037325260462e-06,-0.296,0.4532,201.786,0
1.3508,0.0,-3.5687037325260462e-06,-0.296,0.4532,201.744,0
1.3521,0.0,-3.5687037325260462e-06,-0.296,0.4532,201.78,0
1.3533,0.0,-3.5687037325260462e-06,-0.296,0.4532,201.79,0
1.3546,0.0,-3.5687037325260462e-06,-0.296,0.4532,201.797,0
1.3561,0.0,-3.5687037325260462e-06,-0.296,0.4532,201.798,0
1.3574,0.0,-3.5687037325260462e-06,-0.296,0.4532,201.78,0
1.3587,0.0,-3.5687037325260462e-06,-0.296,0.4532,201.8,0
1.3602,0.0,-3.5687037325260462e-06,-0.296,0.4532,201.748,0
1.3615,0.0,-3.5687037325260462e-06,-0.296,0.4532,201.794,0
1.3629,0.0,-3.5687037325260462e-06,-0.296,0.4532,201.774,0
1.3642,0.0,-3.5687037325260462e-06,-0.296,0.4532,201.789,0
1.3656,0.0,-3.5687037325260462e-06,-0.296,0.4532,201.804,0
1.3673,0.0,-3.5687037325260462e-06,-0.296,0.4532,201.765,0
1.3687,0.0,-3.5687037325260462e-06,-0.296,0.4532,201.8,0
1.3701,0.0,-3.5687037325260462e-06,-0.296,0.4532,201.768,0
1.3714,0.0,-3.5687037325260462e-06,-0.296,0.4532,201.775,0
1.3727,0.0,-3.5687037325260462e-06,-0.296,0.4532,201.771,0
1.374,0.0,-3.5687037325260462e-06,-0.296,0.4532,201.763,0
1.3753,0.0,-3.5687037325260462e-06,-0.296,0.4532,201.815,0
1.3766,0.0,-3.5687037325260462e-06,-0.296,0.4532,201.775,0
1.3778,0.0,-3.5687037325260462e-06,-0.296,0.4532,201.789,0
1.3791,0.0,-3.5687037325260462e-06,-0.296,0.4532,201.786,0
1.3804,0.0,-3.5687037325260462e-06,-0.296,0.4532,201.771,0
1.3816,0.0,-3.5687037325260462e-06,-0.296,0.4532,201.79,0
1.3828,0.0,-3.5687037325260462e-06,-0.296,0.4532,201.759,0
1.3841,0.0,-3.5687037325260462e-06,-0.296,0.4532,201.789,0
1.3853,0.0,-3.5687037325260462e-06,-0.296,0.4532,201.776,0
1.3866,0.0,-3.5687037325260462e-06,-0.296,0.4532,201.788,0
1.3878,0.0,-3.5687037325260462e-06,-0.296,0.4532,201.773,0
1.3891,0.0,-3.5687037325260462e-06,-0.296,0.4532,201.761,0
1.3904,0.0,-3.5687037325260462e-06,-0.296,0.4532,201.812,0
1.3916,0.0,-3.5687037325260462e-06,-0.296,0.4532,201.756,0
1.3931,0.0,-3.5687037325260462e-06,-0.296,0.4532,201.794,0
1.3945,0.0,-3.5687037325260462e-06,-0.296,0.4532,201.779,0
1.3958,0.0,-3.5687037325260462e-06,-0.296,0.4532,201.815,0
1.3972,0.0,-3.5687037325260462e-06,-0.296,0.4532,201.794,0
1.3985,0.0,-3.5687037325260462e-06,-0.296,0.4532,201.77,0
1.3997,0.0,-3.5687037325260462e-06,-0.296,0.4532,201.757,0
1.401,0.0,-3.5687037325260462e-06,-0.296,0.4532,201.805,0
1.4023,0.0,-3.5687037325260462e-06,-0.296,0.4532,201.828,0
1.4036,0.0,-3.5687037325260462e-06,-0.296,0.4532,201.761,0
1.4049,0.0,-3.5687037325260462e-06,-0.296,0.4532,201.768,0
1.4061,0.0,-3.5687037325260462e-06,-0.296,0.4532,201.772,0
1.4074,0.0,-3.5687037325260462e-06,-0.296,0.4532,201.771,0
1.4086,0.0,-3.5687037325260462e-06,-0.296,0.4532,201.801,0
1.4099,0.0,-3.5687037325260462e-06,-0.296,0.4532,201.784,0
1.4112,0.0,-3.5687037325260462e-06,-0.296,0.4532,201.77,0
1.4125,0.0,-3.5687037325260462e-06,-0.296,0.4532,201.761,0
1.4138,0.0,-3.5687037325260462e-06,-0.296,0.4532,201.764,0
1.4152,0.0,-3.5687037325260462e-06,-0.296,0.4532,201.776,0
1.4165,0.0,-3.5687037325260462e-06,-0.296,0.4532,201.774,0
1.4177,0.0,-3.5687037325260462e-06,-0.296,0.4532,201.785,0
1.4189,0.0,-3.5687037325260462e-06,-0.296,0.4532,201.781,0
1.4202,0.0,-3.5687037325260462e-06,-0.296,0.4532,201.777,0
1.4214,0.0,-3.5687037325260462e-06,-0.296,0.4532,201.805,0
1.4226,0.0,-3.5687037325260462e-06,-0.296,0.4532,201.791,0
1.4239,0.0,-3.5687037325260462e-06,-0.296,0.4532,201.784,0
1.4254,0.0,-3.5687037325260462e-06,-0.296,0.4532,201.771,0
1.4267,0.0,-3.5687037325260462e-06,-0.296,0.4532,201.771,0
1.4281,0.0,-3.5687037325260462e-06,-0.296,0.4532,201.79,0
1.4293,0.0,-3.5687037325260462e-06,-0.296,0.4532,201.784,0
1.4306,0.0,-3.5687037325260462e-06,-0.296,0.4532,201.781,0
1.4318,0.0,-3.5687037325260462e-06,-0.296,0.4532,201.818,0
1.4332,0.0,-3.5687037325260462e-06,-0.296,0.4532,201.802,0
1.4344,0.0,-3.5687037325260462e-06,-0.296,0.4532,201.809,0
1.4356,0.0,-3.5687037325260462e-06,-0.296,0.4532,201.818,0
1.4369,0.0,-3.5687037325260462e-06,-0.296,0.4532,201.764,0
1.4381,0.0,-3.5687037325260462e-06,-0.296,0.4532,201.784,0
1.4394,0.0,-3.5687037325260462e-06,-0.296,0.4532,201.799,0
1.4406,0.0,-3.5687037325260462e-06,-0.296,0.4532,201.806,0
1.4419,0.0,-3.5687037325260462e-06,-0.296,0.4532,201.794,0
1.4432,0.0,-3.5687037325260462e-06,-0.296,0.4532,201.784,0
1.4446,0.0,-3.5687037325260462e-06,-0.296,0.4532,201.768,0
1.4459,0.0,-3.5687037325260462e-06,-0.296,0.4532,201.788,0
1.4472,0.0,-3.5687037325260462e-06,-0.296,0.4532,201.761,0
1.4484,0.0,-3.5687037325260462e-06,-0.296,0.4532,201.792,0
1.4496,0.0,-3.5687037325260462e-06,-0.296,0.4532,201.771,0
1.4509,0.0,-3.5687037325260462e-06,-0.296,0.4532,201.783,0
1.4522,0.0,-3.5687037325260462e-06,-0.296,0.4532,201.788,0
1.4535,0.0,-3.5687037325260462e-06,-0.296,0.4532,201.804,0
1.4549,0.0,-3.5687037325260462e-06,-0.296,0.4532,201.833,0
1.4561,0.0,-3.5687037325260462e-06,-0.296,0.4532,201.774,0
1.4574,0.0,-3.5687037325260462e-06,-0.296,0.4532,201.755,0
1.4586,0.0,-3.5687037325260462e-06,-0.296,0.4532,201.789,0
1.4599,0.0,-3.5687037325260462e-06,-0.296,0.4532,201.809,0
1.4611,0.0,-3.5687037325260462e-06,-0.296,0.4532,201.744,0
1.4624,0.0,-3.5687037325260462e-06,-0.296,0.4532,201.806,0
1.4637,0.0,-3.5687037325260462e-06,-0.296,0.4532,201.758,0
1.465,0.0,-3.5687037325260462e-06,-0.296,0.4532,201.812,0
1.4662,0.0,-3.5687037325260462e-06,-0.296,0.4532,201.823,0
1.4674,0.0,-3.5687037325260462e-06,-0.296,0.4532,201.759,0
1.4687,0.0,-3.5687037325260462e-06,-0.296,0.4532,201.796,0
1.4701,0.0,-3.5687037325260462e-06,-0.296,0.4532,201.787,0
1.4713,0.0,-3.5687037325260462e-06,-0.296,0.4532,201.771,0
1.4727,0.0,-3.5687037325260462e-06,-0.296,0.4532,201.802,0
1.4741,0.0,-3.5687037325260462e-06,-0.296,0.4532,201.767,0
1.4756,0.0,-3.5687037325260462e-06,-0.296,0.4532,201.758,0
1.4768,0.0,-3.5687037325260462e-06,-0.296,0.4532,201.789,0
1.4782,0.0,-3.5687037325260462e-06,-0.296,0.4532,201.761,0
1.4794,0.0,-3.5687037325260462e-06,-0.296,0.4532,201.777,0
1.4808,0.0,-3.5687037325260462e-06,-0.296,0.4532,201.771,0
1.4821,0.0,-3.5687037325260462e-06,-0.296,0.4532,201.776,0
1.4834,0.0,-3.5687037325260462e-06,-0.296,0.4532,201.75,0
1.4846,0.0,-3.5687037325260462e-06,-0.296,0.4532,201.828,0
1.4859,0.0,-3.5687037325260462e-06,-0.296,0.4532,201.788,0
1.4871,0.0,-3.5687037325260462e-06,-0.296,0.4532,201.786,0
1.4884,0.0,-3.5687037325260462e-06,-0.296,0.4532,201.799,0
1.4896,0.0,-3.5687037325260462e-06,-0.296,0.4532,201.777,0
1.4909,0.0,-3.5687037325260462e-06,-0.296,0.4532,201.786,0
1.4922,0.0,-3.5687037325260462e-06,-0.296,0.4532,201.786,0
1.4934,0.0,-3.5687037325260462e-06,-0.296,0.4532,201.768,0
1.4947,0.0,-3.5687037325260462e-06,-0.296,0.4532,201.74,0
1.4961,0.0,-3.5687037325260462e-06,-0.296,0.4532,201.788,0
1.4973,0.0,-3.5687037325260462e-06,-0.296,0.4532,201.792,0
1.4987,0.0,-3.5687037325260462e-06,-0.296,0.4532,201.787,0
1.5001,0.0,-3.5687037325260462e-06,-0.296,0.4532,201.737,0
1.5015,0.0,-3.5687037325260462e-06,-0.296,0.4532,201.796,0
1.5029,0.0,-3.5687037325260462e-06,-0.296,0.4532,201.786,0
1.5042,0.0,-3.5687037325260462e-06,-0.296,0.4532,201.797,0
1.5056,0.0,-3.5687037325260462e-06,-0.296,0.4532,201.77,0
1.5068,0.0,-3.5687037325260462e-06,-0.296,0.4532,201.813,0
1.5082,0.0,-3.5687037325260462e-06,-0.296,0.4532,201.791,0
1.5093,0.0,-3.5687037325260462e-06,-0.296,0.4532,201.777,0
1.5105,0.0,-3.5687037325260462e-06,-0.296,0.4532,201.793,0
1.512,0.0,-3.5687037325260462e-06,-0.296,0.4532,201.773,0
1.5133,0.0,-3.5687037325260462e-06,-0.296,0.4532,201.796,0
1.5146,0.0,-3.5687037325260462e-06,-0.296,0.4532,201.77,0
1.5159,0.0,-3.5687037325260462e-06,-0.296,0.4532,201.774,0
1.5172,0.0,-3.5687037325260462e-06,-0.296,0.4532,201.775,0
1.5184,0.0,-3.5687037325260462e-06,-0.296,0.4532,201.779,0
1.5196,0.0,-3.5687037325260462e-06,-0.296,0.4532,201.754,0
1.5209,0.0,-3.5687037325260462e-06,-0.296,0.4532,201.803,0
1.5222,0.0,-3.5687037325260462e-06,-0.296,0.4532,201.758,0
1.5235,0.0,-3.5687037325260462e-06,-0.296,0.4532,201.799,0
1.5248,0.0,-3.5687037325260462e-06,-0.296,0.4532,201.766,0
1.5261,0.0,-3.5687037325260462e-06,-0.296,0.4532,201.792,0
1.5273,0.0,-3.5687037325260462e-06,-0.296,0.4532,201.775,0
1.5287,0.0,-3.5687037325260462e-06,-0.296,0.4532,201.753,0
1.5299,0.0,-3.5687037325260462e-06,-0.296,0.4532,201.797,0
1.5313,0.0,-3.5687037325260462e-06,-0.296,0.4532,201.793,0
1.5327,0.0,-3.5687037325260462e-06,-0.296,0.4532,201.792,0
1.534,0.0,0.0001691794313956052,-0.274,0.4532,201.785,0
1.5353,0.0,0.0002253746206406504,-0.266,0.4532,201.768,0
1.5367,0.0,0.00018546258797869086,-0.272,0.4532,201.814,0
1.538,0.0,0.00012730853632092476,-0.279,0.4532,201.793,0
1.5392,0.0,-8.620864537078887e-05,-0.307,0.4532,201.795,0
1.5404,0.0,-0.00017264392226934433,-0.318,0.4532,201.78,0
1.5417,0.0,-0.0001570341264596209,-0.316,0.4532,201.781,0
1.5431,0.0,-0.00011546929454198107,-0.311,0.4532,201.782,0
1.5444,0.0,-7.537360943388194e-05,-0.306,0.4532,201.756,0
1.5457,0.0,-4.868395990342833e-05,-0.302,0.4532,201.786,0
1.547,0.0,-3.0441950002568774e-05,-0.3,0.4532,201.803,0
1.5483,0.0,-1.813777635106817e-05,-0.298,0.4532,201.769,0
1.5495,0.0,-1.0853214917005971e-05,-0.297,0.4532,201.806,0
1.5507,0.0,-6.629395102208946e-06,-0.297,0.4532,201.766,0
1.5519,0.0,-3.5686546198121505e-06,-0.296,0.4532,201.759,0
1.5532,0.0,-1.2424920896592084e-06,-0.296,0.4532,201.789,0
1.5545,0.0,3.490927156235557e-07,-0.296,0.4532,201.8,0
1.5558,0.0,1.69581846876099e-06,-0.296,0.4532,201.792,0
1.5571,0.0,2.4303963073180057e-06,-0.295,0.4532,201.787,0
1.5583,0.0,3.2874015687411884e-06,-0.295,0.4532,201.769,0
1.5596,0.0,3.593474957597209e-06,-0.295,0.4532,201.767,0
1.5608,0.0,3.593474957597209e-06,-0.295,0.4532,201.745,0
1.5621,0.0,3.593474957597209e-06,-0.295,0.4532,201.769,0
1.5634,0.0,3.593474957597209e-06,-0.295,0.4532,201.786,0
1.5646,0.0,3.593474957597209e-06,-0.295,0.4532,201.799,0
1.5659,0.0,3.593474957597209e-06,-0.295,0.4532,201.809,0
1.5671,0.0,3.593474957597209e-06,-0.295,0.4532,201.79,0
1.5683,0.0,3.593474957597209e-06,-0.295,0.4532,201.761,0
1.5696,0.0,3.593474957597209e-06,-0.295,0.4532,201.77,0
1.5709,0.0,3.593474957597209e-06,-0.295,0.4532,201.78,0
1.5721,0.0,3.593474957597209e-06,-0.295,0.4532,201.736,0
1.5734,0.0,3.593474957597209e-06,-0.295,0.4532,201.769,0
1.5747,0.0,3.593474957597209e-06,-0.295,0.4532,201.813,0
1.576,0.0,3.593474957597209e-06,-0.295,0.4532,201.789,0
1.5772,0.0,3.593474957597209e-06,-0.295,0.4532,201.801,0
1.5785,0.0,3.593474957597209e-06,-0.295,0.4532,201.81,0
1.5797,0.0,3.593474957597209e-06,-0.295,0.4532,201.774,0
1.581,0.0,3.593474957597209e-06,-0.295,0.4532,201.78,0
1.5823,0.0,3.593474957597209e-06,-0.295,0.4532,201.775,0
1.5835,0.0,3.593474957597209e-06,-0.295,0.4532,201.817,0
1.5847,0.0,3.593474957597209e-06,-0.295,0.4532,201.774,0
1.586,0.0,3.593474957597209e-06,-0.295,0.4532,201.821,0
1.5873,0.0,3.593474957597209e-06,-0.295,0.4532,201.803,0
1.5885,0.0,3.593474957597209e-06,-0.295,0.4532,201.746,0
1.5897,0.0,3.593474957597209e-06,-0.295,0.4532,201.726,0
1.591,0.0,3.593474957597209e-06,-0.295,0.4532,201.789,0
1.5923,0.0,3.593474957597209e-06,-0.295,0.4532,201.809,0
1.5936,0.0,3.593474957597209e-06,-0.295,0.4532,201.775,0
1.5948,0.0,3.593474957597209e-06,-0.295,0.4532,201.845,0
1.5961,0.0,3.593474957597209e-06,-0.295,0.4532,201.773,0
1.5973,0.0,3.593474957597209e-06,-0.295,0.4532,201.769,0
1.5986,0.0,3.593474957597209e-06,-0.295,0.4532,201.8,0
1.5999,0.0,3.593474957597209e-06,-0.295,0.4532,201.77,0
1.6012,0.0,3.593474957597209e-06,-0.295,0.4532,201.822,0
1.6024,0.0,3.593474957597209e-06,-0.295,0.4532,201.814,0
1.6036,0.0,3.593474957597209e-06,-0.295,0.4532,201.773,0
1.605,0.0,3.593474957597209e-06,-0.295,0.4532,201.786,0
1.6062,0.0,3.593474957597209e-06,-0.295,0.4532,201.772,0
1.6075,0.0,3.593474957597209e-06,-0.295,0.4532,201.77,0
1.6088,0.0,3.593474957597209e-06,-0.295,0.4532,201.789,0
1.6101,0.0,3.593474957597209e-06,-0.295,0.4532,201.77,0
1.6114,0.0,3.593474957597209e-06,-0.295,0.4532,201.754,0
1.6126,0.0,3.593474957597209e-06,-0.295,0.4532,201.8,0
1.6138,0.0,3.593474957597209e-06,-0.295,0.4532,201.767,0
1.6151,0.0,3.593474957597209e-06,-0.295,0.4532,201.802,0
1.6163,0.0,3.593474957597209e-06,-0.295,0.4532,201.76,0
1.6175,0.0,3.593474957597209e-06,-0.295,0.4532,201.792,0
1.6187,0.0,3.593474957597209e-06,-0.295,0.4532,201.813,0
1.62,0.0,3.593474957597209e-06,-0.295,0.4532,201.762,0
1.6212,0.0,3.593474957597209e-06,-0.295,0.4532,201.751,0
1.6224,0.0,3.593474957597209e-06,-0.295,0.4532,201.8,0
1.6237,0.0,3.593474957597209e-06,-0.295,0.4532,201.747,0
1.6249,0.0,3.593474957597209e-06,-0.295,0.4532,201.768,0
1.6262,0.0,3.593474957597209e-06,-0.295,0.4532,201.806,0
1.6274,0.0,3.593474957597209e-06,-0.295,0.4532,201.746,0
1.6286,0.0,3.593474957597209e-06,-0.295,0.4532,201.743,0
1.6299,0.0,3.593474957597209e-06,-0.295,0.4532,201.793,0
1.6311,0.0,3.593474957597209e-06,-0.295,0.4532,201.758,0
1.6324,0.0,3.593474957597209e-06,-0.295,0.4532,201.793,0
1.6337,0.0,3.593474957597209e-06,-0.295,0.4532,201.785,0
1.635,0.0,3.593474957597209e-06,-0.295,0.4532,201.769,0
1.6363,0.0,3.593474957597209e-06,-0.295,0.4532,201.781,0
1.6375,0.0,3.593474957597209e-06,-0.295,0.4532,201.784,0
1.6389,0.0,3.593474957597209e-06,-0.295,0.4532,201.758,0
1.6402,0.0,3.593474957597209e-06,-0.295,0.4532,201.784,0
1.6415,0.0,3.593474957597209e-06,-0.295,0.4532,201.739,0
1.6429,0.0,3.593474957597209e-06,-0.295,0.4532,201.794,0
1.6441,0.0,3.593474957597209e-06,-0.295,0.4532,201.75,0
1.6454,0.0,3.593474957597209e-06,-0.295,0.4532,201.802,0
1.6467,0.0,3.593474957597209e-06,-0.295,0.4532,201.79,0
1.648,0.0,3.593474957597209e-06,-0.295,0.4532,201.781,0
1.6493,0.0,3.593474957597209e-06,-0.295,0.4532,201.77,0
1.6506,0.0,3.593474957597209e-06,-0.295,0.4532,201.781,0
1.6518,0.0,3.593474957597209e-06,-0.295,0.4532,201.79,0
1.6532,0.0,3.593474957597209e-06,-0.295,0.4532,201.78,0
1.6546,0.0,3.593474957597209e-06,-0.295,0.4532,201.787,0
1.6559,0.0,3.593474957597209e-06,-0.295,0.4532,201.791,0
1.6572,0.0,3.593474957597209e-06,-0.295,0.4532,201.789,0
1.6585,0.0,3.593474957597209e-06,-0.295,0.4532,201.786,0
1.6598,0.0,3.593474957597209e-06,-0.295,0.4532,201.787,0
1.6611,0.0,3.593474957597209e-06,-0.295,0.4532,201.778,0
1.6624,0.0,3.593474957597209e-06,-0.295,0.4532,201.787,0
1.6637,0.0,3.593474957597209e-06,-0.295,0.4532,201.801,0
1.665,0.0,3.593474957597209e-06,-0.295,0.4532,201.796,0
1.6663,0.0,3.593474957597209e-06,-0.295,0.4532,201.755,0
1.6676,0.0,3.593474957597209e-06,-0.295,0.4532,201.805,0
1.6689,0.0,3.593474957597209e-06,-0.295,0.4532,201.814,0
1.6701,0.0,3.593474957597209e-06,-0.295,0.4532,201.777,0
1.6713,0.0,3.593474957597209e-06,-0.295,0.4532,201.755,0
1.6726,0.0,3.593474957597209e-06,-0.295,0.4532,201.794,0
1.6739,0.0,3.593474957597209e-06,-0.295,0.4532,201.763,0
1.6751,0.0,3.593474957597209e-06,-0.295,0.4532,201.787,0
1.6764,0.0,3.593474957597209e-06,-0.295,0.4532,201.763,0
1.6777,0.0,3.593474957597209e-06,-0.295,0.4532,201.779,0
1.6791,0.0,3.593474957597209e-06,-0.295,0.4532,201.779,0
1.6803,0.0,3.593474957597209e-06,-0.295,0.4532,201.758,0
1.6815,0.0,3.593474957597209e-06,-0.295,0.4532,201.798,0
1.6828,0.0,3.593474957597209e-06,-0.295,0.4532,201.776,0
1.6842,0.0,3.593474957597209e-06,-0.295,0.4532,201.771,0
1.6854,0.0,3.593474957597209e-06,-0.295,0.4532,201.801,0
1.6867,0.0,3.593474957597209e-06,-0.295,0.4532,201.754,0
1.688,0.0,3.593474957597209e-06,-0.295,0.4532,201.782,0
1.6892,0.0,3.593474957597209e-06,-0.295,0.4532,201.774,0
1.6905,0.0,3.593474957597209e-06,-0.295,0.4532,201.783,0
1.6918,0.0,3.593474957597209e-06,-0.295,0.4532,201.778,0
1.6931,0.0,3.593474957597209e-06,-0.295,0.4532,201.772,0
1.6943,0.0,3.593474957597209e-06,-0.295,0.4532,201.767,0
1.6957,0.0,3.593474957597209e-06,-0.295,0.4532,201.802,0
1.6971,0.0,3.593474957597209e-06,-0.295,0.4532,201.774,0
1.6984,0.0,3.593474957597209e-06,-0.295,0.4532,201.767,0
1.6996,0.0,3.593474957597209e-06,-0.295,0.4532,201.75,0
1.7008,0.0,3.593474957597209e-06,-0.295,0.4532,201.797,0
1.7021,0.0,3.593474957597209e-06,-0.295,0.4532,201.778,0
1.7034,0.0,3.593474957597209e-06,-0.295,0.4532,201.793,0
1.7046,0.0,3.593474957597209e-06,-0.295,0.4532,201.807,0
1.7061,0.0,3.593474957597209e-06,-0.295,0.4532,201.796,0
1.7074,0.0,3.593474957597209e-06,-0.295,0.4532,201.793,0
1.7087,0.0,3.593474957597209e-06,-0.295,0.4532,201.804,0
1.71,0.0,3.593474957597209e-06,-0.295,0.4532,201.788,0
1.7113,0.0,3.593474957597209e-06,-0.295,0.4532,201.811,0
1.7125,0.0,3.593474957597209e-06,-0.295,0.4532,201.764,0
1.7138,0.0,3.593474957597209e-06,-0.295,0.4532,201.806,0
1.7151,0.0,3.593474957597209e-06,-0.295,0.4532,201.779,0
1.7163,0.0,3.593474957597209e-06,-0.295,0.4532,201.785,0
1.7176,0.0,3.593474957597209e-06,-0.295,0.4532,201.822,0
1.7188,0.0,3.593474957597209e-06,-0.295,0.4532,201.778,0
1.7201,0.0,3.593474957597209e-06,-0.295,0.4532,201.77,0
1.7214,0.0,3.593474957597209e-06,-0.295,0.4532,201.798,0
1.7227,0.0,3.593474957597209e-06,-0.295,0.4532,201.779,0
1.724,0.0,3.593474957597209e-06,-0.295,0.4532,201.776,0
1.7254,0.0,3.593474957597209e-06,-0.295,0.4532,201.802,0
1.7267,0.0,3.593474957597209e-06,-0.295,0.4532,201.808,0
1.728,0.0,3.593474957597209e-06,-0.295,0.4532,201.784,0
1.7292,0.0,3.593474957597209e-06,-0.295,0.4532,201.792,0
1.7305,0.0,3.593474957597209e-06,-0.295,0.4532,201.783,0
1.7317,0.0,3.593474957597209e-06,-0.295,0.4532,201.768,0
1.733,0.0,3.593474957597209e-06,-0.295,0.4532,201.803,0
1.7343,0.0,3.593474957597209e-06,-0.295,0.4532,201.786,0
1.7356,0.0,3.593474957597209e-06,-0.295,0.4532,201.778,0
1.7369,0.0,3.593474957597209e-06,-0.295,0.4532,201.783,0
1.7382,0.0,3.593474957597209e-06,-0.295,0.4532,201.784,0
1.7395,0.0,3.593474957597209e-06,-0.295,0.4532,201.801,0
1.7408,0.0,3.593474957597209e-06,-0.295,0.4532,201.788,0
1.7421,0.0,3.593474957597209e-06,-0.295,0.4532,201.768,0
1.7434,0.0,3.593474957597209e-06,-0.295,0.4532,201.789,0
1.7448,0.0,3.593474957597209e-06,-0.295,0.4532,201.774,0
1.7462,0.0,3.593474957597209e-06,-0.295,0.4532,201.795,0
1.7475,0.0,3.593474957597209e-06,-0.295,0.4532,201.779,0
1.7488,0.0,3.593474957597209e-06,-0.295,0.4532,201.801,0
1.7501,0.0,3.593474957597209e-06,-0.295,0.4532,201.754,0
1.7513,0.0,3.593474957597209e-06,-0.295,0.4532,201.793,0
1.7526,0.0,3.593474957597209e-06,-0.295,0.4532,201.769,0
1.7539,0.0,3.593474957597209e-06,-0.295,0.4532,201.795,0
1.7552,0.0,3.593474957597209e-06,-0.295,0.4532,201.758,0
1.7565,0.0,3.593474957597209e-06,-0.295,0.4532,201.81,0
1.7579,0.0,3.593474957597209e-06,-0.295,0.4532,201.788,0
1.7592,0.0,3.593474957597209e-06,-0.295,0.4532,201.794,0
1.7605,0.0,3.593474957597209e-06,-0.295,0.4532,201.773,0
1.7619,0.0,3.593474957597209e-06,-0.295,0.4532,201.82,0
1.7633,0.0,3.593474957597209e-06,-0.295,0.4532,201.761,0
1.7646,0.0,3.593474957597209e-06,-0.295,0.4532,201.772,0
1.7659,0.0,3.593474957597209e-06,-0.295,0.4532,201.76,0
1.7673,0.0,3.593474957597209e-06,-0.295,0.4532,201.739,0
1.7686,0.0,3.593474957597209e-06,-0.295,0.4532,201.812,0
1.77,0.0,3.593474957597209e-06,-0.295,0.4532,201.774,0
1.7713,0.0,3.593474957597209e-06,-0.295,0.4532,201.797,0
1.7726,0.0,3.593474957597209e-06,-0.295,0.4532,201.751,0
1.7739,0.0,3.593474957597209e-06,-0.295,0.4532,201.797,0
1.7751,0.0,3.593474957597209e-06,-0.295,0.4532,201.772,0
1.7764,0.0,3.593474957597209e-06,-0.295,0.4532,201.76,0
1.7776,0.0,3.593474957597209e-06,-0.295,0.4532,201.826,0
1.7791,0.0,3.593474957597209e-06,-0.295,0.4532,201.777,0
1.7803,0.0,3.593474957597209e-06,-0.295,0.4532,201.776,0
1.7815,0.0,3.593474957597209e-06,-0.295,0.4532,201.771,0
1.7828,0.0,3.593474957597209e-06,-0.295,0.4532,201.782,0
1.7841,0.0,3.593474957597209e-06,-0.295,0.4532,201.805,0
1.7854,0.0,3.593474957597209e-06,-0.295,0.4532,201.79,0
1.7866,0.0,3.593474957597209e-06,-0.295,0.4532,201.797,0
1.7879,0.0,3.593474957597209e-06,-0.295,0.4532,201.788,0
1.7892,0.0,3.593474957597209e-06,-0.295,0.4532,201.757,0
1.7905,0.0,3.593474957597209e-06,-0.295,0.4532,201.787,0
1.7917,0.0,3.593474957597209e-06,-0.295,0.4532,201.791,0
1.793,0.0,3.593474957597209e-06,-0.295,0.4532,201.782,0
1.7942,0.0,3.593474957597209e-06,-0.295,0.4532,201.818,0
1.7955,0.0,3.593474957597209e-06,-0.295,0.4532,201.754,0
1.7968,0.0,3.593474957597209e-06,-0.295,0.4532,201.776,0
1.7981,0.0,3.593474957597209e-06,-0.295,0.4532,201.794,0
1.7994,0.0,3.593474957597209e-06,-0.295,0.4532,201.771,0
1.8006,0.0,3.593474957597209e-06,-0.295,0.4532,201.807,0
1.8018,0.0,3.593474957597209e-06,-0.295,0.4532,201.783,0
1.8031,0.0,3.593474957597209e-06,-0.295,0.4532,201.773,0
1.8044,0.0,3.593474957597209e-06,-0.295,0.4532,201.781,0
1.8056,0.0,3.593474957597209e-06,-0.295,0.4532,201.819,0
1.8068,0.0,3.593474957597209e-06,-0.295,0.4532,201.759,0
1.8082,0.0,3.593474957597209e-06,-0.295,0.4532,201.797,0
1.8094,0.0,3.593474957597209e-06,-0.295,0.4532,201.792,0
1.8106,0.0,3.593474957597209e-06,-0.295,0.4532,201.775,0
1.8118,0.0,3.593474957597209e-06,-0.295,0.4532,201.801,0
1.8131,0.0,3.593474957597209e-06,-0.295,0.4532,201.782,0
1.8144,0.0,3.593474957597209e-06,-0.295,0.4532,201.752,0
1.8155,0.0,3.593474957597209e-06,-0.295,0.4532,201.779,0
1.8168,0.0,3.593474957597209e-06,-0.295,0.4532,201.778,0
1.8181,0.0,3.593474957597209e-06,-0.295,0.4532,201.769,0
1.8193,0.0,3.593474957597209e-06,-0.295,0.4532,201.799,0
1.8206,0.0,3.593474957597209e-06,-0.295,0.4532,201.735,0
1.8218,0.0,3.593474957597209e-06,-0.295,0.4532,201.793,0
1.8231,0.0,3.593474957597209e-06,-0.295,0.4532,201.818,0
1.8243,0.0,3.593474957597209e-06,-0.295,0.4532,201.792,0
1.8255,0.0,3.593474957597209e-06,-0.295,0.4532,201.784,0
1.8267,0.0,3.593474957597209e-06,-0.295,0.4532,201.8,0
1.8281,0.0,3.593474957597209e-06,-0.295,0.4532,201.735,0
1.8294,0.0,3.593474957597209e-06,-0.295,0.4532,201.79,0
1.8306,0.0,3.593474957597209e-06,-0.295,0.4532,201.785,0
1.8319,0.0,3.593474957597209e-06,-0.295,0.4532,201.773,0
1.8332,0.0,3.593474957597209e-06,-0.295,0.4532,201.77,0
1.8344,0.0,3.593474957597209e-06,-0.295,0.4532,201.815,0
1.8356,0.0,3.593474957597209e-06,-0.295,0.4532,201.784,0
1.8369,0.0,3.593474957597209e-06,-0.295,0.4532,201.792,0
1.8381,0.0,3.593474957597209e-06,-0.295,0.4532,201.748,0
1.8393,0.0,3.593474957597209e-06,-0.295,0.4532,201.793,0
1.8406,0.0,3.593474957597209e-06,-0.295,0.4532,201.854,0
1.8419,0.0,3.593474957597209e-06,-0.295,0.4532,201.776,0
1.8431,0.0,3.593474957597209e-06,-0.295,0.4532,201.769,0
1.8443,0.0,3.593474957597209e-06,-0.295,0.4532,201.772,0
1.8455,0.0,3.593474957597209e-06,-0.295,0.4532,201.772,0
1.8468,0.0,3.593474957597209e-06,-0.295,0.4532,201.784,0
1.8481,0.0,3.593474957597209e-06,-0.295,0.4532,201.788,0
1.8493,0.0,3.593474957597209e-06,-0.295,0.4532,201.756,0
1.8505,0.0,3.593474957597209e-06,-0.295,0.4532,201.805,0
1.8518,0.0,3.593474957597209e-06,-0.295,0.4532,201.754,0
1.8531,0.0,3.593474957597209e-06,-0.295,0.4532,201.789,0
1.8543,0.0,3.593474957597209e-06,-0.295,0.4532,201.79,0
1.8555,0.0,3.593474957597209e-06,-0.295,0.4532,201.778,0
1.8567,0.0,3.593474957597209e-06,-0.295,0.4532,201.804,0
1.858,0.0,3.593474957597209e-06,-0.295,0.4532,201.791,0
1.8593,0.0,3.593474957597209e-06,-0.295,0.4532,201.736,0
1.8605,0.0,3.593474957597209e-06,-0.295,0.4532,201.809,0
1.8617,0.0,3.593474957597209e-06,-0.295,0.4532,201.775,0
1.8629,0.0,3.593474957597209e-06,-0.295,0.4532,201.769,0
1.8641,0.0,3.593474957597209e-06,-0.295,0.4532,201.785,0
1.8653,0.0,3.593474957597209e-06,-0.295,0.4532,201.771,0
1.8666,0.0,3.593474957597209e-06,-0.295,0.4532,201.779,0
1.8678,0.0,3.593474957597209e-06,-0.295,0.4532,201.805,0
1.8691,0.0,3.593474957597209e-06,-0.295,0.4532,201.771,0
1.8704,0.0,3.593474957597209e-06,-0.295,0.4532,201.774,0
1.8716,0.0,3.593474957597209e-06,-0.295,0.4532,201.785,0
1.8728,0.0,3.593474957597209e-06,-0.295,0.4532,201.77,0
1.8741,0.0,3.593474957597209e-06,-0.295,0.4532,201.752,0
1.8754,0.0,3.593474957597209e-06,-0.295,0.4532,201.806,0
1.8766,0.0,3.593474957597209e-06,-0.295,0.4532,201.757,0
1.8779,0.0,3.593474957597209e-06,-0.295,0.4532,201.77,0
1.8791,0.0,3.593474957597209e-06,-0.295,0.4532,201.768,0
1.8804,0.0,3.593474957597209e-06,-0.295,0.4532,201.768,0
1.8816,0.0,3.593474957597209e-06,-0.295,0.4532,201.79,0
1.8828,0.0,3.593474957597209e-06,-0.295,0.4532,201.782,0
1.8841,0.0,3.593474957597209e-06,-0.295,0.4532,201.779,0
1.8853,0.0,3.593474957597209e-06,-0.295,0.4532,201.782,0
1.8865,0.0,3.593474957597209e-06,-0.295,0.4532,201.782,0
1.8877,0.0,3.593474957597209e-06,-0.295,0.4532,201.77,0
1.8891,0.0,3.593474957597209e-06,-0.295,0.4532,201.804,0
1.8903,0.0,3.593474957597209e-06,-0.295,0.4532,201.766,0
1.8916,0.0,3.593474957597209e-06,-0.295,0.4532,201.761,0
1.8928,0.0,3.593474957597209e-06,-0.295,0.4532,201.775,0
1.8942,0.0,3.593474957597209e-06,-0.295,0.4532,201.773,0
1.8954,0.0,3.593474957597209e-06,-0.295,0.4532,201.814,0
1.8967,0.0,3.593474957597209e-06,-0.295,0.4532,201.776,0
1.8979,0.0,3.593474957597209e-06,-0.295,0.4532,201.775,0
1.8992,0.0,3.593474957597209e-06,-0.295,0.4532,201.777,0
1.9004,0.0,3.593474957597209e-06,-0.295,0.4532,201.798,0
1.9017,0.0,3.593474957597209e-06,-0.295,0.4532,201.772,0
1.903,0.0,3.593474957597209e-06,-0.295,0.4532,201.793,0
1.9042,0.0,3.593474957597209e-06,-0.295,0.4532,201.76,0
1.9054,0.0,3.593474957597209e-06,-0.295,0.4532,201.752,0
1.9067,0.0,3.593474957597209e-06,-0.295,0.4532,201.758,0
1.908,0.0,3.593474957597209e-06,-0.295,0.4532,201.755,0
1.9093,0.0,3.593474957597209e-06,-0.295,0.4532,201.843,0
1.9106,0.0,3.593474957597209e-06,-0.295,0.4532,201.771,0
1.9119,0.0,3.593474957597209e-06,-0.295,0.4532,201.811,0
1.9132,0.0,3.593474957597209e-06,-0.295,0.4532,201.785,0
1.9144,0.0,3.593474957597209e-06,-0.295,0.4532,201.751,0
1.9157,0.0,3.593474957597209e-06,-0.295,0.4532,201.773,0
1.9169,0.0,3.593474957597209e-06,-0.295,0.4532,201.795,0
1.9182,0.0,3.593474957597209e-06,-0.295,0.4532,201.792,0
1.9194,0.0,3.593474957597209e-06,-0.295,0.4532,201.754,0
1.9207,0.0,3.593474957597209e-06,-0.295,0.4532,201.767,0
1.922,0.0,3.593474957597209e-06,-0.295,0.4532,201.777,0
1.9233,0.0,3.593474957597209e-06,-0.295,0.4532,201.792,0
1.9246,0.0,3.593474957597209e-06,-0.295,0.4532,201.787,0
1.9259,0.0,3.593474957597209e-06,-0.295,0.4532,201.806,0
1.9272,0.0,3.593474957597209e-06,-0.295,0.4532,201.785,0
1.9284,0.0,3.593474957597209e-06,-0.295,0.4532,201.804,0
1.9297,0.0,3.593474957597209e-06,-0.295,0.4532,201.771,0
1.9309,0.0,3.593474957597209e-06,-0.295,0.4532,201.743,0
1.9321,0.0,3.593474957597209e-06,-0.295,0.4532,201.789,0
1.9334,0.0,3.593474957597209e-06,-0.295,0.4532,201.788,0
1.9346,0.0,3.593474957597209e-06,-0.295,0.4532,201.773,0
1.9359,0.0,3.593474957597209e-06,-0.295,0.4532,201.76,0
1.9373,0.0,3.593474957597209e-06,-0.295,0.4532,201.791,0
1.9386,0.0,3.593474957597209e-06,-0.295,0.4532,201.775,0
1.9399,0.0,3.593474957597209e-06,-0.295,0.4532,201.786,0
1.9412,0.0,3.593474957597209e-06,-0.295,0.4532,201.757,0
1.9424,0.0,3.593474957597209e-06,-0.295,0.4532,201.803,0
1.9437,0.0,3.593474957597209e-06,-0.295,0.4532,201.772,0
1.945,0.0,3.593474957597209e-06,-0.295,0.4532,201.784,0
1.9463,0.0,3.593474957597209e-06,-0.295,0.4532,201.762,0
1.9475,0.0,3.593474957597209e-06,-0.295,0.4532,201.767,0
1.9488,0.0,3.593474957597209e-06,-0.295,0.4532,201.832,0
1.9501,0.0,3.593474957597209e-06,-0.295,0.4532,201.795,0
1.9513,0.0,3.593474957597209e-06,-0.295,0.4532,201.762,0
1.9525,0.0,3.593474957597209e-06,-0.295,0.4532,201.806,0
1.9539,0.0,3.593474957597209e-06,-0.295,0.4532,201.771,0
1.9552,0.0,3.593474957597209e-06,-0.295,0.4532,201.775,0
1.9565,0.0,3.593474957597209e-06,-0.295,0.4532,201.784,0
1.9577,0.0,3.593474957597209e-06,-0.295,0.4532,201.781,0
1.9591,0.0,3.593474957597209e-06,-0.295,0.4532,201.791,0
1.9603,0.0,3.593474957597209e-06,-0.295,0.4532,201.757,0
1.9616,0.0,3.593474957597209e-06,-0.295,0.4532,201.765,0
1.9629,0.0,3.593474957597209e-06,-0.295,0.4532,201.783,0
1.9642,0.0,3.593474957597209e-06,-0.295,0.4532,201.799,0
1.9654,0.0,3.593474957597209e-06,-0.295,0.4532,201.797,0
1.9667,0.0,3.593474957597209e-06,-0.295,0.4532,201.738,0
1.9681,0.0,3.593474957597209e-06,-0.295,0.4532,201.793,0
1.9694,0.0,3.593474957597209e-06,-0.295,0.4532,201.783,0
1.9707,0.0,3.593474957597209e-06,-0.295,0.4532,201.774,0
1.972,0.0,3.593474957597209e-06,-0.295,0.4532,201.783,0
1.9733,0.0,3.593474957597209e-06,-0.295,0.4532,201.756,0
1.9746,0.0,3.593474957597209e-06,-0.295,0.4532,201.783,0
1.9759,0.0,3.593474957597209e-06,-0.295,0.4532,201.779,0
1.9772,0.0,3.593474957597209e-06,-0.295,0.4532,201.775,0
1.9785,0.0,3.593474957597209e-06,-0.295,0.4532,201.792,0
1.9798,0.0,3.593474957597209e-06,-0.295,0.4532,201.796,0
1.9812,0.0,3.593474957597209e-06,-0.295,0.4532,201.79,0
1.9826,0.0,3.593474957597209e-06,-0.295,0.4532,201.765,0
1.9839,0.0,3.593474957597209e-06,-0.295,0.4532,201.782,0
1.9851,0.0,3.593474957597209e-06,-0.295,0.4532,201.771,0
1.9864,0.0,3.593474957597209e-06,-0.295,0.4532,201.76,0
1.9877,0.0,3.593474957597209e-06,-0.295,0.4532,201.799,0
1.989,0.0,3.593474957597209e-06,-0.295,0.4532,201.765,0
1.9903,0.0,3.593474957597209e-06,-0.295,0.4532,201.774,0
1.9915,0.0,3.593474957597209e-06,-0.295,0.4532,201.776,0
1.9929,0.0,3.593474957597209e-06,-0.295,0.4532,201.8,0
1.9942,0.0,3.593474957597209e-06,-0.295,0.4532,201.766,0
1.9956,0.0,3.593474957597209e-06,-0.295,0.4532,201.792,0
1.9969,0.0,3.593474957597209e-06,-0.295,0.4532,201.769,0
1.9982,0.0,3.593474957597209e-06,-0.295,0.4532,201.765,0
1.9994,0.0,3.593474957597209e-06,-0.295,0.4532,201.779,0
2.0007,0.0,3.593474957597209e-06,-0.295,0.4532,201.834,0
2.0021,0.0,3.593474957597209e-06,-0.295,0.4532,201.782,0
2.0033,0.0,3.593474957597209e-06,-0.295,0.4532,201.797,0
2.0045,0.0,3.593474957597209e-06,-0.295,0.4532,201.758,0
2.0058,0.0,3.593474957597209e-06,-0.295,0.4532,201.818,0
2.0072,0.0,3.593474957597209e-06,-0.295,0.4532,201.791,0
2.0085,0.0,3.593474957597209e-06,-0.295,0.4532,201.765,0
2.0098,0.0,3.593474957597209e-06,-0.295,0.4532,201.822,0
2.0112,0.0,3.593474957597209e-06,-0.295,0.4532,201.794,0
2.0126,0.0,3.593474957597209e-06,-0.295,0.4532,201.808,0
2.0141,0.0,3.593474957597209e-06,-0.295,0.4532,201.748,0
2.0154,0.0,3.593474957597209e-06,-0.295,0.4532,201.807,0
2.0169,0.0,3.593474957597209e-06,-0.295,0.4532,201.779,0
2.0183,0.0,3.593474957597209e-06,-0.295,0.4532,201.766,0
2.0196,0.0,3.593474957597209e-06,-0.295,0.4532,201.785,0
2.0209,0.0,3.593474957597209e-06,-0.295,0.4532,201.794,0
2.0222,0.0,3.593474957597209e-06,-0.295,0.4532,201.752,0
2.0234,0.0,3.593474957597209e-06,-0.295,0.4532,201.764,0
2.0246,0.0,3.593474957597209e-06,-0.295,0.4532,201.815,0
2.0259,0.0,3.593474957597209e-06,-0.295,0.4532,201.755,0
2.0272,0.0,3.593474957597209e-06,-0.295,0.4532,201.793,0
2.0284,0.0,3.593474957597209e-06,-0.295,0.4532,201.752,0
2.0297,0.0,3.593474957597209e-06,-0.295,0.4532,201.799,0
2.031,0.0,3.593474957597209e-06,-0.295,0.4532,201.79,0
2.0323,0.0,3.593474957597209e-06,-0.295,0.4532,201.782,0
2.0336,0.0,3.593474957597209e-06,-0.295,0.4532,201.771,0
2.0349,0.0,3.593474957597209e-06,-0.295,0.4532,201.78,0
2.0362,0.0,3.593474957597209e-06,-0.295,0.4532,201.789,0
2.0374,0.0,3.593474957597209e-06,-0.295,0.4532,201.791,0
2.0387,0.0,3.593474957597209e-06,-0.295,0.4532,201.774,0
2.0401,0.0,3.593474957597209e-06,-0.295,0.4532,201.781,0
2.0413,0.0,3.593474957597209e-06,-0.295,0.4532,201.747,0
2.0425,0.0,3.593474957597209e-06,-0.295,0.4532,201.795,0
2.0437,0.0,3.593474957597209e-06,-0.295,0.4532,201.794,0
2.045,0.0,3.593474957597209e-06,-0.295,0.4532,201.809,0
2.0462,0.0,3.593474957597209e-06,-0.295,0.4532,201.759,0
2.0474,0.0,3.593474957597209e-06,-0.295,0.4532,201.786,0
2.0488,0.0,3.593474957597209e-06,-0.295,0.4532,201.774,0
2.0501,0.0,3.593474957597209e-06,-0.295,0.4532,201.781,0
2.0513,0.0,3.593474957597209e-06,-0.295,0.4532,201.786,0
2.0525,0.0,3.593474957597209e-06,-0.295,0.4532,201.777,0
2.0539,0.0,3.593474957597209e-06,-0.295,0.4532,201.783,0
2.0551,0.0,3.593474957597209e-06,-0.295,0.4532,201.795,0
2.0563,0.0,3.593474957597209e-06,-0.295,0.4532,201.775,0
2.0576,0.0,3.593474957597209e-06,-0.295,0.4532,201.788,0
2.0588,0.0,3.593474957597209e-06,-0.295,0.4532,201.772,0
2.0601,0.0,3.593474957597209e-06,-0.295,0.4532,201.778,0
2.0614,0.0,3.593474957597209e-06,-0.295,0.4532,201.772,0
2.0626,0.0,3.593474957597209e-06,-0.295,0.4532,201.765,0
2.064,0.0,3.593474957597209e-06,-0.295,0.4532,201.8,0
2.0653,0.0,3.593474957597209e-06,-0.295,0.4532,201.815,0
2.0665,0.0,3.593474957597209e-06,-0.295,0.4532,201.807,0
2.0679,0.0,3.593474957597209e-06,-0.295,0.4532,201.821,0
2.0691,0.0,3.593474957597209e-06,-0.295,0.4532,201.77,0
2.0704,0.0,3.593474957597209e-06,-0.295,0.4532,201.802,0
2.0716,0.0,3.593474957597209e-06,-0.295,0.4532,201.764,0
2.0729,0.0,3.593474957597209e-06,-0.295,0.4532,201.805,0
2.0742,0.0,3.593474957597209e-06,-0.295,0.4532,201.786,0
2.0754,0.0,3.593474957597209e-06,-0.295,0.4532,201.776,0
2.0767,0.0,3.593474957597209e-06,-0.295,0.4532,201.796,0
2.078,0.0,3.593474957597209e-06,-0.295,0.4532,201.759,0
2.0793,0.0,3.593474957597209e-06,-0.295,0.4532,201.738,0
2.0806,0.0,3.593474957597209e-06,-0.295,0.4532,201.823,0
2.0818,0.0,3.593474957597209e-06,-0.295,0.4532,201.781,0
2.0832,0.0,3.593474957597209e-06,-0.295,0.4532,201.779,0
2.0844,0.0,3.593474957597209e-06,-0.295,0.4532,201.803,0
2.0856,0.0,3.593474957597209e-06,-0.295,0.4532,201.799,0
2.0871,0.0,3.593474957597209e-06,-0.295,0.4532,201.792,0
2.0884,0.0,3.593474957597209e-06,-0.295,0.4532,201.774,0
2.0897,0.0,3.593474957597209e-06,-0.295,0.4532,201.802,0
2.091,0.0,3.593474957597209e-06,-0.295,0.4532,201.766,0
2.0923,0.0,3.593474957597209e-06,-0.295,0.4532,201.807,0
2.0936,0.0,3.593474957597209e-06,-0.295,0.4532,201.792,0
2.0949,0.0,3.593474957597209e-06,-0.295,0.4532,201.749,0
2.0962,0.0,3.593474957597209e-06,-0.295,0.4532,201.797,0
2.0974,0.0,3.593474957597209e-06,-0.295,0.4532,201.775,0
2.0987,0.0,3.593474957597209e-06,-0.295,0.4532,201.788,0
2.1,0.0,3.593474957597209e-06,-0.295,0.4532,201.783,0
2.1013,0.0,3.593474957597209e-06,-0.295,0.4532,201.786,0
2.1026,0.0,3.593474957597209e-06,-0.295,0.4532,201.818,0
2.1039,0.0,3.593474957597209e-06,-0.295,0.4532,201.755,0
2.1052,0.0,3.593474957597209e-06,-0.295,0.4532,201.789,0
2.1067,0.0,3.593474957597209e-06,-0.295,0.4532,201.825,0
2.1081,0.0,3.593474957597209e-06,-0.295,0.4532,201.771,0
2.1094,0.0,3.593474957597209e-06,-0.295,0.4532,201.786,0
2.1107,0.0,3.593474957597209e-06,-0.295,0.4532,201.777,0
2.1121,0.0,3.593474957597209e-06,-0.295,0.4532,201.807,0
2.1135,0.0,3.593474957597209e-06,-0.295,0.4532,201.757,0
2.1147,0.0,3.593474957597209e-06,-0.295,0.4532,201.796,0
2.116,0.0,3.593474957597209e-06,-0.295,0.4532,201.773,0
2.1173,0.0,3.593474957597209e-06,-0.295,0.4532,201.798,0
2.1185,0.0,3.593474957597209e-06,-0.295,0.4532,201.795,0
2.1198,0.0,3.593474957597209e-06,-0.295,0.4532,201.758,0
2.1211,0.0,3.593474957597209e-06,-0.295,0.4532,201.808,0
2.1225,0.0,3.593474957597209e-06,-0.295,0.4532,201.765,0
2.1238,0.0,3.593474957597209e-06,-0.295,0.4532,201.802,0
2.1251,0.0,3.593474957597209e-06,-0.295,0.4532,201.773,0
2.1263,0.0,3.593474957597209e-06,-0.295,0.4532,201.784,0
2.1275,0.0,3.593474957597209e-06,-0.295,0.4532,201.779,0
2.129,0.0,3.593474957597209e-06,-0.295,0.4532,201.77,0
2.1303,0.0,3.593474957597209e-06,-0.295,0.4532,201.772,0
2.1315,0.0,3.593474957597209e-06,-0.295,0.4532,201.741,0
2.1327,0.0,3.593474957597209e-06,-0.295,0.4532,201.794,0
2.134,0.0,3.593474957597209e-06,-0.295,0.4532,201.812,0
2.1353,0.0,3.593474957597209e-06,-0.295,0.4532,201.741,0
2.1365,0.0,3.593474957597209e-06,-0.295,0.4532,201.808,0
2.1379,0.0,3.593474957597209e-06,-0.295,0.4532,201.808,0
2.1391,0.0,3.593474957597209e-06,-0.295,0.4532,201.788,0
2.1404,0.0,3.593474957597209e-06,-0.295,0.4532,201.806,0
2.1417,0.0,3.593474957597209e-06,-0.295,0.4532,201.776,0
2.143,0.0,3.593474957597209e-06,-0.295,0.4532,201.796,0
2.1442,0.0,3.593474957597209e-06,-0.295,0.4532,201.76,0
2.1454,0.0,3.593474957597209e-06,-0.295,0.4532,201.753,0
2.1467,0.0,3.593474957597209e-06,-0.295,0.4532,201.782,0
2.1481,0.0,3.593474957597209e-06,-0.295,0.4532,201.775,0
2.1493,0.0,3.593474957597209e-06,-0.295,0.4532,201.783,0
2.1505,0.0,3.593474957597209e-06,-0.295,0.4532,201.819,0
2.1518,0.0,3.593474957597209e-06,-0.295,0.4532,201.763,0
2.1531,0.0,3.593474957597209e-06,-0.295,0.4532,201.763,0
2.1544,0.0,3.593474957597209e-06,-0.295,0.4532,201.764,0
2.1556,0.0,3.593474957597209e-06,-0.295,0.4532,201.791,0
2.1569,0.0,3.593474957597209e-06,-0.295,0.4532,201.813,0
2.1581,0.0,3.593474957597209e-06,-0.295,0.4532,201.768,0
2.1593,0.0,3.593474957597209e-06,-0.295,0.4532,201.765,0
2.1605,0.0,3.593474957597209e-06,-0.295,0.4532,201.792,0
2.1618,0.0,3.593474957597209e-06,-0.295,0.4532,201.785,0
2.1631,0.0,3.593474957597209e-06,-0.295,0.4532,201.803,0
2.1643,0.0,3.593474957597209e-06,-0.295,0.4532,201.772,0
2.1656,0.0,3.593474957597209e-06,-0.295,0.4532,201.791,0
2.1668,0.0,3.593474957597209e-06,-0.295,0.4532,201.771,0
2.1681,0.0,3.593474957597209e-06,-0.295,0.4532,201.806,0
2.1694,0.0,3.593474957597209e-06,-0.295,0.4532,201.77,0
2.1706,0.0,3.593474957597209e-06,-0.295,0.4532,201.759,0
2.1719,0.0,3.593474957597209e-06,-0.295,0.4532,201.812,0
2.1731,0.0,3.593474957597209e-06,-0.295,0.4532,201.783,0
2.1744,0.0,3.593474957597209e-06,-0.295,0.4532,201.794,0
2.1756,0.0,3.593474957597209e-06,-0.295,0.4532,201.789,0
2.1769,0.0,3.593474957597209e-06,-0.295,0.4532,201.761,0
2.1781,0.0,3.593474957597209e-06,-0.295,0.4532,201.783,0
2.1794,0.0,3.593474957597209e-06,-0.295,0.4532,201.769,0
2.1807,0.0,3.593474957597209e-06,-0.295,0.4532,201.785,0
2.1821,0.0,3.593474957597209e-06,-0.295,0.4532,201.819,0
2.1833,0.0,3.593474957597209e-06,-0.295,0.4532,201.787,0
2.1846,0.0,3.593474957597209e-06,-0.295,0.4532,201.767,0
2.1858,0.0,3.593474957597209e-06,-0.295,0.4532,201.782,0
2.1874,0.0,3.593474957597209e-06,-0.295,0.4532,201.782,0
2.1886,0.0,3.593474957597209e-06,-0.295,0.4532,201.77,0
2.1899,0.0,3.593474957597209e-06,-0.295,0.4532,201.783,0
2.1911,0.0,3.593474957597209e-06,-0.295,0.4532,201.791,0
2.1924,0.0,3.593474957597209e-06,-0.295,0.4532,201.762,0
2.1937,0.0,3.593474957597209e-06,-0.295,0.4532,201.793,0
2.195,0.0,3.593474957597209e-06,-0.295,0.4532,201.79,0
2.1963,0.0,3.593474957597209e-06,-0.295,0.4532,201.782,0
2.1975,0.0,3.593474957597209e-06,-0.295,0.4532,201.791,0
2.1988,0.0,3.593474957597209e-06,-0.295,0.4532,201.774,0
2.2002,0.0,3.593474957597209e-06,-0.295,0.4532,201.765,0
2.2015,0.0,3.593474957597209e-06,-0.295,0.4532,201.784,0
2.2028,0.0,3.593474957597209e-06,-0.295,0.4532,201.818,0
2.2041,0.0,3.593474957597209e-06,-0.295,0.4532,201.798,0
2.2054,0.0,3.593474957597209e-06,-0.295,0.4532,201.765,0
2.2069,0.0,3.593474957597209e-06,-0.295,0.4532,201.784,0
2.2082,0.0,3.593474957597209e-06,-0.295,0.4532,201.743,0
2.2095,0.0,3.593474957597209e-06,-0.295,0.4532,201.822,0
2.2107,0.0,3.593474957597209e-06,-0.295,0.4532,201.782,0
2.212,0.0,3.593474957597209e-06,-0.295,0.4532,201.78,0
2.2133,0.0,3.593474957597209e-06,-0.295,0.4532,201.785,0
2.2145,0.0,3.593474957597209e-06,-0.295,0.4532,201.763,0
2.2158,0.0,3.593474957597209e-06,-0.295,0.4532,201.799,0
2.2172,0.0,3.593474957597209e-06,-0.295,0.4532,201.789,0
2.2184,0.0,3.593474957597209e-06,-0.295,0.4532,201.79,0
2.2198,0.0,3.593474957597209e-06,-0.295,0.4532,201.811,0
2.2211,0.0,3.593474957597209e-06,-0.295,0.4532,201.771,0
2.2224,0.0,3.593474957597209e-06,-0.295,0.4532,201.776,0
2.2237,0.0,3.593474957597209e-06,-0.295,0.4532,201.751,0
2.2251,0.0,3.593474957597209e-06,-0.295,0.4532,201.785,0
2.2264,0.0,3.593474957597209e-06,-0.295,0.4532,201.768,0
2.228,0.0,3.593474957597209e-06,-0.295,0.4532,201.799,0
2.2292,0.0,3.593474957597209e-06,-0.295,0.4532,201.763,0
2.2306,0.0,3.593474957597209e-06,-0.295,0.4532,201.775,0
2.232,0.0,3.593474957597209e-06,-0.295,0.4532,201.785,0
2.2334,0.0,3.593474957597209e-06,-0.295,0.4532,201.796,0
2.2347,0.0,3.593474957597209e-06,-0.295,0.4532,201.763,0
2.236,0.0,3.593474957597209e-06,-0.295,0.4532,201.772,0
2.2377,0.0,3.593474957597209e-06,-0.295,0.4532,201.769,0
2.2391,0.0,3.593474957597209e-06,-0.295,0.4532,201.793,0
2.2404,0.0,3.593474957597209e-06,-0.295,0.4532,201.777,0
2.2417,0.0,3.593474957597209e-06,-0.295,0.4532,201.824,0
2.243,0.0,3.593474957597209e-06,-0.295,0.4532,201.757,0
2.2444,0.0,3.593474957597209e-06,-0.295,0.4532,201.799,0
2.2456,0.0,3.593474957597209e-06,-0.295,0.4532,201.788,0
2.2469,0.0,3.593474957597209e-06,-0.295,0.4532,201.774,0
2.2481,0.0,3.593474957597209e-06,-0.295,0.4532,201.804,0
2.2495,0.0,3.593474957597209e-06,-0.295,0.4532,201.788,0
2.2508,0.0,3.593474957597209e-06,-0.295,0.4532,201.769,0
2.2521,0.0,3.593474957597209e-06,-0.295,0.4532,201.785,0
2.2534,0.0,3.593474957597209e-06,-0.295,0.4532,201.756,0
2.2546,0.0,3.593474957597209e-06,-0.295,0.4532,201.809,0
2.2559,0.0,3.593474957597209e-06,-0.295,0.4532,201.765,0
2.2572,0.0,3.593474957597209e-06,-0.295,0.4532,201.777,0
2.2585,0.0,3.593474957597209e-06,-0.295,0.4532,201.787,0
2.2598,0.0,3.593474957597209e-06,-0.295,0.4532,201.747,0
2.2611,0.0,3.593474957597209e-06,-0.295,0.4532,201.796,0
2.2623,0.0,3.593474957597209e-06,-0.295,0.4532,201.741,0
2.2636,0.0,3.593474957597209e-06,-0.295,0.4532,201.785,0
2.2648,0.0,3.593474957597209e-06,-0.295,0.4532,201.817,0
2.2662,0.0,3.593474957597209e-06,-0.295,0.4532,201.774,0
2.2675,0.0,3.593474957597209e-06,-0.295,0.4532,201.78,0
2.2687,0.0,3.593474957597209e-06,-0.295,0.4532,201.767,0
2.2699,0.0,3.593474957597209e-06,-0.295,0.4532,201.747,0
2.2712,0.0,3.593474957597209e-06,-0.295,0.4532,201.803,0
2.2724,0.0,3.593474957597209e-06,-0.295,0.4532,201.764,0
2.2737,0.0,3.593474957597209e-06,-0.295,0.4532,201.797,0
2.275,0.0,3.593474957597209e-06,-0.295,0.4532,201.786,0
2.2763,0.0,3.593474957597209e-06,-0.295,0.4532,201.763,0
2.2777,0.0,3.593474957597209e-06,-0.295,0.4532,201.79,0
2.2791,0.0,3.593474957597209e-06,-0.295,0.4532,201.779,0
2.2803,0.0,3.593474957597209e-06,-0.295,0.4532,201.792,0
2.2816,0.0,3.593474957597209e-06,-0.295,0.4532,201.764,0
2.2828,0.0,3.593474957597209e-06,-0.295,0.4532,201.779,0
2.2841,0.0,3.593474957597209e-06,-0.295,0.4532,201.809,0
2.2853,0.0,3.593474957597209e-06,-0.295,0.4532,201.78,0
2.2866,0.0,3.593474957597209e-06,-0.295,0.4532,201.768,0
2.2879,0.0,3.593474957597209e-06,-0.295,0.4532,201.761,0
2.2891,0.0,3.593474957597209e-06,-0.295,0.4532,201.751,0
2.2904,0.0,3.593474957597209e-06,-0.295,0.4532,201.767,0
2.2917,0.0,3.593474957597209e-06,-0.295,0.4532,201.786,0
2.2929,0.0,3.593474957597209e-06,-0.295,0.4532,201.793,0
2.2941,0.0,3.593474957597209e-06,-0.295,0.4532,201.767,0
2.2954,0.0,3.593474957597209e-06,-0.295,0.4532,201.789,0
2.2966,0.0,3.593474957597209e-06,-0.295,0.4532,201.772,0
2.2978,0.0,3.593474957597209e-06,-0.295,0.4532,201.779,0
2.2992,0.0,3.593474957597209e-06,-0.295,0.4532,201.799,0
2.3004,0.0,3.593474957597209e-06,-0.295,0.4532,201.766,0
2.3017,0.0,3.593474957597209e-06,-0.295,0.4532,201.829,0
2.303,0.0,3.593474957597209e-06,-0.295,0.4532,201.782,0
2.3043,0.0,3.593474957597209e-06,-0.295,0.4532,201.811,0
2.3056,0.0,3.593474957597209e-06,-0.295,0.4532,201.804,0
2.3069,0.0,3.593474957597209e-06,-0.295,0.4532,201.778,0
2.3082,0.0,3.593474957597209e-06,-0.295,0.4532,201.818,0
2.3094,0.0,3.593474957597209e-06,-0.295,0.4532,201.765,0
2.3107,0.0,3.593474957597209e-06,-0.295,0.4532,201.76,0
2.312,0.0,3.593474957597209e-06,-0.295,0.4532,201.789,0
2.3131,0.0,3.593474957597209e-06,-0.295,0.4532,201.788,0
2.3144,0.0,3.593474957597209e-06,-0.295,0.4532,201.8,0
2.3156,0.0,3.593474957597209e-06,-0.295,0.4532,201.802,0
2.3168,0.0,3.593474957597209e-06,-0.295,0.4532,201.739,0
2.3181,0.0,3.593474957597209e-06,-0.295,0.4532,201.8,0
2.3193,0.0,3.593474957597209e-06,-0.295,0.4532,201.797,0
2.3206,0.0,3.593474957597209e-06,-0.295,0.4532,201.789,0
2.3218,0.0,3.593474957597209e-06,-0.295,0.4532,201.801,0
2.3231,0.0,3.593474957597209e-06,-0.295,0.4532,201.766,0
2.3244,0.0,3.593474957597209e-06,-0.295,0.4532,201.783,0
2.3256,0.0,3.593474957597209e-06,-0.295,0.4532,201.809,0
2.3269,0.0,3.593474957597209e-06,-0.295,0.4532,201.777,0
2.3281,0.0,3.593474957597209e-06,-0.295,0.4532,201.756,0
2.3294,0.0,3.593474957597209e-06,-0.295,0.4532,201.798,0
2.3307,0.0,3.593474957597209e-06,-0.295,0.4532,201.791,0
2.332,0.0,3.593474957597209e-06,-0.295,0.4532,201.806,0
2.3333,0.0,3.593474957597209e-06,-0.295,0.4532,201.761,0
2.3345,0.0,3.593474957597209e-06,-0.295,0.4532,201.783,0
2.3358,0.0,3.593474957597209e-06,-0.295,0.4532,201.81,0
2.337,0.0,3.593474957597209e-06,-0.295,0.4532,201.77,0
2.3383,0.0,3.593474957597209e-06,-0.295,0.4532,201.797,0
2.3395,0.0,3.593474957597209e-06,-0.295,0.4532,201.787,0
2.3407,0.0,3.593474957597209e-06,-0.295,0.4532,201.765,0
2.3421,0.0,3.593474957597209e-06,-0.295,0.4532,201.78,0
2.3433,0.0,3.593474957597209e-06,-0.295,0.4532,201.8,0
2.3445,0.0,3.593474957597209e-06,-0.295,0.4532,201.773,0
2.3459,0.0,3.593474957597209e-06,-0.295,0.4532,201.795,0
2.3471,0.0,3.593474957597209e-06,-0.295,0.4532,201.763,0
2.3483,0.0,3.593474957597209e-06,-0.295,0.4532,201.753,0
2.3495,0.0,3.593474957597209e-06,-0.295,0.4532,201.791,0
2.3507,0.0,3.593474957597209e-06,-0.295,0.4532,201.816,0
2.3521,0.0,3.593474957597209e-06,-0.295,0.4532,201.751,0
2.3533,0.0,3.593474957597209e-06,-0.295,0.4532,201.802,0
2.3546,0.0,3.593474957597209e-06,-0.295,0.4532,201.78,0
2.3558,0.0,3.593474957597209e-06,-0.295,0.4532,201.798,0
2.3572,0.0,3.593474957597209e-06,-0.295,0.4532,201.797,0
2.3585,0.0,3.593474957597209e-06,-0.295,0.4532,201.781,0
2.3597,0.0,3.593474957597209e-06,-0.295,0.4532,201.806,0
2.3611,0.0,3.593474957597209e-06,-0.295,0.4532,201.761,0
2.3624,0.0,3.593474957597209e-06,-0.295,0.4532,201.787,0
2.3636,0.0,3.593474957597209e-06,-0.295,0.4532,201.806,0
2.3648,0.0,3.593474957597209e-06,-0.295,0.4532,201.774,0
2.3662,0.0,3.593474957597209e-06,-0.295,0.4532,201.782,0
2.3674,0.0,3.593474957597209e-06,-0.295,0.4532,201.782,0
2.3686,0.0,3.593474957597209e-06,-0.295,0.4532,201.777,0
2.3699,0.0,3.593474957597209e-06,-0.295,0.4532,201.812,0
2.3712,0.0,3.593474957597209e-06,-0.295,0.4532,201.778,0
2.3725,0.0,3.593474957597209e-06,-0.295,0.4532,201.787,0
2.3738,0.0,3.593474957597209e-06,-0.295,0.4532,201.773,0
2.3752,0.0,3.593474957597209e-06,-0.295,0.4532,201.783,0
2.3764,0.0,3.593474957597209e-06,-0.295,0.4532,201.792,0
2.3778,0.0,3.593474957597209e-06,-0.295,0.4532,201.782,0
2.3791,0.0,3.593474957597209e-06,-0.295,0.4532,201.78,0
2.3804,0.0,3.593474957597209e-06,-0.295,0.4532,201.795,0
2.3816,0.0,3.593474957597209e-06,-0.295,0.4532,201.781,0
2.3828,0.0,3.593474957597209e-06,-0.295,0.4532,201.797,0
2.3841,0.0,3.593474957597209e-06,-0.295,0.4532,201.782,0
2.3853,0.0,3.593474957597209e-06,-0.295,0.4532,201.781,0
2.3866,0.0,3.593474957597209e-06,-0.295,0.4532,201.79,0
2.3879,0.0,3.593474957597209e-06,-0.295,0.4532,201.758,0
2.3891,0.0,3.593474957597209e-06,-0.295,0.4532,201.767,0
2.3904,0.0,3.593474957597209e-06,-0.295,0.4532,201.816,0
2.3916,0.0,3.593474957597209e-06,-0.295,0.4532,201.765,0
2.3929,0.0,3.593474957597209e-06,-0.295,0.4532,201.818,0
2.3945,0.0,3.593474957597209e-06,-0.295,0.4532,201.76,0
2.3959,0.0,3.593474957597209e-06,-0.295,0.4532,201.764,0
2.3972,0.0,3.593474957597209e-06,-0.295,0.4532,201.756,0
2.3984,0.0,3.593474957597209e-06,-0.295,0.4532,201.797,0
2.3997,0.0,3.593474957597209e-06,-0.295,0.4532,201.785,0
2.4011,0.0,3.593474957597209e-06,-0.295,0.4532,201.804,0
2.4023,0.0,3.593474957597209e-06,-0.295,0.4532,201.773,0
2.4036,0.0,3.593474957597209e-06,-0.295,0.4532,201.789,0
2.4049,0.0,3.593474957597209e-06,-0.295,0.4532,201.782,0
2.4061,0.0,3.593474957597209e-06,-0.295,0.4532,201.775,0
2.4075,0.0,3.593474957597209e-06,-0.295,0.4532,201.8,0
2.4089,0.0,3.593474957597209e-06,-0.295,0.4532,201.787,0
2.4101,0.0,3.593474957597209e-06,-0.295,0.4532,201.781,0
2.4114,0.0,3.593474957597209e-06,-0.295,0.4532,201.79,0
2.4127,0.0,3.593474957597209e-06,-0.295,0.4532,201.783,0
2.4141,0.0,3.593474957597209e-06,-0.295,0.4532,201.808,0
2.4153,0.0,3.593474957597209e-06,-0.295,0.4532,201.792,0
2.4166,0.0,3.593474957597209e-06,-0.295,0.4532,201.756,0
2.4179,0.0,3.593474957597209e-06,-0.295,0.4532,201.783,0
2.4191,0.0,3.593474957597209e-06,-0.295,0.4532,201.791,0
2.4204,0.0,3.593474957597209e-06,-0.295,0.4532,201.759,0
2.4216,0.0,3.593474957597209e-06,-0.295,0.4532,201.792,0
2.4229,0.0,3.593474957597209e-06,-0.295,0.4532,201.777,0
2.4242,0.0,3.593474957597209e-06,-0.295,0.4532,201.82,0
2.4255,0.0,3.593474957597209e-06,-0.295,0.4532,201.757,0
2.4268,0.0,3.593474957597209e-06,-0.295,0.4532,201.783,0
2.4281,0.0,3.593474957597209e-06,-0.295,0.4532,201.788,0
2.4293,0.0,3.593474957597209e-06,-0.295,0.4532,201.753,0
2.4306,0.0,3.593474957597209e-06,-0.295,0.4532,201.779,0
2.4319,0.0,3.593474957597209e-06,-0.295,0.4532,201.778,0
2.4332,0.0,3.593474957597209e-06,-0.295,0.4532,201.792,0
2.4346,0.0,3.593474957597209e-06,-0.295,0.4532,201.815,0
2.4358,0.0,3.593474957597209e-06,-0.295,0.4532,201.761,0
2.4371,0.0,3.593474957597209e-06,-0.295,0.4532,201.781,0
2.4384,0.0,3.593474957597209e-06,-0.295,0.4532,201.772,0
2.4397,0.0,3.593474957597209e-06,-0.295,0.4532,201.784,0
2.441,0.0,3.593474957597209e-06,-0.295,0.4532,201.796,0
2.4423,0.0,3.593474957597209e-06,-0.295,0.4532,201.798,0
2.4435,0.0,3.593474957597209e-06,-0.295,0.4532,201.78,0
2.4448,0.0,3.593474957597209e-06,-0.295,0.4532,201.77,0
2.446,0.0,3.593474957597209e-06,-0.295,0.4532,201.768,0
2.4473,0.0,3.593474957597209e-06,-0.295,0.4532,201.794,0
2.4486,0.0,3.593474957597209e-06,-0.295,0.4532,201.778,0
2.4501,0.0,3.593474957597209e-06,-0.295,0.4532,201.821,0
2.4513,0.0,3.593474957597209e-06,-0.295,0.4532,201.774,0
2.4525,0.0,3.593474957597209e-06,-0.295,0.4532,201.792,0
2.4538,0.0,3.593474957597209e-06,-0.295,0.4532,201.809,0
2.4551,0.0,3.593474957597209e-06,-0.295,0.4532,201.783,0
2.4563,0.0,3.593474957597209e-06,-0.295,0.4532,201.821,0
2.4575,0.0,3.593474957597209e-06,-0.295,0.4532,201.764,0
2.4587,0.0,3.593474957597209e-06,-0.295,0.4532,201.781,0
2.46,0.0,3.593474957597209e-06,-0.295,0.4532,201.804,0
2.4613,0.0,3.593474957597209e-06,-0.295,0.4532,201.818,0
2.4625,0.0,3.593474957597209e-06,-0.295,0.4532,201.776,0
2.4637,0.0,3.593474957597209e-06,-0.295,0.4532,201.781,0
2.465,0.0,3.593474957597209e-06,-0.295,0.4532,201.775,0
2.4663,0.0,3.593474957597209e-06,-0.295,0.4532,201.762,0
2.4676,0.0,3.593474957597209e-06,-0.295,0.4532,201.804,0
2.4689,0.0,3.593474957597209e-06,-0.295,0.4532,201.793,0
2.4702,0.0,3.593474957597209e-06,-0.295,0.4532,201.799,0
2.4714,0.0,3.593474957597209e-06,-0.295,0.4532,201.739,0
2.4727,0.0,3.593474957597209e-06,-0.295,0.4532,201.76,0
2.474,0.0,3.593474957597209e-06,-0.295,0.4532,201.802,0
2.4753,0.0,3.593474957597209e-06,-0.295,0.4532,201.799,0
2.4765,0.0,3.593474957597209e-06,-0.295,0.4532,201.768,0
2.4778,0.0,3.593474957597209e-06,-0.295,0.4532,201.792,0
2.479,0.0,3.593474957597209e-06,-0.295,0.4532,201.771,0
2.4803,0.0,3.593474957597209e-06,-0.295,0.4532,201.792,0
2.4815,0.0,3.593474957597209e-06,-0.295,0.4532,201.774,0
2.4828,0.0,3.593474957597209e-06,-0.295,0.4532,201.754,0
2.4841,0.0,3.593474957597209e-06,-0.295,0.4532,201.798,0
2.4853,0.0,3.593474957597209e-06,-0.295,0.4532,201.784,0
2.4865,0.0,3.593474957597209e-06,-0.295,0.4532,201.772,0
2.4878,0.0,3.593474957597209e-06,-0.295,0.4532,201.792,0
2.4891,0.0,3.593474957597209e-06,-0.295,0.4532,201.782,0
2.4904,0.0,3.593474957597209e-06,-0.295,0.4532,201.772,0
2.4916,0.0,3.593474957597209e-06,-0.295,0.4532,201.795,0
2.4928,0.0,3.593474957597209e-06,-0.295,0.4532,201.767,0
2.4942,0.0,3.593474957597209e-06,-0.295,0.4532,201.779,0
2.4954,0.0,3.593474957597209e-06,-0.295,0.4532,201.753,0
2.4967,0.0,3.593474957597209e-06,-0.295,0.4532,201.806,0
2.4981,0.0,3.593474957597209e-06,-0.295,0.4532,201.774,0
2.4994,0.0,3.593474957597209e-06,-0.295,0.4532,201.768,0
2.5006,0.0,3.593474957597209e-06,-0.295,0.4532,201.772,0
2.5018,0.0,3.593474957597209e-06,-0.295,0.4532,201.784,0
2.5031,0.0,3.593474957597209e-06,-0.295,0.4532,201.779,0
2.5043,0.0,3.593474957597209e-06,-0.295,0.4532,201.804,0
2.5056,0.0,3.593474957597209e-06,-0.295,0.4532,201.78,0
2.5068,0.0,3.593474957597209e-06,-0.295,0.4532,201.783,0
2.5082,0.0,3.593474957597209e-06,-0.295,0.4532,201.792,0
2.5095,0.0,3.593474957597209e-06,-0.295,0.4532,201.743,0
2.5107,0.0,3.593474957597209e-06,-0.295,0.4532,201.821,0
2.5119,0.0,3.593474957597209e-06,-0.295,0.4532,201.779,0
2.5132,0.0,3.593474957597209e-06,-0.295,0.4532,201.774,0
2.5145,0.0,3.593474957597209e-06,-0.295,0.4532,201.769,0
2.5158,0.0,3.593474957597209e-06,-0.295,0.4532,201.771,0
2.5171,0.0,3.593474957597209e-06,-0.295,0.4532,201.791,0
2.5183,0.0,3.593474957597209e-06,-0.295,0.4532,201.811,0
2.5196,0.0,3.593474957597209e-06,-0.295,0.4532,201.753,0
2.5209,0.0,3.593474957597209e-06,-0.295,0.4532,201.779,0
2.5221,0.0,3.593474957597209e-06,-0.295,0.4532,201.765,0
2.5234,0.0,3.593474957597209e-06,-0.295,0.4532,201.761,0
2.5247,0.0,3.593474957597209e-06,-0.295,0.4532,201.788,0
2.526,0.0,3.593474957597209e-06,-0.295,0.4532,201.758,0
2.5273,0.0,3.593474957597209e-06,-0.295,0.4532,201.81,0
2.5287,0.0,3.593474957597209e-06,-0.295,0.4532,201.744,0
2.5299,0.0,3.593474957597209e-06,-0.295,0.4532,201.794,0
2.5311,0.0,3.593474957597209e-06,-0.295,0.4532,201.79,0
2.5325,0.0,3.593474957597209e-06,-0.295,0.4532,201.743,0
2.5337,0.0,3.593474957597209e-06,-0.295,0.4532,201.786,0
2.535,0.0,3.593474957597209e-06,-0.295,0.4532,201.749,0
2.5363,0.0,3.593474957597209e-06,-0.295,0.4532,201.799,0
2.5376,0.0,3.593474957597209e-06,-0.295,0.4532,201.816,0
2.5389,0.0,3.593474957597209e-06,-0.295,0.4532,201.753,0
2.5402,0.0,3.593474957597209e-06,-0.295,0.4532,201.772,0
2.5414,0.0,3.593474957597209e-06,-0.295,0.4532,201.77,0
2.5427,0.0,3.593474957597209e-06,-0.295,0.4532,201.776,0
2.5441,0.0,3.593474957597209e-06,-0.295,0.4532,201.795,0
2.5454,0.0,3.593474957597209e-06,-0.295,0.4532,201.754,0
2.5466,0.0,3.593474957597209e-06,-0.295,0.4532,201.767,0
2.5481,0.0,3.593474957597209e-06,-0.295,0.4532,201.807,0
2.5494,0.0,3.593474957597209e-06,-0.295,0.4532,201.791,0
2.5506,0.0,3.593474957597209e-06,-0.295,0.4532,201.793,0
2.5519,0.0,3.593474957597209e-06,-0.295,0.4532,201.761,0
2.5532,0.0,3.593474957597209e-06,-0.295,0.4532,201.817,0
2.5544,0.0,3.593474957597209e-06,-0.295,0.4532,201.777,0
2.5557,0.0,3.593474957597209e-06,-0.295,0.4532,201.773,0
2.557,0.0,3.593474957597209e-06,-0.295,0.4532,201.785,0
2.5584,0.0,3.593474957597209e-06,-0.295,0.4532,201.766,0
2.5597,0.0,3.593474957597209e-06,-0.295,0.4532,201.827,0
2.5611,0.0,3.593474957597209e-06,-0.295,0.4532,201.774,0
2.5624,0.0,3.593474957597209e-06,-0.295,0.4532,201.785,0
2.5637,0.0,3.593474957597209e-06,-0.295,0.4532,201.776,0
2.5651,0.0,3.593474957597209e-06,-0.295,0.4532,201.76,0
2.5663,0.0,3.593474957597209e-06,-0.295,0.4532,201.803,0
2.5676,0.0,3.593474957597209e-06,-0.295,0.4532,201.795,0
2.5689,0.0,3.593474957597209e-06,-0.295,0.4532,201.782,0
2.5703,0.0,3.593474957597209e-06,-0.295,0.4532,201.773,0
2.5717,0.0,3.593474957597209e-06,-0.295,0.4532,201.825,0
2.573,0.0,3.593474957597209e-06,-0.295,0.4532,201.73,0
2.5743,0.0,3.593474957597209e-06,-0.295,0.4532,201.77,0
2.5756,0.0,3.593474957597209e-06,-0.295,0.4532,201.774,0
2.5769,0.0,3.593474957597209e-06,-0.295,0.4532,201.759,0
2.5784,0.0,3.593474957597209e-06,-0.295,0.4532,201.744,0
2.5797,0.0,3.593474957597209e-06,-0.295,0.4532,201.78,0
2.5811,0.0,3.593474957597209e-06,-0.295,0.4532,201.827,0
2.5824,0.0,3.593474957597209e-06,-0.295,0.4532,201.807,0
2.5837,0.0,3.593474957597209e-06,-0.295,0.4532,201.799,0
2.5851,0.0,3.593474957597209e-06,-0.295,0.4532,201.767,0
2.5864,0.0,3.593474957597209e-06,-0.295,0.4532,201.798,0
2.5877,0.0,3.593474957597209e-06,-0.295,0.4532,201.765,0
2.589,0.0,3.593474957597209e-06,-0.295,0.4532,201.789,0
2.5903,0.0,3.593474957597209e-06,-0.295,0.4532,201.793,0
2.5916,0.0,3.593474957597209e-06,-0.295,0.4532,201.753,0
2.5929,0.0,3.593474957597209e-06,-0.295,0.4532,201.769,0
2.5941,0.0,3.593474957597209e-06,-0.295,0.4532,201.731,0
2.5954,0.0,3.593474957597209e-06,-0.295,0.4532,201.774,0
2.5967,0.0,3.593474957597209e-06,-0.295,0.4532,201.784,0
2.598,0.0,3.593474957597209e-06,-0.295,0.4532,201.777,0
2.5993,0.0,3.593474957597209e-06,-0.295,0.4532,201.792,0
2.6006,0.0,3.593474957597209e-06,-0.295,0.4532,201.771,0
2.6019,0.0,3.593474957597209e-06,-0.295,0.4532,201.789,0
2.6032,0.0,3.593474957597209e-06,-0.295,0.4532,201.768,0
2.6044,0.0,3.593474957597209e-06,-0.295,0.4532,201.78,0
2.6057,0.0,3.593474957597209e-06,-0.295,0.4532,201.798,0
2.607,0.0,3.593474957597209e-06,-0.295,0.4532,201.765,0
2.6085,0.0,3.593474957597209e-06,-0.295,0.4532,201.808,0
2.6098,0.0,3.593474957597209e-06,-0.295,0.4532,201.788,0
2.6111,0.0,3.593474957597209e-06,-0.295,0.4532,201.781,0
2.6124,0.0,3.593474957597209e-06,-0.295,0.4532,201.781,0
2.6136,0.0,3.593474957597209e-06,-0.295,0.4532,201.772,0
2.6149,0.0,3.593474957597209e-06,-0.295,0.4532,201.815,0
2.6162,0.0,3.593474957597209e-06,-0.295,0.4532,201.798,0
2.6174,0.0,3.593474957597209e-06,-0.295,0.4532,201.785,0
2.6187,0.0,3.593474957597209e-06,-0.295,0.4532,201.794,0
2.6201,0.0,3.593474957597209e-06,-0.295,0.4532,201.759,0
2.6213,0.0,3.593474957597209e-06,-0.295,0.4532,201.798,0
2.6226,0.0,3.593474957597209e-06,-0.295,0.4532,201.773,0
2.6239,0.0,3.593474957597209e-06,-0.295,0.4532,201.802,0
2.6251,0.0,3.593474957597209e-06,-0.295,0.4532,201.778,0
2.6264,0.0,3.593474957597209e-06,-0.295,0.4532,201.809,0
2.6277,0.0,3.593474957597209e-06,-0.295,0.4532,201.795,0
2.629,0.0,3.593474957597209e-06,-0.295,0.4532,201.781,0
2.6302,0.0,3.593474957597209e-06,-0.295,0.4532,201.788,0
2.6315,0.0,3.593474957597209e-06,-0.295,0.4532,201.784,0
2.6328,0.0,3.593474957597209e-06,-0.295,0.4532,201.795,0
2.6341,0.0,3.593474957597209e-06,-0.295,0.4532,201.784,0
2.6354,0.0,3.593474957597209e-06,-0.295,0.4532,201.811,0
2.6366,0.0,3.593474957597209e-06,-0.295,0.4532,201.797,0
2.6379,0.0,3.593474957597209e-06,-0.295,0.4532,201.802,0
2.6391,0.0,3.593474957597209e-06,-0.295,0.4532,201.78,0
2.6404,0.0,3.593474957597209e-06,-0.295,0.4532,201.797,0
2.6416,0.0,3.593474957597209e-06,-0.295,0.4532,201.787,0
2.6429,0.0,3.593474957597209e-06,-0.295,0.4532,201.752,0
2.6441,0.0,3.593474957597209e-06,-0.295,0.4532,201.793,0
2.6454,0.0,3.593474957597209e-06,-0.295,0.4532,201.767,0
2.6467,0.0,3.593474957597209e-06,-0.295,0.4532,201.761,0
2.6481,0.0,3.593474957597209e-06,-0.295,0.4532,201.81,0
2.6493,0.0,3.593474957597209e-06,-0.295,0.4532,201.736,0
2.6506,0.0,3.593474957597209e-06,-0.295,0.4532,201.798,0
2.6518,0.0,3.593474957597209e-06,-0.295,0.4532,201.782,0
2.6533,0.0,3.593474957597209e-06,-0.295,0.4532,201.759,0
2.6546,0.0,3.593474957597209e-06,-0.295,0.4532,201.79,0
2.6558,0.0,3.593474957597209e-06,-0.295,0.4532,201.789,0
2.6571,0.0,3.593474957597209e-06,-0.295,0.4532,201.81,0
2.6586,0.0,3.593474957597209e-06,-0.295,0.4532,201.759,0
2.6598,0.0,3.593474957597209e-06,-0.295,0.4532,201.821,0
2.6612,0.0,3.593474957597209e-06,-0.295,0.4532,201.783,0
2.6626,0.0,3.593474957597209e-06,-0.295,0.4532,201.776,0
2.6639,0.0,3.593474957597209e-06,-0.295,0.4532,201.799,0
2.6653,0.0,3.593474957597209e-06,-0.295,0.4532,201.76,0
2.6666,0.0,3.593474957597209e-06,-0.295,0.4532,201.796,0
2.6679,0.0,3.593474957597209e-06,-0.295,0.4532,201.731,0
2.6692,0.0,3.593474957597209e-06,-0.295,0.4532,201.812,0
2.6705,0.0,3.593474957597209e-06,-0.295,0.4532,201.766,0
2.6718,0.0,3.593474957597209e-06,-0.295,0.4532,201.799,0
2.6731,0.0,3.593474957597209e-06,-0.295,0.4532,201.808,0
2.6743,0.0,3.593474957597209e-06,-0.295,0.4532,201.807,0
2.6756,0.0,3.593474957597209e-06,-0.295,0.4532,201.813,0
2.6768,0.0,3.593474957597209e-06,-0.295,0.4532,201.769,0
2.6783,0.0,3.593474957597209e-06,-0.295,0.4532,201.794,0
2.6796,0.0,3.593474957597209e-06,-0.295,0.4532,201.776,0
2.681,0.0,3.593474957597209e-06,-0.295,0.4532,201.79,0
2.6823,0.0,3.593474957597209e-06,-0.295,0.4532,201.776,0
2.6836,0.0,3.593474957597209e-06,-0.295,0.4532,201.807,0
2.6851,0.0,3.593474957597209e-06,-0.295,0.4532,201.781,0
2.6866,0.0,3.593474957597209e-06,-0.295,0.4532,201.769,0
2.6878,0.0,3.593474957597209e-06,-0.295,0.4532,201.779,0
2.6891,0.0,3.593474957597209e-06,-0.295,0.4532,201.763,0
2.6904,0.0,3.593474957597209e-06,-0.295,0.4532,201.798,0
2.6916,0.0,3.593474957597209e-06,-0.295,0.4532,201.79,0
2.693,0.0,3.593474957597209e-06,-0.295,0.4532,201.81,0
2.6942,0.0,3.593474957597209e-06,-0.295,0.4532,201.805,0
2.6957,0.0,3.593474957597209e-06,-0.295,0.4532,201.764,0
2.697,0.0,3.593474957597209e-06,-0.295,0.4532,201.782,0
2.6982,0.0,3.593474957597209e-06,-0.295,0.4532,201.772,0
2.6995,0.0,3.593474957597209e-06,-0.295,0.4532,201.78,0
2.7008,0.0,3.593474957597209e-06,-0.295,0.4532,201.766,0
2.7021,0.0,3.593474957597209e-06,-0.295,0.4532,201.779,0
2.7033,0.0,3.593474957597209e-06,-0.295,0.4532,201.771,0
2.7045,0.0,3.593474957597209e-06,-0.295,0.4532,201.779,0
2.7057,0.0,3.593474957597209e-06,-0.295,0.4532,201.82,0
2.7071,0.0,3.593474957597209e-06,-0.295,0.4532,201.809,0
2.7083,0.0,3.593474957597209e-06,-0.295,0.4532,201.78,0
2.7096,0.0,3.593474957597209e-06,-0.295,0.4532,201.785,0
2.7108,0.0,3.593474957597209e-06,-0.295,0.4532,201.801,0
2.7122,0.0,3.593474957597209e-06,-0.295,0.4532,201.779,0
2.7135,0.0,3.593474957597209e-06,-0.295,0.4532,201.802,0
2.7147,0.0,3.593474957597209e-06,-0.295,0.4532,201.751,0
2.716,0.0,3.593474957597209e-06,-0.295,0.4532,201.794,0
2.7178,0.0,3.593474957597209e-06,-0.295,0.4532,201.777,0
2.7193,0.0,3.593474957597209e-06,-0.295,0.4532,201.782,0
2.7208,0.0,3.593474957597209e-06,-0.295,0.4532,201.802,0
2.7222,0.0,3.593474957597209e-06,-0.295,0.4532,201.849,0
2.7235,0.0,3.593474957597209e-06,-0.295,0.4532,201.765,0
2.7248,0.0,3.593474957597209e-06,-0.295,0.4532,201.755,0
2.7262,0.0,3.593474957597209e-06,-0.295,0.4532,201.766,0
2.7275,0.0,3.593474957597209e-06,-0.295,0.4532,201.773,0
2.7288,0.0,3.593474957597209e-06,-0.295,0.4532,201.782,0
2.7302,0.0,3.593474957597209e-06,-0.295,0.4532,201.785,0
2.7314,0.0,3.593474957597209e-06,-0.295,0.4532,201.807,0
2.7327,0.0,3.593474957597209e-06,-0.295,0.4532,201.793,0
2.734,0.0,3.593474957597209e-06,-0.295,0.4532,201.803,0
2.7353,0.0,3.593474957597209e-06,-0.295,0.4532,201.808,0
2.7366,0.0,3.593474957597209e-06,-0.295,0.4532,201.798,0
2.738,0.0,3.593474957597209e-06,-0.295,0.4532,201.77,0
2.7393,0.0,3.593474957597209e-06,-0.295,0.4532,201.769,0
2.7406,0.0,3.593474957597209e-06,-0.295,0.4532,201.795,0
2.7418,0.0,3.593474957597209e-06,-0.295,0.4532,201.791,0
2.7432,0.0,3.593474957597209e-06,-0.295,0.4532,201.809,0
2.7447,0.0,3.593474957597209e-06,-0.295,0.4532,201.809,0
2.7461,0.0,3.593474957597209e-06,-0.295,0.4532,201.816,0
2.7475,0.0,3.593474957597209e-06,-0.295,0.4532,201.796,0
2.7489,0.0,3.593474957597209e-06,-0.295,0.4532,201.776,0
2.7502,0.0,3.593474957597209e-06,-0.295,0.4532,201.781,0
2.7516,0.0,3.593474957597209e-06,-0.295,0.4532,201.771,0
2.7529,0.0,3.593474957597209e-06,-0.295,0.4532,201.785,0
2.7542,0.0,3.593474957597209e-06,-0.295,0.4532,201.772,0
2.7555,0.0,3.593474957597209e-06,-0.295,0.4532,201.761,0
2.7568,0.0,3.593474957597209e-06,-0.295,0.4532,201.787,0
2.7582,0.0,3.593474957597209e-06,-0.295,0.4532,201.782,0
2.7595,0.0,3.593474957597209e-06,-0.295,0.4532,201.76,0
2.7608,0.0,3.593474957597209e-06,-0.295,0.4532,201.791,0
2.7623,0.0,3.593474957597209e-06,-0.295,0.4532,201.794,0
2.7636,0.0,3.593474957597209e-06,-0.295,0.4532,201.764,0
2.7648,0.0,3.593474957597209e-06,-0.295,0.4532,201.776,0
2.7662,0.0,3.593474957597209e-06,-0.295,0.4532,201.79,0
2.7676,0.0,3.593474957597209e-06,-0.295,0.4532,201.8,0
2.769,0.0,3.593474957597209e-06,-0.295,0.4532,201.789,0
2.7702,0.0,3.593474957597209e-06,-0.295,0.4532,201.801,0
2.7715,0.0,3.593474957597209e-06,-0.295,0.4532,201.745,0
2.7729,0.0,3.593474957597209e-06,-0.295,0.4532,201.752,0
2.7742,0.0,3.593474957597209e-06,-0.295,0.4532,201.805,0
2.7754,0.0,3.593474957597209e-06,-0.295,0.4532,201.771,0
2.7766,0.0,3.593474957597209e-06,-0.295,0.4532,201.84,0
2.7779,0.0,3.593474957597209e-06,-0.295,0.4532,201.825,0
2.7792,0.0,3.593474957597209e-06,-0.295,0.4532,201.742,0
2.7805,0.0,3.593474957597209e-06,-0.295,0.4532,201.782,0
2.7817,0.0,3.593474957597209e-06,-0.295,0.4532,201.79,0
2.7829,0.0,3.593474957597209e-06,-0.295,0.4532,201.786,0
2.7842,0.0,3.593474957597209e-06,-0.295,0.4532,201.805,0
2.7855,0.0,3.593474957597209e-06,-0.295,0.4532,201.766,0
2.7867,0.0,3.593474957597209e-06,-0.295,0.4532,201.805,0
2.788,0.0,3.593474957597209e-06,-0.295,0.4532,201.813,0
2.7893,0.0,3.593474957597209e-06,-0.295,0.4532,201.756,0
2.7905,0.0,3.593474957597209e-06,-0.295,0.4532,201.78,0
2.7917,0.0,3.593474957597209e-06,-0.295,0.4532,201.79,0
2.793,0.0,3.593474957597209e-06,-0.295,0.4532,201.76,0
2.7944,0.0,3.593474957597209e-06,-0.295,0.4532,201.79,0
2.7957,0.0,3.593474957597209e-06,-0.295,0.4532,201.794,0
2.797,0.0,3.593474957597209e-06,-0.295,0.4532,201.796,0
2.7984,0.0,3.593474957597209e-06,-0.295,0.4532,201.761,0
2.7996,0.0,3.593474957597209e-06,-0.295,0.4532,201.79,0
2.8008,0.0,3.593474957597209e-06,-0.295,0.4532,201.818,0
2.8022,0.0,3.593474957597209e-06,-0.295,0.4532,201.768,0
2.8033,0.0,3.593474957597209e-06,-0.295,0.4532,201.79,0
2.8045,0.0,3.593474957597209e-06,-0.295,0.4532,201.787,0
2.8059,0.0,3.593474957597209e-06,-0.295,0.4532,201.79,0
2.8071,0.0,3.593474957597209e-06,-0.295,0.4532,201.794,0
2.8084,0.0,3.593474957597209e-06,-0.295,0.4532,201.757,0
2.8097,0.0,3.593474957597209e-06,-0.295,0.4532,201.765,0
2.8111,0.0,3.593474957597209e-06,-0.295,0.4532,201.779,0
2.8124,0.0,3.593474957597209e-06,-0.295,0.4532,201.801,0
2.8137,0.0,3.593474957597209e-06,-0.295,0.4532,201.787,0
2.815,0.0,3.593474957597209e-06,-0.295,0.4532,201.77,0
2.8163,0.0,3.593474957597209e-06,-0.295,0.4532,201.798,0
2.8175,0.0,3.593474957597209e-06,-0.295,0.4532,201.786,0
2.8188,0.0,3.593474957597209e-06,-0.295,0.4532,201.784,0
2.8201,0.0,3.593474957597209e-06,-0.295,0.4532,201.774,0
2.8213,0.0,3.593474957597209e-06,-0.295,0.4532,201.759,0
2.8225,0.0,3.593474957597209e-06,-0.295,0.4532,201.767,0
2.8239,0.0,3.593474957597209e-06,-0.295,0.4532,201.776,0
2.8251,0.0,3.593474957597209e-06,-0.295,0.4532,201.766,0
2.8263,0.0,3.593474957597209e-06,-0.295,0.4532,201.784,0
2.8275,0.0,3.593474957597209e-06,-0.295,0.4532,201.777,0
2.8288,0.0,3.593474957597209e-06,-0.295,0.4532,201.794,0
2.8301,0.0,3.593474957597209e-06,-0.295,0.4532,201.818,0
2.8314,0.0,3.593474957597209e-06,-0.295,0.4532,201.77,0
2.8328,0.0,3.593474957597209e-06,-0.295,0.4532,201.76,0
2.8341,0.0,3.593474957597209e-06,-0.295,0.4532,201.821,0
2.8354,0.0,3.593474957597209e-06,-0.295,0.4532,201.795,0
2.8366,0.0,3.593474957597209e-06,-0.295,0.4532,201.786,0
2.8378,0.0,3.593474957597209e-06,-0.295,0.4532,201.761,0
2.8391,0.0,3.593474957597209e-06,-0.295,0.4532,201.797,0
2.8404,0.0,3.593474957597209e-06,-0.295,0.4532,201.784,0
2.8416,0.0,3.593474957597209e-06,-0.295,0.4532,201.782,0
2.8428,0.0,3.593474957597209e-06,-0.295,0.4532,201.781,0
2.8441,0.0,3.593474957597209e-06,-0.295,0.4532,201.843,0
2.8453,0.0,3.593474957597209e-06,-0.295,0.4532,201.755,0
2.8466,0.0,3.593474957597209e-06,-0.295,0.4532,201.779,0
2.8479,0.0,3.593474957597209e-06,-0.295,0.4532,201.792,0
2.8492,0.0,3.593474957597209e-06,-0.295,0.4532,201.779,0
2.8504,0.0,3.593474957597209e-06,-0.295,0.4532,201.82,0
2.8516,0.0,3.593474957597209e-06,-0.295,0.4532,201.734,0
2.8528,0.0,3.593474957597209e-06,-0.295,0.4532,201.763,0
2.8541,0.0,3.593474957597209e-06,-0.295,0.4532,201.808,0
2.8553,0.0,3.593474957597209e-06,-0.295,0.4532,201.767,0
2.8565,0.0,3.593474957597209e-06,-0.295,0.4532,201.767,0
2.8578,0.0,3.593474957597209e-06,-0.295,0.4532,201.796,0
2.8591,0.0,3.593474957597209e-06,-0.295,0.4532,201.747,0
2.8603,0.0,3.593474957597209e-06,-0.295,0.4532,201.827,0
2.8616,0.0,3.593474957597209e-06,-0.295,0.4532,201.777,0
2.8629,0.0,3.593474957597209e-06,-0.295,0.4532,201.775,0
2.8641,0.0,3.593474957597209e-06,-0.295,0.4532,201.79,0
2.8654,0.0,3.593474957597209e-06,-0.295,0.4532,201.82,0
2.8665,0.0,3.593474957597209e-06,-0.295,0.4532,201.768,0
2.8678,0.0,3.593474957597209e-06,-0.295,0.4532,201.791,0
2.8692,0.0,3.593474957597209e-06,-0.295,0.4532,201.749,0
2.8704,0.0,3.593474957597209e-06,-0.295,0.4532,201.793,0
2.8716,0.0,3.593474957597209e-06,-0.295,0.4532,201.774,0
2.8728,0.0,3.593474957597209e-06,-0.295,0.4532,201.756,0
2.8741,0.0,3.593474957597209e-06,-0.295,0.4532,201.826,0
2.8754,0.0,3.593474957597209e-06,-0.295,0.4532,201.799,0
2.8767,0.0,3.593474957597209e-06,-0.295,0.4532,201.769,0
2.8779,0.0,3.593474957597209e-06,-0.295,0.4532,201.783,0
2.8793,0.0,3.593474957597209e-06,-0.295,0.4532,201.76,0
2.8805,0.0,3.593474957597209e-06,-0.295,0.4532,201.795,0
2.8818,0.0,3.593474957597209e-06,-0.295,0.4532,201.805,0
2.8831,0.0,3.593474957597209e-06,-0.295,0.4532,201.787,0
2.8844,0.0,3.593474957597209e-06,-0.295,0.4532,201.765,0
2.8856,0.0,3.593474957597209e-06,-0.295,0.4532,201.776,0
2.8869,0.0,3.593474957597209e-06,-0.295,0.4532,201.767,0
2.8882,0.0,3.593474957597209e-06,-0.295,0.4532,201.824,0
2.8895,0.0,3.593474957597209e-06,-0.295,0.4532,201.784,0
2.8907,0.0,3.593474957597209e-06,-0.295,0.4532,201.791,0
2.8919,0.0,3.593474957597209e-06,-0.295,0.4532,201.796,0
2.8931,0.0,3.593474957597209e-06,-0.295,0.4532,201.775,0
2.8942,0.0,3.593474957597209e-06,-0.295,0.4532,201.748,0
2.8954,0.0,3.593474957597209e-06,-0.295,0.4532,201.794,0
2.8966,0.0,3.593474957597209e-06,-0.295,0.4532,201.775,0
2.8979,0.0,3.593474957597209e-06,-0.295,0.4532,201.788,0
2.8992,0.0,3.593474957597209e-06,-0.295,0.4532,201.798,0
2.9005,0.0,3.593474957597209e-06,-0.295,0.4532,201.8,0
2.9018,0.0,3.593474957597209e-06,-0.295,0.4532,201.781,0
2.9032,0.0,3.593474957597209e-06,-0.295,0.4532,201.785,0
2.9044,0.0,3.593474957597209e-06,-0.295,0.4532,201.781,0
2.9056,0.0,3.593474957597209e-06,-0.295,0.4532,201.834,0
2.9069,0.0,3.593474957597209e-06,-0.295,0.4532,201.782,0
2.9082,0.0,3.593474957597209e-06,-0.295,0.4532,201.792,0
2.9093,0.0,3.593474957597209e-06,-0.295,0.4532,201.795,0
2.9105,0.0,3.593474957597209e-06,-0.295,0.4532,201.767,0
2.9118,0.0,3.593474957597209e-06,-0.295,0.4532,201.787,0
2.9131,0.0,3.593474957597209e-06,-0.295,0.4532,201.826,0
2.9142,0.0,3.593474957597209e-06,-0.295,0.4532,201.754,0
2.9155,0.0,3.593474957597209e-06,-0.295,0.4532,201.773,0
2.9167,0.0,3.593474957597209e-06,-0.295,0.4532,201.778,0
2.918,0.0,3.593474957597209e-06,-0.295,0.4532,201.792,0
2.9193,0.0,3.593474957597209e-06,-0.295,0.4532,201.81,0
2.9205,0.0,3.593474957597209e-06,-0.295,0.4532,201.778,0
2.9217,0.0,3.593474957597209e-06,-0.295,0.4532,201.767,0
2.923,0.0,3.593474957597209e-06,-0.295,0.4532,201.794,0
2.9243,0.0,3.593474957597209e-06,-0.295,0.4532,201.809,0
2.9255,0.0,3.593474957597209e-06,-0.295,0.4532,201.775,0
2.9267,0.0,3.593474957597209e-06,-0.295,0.4532,201.813,0
2.9279,0.0,3.593474957597209e-06,-0.295,0.4532,201.776,0
2.9293,0.0,3.593474957597209e-06,-0.295,0.4532,201.753,0
2.9305,0.0,3.593474957597209e-06,-0.295,0.4532,201.818,0
2.9317,0.0,3.593474957597209e-06,-0.295,0.4532,201.759,0
2.933,0.0,3.593474957597209e-06,-0.295,0.4532,201.785,0
2.9343,0.0,3.593474957597209e-06,-0.295,0.4532,201.79,0
2.9355,0.0,3.593474957597209e-06,-0.295,0.4532,201.791,0
2.9368,0.0,3.593474957597209e-06,-0.295,0.4532,201.776,0
2.938,0.0,3.593474957597209e-06,-0.295,0.4532,201.785,0
2.9394,0.0,3.593474957597209e-06,-0.295,0.4532,201.788,0
2.9407,0.0,3.593474957597209e-06,-0.295,0.4532,201.798,0
2.942,0.0,3.593474957597209e-06,-0.295,0.4532,201.782,0
2.9433,0.0,3.593474957597209e-06,-0.295,0.4532,201.809,0
2.9446,0.0,3.593474957597209e-06,-0.295,0.4532,201.773,0
2.9458,0.0,3.593474957597209e-06,-0.295,0.4532,201.771,0
2.9471,0.0,3.593474957597209e-06,-0.295,0.4532,201.778,0
2.9483,0.0,3.593474957597209e-06,-0.295,0.4532,201.737,0
2.9495,0.0,3.593474957597209e-06,-0.295,0.4532,201.76,0
2.9507,0.0,3.593474957597209e-06,-0.295,0.4532,201.777,0
2.952,0.0,3.593474957597209e-06,-0.295,0.4532,201.783,0
2.9532,0.0,3.593474957597209e-06,-0.295,0.4532,201.792,0
2.9544,0.0,3.593474957597209e-06,-0.295,0.4532,201.768,0
2.9557,0.0,3.593474957597209e-06,-0.295,0.4532,201.81,0
2.957,0.0,3.593474957597209e-06,-0.295,0.4532,201.778,0
2.9583,0.0,3.593474957597209e-06,-0.295,0.4532,201.789,0
2.9595,0.0,3.593474957597209e-06,-0.295,0.4532,201.779,0
2.9607,0.0,3.593474957597209e-06,-0.295,0.4532,201.755,0
2.962,0.0,3.593474957597209e-06,-0.295,0.4532,201.797,0
2.9632,0.0,3.593474957597209e-06,-0.295,0.4532,201.802,0
2.9644,0.0,3.593474957597209e-06,-0.295,0.4532,201.781,0
2.9656,0.0,3.593474957597209e-06,-0.295,0.4532,201.796,0
2.9668,0.0,3.593474957597209e-06,-0.295,0.4532,201.765,0
2.9681,0.0,3.593474957597209e-06,-0.295,0.4532,201.79,0
2.9694,0.0,3.593474957597209e-06,-0.295,0.4532,201.795,0
2.9707,0.0,3.593474957597209e-06,-0.295,0.4532,201.758,0
2.9719,0.0,3.593474957597209e-06,-0.295,0.4532,201.78,0
2.9732,0.0,3.593474957597209e-06,-0.295,0.4532,201.772,0
2.9744,0.0,3.593474957597209e-06,-0.295,0.4532,201.805,0
2.9756,0.0,3.593474957597209e-06,-0.295,0.4532,201.812,0
2.9768,0.0,3.593474957597209e-06,-0.295,0.4532,201.759,0
2.9781,0.0,3.593474957597209e-06,-0.295,0.4532,201.796,0
2.9795,0.0,3.593474957597209e-06,-0.295,0.4532,201.789,0
2.9807,0.0,3.593474957597209e-06,-0.295,0.4532,201.777,0
2.982,0.0,3.593474957597209e-06,-0.295,0.4532,201.81,0
2.9833,0.0,3.593474957597209e-06,-0.295,0.4532,201.787,0
2.9846,0.0,3.593474957597209e-06,-0.295,0.4532,201.794,0
2.9859,0.0,3.593474957597209e-06,-0.295,0.4532,201.78,0
2.9873,0.0,3.593474957597209e-06,-0.295,0.4532,201.778,0
2.9886,0.0,3.593474957597209e-06,-0.295,0.4532,201.791,0
2.99,0.0,3.593474957597209e-06,-0.295,0.4532,201.775,0
2.9912,0.0,3.593474957597209e-06,-0.295,0.4532,201.77,0
2.9925,0.0,3.593474957597209e-06,-0.295,0.4532,201.782,0
2.9937,0.0,3.593474957597209e-06,-0.295,0.4532,201.759,0
2.995,0.0,3.593474957597209e-06,-0.295,0.4532,201.794,0
2.9963,0.0,3.593474957597209e-06,-0.295,0.4532,201.769,0
2.9974,0.0,3.593474957597209e-06,-0.295,0.4532,201.747,0
2.9987,0.0,3.593474957597209e-06,-0.295,0.4532,201.802,0
3.0,0.0,3.593474957597209e-06,-0.295,0.4532,201.77,0
3.0013,0.0,3.593474957597209e-06,-0.295,0.4532,201.799,0
3.0026,0.0,3.593474957597209e-06,-0.295,0.4532,201.776,0
3.0039,0.0,3.593474957597209e-06,-0.295,0.4532,201.767,0
3.0051,0.0,3.593474957597209e-06,-0.295,0.4532,201.812,0
3.0063,0.0,3.593474957597209e-06,-0.295,0.4532,201.759,0
3.0076,0.0,3.593474957597209e-06,-0.295,0.4532,201.757,0
3.0088,0.0,3.593474957597209e-06,-0.295,0.4532,201.775,0
3.0101,0.0,3.593474957597209e-06,-0.295,0.4532,201.788,0
3.0113,0.0,3.593474957597209e-06,-0.295,0.4532,201.76,0
3.0125,0.0,3.593474957597209e-06,-0.295,0.4532,201.816,0
3.0138,0.0,3.593474957597209e-06,-0.295,0.4532,201.766,0
3.015,0.0,3.593474957597209e-06,-0.295,0.4532,201.783,0
3.0163,0.0,3.593474957597209e-06,-0.295,0.4532,201.808,0
3.0175,0.0,3.593474957597209e-06,-0.295,0.4532,201.746,0
3.0187,0.0,3.593474957597209e-06,-0.295,0.4532,201.809,0
3.02,0.0,3.593474957597209e-06,-0.295,0.4532,201.798,0
3.0213,0.0,3.593474957597209e-06,-0.295,0.4532,201.757,0
3.0225,0.0,3.593474957597209e-06,-0.295,0.4532,201.774,0
3.0238,0.0,3.593474957597209e-06,-0.295,0.4532,201.799,0
3.0251,0.0,3.593474957597209e-06,-0.295,0.4532,201.797,0
3.0264,0.0,3.593474957597209e-06,-0.295,0.4532,201.785,0
3.0276,0.0,3.593474957597209e-06,-0.295,0.4532,201.747,0
3.0289,0.0,3.593474957597209e-06,-0.295,0.4532,201.76,0
3.0302,0.0,3.593474957597209e-06,-0.295,0.4532,201.828,0
3.0314,0.0,3.593474957597209e-06,-0.295,0.4532,201.766,0
3.0327,0.0,3.593474957597209e-06,-0.295,0.4532,201.767,0
3.0341,0.0,3.593474957597209e-06,-0.295,0.4532,201.738,0
3.0353,0.0,3.593474957597209e-06,-0.295,0.4532,201.782,0
3.0365,0.0,3.593474957597209e-06,-0.295,0.4532,201.764,0
3.0378,0.0,3.593474957597209e-06,-0.295,0.4532,201.779,0
3.0391,0.0,3.593474957597209e-06,-0.295,0.4532,201.773,0
3.0404,0.0,3.593474957597209e-06,-0.295,0.4532,201.77,0
3.0416,0.0,3.593474957597209e-06,-0.295,0.4532,201.751,0
3.0428,0.0,3.593474957597209e-06,-0.295,0.4532,201.785,0
3.0441,0.0,3.593474957597209e-06,-0.295,0.4532,201.756,0
3.0454,0.0,3.593474957597209e-06,-0.295,0.4532,201.767,0
3.0466,0.0,3.593474957597209e-06,-0.295,0.4532,201.808,0
3.0479,0.0,3.593474957597209e-06,-0.295,0.4532,201.772,0
3.0492,0.0,3.593474957597209e-06,-0.295,0.4532,201.777,0
3.0504,0.0,3.593474957597209e-06,-0.295,0.4532,201.819,0
3.0516,0.0,3.593474957597209e-06,-0.295,0.4532,201.808,0
3.0528,0.0,3.593474957597209e-06,-0.295,0.4532,201.793,0
3.0541,0.0,3.593474957597209e-06,-0.295,0.4532,201.782,0
3.0553,0.0,3.593474957597209e-06,-0.295,0.4532,201.755,0
3.0566,0.0,0.00013030809350311756,-0.279,0.4532,201.782,0
3.0578,0.0,0.0002325368404854089,-0.265,0.4532,201.761,0
3.0591,0.0,0.0002065205480903387,-0.269,0.4532,201.766,0
3.0604,0.0,0.00015093752881512046,-0.276,0.4532,201.833,0
3.0616,0.0,0.00010453670984134078,-0.282,0.4532,201.799,0
3.0629,0.0,6.713447510264814e-05,-0.287,0.4532,201.761,0
3.0642,0.0,4.087332490598783e-05,-0.29,0.4532,201.806,0
3.0654,0.0,2.544719973229803e-05,-0.292,0.4532,201.8,0
3.0667,0.0,1.4734609976585489e-05,-0.294,0.4532,201.775,0
3.068,0.0,8.796773727226537e-06,-0.295,0.4532,201.794,0
3.0692,0.0,5.123887149238726e-06,-0.295,0.4532,201.769,0
3.0706,0.0,2.4304356429638574e-06,-0.295,0.4532,201.769,0
3.0719,0.0,1.6548786163639306e-07,-0.296,0.4532,201.768,0
3.0731,0.0,-1.3036673180977232e-06,-0.296,0.4532,201.789,0
3.0747,0.0,-2.099459834425943e-06,-0.296,0.4532,201.803,0
3.0761,0.0,-3.14011003865744e-06,-0.296,0.4532,201.799,0
3.0773,0.0,-3.5686125556821935e-06,-0.296,0.4532,201.802,0
3.0786,0.0,-3.5686125556821935e-06,-0.296,0.4532,201.783,0
3.08,0.0,-3.5686125556821935e-06,-0.296,0.4532,201.784,0
3.0812,0.0,-3.5686125556821935e-06,-0.296,0.4532,201.782,0
3.0825,0.0,-3.5686125556821935e-06,-0.296,0.4532,201.764,0
3.0837,0.0,-3.5686125556821935e-06,-0.296,0.4532,201.769,0
3.085,0.0,-3.5686125556821935e-06,-0.296,0.4532,201.789,0
3.0862,0.0,-3.5686125556821935e-06,-0.296,0.4532,201.796,0
3.0874,0.0,-3.5686125556821935e-06,-0.296,0.4532,201.813,0
3.0886,0.0,-3.5686125556821935e-06,-0.296,0.4532,201.797,0
3.0899,0.0,-3.5686125556821935e-06,-0.296,0.4532,201.767,0
3.0911,0.0,-3.5686125556821935e-06,-0.296,0.4532,201.771,0
3.0924,0.0,-3.5686125556821935e-06,-0.296,0.4532,201.752,0
3.0937,0.0,-3.5686125556821935e-06,-0.296,0.4532,201.795,0
3.095,0.0,-3.5686125556821935e-06,-0.296,0.4532,201.756,0
3.0962,0.0,-3.5686125556821935e-06,-0.296,0.4532,201.833,0
3.0974,0.0,-3.5686125556821935e-06,-0.296,0.4532,201.831,0
3.0988,0.0,-3.5686125556821935e-06,-0.296,0.4532,201.765,0
3.1002,0.0,-3.5686125556821935e-06,-0.296,0.4532,201.762,0
3.1015,0.0,-3.5686125556821935e-06,-0.296,0.4532,201.745,0
3.1029,0.0,-3.5686125556821935e-06,-0.296,0.4532,201.824,0
3.1042,0.0,-3.5686125556821935e-06,-0.296,0.4532,201.788,0
3.1054,0.0,-3.5686125556821935e-06,-0.296,0.4532,201.807,0
3.1067,0.0,-3.5686125556821935e-06,-0.296,0.4532,201.79,0
3.108,0.0,-3.5686125556821935e-06,-0.296,0.4532,201.778,0
3.1092,0.0,-3.5686125556821935e-06,-0.296,0.4532,201.776,0
3.1105,0.0,-3.5686125556821935e-06,-0.296,0.4532,201.764,0
3.1117,0.0,-3.5686125556821935e-06,-0.296,0.4532,201.786,0
3.113,0.0,-3.5686125556821935e-06,-0.296,0.4532,201.794,0
3.1143,0.0,-3.5686125556821935e-06,-0.296,0.4532,201.756,0
3.1155,0.0,-3.5686125556821935e-06,-0.296,0.4532,201.777,0
3.1167,0.0,-3.5686125556821935e-06,-0.296,0.4532,201.796,0
3.118,0.0,-3.5686125556821935e-06,-0.296,0.4532,201.771,0
3.1193,0.0,-3.5686125556821935e-06,-0.296,0.4532,201.789,0
3.1206,0.0,-3.5686125556821935e-06,-0.296,0.4532,201.78,0
3.1219,0.0,-3.5686125556821935e-06,-0.296,0.4532,201.777,0
3.1232,0.0,-3.5686125556821935e-06,-0.296,0.4532,201.787,0
3.1245,0.0,-3.5686125556821935e-06,-0.296,0.4532,201.746,0
3.1258,0.0,-3.5686125556821935e-06,-0.296,0.4532,201.795,0
3.1272,0.0,-3.5686125556821935e-06,-0.296,0.4532,201.769,0
3.1288,0.0,-3.5686125556821935e-06,-0.296,0.4532,201.779,0
3.1302,0.0,-3.5686125556821935e-06,-0.296,0.4532,201.755,0
3.1315,0.0,-3.5686125556821935e-06,-0.296,0.4532,201.788,0
3.133,0.0,-3.5686125556821935e-06,-0.296,0.4532,201.762,0
3.1343,0.0,-3.5686125556821935e-06,-0.296,0.4532,201.796,0
3.1356,0.0,-3.5686125556821935e-06,-0.296,0.4532,201.793,0
3.1369,0.0,-3.5686125556821935e-06,-0.296,0.4532,201.785,0
3.1382,0.0,-3.5686125556821935e-06,-0.296,0.4532,201.782,0
3.1395,0.0,-3.5686125556821935e-06,-0.296,0.4532,201.773,0
3.1408,0.0,-3.5686125556821935e-06,-0.296,0.4532,201.78,0
3.1422,0.0,-3.5686125556821935e-06,-0.296,0.4532,201.802,0
3.1435,0.0,-3.5686125556821935e-06,-0.296,0.4532,201.795,0
3.1447,0.0,-3.5686125556821935e-06,-0.296,0.4532,201.79,0
3.146,0.0,-3.5686125556821935e-06,-0.296,0.4532,201.789,0
3.1473,0.0,-3.5686125556821935e-06,-0.296,0.4532,201.79,0
3.1485,0.0,-3.5686125556821935e-06,-0.296,0.4532,201.781,0
3.1501,0.0,-3.5686125556821935e-06,-0.296,0.4532,201.796,0
3.1514,0.0,-3.5686125556821935e-06,-0.296,0.4532,201.787,0
3.1527,0.0,-3.5686125556821935e-06,-0.296,0.4532,201.807,0
3.154,0.0,-3.5686125556821935e-06,-0.296,0.4532,201.786,0
3.1553,0.0,-3.5686125556821935e-06,-0.296,0.4532,201.801,0
3.157,0.0,-3.5686125556821935e-06,-0.296,0.4532,201.79,0
3.1584,0.0,-3.5686125556821935e-06,-0.296,0.4532,201.745,0
3.1597,0.0,-3.5686125556821935e-06,-0.296,0.4532,201.739,0
3.1613,0.0,-3.5686125556821935e-06,-0.296,0.4532,201.782,0
3.1627,0.0,-3.5686125556821935e-06,-0.296,0.4532,201.767,0
3.1641,0.0,-3.5686125556821935e-06,-0.296,0.4532,201.769,0
3.1659,0.0,-3.5686125556821935e-06,-0.296,0.4532,201.793,0
3.1675,0.0,-3.5686125556821935e-06,-0.296,0.4532,201.808,0
3.1689,0.0,-3.5686125556821935e-06,-0.296,0.4532,201.778,0
3.1704,0.0,-3.5686125556821935e-06,-0.296,0.4532,201.817,0
3.172,0.0,-3.5686125556821935e-06,-0.296,0.4532,201.799,0
3.1733,0.0,-3.5686125556821935e-06,-0.296,0.4532,201.762,0
3.1746,0.0,-3.5686125556821935e-06,-0.296,0.4532,201.783,0
3.1759,0.0,-3.5686125556821935e-06,-0.296,0.4532,201.784,0
3.1772,0.0,-3.5686125556821935e-06,-0.296,0.4532,201.797,0
3.1786,0.0,-3.5686125556821935e-06,-0.296,0.4532,201.798,0
3.1801,0.0,-3.5686125556821935e-06,-0.296,0.4532,201.759,0
3.1815,0.0,-3.5686125556821935e-06,-0.296,0.4532,201.776,0
3.1829,0.0,-3.5686125556821935e-06,-0.296,0.4532,201.805,0
3.1842,0.0,-3.5686125556821935e-06,-0.296,0.4532,201.794,0
3.1856,0.0,-3.5686125556821935e-06,-0.296,0.4532,201.79,0
3.1872,0.0,-3.5686125556821935e-06,-0.296,0.4532,201.805,0
3.1886,0.0,-3.5686125556821935e-06,-0.296,0.4532,201.794,0
3.1901,0.0,-3.5686125556821935e-06,-0.296,0.4532,201.786,0
3.1915,0.0,-3.5686125556821935e-06,-0.296,0.4532,201.784,0
3.1927,0.0,-3.5686125556821935e-06,-0.296,0.4532,201.773,0
3.194,0.0,-3.5686125556821935e-06,-0.296,0.4532,201.787,0
3.1953,0.0,-3.5686125556821935e-06,-0.296,0.4532,201.753,0
3.1967,0.0,-3.5686125556821935e-06,-0.296,0.4532,201.805,0
3.198,0.0,-3.5686125556821935e-06,-0.296,0.4532,201.761,0
3.1993,0.0,-3.5686125556821935e-06,-0.296,0.4532,201.771,0
3.2005,0.0,-3.5686125556821935e-06,-0.296,0.4532,201.785,0
3.202,0.0,-3.5686125556821935e-06,-0.296,0.4532,201.77,0
3.2033,0.0,-3.5686125556821935e-06,-0.296,0.4532,201.82,0
3.2046,0.0,-3.5686125556821935e-06,-0.296,0.4532,201.758,0
3.2059,0.0,-3.5686125556821935e-06,-0.296,0.4532,201.806,0
3.2072,0.0,-3.5686125556821935e-06,-0.296,0.4532,201.768,0
3.2085,0.0,-3.5686125556821935e-06,-0.296,0.4532,201.798,0
3.2097,0.0,-3.5686125556821935e-06,-0.296,0.4532,201.782,0
3.211,0.0,-3.5686125556821935e-06,-0.296,0.4532,201.773,0
3.2123,0.0,-3.5686125556821935e-06,-0.296,0.4532,201.804,0
3.2136,0.0,-3.5686125556821935e-06,-0.296,0.4532,201.785,0
3.2149,0.0,-3.5686125556821935e-06,-0.296,0.4532,201.756,0
3.2162,0.0,-3.5686125556821935e-06,-0.296,0.4532,201.772,0
3.2174,0.0,-3.5686125556821935e-06,-0.296,0.4532,201.798,0
3.2187,0.0,-3.5686125556821935e-06,-0.296,0.4532,201.785,0
3.2202,0.0,-3.5686125556821935e-06,-0.296,0.4532,201.773,0
3.2216,0.0,-3.5686125556821935e-06,-0.296,0.4532,201.784,0
3.2229,0.0,-3.5686125556821935e-06,-0.296,0.4532,201.798,0
3.2242,0.0,-3.5686125556821935e-06,-0.296,0.4532,201.762,0
3.2255,0.0,-3.5686125556821935e-06,-0.296,0.4532,201.787,0
3.2268,0.0,-3.5686125556821935e-06,-0.296,0.4532,201.782,0
3.2284,0.0,-3.5686125556821935e-06,-0.296,0.4532,201.784,0
3.2297,0.0,-3.5686125556821935e-06,-0.296,0.4532,201.783,0
3.2309,0.0,-0.00011044964048778638,-0.31,0.4532,201.811,0
3.2323,0.0,-0.00023153254005592316,-0.326,0.4532,201.774,0
3.2335,0.0,-0.00021029100753366947,-0.323,0.4532,201.794,0
3.2348,0.0,-0.00015519768930971622,-0.316,0.4532,201.771,0
3.2362,0.0,-0.00010800109157571569,-0.31,0.4532,201.779,0
3.2376,0.0,-6.251849845284596e-05,-0.304,0.4532,201.772,0
3.2388,0.0,-3.7848938518436626e-05,-0.301,0.4532,201.785,0
3.2402,0.0,-2.2606453057960607e-05,-0.299,0.4532,201.772,0
3.2414,0.0,-1.3056946954748128e-05,-0.298,0.4532,201.752,0
3.2426,0.0,-8.159761819115374e-06,-0.297,0.4532,201.775,0
3.2439,0.0,-4.73173395221238e-06,-0.296,0.4532,201.817,0
3.2451,0.0,-1.9158528630214278e-06,-0.296,0.4532,201.77,0
3.2464,0.0,-2.018384037683063e-07,-0.296,0.4532,201.81,0
3.2476,0.0,1.389746444147022e-06,-0.296,0.4532,201.81,0
3.249,0.0,2.1855389604752418e-06,-0.296,0.4532,201.781,0
3.2502,0.0,2.9201155484770425e-06,-0.295,0.4532,201.811,0
3.2514,0.0,3.593477003960288e-06,-0.295,0.4532,201.773,0
3.2528,0.0,3.593477003960288e-06,-0.295,0.4532,201.777,0
3.2541,0.0,3.593477003960288e-06,-0.295,0.4532,201.776,0
3.2554,0.0,3.593477003960288e-06,-0.295,0.4532,201.771,0
3.2566,0.0,3.593477003960288e-06,-0.295,0.4532,201.819,0
3.2579,0.0,3.593477003960288e-06,-0.295,0.4532,201.797,0
3.2592,0.0,3.593477003960288e-06,-0.295,0.4532,201.799,0
3.2605,0.0,3.593477003960288e-06,-0.295,0.4532,201.806,0
3.2619,0.0,3.593477003960288e-06,-0.295,0.4532,201.772,0
3.2632,0.0,3.593477003960288e-06,-0.295,0.4532,201.778,0
3.2645,0.0,3.593477003960288e-06,-0.295,0.4532,201.776,0
3.2658,0.0,3.593477003960288e-06,-0.295,0.4532,201.798,0
3.2671,0.0,3.593477003960288e-06,-0.295,0.4532,201.774,0
3.2683,0.0,3.593477003960288e-06,-0.295,0.4532,201.799,0
3.2696,0.0,3.593477003960288e-06,-0.295,0.4532,201.791,0
3.271,0.0,3.593477003960288e-06,-0.295,0.4532,201.797,0
3.2723,0.0,3.593477003960288e-06,-0.295,0.4532,201.764,0
3.2735,0.0,3.593477003960288e-06,-0.295,0.4532,201.809,0
3.2747,0.0,3.593477003960288e-06,-0.295,0.4532,201.786,0
3.276,0.0,3.593477003960288e-06,-0.295,0.4532,201.766,0
3.2773,0.0,3.593477003960288e-06,-0.295,0.4532,201.806,0
3.2785,0.0,3.593477003960288e-06,-0.295,0.4532,201.778,0
3.2798,0.0,3.593477003960288e-06,-0.295,0.4532,201.805,0
3.2811,0.0,3.593477003960288e-06,-0.295,0.4532,201.727,0
3.2824,0.0,3.593477003960288e-06,-0.295,0.4532,201.811,0
3.2838,0.0,3.593477003960288e-06,-0.295,0.4532,201.743,0
3.2851,0.0,3.593477003960288e-06,-0.295,0.4532,201.773,0
3.2865,0.0,3.593477003960288e-06,-0.295,0.4532,201.775,0
3.2879,0.0,3.593477003960288e-06,-0.295,0.4532,201.804,0
3.2892,0.0,3.593477003960288e-06,-0.295,0.4532,201.759,0
3.2907,0.0,3.593477003960288e-06,-0.295,0.4532,201.767,0
3.292,0.0,3.593477003960288e-06,-0.295,0.4532,201.775,0
3.2933,0.0,3.593477003960288e-06,-0.295,0.4532,201.783,0
3.2946,0.0,3.593477003960288e-06,-0.295,0.4532,201.78,0
3.2959,0.0,3.593477003960288e-06,-0.295,0.4532,201.752,0
3.2973,0.0,3.593477003960288e-06,-0.295,0.4532,201.776,0
3.2985,0.0,3.593477003960288e-06,-0.295,0.4532,201.753,0
3.2999,0.0,3.593477003960288e-06,-0.295,0.4532,201.787,0
3.3012,0.0,3.593477003960288e-06,-0.295,0.4532,201.759,0
3.3024,0.0,3.593477003960288e-06,-0.295,0.4532,201.789,0
3.3037,0.0,3.593477003960288e-06,-0.295,0.4532,201.774,0
3.305,0.0,3.593477003960288e-06,-0.295,0.4532,201.762,0
3.3062,0.0,3.593477003960288e-06,-0.295,0.4532,201.783,0
3.3074,0.0,3.593477003960288e-06,-0.295,0.4532,201.779,0
3.3087,0.0,3.593477003960288e-06,-0.295,0.4532,201.778,0
3.3099,0.0,3.593477003960288e-06,-0.295,0.4532,201.779,0
3.3112,0.0,3.593477003960288e-06,-0.295,0.4532,201.795,0
3.3124,0.0,3.593477003960288e-06,-0.295,0.4532,201.76,0
3.3136,0.0,3.593477003960288e-06,-0.295,0.4532,201.789,0
3.3149,0.0,3.593477003960288e-06,-0.295,0.4532,201.79,0
3.3162,0.0,3.593477003960288e-06,-0.295,0.4532,201.767,0
3.3175,0.0,3.593477003960288e-06,-0.295,0.4532,201.8,0
3.3187,0.0,3.593477003960288e-06,-0.295,0.4532,201.78,0
3.3201,0.0,3.593477003960288e-06,-0.295,0.4532,201.81,0
3.3214,0.0,3.593477003960288e-06,-0.295,0.4532,201.799,0
3.3228,0.0,3.593477003960288e-06,-0.295,0.4532,201.783,0
3.3241,0.0,3.593477003960288e-06,-0.295,0.4532,201.788,0
3.3254,0.0,3.593477003960288e-06,-0.295,0.4532,201.771,0
3.3267,0.0,3.593477003960288e-06,-0.295,0.4532,201.78,0
3.328,0.0,3.593477003960288e-06,-0.295,0.4532,201.768,0
3.3293,0.0,3.593477003960288e-06,-0.295,0.4532,201.799,0
3.3307,0.0,3.593477003960288e-06,-0.295,0.4532,201.77,0
3.332,0.0,3.593477003960288e-06,-0.295,0.4532,201.803,0
3.3333,0.0,3.593477003960288e-06,-0.295,0.4532,201.78,0
3.3346,0.0,3.593477003960288e-06,-0.295,0.4532,201.758,0
3.3359,0.0,3.593477003960288e-06,-0.295,0.4532,201.78,0
3.3372,0.0,3.593477003960288e-06,-0.295,0.4532,201.768,0
3.3384,0.0,3.593477003960288e-06,-0.295,0.4532,201.787,0
3.3396,0.0,3.593477003960288e-06,-0.295,0.4532,201.806,0
3.3408,0.0,3.593477003960288e-06,-0.295,0.4532,201.762,0
3.3421,0.0,3.593477003960288e-06,-0.295,0.4532,201.769,0
3.3433,0.0,3.593477003960288e-06,-0.295,0.4532,201.814,0
3.3447,0.0,3.593477003960288e-06,-0.295,0.4532,201.776,0
3.346,0.0,3.593477003960288e-06,-0.295,0.4532,201.793,0
3.3473,0.0,3.593477003960288e-06,-0.295,0.4532,201.782,0
3.3485,0.0,3.593477003960288e-06,-0.295,0.4532,201.774,0
3.3497,0.0,3.593477003960288e-06,-0.295,0.4532,201.787,0
3.351,0.0,3.593477003960288e-06,-0.295,0.4532,201.761,0
3.3523,0.0,3.593477003960288e-06,-0.295,0.4532,201.803,0
3.3535,0.0,3.593477003960288e-06,-0.295,0.4532,201.794,0
3.3549,0.0,3.593477003960288e-06,-0.295,0.4532,201.811,0
3.3561,0.0,3.593477003960288e-06,-0.295,0.4532,201.815,0
3.3574,0.0,3.593477003960288e-06,-0.295,0.4532,201.802,0
3.3586,0.0,3.593477003960288e-06,-0.295,0.4532,201.764,0
3.3598,0.0,3.593477003960288e-06,-0.295,0.4532,201.817,0
3.3612,0.0,3.593477003960288e-06,-0.295,0.4532,201.783,0
3.3624,0.0,3.593477003960288e-06,-0.295,0.4532,201.79,0
3.3636,0.0,3.593477003960288e-06,-0.295,0.4532,201.771,0
3.3648,0.0,3.593477003960288e-06,-0.295,0.4532,201.798,0
3.3661,0.0,3.593477003960288e-06,-0.295,0.4532,201.795,0
3.3673,0.0,3.593477003960288e-06,-0.295,0.4532,201.759,0
3.3685,0.0,3.593477003960288e-06,-0.295,0.4532,201.786,0
3.3698,0.0,3.593477003960288e-06,-0.295,0.4532,201.783,0
3.3711,0.0,3.593477003960288e-06,-0.295,0.4532,201.785,0
3.3724,0.0,3.593477003960288e-06,-0.295,0.4532,201.787,0
3.3736,0.0,3.593477003960288e-06,-0.295,0.4532,201.784,0
3.3749,0.0,3.593477003960288e-06,-0.295,0.4532,201.771,0
3.3761,0.0,3.593477003960288e-06,-0.295,0.4532,201.755,0
3.3773,0.0,3.593477003960288e-06,-0.295,0.4532,201.79,0
3.3785,0.0,3.593477003960288e-06,-0.295,0.4532,201.795,0
3.3797,0.0,3.593477003960288e-06,-0.295,0.4532,201.76,0
3.3809,0.0,3.593477003960288e-06,-0.295,0.4532,201.798,0
3.3821,0.0,3.593477003960288e-06,-0.295,0.4532,201.774,0
3.3833,0.0,3.593477003960288e-06,-0.295,0.4532,201.778,0
3.3845,0.0,3.593477003960288e-06,-0.295,0.4532,201.771,0
3.3857,0.0,3.593477003960288e-06,-0.295,0.4532,201.808,0
3.387,0.0,3.593477003960288e-06,-0.295,0.4532,201.768,0
3.3882,0.0,3.593477003960288e-06,-0.295,0.4532,201.743,0
3.3895,0.0,3.593477003960288e-06,-0.295,0.4532,201.843,0
3.3907,0.0,3.593477003960288e-06,-0.295,0.4532,201.753,0
3.392,0.0,3.593477003960288e-06,-0.295,0.4532,201.794,0
3.3933,0.0,3.593477003960288e-06,-0.295,0.4532,201.828,0
3.3946,0.0,3.593477003960288e-06,-0.295,0.4532,201.763,0
3.3958,0.0,3.593477003960288e-06,-0.295,0.4532,201.783,0
3.3972,0.0,3.593477003960288e-06,-0.295,0.4532,201.788,0
3.3984,0.0,3.593477003960288e-06,-0.295,0.4532,201.789,0
3.3996,0.0,3.593477003960288e-06,-0.295,0.4532,201.81,0
3.4008,0.0,3.593477003960288e-06,-0.295,0.4532,201.779,0
3.4021,0.0,3.593477003960288e-06,-0.295,0.4532,201.818,0
3.4033,0.0,3.593477003960288e-06,-0.295,0.4532,201.814,0
3.4045,0.0,3.593477003960288e-06,-0.295,0.4532,201.772,0
3.4057,0.0,3.593477003960288e-06,-0.295,0.4532,201.764,0
3.407,0.0,3.593477003960288e-06,-0.295,0.4532,201.797,0
3.4083,0.0,3.593477003960288e-06,-0.295,0.4532,201.767,0
3.4095,0.0,3.593477003960288e-06,-0.295,0.4532,201.779,0
3.4109,0.0,3.593477003960288e-06,-0.295,0.4532,201.768,0
3.4122,0.0,3.593477003960288e-06,-0.295,0.4532,201.794,0
3.4134,0.0,3.593477003960288e-06,-0.295,0.4532,201.771,0
3.4147,0.0,3.593477003960288e-06,-0.295,0.4532,201.749,0
3.416,0.0,3.593477003960288e-06,-0.295,0.4532,201.827,0
3.4173,0.0,3.593477003960288e-06,-0.295,0.4532,201.77,0
3.4187,0.0,3.593477003960288e-06,-0.295,0.4532,201.774,0
3.42,0.0,3.593477003960288e-06,-0.295,0.4532,201.8,0
3.4213,0.0,3.593477003960288e-06,-0.295,0.4532,201.759,0
3.4227,0.0,3.593477003960288e-06,-0.295,0.4532,201.792,0
3.4241,0.0,3.593477003960288e-06,-0.295,0.4532,201.765,0
3.4254,0.0,3.593477003960288e-06,-0.295,0.4532,201.814,0
3.4267,0.0,3.593477003960288e-06,-0.295,0.4532,201.768,0
3.428,0.0,3.593477003960288e-06,-0.295,0.4532,201.793,0
3.4293,0.0,3.593477003960288e-06,-0.295,0.4532,201.794,0
3.4306,0.0,3.593477003960288e-06,-0.295,0.4532,201.782,0
3.4318,0.0,3.593477003960288e-06,-0.295,0.4532,201.767,0
3.4331,0.0,3.593477003960288e-06,-0.295,0.4532,201.776,0
3.4343,0.0,3.593477003960288e-06,-0.295,0.4532,201.795,0
3.4356,0.0,3.593477003960288e-06,-0.295,0.4532,201.796,0
3.4369,0.0,3.593477003960288e-06,-0.295,0.4532,201.75,0
3.4382,0.0,3.593477003960288e-06,-0.295,0.4532,201.796,0
3.4395,0.0,3.593477003960288e-06,-0.295,0.4532,201.761,0
3.4407,0.0,3.593477003960288e-06,-0.295,0.4532,201.794,0
3.442,0.0,3.593477003960288e-06,-0.295,0.4532,201.786,0
3.4433,0.0,3.593477003960288e-06,-0.295,0.4532,201.774,0
3.4445,0.0,3.593477003960288e-06,-0.295,0.4532,201.801,0
3.4458,0.0,3.593477003960288e-06,-0.295,0.4532,201.791,0
3.4472,0.0,3.593477003960288e-06,-0.295,0.4532,201.764,0
3.4485,0.0,3.593477003960288e-06,-0.295,0.4532,201.778,0
3.4497,0.0,3.593477003960288e-06,-0.295,0.4532,201.794,0
3.4511,0.0,3.593477003960288e-06,-0.295,0.4532,201.795,0
3.4523,0.0,3.593477003960288e-06,-0.295,0.4532,201.741,0
3.4536,0.0,3.593477003960288e-06,-0.295,0.4532,201.79,0
3.4549,0.0,3.593477003960288e-06,-0.295,0.4532,201.781,0
3.4562,0.0,3.593477003960288e-06,-0.295,0.4532,201.759,0
3.4574,0.0,3.593477003960288e-06,-0.295,0.4532,201.806,0
3.4587,0.0,3.593477003960288e-06,-0.295,0.4532,201.796,0
3.4599,0.0,3.593477003960288e-06,-0.295,0.4532,201.74,0
3.4613,0.0,3.593477003960288e-06,-0.295,0.4532,201.81,0
3.4625,0.0,3.593477003960288e-06,-0.295,0.4532,201.765,0
3.4639,0.0,3.593477003960288e-06,-0.295,0.4532,201.809,0
3.4652,0.0,3.593477003960288e-06,-0.295,0.4532,201.767,0
3.4665,0.0,3.593477003960288e-06,-0.295,0.4532,201.781,0
3.4677,0.0,3.593477003960288e-06,-0.295,0.4532,201.782,0
3.469,0.0,3.593477003960288e-06,-0.295,0.4532,201.758,0
3.4703,0.0,3.593477003960288e-06,-0.295,0.4532,201.805,0
3.4716,0.0,3.593477003960288e-06,-0.295,0.4532,201.749,0
3.4728,0.0,3.593477003960288e-06,-0.295,0.4532,201.799,0
3.4741,0.0,3.593477003960288e-06,-0.295,0.4532,201.787,0
3.4754,0.0,3.593477003960288e-06,-0.295,0.4532,201.789,0
3.4767,0.0,3.593477003960288e-06,-0.295,0.4532,201.801,0
3.4779,0.0,3.593477003960288e-06,-0.295,0.4532,201.775,0
3.4792,0.0,3.593477003960288e-06,-0.295,0.4532,201.767,0
3.4805,0.0,3.593477003960288e-06,-0.295,0.4532,201.801,0
3.4818,0.0,3.593477003960288e-06,-0.295,0.4532,201.787,0
3.4831,0.0,3.593477003960288e-06,-0.295,0.4532,201.791,0
3.4844,0.0,3.593477003960288e-06,-0.295,0.4532,201.775,0
3.4857,0.0,3.593477003960288e-06,-0.295,0.4532,201.766,0
3.4874,0.0,3.593477003960288e-06,-0.295,0.4532,201.831,0
3.4887,0.0,3.593477003960288e-06,-0.295,0.4532,201.831,0
3.4901,0.0,3.593477003960288e-06,-0.295,0.4532,201.784,0
3.4914,0.0,3.593477003960288e-06,-0.295,0.4532,201.819,0
3.4926,0.0,3.593477003960288e-06,-0.295,0.4532,201.77,0
3.4938,0.0,3.593477003960288e-06,-0.295,0.4532,201.77,0
3.495,0.0,3.593477003960288e-06,-0.295,0.4532,201.804,0
3.4962,0.0,3.593477003960288e-06,-0.295,0.4532,201.828,0
3.4974,0.0,3.593477003960288e-06,-0.295,0.4532,201.739,0
3.4987,0.0,3.593477003960288e-06,-0.295,0.4532,201.792,0
3.4999,0.0,3.593477003960288e-06,-0.295,0.4532,201.816,0
3.5011,0.0,3.593477003960288e-06,-0.295,0.4532,201.768,0
3.5024,0.0,3.593477003960288e-06,-0.295,0.4532,201.752,0
3.5036,0.0,3.593477003960288e-06,-0.295,0.4532,201.786,0
3.5049,0.0,3.593477003960288e-06,-0.295,0.4532,201.761,0
3.5061,0.0,3.593477003960288e-06,-0.295,0.4532,201.815,0
3.5073,0.0,3.593477003960288e-06,-0.295,0.4532,201.785,0
3.5086,0.0,3.593477003960288e-06,-0.295,0.4532,201.767,0
3.5098,0.0,3.593477003960288e-06,-0.295,0.4532,201.776,0
3.5112,0.0,3.593477003960288e-06,-0.295,0.4532,201.793,0
3.5125,0.0,3.593477003960288e-06,-0.295,0.4532,201.789,0
3.5138,0.0,3.593477003960288e-06,-0.295,0.4532,201.788,0
3.5152,0.0,3.593477003960288e-06,-0.295,0.4532,201.751,0
3.5164,0.0,3.593477003960288e-06,-0.295,0.4532,201.753,0
3.5176,0.0,3.593477003960288e-06,-0.295,0.4532,201.784,0
3.5188,0.0,3.593477003960288e-06,-0.295,0.4532,201.792,0
3.5201,0.0,3.593477003960288e-06,-0.295,0.4532,201.806,0
3.5213,0.0,3.593477003960288e-06,-0.295,0.4532,201.782,0
3.5224,0.0,3.593477003960288e-06,-0.295,0.4532,201.762,0
3.5237,0.0,3.593477003960288e-06,-0.295,0.4532,201.817,0
3.525,0.0,3.593477003960288e-06,-0.295,0.4532,201.795,0
3.5262,0.0,3.593477003960288e-06,-0.295,0.4532,201.736,0
3.5274,0.0,3.593477003960288e-06,-0.295,0.4532,201.787,0
3.5287,0.0,3.593477003960288e-06,-0.295,0.4532,201.763,0
3.53,0.0,3.593477003960288e-06,-0.295,0.4532,201.778,0
3.5312,0.0,3.593477003960288e-06,-0.295,0.4532,201.806,0
3.5325,0.0,3.593477003960288e-06,-0.295,0.4532,201.765,0
3.5337,0.0,3.593477003960288e-06,-0.295,0.4532,201.769,0
3.5349,0.0,3.593477003960288e-06,-0.295,0.4532,201.791,0
3.5362,0.0,3.593477003960288e-06,-0.295,0.4532,201.775,0
3.5376,0.0,3.593477003960288e-06,-0.295,0.4532,201.775,0
3.5388,0.0,3.593477003960288e-06,-0.295,0.4532,201.786,0
3.5401,0.0,3.593477003960288e-06,-0.295,0.4532,201.813,0
3.5414,0.0,3.593477003960288e-06,-0.295,0.4532,201.794,0
3.5426,0.0,3.593477003960288e-06,-0.295,0.4532,201.764,0
3.5438,0.0,3.593477003960288e-06,-0.295,0.4532,201.784,0
3.5451,0.0,3.593477003960288e-06,-0.295,0.4532,201.793,0
3.5463,0.0,3.593477003960288e-06,-0.295,0.4532,201.769,0
3.5475,0.0,3.593477003960288e-06,-0.295,0.4532,201.809,0
3.5487,0.0,3.593477003960288e-06,-0.295,0.4532,201.793,0
3.55,0.0,3.593477003960288e-06,-0.295,0.4532,201.755,0
3.5513,0.0,3.593477003960288e-06,-0.295,0.4532,201.81,0
3.5526,0.0,3.593477003960288e-06,-0.295,0.4532,201.812,0
3.5541,0.0,3.593477003960288e-06,-0.295,0.4532,201.77,0
3.5554,0.0,3.593477003960288e-06,-0.295,0.4532,201.8,0
3.5567,0.0,3.593477003960288e-06,-0.295,0.4532,201.768,0
3.5581,0.0,3.593477003960288e-06,-0.295,0.4532,201.808,0
3.5593,0.0,3.593477003960288e-06,-0.295,0.4532,201.776,0
3.5606,0.0,3.593477003960288e-06,-0.295,0.4532,201.808,0
3.5619,0.0,3.593477003960288e-06,-0.295,0.4532,201.741,0
3.5632,0.0,3.593477003960288e-06,-0.295,0.4532,201.782,0
3.5645,0.0,3.593477003960288e-06,-0.295,0.4532,201.771,0
3.5658,0.0,3.593477003960288e-06,-0.295,0.4532,201.769,0
3.5671,0.0,3.593477003960288e-06,-0.295,0.4532,201.812,0
3.5684,0.0,3.593477003960288e-06,-0.295,0.4532,201.79,0
3.5697,0.0,3.593477003960288e-06,-0.295,0.4532,201.798,0
3.5712,0.0,3.593477003960288e-06,-0.295,0.4532,201.779,0
3.5724,0.0,3.593477003960288e-06,-0.295,0.4532,201.786,0
3.5737,0.0,3.593477003960288e-06,-0.295,0.4532,201.787,0
3.575,0.0,3.593477003960288e-06,-0.295,0.4532,201.781,0
3.5763,0.0,3.593477003960288e-06,-0.295,0.4532,201.771,0
3.5775,0.0,3.593477003960288e-06,-0.295,0.4532,201.784,0
3.5787,0.0,3.593477003960288e-06,-0.295,0.4532,201.767,0
3.58,0.0,3.593477003960288e-06,-0.295,0.4532,201.798,0
3.5814,0.0,3.593477003960288e-06,-0.295,0.4532,201.797,0
3.5827,0.0,3.593477003960288e-06,-0.295,0.4532,201.768,0
3.584,0.0,3.593477003960288e-06,-0.295,0.4532,201.766,0
3.5854,0.0,3.593477003960288e-06,-0.295,0.4532,201.788,0
3.5866,0.0,3.593477003960288e-06,-0.295,0.4532,201.768,0
3.5878,0.0,3.593477003960288e-06,-0.295,0.4532,201.771,0
3.5892,0.0,3.593477003960288e-06,-0.295,0.4532,201.797,0
3.5904,0.0,3.593477003960288e-06,-0.295,0.4532,201.766,0
3.5917,0.0,3.593477003960288e-06,-0.295,0.4532,201.81,0
3.593,0.0,3.593477003960288e-06,-0.295,0.4532,201.79,0
3.5945,0.0,3.593477003960288e-06,-0.295,0.4532,201.789,0
3.5958,0.0,3.593477003960288e-06,-0.295,0.4532,201.757,0
3.5972,0.0,3.593477003960288e-06,-0.295,0.4532,201.768,0
3.5985,0.0,3.593477003960288e-06,-0.295,0.4532,201.782,0
3.5998,0.0,3.593477003960288e-06,-0.295,0.4532,201.77,0
3.6011,0.0,3.593477003960288e-06,-0.295,0.4532,201.799,0
3.6024,0.0,3.593477003960288e-06,-0.295,0.4532,201.753,0
3.6037,0.0,3.593477003960288e-06,-0.295,0.4532,201.773,0
3.605,0.0,3.593477003960288e-06,-0.295,0.4532,201.778,0
3.6063,0.0,3.593477003960288e-06,-0.295,0.4532,201.802,0
3.6076,0.0,3.593477003960288e-06,-0.295,0.4532,201.804,0
3.6089,0.0,3.593477003960288e-06,-0.295,0.4532,201.779,0
3.6101,0.0,3.593477003960288e-06,-0.295,0.4532,201.793,0
3.6115,0.0,3.593477003960288e-06,-0.295,0.4532,201.781,0
3.6129,0.0,3.593477003960288e-06,-0.295,0.4532,201.793,0
3.6141,0.0,3.593477003960288e-06,-0.295,0.4532,201.782,0
3.6154,0.0,3.593477003960288e-06,-0.295,0.4532,201.786,0
3.6167,0.0,3.593477003960288e-06,-0.295,0.4532,201.784,0
3.618,0.0,3.593477003960288e-06,-0.295,0.4532,201.771,0
3.6193,0.0,3.593477003960288e-06,-0.295,0.4532,201.836,0
3.6206,0.0,3.593477003960288e-06,-0.295,0.4532,201.77,0
3.6218,0.0,3.593477003960288e-06,-0.295,0.4532,201.783,0
3.6232,0.0,3.593477003960288e-06,-0.295,0.4532,201.771,0
3.6244,0.0,3.593477003960288e-06,-0.295,0.4532,201.777,0
3.6257,0.0,3.593477003960288e-06,-0.295,0.4532,201.76,0
3.6269,0.0,3.593477003960288e-06,-0.295,0.4532,201.816,0
3.6282,0.0,3.593477003960288e-06,-0.295,0.4532,201.758,0
3.6294,0.0,3.593477003960288e-06,-0.295,0.4532,201.798,0
3.6306,0.0,3.593477003960288e-06,-0.295,0.4532,201.801,0
3.6319,0.0,3.593477003960288e-06,-0.295,0.4532,201.772,0
3.6332,0.0,3.593477003960288e-06,-0.295,0.4532,201.782,0
3.6344,0.0,3.593477003960288e-06,-0.295,0.4532,201.781,0
3.6357,0.0,3.593477003960288e-06,-0.295,0.4532,201.79,0
3.6371,0.0,3.593477003960288e-06,-0.295,0.4532,201.831,0
3.6384,0.0,3.593477003960288e-06,-0.295,0.4532,201.756,0
3.6396,0.0,3.593477003960288e-06,-0.295,0.4532,201.783,0
3.6409,0.0,3.593477003960288e-06,-0.295,0.4532,201.775,0
3.6421,0.0,3.593477003960288e-06,-0.295,0.4532,201.805,0
3.6433,0.0,3.593477003960288e-06,-0.295,0.4532,201.785,0
3.6446,0.0,3.593477003960288e-06,-0.295,0.4532,201.785,0
3.646,0.0,3.593477003960288e-06,-0.295,0.4532,201.755,0
3.6472,0.0,3.593477003960288e-06,-0.295,0.4532,201.782,0
3.6485,0.0,3.593477003960288e-06,-0.295,0.4532,201.752,0
3.6498,0.0,3.593477003960288e-06,-0.295,0.4532,201.773,0
3.6513,0.0,3.593477003960288e-06,-0.295,0.4532,201.781,0
3.6525,0.0,3.593477003960288e-06,-0.295,0.4532,201.757,0
3.6539,0.0,3.593477003960288e-06,-0.295,0.4532,201.78,0
3.6551,0.0,3.593477003960288e-06,-0.295,0.4532,201.766,0
3.6565,0.0,3.593477003960288e-06,-0.295,0.4532,201.807,0
3.6578,0.0,3.593477003960288e-06,-0.295,0.4532,201.763,0
3.6592,0.0,3.593477003960288e-06,-0.295,0.4532,201.803,0
3.6604,0.0,3.593477003960288e-06,-0.295,0.4532,201.774,0
3.6617,0.0,3.593477003960288e-06,-0.295,0.4532,201.781,0
3.6631,0.0,3.593477003960288e-06,-0.295,0.4532,201.795,0
3.6644,0.0,3.593477003960288e-06,-0.295,0.4532,201.796,0
3.6656,0.0,3.593477003960288e-06,-0.295,0.4532,201.806,0
3.6669,0.0,3.593477003960288e-06,-0.295,0.4532,201.793,0
3.6682,0.0,3.593477003960288e-06,-0.295,0.4532,201.763,0
3.6695,0.0,3.593477003960288e-06,-0.295,0.4532,201.798,0
3.6707,0.0,3.593477003960288e-06,-0.295,0.4532,201.772,0
3.672,0.0,3.593477003960288e-06,-0.295,0.4532,201.796,0
3.6733,0.0,3.593477003960288e-06,-0.295,0.4532,201.787,0
3.6746,0.0,3.593477003960288e-06,-0.295,0.4532,201.778,0
3.6759,0.0,3.593477003960288e-06,-0.295,0.4532,201.793,0
3.6772,0.0,3.593477003960288e-06,-0.295,0.4532,201.789,0
3.6786,0.0,3.593477003960288e-06,-0.295,0.4532,201.834,0
3.6799,0.0,3.593477003960288e-06,-0.295,0.4532,201.787,0
3.6813,0.0,3.593477003960288e-06,-0.295,0.4532,201.815,0
3.6826,0.0,3.593477003960288e-06,-0.295,0.4532,201.781,0
3.6838,0.0,3.593477003960288e-06,-0.295,0.4532,201.784,0
3.6851,0.0,3.593477003960288e-06,-0.295,0.4532,201.8,0
3.6864,0.0,3.593477003960288e-06,-0.295,0.4532,201.772,0
3.6876,0.0,3.593477003960288e-06,-0.295,0.4532,201.757,0
3.6889,0.0,3.593477003960288e-06,-0.295,0.4532,201.783,0
3.6901,0.0,3.593477003960288e-06,-0.295,0.4532,201.789,0
3.6913,0.0,3.593477003960288e-06,-0.295,0.4532,201.797,0
3.6926,0.0,3.593477003960288e-06,-0.295,0.4532,201.774,0
3.6938,0.0,3.593477003960288e-06,-0.295,0.4532,201.785,0
3.6951,0.0,3.593477003960288e-06,-0.295,0.4532,201.798,0
3.6965,0.0,3.593477003960288e-06,-0.295,0.4532,201.762,0
3.6978,0.0,3.593477003960288e-06,-0.295,0.4532,201.784,0
3.699,0.0,3.593477003960288e-06,-0.295,0.4532,201.78,0
3.7003,0.0,3.593477003960288e-06,-0.295,0.4532,201.745,0
3.7015,0.0,3.593477003960288e-06,-0.295,0.4532,201.816,0
3.7028,0.0,3.593477003960288e-06,-0.295,0.4532,201.79,0
3.7041,0.0,3.593477003960288e-06,-0.295,0.4532,201.765,0
3.7054,0.0,3.593477003960288e-06,-0.295,0.4532,201.806,0
3.7066,0.0,3.593477003960288e-06,-0.295,0.4532,201.769,0
3.7078,0.0,3.593477003960288e-06,-0.295,0.4532,201.778,0
3.7091,0.0,3.593477003960288e-06,-0.295,0.4532,201.798,0
3.7103,0.0,3.593477003960288e-06,-0.295,0.4532,201.791,0
3.7115,0.0,3.593477003960288e-06,-0.295,0.4532,201.797,0
3.7127,0.0,3.593477003960288e-06,-0.295,0.4532,201.808,0
3.7141,0.0,3.593477003960288e-06,-0.295,0.4532,201.775,0
3.7154,0.0,3.593477003960288e-06,-0.295,0.4532,201.792,0
3.7166,0.0,3.593477003960288e-06,-0.295,0.4532,201.771,0
3.7182,0.0,3.593477003960288e-06,-0.295,0.4532,201.769,0
3.7197,0.0,3.593477003960288e-06,-0.295,0.4532,201.792,0
3.7212,0.0,3.593477003960288e-06,-0.295,0.4532,201.788,0
3.7225,0.0,3.593477003960288e-06,-0.295,0.4532,201.778,0
3.7238,0.0,3.593477003960288e-06,-0.295,0.4532,201.806,0
3.725,0.0,3.593477003960288e-06,-0.295,0.4532,201.777,0
3.7263,0.0,3.593477003960288e-06,-0.295,0.4532,201.793,0
3.7275,0.0,3.593477003960288e-06,-0.295,0.4532,201.78,0
3.7288,0.0,3.593477003960288e-06,-0.295,0.4532,201.756,0
3.7301,0.0,3.593477003960288e-06,-0.295,0.4532,201.8,0
3.7315,0.0,3.593477003960288e-06,-0.295,0.4532,201.77,0
3.7328,0.0,3.593477003960288e-06,-0.295,0.4532,201.795,0
3.734,0.0,3.593477003960288e-06,-0.295,0.4532,201.783,0
3.7353,0.0,3.593477003960288e-06,-0.295,0.4532,201.759,0
3.7366,0.0,3.593477003960288e-06,-0.295,0.4532,201.825,0
3.7379,0.0,3.593477003960288e-06,-0.295,0.4532,201.788,0
3.7392,0.0,3.593477003960288e-06,-0.295,0.4532,201.786,0
3.7404,0.0,3.593477003960288e-06,-0.295,0.4532,201.766,0
3.7417,0.0,3.593477003960288e-06,-0.295,0.4532,201.782,0
3.743,0.0,3.593477003960288e-06,-0.295,0.4532,201.828,0
3.7442,0.0,3.593477003960288e-06,-0.295,0.4532,201.75,0
3.7455,0.0,3.593477003960288e-06,-0.295,0.4532,201.802,0
3.7469,0.0,3.593477003960288e-06,-0.295,0.4532,201.791,0
3.7482,0.0,3.593477003960288e-06,-0.295,0.4532,201.779,0
3.7495,0.0,3.593477003960288e-06,-0.295,0.4532,201.786,0
3.7508,0.0,3.593477003960288e-06,-0.295,0.4532,201.783,0
3.7521,0.0,3.593477003960288e-06,-0.295,0.4532,201.775,0
3.7534,0.0,3.593477003960288e-06,-0.295,0.4532,201.792,0
3.7546,0.0,3.593477003960288e-06,-0.295,0.4532,201.764,0
3.7558,0.0,3.593477003960288e-06,-0.295,0.4532,201.808,0
3.7572,0.0,3.593477003960288e-06,-0.295,0.4532,201.782,0
3.7584,0.0,3.593477003960288e-06,-0.295,0.4532,201.813,0
3.7596,0.0,3.593477003960288e-06,-0.295,0.4532,201.788,0
3.7609,0.0,3.593477003960288e-06,-0.295,0.4532,201.773,0
3.7623,0.0,3.593477003960288e-06,-0.295,0.4532,201.818,0
3.7636,0.0,3.593477003960288e-06,-0.295,0.4532,201.783,0
3.7649,0.0,3.593477003960288e-06,-0.295,0.4532,201.796,0
3.7662,0.0,3.593477003960288e-06,-0.295,0.4532,201.818,0
3.7675,0.0,3.593477003960288e-06,-0.295,0.4532,201.758,0
3.7688,0.0,3.593477003960288e-06,-0.295,0.4532,201.773,0
3.7701,0.0,3.593477003960288e-06,-0.295,0.4532,201.782,0
3.7717,0.0,3.593477003960288e-06,-0.295,0.4532,201.791,0
3.7731,0.0,3.593477003960288e-06,-0.295,0.4532,201.77,0
3.7744,0.0,3.593477003960288e-06,-0.295,0.4532,201.798,0
3.7757,0.0,3.593477003960288e-06,-0.295,0.4532,201.778,0
3.7771,0.0,3.593477003960288e-06,-0.295,0.4532,201.759,0
3.7784,0.0,3.593477003960288e-06,-0.295,0.4532,201.78,0
3.7796,0.0,3.593477003960288e-06,-0.295,0.4532,201.777,0
3.7809,0.0,3.593477003960288e-06,-0.295,0.4532,201.791,0
3.7822,0.0,3.593477003960288e-06,-0.295,0.4532,201.763,0
3.7834,0.0,3.593477003960288e-06,-0.295,0.4532,201.796,0
3.7847,0.0,3.593477003960288e-06,-0.295,0.4532,201.784,0
3.786,0.0,3.593477003960288e-06,-0.295,0.4532,201.765,0
3.7873,0.0,3.593477003960288e-06,-0.295,0.4532,201.769,0
3.7886,0.0,3.593477003960288e-06,-0.295,0.4532,201.782,0
3.7899,0.0,3.593477003960288e-06,-0.295,0.4532,201.793,0
3.7912,0.0,3.593477003960288e-06,-0.295,0.4532,201.78,0
3.7924,0.0,3.593477003960288e-06,-0.295,0.4532,201.786,0
3.7937,0.0,3.593477003960288e-06,-0.295,0.4532,201.81,0
3.7951,0.0,3.593477003960288e-06,-0.295,0.4532,201.763,0
3.7964,0.0,3.593477003960288e-06,-0.295,0.4532,201.815,0
3.7977,0.0,3.593477003960288e-06,-0.295,0.4532,201.793,0
3.799,0.0,3.593477003960288e-06,-0.295,0.4532,201.801,0
3.8004,0.0,3.593477003960288e-06,-0.295,0.4532,201.779,0
3.8017,0.0,3.593477003960288e-06,-0.295,0.4532,201.761,0
3.8032,0.0,3.593477003960288e-06,-0.295,0.4532,201.803,0
3.8046,0.0,3.593477003960288e-06,-0.295,0.4532,201.775,0
3.8059,0.0,3.593477003960288e-06,-0.295,0.4532,201.792,0
3.8071,0.0,3.593477003960288e-06,-0.295,0.4532,201.758,0
3.8084,0.0,3.593477003960288e-06,-0.295,0.4532,201.82,0
3.8096,0.0,3.593477003960288e-06,-0.295,0.4532,201.777,0
3.8109,0.0,3.593477003960288e-06,-0.295,0.4532,201.764,0
3.8122,0.0,3.593477003960288e-06,-0.295,0.4532,201.802,0
3.8135,0.0,3.593477003960288e-06,-0.295,0.4532,201.787,0
3.8148,0.0,3.593477003960288e-06,-0.295,0.4532,201.802,0
3.8162,0.0,3.593477003960288e-06,-0.295,0.4532,201.773,0
3.8174,0.0,3.593477003960288e-06,-0.295,0.4532,201.786,0
3.8187,0.0,3.593477003960288e-06,-0.295,0.4532,201.819,0
3.8201,0.0,3.593477003960288e-06,-0.295,0.4532,201.77,0
3.8213,0.0,3.593477003960288e-06,-0.295,0.4532,201.802,0
3.8225,0.0,3.593477003960288e-06,-0.295,0.4532,201.789,0
3.8238,0.0,3.593477003960288e-06,-0.295,0.4532,201.778,0
3.8251,0.0,3.593477003960288e-06,-0.295,0.4532,201.785,0
3.8263,0.0,3.593477003960288e-06,-0.295,0.4532,201.77,0
3.8275,0.0,3.593477003960288e-06,-0.295,0.4532,201.774,0
3.8288,0.0,3.593477003960288e-06,-0.295,0.4532,201.809,0
3.8302,0.0,3.593477003960288e-06,-0.295,0.4532,201.776,0
3.8315,0.0,3.593477003960288e-06,-0.295,0.4532,201.818,0
3.8328,0.0,3.593477003960288e-06,-0.295,0.4532,201.77,0
3.8342,0.0,3.593477003960288e-06,-0.295,0.4532,201.834,0
3.8354,0.0,3.593477003960288e-06,-0.295,0.4532,201.753,0
3.8366,0.0,3.593477003960288e-06,-0.295,0.4532,201.751,0
3.8379,0.0,3.593477003960288e-06,-0.295,0.4532,201.796,0
3.8392,0.0,3.593477003960288e-06,-0.295,0.4532,201.762,0
3.8404,0.0,3.593477003960288e-06,-0.295,0.4532,201.769,0
3.8418,0.0,3.593477003960288e-06,-0.295,0.4532,201.804,0
3.8431,0.0,3.593477003960288e-06,-0.295,0.4532,201.749,0
3.8443,0.0,3.593477003960288e-06,-0.295,0.4532,201.814,0
3.8456,0.0,3.593477003960288e-06,-0.295,0.4532,201.78,0
3.8469,0.0,3.593477003960288e-06,-0.295,0.4532,201.781,0
3.8481,0.0,3.593477003960288e-06,-0.295,0.4532,201.79,0
3.8494,0.0,3.593477003960288e-06,-0.295,0.4532,201.789,0
3.8506,0.0,3.593477003960288e-06,-0.295,0.4532,201.792,0
3.8518,0.0,3.593477003960288e-06,-0.295,0.4532,201.812,0
3.8532,0.0,3.593477003960288e-06,-0.295,0.4532,201.747,0
3.8544,0.0,3.593477003960288e-06,-0.295,0.4532,201.793,0
3.8556,0.0,3.593477003960288e-06,-0.295,0.4532,201.821,0
3.8568,0.0,3.593477003960288e-06,-0.295,0.4532,201.783,0
3.8582,0.0,3.593477003960288e-06,-0.295,0.4532,201.791,0
3.8594,0.0,3.593477003960288e-06,-0.295,0.4532,201.759,0
3.8606,0.0,3.593477003960288e-06,-0.295,0.4532,201.792,0
3.8618,0.0,3.593477003960288e-06,-0.295,0.4532,201.807,0
3.8632,0.0,3.593477003960288e-06,-0.295,0.4532,201.74,0
3.8644,0.0,3.593477003960288e-06,-0.295,0.4532,201.814,0
3.8656,0.0,3.593477003960288e-06,-0.295,0.4532,201.8,0
3.8669,0.0,3.593477003960288e-06,-0.295,0.4532,201.784,0
3.8682,0.0,3.593477003960288e-06,-0.295,0.4532,201.815,0
3.8695,0.0,3.593477003960288e-06,-0.295,0.4532,201.785,0
3.8708,0.0,3.593477003960288e-06,-0.295,0.4532,201.781,0
3.8721,0.0,3.593477003960288e-06,-0.295,0.4532,201.822,0
3.8733,0.0,3.593477003960288e-06,-0.295,0.4532,201.767,0
3.8745,0.0,3.593477003960288e-06,-0.295,0.4532,201.788,0
3.8758,0.0,3.593477003960288e-06,-0.295,0.4532,201.807,0
3.8771,0.0,3.593477003960288e-06,-0.295,0.4532,201.777,0
3.8784,0.0,3.593477003960288e-06,-0.295,0.4532,201.792,0
3.8796,0.0,3.593477003960288e-06,-0.295,0.4532,201.797,0
3.8809,0.0,3.593477003960288e-06,-0.295,0.4532,201.773,0
3.8822,0.0,3.593477003960288e-06,-0.295,0.4532,201.805,0
3.8835,0.0,3.593477003960288e-06,-0.295,0.4532,201.739,0
3.8848,0.0,3.593477003960288e-06,-0.295,0.4532,201.766,0
3.8861,0.0,3.593477003960288e-06,-0.295,0.4532,201.791,0
3.8874,0.0,3.593477003960288e-06,-0.295,0.4532,201.753,0
3.8887,0.0,3.593477003960288e-06,-0.295,0.4532,201.789,0
3.8901,0.0,3.593477003960288e-06,-0.295,0.4532,201.77,0
3.8915,0.0,3.593477003960288e-06,-0.295,0.4532,201.805,0
3.8929,0.0,3.593477003960288e-06,-0.295,0.4532,201.753,0
3.8942,0.0,3.593477003960288e-06,-0.295,0.4532,201.762,0
3.8956,0.0,3.593477003960288e-06,-0.295,0.4532,201.764,0
3.897,0.0,3.593477003960288e-06,-0.295,0.4532,201.78,0
3.8982,0.0,3.593477003960288e-06,-0.295,0.4532,201.797,0
3.8994,0.0,3.593477003960288e-06,-0.295,0.4532,201.794,0
3.9007,0.0,0.00013030809350311756,-0.279,0.4532,201.807,0
3.902,0.0,0.0002325368404854089,-0.265,0.4532,201.747,0
3.9032,0.0,0.0002065205480903387,-0.269,0.4532,201.807,0
3.9045,0.0,0.00015093752881512046,-0.276,0.4532,201.787,0
3.9058,0.0,0.00010116989142261446,-0.283,0.4532,201.758,0
3.907,0.0,6.713447510264814e-05,-0.287,0.4532,201.798,0
3.9083,0.0,4.087332490598783e-05,-0.29,0.4532,201.772,0
3.9096,0.0,2.4467761249979958e-05,-0.293,0.4532,201.788,0
3.9111,0.0,1.3510314602172002e-05,-0.294,0.4532,201.795,0
3.9125,0.0,7.69490816310281e-06,-0.295,0.4532,201.837,0
3.9137,0.0,4.144450031162705e-06,-0.295,0.4532,201.756,0
3.9151,0.0,1.5122134300327161e-06,-0.296,0.4532,201.785,0
3.9164,0.0,-2.018009013227129e-07,-0.296,0.4532,201.804,0
3.9176,0.0,-1.6097413890747703e-06,-0.296,0.4532,201.795,0
3.919,0.0,-2.40553390540299e-06,-0.296,0.4532,201.788,0
3.9202,0.0,-3.201324716428644e-06,-0.296,0.4532,201.798,0
3.9215,0.0,-3.5686125556821935e-06,-0.296,0.4532,201.774,0
3.9228,0.0,-3.5686125556821935e-06,-0.296,0.4532,201.806,0
3.9241,0.0,-3.5686125556821935e-06,-0.296,0.4532,201.778,0
3.9254,0.0,-3.5686125556821935e-06,-0.296,0.4532,201.797,0
3.9266,0.0,-3.5686125556821935e-06,-0.296,0.4532,201.779,0
3.9281,0.0,-3.5686125556821935e-06,-0.296,0.4532,201.771,0
3.9294,0.0,-3.5686125556821935e-06,-0.296,0.4532,201.801,0
3.9306,0.0,-3.5686125556821935e-06,-0.296,0.4532,201.739,0
3.9321,0.0,-3.5686125556821935e-06,-0.296,0.4532,201.809,0
3.9333,0.0,-3.5686125556821935e-06,-0.296,0.4532,201.771,0
3.9346,0.0,-3.5686125556821935e-06,-0.296,0.4532,201.78,0
3.9359,0.0,-3.5686125556821935e-06,-0.296,0.4532,201.765,0
3.9372,0.0,-3.5686125556821935e-06,-0.296,0.4532,201.778,0
3.9385,0.0,-3.5686125556821935e-06,-0.296,0.4532,201.75,0
3.9398,0.0,-3.5686125556821935e-06,-0.296,0.4532,201.797,0
3.9412,0.0,-3.5686125556821935e-06,-0.296,0.4532,201.795,0
3.9425,0.0,-3.5686125556821935e-06,-0.296,0.4532,201.767,0
3.9438,0.0,-3.5686125556821935e-06,-0.296,0.4532,201.769,0
3.9452,0.0,-3.5686125556821935e-06,-0.296,0.4532,201.782,0
3.9465,0.0,-3.5686125556821935e-06,-0.296,0.4532,201.788,0
3.9477,0.0,-3.5686125556821935e-06,-0.296,0.4532,201.781,0
3.9491,0.005,0.00015583469939883798,-0.269,0.4539,201.757,0
3.9504,0.005,0.00022537470795214176,-0.26,0.4539,201.804,0
3.9517,0.005,0.00018962527974508703,-0.265,0.4539,201.769,0
3.9531,0.005,0.00013122637756168842,-0.272,0.4539,201.792,0
3.9544,0.005,8.660080493427813e-05,-0.278,0.4539,201.756,0
3.9557,0.005,5.46466835658066e-05,-0.282,0.4539,201.775,0
3.9571,0.005,0.00045499144471250474,-0.23,0.4539,201.809,0
3.9583,0.005,0.00045768485870212317,-0.23,0.4539,201.734,0
3.9596,0.005,0.00035821078927256167,-0.243,0.4539,201.816,0
3.9609,0.005,0.00024624893558211625,-0.257,0.4539,201.768,0
3.9622,0.005,0.0003192169824615121,-0.248,0.4539,201.774,0
3.9634,0.005,0.0003296234644949436,-0.246,0.4539,201.784,0
3.9646,0.005,0.00045437918743118644,-0.23,0.4539,201.771,0
3.9659,0.005,0.00041232461808249354,-0.236,0.4539,201.811,0
3.9672,0.005,0.00034413134562782943,-0.244,0.4539,201.779,0
3.9684,0.005,0.0004284241294953972,-0.233,0.4539,201.777,0
3.9698,0.005,0.0005347542464733124,-0.22,0.4539,201.801,0
3.9711,0.005,0.00046478575677610934,-0.229,0.4539,201.783,0
3.9723,0.005,0.0007374364649876952,-0.193,0.4539,201.783,0
3.9735,0.005,0.0009137962479144335,-0.17,0.4539,201.769,0
3.9749,0.005,0.0009244477259926498,-0.169,0.4539,201.748,0
3.9761,0.005,0.001081708469428122,-0.149,0.4539,201.758,0
3.9774,0.011,0.001380865229293704,-0.104,0.4547,201.771,0
3.9787,0.011,0.0017150976927950978,-0.061,0.4547,201.806,0
3.9801,0.011,0.0018428527982905507,-0.044,0.4547,201.787,0
3.9813,0.011,0.002284884685650468,0.012,0.4547,201.777,0
3.9829,0.016,0.0029436172917485237,0.101,0.4555,201.786,0
3.9843,0.016,0.003733961610123515,0.199,0.4555,201.763,0
3.9855,0.022,0.004367045126855373,0.281,0.4562,201.776,0
3.9869,0.022,0.004936587531119585,0.347,0.4562,201.77,0
3.9881,0.027,0.005539982113987207,0.422,0.457,201.759,0
3.9894,0.033,0.006489729508757591,0.532,0.4578,201.755,0
3.9906,0.033,0.007197740022093058,0.606,0.4578,201.759,0
3.9918,0.038,0.008209560066461563,0.711,0.4585,201.727,0
3.9931,0.044,0.009098520502448082,0.799,0.4593,201.712,0
3.9944,0.049,0.009590931236743927,0.847,0.4601,201.699,0
3.9957,0.055,0.01056951005011797,0.933,0.4608,201.735,0
3.997,0.06,0.011508973315358162,1.009,0.4616,201.701,0
3.9982,0.071,0.012653139419853687,1.097,0.4631,201.734,0
3.9995,0.077,0.01384591031819582,1.175,0.4639,201.706,0
4.0007,0.088,0.015349713154137135,1.264,0.4654,201.641,0
4.0022,0.099,0.016901325434446335,1.342,0.4669,201.667,0
4.0035,0.104,0.01840917021036148,1.402,0.4677,201.657,0
4.0047,0.115,0.01982678286731243,1.454,0.4692,201.674,0
4.0061,0.132,0.021355807781219482,1.506,0.4715,201.635,0
4.0076,0.143,0.02379423752427101,1.56,0.473,201.607,0
4.0089,0.159,0.025753848254680634,1.6,0.4753,201.569,0
4.0102,0.176,0.027191411703824997,1.628,0.4776,201.601,0
4.0115,0.187,0.028307847678661346,1.646,0.4791,201.54,0
4.0128,0.203,0.029344886541366577,1.667,0.4814,201.557,0
4.0141,0.22,0.030195405706763268,1.687,0.4837,201.574,0
4.0154,0.236,0.03150729835033417,1.708,0.486,201.507,0
4.0167,0.253,0.033293116837739944,1.727,0.4883,201.538,0
4.018,0.269,0.034440889954566956,1.744,0.4906,201.449,0
4.0192,0.286,0.035444751381874084,1.761,0.4929,201.453,0
4.0205,0.308,0.0364120677113533,1.785,0.4959,201.447,0
4.0218,0.324,0.03754466399550438,1.801,0.4982,201.4,0
4.0231,0.346,0.038977883756160736,1.822,0.5013,201.412,0
4.0243,0.363,0.040531452745199203,1.837,0.5035,201.395,0
4.0256,0.385,0.04227478429675102,1.856,0.5066,201.367,0
4.0269,0.406,0.043742407113313675,1.877,0.5096,201.349,0
4.0284,0.428,0.04551855847239494,1.896,0.5127,201.299,0
4.0297,0.461,0.047988396137952805,1.925,0.5173,201.296,0
4.0311,0.489,0.0505286268889904,1.947,0.5211,201.243,0
4.0323,0.511,0.052599769085645676,1.964,0.5241,201.234,0
4.0335,0.538,0.054532382637262344,1.988,0.528,201.203,0
4.0349,0.571,0.05715440213680267,2.016,0.5325,201.155,0
4.0362,0.599,0.05974837765097618,2.037,0.5363,201.124,0
4.0375,0.637,0.06291771680116653,2.069,0.5417,201.068,0
4.0388,0.67,0.06578899919986725,2.095,0.5463,201.044,0
4.0401,0.703,0.06819014996290207,2.123,0.5508,200.989,0
4.0414,0.742,0.07084527611732483,2.157,0.5562,200.944,0
4.0426,0.775,0.0732814371585846,2.184,0.5608,200.96,0
4.0439,0.813,0.07485471665859222,2.223,0.5661,200.911,0
4.0451,0.846,0.07678855955600739,2.252,0.5707,200.827,0
4.0464,0.884,0.07822386920452118,2.29,0.576,200.821,0
4.0476,0.923,0.07983362674713135,2.325,0.5814,200.786,0
4.0491,0.967,0.0824996754527092,2.359,0.5875,200.747,0
4.0503,1.011,0.08428071439266205,2.396,0.5936,200.665,0
4.0515,1.049,0.08708147704601288,2.42,0.5989,200.637,0
4.0529,1.099,0.09011565893888474,2.451,0.6058,200.556,0
4.0542,1.143,0.09265926480293274,2.477,0.6119,200.509,0
4.0554,1.192,0.0959298238158226,2.501,0.6187,200.498,0
4.0567,1.236,0.0982234850525856,2.523,0.6248,200.4,0
4.0581,1.285,0.10035590082406998,2.547,0.6317,200.353,0
4.0593,1.34,0.10305865854024887,2.568,0.6393,200.297,0
4.0606,1.39,0.10473038256168365,2.588,0.6462,200.227,0
4.0619,1.439,0.10688795894384384,2.602,0.6531,200.194,0
4.0631,1.494,0.10838638246059418,2.618,0.6607,200.128,0
4.0644,1.544,0.10989975929260254,2.628,0.6676,200.088,0
4.0656,1.599,0.11194446682929993,2.634,0.6752,200.018,0
4.0669,1.648,0.113637775182724,2.636,0.6821,199.954,0
4.0683,1.708,0.11571472138166428,2.635,0.6905,199.906,0
4.0696,1.763,0.11688562482595444,2.635,0.6981,199.834,0
4.0708,1.818,0.11763519048690796,2.635,0.7057,199.777,0
4.0723,1.884,0.11919132620096207,2.627,0.7149,199.683,0
4.0736,1.939,0.11993978917598724,2.621,0.7225,199.642,0
4.075,2.0,0.12112866342067719,2.611,0.7309,199.563,0
4.0763,2.06,0.12165958434343338,2.603,0.7393,199.532,0
4.0776,2.115,0.12268321961164474,2.592,0.7469,199.432,0
4.0789,2.175,0.12372643500566483,2.58,0.7553,199.39,0
4.0802,2.236,0.12463217228651047,2.568,0.7637,199.345,0
4.0814,2.291,0.12551452219486237,2.558,0.7713,199.275,0
4.0827,2.351,0.12586314976215363,2.553,0.7797,199.182,0
4.0841,2.411,0.12588514387607574,2.551,0.7881,199.167,0
4.0853,2.466,0.12555702030658722,2.553,0.7957,199.073,0
4.0865,2.527,0.12621892988681793,2.552,0.8041,199.01,0
4.0878,2.587,0.1267526000738144,2.556,0.8125,198.96,0
4.0891,2.648,0.1284479945898056,2.556,0.8209,198.896,0
4.0904,2.703,0.12905463576316833,2.566,0.8286,198.865,0
4.0916,2.763,0.12973816692829132,2.581,0.8369,198.774,0
4.0929,2.823,0.13130050897598267,2.595,0.8453,198.722,0
4.0941,2.884,0.1318727433681488,2.62,0.8537,198.681,0
4.0955,2.944,0.13255208730697632,2.65,0.8621,198.622,0
4.0967,3.01,0.13307958841323853,2.689,0.8713,198.552,0
4.0981,3.076,0.13415996730327606,2.731,0.8804,198.504,0
4.0994,3.142,0.13394975662231445,2.787,0.8896,198.439,0
4.1007,3.203,0.13468727469444275,2.837,0.898,198.386,0
4.1023,3.268,0.13518862426280975,2.899,0.9071,198.313,0
4.1037,3.345,0.13551892340183258,2.979,0.9178,198.291,0
4.1051,3.417,0.13682670891284943,3.052,0.9277,198.191,0
4.1065,3.488,0.1383938044309616,3.128,0.9377,198.117,0
4.1079,3.56,0.1396597921848297,3.208,0.9476,198.049,0
4.1092,3.631,0.14120492339134216,3.289,0.9575,198.0,0
4.1105,3.702,0.1429091989994049,3.37,0.9674,197.95,0
4.112,3.768,0.14491349458694458,3.442,0.9766,197.949,0
4.1134,3.851,0.14704352617263794,3.533,0.988,197.832,0
4.1147,3.928,0.1473473757505417,3.624,0.9987,197.772,0
4.116,3.994,0.1472788155078888,3.7,0.0078,197.688,0
4.1173,4.059,0.14732734858989716,3.77,0.017,197.685,0
4.1186,4.131,0.1471029371023178,3.842,0.0269,197.643,0
4.12,4.202,0.14752233028411865,3.902,0.0368,197.619,0
4.1212,4.274,0.14862744510173798,3.948,0.0468,197.554,0
4.1225,4.345,0.1502160280942917,3.982,0.0567,197.495,0
4.1238,4.417,0.15067274868488312,4.011,0.0666,197.449,0
4.1251,4.488,0.15180307626724243,4.025,0.0765,197.383,0
4.1264,4.559,0.15138205885887146,4.035,0.0864,197.373,0
4.1277,4.625,0.15154702961444855,4.029,0.0956,197.297,0
4.1294,4.697,0.15206338465213776,4.008,0.1055,197.223,0
4.1309,4.801,0.15264353156089783,3.954,0.12,197.186,0
4.1321,4.878,0.1528964787721634,3.896,0.1307,197.127,0
4.1335,4.944,0.15308380126953125,3.833,0.1398,197.027,0
4.1348,5.015,0.15231971442699432,3.759,0.1497,197.005,0
4.1361,5.087,0.15200212597846985,3.669,0.1597,196.916,0
4.1374,5.158,0.15159976482391357,3.568,0.1696,196.899,0
4.1387,5.224,0.15142689645290375,3.463,0.1787,196.798,0
4.14,5.301,0.15229913592338562,3.323,0.1894,196.767,0
4.1414,5.372,0.1535409539937973,3.181,0.1993,196.695,0
4.1429,5.46,0.15369851887226105,3.004,0.2115,196.629,0
4.1442,5.532,0.1536148339509964,2.855,0.2215,196.547,0
4.1455,5.603,0.15355661511421204,2.701,0.2314,196.474,0
4.1467,5.674,0.15319080650806427,2.545,0.2413,196.418,0
4.148,5.74,0.15267696976661682,2.401,0.2505,196.361,0
4.1493,5.812,0.1517517864704132,2.246,0.2604,196.309,0
4.1507,5.883,0.1522151380777359,2.085,0.2703,196.257,0
4.152,5.96,0.1513165533542633,1.924,0.281,196.195,0
4.1532,6.026,0.15131010115146637,1.785,0.2901,196.139,0
4.1545,6.092,0.14968809485435486,1.661,0.2993,196.055,0
4.1557,6.158,0.1483464539051056,1.541,0.3084,195.989,0
4.157,6.218,0.14656950533390045,1.441,0.3168,195.944,0
4.1582,6.284,0.145288348197937,1.336,0.326,195.826,0
4.1595,6.35,0.14461199939250946,1.236,0.3351,195.809,0
4.1608,6.416,0.14332911372184753,1.149,0.3443,195.7,0
4.1622,6.476,0.1435754895210266,1.071,0.3527,195.657,0
4.1634,6.553,0.14377732574939728,0.984,0.3634,195.559,0
4.1647,6.614,0.14352959394454956,0.93,0.3718,195.51,0
4.166,6.68,0.1425933837890625,0.885,0.3809,195.433,0
4.1672,6.746,0.14248214662075043,0.848,0.3901,195.346,0
4.1684,6.806,0.1424659937620163,0.824,0.3985,195.28,0
4.1697,6.872,0.14286775887012482,0.806,0.4076,195.2,0
4.171,6.938,0.14311359822750092,0.801,0.4168,195.106,0
4.1723,7.004,0.14406640827655792,0.802,0.4259,195.035,0
4.1735,7.07,0.14483116567134857,0.816,0.4351,194.949,0
4.1748,7.141,0.1462419629096985,0.839,0.445,194.904,0
4.1761,7.207,0.14669598639011383,0.876,0.4542,194.795,0
4.1774,7.278,0.1478157341480255,0.921,0.4641,194.719,0
4.1787,7.344,0.14825616776943207,0.975,0.4732,194.631,0
4.18,7.421,0.15016895532608032,1.039,0.4839,194.555,0
4.1813,7.493,0.15269510447978973,1.101,0.4938,194.432,0
4.1826,7.57,0.15401507914066315,1.182,0.5045,194.341,0
4.1839,7.641,0.15553653240203857,1.261,0.5144,194.288,0
4.1851,7.712,0.15649375319480896,1.346,0.5244,194.192,0
4.1865,7.784,0.15651127696037292,1.438,0.5343,194.129,0
4.1877,7.866,0.1574835479259491,1.54,0.5457,194.004,0
4.189,7.938,0.15901708602905273,1.623,0.5556,193.92,0
4.1903,8.009,0.16076000034809113,1.703,0.5656,193.832,0
4.1916,8.091,0.16218501329421997,1.794,0.577,193.768,0
4.1928,8.168,0.16291502118110657,1.878,0.5877,193.658,0
4.1941,8.24,0.16369269788265228,1.951,0.5976,193.563,0
4.1954,8.317,0.1655014008283615,2.016,0.6083,193.496,0
4.1966,8.394,0.16668273508548737,2.078,0.619,193.389,0
4.198,8.476,0.1688639372587204,2.129,0.6304,193.32,0
4.1993,8.564,0.17144775390625,2.173,0.6426,193.202,0
4.2005,8.641,0.1738966554403305,2.2,0.6533,193.126,0
4.2017,8.723,0.17640049755573273,2.222,0.6647,193.031,0
4.2034,8.806,0.17853127419948578,2.236,0.6762,192.923,0
4.2047,8.921,0.18185295164585114,2.24,0.6922,192.804,0
4.2059,9.009,0.18454612791538239,2.233,0.7044,192.684,0
4.2072,9.091,0.18632222712039948,2.224,0.7159,192.625,0
4.2084,9.174,0.18806272745132446,2.211,0.7273,192.513,0
4.2096,9.261,0.19024264812469482,2.192,0.7395,192.407,0
4.2108,9.349,0.19146662950515747,2.176,0.7517,192.351,0
4.2122,9.432,0.1932150274515152,2.157,0.7632,192.233,0
4.2134,9.531,0.1943330019712448,2.143,0.7769,192.119,0
4.2147,9.619,0.19499705731868744,2.136,0.7891,192.036,0
4.2161,9.712,0.19537580013275146,2.136,0.8021,191.968,0
4.2173,9.8,0.1954716593027115,2.145,0.8143,191.864,0
4.2186,9.893,0.19545719027519226,2.165,0.8272,191.786,0
4.2199,9.981,0.19574807584285736,2.191,0.8394,191.688,0
4.2212,10.074,0.19621939957141876,2.229,0.8524,191.619,0
4.2225,10.168,0.19710451364517212,2.277,0.8654,191.55,0
4.2238,10.261,0.1966899037361145,2.344,0.8784,191.455,0
4.2252,10.355,0.19760236144065857,2.416,0.8913,191.337,0
4.2265,10.453,0.19882777333259583,2.502,0.9051,191.219,0
4.2278,10.547,0.19897808134555817,2.6,0.918,191.167,0
4.2292,10.64,0.19829265773296356,2.711,0.931,191.071,0
4.2305,10.739,0.19870930910110474,2.829,0.9447,190.983,0
4.2317,10.833,0.19984057545661926,2.94,0.9577,190.904,0
4.2331,10.926,0.2014012336730957,3.05,0.9707,190.817,0
4.2343,11.025,0.20331308245658875,3.163,0.9844,190.754,0
4.2356,11.118,0.20462492108345032,3.269,0.9974,190.637,0
4.2369,11.212,0.20604446530342102,3.367,0.0103,190.6,0
4.2383,11.316,0.20677036046981812,3.47,0.0248,190.463,0
4.2395,11.415,0.2073935717344284,3.552,0.0386,190.472,0
4.2407,11.503,0.20694252848625183,3.617,0.0508,190.432,0
4.2421,11.602,0.2081429660320282,3.661,0.0645,190.338,0
4.2433,11.695,0.2074020355939865,3.693,0.0775,190.264,0
4.2446,11.794,0.20767664909362793,3.696,0.0912,190.212,0
4.246,11.893,0.20752206444740295,3.677,0.1049,190.131,0
4.2473,11.992,0.2082028090953827,3.626,0.1187,190.071,0
4.2485,12.085,0.20867112278938293,3.555,0.1317,189.958,0
4.2499,12.189,0.20917034149169922,3.448,0.1461,189.94,0
4.2511,12.283,0.20939642190933228,3.33,0.1591,189.815,0
4.2524,12.376,0.20894871652126312,3.196,0.1721,189.767,0
4.2538,12.469,0.2081468552350998,3.045,0.1851,189.665,0
4.2551,12.579,0.20815260708332062,2.84,0.2003,189.579,0
4.2564,12.673,0.2076483517885208,2.655,0.2133,189.522,0
4.2576,12.766,0.20721681416034698,2.459,0.2263,189.416,0
4.2589,12.859,0.20760570466518402,2.251,0.2392,189.379,0
4.2602,12.958,0.20702536404132843,2.034,0.253,189.26,0
4.2614,13.046,0.20683589577674866,1.839,0.2652,189.178,0
4.2628,13.156,0.20711252093315125,1.597,0.2804,189.117,0
4.2641,13.244,0.20677173137664795,1.415,0.2926,188.989,0
4.2654,13.337,0.20595164597034454,1.234,0.3056,188.937,0
4.2667,13.431,0.20448747277259827,1.071,0.3186,188.802,0
4.2681,13.524,0.20261621475219727,0.928,0.3315,188.726,0
4.2693,13.618,0.2011834979057312,0.8,0.3445,188.616,0
4.2706,13.711,0.1997855305671692,0.693,0.3575,188.533,0
4.272,13.804,0.1987726241350174,0.606,0.3705,188.446,0
4.2733,13.903,0.19786879420280457,0.539,0.3842,188.333,0
4.2747,13.991,0.1957792490720749,0.509,0.3964,188.222,0
4.2761,14.09,0.19561626017093658,0.487,0.4101,188.104,0
4.2773,14.178,0.19518370926380157,0.491,0.4223,188.01,0
4.2787,14.271,0.19567573070526123,0.512,0.4353,187.922,0
4.28,14.365,0.19506481289863586,0.559,0.4483,187.816,0
4.2812,14.453,0.19482141733169556,0.619,0.4605,187.723,0
4.2824,14.535,0.1940014660358429,0.692,0.4719,187.58,0
4.2837,14.628,0.19473855197429657,0.779,0.4849,187.469,0
4.285,14.716,0.1959581971168518,0.868,0.4971,187.373,0
4.2862,14.81,0.19695422053337097,0.973,0.5101,187.262,0
4.2875,14.903,0.19752919673919678,1.088,0.523,187.188,0
4.2888,14.996,0.1974814385175705,1.209,0.536,187.042,0
4.2901,15.084,0.19751065969467163,1.323,0.5482,186.942,0
4.2915,15.172,0.19812551140785217,1.432,0.5604,186.845,0
4.293,15.287,0.19880743324756622,1.57,0.5764,186.742,0
4.2943,15.381,0.19945581257343292,1.673,0.5894,186.607,0
4.2956,15.48,0.1996258944272995,1.776,0.6031,186.478,0
4.2969,15.568,0.1999119073152542,1.856,0.6154,186.415,0
4.2981,15.667,0.20159080624580383,1.926,0.6291,186.28,0
4.2994,15.76,0.2036835253238678,1.977,0.6421,186.148,0
4.3007,15.859,0.20615513622760773,2.016,0.6558,186.038,0
4.3019,15.952,0.20682799816131592,2.05,0.6688,185.933,0
4.3032,16.046,0.20824597775936127,2.068,0.6817,185.825,0
4.3044,16.139,0.21034492552280426,2.072,0.6947,185.694,0
4.3057,16.238,0.21262483298778534,2.066,0.7084,185.616,0
4.3071,16.342,0.2148693948984146,2.052,0.7229,185.503,0
4.3083,16.452,0.21671181917190552,2.034,0.7382,185.365,0
4.3096,16.551,0.2186318039894104,2.013,0.7519,185.265,0
4.3109,16.655,0.22001956403255463,1.994,0.7664,185.144,0
4.3122,16.76,0.22157427668571472,1.978,0.7809,185.001,0
4.3134,16.864,0.22239913046360016,1.972,0.7954,184.929,0
4.3147,16.963,0.22278086841106415,1.977,0.8091,184.834,0
4.316,17.067,0.22305816411972046,1.993,0.8236,184.744,0
4.3173,17.172,0.22314229607582092,2.023,0.8381,184.629,0
4.3186,17.271,0.22330109775066376,2.065,0.8519,184.494,0
4.32,17.375,0.2232683002948761,2.124,0.8664,184.419,0
4.3214,17.49,0.22364598512649536,2.205,0.8824,184.285,0
4.3227,17.606,0.22407682240009308,2.304,0.8984,184.202,0
4.324,17.71,0.22425960004329681,2.408,0.9129,184.101,0
4.3252,17.809,0.22503715753555298,2.514,0.9266,183.995,0
4.3265,17.908,0.2243838608264923,2.636,0.9404,183.9,0
4.328,18.023,0.22448879480361938,2.78,0.9564,183.82,0
4.3295,18.144,0.225629985332489,2.927,0.9732,183.685,0
4.3308,18.265,0.22821728885173798,3.063,0.99,183.618,0
4.3322,18.375,0.22984717786312103,3.183,0.0052,183.533,0
4.3335,18.49,0.23164251446723938,3.295,0.0212,183.402,0
4.3347,18.6,0.23267678916454315,3.389,0.0365,183.35,0
4.3361,18.71,0.23379775881767273,3.46,0.0518,183.288,0
4.3378,18.831,0.23433817923069,3.514,0.0685,183.253,0
4.3392,18.968,0.2344302088022232,3.537,0.0876,183.088,0
4.3405,19.083,0.23412208259105682,3.52,0.1036,183.011,0
4.3419,19.199,0.2340250015258789,3.467,0.1197,182.954,0
4.3432,19.314,0.2353503555059433,3.369,0.1357,182.852,0
4.3446,19.424,0.23493878543376923,3.253,0.1509,182.757,0
4.3459,19.539,0.23440010845661163,3.1,0.167,182.666,0
4.3472,19.638,0.2341233789920807,2.943,0.1807,182.601,0
4.3485,19.753,0.23284336924552917,2.742,0.1967,182.5,0
4.3498,19.858,0.2320394665002823,2.539,0.2112,182.358,0
4.3511,19.973,0.23211203515529633,2.294,0.2272,182.338,0
4.3524,20.078,0.23129785060882568,2.069,0.2417,182.183,0
4.3537,20.182,0.2310134470462799,1.838,0.2562,182.112,0
4.3551,20.297,0.2304123044013977,1.585,0.2722,182.067,0
4.3564,20.402,0.2301245480775833,1.363,0.2867,181.932,0
4.3576,20.506,0.22943036258220673,1.154,0.3012,181.863,0
4.359,20.61,0.22766681015491486,0.968,0.3157,181.738,0
4.3602,20.715,0.22639472782611847,0.8,0.3302,181.667,0
4.3615,20.814,0.22430558502674103,0.667,0.344,181.53,0
4.3628,20.918,0.22241753339767456,0.55,0.3585,181.433,0
4.3642,21.022,0.221165269613266,0.457,0.373,181.346,0
4.3654,21.127,0.2196468561887741,0.395,0.3875,181.247,0
4.3667,21.22,0.21726931631565094,0.371,0.4004,181.12,0
4.3681,21.319,0.21540366113185883,0.367,0.4142,181.028,0
4.3694,21.423,0.2147795557975769,0.382,0.4286,180.918,0
4.3707,21.522,0.21387498080730438,0.424,0.4424,180.817,0
4.3721,21.621,0.21214662492275238,0.492,0.4561,180.648,0
4.3734,21.72,0.20985592901706696,0.584,0.4698,180.528,0
4.3746,21.813,0.2095097452402115,0.675,0.4828,180.431,0
4.3759,21.912,0.2099899798631668,0.779,0.4966,180.305,0
4.3772,22.011,0.2105405181646347,0.894,0.5103,180.213,0
4.3785,22.11,0.21152819693088531,1.013,0.524,180.085,0
4.38,22.214,0.2114565670490265,1.149,0.5385,179.966,0
4.3812,22.319,0.2115394026041031,1.284,0.553,179.825,0
4.3825,22.412,0.21110427379608154,1.405,0.566,179.75,0
4.3837,22.511,0.21133553981781006,1.522,0.5797,179.638,0
4.3851,22.604,0.21146686375141144,1.627,0.5927,179.525,0
4.3864,22.709,0.21101538836956024,1.735,0.6072,179.412,0
4.3877,22.808,0.2112276554107666,1.822,0.6209,179.286,0
4.3891,22.906,0.21170967817306519,1.894,0.6346,179.167,0
4.3904,23.011,0.21299003064632416,1.95,0.6491,179.031,0
4.3917,23.115,0.2142774909734726,1.991,0.6636,178.917,0
4.3932,23.236,0.2156980335712433,2.021,0.6804,178.777,0
4.3946,23.335,0.21692565083503723,2.032,0.6942,178.717,0
4.3962,23.45,0.21839062869548798,2.031,0.7102,178.546,0
4.3976,23.582,0.22048847377300262,2.016,0.7285,178.345,0
4.3989,23.692,0.22161123156547546,2.001,0.7437,178.235,0
4.4003,23.802,0.22287361323833466,1.982,0.759,178.13,0
4.4016,23.906,0.22405850887298584,1.966,0.7735,178.009,0
4.4029,24.011,0.22478501498699188,1.957,0.788,177.9,0
4.4041,24.12,0.22477371990680695,1.961,0.8033,177.822,0
4.4055,24.225,0.2247462272644043,1.974,0.8177,177.689,0
4.4069,24.335,0.22477149963378906,2.001,0.833,177.575,0
4.4082,24.445,0.22487254440784454,2.043,0.8483,177.457,0
4.4095,24.549,0.22481217980384827,2.099,0.8628,177.328,0
4.4109,24.659,0.22532537579536438,2.171,0.878,177.221,0
4.4122,24.769,0.22529922425746918,2.262,0.8933,177.123,0
4.4135,24.873,0.22610126435756683,2.358,0.9078,177.045,0
4.4148,24.977,0.22625188529491425,2.47,0.9223,176.949,0
4.4163,25.082,0.22667555510997772,2.59,0.9368,176.854,0
4.4176,25.208,0.22664257884025574,2.748,0.9543,176.726,0
4.4189,25.312,0.22648417949676514,2.882,0.9688,176.669,0
4.4202,25.422,0.2272169440984726,3.017,0.9841,176.556,0
4.4216,25.538,0.2292264848947525,3.144,0.0001,176.421,0
4.4229,25.648,0.23177388310432434,3.251,0.0154,176.36,0
4.4243,25.768,0.23433546721935272,3.352,0.0321,176.238,0
4.4257,25.884,0.2362816333770752,3.429,0.0482,176.185,0
4.4272,26.005,0.23806273937225342,3.482,0.0649,176.111,0
4.4287,26.136,0.23911002278327942,3.508,0.0833,176.034,0
4.4302,26.274,0.24011941254138947,3.487,0.1023,175.917,0
4.4315,26.395,0.24100951850414276,3.427,0.1191,175.797,0
4.4328,26.516,0.24130481481552124,3.332,0.1359,175.715,0
4.4341,26.631,0.24295148253440857,3.196,0.1519,175.658,0
4.4354,26.741,0.24358737468719482,3.042,0.1672,175.554,0
4.4367,26.851,0.24346359074115753,2.866,0.1824,175.485,0
4.4381,26.966,0.24338778853416443,2.655,0.1985,175.357,0
4.4394,27.087,0.243272066116333,2.412,0.2152,175.247,0
4.4406,27.191,0.24281209707260132,2.191,0.2297,175.187,0
4.4421,27.318,0.24286842346191406,1.911,0.2473,175.088,0
4.4435,27.438,0.24184949696063995,1.647,0.2641,174.971,0
4.4449,27.554,0.24209152162075043,1.393,0.2801,174.878,0
4.4463,27.686,0.2415689378976822,1.122,0.2984,174.74,0
4.4476,27.801,0.24022722244262695,0.91,0.3144,174.673,0
4.4489,27.905,0.23785683512687683,0.746,0.3289,174.558,0
4.4502,28.01,0.23542441427707672,0.605,0.3434,174.463,0
4.4514,28.114,0.23354196548461914,0.487,0.3579,174.363,0
4.4527,28.218,0.2317834347486496,0.396,0.3724,174.274,0
4.454,28.323,0.2290124148130417,0.341,0.3869,174.127,0
4.4553,28.422,0.22626008093357086,0.316,0.4006,174.008,0
4.4565,28.521,0.22372916340827942,0.317,0.4144,173.94,0
4.4577,28.614,0.22260276973247528,0.333,0.4273,173.817,0
4.459,28.713,0.2216758131980896,0.373,0.4411,173.74,0
4.4603,28.812,0.21972128748893738,0.44,0.4548,173.604,0
4.4615,28.911,0.21776534616947174,0.528,0.4685,173.536,0
4.4627,29.004,0.21695920825004578,0.62,0.4815,173.419,0
4.4641,29.103,0.2170894891023636,0.726,0.4952,173.265,0
4.4654,29.207,0.21660396456718445,0.852,0.5097,173.132,0
4.4666,29.306,0.21747690439224243,0.972,0.5235,173.065,0
4.4678,29.399,0.21751433610916138,1.093,0.5364,172.916,0
4.4691,29.498,0.2172633707523346,1.223,0.5502,172.836,0
4.4704,29.603,0.2178337424993515,1.352,0.5647,172.681,0
4.4716,29.702,0.2178582400083542,1.472,0.5784,172.585,0
4.4729,29.795,0.21735167503356934,1.581,0.5914,172.448,0
4.4741,29.888,0.2165077030658722,1.683,0.6043,172.348,0
4.4754,29.987,0.216622993350029,1.773,0.6181,172.225,0
4.4766,30.086,0.21705102920532227,1.848,0.6318,172.131,0
4.4779,30.179,0.2180890589952469,1.902,0.6448,172.028,0
4.4792,30.284,0.21921688318252563,1.949,0.6593,171.878,0
4.4804,30.388,0.21993885934352875,1.983,0.6738,171.782,0
4.4818,30.487,0.22044406831264496,2.003,0.6875,171.647,0
4.483,30.591,0.22134393453598022,2.011,0.702,171.524,0
4.4843,30.701,0.22278186678886414,2.005,0.7173,171.418,0
4.4855,30.8,0.22415503859519958,1.993,0.731,171.288,0
4.4868,30.899,0.22552895545959473,1.976,0.7447,171.173,0
4.4882,31.009,0.22632402181625366,1.961,0.76,171.061,0
4.4894,31.119,0.22745315730571747,1.945,0.7752,170.931,0
4.4907,31.223,0.22745804488658905,1.941,0.7897,170.822,0
4.492,31.328,0.22692732512950897,1.948,0.8042,170.716,0
4.4934,31.448,0.22657375037670135,1.968,0.821,170.548,0
4.4947,31.547,0.22637443244457245,1.995,0.8347,170.466,0
4.496,31.652,0.2260187715291977,2.039,0.8492,170.388,0
4.4972,31.756,0.2262333780527115,2.094,0.8637,170.285,0
4.4984,31.849,0.22541888058185577,2.163,0.8767,170.175,0
4.4996,31.948,0.22579461336135864,2.241,0.8904,170.055,0
4.501,32.058,0.2258131206035614,2.345,0.9057,169.946,0
4.5023,32.162,0.22600091993808746,2.455,0.9202,169.857,0
4.5036,32.267,0.226426362991333,2.574,0.9347,169.75,0
4.5049,32.371,0.22645552456378937,2.702,0.9492,169.657,0
4.5061,32.476,0.22649019956588745,2.835,0.9637,169.556,0
4.5074,32.58,0.227492555975914,2.962,0.9782,169.462,0
4.5086,32.684,0.22793902456760406,3.088,0.9927,169.399,0
4.51,32.794,0.2291242778301239,3.209,0.0079,169.298,0
4.5114,32.904,0.2311193346977234,3.312,0.0232,169.223,0
4.5128,33.025,0.2335020899772644,3.404,0.04,169.122,0
4.5141,33.14,0.23535963892936707,3.469,0.056,169.034,0
4.5154,33.256,0.23750251531600952,3.503,0.072,169.003,0
4.5166,33.365,0.2382345199584961,3.514,0.0873,168.871,0
4.5179,33.475,0.23950979113578796,3.49,0.1025,168.788,0
4.5192,33.585,0.24021212756633759,3.438,0.1178,168.704,0
4.5205,33.695,0.2417231947183609,3.348,0.1331,168.635,0
4.5219,33.827,0.24268928170204163,3.203,0.1514,168.501,0
4.5232,33.942,0.2435678392648697,3.04,0.1674,168.414,0
4.5244,34.052,0.24340923130512238,2.863,0.1826,168.366,0
4.5257,34.167,0.24439777433872223,2.646,0.1987,168.237,0
4.527,34.272,0.2434817999601364,2.442,0.2132,168.218,0
4.5283,34.382,0.24299786984920502,2.21,0.2284,168.057,0
4.5294,34.492,0.2420354038476944,1.973,0.2437,167.992,0
4.5306,34.59,0.24016743898391724,1.763,0.2574,167.89,0
4.5319,34.695,0.23969925940036774,1.535,0.2719,167.822,0
4.5332,34.805,0.23865310847759247,1.305,0.2872,167.711,0
4.5345,34.915,0.23686030507087708,1.093,0.3024,167.647,0
4.5358,35.019,0.23464040458202362,0.911,0.3169,167.553,0
4.5371,35.123,0.23212480545043945,0.752,0.3314,167.438,0
4.5384,35.233,0.23059020936489105,0.603,0.3467,167.307,0
4.5397,35.332,0.22842682898044586,0.498,0.3604,167.222,0
4.541,35.436,0.22615522146224976,0.416,0.3749,167.157,0
4.5422,35.535,0.22452957928180695,0.361,0.3886,167.02,0
4.5436,35.64,0.2208532691001892,0.344,0.4031,166.953,0
4.5449,35.739,0.21855983138084412,0.348,0.4169,166.847,0
4.5461,35.832,0.2167319655418396,0.373,0.4298,166.748,0
4.5473,35.925,0.21507787704467773,0.418,0.4428,166.638,0
4.5486,36.013,0.21427148580551147,0.474,0.455,166.566,0
4.5499,36.118,0.21251419186592102,0.566,0.4695,166.445,0
4.5512,36.211,0.2109861671924591,0.663,0.4825,166.341,0
4.5524,36.31,0.2113332748413086,0.768,0.4962,166.226,0
4.5537,36.403,0.21040627360343933,0.885,0.5092,166.116,0
4.555,36.502,0.21025827527046204,1.01,0.5229,166.005,0
4.5563,36.595,0.2107948660850525,1.128,0.5359,165.908,0
4.5576,36.689,0.21058404445648193,1.251,0.5489,165.773,0
4.5589,36.793,0.21035434305667877,1.385,0.5634,165.644,0
4.5602,36.892,0.21135006844997406,1.5,0.5771,165.548,0
4.5616,36.985,0.21083781123161316,1.61,0.5901,165.449,0
4.5629,37.095,0.2103988528251648,1.726,0.6053,165.298,0
4.5642,37.194,0.20960232615470886,1.821,0.619,165.208,0
4.5654,37.293,0.21032561361789703,1.893,0.6328,165.084,0
4.5667,37.386,0.2111598402261734,1.948,0.6458,164.96,0
4.568,37.485,0.21209444105625153,1.992,0.6595,164.8,0
4.5693,37.584,0.2124793380498886,2.026,0.6732,164.698,0
4.5706,37.689,0.21345536410808563,2.045,0.6877,164.6,0
4.5719,37.782,0.21421463787555695,2.053,0.7007,164.491,0
4.5732,37.881,0.2148982584476471,2.053,0.7144,164.364,0
4.5744,37.985,0.2156699150800705,2.045,0.7289,164.289,0
4.5756,38.079,0.21683736145496368,2.03,0.7419,164.134,0
4.5769,38.177,0.21775533258914948,2.015,0.7556,163.997,0
4.5782,38.276,0.21915675699710846,1.998,0.7693,163.897,0
4.5795,38.381,0.21966104209423065,1.989,0.7838,163.795,0
4.5807,38.48,0.2194623351097107,1.99,0.7976,163.678,0
4.582,38.584,0.21877412497997284,2.003,0.8121,163.562,0
4.5833,38.683,0.21832138299942017,2.025,0.8258,163.464,0
4.5846,38.787,0.21820756793022156,2.059,0.8403,163.35,0
4.5859,38.881,0.21797481179237366,2.102,0.8533,163.248,0
4.5872,38.985,0.21751096844673157,2.165,0.8678,163.133,0
4.5884,39.084,0.21736332774162292,2.238,0.8815,163.039,0
4.5897,39.177,0.2176177203655243,2.316,0.8945,162.936,0
4.591,39.287,0.21730320155620575,2.426,0.9097,162.852,0
4.5924,39.386,0.21737176179885864,2.533,0.9235,162.737,0
4.5938,39.501,0.21732006967067719,2.67,0.9395,162.629,0
4.5952,39.6,0.21768750250339508,2.791,0.9532,162.584,0
4.5964,39.71,0.21885354816913605,2.925,0.9685,162.457,0
4.5977,39.809,0.2203289419412613,3.041,0.9822,162.355,0
4.599,39.913,0.2202945351600647,3.169,0.9967,162.264,0
4.6002,40.012,0.2206602841615677,3.28,0.0104,162.193,0
4.6015,40.117,0.2221510261297226,3.378,0.0249,162.086,0
4.6029,40.232,0.2238132208585739,3.467,0.041,162.055,0
4.6042,40.336,0.22578071057796478,3.524,0.0555,161.933,0
4.6055,40.446,0.22871144115924835,3.553,0.0707,161.858,0
4.6069,40.562,0.2304418534040451,3.561,0.0867,161.777,0
4.6082,40.671,0.23147396743297577,3.54,0.102,161.655,0
4.6095,40.781,0.23248322308063507,3.487,0.1172,161.587,0
4.6108,40.891,0.23326115310192108,3.402,0.1325,161.486,0
4.6121,40.995,0.23276187479496002,3.299,0.147,161.43,0
4.6134,41.111,0.2317475974559784,3.157,0.163,161.328,0
4.6147,41.215,0.23122496902942657,2.999,0.1775,161.237,0
4.616,41.325,0.23051482439041138,2.809,0.1928,161.185,0
4.6172,41.424,0.23053529858589172,2.617,0.2065,161.073,0
4.6185,41.528,0.22994917631149292,2.404,0.221,161.033,0
4.6198,41.633,0.22941972315311432,2.18,0.2355,160.924,0
4.6211,41.743,0.22788681089878082,1.944,0.2508,160.862,0
4.6224,41.847,0.22700101137161255,1.717,0.2653,160.747,0
4.6238,41.962,0.226979061961174,1.465,0.2813,160.654,0
4.6251,42.067,0.2257639318704605,1.255,0.2958,160.525,0
4.6264,42.166,0.22380158305168152,1.074,0.3095,160.48,0
4.6278,42.27,0.22151030600070953,0.902,0.324,160.372,0
4.6291,42.369,0.21891294419765472,0.762,0.3377,160.283,0
4.6304,42.473,0.21666230261325836,0.636,0.3522,160.235,0
4.6317,42.567,0.21506379544734955,0.543,0.3652,160.158,0
4.633,42.665,0.21291591227054596,0.473,0.3789,160.012,0
4.6344,42.759,0.2096598893404007,0.439,0.3919,159.901,0
4.6356,42.858,0.20571422576904297,0.431,0.4056,159.849,0
4.637,42.951,0.20328307151794434,0.44,0.4186,159.724,0
4.6383,43.044,0.2012878805398941,0.469,0.4316,159.631,0
4.6396,43.132,0.19903230667114258,0.518,0.4438,159.565,0
4.6409,43.22,0.19669274985790253,0.584,0.456,159.487,0
4.6421,43.308,0.19417203962802887,0.668,0.4682,159.399,0
4.6434,43.391,0.19326482713222504,0.749,0.4796,159.288,0
4.6448,43.478,0.192641481757164,0.845,0.4919,159.211,0
4.6462,43.583,0.1917802393436432,0.972,0.5063,159.079,0
4.6475,43.671,0.1911325603723526,1.085,0.5186,158.985,0
4.6488,43.759,0.18963876366615295,1.207,0.5308,158.885,0
4.6501,43.841,0.1882198303937912,1.323,0.5422,158.827,0
4.6514,43.929,0.18789052963256836,1.439,0.5544,158.714,0
4.6527,44.017,0.18840408325195312,1.546,0.5666,158.58,0
4.654,44.11,0.18834756314754486,1.659,0.5796,158.46,0
4.6553,44.198,0.18721874058246613,1.765,0.5918,158.369,0
4.6566,44.28,0.18617428839206696,1.857,0.6032,158.249,0
4.6579,44.363,0.18520227074623108,1.94,0.6147,158.195,0
4.6592,44.451,0.1850450038909912,2.013,0.6269,158.087,0
4.6604,44.533,0.18519654870033264,2.071,0.6383,157.957,0
4.6618,44.621,0.18632207810878754,2.116,0.6505,157.888,0
4.6632,44.709,0.18650133907794952,2.155,0.6628,157.762,0
4.6644,44.808,0.18708212673664093,2.185,0.6765,157.631,0
4.6657,44.89,0.18766875565052032,2.2,0.6879,157.577,0
4.6669,44.978,0.18802039325237274,2.21,0.7001,157.445,0
4.6682,45.06,0.18825553357601166,2.213,0.7116,157.353,0
4.6695,45.148,0.1886790245771408,2.209,0.7238,157.248,0
4.6709,45.242,0.18954168260097504,2.197,0.7368,157.118,0
4.6722,45.335,0.19006752967834473,2.186,0.7497,157.046,0
4.6735,45.423,0.19043658673763275,2.175,0.7619,156.91,0
4.6747,45.511,0.19117695093154907,2.163,0.7741,156.809,0
4.6761,45.593,0.1910632699728012,2.16,0.7856,156.703,0
4.6774,45.692,0.19014832377433777,2.166,0.7993,156.632,0
4.6788,45.775,0.18978029489517212,2.176,0.8108,156.508,0
4.6801,45.868,0.18914392590522766,2.197,0.8237,156.394,0
4.6814,45.956,0.18772581219673157,2.23,0.8359,156.297,0
4.6828,46.044,0.18668685853481293,2.272,0.8481,156.238,0
4.6841,46.137,0.18564265966415405,2.327,0.8611,156.119,0
4.6854,46.219,0.18502160906791687,2.384,0.8726,156.039,0
4.6868,46.307,0.18401074409484863,2.457,0.8848,155.951,0
4.6882,46.395,0.18384528160095215,2.535,0.897,155.875,0
4.6895,46.489,0.18379348516464233,2.628,0.9099,155.769,0
4.6907,46.571,0.18235568702220917,2.726,0.9214,155.719,0
4.692,46.653,0.18247249722480774,2.821,0.9328,155.59,0
4.6932,46.736,0.1824776977300644,2.922,0.9443,155.505,0
4.6945,46.818,0.182576522231102,3.025,0.9557,155.441,0
4.6958,46.906,0.18399636447429657,3.129,0.9679,155.392,0
4.6972,46.994,0.18535436689853668,3.232,0.9801,155.292,0
4.6984,47.082,0.18716634809970856,3.33,0.9923,155.232,0
4.6997,47.17,0.18824361264705658,3.427,0.0045,155.132,0
4.701,47.258,0.1895608901977539,3.515,0.0168,155.059,0
4.7022,47.346,0.18959064781665802,3.6,0.029,155.035,0
4.7034,47.433,0.19047808647155762,3.668,0.0412,154.935,0
4.7046,47.516,0.19273734092712402,3.71,0.0526,154.874,0
4.7059,47.604,0.19425523281097412,3.745,0.0648,154.791,0
4.7071,47.692,0.19512341916561127,3.766,0.077,154.702,0
4.7083,47.78,0.19518354535102844,3.772,0.0892,154.675,0
4.7096,47.867,0.1955232173204422,3.757,0.1014,154.578,0
4.7108,47.955,0.1952645480632782,3.724,0.1136,154.55,0
4.7121,48.043,0.19556815922260284,3.667,0.1259,154.435,0
4.7133,48.126,0.19491122663021088,3.6,0.1373,154.395,0
4.7145,48.208,0.19367708265781403,3.519,0.1487,154.304,0
4.7157,48.29,0.19249065220355988,3.421,0.1602,154.241,0
4.7171,48.373,0.1903429925441742,3.313,0.1716,154.192,0
4.7184,48.466,0.18967868387699127,3.161,0.1846,154.103,0
4.7197,48.56,0.18916818499565125,2.992,0.1976,154.031,0
4.7209,48.642,0.18875721096992493,2.832,0.209,153.971,0
4.7223,48.724,0.1884651482105255,2.661,0.2205,153.922,0
4.7236,48.818,0.18680371344089508,2.469,0.2334,153.869,0
4.7249,48.9,0.18537543714046478,2.294,0.2449,153.758,0
4.7262,48.988,0.18454040586948395,2.103,0.2571,153.712,0
4.7274,49.065,0.18294280767440796,1.941,0.2678,153.623,0
4.7288,49.147,0.18193122744560242,1.767,0.2792,153.597,0
4.7301,49.235,0.1808268278837204,1.589,0.2914,153.496,0
4.7314,49.312,0.1787225902080536,1.447,0.3021,153.448,0
4.7326,49.395,0.17567279934883118,1.309,0.3135,153.378,0
4.7339,49.466,0.17380118370056152,1.195,0.3235,153.309,0
4.7352,49.543,0.17109628021717072,1.088,0.3341,153.229,0
4.7365,49.614,0.16790559887886047,1.004,0.3441,153.153,0
4.7377,49.691,0.16484031081199646,0.925,0.3547,153.135,0
4.7391,49.757,0.1618642359972,0.872,0.3639,153.025,0
4.7404,49.834,0.15902794897556305,0.82,0.3746,153.01,0
4.7417,49.9,0.15554605424404144,0.795,0.3837,152.923,0
4.743,49.971,0.15224847197532654,0.778,0.3936,152.853,0
4.7444,50.037,0.14967195689678192,0.772,0.4028,152.773,0
4.7458,50.109,0.14681366086006165,0.779,0.4127,152.692,0
4.7471,50.18,0.14486368000507355,0.794,0.4226,152.663,0
4.7484,50.24,0.1428314745426178,0.819,0.431,152.558,0
4.7497,50.306,0.14075972139835358,0.855,0.4402,152.544,0
4.7511,50.367,0.13881486654281616,0.898,0.4486,152.473,0
4.7524,50.433,0.13618870079517365,0.956,0.4577,152.396,0
4.7537,50.493,0.13447587192058563,1.013,0.4661,152.368,0
4.755,50.554,0.13350726664066315,1.072,0.4745,152.285,0
4.7562,50.614,0.13263416290283203,1.137,0.4829,152.212,0
4.7575,50.674,0.13250324130058289,1.202,0.4913,152.164,0
4.7588,50.729,0.13137951493263245,1.271,0.4989,152.112,0
4.7601,50.79,0.13063378632068634,1.347,0.5073,152.087,0
4.7614,50.85,0.1296241134405136,1.428,0.5157,151.997,0
4.7627,50.911,0.1287590116262436,1.51,0.5241,151.903,0
4.7642,50.982,0.12762582302093506,1.609,0.534,151.849,0
4.7655,51.037,0.12641195952892303,1.688,0.5417,151.786,0
4.7668,51.092,0.12620578706264496,1.761,0.5493,151.734,0
4.7681,51.152,0.12663735449314117,1.836,0.5577,151.658,0
4.7694,51.213,0.12672708928585052,1.912,0.5661,151.584,0
4.7708,51.273,0.12708261609077454,1.983,0.5745,151.479,0
4.7721,51.334,0.1273905485868454,2.052,0.5829,151.431,0
4.7733,51.394,0.12664225697517395,2.124,0.5912,151.372,0
4.7746,51.449,0.1265738159418106,2.183,0.5989,151.329,0
4.7759,51.509,0.1271713823080063,2.239,0.6073,151.242,0
4.7771,51.57,0.12736371159553528,2.293,0.6157,151.153,0
4.7784,51.625,0.12793397903442383,2.336,0.6233,151.089,0
4.7798,51.691,0.12862583994865417,2.381,0.6324,151.01,0
4.7813,51.751,0.12855297327041626,2.422,0.6408,150.948,0
4.7826,51.823,0.12878009676933289,2.462,0.6508,150.83,0
4.7839,51.883,0.1287367343902588,2.491,0.6591,150.755,0
4.7853,51.943,0.12869462370872498,2.515,0.6675,150.692,0
4.7866,51.998,0.12835441529750824,2.535,0.6752,150.63,0
4.7879,52.064,0.12864957749843597,2.55,0.6843,150.572,0
4.7891,52.125,0.12895958125591278,2.558,0.6927,150.463,0
4.7904,52.185,0.12910380959510803,2.564,0.7011,150.419,0
4.7917,52.24,0.12797488272190094,2.574,0.7087,150.346,0
4.793,52.3,0.12774556875228882,2.576,0.7171,150.259,0
4.7943,52.361,0.12747855484485626,2.575,0.7255,150.192,0
4.7956,52.421,0.1270780861377716,2.574,0.7339,150.12,0
4.7969,52.476,0.12646643817424774,2.573,0.7415,150.076,0
4.7982,52.537,0.12666550278663635,2.566,0.7499,149.991,0
4.7994,52.592,0.12626038491725922,2.563,0.7576,149.904,0
4.8007,52.646,0.1265638917684555,2.556,0.7652,149.823,0
4.8021,52.707,0.1257743239402771,2.556,0.7736,149.781,0
4.8034,52.767,0.12534509599208832,2.555,0.782,149.767,0
4.8047,52.822,0.12355002760887146,2.565,0.7896,149.648,0
4.8061,52.883,0.12265226244926453,2.571,0.798,149.566,0
4.8073,52.938,0.12134250998497009,2.583,0.8056,149.512,0
4.8086,52.993,0.12088365107774734,2.592,0.8133,149.47,0
4.8099,53.047,0.12060574442148209,2.603,0.8209,149.422,0
4.8111,53.102,0.11960659921169281,2.622,0.8285,149.316,0
4.8124,53.152,0.11833001673221588,2.645,0.8354,149.257,0
4.8137,53.207,0.11688951402902603,2.674,0.843,149.217,0
4.815,53.256,0.11527209728956223,2.706,0.8499,149.137,0
4.8162,53.306,0.11332203447818756,2.743,0.8568,149.089,0
4.8175,53.355,0.11215870827436447,2.778,0.8636,149.059,0
4.8189,53.41,0.11049477010965347,2.824,0.8712,148.983,0
4.8202,53.454,0.10934135317802429,2.863,0.8773,148.919,0
4.8214,53.503,0.10830644518136978,2.908,0.8842,148.918,0
4.8227,53.553,0.10843609273433685,2.949,0.8911,148.873,0
4.8241,53.602,0.10760394483804703,2.999,0.8979,148.826,0
4.8254,53.652,0.10692066699266434,3.052,0.9048,148.754,0
4.8266,53.701,0.10644332319498062,3.105,0.9117,148.722,0
4.8279,53.745,0.10551055520772934,3.159,0.9178,148.663,0
4.8292,53.795,0.10393072664737701,3.224,0.9247,148.626,0
4.8305,53.844,0.10298618674278259,3.287,0.9315,148.523,0
4.8318,53.888,0.10129066556692123,3.35,0.9376,148.543,0
4.8332,53.932,0.09981955587863922,3.413,0.9437,148.446,0
4.8344,53.981,0.0987979993224144,3.481,0.9506,148.425,0
4.8357,54.025,0.09770335257053375,3.543,0.9567,148.406,0
4.837,54.069,0.09841538220643997,3.595,0.9628,148.365,0
4.8383,54.113,0.0986664816737175,3.65,0.9689,148.356,0
4.8396,54.163,0.09949277341365814,3.708,0.9758,148.273,0
4.8409,54.212,0.10091345757246017,3.762,0.9826,148.276,0
4.8422,54.256,0.10120716691017151,3.814,0.9887,148.217,0
4.8435,54.305,0.10197921842336655,3.87,0.9956,148.205,0
4.8448,54.355,0.10184857994318008,3.928,0.0025,148.147,0
4.8461,54.404,0.10267074406147003,3.979,0.0093,148.089,0
4.8474,54.454,0.10261362791061401,4.033,0.0162,148.04,0
4.8487,54.503,0.10301771014928818,4.08,0.0231,147.983,0
4.85,54.547,0.10278287529945374,4.123,0.0292,147.955,0
4.8513,54.591,0.1021871268749237,4.164,0.0353,147.95,0
4.8526,54.641,0.10215261578559875,4.204,0.0421,147.909,0
4.8539,54.69,0.10187776386737823,4.24,0.049,147.84,0
4.8552,54.739,0.10201231390237808,4.268,0.0559,147.796,0
4.8565,54.783,0.1011938750743866,4.295,0.062,147.794,0
4.8579,54.833,0.10037330538034439,4.319,0.0688,147.734,0
4.8592,54.877,0.09942714124917984,4.337,0.075,147.675,0
4.8604,54.921,0.09959793835878372,4.343,0.0811,147.648,0
4.8616,54.965,0.09984040260314941,4.344,0.0872,147.568,0
4.8628,55.009,0.100529246032238,4.338,0.0933,147.591,0
4.8641,55.052,0.10017769783735275,4.332,0.0994,147.514,0
4.8653,55.096,0.09970369935035706,4.322,0.1055,147.505,0
4.8667,55.146,0.10000676661729813,4.3,0.1123,147.463,0
4.868,55.195,0.09994831681251526,4.273,0.1192,147.365,0
4.8693,55.239,0.0995539054274559,4.246,0.1253,147.381,0
4.8705,55.283,0.09814022481441498,4.22,0.1314,147.353,0
4.8719,55.327,0.09570445120334625,4.194,0.1375,147.302,0
4.8731,55.366,0.09362130612134933,4.167,0.1429,147.298,0
4.8745,55.41,0.09195554256439209,4.128,0.149,147.238,0
4.8758,55.448,0.08999329060316086,4.092,0.1543,147.181,0
4.8771,55.486,0.08797803521156311,4.054,0.1596,147.175,0
4.8784,55.525,0.08594691753387451,4.011,0.165,147.136,0
4.8797,55.563,0.08492469787597656,3.96,0.1703,147.113,0
4.8811,55.602,0.08344495296478271,3.907,0.1757,147.069,0
4.8824,55.64,0.08221018314361572,3.851,0.181,147.058,0
4.8836,55.673,0.08165203034877777,3.797,0.1856,147.006,0
4.8849,55.712,0.08063977211713791,3.733,0.1909,146.978,0
4.8862,55.745,0.07959610968828201,3.678,0.1955,147.014,0
4.8875,55.783,0.07833196222782135,3.611,0.2008,146.932,0
4.8888,55.816,0.07628566771745682,3.558,0.2054,146.949,0
4.8902,55.849,0.07441707700490952,3.503,0.21,146.892,0
4.8914,55.876,0.07216179370880127,3.459,0.2138,146.881,0
4.8927,55.909,0.07035107165575027,3.401,0.2184,146.89,0
4.894,55.942,0.06936931610107422,3.336,0.223,146.83,0
4.8953,55.97,0.06921100616455078,3.278,0.2268,146.778,0
4.8966,56.003,0.06787621974945068,3.214,0.2314,146.767,0
4.8981,56.036,0.06665553152561188,3.149,0.2359,146.752,0
4.8994,56.063,0.0653604045510292,3.095,0.2397,146.749,0
4.9007,56.091,0.06351569294929504,3.045,0.2436,146.711,0
4.902,56.118,0.06266646087169647,2.988,0.2474,146.661,0
4.9033,56.146,0.06134600192308426,2.934,0.2512,146.646,0
4.9046,56.173,0.059995658695697784,2.88,0.255,146.631,0
4.9059,56.201,0.058772094547748566,2.826,0.2588,146.646,0
4.9072,56.228,0.058242592960596085,2.768,0.2626,146.599,0
4.9084,56.25,0.05773860961198807,2.722,0.2657,146.577,0
4.9097,56.277,0.056814875453710556,2.666,0.2695,146.537,0
4.911,56.299,0.05585361272096634,2.623,0.2726,146.538,0
4.9123,56.327,0.05486045777797699,2.568,0.2764,146.526,0
4.9135,56.349,0.05345765873789787,2.528,0.2794,146.521,0
4.9147,56.371,0.05259048938751221,2.486,0.2825,146.507,0
4.916,56.393,0.05117679014801979,2.446,0.2855,146.428,0
4.9173,56.415,0.04972875490784645,2.407,0.2886,146.452,0
4.9185,56.437,0.04949944466352463,2.363,0.2916,146.439,0
4.9198,56.459,0.04865149036049843,2.322,0.2947,146.454,0
4.9211,56.475,0.04750726744532585,2.293,0.297,146.415,0
4.9223,56.497,0.04742021858692169,2.25,0.3,146.379,0
4.9236,56.519,0.046790506690740585,2.21,0.3031,146.343,0
4.9249,56.536,0.04604514315724373,2.181,0.3054,146.367,0
4.9262,56.558,0.04592957720160484,2.14,0.3084,146.353,0
4.9274,56.58,0.04558108374476433,2.1,0.3115,146.336,0
4.9286,56.596,0.044553354382514954,2.074,0.3138,146.291,0
4.9299,56.618,0.04446019232273102,2.035,0.3168,146.276,0
4.9312,56.64,0.04490956664085388,1.995,0.3199,146.275,0
4.9324,56.656,0.04407881945371628,1.97,0.3221,146.253,0
4.9337,56.673,0.043287746608257294,1.945,0.3244,146.237,0
4.9351,56.695,0.042189668864011765,1.912,0.3275,146.231,0
4.9364,56.717,0.04141707345843315,1.879,0.3305,146.202,0
4.9377,56.733,0.040439046919345856,1.856,0.3328,146.193,0
4.939,56.75,0.03915616497397423,1.833,0.3351,146.144,0
4.9402,56.766,0.038221292197704315,1.81,0.3374,146.154,0
4.9415,56.783,0.0373547337949276,1.787,0.3397,146.134,0
4.9429,56.794,0.036461491137742996,1.772,0.3412,146.129,0
4.9444,56.81,0.03398993983864784,1.746,0.3435,146.114,0
4.9457,56.827,0.031748801469802856,1.715,0.3458,146.123,0
4.9469,56.838,0.03053215891122818,1.693,0.3473,146.073,0
4.9481,56.849,0.029757117852568626,1.673,0.3488,146.088,0
4.9494,56.86,0.028691304847598076,1.649,0.3504,146.049,0
4.9507,56.871,0.027119312435388565,1.617,0.3519,146.078,0
4.9521,56.882,0.026033848524093628,1.587,0.3534,146.054,0
4.9534,56.893,0.02493755705654621,1.554,0.3549,146.048,0
4.9547,56.904,0.023698635399341583,1.515,0.3565,146.043,0
4.9561,56.915,0.022557709366083145,1.474,0.358,146.02,0
4.9573,56.92,0.02141439914703369,1.432,0.3588,146.055,0
4.9585,56.931,0.02009161189198494,1.373,0.3603,146.045,0
4.9598,56.937,0.01857997290790081,1.3,0.3611,146.005,0
4.9613,56.942,0.017101330682635307,1.216,0.3618,145.996,0
4.9625,56.948,0.016049353405833244,1.146,0.3626,146.01,0
4.9638,56.953,0.015212669037282467,1.085,0.3633,145.991,0
4.9651,56.959,0.014308160170912743,1.012,0.3641,145.993,0
4.9663,56.964,0.01308055967092514,0.905,0.3649,146.019,0
4.9675,56.97,0.01178886741399765,0.778,0.3656,145.999,0
4.9688,56.97,0.01075941976159811,0.668,0.3656,145.994,0
4.9701,56.975,0.009563835337758064,0.526,0.3664,145.964,0
4.9713,56.975,0.008040688000619411,0.326,0.3664,145.947,0
4.9726,56.975,0.0066328709945082664,0.123,0.3664,146.005,0
4.9738,56.975,0.0050393883138895035,-0.128,0.3664,145.967,0
4.9751,56.975,0.0036978658754378557,-0.354,0.3664,145.967,0
4.9763,56.975,0.0024555115960538387,-0.573,0.3664,145.98,0
4.9775,56.975,0.0016177871730178595,-0.724,0.3664,145.974,0
4.9789,56.975,0.0006743446574546397,-0.896,0.3664,145.983,0
4.9802,56.975,-0.00027497438713908195,-1.07,0.3664,145.995,0
4.9814,56.975,-0.000958192627876997,-1.195,0.3664,145.982,0
4.9825,56.975,-0.001458317507058382,-1.287,0.3664,145.994,0
4.9839,56.97,-0.0018595191650092602,-1.366,0.3656,145.971,0
4.9851,56.97,-0.0020939104724675417,-1.408,0.3656,145.956,0
4.9864,56.97,-0.0022919406183063984,-1.444,0.3656,145.987,0
4.9876,56.97,-0.002282452303916216,-1.442,0.3656,145.973,0
4.9888,56.964,-0.0025640404783189297,-1.499,0.3649,145.979,0
4.9901,56.964,-0.0026872046291828156,-1.522,0.3649,145.994,0
4.9913,56.964,-0.002993952250108123,-1.576,0.3649,145.992,0
4.9926,56.964,-0.002962855389341712,-1.571,0.3649,146.003,0
4.9939,56.959,-0.002930717309936881,-1.572,0.3641,146.012,0
4.9951,56.959,-0.003044270910322666,-1.592,0.3641,145.993,0
4.9964,56.959,-0.0030454336665570736,-1.592,0.3641,146.014,0
4.9976,56.959,-0.0031236663926392794,-1.606,0.3641,145.987,0
4.9988,56.953,-0.003079041140154004,-1.606,0.3633,146.013,0
5.0001,56.953,-0.003087550401687622,-1.607,0.3633,145.965,0
5.0014,56.953,-0.0030832034535706043,-1.606,0.3633,145.97,0
5.0027,56.953,-0.0031364597380161285,-1.616,0.3633,146.006,0
5.0041,56.948,-0.0033138601575046778,-1.655,0.3626,146.027,0
5.0053,56.948,-0.0035365596413612366,-1.694,0.3626,146.028,0
5.0065,56.948,-0.0034468185622245073,-1.678,0.3626,146.052,0
5.0078,56.942,-0.0035630043130367994,-1.706,0.3618,146.024,0
5.009,56.942,-0.003934822976589203,-1.772,0.3618,146.024,0
5.0102,56.937,-0.004089635331183672,-1.806,0.3611,146.036,0
5.0115,56.937,-0.0035970397293567657,-1.719,0.3611,146.04,0
5.013,56.937,-0.0032194056548178196,-1.652,0.3611,145.985,0
5.0144,56.937,-0.0031906957738101482,-1.647,0.3611,146.029,0
5.0156,56.937,-0.003363261232152581,-1.678,0.3611,146.024,0
5.0169,56.931,-0.00333755137398839,-1.68,0.3603,146.041,0
5.0182,56.931,-0.0035585362929850817,-1.72,0.3603,146.027,0
5.0194,56.931,-0.0038286771159619093,-1.768,0.3603,146.015,0
5.0207,56.926,-0.003992243204265833,-1.804,0.3595,146.021,0
5.022,56.926,-0.004395464435219765,-1.875,0.3595,146.065,0
5.0232,56.92,-0.004861920140683651,-1.963,0.3588,146.012,0
5.0244,56.92,-0.00509833125397563,-2.004,0.3588,146.051,0
5.0257,56.915,-0.005443032365292311,-2.07,0.358,146.058,0
5.0269,56.915,-0.0057606142945587635,-2.123,0.358,146.054,0
5.0281,56.909,-0.006186547689139843,-2.201,0.3572,146.059,0
5.0293,56.904,-0.006905393674969673,-2.324,0.3565,146.039,0
5.0305,56.904,-0.007663233671337366,-2.44,0.3565,146.032,0
5.0317,56.898,-0.008288726210594177,-2.541,0.3557,146.065,0
5.033,56.893,-0.008988473564386368,-2.649,0.3549,146.056,0
5.0342,56.887,-0.010101724416017532,-2.806,0.3542,146.078,0
5.0354,56.882,-0.011325284838676453,-2.963,0.3534,146.068,0
5.0366,56.871,-0.012684806250035763,-3.132,0.3519,146.072,0
5.0378,56.865,-0.014098926447331905,-3.277,0.3511,146.108,0
5.0391,56.854,-0.015854505822062492,-3.443,0.3496,146.103,0
5.0404,56.843,-0.01771647483110428,-3.592,0.3481,146.076,0
5.0416,56.838,-0.01909031718969345,-3.68,0.3473,146.092,0
5.0428,56.821,-0.02110672928392887,-3.81,0.345,146.163,0
5.0441,56.81,-0.023599522188305855,-3.919,0.3435,146.142,0
5.0453,56.794,-0.025852041319012642,-4.014,0.3412,146.158,0
5.0465,56.777,-0.028765253722667694,-4.102,0.3389,146.153,0
5.0478,56.761,-0.03165348619222641,-4.171,0.3366,146.182,0
5.0491,56.744,-0.03368128836154938,-4.223,0.3344,146.201,0
5.0503,56.722,-0.036072153598070145,-4.286,0.3313,146.217,0
5.0516,56.706,-0.03876315802335739,-4.328,0.329,146.266,0
5.0529,56.684,-0.041096724569797516,-4.38,0.326,146.215,0
5.0541,56.662,-0.04287330433726311,-4.43,0.3229,146.263,0
5.0554,56.64,-0.0454312264919281,-4.475,0.3199,146.292,0
5.0566,56.613,-0.04805972799658775,-4.531,0.316,146.334,0
5.0578,56.585,-0.050337232649326324,-4.585,0.3122,146.35,0
5.0591,56.563,-0.05211001634597778,-4.626,0.3092,146.369,0
5.0603,56.536,-0.05362771451473236,-4.68,0.3054,146.37,0
5.0616,56.514,-0.054666098207235336,-4.722,0.3023,146.41,0
5.0628,56.486,-0.055105794221162796,-4.777,0.2985,146.448,0
5.0641,56.459,-0.05564313754439354,-4.829,0.2947,146.46,0
5.0653,56.431,-0.05666303634643555,-4.877,0.2909,146.431,0
5.0666,56.404,-0.05839717760682106,-4.918,0.287,146.514,0
5.0679,56.376,-0.059690456837415695,-4.959,0.2832,146.511,0
5.0691,56.349,-0.06163506209850311,-4.993,0.2794,146.565,0
5.0704,56.316,-0.0636177510023117,-5.033,0.2748,146.571,0
5.0716,56.283,-0.066297248005867,-5.065,0.2703,146.633,0
5.0729,56.25,-0.06858491152524948,-5.095,0.2657,146.654,0
5.0742,56.212,-0.07133559882640839,-5.123,0.2603,146.649,0
5.0754,56.179,-0.07337705790996552,-5.145,0.2558,146.731,0
5.0769,56.14,-0.07478725910186768,-5.171,0.2504,146.732,0
5.0784,56.096,-0.07720629870891571,-5.188,0.2443,146.769,0
5.0796,56.052,-0.07953129708766937,-5.198,0.2382,146.81,0
5.0808,56.014,-0.08058454096317291,-5.206,0.2329,146.824,0
5.0821,55.981,-0.08107054233551025,-5.21,0.2283,146.853,0
5.0834,55.942,-0.08083654195070267,-5.213,0.223,146.894,0
5.0847,55.904,-0.08019770681858063,-5.213,0.2176,146.916,0
5.086,55.871,-0.07981737703084946,-5.207,0.213,146.956,0
5.0873,55.833,-0.07951796054840088,-5.193,0.2077,146.962,0
5.0886,55.794,-0.08010898530483246,-5.167,0.2024,147.006,0
5.0899,55.756,-0.08087489008903503,-5.135,0.197,146.998,0
5.0911,55.717,-0.0820053368806839,-5.094,0.1917,147.089,0
5.0926,55.679,-0.08254052698612213,-5.052,0.1863,147.094,0
5.0939,55.635,-0.08441989868879318,-4.988,0.1802,147.147,0
5.0952,55.591,-0.08563855290412903,-4.922,0.1741,147.191,0
5.0964,55.552,-0.08629263937473297,-4.86,0.1688,147.191,0
5.0977,55.508,-0.08738324791193008,-4.782,0.1627,147.22,0
5.0991,55.47,-0.08771513402462006,-4.712,0.1573,147.268,0
5.1004,55.426,-0.08700014650821686,-4.634,0.1512,147.322,0
5.1016,55.388,-0.08657128363847733,-4.559,0.1459,147.334,0
5.1029,55.349,-0.08625674247741699,-4.48,0.1406,147.365,0
5.1042,55.311,-0.08648134022951126,-4.395,0.1352,147.37,0
5.1054,55.267,-0.0881291925907135,-4.285,0.1291,147.406,0
5.1067,55.228,-0.08918886631727219,-4.187,0.1238,147.453,0
5.1081,55.184,-0.09057281911373138,-4.072,0.1177,147.487,0
5.1094,55.135,-0.09256158024072647,-3.937,0.1108,147.533,0
5.1107,55.091,-0.09300360828638077,-3.822,0.1047,147.535,0
5.1121,55.047,-0.09374768286943436,-3.704,0.0986,147.604,0
5.1134,54.998,-0.09355846047401428,-3.576,0.0917,147.624,0
5.1147,54.954,-0.09271306544542313,-3.465,0.0856,147.663,0
5.116,54.915,-0.09157910943031311,-3.371,0.0803,147.71,0
5.1173,54.877,-0.08977571129798889,-3.281,0.075,147.759,0
5.1186,54.838,-0.08826599270105362,-3.19,0.0696,147.755,0
5.1199,54.8,-0.08660406619310379,-3.101,0.0643,147.77,0
5.1212,54.756,-0.08500398695468903,-2.999,0.0582,147.877,0
5.1225,54.723,-0.08334793895483017,-2.926,0.0536,147.884,0
5.1238,54.684,-0.0822555422782898,-2.839,0.0482,147.908,0
5.1252,54.646,-0.08082415163516998,-2.756,0.0429,147.908,0
5.1265,54.613,-0.0790669173002243,-2.689,0.0383,147.953,0
5.1278,54.58,-0.07826463878154755,-2.62,0.0338,147.997,0
5.1292,54.542,-0.07719796895980835,-2.542,0.0284,147.988,0
5.1305,54.503,-0.07573413103818893,-2.469,0.0231,148.063,0
5.1319,54.465,-0.07525249570608139,-2.395,0.0177,148.121,0
5.1332,54.432,-0.07502446323633194,-2.333,0.0132,148.114,0
5.1345,54.399,-0.07516232877969742,-2.271,0.0086,148.165,0
5.1357,54.36,-0.07541845738887787,-2.203,0.0032,148.161,0
5.1371,54.327,-0.07506457716226578,-2.151,0.9987,148.181,0
5.1384,54.294,-0.0750918760895729,-2.099,0.9941,148.266,0
5.1397,54.256,-0.07571761310100555,-2.04,0.9887,148.246,0
5.141,54.218,-0.07571713626384735,-1.989,0.9834,148.3,0
5.1424,54.185,-0.07627233862876892,-1.946,0.9788,148.315,0
5.1436,54.146,-0.07635851949453354,-1.903,0.9735,148.349,0
5.1449,54.113,-0.07657632976770401,-1.869,0.9689,148.384,0
5.1462,54.08,-0.07639169692993164,-1.841,0.9643,148.4,0
5.1475,54.042,-0.07608427107334137,-1.813,0.959,148.442,0
5.1488,54.009,-0.075295090675354,-1.796,0.9544,148.437,0
5.1501,53.976,-0.07338336110115051,-1.79,0.9498,148.488,0
5.1513,53.943,-0.07255585491657257,-1.78,0.9453,148.504,0
5.1526,53.91,-0.07255572825670242,-1.768,0.9407,148.542,0
5.1539,53.877,-0.0722714513540268,-1.761,0.9361,148.528,0
5.1553,53.844,-0.07201030850410461,-1.758,0.9315,148.556,0
5.1566,53.806,-0.07259514927864075,-1.752,0.9262,148.608,0
5.1578,53.773,-0.07340379804372787,-1.749,0.9216,148.653,0
5.1591,53.74,-0.0737457424402237,-1.752,0.917,148.668,0
5.1604,53.707,-0.07413911819458008,-1.757,0.9124,148.726,0
5.1617,53.668,-0.07414976507425308,-1.768,0.9071,148.739,0
5.1631,53.635,-0.07440686225891113,-1.78,0.9025,148.765,0
5.1643,53.602,-0.07443307340145111,-1.795,0.8979,148.806,0
5.1655,53.569,-0.07398339360952377,-1.816,0.8934,148.805,0
5.1668,53.531,-0.07381640374660492,-1.84,0.888,148.869,0
5.1682,53.503,-0.07361500710248947,-1.86,0.8842,148.878,0
5.1694,53.465,-0.07349858433008194,-1.888,0.8789,148.959,0
5.1707,53.432,-0.07370781898498535,-1.913,0.8743,148.97,0
5.172,53.399,-0.07341227680444717,-1.942,0.8697,148.986,0
5.1733,53.366,-0.07353116571903229,-1.97,0.8651,149.038,0
5.1746,53.328,-0.07360438257455826,-2.004,0.8598,149.027,0
5.1759,53.295,-0.07517429441213608,-2.025,0.8552,149.121,0
5.1771,53.256,-0.07695246487855911,-2.051,0.8499,149.134,0
5.1784,53.218,-0.07868703454732895,-2.079,0.8445,149.187,0
5.1796,53.179,-0.07989002764225006,-2.109,0.8392,149.246,0
5.1808,53.141,-0.08247426152229309,-2.132,0.8339,149.285,0
5.1821,53.102,-0.08458226174116135,-2.157,0.8285,149.298,0
5.1833,53.058,-0.08639557659626007,-2.19,0.8224,149.34,0
5.1845,53.02,-0.08841297030448914,-2.214,0.8171,149.415,0
5.1858,52.976,-0.09017655998468399,-2.245,0.811,149.452,0
5.1871,52.932,-0.09238383173942566,-2.271,0.8049,149.494,0
5.1884,52.888,-0.09438824653625488,-2.296,0.7988,149.531,0
5.1896,52.839,-0.09636597335338593,-2.324,0.7919,149.613,0
5.1908,52.795,-0.09878811985254288,-2.341,0.7858,149.667,0
5.1922,52.751,-0.10069861263036728,-2.359,0.7797,149.698,0
5.1934,52.696,-0.10299856960773468,-2.377,0.7721,149.752,0
5.1947,52.646,-0.10532155632972717,-2.387,0.7652,149.839,0
5.196,52.592,-0.10842367261648178,-2.389,0.7576,149.865,0
5.1972,52.537,-0.11095942556858063,-2.389,0.7499,149.993,0
5.1985,52.487,-0.11286553740501404,-2.385,0.7431,150.014,0
5.1997,52.432,-0.11590021103620529,-2.369,0.7354,150.053,0
5.201,52.372,-0.11821450293064117,-2.349,0.7271,150.137,0
5.2022,52.317,-0.12138189375400543,-2.318,0.7194,150.185,0
5.2035,52.256,-0.1238122507929802,-2.282,0.711,150.277,0
5.2047,52.196,-0.12612226605415344,-2.24,0.7026,150.363,0
5.206,52.136,-0.12831608951091766,-2.19,0.6942,150.401,0
5.2073,52.07,-0.13084694743156433,-2.127,0.6851,150.485,0
5.2086,52.009,-0.13321718573570251,-2.062,0.6767,150.57,0
5.2098,51.943,-0.1353175938129425,-1.987,0.6675,150.63,0
5.2113,51.883,-0.13720668852329254,-1.913,0.6591,150.752,0
5.2125,51.806,-0.14037054777145386,-1.809,0.6485,150.821,0
5.2139,51.735,-0.14235205948352814,-1.714,0.6385,150.942,0
5.2152,51.663,-0.14474065601825714,-1.614,0.6286,150.958,0
5.2165,51.592,-0.14692431688308716,-1.514,0.6187,151.101,0
5.2178,51.52,-0.1495048701763153,-1.413,0.6088,151.184,0
5.2192,51.443,-0.1514245718717575,-1.314,0.5981,151.263,0
5.2204,51.372,-0.15344686806201935,-1.224,0.5882,151.369,0
5.2217,51.301,-0.15491676330566406,-1.145,0.5783,151.467,0
5.2231,51.224,-0.1562899500131607,-1.071,0.5676,151.569,0
5.2243,51.147,-0.15854939818382263,-1.004,0.5569,151.674,0
5.2255,51.075,-0.1597178876399994,-0.96,0.547,151.747,0
5.2268,51.004,-0.1606181263923645,-0.931,0.5371,151.821,0
5.2281,50.927,-0.16148921847343445,-0.916,0.5264,151.921,0
5.2294,50.845,-0.163410484790802,-0.915,0.515,152.027,0
5.2307,50.768,-0.1648063212633133,-0.936,0.5043,152.093,0
5.232,50.685,-0.16649554669857025,-0.98,0.4928,152.196,0
5.2334,50.609,-0.16830764710903168,-1.04,0.4821,152.247,0
5.2349,50.515,-0.16955260932445526,-1.146,0.4692,152.385,0
5.2362,50.427,-0.16955682635307312,-1.279,0.457,152.433,0
5.2375,50.35,-0.16959765553474426,-1.415,0.4463,152.556,0
5.2389,50.262,-0.16902372241020203,-1.595,0.4341,152.597,0
5.2402,50.186,-0.16933754086494446,-1.764,0.4234,152.715,0
5.2415,50.103,-0.16939394176006317,-1.962,0.412,152.757,0
5.2429,50.021,-0.16893945634365082,-2.176,0.4005,152.865,0
5.2442,49.944,-0.16809560358524323,-2.387,0.3898,152.943,0
5.2456,49.861,-0.168046772480011,-2.615,0.3784,152.998,0
5.2469,49.785,-0.16835840046405792,-2.828,0.3677,153.119,0
5.2481,49.702,-0.1697620302438736,-3.05,0.3563,153.158,0
5.2494,49.625,-0.1711827665567398,-3.255,0.3456,153.225,0
5.2507,49.543,-0.17319455742835999,-3.464,0.3341,153.301,0
5.2519,49.46,-0.17461663484573364,-3.666,0.3227,153.388,0
5.2532,49.378,-0.17640730738639832,-3.853,0.3112,153.513,0
5.2544,49.296,-0.17883342504501343,-4.02,0.2998,153.536,0
5.2556,49.213,-0.18163838982582092,-4.165,0.2884,153.645,0
5.2569,49.131,-0.18429423868656158,-4.288,0.2769,153.674,0
5.2582,49.037,-0.18756607174873352,-4.397,0.2639,153.745,0
5.2594,48.95,-0.19051851332187653,-4.469,0.2517,153.854,0
5.2607,48.862,-0.19290490448474884,-4.514,0.2395,153.932,0
5.262,48.763,-0.19580279290676117,-4.523,0.2258,153.955,0
5.2633,48.664,-0.1984161138534546,-4.493,0.2121,154.05,0
5.2645,48.576,-0.20078587532043457,-4.431,0.1999,154.146,0
5.2658,48.483,-0.20324988663196564,-4.332,0.1869,154.193,0
5.2671,48.389,-0.20471546053886414,-4.205,0.1739,154.275,0
5.2683,48.29,-0.2057868391275406,-4.041,0.1602,154.33,0
5.2696,48.192,-0.20648914575576782,-3.848,0.1465,154.424,0
5.2709,48.098,-0.2074449062347412,-3.641,0.1335,154.505,0
5.2722,48.005,-0.2086056023836136,-3.414,0.1205,154.585,0
5.2734,47.906,-0.2103748470544815,-3.156,0.1068,154.648,0
5.2747,47.807,-0.21278071403503418,-2.885,0.093,154.747,0
5.276,47.703,-0.2137272208929062,-2.605,0.0786,154.81,0
5.2772,47.609,-0.21394704282283783,-2.361,0.0656,154.933,0
5.2785,47.51,-0.2138753980398178,-2.112,0.0518,154.973,0
5.2798,47.411,-0.21448148787021637,-1.874,0.0381,155.069,0
5.2811,47.318,-0.21449314057826996,-1.668,0.0251,155.156,0
5.2823,47.219,-0.21348805725574493,-1.479,0.0114,155.24,0
5.2836,47.12,-0.21349257230758667,-1.309,0.9977,155.334,0
5.2849,47.021,-0.21293526887893677,-1.171,0.9839,155.403,0
5.2861,46.928,-0.21324552595615387,-1.064,0.971,155.473,0
5.2874,46.829,-0.2134961485862732,-0.981,0.9572,155.567,0
5.2887,46.73,-0.2120208889245987,-0.938,0.9435,155.628,0
5.2899,46.637,-0.2101113647222519,-0.929,0.9305,155.709,0
5.2912,46.549,-0.2076331526041031,-0.947,0.9183,155.784,0
5.2924,46.461,-0.2044495940208435,-0.99,0.9061,155.829,0
5.2937,46.373,-0.20217841863632202,-1.045,0.8939,155.933,0
5.295,46.285,-0.19945192337036133,-1.118,0.8817,155.992,0
5.2962,46.203,-0.1975521743297577,-1.194,0.8703,156.079,0
5.2975,46.115,-0.19460494816303253,-1.29,0.8581,156.187,0
5.2987,46.027,-0.19302289187908173,-1.383,0.8459,156.267,0
5.3001,45.945,-0.1917450875043869,-1.473,0.8344,156.335,0
5.3013,45.857,-0.19048210978507996,-1.567,0.8222,156.407,0
5.3027,45.769,-0.18918225169181824,-1.657,0.81,156.509,0
5.3041,45.676,-0.18775558471679688,-1.746,0.797,156.616,0
5.3053,45.588,-0.18802626430988312,-1.811,0.7848,156.712,0
5.3065,45.505,-0.18741683661937714,-1.865,0.7734,156.801,0
5.3079,45.417,-0.18735599517822266,-1.906,0.7612,156.915,0
5.3092,45.33,-0.1885228455066681,-1.925,0.749,157.006,0
5.3104,45.236,-0.18939214944839478,-1.928,0.736,157.111,0
5.3116,45.154,-0.19094182550907135,-1.91,0.7245,157.241,0
5.3129,45.066,-0.19249531626701355,-1.874,0.7123,157.302,0
5.3142,44.978,-0.1937875747680664,-1.823,0.7001,157.404,0
5.3155,44.89,-0.1943332403898239,-1.761,0.6879,157.493,0
5.3168,44.797,-0.19505153596401215,-1.679,0.675,157.639,0
5.3181,44.703,-0.19574692845344543,-1.584,0.662,157.742,0
5.3194,44.61,-0.19598187506198883,-1.48,0.649,157.827,0
5.3207,44.517,-0.1968591958284378,-1.365,0.636,157.961,0
5.322,44.423,-0.1976621150970459,-1.248,0.6231,158.084,0
5.3233,44.33,-0.19805867969989777,-1.133,0.6101,158.182,0
5.3246,44.236,-0.1995827853679657,-1.017,0.5971,158.341,0
5.3259,44.143,-0.20068137347698212,-0.912,0.5842,158.406,0
5.3272,44.05,-0.2009524255990982,-0.824,0.5712,158.547,0
5.3284,43.956,-0.20154254138469696,-0.752,0.5582,158.68,0
5.3297,43.863,-0.2017243504524231,-0.703,0.5453,158.786,0
5.3311,43.764,-0.2017144411802292,-0.677,0.5315,158.889,0
5.3324,43.671,-0.20054708421230316,-0.687,0.5186,159.053,0
5.3337,43.577,-0.20132070779800415,-0.713,0.5056,159.114,0
5.335,43.478,-0.2013455182313919,-0.777,0.4919,159.234,0
5.3364,43.385,-0.20162732899188995,-0.866,0.4789,159.356,0
5.3379,43.27,-0.20237649977207184,-1.015,0.4629,159.467,0
5.3392,43.176,-0.20106130838394165,-1.178,0.4499,159.557,0
5.3405,43.083,-0.20012693107128143,-1.366,0.4369,159.649,0
5.3418,42.995,-0.1988275647163391,-1.566,0.4247,159.735,0
5.3431,42.902,-0.19846434891223907,-1.792,0.4117,159.84,0
5.3444,42.808,-0.19731882214546204,-2.039,0.3988,159.952,0
5.3458,42.709,-0.1963174194097519,-2.312,0.385,160.051,0
5.3471,42.621,-0.19458574056625366,-2.567,0.3728,160.119,0
5.3484,42.534,-0.19387879967689514,-2.818,0.3606,160.207,0
5.3498,42.435,-0.19451674818992615,-3.089,0.3469,160.301,0
5.3511,42.347,-0.19541160762310028,-3.32,0.3347,160.386,0
5.3524,42.253,-0.19592073559761047,-3.556,0.3217,160.51,0
5.3536,42.16,-0.19665472209453583,-3.773,0.3087,160.581,0
5.3549,42.072,-0.19783465564250946,-3.954,0.2965,160.634,0
5.3561,41.979,-0.19943676888942719,-4.119,0.2836,160.699,0
5.3574,41.885,-0.20157815515995026,-4.251,0.2706,160.816,0
5.3587,41.792,-0.20441976189613342,-4.346,0.2576,160.888,0
5.36,41.688,-0.20678268373012543,-4.416,0.2431,160.997,0
5.3613,41.589,-0.20928317308425903,-4.439,0.2294,161.056,0
5.3626,41.484,-0.21143579483032227,-4.421,0.2149,161.114,0
5.3641,41.375,-0.2133372575044632,-4.355,0.1996,161.241,0
5.3654,41.27,-0.21536734700202942,-4.245,0.1852,161.313,0
5.3667,41.16,-0.21660131216049194,-4.091,0.1699,161.378,0
5.3681,41.061,-0.21697476506233215,-3.921,0.1562,161.475,0
5.3695,40.952,-0.21806222200393677,-3.695,0.1409,161.564,0
5.3709,40.831,-0.21919450163841248,-3.413,0.1241,161.666,0
5.3722,40.726,-0.22128108143806458,-3.143,0.1096,161.765,0
5.3735,40.622,-0.2227427214384079,-2.864,0.0951,161.847,0
5.3748,40.512,-0.22552794218063354,-2.559,0.0799,161.919,0
5.3761,40.408,-0.22637982666492462,-2.282,0.0654,161.994,0
5.3774,40.298,-0.22732838988304138,-2.001,0.0501,162.095,0
5.3786,40.193,-0.22945216298103333,-1.743,0.0356,162.176,0
5.38,40.078,-0.229395791888237,-1.497,0.0196,162.256,0
5.3812,39.979,-0.22922788560390472,-1.312,0.0059,162.345,0
5.3825,39.875,-0.2279300093650818,-1.154,0.9914,162.425,0
5.3839,39.765,-0.226815328001976,-1.021,0.9761,162.529,0
5.3851,39.661,-0.2272031605243683,-0.921,0.9616,162.618,0
5.3864,39.556,-0.22696742415428162,-0.859,0.9471,162.712,0
5.3876,39.457,-0.22559581696987152,-0.838,0.9334,162.809,0
5.3888,39.364,-0.22403636574745178,-0.847,0.9204,162.858,0
5.3901,39.271,-0.22180457413196564,-0.882,0.9074,162.901,0
5.3913,39.172,-0.21969740092754364,-0.94,0.8937,163.013,0
5.3926,39.078,-0.21807199716567993,-1.011,0.8807,163.091,0
5.3938,38.979,-0.21603015065193176,-1.103,0.867,163.173,0
5.3951,38.886,-0.21403825283050537,-1.2,0.854,163.287,0
5.3964,38.787,-0.2123468518257141,-1.307,0.8403,163.382,0
5.3977,38.694,-0.21052466332912445,-1.41,0.8273,163.441,0
5.399,38.6,-0.20924967527389526,-1.508,0.8144,163.55,0
5.4003,38.502,-0.20812812447547913,-1.603,0.8006,163.63,0
5.4015,38.414,-0.20699596405029297,-1.679,0.7884,163.765,0
5.4029,38.315,-0.20614024996757507,-1.748,0.7747,163.866,0
5.4042,38.216,-0.20583932101726532,-1.796,0.761,163.94,0
5.4055,38.123,-0.20640386641025543,-1.819,0.748,164.048,0
5.4067,38.024,-0.20761656761169434,-1.818,0.7343,164.184,0
5.4081,37.93,-0.20902608335018158,-1.796,0.7213,164.311,0
5.4094,37.826,-0.21001079678535461,-1.752,0.7068,164.409,0
5.4106,37.733,-0.21004311740398407,-1.697,0.6938,164.528,0
5.4119,37.634,-0.2101050764322281,-1.621,0.6801,164.656,0
5.4131,37.535,-0.21102997660636902,-1.524,0.6664,164.731,0
5.4144,37.441,-0.21075493097305298,-1.427,0.6534,164.849,0
5.4156,37.348,-0.21056197583675385,-1.321,0.6404,164.959,0
5.417,37.249,-0.21042756736278534,-1.203,0.6267,165.085,0
5.4183,37.15,-0.21087516844272614,-1.081,0.6129,165.19,0
5.4196,37.051,-0.21198418736457825,-0.959,0.5992,165.348,0
5.4208,36.947,-0.21327315270900726,-0.84,0.5847,165.471,0
5.4221,36.854,-0.2138720452785492,-0.75,0.5717,165.574,0
5.4234,36.755,-0.2147293984889984,-0.672,0.558,165.697,0
5.4248,36.65,-0.2149168848991394,-0.619,0.5435,165.838,0
5.4261,36.546,-0.21513745188713074,-0.595,0.529,165.952,0
5.4274,36.442,-0.2155311405658722,-0.603,0.5145,166.108,0
5.4288,36.343,-0.21656957268714905,-0.64,0.5008,166.24,0
5.4301,36.227,-0.21700438857078552,-0.729,0.4848,166.342,0
5.4314,36.129,-0.2177354246377945,-0.839,0.471,166.475,0
5.4326,36.035,-0.21738263964653015,-0.979,0.4581,166.581,0
5.4338,35.936,-0.21681541204452515,-1.159,0.4443,166.676,0
5.4351,35.843,-0.21566392481327057,-1.357,0.4314,166.747,0
5.4363,35.744,-0.21477463841438293,-1.59,0.4176,166.868,0
5.4375,35.656,-0.21388640999794006,-1.814,0.4054,166.967,0
5.4388,35.557,-0.2121785432100296,-2.086,0.3917,167.031,0
5.4401,35.469,-0.21049244701862335,-2.338,0.3795,167.145,0
5.4414,35.376,-0.2095520794391632,-2.605,0.3665,167.273,0
5.4426,35.277,-0.21022826433181763,-2.877,0.3528,167.333,0
5.4438,35.178,-0.21057581901550293,-3.145,0.3391,167.462,0
5.4451,35.09,-0.2114575207233429,-3.37,0.3268,167.558,0
5.4463,34.991,-0.2117893099784851,-3.61,0.3131,167.606,0
5.4475,34.898,-0.21268655359745026,-3.812,0.3001,167.743,0
5.4488,34.805,-0.21402686834335327,-3.986,0.2872,167.831,0
5.4501,34.706,-0.21612395346164703,-4.135,0.2734,167.868,0
5.4513,34.601,-0.21934093534946442,-4.247,0.2589,167.982,0
5.4526,34.492,-0.22117581963539124,-4.328,0.2437,168.074,0
5.4539,34.387,-0.2235509604215622,-4.354,0.2292,168.18,0
5.4551,34.288,-0.22573722898960114,-4.336,0.2155,168.234,0
5.4563,34.184,-0.22768095135688782,-4.275,0.201,168.346,0
5.4575,34.085,-0.22940704226493835,-4.178,0.1872,168.423,0
5.4589,33.97,-0.2306182086467743,-4.021,0.1712,168.533,0
5.4602,33.865,-0.2313791811466217,-3.842,0.1567,168.612,0
5.4616,33.75,-0.23108124732971191,-3.613,0.1407,168.68,0
5.463,33.635,-0.2316882312297821,-3.348,0.1247,168.75,0
5.4642,33.525,-0.2326573133468628,-3.071,0.1094,168.882,0
5.4655,33.415,-0.23283714056015015,-2.785,0.0941,168.914,0
5.4668,33.3,-0.23327985405921936,-2.48,0.0781,169.055,0
5.4682,33.195,-0.23413299024105072,-2.204,0.0636,169.094,0
5.4695,33.08,-0.23544074594974518,-1.909,0.0476,169.205,0
5.4709,32.959,-0.23680619895458221,-1.622,0.0308,169.293,0
5.4721,32.849,-0.2377675324678421,-1.39,0.0156,169.376,0
5.4734,32.745,-0.2378801703453064,-1.202,0.0011,169.481,0
5.4746,32.64,-0.23694822192192078,-1.052,0.9866,169.587,0
5.4761,32.514,-0.23611979186534882,-0.913,0.969,169.667,0
5.4774,32.404,-0.23530477285385132,-0.834,0.9538,169.774,0
5.4787,32.294,-0.23406250774860382,-0.795,0.9385,169.875,0
5.4801,32.19,-0.23197045922279358,-0.797,0.924,169.919,0
5.4813,32.086,-0.22999007999897003,-0.828,0.9095,170.04,0
5.4826,31.981,-0.2274644821882248,-0.889,0.895,170.082,0
5.4838,31.882,-0.22531777620315552,-0.965,0.8813,170.194,0
5.4851,31.789,-0.2231539636850357,-1.052,0.8683,170.252,0
5.4863,31.696,-0.2214396744966507,-1.147,0.8553,170.325,0
5.4875,31.597,-0.22053147852420807,-1.248,0.8416,170.406,0
5.4888,31.503,-0.21883362531661987,-1.351,0.8286,170.546,0
5.4901,31.404,-0.21740981936454773,-1.455,0.8149,170.636,0
5.4913,31.306,-0.21691888570785522,-1.547,0.8012,170.739,0
5.4926,31.212,-0.2161586731672287,-1.625,0.7882,170.869,0
5.4938,31.108,-0.21535582840442657,-1.696,0.7737,170.91,0
5.4951,31.02,-0.21503734588623047,-1.739,0.7615,171.028,0
5.4963,30.921,-0.21597497165203094,-1.761,0.7478,171.151,0
5.4976,30.822,-0.21694634854793549,-1.762,0.734,171.269,0
5.4988,30.718,-0.2187139391899109,-1.734,0.7195,171.377,0
5.5001,30.619,-0.21982772648334503,-1.689,0.7058,171.49,0
5.5013,30.52,-0.2208472639322281,-1.624,0.6921,171.595,0
5.5025,30.421,-0.2213389277458191,-1.543,0.6783,171.728,0
5.5039,30.317,-0.2214781641960144,-1.443,0.6638,171.838,0
5.5051,30.218,-0.22110819816589355,-1.338,0.6501,171.965,0
5.5063,30.114,-0.22128033638000488,-1.215,0.6356,172.058,0
5.5075,30.026,-0.22177058458328247,-1.106,0.6234,172.175,0
5.5087,29.927,-0.22146545350551605,-0.989,0.6097,172.3,0
5.5099,29.833,-0.2218562662601471,-0.88,0.5967,172.411,0
5.5112,29.734,-0.2214648723602295,-0.778,0.583,172.537,0
5.5125,29.636,-0.22105374932289124,-0.692,0.5692,172.666,0
5.5137,29.531,-0.2222784161567688,-0.613,0.5547,172.801,0
5.5149,29.432,-0.22188876569271088,-0.571,0.541,172.91,0
5.5162,29.333,-0.2222047746181488,-0.552,0.5273,173.051,0
5.5174,29.235,-0.22259898483753204,-0.563,0.5135,173.134,0
5.5187,29.141,-0.22304680943489075,-0.602,0.5006,173.29,0
5.52,29.031,-0.22358104586601257,-0.686,0.4853,173.375,0
5.5213,28.922,-0.22410468757152557,-0.81,0.4701,173.543,0
5.5225,28.823,-0.22273315489292145,-0.968,0.4563,173.619,0
5.5237,28.729,-0.22152525186538696,-1.144,0.4434,173.743,0
5.525,28.636,-0.2204602211713791,-1.344,0.4304,173.861,0
5.5263,28.537,-0.21873582899570465,-1.583,0.4167,173.918,0
5.5275,28.438,-0.21721071004867554,-1.841,0.4029,174.001,0
5.5288,28.345,-0.21586211025714874,-2.098,0.39,174.131,0
5.5301,28.251,-0.2134190946817398,-2.371,0.377,174.24,0
5.5313,28.152,-0.2117375284433365,-2.658,0.3633,174.354,0
5.5325,28.065,-0.21062207221984863,-2.91,0.351,174.446,0
5.5337,27.977,-0.21051253378391266,-3.15,0.3388,174.519,0
5.5351,27.878,-0.2107001096010208,-3.406,0.3251,174.657,0
5.5363,27.779,-0.2104516327381134,-3.647,0.3114,174.718,0
5.5376,27.68,-0.21084609627723694,-3.86,0.2976,174.859,0
5.5388,27.587,-0.21268589794635773,-4.026,0.2847,174.926,0
5.5401,27.488,-0.21465937793254852,-4.169,0.2709,175.008,0
5.5413,27.383,-0.21696755290031433,-4.28,0.2564,175.124,0
5.5426,27.285,-0.21941611170768738,-4.342,0.2427,175.182,0
5.5439,27.18,-0.22076664865016937,-4.372,0.2282,175.302,0
5.5451,27.076,-0.22372771799564362,-4.345,0.2137,175.358,0
5.5464,26.977,-0.2257009595632553,-4.282,0.2,175.463,0
5.5478,26.862,-0.2270466387271881,-4.165,0.184,175.567,0
5.5491,26.752,-0.22745175659656525,-4.012,0.1687,175.664,0
5.5504,26.642,-0.22841939330101013,-3.816,0.1534,175.722,0
5.5516,26.537,-0.22903341054916382,-3.599,0.1389,175.806,0
5.5531,26.428,-0.22999760508537292,-3.341,0.1237,175.91,0
5.5544,26.312,-0.2310304045677185,-3.049,0.1077,175.993,0
5.5556,26.208,-0.23163263499736786,-2.774,0.0932,176.05,0
5.5568,26.104,-0.2319101244211197,-2.498,0.0787,176.15,0
5.5581,26.005,-0.23234519362449646,-2.239,0.0649,176.218,0
5.5593,25.889,-0.2335910201072693,-1.943,0.0489,176.291,0
5.5606,25.785,-0.23603971302509308,-1.684,0.0344,176.398,0
5.5619,25.675,-0.23709319531917572,-1.445,0.0192,176.471,0
5.5631,25.56,-0.23899035155773163,-1.22,0.0031,176.562,0
5.5644,25.455,-0.23912173509597778,-1.059,0.9886,176.662,0
5.5656,25.345,-0.23863227665424347,-0.929,0.9734,176.769,0
5.5669,25.241,-0.2388957291841507,-0.836,0.9589,176.801,0
5.5681,25.131,-0.2370169460773468,-0.789,0.9436,176.93,0
5.5694,25.032,-0.23483501374721527,-0.78,0.9299,177.028,0
5.5707,24.928,-0.23211829364299774,-0.804,0.9154,177.06,0
5.572,24.824,-0.22936312854290009,-0.856,0.9009,177.165,0
5.5733,24.725,-0.22647736966609955,-0.929,0.8872,177.246,0
5.5745,24.626,-0.22434526681900024,-1.014,0.8734,177.32,0
5.5757,24.532,-0.22236964106559753,-1.107,0.8605,177.406,0
5.577,24.434,-0.21976886689662933,-1.217,0.8467,177.507,0
5.5783,24.335,-0.2180291712284088,-1.325,0.833,177.601,0
5.5796,24.236,-0.2157452553510666,-1.435,0.8193,177.67,0
5.5808,24.142,-0.2140270620584488,-1.532,0.8063,177.797,0
5.5821,24.049,-0.21341624855995178,-1.614,0.7933,177.87,0
5.5834,23.956,-0.21265031397342682,-1.684,0.7804,177.953,0
5.5847,23.851,-0.2124442309141159,-1.742,0.7659,178.086,0
5.586,23.758,-0.2119414061307907,-1.778,0.7529,178.195,0
5.5873,23.659,-0.21251142024993896,-1.789,0.7392,178.265,0
5.5887,23.549,-0.21461966633796692,-1.767,0.7239,178.404,0
5.59,23.439,-0.2159857302904129,-1.722,0.7086,178.5,0
5.5912,23.34,-0.21702468395233154,-1.661,0.6949,178.656,0
5.5925,23.242,-0.21805895864963531,-1.58,0.6812,178.744,0
5.5938,23.143,-0.21833038330078125,-1.488,0.6674,178.859,0
5.5951,23.044,-0.21827636659145355,-1.384,0.6537,178.951,0
5.5965,22.934,-0.21866180002689362,-1.255,0.6385,179.126,0
5.5978,22.819,-0.21914345026016235,-1.113,0.6224,179.249,0
5.5991,22.725,-0.21953681111335754,-0.999,0.6095,179.354,0
5.6004,22.621,-0.2197548747062683,-0.879,0.595,179.457,0
5.6016,22.522,-0.2202843874692917,-0.773,0.5812,179.612,0
5.6029,22.423,-0.22049176692962646,-0.686,0.5675,179.703,0
5.6042,22.319,-0.22118140757083893,-0.612,0.553,179.866,0
5.6055,22.22,-0.2214578539133072,-0.57,0.5393,179.947,0
5.6071,22.11,-0.22132976353168488,-0.558,0.524,180.141,0
5.6084,21.984,-0.22240938246250153,-0.583,0.5065,180.246,0
5.6097,21.874,-0.22398406267166138,-0.645,0.4912,180.409,0
5.6111,21.769,-0.22487205266952515,-0.745,0.4767,180.491,0
5.6123,21.665,-0.2246895134449005,-0.888,0.4622,180.658,0
5.6135,21.572,-0.22356952726840973,-1.052,0.4492,180.754,0
5.6147,21.473,-0.22175629436969757,-1.257,0.4355,180.876,0
5.6161,21.374,-0.2199668288230896,-1.488,0.4218,180.943,0
5.6173,21.275,-0.21865855157375336,-1.737,0.4081,181.076,0
5.6185,21.182,-0.21687741577625275,-1.992,0.3951,181.174,0
5.6198,21.088,-0.2153853178024292,-2.256,0.3821,181.295,0
5.6211,20.984,-0.21306626498699188,-2.562,0.3676,181.382,0
5.6224,20.891,-0.21182036399841309,-2.831,0.3546,181.49,0
5.6236,20.797,-0.21126380562782288,-3.09,0.3417,181.624,0
5.6249,20.704,-0.21080809831619263,-3.34,0.3287,181.717,0
5.6261,20.61,-0.20988433063030243,-3.577,0.3157,181.797,0
5.6274,20.517,-0.2100883424282074,-3.787,0.3028,181.896,0
5.6286,20.424,-0.21053029596805573,-3.972,0.2898,182.011,0
5.6298,20.325,-0.21237140893936157,-4.129,0.2761,182.085,0
5.6311,20.231,-0.21449688076972961,-4.243,0.2631,182.175,0
5.6323,20.127,-0.2160978466272354,-4.334,0.2486,182.26,0
5.6336,20.028,-0.21834918856620789,-4.375,0.2349,182.36,0
5.6348,19.924,-0.22090108692646027,-4.372,0.2204,182.434,0
5.6362,19.819,-0.22401560842990875,-4.319,0.2059,182.501,0
5.6374,19.709,-0.22656051814556122,-4.22,0.1906,182.645,0
5.6386,19.605,-0.22801728546619415,-4.088,0.1761,182.686,0
5.6399,19.501,-0.2289939820766449,-3.919,0.1616,182.796,0
5.6412,19.396,-0.22916685044765472,-3.722,0.1471,182.878,0
5.6425,19.292,-0.22933952510356903,-3.496,0.1326,182.942,0
5.6437,19.188,-0.23036257922649384,-3.242,0.1181,183.042,0
5.6449,19.083,-0.23150089383125305,-2.971,0.1036,183.103,0
5.6462,18.979,-0.23247265815734863,-2.693,0.0891,183.225,0
5.6475,18.875,-0.23111937940120697,-2.427,0.0746,183.263,0
5.6487,18.776,-0.23125021159648895,-2.171,0.0609,183.373,0
5.6501,18.66,-0.2329959273338318,-1.876,0.0449,183.452,0
5.6513,18.55,-0.2336864471435547,-1.622,0.0296,183.557,0
5.6526,18.441,-0.23565131425857544,-1.386,0.0144,183.612,0
5.6538,18.331,-0.23683017492294312,-1.186,0.9991,183.725,0
5.6552,18.226,-0.23843397200107574,-1.025,0.9846,183.795,0
5.6566,18.089,-0.2396203726530075,-0.87,0.9655,183.918,0
5.6579,17.985,-0.2399294376373291,-0.795,0.951,183.989,0
5.6591,17.875,-0.23845595121383667,-0.764,0.9358,184.074,0
5.6604,17.776,-0.2357168346643448,-0.775,0.9221,184.168,0
5.6616,17.672,-0.2332521378993988,-0.813,0.9076,184.219,0
5.6629,17.573,-0.23078615963459015,-0.873,0.8938,184.296,0
5.6642,17.474,-0.2284962385892868,-0.952,0.8801,184.39,0
5.6654,17.375,-0.22627854347229004,-1.046,0.8664,184.437,0
5.6667,17.276,-0.22442416846752167,-1.148,0.8526,184.575,0
5.668,17.166,-0.22268491983413696,-1.266,0.8374,184.633,0
5.6693,17.067,-0.22073255479335785,-1.375,0.8236,184.76,0
5.6706,16.963,-0.21932168304920197,-1.482,0.8091,184.829,0
5.6719,16.87,-0.218485027551651,-1.567,0.7962,184.928,0
5.6731,16.771,-0.21761249005794525,-1.645,0.7824,185.06,0
5.6743,16.677,-0.21747897565364838,-1.7,0.7695,185.16,0
5.6756,16.573,-0.21778324246406555,-1.739,0.755,185.232,0
5.677,16.474,-0.21841314435005188,-1.753,0.7412,185.36,0
5.6783,16.37,-0.21943163871765137,-1.742,0.7267,185.457,0
5.6796,16.26,-0.22125226259231567,-1.699,0.7115,185.571,0
5.6809,16.155,-0.22215886414051056,-1.64,0.697,185.687,0
5.6822,16.051,-0.22270327806472778,-1.56,0.6825,185.819,0
5.6835,15.947,-0.22336061298847198,-1.462,0.668,185.95,0
5.6847,15.848,-0.22358772158622742,-1.357,0.6543,186.047,0
5.6861,15.743,-0.22330571711063385,-1.239,0.6398,186.162,0
5.6875,15.628,-0.22360347211360931,-1.098,0.6237,186.283,0
5.6888,15.518,-0.22403936088085175,-0.964,0.6085,186.438,0
5.69,15.419,-0.22317856550216675,-0.856,0.5948,186.514,0
5.6913,15.315,-0.2234991043806076,-0.747,0.5803,186.654,0
5.6927,15.211,-0.22279863059520721,-0.662,0.5658,186.782,0
5.694,15.106,-0.22270160913467407,-0.597,0.5513,186.919,0
5.6952,15.002,-0.22258588671684265,-0.558,0.5368,187.037,0
5.6967,14.886,-0.22231361269950867,-0.554,0.5208,187.18,0
5.6979,14.782,-0.222720205783844,-0.582,0.5063,187.321,0
5.6992,14.689,-0.22337636351585388,-0.636,0.4933,187.444,0
5.7005,14.584,-0.22447070479393005,-0.73,0.4788,187.553,0
5.7018,14.48,-0.224845290184021,-0.865,0.4643,187.682,0
5.7032,14.376,-0.22392313182353973,-1.042,0.4498,187.781,0
5.7044,14.266,-0.2219911366701126,-1.27,0.4345,187.924,0
5.7057,14.167,-0.21976783871650696,-1.505,0.4208,188.03,0
5.7071,14.068,-0.2180907428264618,-1.759,0.4071,188.154,0
5.7085,13.969,-0.21608418226242065,-2.031,0.3933,188.257,0
5.7098,13.865,-0.21256719529628754,-2.338,0.3788,188.38,0
5.7111,13.771,-0.21055608987808228,-2.612,0.3659,188.505,0
5.7124,13.672,-0.20867569744586945,-2.899,0.3521,188.592,0
5.7136,13.579,-0.2071317881345749,-3.164,0.3392,188.69,0
5.7149,13.491,-0.2059982568025589,-3.401,0.327,188.775,0
5.7162,13.398,-0.20471006631851196,-3.637,0.314,188.879,0
5.7174,13.304,-0.2037486433982849,-3.852,0.301,189.002,0
5.7186,13.217,-0.20362107455730438,-4.027,0.2888,189.072,0
5.7199,13.123,-0.20445606112480164,-4.179,0.2758,189.153,0
5.7212,13.024,-0.2063775360584259,-4.3,0.2621,189.251,0
5.7224,12.925,-0.20847219228744507,-4.381,0.2484,189.358,0
5.7238,12.838,-0.20944084227085114,-4.425,0.2362,189.451,0
5.7252,12.728,-0.21166984736919403,-4.428,0.2209,189.518,0
5.7264,12.618,-0.21459168195724487,-4.375,0.2057,189.644,0
5.7277,12.513,-0.21652337908744812,-4.284,0.1912,189.709,0
5.729,12.415,-0.21769143640995026,-4.162,0.1774,189.805,0
5.7303,12.31,-0.21909087896347046,-3.995,0.1629,189.907,0
5.7316,12.211,-0.21838444471359253,-3.816,0.1492,189.972,0
5.7329,12.107,-0.21848326921463013,-3.594,0.1347,190.08,0
5.7341,12.008,-0.21856266260147095,-3.362,0.121,190.128,0
5.7354,11.909,-0.21930041909217834,-3.111,0.1072,190.233,0
5.7369,11.794,-0.21976853907108307,-2.809,0.0912,190.336,0
5.7382,11.689,-0.2191617488861084,-2.538,0.0767,190.385,0
5.7395,11.591,-0.21808810532093048,-2.288,0.063,190.458,0
5.7407,11.497,-0.21739064157009125,-2.059,0.05,190.519,0
5.7421,11.393,-0.21757766604423523,-1.812,0.0355,190.587,0
5.7434,11.288,-0.2181413769721985,-1.585,0.021,190.709,0
5.7446,11.184,-0.21927107870578766,-1.381,0.0065,190.768,0
5.7458,11.085,-0.2204090803861618,-1.214,0.9928,190.859,0
5.7471,10.986,-0.22199410200119019,-1.074,0.9791,190.927,0
5.7485,10.876,-0.22410041093826294,-0.952,0.9638,191.017,0
5.7498,10.767,-0.22496207058429718,-0.876,0.9485,191.079,0
5.7512,10.662,-0.22336657345294952,-0.853,0.9341,191.203,0
5.7525,10.558,-0.22052094340324402,-0.868,0.9196,191.231,0
5.7537,10.459,-0.2176731675863266,-0.911,0.9058,191.307,0
5.755,10.366,-0.21510884165763855,-0.971,0.8929,191.412,0
5.7564,10.267,-0.2129928320646286,-1.05,0.8791,191.516,0
5.7576,10.168,-0.21112677454948425,-1.143,0.8654,191.581,0
5.7589,10.08,-0.20886021852493286,-1.237,0.8532,191.643,0
5.7601,9.992,-0.20609863102436066,-1.34,0.841,191.734,0
5.7614,9.899,-0.20400483906269073,-1.445,0.828,191.813,0
5.7626,9.811,-0.2028425931930542,-1.537,0.8158,191.915,0
5.7641,9.712,-0.20140501856803894,-1.634,0.8021,191.995,0
5.7653,9.624,-0.2003546804189682,-1.711,0.7899,192.105,0
5.7666,9.536,-0.19889383018016815,-1.779,0.7776,192.165,0
5.7679,9.443,-0.19804833829402924,-1.832,0.7647,192.295,0
5.7691,9.355,-0.19819055497646332,-1.861,0.7525,192.321,0
5.7704,9.256,-0.1992279440164566,-1.869,0.7387,192.448,0
5.7717,9.168,-0.20082932710647583,-1.853,0.7265,192.541,0
5.773,9.069,-0.20241479575634003,-1.816,0.7128,192.653,0
5.7742,8.976,-0.20327752828598022,-1.765,0.6998,192.758,0
5.7755,8.882,-0.20394036173820496,-1.698,0.6869,192.862,0
5.7769,8.778,-0.20477117598056793,-1.604,0.6724,192.974,0
5.7782,8.685,-0.20492728054523468,-1.509,0.6594,193.062,0
5.7795,8.591,-0.20497746765613556,-1.405,0.6464,193.127,0
5.7807,8.498,-0.20535792410373688,-1.292,0.6335,193.277,0
5.782,8.405,-0.20506753027439117,-1.181,0.6205,193.383,0
5.7832,8.317,-0.2044835239648819,-1.079,0.6083,193.495,0
5.7845,8.218,-0.20455048978328705,-0.966,0.5945,193.578,0
5.7858,8.13,-0.2039339244365692,-0.879,0.5823,193.702,0
5.7872,8.036,-0.2035539448261261,-0.798,0.5694,193.782,0
5.7884,7.938,-0.20311611890792847,-0.731,0.5556,193.911,0
5.7897,7.844,-0.2028755396604538,-0.689,0.5427,194.045,0
5.791,7.751,-0.2020302563905716,-0.674,0.5297,194.15,0
5.7922,7.663,-0.20133087038993835,-0.683,0.5175,194.281,0
5.7935,7.57,-0.20175006985664368,-0.714,0.5045,194.367,0
5.7948,7.482,-0.2019784152507782,-0.77,0.4923,194.502,0
5.7961,7.388,-0.2023227959871292,-0.858,0.4793,194.597,0
5.7974,7.289,-0.2025202363729477,-0.985,0.4656,194.717,0
5.7987,7.191,-0.20183143019676208,-1.148,0.4519,194.805,0
5.8001,7.103,-0.2001294046640396,-1.325,0.4397,194.891,0
5.8013,7.004,-0.1985422521829605,-1.547,0.4259,195.025,0
5.8026,6.921,-0.19703923165798187,-1.751,0.4145,195.102,0
5.8038,6.833,-0.1951475441455841,-1.985,0.4023,195.257,0
5.8051,6.746,-0.19340476393699646,-2.23,0.3901,195.313,0
5.8063,6.669,-0.19040437042713165,-2.46,0.3794,195.417,0
5.8076,6.586,-0.18832673132419586,-2.703,0.368,195.542,0
5.8089,6.504,-0.18583819270133972,-2.949,0.3565,195.608,0
5.8101,6.422,-0.18487712740898132,-3.183,0.3451,195.719,0
5.8114,6.345,-0.18360193073749542,-3.397,0.3344,195.826,0
5.8127,6.257,-0.18229909241199493,-3.63,0.3222,195.906,0
5.814,6.174,-0.1805116832256317,-3.837,0.3107,196.041,0
5.8153,6.092,-0.17909058928489685,-4.026,0.2993,196.079,0
5.8165,6.015,-0.17808173596858978,-4.183,0.2886,196.162,0
5.8177,5.938,-0.17786110937595367,-4.315,0.2779,196.277,0
5.8191,5.856,-0.17904862761497498,-4.426,0.2665,196.294,0
5.8203,5.768,-0.1805781126022339,-4.513,0.2543,196.453,0
5.8216,5.685,-0.18186770379543304,-4.567,0.2428,196.489,0
5.8228,5.598,-0.18308182060718536,-4.595,0.2306,196.54,0
5.8241,5.515,-0.18396081030368805,-4.592,0.2192,196.618,0
5.8254,5.427,-0.18532398343086243,-4.556,0.207,196.727,0
5.8267,5.339,-0.1864318996667862,-4.488,0.1948,196.768,0
5.828,5.251,-0.18723972141742706,-4.392,0.1826,196.847,0
5.8292,5.164,-0.18820874392986298,-4.266,0.1703,196.935,0
5.8304,5.081,-0.18840670585632324,-4.128,0.1589,197.025,0
5.8317,4.999,-0.1879340559244156,-3.974,0.1475,197.096,0
5.833,4.916,-0.18710559606552124,-3.804,0.136,197.138,0
5.8343,4.828,-0.18606048822402954,-3.607,0.1238,197.233,0
5.8355,4.746,-0.18509729206562042,-3.41,0.1124,197.272,0
5.8367,4.664,-0.18529757857322693,-3.198,0.1009,197.36,0
5.838,4.581,-0.1851089596748352,-2.984,0.0895,197.428,0
5.8393,4.493,-0.18515750765800476,-2.752,0.0773,197.498,0
5.8406,4.417,-0.18493172526359558,-2.554,0.0666,197.527,0
5.8418,4.329,-0.18349212408065796,-2.34,0.0544,197.627,0
5.8431,4.246,-0.18287010490894318,-2.144,0.0429,197.667,0
5.8444,4.164,-0.18337325751781464,-1.953,0.0315,197.721,0
5.8457,4.081,-0.1821969896554947,-1.787,0.0201,197.788,0
5.8471,3.983,-0.182809978723526,-1.597,0.0063,197.895,0
5.8483,3.9,-0.18416883051395416,-1.454,0.9949,197.929,0
5.8496,3.812,-0.18562209606170654,-1.324,0.9827,197.93,0
5.8509,3.73,-0.1872379332780838,-1.222,0.9712,198.067,0
5.8521,3.642,-0.18938003480434418,-1.134,0.959,198.153,0
5.8533,3.56,-0.18957270681858063,-1.085,0.9476,198.194,0
5.8546,3.472,-0.18938665091991425,-1.058,0.9354,198.259,0
5.8558,3.389,-0.1877359300851822,-1.062,0.9239,198.278,0
5.8571,3.307,-0.18578478693962097,-1.087,0.9125,198.377,0
5.8584,3.224,-0.18343396484851837,-1.131,0.901,198.452,0
5.8596,3.148,-0.18100881576538086,-1.187,0.8904,198.505,0
5.8608,3.071,-0.1790532022714615,-1.251,0.8797,198.58,0
5.8621,2.994,-0.17731373012065887,-1.323,0.869,198.639,0
5.8633,2.917,-0.17494776844978333,-1.406,0.8583,198.683,0
5.8646,2.845,-0.17346766591072083,-1.483,0.8484,198.787,0
5.8659,2.769,-0.1713985949754715,-1.571,0.8377,198.815,0
5.8672,2.692,-0.1699315458536148,-1.656,0.827,198.889,0
5.8684,2.615,-0.168465718626976,-1.739,0.8163,198.989,0
5.8697,2.543,-0.1674448400735855,-1.811,0.8064,199.049,0
5.8711,2.466,-0.1666288673877716,-1.881,0.7957,199.105,0
5.8724,2.39,-0.1648627072572708,-1.949,0.7851,199.206,0
5.8736,2.313,-0.1634259819984436,-2.005,0.7744,199.267,0
5.8749,2.241,-0.16307954490184784,-2.043,0.7645,199.325,0
5.8761,2.17,-0.16294461488723755,-2.069,0.7545,199.387,0
5.8774,2.093,-0.16340412199497223,-2.081,0.7439,199.479,0
5.8786,2.021,-0.16428321599960327,-2.078,0.7339,199.565,0
5.8798,1.945,-0.16552428901195526,-2.06,0.7233,199.633,0
5.8811,1.868,-0.16625452041625977,-2.032,0.7126,199.698,0
5.8824,1.791,-0.16641530394554138,-1.995,0.7019,199.778,0
5.8836,1.719,-0.16679948568344116,-1.948,0.692,199.867,0
5.8849,1.642,-0.1674317568540573,-1.885,0.6813,199.938,0
5.8862,1.56,-0.16805240511894226,-1.807,0.6699,200.028,0
5.8875,1.483,-0.16789840161800385,-1.729,0.6592,200.123,0
5.8889,1.406,-0.16807998716831207,-1.643,0.6485,200.206,0
5.8902,1.324,-0.16745473444461823,-1.551,0.6371,200.285,0
5.8915,1.241,-0.16751563549041748,-1.451,0.6256,200.414,0
5.8929,1.165,-0.1667182296514511,-1.363,0.6149,200.466,0
5.8942,1.088,-0.16608916223049164,-1.276,0.6042,200.559,0
5.8956,1.005,-0.16522130370140076,-1.189,0.5928,200.659,0
5.8969,0.923,-0.1640351265668869,-1.112,0.5814,200.785,0
5.8983,0.851,-0.16288922727108002,-1.054,0.5714,200.822,0
5.8997,0.769,-0.16123656928539276,-1.002,0.56,200.915,0
5.901,0.692,-0.1609196811914444,-0.96,0.5493,201.006,0
5.9023,0.621,-0.15921317040920258,-0.943,0.5394,201.094,0
5.9036,0.549,-0.15755367279052734,-0.941,0.5295,201.188,0
5.9049,0.478,-0.15683715045452118,-0.948,0.5196,201.266,0
5.9061,0.406,-0.1559625118970871,-0.972,0.5096,201.361,0
5.9074,0.335,-0.15552391111850739,-1.011,0.4997,201.441,0
5.9087,0.269,-0.15492138266563416,-1.063,0.4906,201.521,0
5.9101,0.192,-0.15471026301383972,-1.14,0.4799,201.602,0
5.9114,0.121,-0.15418891608715057,-1.231,0.47,201.702,0
5.9126,0.049,-0.1535775512456894,-1.339,0.4601,201.788,0
5.9139,-0.016,-0.15293541550636292,-1.454,0.4509,201.817,0
5.9151,-0.088,-0.15138515830039978,-1.599,0.441,201.913,0
5.9165,-0.154,-0.15001694858074188,-1.744,0.4318,202.019,0
5.9178,-0.22,-0.14861340820789337,-1.901,0.4227,202.069,0
5.9191,-0.286,-0.14721179008483887,-2.068,0.4135,202.179,0
5.9204,-0.357,-0.14479166269302368,-2.263,0.4036,202.227,0
5.9216,-0.417,-0.14275403320789337,-2.435,0.3952,202.369,0
5.9229,-0.472,-0.13900333642959595,-2.606,0.3876,202.397,0
5.9241,-0.533,-0.1360304355621338,-2.791,0.3792,202.473,0
5.9254,-0.588,-0.1331995129585266,-2.961,0.3716,202.556,0
5.9266,-0.643,-0.13100171089172363,-3.129,0.3639,202.568,0
5.9281,-0.703,-0.12830808758735657,-3.314,0.3555,202.64,0
5.9294,-0.764,-0.12737351655960083,-3.487,0.3471,202.773,0
5.9306,-0.818,-0.12552009522914886,-3.647,0.3395,202.776,0
5.932,-0.879,-0.1240827888250351,-3.815,0.3311,202.881,0
5.9334,-0.934,-0.12133289873600006,-3.972,0.3235,202.937,0
5.9347,-0.989,-0.11999277770519257,-4.114,0.3159,203.005,0
5.9361,-1.044,-0.11844305694103241,-4.251,0.3082,203.038,0
5.9374,-1.099,-0.11691432446241379,-4.379,0.3006,203.147,0
5.9387,-1.154,-0.11520661413669586,-4.501,0.293,203.16,0
5.94,-1.203,-0.11427290737628937,-4.598,0.2861,203.227,0
5.9414,-1.258,-0.11363197863101959,-4.694,0.2785,203.299,0
5.9427,-1.313,-0.11377597600221634,-4.775,0.2708,203.299,0
5.9441,-1.368,-0.11461187899112701,-4.841,0.2632,203.429,0
5.9454,-1.428,-0.11518840491771698,-4.902,0.2548,203.478,0
5.9467,-1.478,-0.1153729110956192,-4.942,0.248,203.503,0
5.9481,-1.538,-0.11653000861406326,-4.972,0.2396,203.543,0
5.9495,-1.593,-0.11716033518314362,-4.988,0.2319,203.623,0
5.9509,-1.659,-0.11734533309936523,-4.994,0.2228,203.681,0
5.9521,-1.714,-0.11634183675050735,-4.992,0.2151,203.713,0
5.9535,-1.763,-0.11600318551063538,-4.976,0.2083,203.772,0
5.9547,-1.824,-0.11628710478544235,-4.938,0.1999,203.843,0
5.9561,-1.873,-0.11731576919555664,-4.892,0.193,203.895,0
5.9574,-1.934,-0.11751752346754074,-4.828,0.1846,203.9,0
5.9587,-1.989,-0.11881992220878601,-4.751,0.177,203.972,0
5.96,-2.049,-0.11928221583366394,-4.66,0.1686,203.995,0
5.9612,-2.098,-0.11807853728532791,-4.586,0.1617,204.098,0
5.9625,-2.153,-0.11801449209451675,-4.487,0.1541,204.126,0
5.9637,-2.197,-0.11529030650854111,-4.418,0.148,204.15,0
5.965,-2.247,-0.11269418150186539,-4.331,0.1411,204.203,0
5.9662,-2.296,-0.1108381450176239,-4.233,0.1343,204.262,0
5.9674,-2.34,-0.10856939852237701,-4.146,0.1282,204.258,0
5.9687,-2.384,-0.10667988657951355,-4.053,0.1221,204.324,0
5.9701,-2.433,-0.10489472001791,-3.942,0.1152,204.365,0
5.9713,-2.477,-0.1030537411570549,-3.843,0.1091,204.388,0
5.9725,-2.521,-0.10142554342746735,-3.74,0.103,204.48,0
5.9738,-2.565,-0.0998690277338028,-3.635,0.0969,204.457,0
5.9752,-2.604,-0.09809385240077972,-3.545,0.0916,204.494,0
5.9764,-2.653,-0.09677480161190033,-3.423,0.0847,204.549,0
5.9776,-2.692,-0.09536674618721008,-3.33,0.0793,204.538,0
5.9789,-2.73,-0.09433409571647644,-3.236,0.074,204.608,0
5.9801,-2.774,-0.09342077374458313,-3.127,0.0679,204.641,0
5.9813,-2.812,-0.09233556687831879,-3.035,0.0626,204.66,0
5.9826,-2.851,-0.09215781837701797,-2.939,0.0572,204.715,0
5.9839,-2.895,-0.09278172999620438,-2.826,0.0511,204.709,0
5.9852,-2.939,-0.09197082370519638,-2.725,0.045,204.752,0
5.9864,-2.977,-0.09077676385641098,-2.642,0.0397,204.82,0
5.9876,-3.016,-0.08904940634965897,-2.564,0.0343,204.771,0
5.9888,-3.049,-0.08686673641204834,-2.505,0.0298,204.809,0
5.9901,-3.087,-0.08555195480585098,-2.431,0.0244,204.87,0
5.9913,-3.12,-0.08309545367956161,-2.378,0.0198,204.895,0
5.9926,-3.159,-0.08175326138734818,-2.311,0.0145,204.907,0
5.9938,-3.192,-0.08112224191427231,-2.253,0.0099,204.951,0
5.9951,-3.224,-0.07994239032268524,-2.202,0.0053,204.951,0
5.9963,-3.263,-0.07975844293832779,-2.138,0.0,205.018,0
5.9976,-3.296,-0.07953470200300217,-2.088,0.9954,205.015,0
5.9989,-3.334,-0.078823022544384,-2.035,0.9901,205.021,0
6.0001,-3.367,-0.07973965257406235,-1.985,0.9855,205.089,0
6.0013,-3.406,-0.08028337359428406,-1.933,0.9802,205.065,0
6.0026,-3.444,-0.0818949043750763,-1.88,0.9748,205.095,0
6.0039,-3.483,-0.08279819041490555,-1.836,0.9695,205.128,0
6.0051,-3.521,-0.08383309096097946,-1.796,0.9641,205.176,0
6.0063,-3.56,-0.0841936469078064,-1.764,0.9588,205.141,0
6.0076,-3.598,-0.08483700454235077,-1.735,0.9535,205.229,0
6.0088,-3.636,-0.08475546538829803,-1.716,0.9481,205.189,0
6.0101,-3.675,-0.08454108983278275,-1.701,0.9428,205.292,0
6.0113,-3.713,-0.08360082656145096,-1.696,0.9374,205.271,0
6.0126,-3.746,-0.08283599466085434,-1.694,0.9329,205.295,0
6.0138,-3.779,-0.08117391169071198,-1.701,0.9283,205.33,0
6.0151,-3.812,-0.07991252094507217,-1.709,0.9237,205.368,0
6.0164,-3.851,-0.07845793664455414,-1.722,0.9184,205.383,0
6.0176,-3.884,-0.07667353749275208,-1.739,0.9138,205.429,0
6.0189,-3.911,-0.07448448240756989,-1.76,0.91,205.445,0
6.0202,-3.944,-0.07161889970302582,-1.788,0.9054,205.468,0
6.0214,-3.972,-0.0682864785194397,-1.819,0.9016,205.504,0
6.0227,-3.994,-0.06550819426774979,-1.846,0.8985,205.543,0
6.0241,-4.021,-0.06241586059331894,-1.879,0.8947,205.545,0
6.0253,-4.043,-0.05891106650233269,-1.911,0.8917,205.553,0
6.0265,-4.065,-0.0545317642390728,-1.949,0.8886,205.592,0
6.0278,-4.081,-0.05065551772713661,-1.981,0.8863,205.582,0
6.0291,-4.098,-0.047160156071186066,-2.009,0.884,205.588,0
6.0303,-4.114,-0.04344368353486061,-2.036,0.8817,205.659,0
6.0316,-4.131,-0.03994195535778999,-2.059,0.8795,205.64,0
6.0328,-4.142,-0.036717772483825684,-2.071,0.8779,205.632,0
6.0341,-4.153,-0.03385145217180252,-2.077,0.8764,205.675,0
6.0353,-4.164,-0.030547935515642166,-2.071,0.8749,205.649,0
6.0366,-4.175,-0.028376895934343338,-2.06,0.8734,205.646,0
6.0379,-4.18,-0.026386193931102753,-2.038,0.8726,205.686,0
6.0391,-4.191,-0.024813951924443245,-2.019,0.8711,205.702,0
6.0403,-4.202,-0.02335323952138424,-1.994,0.8695,205.685,0
6.0416,-4.208,-0.021851887926459312,-1.955,0.8688,205.714,0
6.0429,-4.219,-0.021053647622466087,-1.938,0.8672,205.697,0
6.0441,-4.224,-0.02006809040904045,-1.904,0.8665,205.739,0
6.0454,-4.23,-0.019022174179553986,-1.863,0.8657,205.729,0
6.0466,-4.241,-0.018274374306201935,-1.835,0.8642,205.739,0
6.0479,-4.246,-0.01757872849702835,-1.802,0.8634,205.727,0
6.0491,-4.252,-0.01693376712501049,-1.769,0.8627,205.733,0
6.0503,-4.257,-0.016048479825258255,-1.717,0.8619,205.747,0
6.0515,-4.263,-0.015237384475767612,-1.664,0.8611,205.747,0
6.0528,-4.268,-0.014276434667408466,-1.594,0.8604,205.772,0
6.0541,-4.274,-0.01355104148387909,-1.536,0.8596,205.748,0
6.0553,-4.279,-0.012742150574922562,-1.466,0.8589,205.768,0
6.0565,-4.285,-0.01222880370914936,-1.42,0.8581,205.771,0
6.0578,-4.29,-0.01134265772998333,-1.331,0.8573,205.77,0
6.059,-4.29,-0.010623261332511902,-1.249,0.8573,205.777,0
6.0603,-4.296,-0.010246423073112965,-1.209,0.8566,205.758,0
6.0615,-4.301,-0.009237236343324184,-1.086,0.8558,205.787,0
6.0628,-4.301,-0.007885491475462914,-0.9,0.8558,205.786,0
6.0641,-4.301,-0.006857449654489756,-0.746,0.8558,205.77,0
6.0654,-4.307,-0.005850465968251228,-0.59,0.855,205.787,0
6.0666,-4.307,-0.0046546971425414085,-0.389,0.855,205.801,0
6.0679,-4.307,-0.003631186205893755,-0.209,0.855,205.822,0
6.0692,-4.307,-0.0026311813853681087,-0.027,0.855,205.802,0
6.0705,-4.307,-0.0017548301257193089,0.137,0.855,205.77,0
6.0718,-4.307,-0.0011184409959241748,0.257,0.855,205.801,0
6.0731,-4.307,-0.0006931206444278359,0.337,0.855,205.785,0
6.0744,-4.307,-0.00042218397720716894,0.389,0.855,205.813,0
6.0757,-4.307,-0.0002648619411047548,0.419,0.855,205.788,0
6.0769,-4.307,5.7372712035430595e-05,0.48,0.855,205.787,0
6.0782,-4.307,0.0001229949702974409,0.493,0.855,205.773,0
6.0794,-4.307,0.00023967036395333707,0.515,0.855,205.813,0
6.0806,-4.307,0.0003144748043268919,0.529,0.855,205.76,0
6.0818,-4.307,0.0002680740144569427,0.52,0.855,205.804,0
6.0831,-4.301,0.00032426914549432695,0.535,0.8558,205.792,0
6.0844,-4.301,0.0003600186319090426,0.542,0.8558,205.771,0
6.0856,-4.301,0.00028301042038947344,0.527,0.8558,205.826,0
6.087,-4.301,0.00020257414143998176,0.512,0.8558,205.775,0
6.0882,-4.301,0.00012801450793631375,0.498,0.8558,205.793,0
6.0895,-4.301,8.320529013872147e-05,0.489,0.8558,205.761,0
6.0907,-4.301,5.2842737204628065e-05,0.483,0.8558,205.765,0
6.0919,-4.301,3.0193272323231213e-05,0.479,0.8558,205.773,0
6.0932,-4.301,1.8317601643502712e-05,0.477,0.8558,205.78,0
6.0945,-4.301,1.0237249625788536e-05,0.475,0.8558,205.773,0
6.0958,-4.301,4.605488811648684e-06,0.474,0.8558,205.772,0
6.097,-4.301,8.10170718068548e-07,0.473,0.8558,205.808,0
6.0982,-4.301,-2.3729987788101425e-06,0.473,0.8558,205.78,0
6.0994,-4.301,-3.964583811466582e-06,0.472,0.8558,205.776,0
6.1007,-4.301,-5.433737896964885e-06,0.472,0.8558,205.787,0
6.102,-4.301,-7.025319519016193e-06,0.472,0.8558,205.778,0
6.1032,-4.301,-7.27017823010101e-06,0.472,0.8558,205.803,0
6.1045,-4.301,7.720624125795439e-05,0.488,0.8558,205.777,0
6.1057,-4.301,0.00021702084632124752,0.515,0.8558,205.762,0
6.107,-4.301,0.00020698161097243428,0.513,0.8558,205.794,0
6.1083,-4.301,0.0001556836359668523,0.503,0.8558,205.776,0
6.1096,-4.301,0.00010940525680780411,0.494,0.8558,205.783,0
6.1108,-4.301,0.00023991518537513912,0.519,0.8558,205.765,0
6.1121,-4.301,0.00027260390925221145,0.525,0.8558,205.779,0
6.1133,-4.301,0.00022399937734007835,0.516,0.8558,205.803,0
6.1146,-4.301,0.00015825472655706108,0.503,0.8558,205.788,0
6.1159,-4.301,0.0001076913031283766,0.494,0.8558,205.765,0
6.1172,-4.301,6.826897151768208e-05,0.486,0.8558,205.814,0
6.1184,-4.301,4.072231604368426e-05,0.481,0.8558,205.79,0
6.1196,-4.301,2.456161382724531e-05,0.478,0.8558,205.81,0
6.1208,-4.301,1.5256963706633542e-05,0.476,0.8558,205.798,0
6.1221,-4.301,8.645764864922967e-06,0.475,0.8558,205.763,0
6.1234,-4.301,3.0140035960357636e-06,0.474,0.8558,205.806,0
6.1246,-4.301,-2.915954269155918e-07,0.473,0.8558,205.776,0
6.1259,-4.301,-2.9850468763470417e-06,0.473,0.8558,205.768,0
6.1271,-4.301,-4.576631909003481e-06,0.472,0.8558,205.774,0
6.1283,-4.301,-6.045784630259732e-06,0.472,0.8558,205.791,0
6.1297,-4.301,-7.270077730936464e-06,0.472,0.8558,205.755,0
6.1312,-4.301,-7.270077730936464e-06,0.472,0.8558,205.774,0
6.1325,-4.301,0.00015213324513752013,0.502,0.8558,205.801,0
6.1338,-4.301,0.00022338726557791233,0.516,0.8558,205.766,0
6.135,-4.301,0.00019265741866547614,0.51,0.8558,205.813,0
6.1363,-4.301,0.00013927817053627223,0.5,0.8558,205.77,0
6.1375,-4.301,9.59380849963054e-05,0.492,0.8558,205.807,0
6.1387,-4.301,5.994378443574533e-05,0.485,0.8558,205.791,0
6.14,-4.301,3.643730451585725e-05,0.48,0.8558,205.776,0
6.1412,-4.301,2.1745758203906007e-05,0.477,0.8558,205.794,0
6.1424,-4.301,0.00022828447981737554,0.517,0.8558,205.792,0
6.1437,-4.301,0.00022889663523528725,0.517,0.8558,205.793,0
6.145,-4.301,0.00017563975416123867,0.507,0.8558,205.771,0
6.1462,-4.301,0.00012446418986655772,0.497,0.8558,205.784,0
6.1474,-4.301,0.0002095527743222192,0.513,0.8558,205.816,0
6.1487,-4.301,0.00036516081308946013,0.543,0.8558,205.766,0
6.1501,-4.301,0.00045783998211845756,0.56,0.8558,205.785,0
6.1513,-4.301,0.00037189442082308233,0.544,0.8558,205.767,0
6.1527,-4.301,0.0002619526057969779,0.523,0.8558,205.769,0
6.1541,-4.301,0.00016682478599250317,0.505,0.8558,205.749,0
6.1552,-4.301,0.00010463056241860613,0.493,0.8558,205.747,0
6.1565,-4.301,0.00022485641238745302,0.516,0.8558,205.818,0
6.1579,-4.301,0.0002662376209627837,0.524,0.8558,205.807,0
6.1592,-4.301,0.00021065458713565022,0.513,0.8558,205.778,0
6.1604,-4.301,0.00015139866445679218,0.502,0.8558,205.78,0
6.1616,-4.301,0.00010279411071678624,0.493,0.8558,205.774,0
6.1629,-4.301,0.00022681527480017394,0.516,0.8558,205.771,0
6.1641,-4.301,0.0004797547881025821,0.565,0.8558,205.785,0
6.1654,-4.301,0.00044412771239876747,0.558,0.8558,205.786,0
6.1666,-4.301,0.0003299009695183486,0.536,0.8558,205.803,0
6.168,-4.301,0.0002542395086493343,0.522,0.8558,205.766,0
6.1692,-4.301,0.0004231923376210034,0.554,0.8558,205.783,0
6.1705,-4.301,0.000531175232026726,0.574,0.8558,205.788,0
6.1717,-4.301,0.0005451321485452354,0.577,0.8558,205.74,0
6.173,-4.296,0.0007555886404588819,0.621,0.8566,205.775,0
6.1743,-4.296,0.0008832828025333583,0.645,0.8566,205.777,0
6.1755,-4.296,0.0009405799210071564,0.656,0.8566,205.763,0
6.1767,-4.296,0.0009639637428335845,0.66,0.8566,205.764,0
6.1781,-4.296,0.0010068141855299473,0.669,0.8566,205.757,0
6.1793,-4.296,0.0010308102937415242,0.673,0.8566,205.764,0
6.1806,-4.296,0.0013305179309099913,0.73,0.8566,205.775,0
6.1819,-4.296,0.0016707496251910925,0.794,0.8566,205.752,0
6.1831,-4.29,0.001995677826926112,0.859,0.8573,205.783,0
6.1843,-4.29,0.0018434975063428283,0.83,0.8573,205.747,0
6.1856,-4.29,0.001745064277201891,0.812,0.8573,205.73,0
6.1869,-4.29,0.002025795169174671,0.864,0.8573,205.766,0
6.1881,-4.29,0.0024742544628679752,0.948,0.8573,205.771,0
6.1893,-4.285,0.0028913721907883883,1.028,0.8581,205.766,0
6.1906,-4.285,0.0031402716413140297,1.074,0.8581,205.769,0
6.1918,-4.285,0.0033856204245239496,1.118,0.8581,205.738,0
6.1931,-4.279,0.003505357075482607,1.144,0.8589,205.749,0
6.1944,-4.279,0.003851710120216012,1.206,0.8589,205.782,0
6.1956,-4.274,0.004316819831728935,1.291,0.8596,205.725,0
6.1969,-4.274,0.004868243355304003,1.387,0.8596,205.744,0
6.1981,-4.268,0.0057671209797263145,1.541,0.8604,205.738,0
6.1993,-4.268,0.006426649633795023,1.647,0.8604,205.741,0
6.2006,-4.263,0.007228686008602381,1.774,0.8611,205.744,0
6.2019,-4.257,0.008472449146211147,1.958,0.8619,205.716,0
6.2031,-4.252,0.010123167186975479,2.177,0.8627,205.719,0
6.2044,-4.241,0.011813429184257984,2.376,0.8642,205.718,0
6.2056,-4.235,0.013691009022295475,2.561,0.865,205.682,0
6.2069,-4.224,0.015610459260642529,2.72,0.8665,205.664,0
6.2081,-4.213,0.018673036247491837,2.91,0.868,205.67,0
6.2094,-4.197,0.02161061018705368,3.042,0.8703,205.672,0
6.2106,-4.186,0.024965059012174606,3.138,0.8718,205.626,0
6.2118,-4.164,0.029705414548516273,3.218,0.8749,205.626,0
6.2131,-4.147,0.03450367599725723,3.253,0.8772,205.592,0
6.2143,-4.12,0.03949476778507233,3.272,0.881,205.592,0
6.2155,-4.092,0.04562187194824219,3.274,0.8848,205.592,0
6.2168,-4.065,0.05135095864534378,3.27,0.8886,205.486,0
6.2182,-4.026,0.058610666543245316,3.264,0.894,205.52,0
6.2195,-3.988,0.06510677188634872,3.263,0.8993,205.442,0
6.2207,-3.95,0.07163594663143158,3.262,0.9046,205.438,0
6.222,-3.906,0.07728631049394608,3.273,0.9107,205.386,0
6.2232,-3.862,0.08287423849105835,3.287,0.9168,205.326,0
6.2245,-3.818,0.08715793490409851,3.31,0.9229,205.366,0
6.2258,-3.774,0.09128393232822418,3.336,0.929,205.262,0
6.2271,-3.724,0.09460850805044174,3.375,0.9359,205.232,0
6.2283,-3.675,0.09634909778833389,3.425,0.9428,205.172,0
6.2295,-3.631,0.09803923219442368,3.47,0.9489,205.135,0
6.2307,-3.587,0.10058467835187912,3.51,0.955,205.117,0
6.232,-3.538,0.10252579301595688,3.562,0.9619,205.097,0
6.2333,-3.488,0.10394059866666794,3.616,0.9687,205.021,0
6.2345,-3.439,0.10561104863882065,3.669,0.9756,204.992,0
6.2358,-3.384,0.10694428533315659,3.731,0.9832,204.973,0
6.2374,-3.334,0.10703733563423157,3.791,0.9901,204.93,0
6.2387,-3.279,0.10651848465204239,3.86,0.9977,204.904,0
6.2401,-3.23,0.10654052346944809,3.918,0.0046,204.832,0
6.2413,-3.175,0.10642726719379425,3.979,0.0122,204.822,0
6.2425,-3.131,0.10633153468370438,4.026,0.0183,204.769,0
6.2437,-3.082,0.10655607283115387,4.073,0.0252,204.768,0
6.2451,-3.038,0.10705938190221786,4.111,0.0313,204.758,0
6.2463,-2.983,0.10934838652610779,4.143,0.0389,204.681,0
6.2475,-2.933,0.11067301779985428,4.171,0.0458,204.669,0
6.2489,-2.873,0.1126399114727974,4.198,0.0542,204.604,0
6.2501,-2.823,0.11422978341579437,4.213,0.061,204.599,0
6.2513,-2.769,0.11599840223789215,4.225,0.0687,204.525,0
6.2526,-2.714,0.11664628982543945,4.235,0.0763,204.511,0
6.254,-2.653,0.11874295026063919,4.23,0.0847,204.455,0
6.2553,-2.598,0.11965902894735336,4.224,0.0923,204.432,0
6.2565,-2.543,0.12078592926263809,4.208,0.0999,204.375,0
6.2578,-2.488,0.12177179008722305,4.184,0.1076,204.343,0
6.2591,-2.428,0.12276715040206909,4.15,0.116,204.3,0
6.2603,-2.368,0.12435150891542435,4.102,0.1244,204.218,0
6.2616,-2.313,0.1249547153711319,4.055,0.132,204.194,0
6.2628,-2.258,0.12487446516752243,4.004,0.1396,204.133,0
6.2641,-2.197,0.12580184638500214,3.933,0.148,204.113,0
6.2653,-2.142,0.12632280588150024,3.862,0.1556,204.026,0
6.2666,-2.082,0.12724648416042328,3.773,0.164,204.012,0
6.2679,-2.021,0.1283043473958969,3.676,0.1724,203.963,0
6.2692,-1.961,0.12929926812648773,3.571,0.1808,203.884,0
6.2704,-1.901,0.1307051181793213,3.456,0.1892,203.803,0
6.2716,-1.84,0.1327417492866516,3.33,0.1976,203.783,0
6.2728,-1.78,0.13331660628318787,3.208,0.206,203.73,0
6.2741,-1.725,0.1335800737142563,3.094,0.2136,203.687,0
6.2753,-1.659,0.1339336484670639,2.953,0.2228,203.656,0
6.2766,-1.604,0.13377046585083008,2.835,0.2304,203.591,0
6.2778,-1.544,0.1339481621980667,2.7,0.2388,203.557,0
6.2791,-1.483,0.13366590440273285,2.567,0.2472,203.48,0
6.2803,-1.423,0.13263241946697235,2.438,0.2556,203.421,0
6.2816,-1.362,0.13219179213047028,2.306,0.264,203.395,0
6.2828,-1.302,0.13244448602199554,2.171,0.2724,203.319,0
6.2841,-1.247,0.13252316415309906,2.051,0.28,203.265,0
6.2853,-1.187,0.13255098462104797,1.923,0.2884,203.233,0
6.2866,-1.126,0.13184815645217896,1.804,0.2968,203.134,0
6.2879,-1.066,0.13108715415000916,1.689,0.3052,203.094,0
6.2892,-1.011,0.13072469830513,1.588,0.3128,203.052,0
6.2904,-0.95,0.13028325140476227,1.484,0.3212,202.944,0
6.2917,-0.895,0.1300525963306427,1.394,0.3288,202.911,0
6.293,-0.829,0.13005779683589935,1.293,0.338,202.821,0
6.2944,-0.764,0.13077940046787262,1.197,0.3471,202.772,0
6.2957,-0.703,0.13156263530254364,1.119,0.3555,202.684,0
6.2971,-0.637,0.13258081674575806,1.042,0.3647,202.616,0
6.2983,-0.571,0.1329120397567749,0.981,0.3738,202.524,0
6.2996,-0.516,0.1327180117368698,0.942,0.3815,202.459,0
6.3008,-0.456,0.13256166875362396,0.908,0.3899,202.402,0
6.3021,-0.396,0.13245238363742828,0.884,0.3983,202.322,0
6.3033,-0.335,0.1328130066394806,0.867,0.4066,202.267,0
6.3046,-0.269,0.13449133932590485,0.852,0.4158,202.183,0
6.3059,-0.209,0.13623486459255219,0.847,0.4242,202.113,0
6.3072,-0.143,0.13800440728664398,0.853,0.4333,201.996,0
6.3086,-0.071,0.14006981253623962,0.87,0.4433,201.941,0
6.3099,0.0,0.14138659834861755,0.903,0.4532,201.822,0
6.3113,0.066,0.14245426654815674,0.943,0.4623,201.773,0
6.3127,0.148,0.14388278126716614,1.005,0.4738,201.658,0
6.3141,0.22,0.14592552185058594,1.063,0.4837,201.594,0
6.3154,0.291,0.14746801555156708,1.13,0.4936,201.505,0
6.3167,0.363,0.14838330447673798,1.208,0.5035,201.415,0
6.318,0.434,0.14901289343833923,1.291,0.5135,201.363,0
6.3193,0.505,0.1505342572927475,1.373,0.5234,201.258,0
6.3206,0.577,0.15140700340270996,1.46,0.5333,201.199,0
6.322,0.654,0.1527601182460785,1.552,0.544,201.078,0
6.3233,0.731,0.1539665311574936,1.644,0.5547,201.004,0
6.3246,0.802,0.1554165482521057,1.726,0.5646,200.849,0
6.3259,0.879,0.1573716104030609,1.808,0.5753,200.828,0
6.3272,0.956,0.1583525538444519,1.892,0.5859,200.729,0
6.3285,1.027,0.16001680493354797,1.96,0.5959,200.643,0
6.3298,1.11,0.1625841110944748,2.027,0.6073,200.573,0
6.3311,1.187,0.16499513387680054,2.082,0.618,200.463,0
6.3324,1.274,0.1676812320947647,2.135,0.6302,200.387,0
6.3337,1.351,0.17050401866436005,2.171,0.6409,200.256,0
6.3351,1.439,0.1736738234758377,2.201,0.6531,200.199,0
6.3364,1.527,0.17667844891548157,2.221,0.6653,200.078,0
6.3377,1.615,0.17930132150650024,2.234,0.6775,199.995,0
6.339,1.703,0.1818593144416809,2.237,0.6897,199.888,0
6.3403,1.796,0.18463292717933655,2.232,0.7027,199.795,0
6.3415,1.879,0.18688933551311493,2.221,0.7141,199.723,0
6.3429,1.978,0.189780592918396,2.201,0.7278,199.562,0
6.3442,2.071,0.1919696033000946,2.18,0.7408,199.515,0
6.3456,2.164,0.19326674938201904,2.163,0.7538,199.377,0
6.3468,2.263,0.19539035856723785,2.141,0.7675,199.296,0
6.3481,2.351,0.1968233436346054,2.127,0.7797,199.181,0
6.3494,2.439,0.19775782525539398,2.119,0.7919,199.062,0
6.3507,2.532,0.19879841804504395,2.117,0.8049,199.03,0
6.3521,2.631,0.20019473135471344,2.122,0.8186,198.906,0
6.3534,2.736,0.20162895321846008,2.14,0.8331,198.793,0
6.3551,2.845,0.20355293154716492,2.171,0.8484,198.69,0
6.3564,2.955,0.20493261516094208,2.222,0.8636,198.596,0
6.3577,3.06,0.2065383791923523,2.284,0.8781,198.509,0
6.3591,3.159,0.20744913816452026,2.36,0.8919,198.473,0
6.3604,3.257,0.20878854393959045,2.446,0.9056,198.317,0
6.3616,3.356,0.20919805765151978,2.549,0.9193,198.247,0
6.3629,3.45,0.21138626337051392,2.644,0.9323,198.158,0
6.3641,3.554,0.21424685418605804,2.754,0.9468,198.052,0
6.3654,3.653,0.21602141857147217,2.869,0.9605,197.987,0
6.3667,3.757,0.21894751489162445,2.984,0.975,197.907,0
6.3681,3.862,0.2213757336139679,3.1,0.9895,197.802,0
6.3695,3.977,0.2230723351240158,3.226,0.0056,197.72,0
6.3707,4.087,0.22424739599227905,3.337,0.0208,197.665,0
6.3721,4.191,0.22426888346672058,3.432,0.0353,197.568,0
6.3733,4.296,0.2254016101360321,3.502,0.0498,197.493,0
6.3746,4.4,0.22627104818820953,3.551,0.0643,197.466,0
6.3759,4.504,0.22612179815769196,3.582,0.0788,197.373,0
6.3772,4.609,0.2260926514863968,3.584,0.0933,197.308,0
6.3786,4.724,0.2269633412361145,3.548,0.1093,197.227,0
6.38,4.845,0.22808702290058136,3.471,0.1261,197.105,0
6.3812,4.944,0.22821809351444244,3.383,0.1398,197.049,0
6.3825,5.054,0.2292504757642746,3.25,0.1551,196.944,0
6.3839,5.164,0.2293379008769989,3.093,0.1703,196.877,0
6.3852,5.273,0.22882649302482605,2.913,0.1856,196.763,0
6.3865,5.383,0.23017646372318268,2.7,0.2009,196.701,0
6.3878,5.493,0.23084573447704315,2.473,0.2161,196.569,0
6.3892,5.598,0.23098087310791016,2.248,0.2306,196.467,0
6.3905,5.713,0.23150388896465302,1.989,0.2466,196.411,0
6.3918,5.817,0.23079410195350647,1.76,0.2611,196.292,0
6.3931,5.927,0.2309282273054123,1.517,0.2764,196.203,0
6.3945,6.037,0.23031769692897797,1.288,0.2917,196.088,0
6.3959,6.158,0.22858457267284393,1.06,0.3084,195.98,0
6.3973,6.257,0.226827934384346,0.892,0.3222,195.879,0
6.3987,6.378,0.2254790961742401,0.71,0.339,195.763,0
6.4001,6.482,0.22427304089069366,0.58,0.3535,195.601,0
6.4014,6.592,0.22368773818016052,0.468,0.3687,195.535,0
6.4028,6.696,0.22217750549316406,0.397,0.3832,195.392,0
6.4042,6.812,0.22101466357707977,0.351,0.3992,195.285,0
6.4055,6.916,0.2205403596162796,0.336,0.4137,195.13,0
6.4068,7.015,0.21972134709358215,0.351,0.4275,195.032,0
6.4081,7.119,0.21934165060520172,0.39,0.442,194.912,0
6.4095,7.224,0.2196497619152069,0.449,0.4565,194.755,0
6.4109,7.339,0.21864518523216248,0.548,0.4725,194.605,0
6.4122,7.443,0.21944281458854675,0.646,0.487,194.475,0
6.4135,7.548,0.22094787657260895,0.755,0.5015,194.394,0
6.4148,7.646,0.22193394601345062,0.869,0.5152,194.264,0
6.4161,7.751,0.22191280126571655,1.003,0.5297,194.138,0
6.4174,7.855,0.2219284623861313,1.139,0.5442,194.025,0
6.4187,7.965,0.22264039516448975,1.276,0.5594,193.881,0
6.4201,8.069,0.2237929105758667,1.399,0.5739,193.766,0
6.4215,8.185,0.22377321124076843,1.531,0.59,193.669,0
6.4229,8.3,0.2236100286245346,1.652,0.606,193.52,0
6.4242,8.41,0.22459597885608673,1.744,0.6212,193.397,0
6.4255,8.52,0.2258508801460266,1.818,0.6365,193.227,0
6.4269,8.63,0.22777873277664185,1.872,0.6518,193.14,0
6.4282,8.74,0.23019735515117645,1.905,0.667,192.998,0
6.4298,8.871,0.23172429203987122,1.933,0.6853,192.861,0
6.4311,8.992,0.23476043343544006,1.931,0.7021,192.696,0
6.4324,9.102,0.2374635636806488,1.917,0.7174,192.602,0
6.4337,9.223,0.24040187895298004,1.894,0.7342,192.478,0
6.435,9.338,0.24227458238601685,1.872,0.7502,192.345,0
6.4365,9.448,0.2449377030134201,1.845,0.7654,192.234,0
6.4378,9.591,0.24759548902511597,1.821,0.7853,192.084,0
6.4391,9.701,0.24821877479553223,1.819,0.8005,191.967,0
6.4403,9.816,0.24930879473686218,1.825,0.8166,191.841,0
6.4415,9.932,0.25006651878356934,1.848,0.8326,191.723,0
6.4429,10.047,0.2505408227443695,1.89,0.8486,191.592,0
6.4442,10.168,0.2510024905204773,1.953,0.8654,191.506,0
6.4454,10.278,0.2515442669391632,2.028,0.8806,191.385,0
6.4467,10.393,0.2527199387550354,2.12,0.8967,191.302,0
6.448,10.514,0.2536449134349823,2.236,0.9135,191.191,0
6.4493,10.629,0.2538043260574341,2.365,0.9295,191.076,0
6.4506,10.75,0.2542859613895416,2.509,0.9463,190.95,0
6.4518,10.876,0.2556913197040558,2.661,0.9638,190.857,0
6.4531,10.992,0.25807294249534607,2.793,0.9798,190.779,0
6.4544,11.113,0.2604607045650482,2.927,0.9966,190.657,0
6.4556,11.228,0.2622416317462921,3.048,0.0126,190.587,0
6.4569,11.354,0.2644367814064026,3.159,0.0302,190.47,0
6.4582,11.481,0.26518160104751587,3.254,0.0477,190.408,0
6.4595,11.602,0.2648061215877533,3.321,0.0645,190.323,0
6.4607,11.722,0.265259712934494,3.349,0.0813,190.24,0
6.462,11.838,0.26439768075942993,3.35,0.0973,190.186,0
6.4633,11.97,0.2649047374725342,3.299,0.1156,190.077,0
6.4645,12.085,0.26564347743988037,3.213,0.1317,189.985,0
6.4658,12.211,0.2663320004940033,3.08,0.1492,189.865,0
6.4671,12.332,0.26688575744628906,2.915,0.166,189.78,0
6.4684,12.453,0.26583021879196167,2.727,0.1828,189.673,0
6.4696,12.574,0.2657235562801361,2.505,0.1996,189.573,0
6.4709,12.689,0.2662335932254791,2.269,0.2156,189.482,0
6.4722,12.816,0.26607632637023926,1.998,0.2331,189.404,0
6.4735,12.942,0.2656143009662628,1.719,0.2507,189.306,0
6.4747,13.057,0.2645129859447479,1.469,0.2667,189.177,0
6.4761,13.178,0.26490822434425354,1.204,0.2835,189.05,0
6.4773,13.299,0.2637767791748047,0.962,0.3003,188.948,0
6.4786,13.414,0.2627354562282562,0.751,0.3163,188.848,0
6.48,13.546,0.26062098145484924,0.546,0.3346,188.71,0
6.4812,13.661,0.25834646821022034,0.4,0.3506,188.574,0
6.4825,13.777,0.25693005323410034,0.282,0.3666,188.47,0
6.4838,13.898,0.2553831934928894,0.197,0.3834,188.309,0
6.4851,14.008,0.2534657120704651,0.157,0.3987,188.251,0
6.4864,14.117,0.2509225010871887,0.154,0.4139,188.082,0
6.4876,14.233,0.24950449168682098,0.177,0.43,187.946,0
6.4888,14.343,0.2486470490694046,0.226,0.4452,187.828,0
6.4901,14.447,0.24761734902858734,0.298,0.4597,187.669,0
6.4914,14.562,0.24596333503723145,0.406,0.4757,187.533,0
6.4926,14.667,0.24614779651165009,0.511,0.4902,187.429,0
6.4938,14.782,0.2468852400779724,0.64,0.5063,187.27,0
6.4951,14.892,0.2463303655385971,0.781,0.5215,187.168,0
6.4964,15.002,0.24641463160514832,0.923,0.5368,187.029,0
6.4976,15.112,0.24594056606292725,1.068,0.552,186.91,0
6.499,15.227,0.2460372895002365,1.213,0.5681,186.756,0
6.5002,15.342,0.24570868909358978,1.352,0.5841,186.602,0
6.5015,15.452,0.24553200602531433,1.472,0.5993,186.489,0
6.5027,15.562,0.2451207935810089,1.58,0.6146,186.39,0
6.504,15.672,0.24550998210906982,1.667,0.6299,186.306,0
6.5052,15.787,0.24732889235019684,1.731,0.6459,186.143,0
6.5065,15.897,0.24913199245929718,1.775,0.6611,186.01,0
6.5077,16.013,0.2502722144126892,1.808,0.6772,185.834,0
6.509,16.128,0.2519450783729553,1.821,0.6932,185.722,0
6.5102,16.243,0.2537762522697449,1.819,0.7092,185.578,0
6.5115,16.364,0.25557926297187805,1.807,0.726,185.447,0
6.5127,16.479,0.25817587971687317,1.782,0.742,185.343,0
6.5141,16.6,0.2596917748451233,1.761,0.7588,185.19,0
6.5153,16.732,0.26134273409843445,1.741,0.7771,185.044,0
6.5166,16.848,0.26265949010849,1.73,0.7931,184.948,0
6.5179,16.968,0.2630712389945984,1.735,0.8099,184.809,0
6.5191,17.089,0.26377546787261963,1.754,0.8267,184.69,0
6.5204,17.205,0.2637854218482971,1.792,0.8427,184.541,0
6.5217,17.331,0.2641143798828125,1.852,0.8603,184.436,0
6.5229,17.452,0.2634298503398895,1.937,0.877,184.298,0
6.5242,17.567,0.2643807828426361,2.026,0.8931,184.195,0
6.5254,17.688,0.2650640308856964,2.14,0.9099,184.129,0
6.5267,17.809,0.26553159952163696,2.271,0.9266,183.999,0
6.5281,17.935,0.2656022608280182,2.422,0.9442,183.876,0
6.5293,18.062,0.26596659421920776,2.58,0.9617,183.768,0
6.5306,18.182,0.2670227885246277,2.728,0.9785,183.676,0
6.5318,18.309,0.26875677704811096,2.873,0.9961,183.563,0
6.5331,18.43,0.27108606696128845,2.996,0.0128,183.459,0
6.5343,18.556,0.2733680307865143,3.107,0.0304,183.375,0
6.5356,18.682,0.2748710513114929,3.197,0.0479,183.312,0
6.5369,18.809,0.27567532658576965,3.258,0.0655,183.19,0
6.5382,18.929,0.2752399146556854,3.29,0.0823,183.118,0
6.5394,19.061,0.27440640330314636,3.285,0.1006,183.005,0
6.5407,19.182,0.27531546354293823,3.229,0.1174,182.906,0
6.542,19.314,0.27576085925102234,3.126,0.1357,182.854,0
6.5432,19.44,0.27603715658187866,2.986,0.1532,182.761,0
6.5444,19.561,0.27559739351272583,2.819,0.17,182.649,0
6.5457,19.682,0.27505791187286377,2.621,0.1868,182.546,0
6.547,19.808,0.2739250957965851,2.388,0.2043,182.446,0
6.5483,19.935,0.2735655605792999,2.129,0.2219,182.347,0
6.5495,20.056,0.27287980914115906,1.869,0.2387,182.221,0
6.5508,20.182,0.27252382040023804,1.588,0.2562,182.101,0
6.5521,20.303,0.2721131443977356,1.323,0.273,182.026,0
6.5535,20.435,0.2720109820365906,1.043,0.2913,181.913,0
6.5547,20.555,0.2709186375141144,0.81,0.3081,181.775,0
6.5559,20.676,0.269304484128952,0.605,0.3249,181.68,0
6.5572,20.792,0.26716700196266174,0.44,0.3409,181.569,0
6.5585,20.912,0.26509758830070496,0.3,0.3577,181.445,0
6.5597,21.033,0.26325997710227966,0.195,0.3745,181.307,0
6.561,21.143,0.26111456751823425,0.137,0.3897,181.193,0
6.5622,21.259,0.258224219083786,0.116,0.4058,181.098,0
6.5635,21.368,0.2560175657272339,0.125,0.421,180.96,0
6.5648,21.484,0.2537824809551239,0.168,0.437,180.838,0
6.5661,21.599,0.25179651379585266,0.24,0.4531,180.678,0
6.5675,21.72,0.24971982836723328,0.345,0.4698,180.555,0
6.5692,21.863,0.24876189231872559,0.491,0.4897,180.358,0
6.5704,21.984,0.24885953962802887,0.63,0.5065,180.23,0
6.5717,22.099,0.2491513043642044,0.773,0.5225,180.131,0
6.573,22.214,0.25013086199760437,0.917,0.5385,179.946,0
6.5743,22.33,0.2497331202030182,1.069,0.5545,179.845,0
6.5755,22.445,0.2495913952589035,1.214,0.5706,179.71,0
6.5769,22.56,0.2492816299200058,1.351,0.5866,179.55,0
6.5783,22.67,0.24812762439250946,1.475,0.6018,179.444,0
6.5796,22.802,0.24751070141792297,1.6,0.6201,179.286,0
6.5809,22.917,0.2480100393295288,1.684,0.6362,179.16,0
6.5822,23.033,0.24859225749969482,1.748,0.6522,178.998,0
6.5834,23.148,0.24930469691753387,1.793,0.6682,178.879,0
6.5846,23.264,0.2501523792743683,1.82,0.6842,178.771,0
6.5859,23.368,0.25093764066696167,1.831,0.6987,178.611,0
6.5872,23.483,0.2525111436843872,1.827,0.7148,178.466,0
6.5885,23.604,0.254015177488327,1.813,0.7315,178.359,0
6.5899,23.736,0.25588300824165344,1.791,0.7498,178.201,0
6.5913,23.862,0.2564227283000946,1.775,0.7674,178.068,0
6.5926,23.983,0.2573976218700409,1.762,0.7842,177.923,0
6.5939,24.109,0.2576092779636383,1.763,0.8017,177.788,0
6.5951,24.23,0.2575104236602783,1.778,0.8185,177.668,0
6.5963,24.34,0.2576371133327484,1.806,0.8338,177.552,0
6.5977,24.456,0.2573696970939636,1.853,0.8498,177.43,0
6.5992,24.598,0.2569197416305542,1.938,0.8696,177.264,0
6.6005,24.719,0.25717177987098694,2.028,0.8864,177.167,0
6.6017,24.835,0.2568698823451996,2.135,0.9024,177.081,0
6.6031,24.95,0.2570919096469879,2.254,0.9185,176.962,0
6.6044,25.082,0.2567116618156433,2.41,0.9368,176.8,0
6.6056,25.192,0.256486713886261,2.548,0.952,176.748,0
6.6071,25.323,0.25671836733818054,2.715,0.9703,176.632,0
6.6083,25.444,0.2571985125541687,2.864,0.9871,176.519,0
6.6096,25.565,0.2585033178329468,3.0,0.0039,176.397,0
6.6109,25.686,0.2606009542942047,3.118,0.0207,176.332,0
6.6122,25.807,0.26224392652511597,3.217,0.0375,176.235,0
6.6135,25.928,0.2639252841472626,3.29,0.0543,176.147,0
6.6147,26.054,0.2645299732685089,3.34,0.0718,176.089,0
6.616,26.175,0.26469653844833374,3.355,0.0886,175.959,0
6.6172,26.296,0.26527899503707886,3.329,0.1054,175.884,0
6.6185,26.411,0.2652473747730255,3.271,0.1214,175.812,0
6.6198,26.532,0.2657024562358856,3.169,0.1382,175.694,0
6.6211,26.664,0.2661236524581909,3.015,0.1565,175.618,0
6.6223,26.785,0.2660306394100189,2.84,0.1733,175.509,0
6.6236,26.9,0.26523932814598083,2.647,0.1893,175.407,0
6.6249,27.021,0.2651682496070862,2.416,0.2061,175.308,0
6.6261,27.136,0.26439908146858215,2.18,0.2221,175.239,0
6.6274,27.257,0.26416853070259094,1.917,0.2389,175.103,0
6.6288,27.378,0.26248088479042053,1.658,0.2557,175.009,0
6.6301,27.51,0.26148608326911926,1.371,0.274,174.918,0
6.6314,27.636,0.26071110367774963,1.107,0.2915,174.843,0
6.6327,27.746,0.258623331785202,0.902,0.3068,174.703,0
6.634,27.867,0.2560635209083557,0.7,0.3236,174.587,0
6.6352,27.977,0.2533225119113922,0.544,0.3388,174.486,0
6.6365,28.087,0.25078344345092773,0.415,0.3541,174.36,0
6.6377,28.196,0.24847786128520966,0.315,0.3694,174.259,0
6.6391,28.301,0.2458733469247818,0.252,0.3839,174.179,0
6.6403,28.416,0.24237491190433502,0.221,0.3999,174.047,0
6.6416,28.521,0.23956502974033356,0.222,0.4144,173.896,0
6.6428,28.625,0.23760215938091278,0.246,0.4289,173.825,0
6.6441,28.729,0.2360268384218216,0.294,0.4434,173.68,0
6.6453,28.834,0.23412556946277618,0.369,0.4579,173.601,0
6.6466,28.932,0.23210777342319489,0.461,0.4716,173.481,0
6.6478,29.037,0.23036004602909088,0.574,0.4861,173.353,0
6.6493,29.158,0.23013265430927277,0.711,0.5029,173.228,0
6.6505,29.257,0.229910746216774,0.834,0.5166,173.135,0
6.6517,29.355,0.22975420951843262,0.962,0.5303,173.002,0
6.6529,29.454,0.22944480180740356,1.093,0.5441,172.861,0
6.6541,29.559,0.22982484102249146,1.225,0.5586,172.761,0
6.6553,29.658,0.22988766431808472,1.348,0.5723,172.679,0
6.6566,29.756,0.22928285598754883,1.467,0.586,172.546,0
6.6579,29.861,0.22852465510368347,1.583,0.6005,172.409,0
6.6594,29.982,0.22861459851264954,1.696,0.6173,172.255,0
6.6606,30.086,0.22900602221488953,1.776,0.6318,172.131,0
6.662,30.201,0.23030909895896912,1.841,0.6478,172.011,0
6.6632,30.306,0.23166769742965698,1.883,0.6623,171.852,0
6.6645,30.405,0.23196925222873688,1.915,0.6761,171.735,0
6.6658,30.52,0.233010932803154,1.933,0.6921,171.623,0
6.6671,30.63,0.23404209315776825,1.937,0.7073,171.496,0
6.6684,30.745,0.2360563427209854,1.925,0.7234,171.349,0
6.6697,30.855,0.23783625662326813,1.907,0.7386,171.224,0
6.6709,30.965,0.23876619338989258,1.89,0.7539,171.09,0
6.6721,31.075,0.23990707099437714,1.873,0.7691,170.961,0
6.6733,31.179,0.24075491726398468,1.862,0.7836,170.834,0
6.6746,31.284,0.24122151732444763,1.86,0.7981,170.743,0
6.6759,31.393,0.24100381135940552,1.871,0.8134,170.646,0
6.6772,31.509,0.24166245758533478,1.892,0.8294,170.508,0
6.6784,31.613,0.2410510629415512,1.932,0.8439,170.38,0
6.6797,31.723,0.2412676364183426,1.985,0.8592,170.289,0
6.681,31.838,0.24135705828666687,2.059,0.8752,170.134,0
6.6823,31.954,0.24136985838413239,2.152,0.8912,170.06,0
6.6836,32.058,0.24161243438720703,2.25,0.9057,169.961,0
6.6849,32.173,0.24098937213420868,2.377,0.9217,169.857,0
6.6861,32.283,0.24121983349323273,2.505,0.937,169.743,0
6.6874,32.393,0.2406930923461914,2.645,0.9522,169.633,0
6.6886,32.498,0.2422405630350113,2.768,0.9667,169.561,0
6.6899,32.607,0.24278976023197174,2.904,0.982,169.474,0
6.6912,32.717,0.2431982159614563,3.036,0.9973,169.355,0
6.6925,32.833,0.24424348771572113,3.161,0.0133,169.308,0
6.6938,32.959,0.2462976723909378,3.272,0.0308,169.161,0
6.6951,33.074,0.24830158054828644,3.351,0.0468,169.072,0
6.6964,33.19,0.2503834068775177,3.402,0.0629,168.992,0
6.6977,33.316,0.2515800893306732,3.431,0.0804,168.944,0
6.699,33.431,0.2524879276752472,3.423,0.0964,168.833,0
6.7004,33.552,0.2527766227722168,3.38,0.1132,168.696,0
6.7016,33.673,0.2540171444416046,3.293,0.13,168.605,0
6.7029,33.788,0.2546593248844147,3.176,0.146,168.584,0
6.7042,33.909,0.25451919436454773,3.022,0.1628,168.457,0
6.7055,34.03,0.2554173469543457,2.829,0.1796,168.389,0
6.7067,34.14,0.25538185238838196,2.632,0.1949,168.289,0
6.7081,34.261,0.2545470595359802,2.398,0.2116,168.154,0
6.7095,34.393,0.2534153163433075,2.124,0.2299,168.067,0
6.7107,34.503,0.2516229748725891,1.891,0.2452,167.972,0
6.7121,34.612,0.24999238550662994,1.655,0.2605,167.868,0
6.7135,34.744,0.2495502382516861,1.368,0.2788,167.759,0
6.7148,34.86,0.24793606996536255,1.136,0.2948,167.676,0
6.7161,34.969,0.2459970861673355,0.933,0.3101,167.573,0
6.7173,35.079,0.24399179220199585,0.751,0.3253,167.456,0
6.7186,35.189,0.24191266298294067,0.595,0.3406,167.378,0
6.7198,35.294,0.23967090249061584,0.474,0.3551,167.269,0
6.7211,35.398,0.23749883472919464,0.38,0.3696,167.17,0
6.7223,35.502,0.23482899367809296,0.318,0.3841,167.085,0
6.7236,35.596,0.23192323744297028,0.29,0.397,167.013,0
6.7249,35.7,0.22871385514736176,0.288,0.4115,166.887,0
6.7261,35.799,0.22678492963314056,0.305,0.4253,166.745,0
6.7274,35.898,0.22492700815200806,0.347,0.439,166.664,0
6.7287,35.997,0.22394102811813354,0.405,0.4527,166.555,0
6.7301,36.107,0.22208565473556519,0.499,0.468,166.469,0
6.7313,36.211,0.22039097547531128,0.607,0.4825,166.329,0
6.7326,36.304,0.21996846795082092,0.71,0.4955,166.218,0
6.7339,36.409,0.2190723568201065,0.84,0.5099,166.133,0
6.7352,36.513,0.21876567602157593,0.973,0.5244,165.993,0
6.7366,36.606,0.21821802854537964,1.098,0.5374,165.873,0
6.7379,36.716,0.21788781881332397,1.242,0.5527,165.756,0
6.7392,36.821,0.21815961599349976,1.373,0.5672,165.644,0
6.7404,36.925,0.21854466199874878,1.496,0.5817,165.508,0
6.7417,37.018,0.21704383194446564,1.608,0.5946,165.398,0
6.7431,37.117,0.21654772758483887,1.71,0.6084,165.259,0
6.7444,37.222,0.21634358167648315,1.803,0.6229,165.139,0
6.7457,37.326,0.21739192306995392,1.873,0.6374,165.036,0
6.7471,37.43,0.2192024141550064,1.923,0.6519,164.898,0
6.7483,37.54,0.21940408647060394,1.97,0.6671,164.778,0
6.7496,37.639,0.2202293872833252,1.995,0.6808,164.652,0
6.7509,37.744,0.22177724540233612,2.004,0.6953,164.541,0
6.7521,37.848,0.22253912687301636,2.007,0.7098,164.415,0
6.7534,37.947,0.22361554205417633,1.999,0.7236,164.295,0
6.7546,38.051,0.22540584206581116,1.981,0.7381,164.139,0
6.7559,38.15,0.2263677716255188,1.966,0.7518,164.015,0
6.7572,38.26,0.22797025740146637,1.946,0.7671,163.916,0
6.7585,38.364,0.22867046296596527,1.935,0.7816,163.794,0
6.7598,38.474,0.22914600372314453,1.932,0.7968,163.666,0
6.7613,38.584,0.22911684215068817,1.941,0.8121,163.556,0
6.7626,38.705,0.22869427502155304,1.969,0.8289,163.44,0
6.7638,38.809,0.22868262231349945,2.005,0.8434,163.322,0
6.7651,38.914,0.22889532148838043,2.054,0.8578,163.226,0
6.7664,39.018,0.22797854244709015,2.125,0.8723,163.12,0
6.7677,39.122,0.2280227541923523,2.205,0.8868,162.984,0
6.7691,39.232,0.22816123068332672,2.305,0.9021,162.915,0
6.7704,39.342,0.22808003425598145,2.42,0.9174,162.794,0
6.7718,39.452,0.228014275431633,2.546,0.9326,162.705,0
6.773,39.556,0.2275998592376709,2.677,0.9471,162.554,0
6.7743,39.661,0.22785978019237518,2.807,0.9616,162.483,0
6.7756,39.771,0.22873258590698242,2.942,0.9769,162.4,0
6.7768,39.875,0.2297411412000656,3.066,0.9914,162.299,0
6.7782,39.979,0.22909873723983765,3.193,0.0059,162.205,0
6.7796,40.111,0.23038776218891144,3.323,0.0242,162.113,0
6.7809,40.21,0.23193304240703583,3.401,0.0379,162.023,0
6.7822,40.32,0.23326990008354187,3.47,0.0532,161.963,0
6.7835,40.435,0.23580607771873474,3.507,0.0692,161.854,0
6.7848,40.545,0.2364378720521927,3.524,0.0844,161.794,0
6.7861,40.655,0.23751848936080933,3.508,0.0997,161.681,0
6.7874,40.765,0.23775961995124817,3.464,0.115,161.606,0
6.7885,40.875,0.23834416270256042,3.386,0.1302,161.523,0
6.7897,40.979,0.23815640807151794,3.286,0.1447,161.442,0
6.7911,41.078,0.2373088151216507,3.169,0.1584,161.366,0
6.7923,41.188,0.23612309992313385,3.014,0.1737,161.293,0
6.7936,41.298,0.23609912395477295,2.826,0.189,161.215,0
6.7949,41.402,0.23525898158550262,2.633,0.2035,161.126,0
6.7962,41.517,0.23401066660881042,2.403,0.2195,161.004,0
6.7974,41.622,0.2329142540693283,2.183,0.234,160.925,0
6.7987,41.721,0.23211325705051422,1.968,0.2477,160.865,0
6.8,41.825,0.23064565658569336,1.744,0.2622,160.765,0
6.8012,41.929,0.22986295819282532,1.519,0.2767,160.695,0
6.8025,42.028,0.22863656282424927,1.316,0.2904,160.591,0
6.8038,42.127,0.2269013226032257,1.128,0.3042,160.483,0
6.805,42.226,0.22413532435894012,0.962,0.3179,160.442,0
6.8063,42.325,0.22070233523845673,0.818,0.3316,160.332,0
6.8076,42.424,0.21848735213279724,0.688,0.3454,160.272,0
6.8088,42.517,0.21599504351615906,0.589,0.3583,160.176,0
6.8101,42.61,0.21379218995571136,0.511,0.3713,160.111,0
6.8114,42.704,0.21007226407527924,0.465,0.3843,160.011,0
6.8127,42.797,0.20583537220954895,0.446,0.3972,159.889,0
6.8141,42.891,0.20290185511112213,0.443,0.4102,159.824,0
6.8153,42.984,0.2002052664756775,0.462,0.4232,159.742,0
6.8165,43.066,0.19812436401844025,0.495,0.4346,159.651,0
6.8178,43.154,0.19590306282043457,0.548,0.4468,159.517,0
6.8191,43.237,0.19365498423576355,0.614,0.4583,159.436,0
6.8204,43.319,0.190760537981987,0.698,0.4697,159.372,0
6.8216,43.407,0.18937993049621582,0.789,0.4819,159.288,0
6.8229,43.495,0.189439058303833,0.883,0.4941,159.195,0
6.8242,43.577,0.1888110637664795,0.983,0.5056,159.106,0
6.8255,43.665,0.1878138929605484,1.098,0.5178,158.994,0
6.8267,43.748,0.1867399960756302,1.21,0.5292,158.916,0
6.8282,43.83,0.1857059746980667,1.323,0.5407,158.803,0
6.8295,43.929,0.18606065213680267,1.45,0.5544,158.697,0
6.8307,44.011,0.1862722784280777,1.552,0.5659,158.647,0
6.832,44.094,0.18649190664291382,1.651,0.5773,158.485,0
6.8332,44.182,0.18588685989379883,1.755,0.5895,158.415,0
6.8345,44.264,0.1851312220096588,1.847,0.601,158.319,0
6.8359,44.352,0.184165358543396,1.936,0.6132,158.202,0
6.8372,44.44,0.18448416888713837,2.008,0.6254,158.097,0
6.8385,44.528,0.1848214715719223,2.07,0.6376,157.995,0
6.8398,44.615,0.18585865199565887,2.116,0.6498,157.871,0
6.8412,44.703,0.18653230369091034,2.153,0.662,157.762,0
6.8424,44.797,0.18705274164676666,2.182,0.675,157.666,0
6.8437,44.879,0.18727126717567444,2.201,0.6864,157.54,0
6.845,44.967,0.1883043497800827,2.207,0.6986,157.451,0
6.8463,45.055,0.18890614807605743,2.209,0.7108,157.355,0
6.8475,45.143,0.1895255744457245,2.204,0.723,157.24,0
6.8489,45.231,0.1900661438703537,2.195,0.7352,157.118,0
6.8501,45.319,0.1908256560564041,2.183,0.7474,157.017,0
6.8514,45.412,0.19108399748802185,2.172,0.7604,156.937,0
6.8528,45.5,0.19247932732105255,2.156,0.7726,156.815,0
6.8542,45.599,0.1926126778125763,2.15,0.7863,156.701,0
6.8555,45.692,0.19252526760101318,2.152,0.7993,156.613,0
6.8567,45.78,0.19211190938949585,2.163,0.8115,156.539,0
6.858,45.862,0.19175630807876587,2.18,0.823,156.376,0
6.8592,45.95,0.1908155083656311,2.21,0.8352,156.314,0
6.8605,46.033,0.19016163051128387,2.246,0.8466,156.202,0
6.8618,46.115,0.1894088089466095,2.291,0.8581,156.131,0
6.8631,46.203,0.18853187561035156,2.351,0.8703,156.071,0
6.8643,46.291,0.18771390616893768,2.421,0.8825,155.97,0
6.8656,46.373,0.18730351328849792,2.494,0.8939,155.886,0
6.8669,46.461,0.18672534823417664,2.582,0.9061,155.808,0
6.8681,46.544,0.1856091022491455,2.676,0.9176,155.69,0
6.8695,46.626,0.18534845113754272,2.772,0.929,155.654,0
6.8707,46.714,0.18461129069328308,2.882,0.9412,155.531,0
6.8721,46.802,0.184651717543602,2.992,0.9534,155.467,0
6.8733,46.89,0.18594548106193542,3.096,0.9656,155.377,0
6.8746,46.972,0.1868458092212677,3.196,0.9771,155.334,0
6.8759,47.065,0.18842989206314087,3.303,0.9901,155.204,0
6.8772,47.153,0.18892526626586914,3.404,0.0023,155.147,0
6.8784,47.236,0.18919509649276733,3.494,0.0137,155.117,0
6.8797,47.318,0.1889740377664566,3.579,0.0251,155.06,0
6.8811,47.411,0.1899936944246292,3.654,0.0381,154.951,0
6.8823,47.505,0.19105695188045502,3.714,0.0511,154.866,0
6.8836,47.598,0.19304515421390533,3.75,0.0641,154.802,0
6.8849,47.686,0.19394105672836304,3.772,0.0763,154.757,0
6.8864,47.774,0.1945711225271225,3.776,0.0885,154.678,0
6.8877,47.884,0.19466641545295715,3.757,0.1037,154.547,0
6.889,47.972,0.19507178664207458,3.716,0.1159,154.52,0
6.8903,48.065,0.19481126964092255,3.655,0.1289,154.457,0
6.8915,48.153,0.19443370401859283,3.576,0.1411,154.352,0
6.8929,48.246,0.1934097409248352,3.474,0.1541,154.265,0
6.8942,48.329,0.1917695254087448,3.371,0.1655,154.201,0
6.8956,48.422,0.19086803495883942,3.229,0.1785,154.182,0
6.8969,48.516,0.18943439424037933,3.073,0.1915,154.087,0
6.8982,48.604,0.18964548408985138,2.904,0.2037,153.991,0
6.8995,48.691,0.18928691744804382,2.726,0.2159,153.956,0
6.9009,48.785,0.18848153948783875,2.531,0.2289,153.89,0
6.9022,48.867,0.18661271035671234,2.36,0.2403,153.812,0
6.9034,48.955,0.18571339547634125,2.169,0.2525,153.757,0
6.9047,49.032,0.1837368756532669,2.009,0.2632,153.688,0
6.9061,49.12,0.18356993794441223,1.817,0.2754,153.588,0
6.9074,49.208,0.1825687140226364,1.635,0.2876,153.549,0
6.9087,49.29,0.18037183582782745,1.48,0.299,153.454,0
6.9101,49.373,0.17758099734783173,1.338,0.3105,153.421,0
6.9115,49.455,0.1746986210346222,1.208,0.3219,153.328,0
6.9128,49.537,0.17115941643714905,1.096,0.3334,153.236,0
6.9141,49.614,0.16876910626888275,0.999,0.3441,153.147,0
6.9155,49.686,0.16600272059440613,0.925,0.354,153.098,0
6.9168,49.763,0.16331802308559418,0.858,0.3647,153.025,0
6.9181,49.834,0.16135592758655548,0.806,0.3746,152.97,0
6.9195,49.905,0.15759225189685822,0.779,0.3845,152.943,0
6.9207,49.977,0.15444085001945496,0.762,0.3944,152.853,0
6.9221,50.043,0.1518634706735611,0.757,0.4036,152.778,0
6.9234,50.114,0.14986014366149902,0.76,0.4135,152.735,0
6.9246,50.18,0.14793004095554352,0.775,0.4226,152.644,0
6.9259,50.24,0.14618898928165436,0.799,0.431,152.616,0
6.9272,50.306,0.14408597350120544,0.835,0.4402,152.544,0
6.9285,50.372,0.14192314445972443,0.882,0.4493,152.475,0
6.9301,50.449,0.13947908580303192,0.949,0.46,152.424,0
6.9314,50.51,0.13755902647972107,1.009,0.4684,152.342,0
6.9327,50.57,0.13656601309776306,1.069,0.4768,152.255,0
6.9341,50.636,0.1364157497882843,1.137,0.486,152.222,0
6.9354,50.702,0.1361207515001297,1.211,0.4951,152.145,0
6.9366,50.762,0.13546708226203918,1.285,0.5035,152.094,0
6.9379,50.823,0.13437600433826447,1.365,0.5119,152.011,0
6.9392,50.883,0.133610799908638,1.446,0.5203,151.913,0
6.9405,50.944,0.13255056738853455,1.53,0.5287,151.906,0
6.9418,51.004,0.13157989084720612,1.614,0.5371,151.779,0
6.9433,51.07,0.1302027553319931,1.709,0.5462,151.763,0
6.9446,51.136,0.13011416792869568,1.794,0.5554,151.703,0
6.946,51.196,0.1301075667142868,1.871,0.5638,151.621,0
6.9473,51.262,0.1308731883764267,1.947,0.5729,151.502,0
6.9487,51.323,0.13080450892448425,2.019,0.5813,151.439,0
6.9502,51.394,0.12973888218402863,2.106,0.5912,151.367,0
6.9515,51.454,0.12974581122398376,2.169,0.5996,151.3,0
6.9529,51.52,0.1302088350057602,2.231,0.6088,151.206,0
6.9543,51.586,0.13074611127376556,2.287,0.618,151.161,0
6.9556,51.652,0.13103631138801575,2.339,0.6271,151.036,0
6.9568,51.713,0.13177724182605743,2.378,0.6355,151.027,0
6.9581,51.773,0.13205252587795258,2.415,0.6439,150.909,0
6.9594,51.833,0.13217377662658691,2.447,0.6523,150.826,0
6.9607,51.894,0.13218840956687927,2.475,0.6607,150.717,0
6.9621,51.954,0.13186806440353394,2.5,0.6691,150.666,0
6.9634,52.02,0.13137736916542053,2.523,0.6782,150.602,0
6.9646,52.081,0.13196375966072083,2.533,0.6866,150.509,0
6.9659,52.141,0.13178330659866333,2.543,0.695,150.437,0
6.9671,52.196,0.13196302950382233,2.548,0.7026,150.386,0
6.9684,52.256,0.13150687515735626,2.553,0.711,150.281,0
6.9697,52.317,0.13172650337219238,2.551,0.7194,150.283,0
6.9711,52.383,0.13145102560520172,2.55,0.7286,150.186,0
6.9724,52.443,0.1310468167066574,2.548,0.737,150.099,0
6.9736,52.504,0.13131584227085114,2.541,0.7454,150.013,0
6.9748,52.559,0.13043491542339325,2.541,0.753,149.967,0
6.9762,52.619,0.13038967549800873,2.535,0.7614,149.889,0
6.9775,52.685,0.13167370855808258,2.522,0.7705,149.82,0
6.9789,52.751,0.13129957020282745,2.52,0.7797,149.757,0
6.9802,52.811,0.1300143003463745,2.526,0.7881,149.663,0
6.9815,52.872,0.12955336272716522,2.529,0.7965,149.582,0
6.9827,52.927,0.12895241379737854,2.536,0.8041,149.533,0
6.984,52.982,0.12843698263168335,2.545,0.8117,149.488,0
6.9856,53.042,0.12781241536140442,2.559,0.8201,149.4,0
6.9871,53.119,0.1263827383518219,2.586,0.8308,149.361,0
6.9883,53.179,0.12557274103164673,2.611,0.8392,149.251,0
6.9896,53.229,0.12378822267055511,2.642,0.8461,149.173,0
6.9909,53.284,0.12212219834327698,2.678,0.8537,149.12,0
6.9921,53.339,0.12029308825731277,2.72,0.8613,149.099,0
6.9934,53.388,0.11832930892705917,2.762,0.8682,149.012,0
6.9947,53.443,0.11752066016197205,2.806,0.8758,148.992,0
6.996,53.498,0.11721502244472504,2.85,0.8835,148.911,0
6.9973,53.547,0.11641469597816467,2.896,0.8903,148.864,0
6.9985,53.602,0.11619052290916443,2.948,0.8979,148.838,0
6.9998,53.652,0.1154932826757431,3.0,0.9048,148.732,0
7.0011,53.701,0.11457601934671402,3.057,0.9117,148.707,0
7.0024,53.756,0.11363405734300613,3.122,0.9193,148.66,0
7.0036,53.806,0.11192622035741806,3.188,0.9262,148.572,0
7.0051,53.86,0.11060821264982224,3.261,0.9338,148.532,0
7.0063,53.91,0.10857287794351578,3.333,0.9407,148.502,0
7.0076,53.954,0.10783199220895767,3.392,0.9468,148.45,0
7.0089,54.003,0.10749224573373795,3.457,0.9536,148.409,0
7.0103,54.064,0.10846219956874847,3.528,0.962,148.357,0
7.0116,54.113,0.10923221707344055,3.586,0.9689,148.327,0
7.0128,54.163,0.11048717051744461,3.642,0.9758,148.275,0
7.0141,54.218,0.11192070692777634,3.702,0.9834,148.267,0
7.0154,54.272,0.11227018386125565,3.768,0.991,148.207,0
7.0166,54.322,0.11252856999635696,3.826,0.9979,148.17,0
7.0179,54.371,0.11298811435699463,3.88,0.0048,148.119,0
7.0192,54.426,0.11351468414068222,3.938,0.0124,148.096,0
7.0205,54.476,0.11360037326812744,3.989,0.0193,148.012,0
7.0217,54.531,0.11433520168066025,4.038,0.0269,147.983,0
7.0231,54.58,0.11430659890174866,4.082,0.0338,147.951,0
7.0244,54.635,0.1142924502491951,4.127,0.0414,147.897,0
7.0256,54.69,0.11541511118412018,4.158,0.049,147.879,0
7.0269,54.739,0.11484371870756149,4.191,0.0559,147.812,0
7.0281,54.794,0.11432583630084991,4.221,0.0635,147.79,0
7.0294,54.844,0.11424508690834045,4.239,0.0704,147.713,0
7.0306,54.893,0.113812156021595,4.254,0.0772,147.66,0
7.0318,54.943,0.11295778304338455,4.265,0.0841,147.588,0
7.0331,54.998,0.11332856863737106,4.262,0.0917,147.562,0
7.0344,55.047,0.11303392797708511,4.256,0.0986,147.529,0
7.0357,55.102,0.11329092085361481,4.239,0.1062,147.452,0
7.037,55.151,0.1136760339140892,4.215,0.1131,147.442,0
7.0383,55.206,0.1137952134013176,4.183,0.1207,147.404,0
7.0395,55.256,0.11309204995632172,4.152,0.1276,147.376,0
7.0407,55.3,0.1108422800898552,4.129,0.1337,147.327,0
7.0421,55.344,0.10800901800394058,4.104,0.1398,147.281,0
7.0433,55.393,0.10609233379364014,4.062,0.1467,147.255,0
7.0446,55.437,0.10396672040224075,4.022,0.1528,147.208,0
7.0459,55.481,0.10151910781860352,3.98,0.1589,147.173,0
7.0471,55.525,0.09989667683839798,3.928,0.165,147.117,0
7.0484,55.569,0.0979897677898407,3.873,0.1711,147.064,0
7.0496,55.613,0.09738944470882416,3.806,0.1772,147.082,0
7.0509,55.651,0.09704504162073135,3.743,0.1825,147.057,0
7.0521,55.695,0.09657936543226242,3.668,0.1886,146.981,0
7.0533,55.739,0.09659106284379959,3.587,0.1947,146.993,0
7.0545,55.778,0.09550408273935318,3.519,0.2001,146.965,0
7.0558,55.822,0.09448650479316711,3.438,0.2062,146.926,0
7.0571,55.86,0.09271414577960968,3.371,0.2115,146.863,0
7.0583,55.898,0.09063499420881271,3.303,0.2169,146.86,0
7.0596,55.937,0.0888194739818573,3.232,0.2222,146.831,0
7.0609,55.975,0.08793792873620987,3.155,0.2275,146.803,0
7.0621,56.014,0.08653965592384338,3.079,0.2329,146.786,0
7.0634,56.052,0.08537185192108154,3.001,0.2382,146.743,0
7.0646,56.085,0.0838673785328865,2.937,0.2428,146.687,0
7.0658,56.118,0.08207127451896667,2.874,0.2474,146.69,0
7.0671,56.157,0.08126285672187805,2.792,0.2527,146.658,0
7.0683,56.19,0.08012837171554565,2.725,0.2573,146.616,0
7.0697,56.223,0.07907596230506897,2.658,0.2619,146.599,0
7.071,56.261,0.07864438742399216,2.575,0.2672,146.573,0
7.0722,56.294,0.07705782353878021,2.512,0.2718,146.551,0
7.0734,56.327,0.07622726261615753,2.445,0.2764,146.513,0
7.0747,56.36,0.07481583207845688,2.383,0.2809,146.533,0
7.076,56.393,0.0733155682682991,2.322,0.2855,146.438,0
7.0772,56.426,0.0714196264743805,2.264,0.2901,146.444,0
7.0786,56.453,0.06964696943759918,2.218,0.2939,146.389,0
7.0799,56.481,0.06764908879995346,2.174,0.2977,146.398,0
7.0811,56.508,0.06600596010684967,2.129,0.3015,146.353,0
7.0824,56.536,0.06413817405700684,2.087,0.3054,146.332,0
7.0836,56.563,0.0632254034280777,2.04,0.3092,146.357,0
7.0849,56.591,0.06194283440709114,1.997,0.313,146.309,0
7.0861,56.618,0.06070733815431595,1.954,0.3168,146.248,0
7.0874,56.64,0.060092743486166,1.919,0.3199,146.255,0
7.0886,56.667,0.05965008959174156,1.875,0.3237,146.206,0
7.0898,56.695,0.05850071832537651,1.836,0.3275,146.222,0
7.0912,56.717,0.05756174400448799,1.806,0.3305,146.219,0
7.0923,56.744,0.05690845474600792,1.767,0.3344,146.17,0
7.0937,56.766,0.05571506544947624,1.741,0.3374,146.163,0
7.0951,56.794,0.05473225563764572,1.707,0.3412,146.15,0
7.0963,56.816,0.053322114050388336,1.684,0.3443,146.123,0
7.0975,56.838,0.0517403818666935,1.664,0.3473,146.086,0
7.0988,56.86,0.04992946982383728,1.645,0.3504,146.078,0
7.1002,56.876,0.04846595227718353,1.632,0.3527,146.043,0
7.1014,56.898,0.046602763235569,1.615,0.3557,146.048,0
7.1028,56.915,0.04460587725043297,1.605,0.358,146.036,0
7.1041,56.931,0.04243067279458046,1.595,0.3603,146.01,0
7.1054,56.948,0.04003147408366203,1.585,0.3626,145.976,0
7.1066,56.964,0.0380624420940876,1.572,0.3649,145.983,0
7.1079,56.981,0.03637854382395744,1.558,0.3672,145.978,0
7.1092,56.992,0.035390906035900116,1.548,0.3687,145.976,0
7.1106,57.008,0.03434266149997711,1.533,0.371,145.98,0
7.1119,57.025,0.033050477504730225,1.517,0.3733,145.947,0
7.1132,57.036,0.03216249495744705,1.506,0.3748,145.894,0
7.1145,57.052,0.03169462829828262,1.492,0.3771,145.922,0
7.1158,57.068,0.03156797215342522,1.481,0.3794,145.903,0
7.1171,57.079,0.031527817249298096,1.474,0.3809,145.893,0
7.1184,57.096,0.03159937635064125,1.464,0.3832,145.84,0
7.1199,57.112,0.03194523975253105,1.456,0.3855,145.869,0
7.1211,57.129,0.03232789412140846,1.449,0.3878,145.84,0
7.1224,57.14,0.03201943635940552,1.443,0.3893,145.827,0
7.1236,57.156,0.03172823414206505,1.435,0.3916,145.826,0
7.1249,57.173,0.032263804227113724,1.43,0.3939,145.811,0
7.1261,57.184,0.032266438007354736,1.426,0.3954,145.813,0
7.1275,57.2,0.03211633488535881,1.421,0.3977,145.775,0
7.1289,57.217,0.03255915641784668,1.417,0.4,145.78,0
7.1306,57.233,0.031940706074237823,1.412,0.4023,145.763,0
7.1322,57.255,0.03095514513552189,1.405,0.4053,145.738,0
7.1334,57.266,0.030357815325260162,1.401,0.4068,145.738,0
7.1347,57.277,0.029180657118558884,1.393,0.4084,145.716,0
7.1361,57.294,0.028727669268846512,1.389,0.4106,145.718,0
7.1375,57.305,0.027686651796102524,1.381,0.4122,145.705,0
7.1389,57.316,0.025951089337468147,1.363,0.4137,145.706,0
7.1402,57.327,0.024604303762316704,1.346,0.4152,145.659,0
7.1415,57.332,0.02301737293601036,1.318,0.416,145.703,0
7.143,57.343,0.021596210077404976,1.288,0.4175,145.682,0
7.1443,57.349,0.01986725814640522,1.242,0.4183,145.661,0
7.1457,57.36,0.018514659255743027,1.198,0.4198,145.673,0
7.147,57.365,0.017172586172819138,1.145,0.4206,145.615,0
7.1482,57.371,0.01561926119029522,1.072,0.4213,145.643,0
7.1495,57.376,0.014370661228895187,1.003,0.4221,145.614,0
7.1508,57.382,0.012824990786612034,0.904,0.4229,145.627,0
7.1521,57.382,0.01131206750869751,0.788,0.4229,145.614,0
7.1534,57.387,0.009702669456601143,0.65,0.4236,145.651,0
7.1547,57.387,0.008190358057618141,0.499,0.4236,145.602,0
7.1561,57.387,0.006457916926592588,0.306,0.4236,145.605,0
7.1573,57.387,0.004704296123236418,0.09,0.4236,145.638,0
7.1586,57.387,0.003146073082461953,-0.116,0.4236,145.63,0
7.1599,57.387,0.002008151262998581,-0.273,0.4236,145.601,0
7.1613,57.387,0.0009766819421201944,-0.418,0.4236,145.623,0
7.1626,57.387,0.00015928069478832185,-0.534,0.4236,145.576,0
7.164,57.387,-0.0004526223929133266,-0.621,0.4236,145.608,0
7.1654,57.387,-0.0009660921641625464,-0.693,0.4236,145.608,0
7.1667,57.382,-0.0012762063415721059,-0.745,0.4229,145.643,0
7.1681,57.382,-0.0015311656752601266,-0.781,0.4229,145.585,0
7.1694,57.382,-0.001767577137798071,-0.814,0.4229,145.619,0
7.1707,57.382,-0.0017877782229334116,-0.817,0.4229,145.604,0
7.1721,57.382,-0.0017262572655454278,-0.808,0.4229,145.602,0
7.1733,57.382,-0.0016632061451673508,-0.799,0.4229,145.63,0
7.1746,57.376,-0.0014791330322623253,-0.781,0.4221,145.603,0
7.1759,57.376,-0.0013109144056215882,-0.757,0.4221,145.621,0
7.1772,57.376,-0.0014012058963999152,-0.77,0.4221,145.633,0
7.1786,57.376,-0.0012456591939553618,-0.748,0.4221,145.642,0
7.1799,57.376,-0.0009878225391730666,-0.711,0.4221,145.622,0
7.1811,57.376,-0.0006905022310093045,-0.669,0.4221,145.647,0
7.1824,57.376,-0.0004518869100138545,-0.635,0.4221,145.659,0
7.1837,57.376,-0.00028477050364017487,-0.611,0.4221,145.658,0
7.1851,57.376,-0.00017519600805826485,-0.595,0.4221,145.606,0
7.1866,57.376,-0.00013748768833465874,-0.59,0.4221,145.608,0
7.1881,57.376,-0.0002847704745363444,-0.611,0.4221,145.638,0
7.1894,57.376,-0.00023224818869493902,-0.603,0.4221,145.599,0
7.1908,57.376,-0.00015897411503829062,-0.593,0.4221,145.655,0
7.1921,57.376,-0.00010381959145888686,-0.585,0.4221,145.606,0
7.1934,57.376,-6.482576281996444e-05,-0.579,0.4221,145.621,0
7.1948,57.376,-3.929918966605328e-05,-0.576,0.4221,145.594,0
7.1961,57.376,-2.252633566968143e-05,-0.573,0.4221,145.661,0
7.1974,57.376,-1.297682956646895e-05,-0.572,0.4221,145.596,0
7.1987,57.376,-7.712356818956323e-06,-0.571,0.4221,145.637,0
7.2,57.376,-4.161898232268868e-06,-0.571,0.4221,145.628,0
7.2013,57.376,-1.529661972199392e-06,-0.57,0.4221,145.596,0
7.2027,57.376,1.8435243021031056e-07,-0.57,0.4221,145.637,0
7.2041,57.376,1.653507752052974e-06,-0.57,0.4221,145.609,0
7.2056,57.376,-0.00018199087935499847,-0.596,0.4221,145.618,0
7.2069,57.376,-0.0002211683604400605,-0.602,0.4221,145.639,0
7.2082,57.376,-0.00017776706954464316,-0.595,0.4221,145.624,0
7.2094,57.376,-0.00012389806215651333,-0.588,0.4221,145.603,0
7.2108,57.376,-7.829303649486974e-05,-0.581,0.4221,145.61,0
7.2122,57.376,-0.00025159213691949844,-0.606,0.4221,145.614,0
7.2135,57.376,-0.00024944954202510417,-0.606,0.4221,145.655,0
7.2148,57.376,-0.00018811234622262418,-0.597,0.4221,145.608,0
7.2162,57.376,-0.00012775453797075897,-0.588,0.4221,145.597,0
7.2175,57.376,-8.202707977034152e-05,-0.582,0.4221,145.657,0
7.2187,57.376,-5.111360223963857e-05,-0.577,0.4221,145.638,0
7.22,57.376,-3.2381878554588184e-05,-0.575,0.4221,145.644,0
7.2214,57.376,-1.9159482690156437e-05,-0.573,0.4221,145.604,0
7.2228,57.376,-0.00023402342048939317,-0.603,0.4221,145.636,0
7.2242,57.376,-0.00021761788229923695,-0.601,0.4221,145.631,0
7.2255,57.376,-0.0001575662026880309,-0.593,0.4221,145.64,0
7.2269,57.376,-0.0002618762373458594,-0.607,0.4221,145.59,0
7.2282,57.376,-0.0002951770438812673,-0.612,0.4221,145.662,0
7.2295,57.376,-0.00023341129417531192,-0.603,0.4221,145.649,0
7.231,57.376,-0.0001573213085066527,-0.592,0.4221,145.589,0
7.2322,57.376,-0.00028642333927564323,-0.611,0.4221,145.614,0
7.2335,57.376,-0.0003754908393602818,-0.624,0.4221,145.62,0
7.2349,57.376,-0.0005891305045224726,-0.654,0.4221,145.646,0
7.2363,57.376,-0.0005815398180857301,-0.653,0.4221,145.633,0
7.2376,57.371,-0.000944176223129034,-0.712,0.4213,145.615,0
7.2389,57.371,-0.0009536032448522747,-0.713,0.4213,145.62,0
7.2402,57.371,-0.0011912391055375338,-0.747,0.4213,145.612,0
7.2414,57.371,-0.0014363430673256516,-0.782,0.4213,145.64,0
7.2427,57.371,-0.0016598997171968222,-0.814,0.4213,145.614,0
7.2441,57.371,-0.0019735642708837986,-0.858,0.4213,145.659,0
7.2455,57.365,-0.0021787562873214483,-0.894,0.4206,145.602,0
7.2468,57.365,-0.0027493389789015055,-0.974,0.4206,145.61,0
7.2481,57.365,-0.0031868410296738148,-1.034,0.4206,145.605,0
7.2495,57.36,-0.0035240123979747295,-1.088,0.4198,145.669,0
7.251,57.36,-0.003795071505010128,-1.125,0.4198,145.647,0
7.2523,57.354,-0.004359288141131401,-1.209,0.419,145.649,0
7.2537,57.354,-0.004761224612593651,-1.262,0.419,145.648,0
7.255,57.349,-0.005112535785883665,-1.316,0.4183,145.633,0
7.2563,57.349,-0.00539216585457325,-1.352,0.4183,145.64,0
7.2576,57.343,-0.005882250610738993,-1.422,0.4175,145.649,0
7.2591,57.338,-0.006331872660666704,-1.487,0.4167,145.677,0
7.2604,57.338,-0.006513926200568676,-1.509,0.4167,145.648,0
7.2618,57.332,-0.007200450170785189,-1.6,0.416,145.691,0
7.2631,57.327,-0.007971634157001972,-1.697,0.4152,145.663,0
7.2644,57.321,-0.008568601682782173,-1.772,0.4145,145.73,0
7.2657,57.316,-0.009288853965699673,-1.857,0.4137,145.713,0
7.2671,57.31,-0.010433572344481945,-1.978,0.4129,145.707,0
7.2684,57.305,-0.011579758487641811,-2.09,0.4122,145.713,0
7.2698,57.299,-0.012846904806792736,-2.201,0.4114,145.684,0
7.2711,57.288,-0.014589507132768631,-2.343,0.4099,145.712,0
7.2723,57.277,-0.01610426791012287,-2.455,0.4084,145.739,0
7.2736,57.266,-0.01752457395195961,-2.549,0.4068,145.761,0
7.2748,57.255,-0.01940705068409443,-2.65,0.4053,145.732,0
7.2761,57.244,-0.021123822778463364,-2.731,0.4038,145.769,0
7.2774,57.233,-0.023728210479021072,-2.819,0.4023,145.791,0
7.2787,57.217,-0.02632818929851055,-2.901,0.4,145.783,0
7.28,57.2,-0.02911132015287876,-2.969,0.3977,145.837,0
7.2812,57.184,-0.030682764947414398,-3.022,0.3954,145.827,0
7.2825,57.167,-0.03296785429120064,-3.073,0.3931,145.796,0
7.2837,57.145,-0.03526169806718826,-3.134,0.39,145.88,0
7.2851,57.129,-0.0377262681722641,-3.177,0.3878,145.876,0
7.2865,57.107,-0.04032881185412407,-3.231,0.3847,145.914,0
7.2877,57.079,-0.043214473873376846,-3.297,0.3809,145.909,0
7.2891,57.057,-0.045576002448797226,-3.348,0.3778,145.973,0
7.2903,57.03,-0.04802839085459709,-3.413,0.374,145.944,0
7.2916,57.008,-0.0503319650888443,-3.463,0.371,145.984,0
7.2929,56.975,-0.05299829691648483,-3.542,0.3664,146.004,0
7.2941,56.948,-0.05690595135092735,-3.597,0.3626,146.033,0
7.2954,56.915,-0.06058686599135399,-3.669,0.358,146.039,0
7.2966,56.882,-0.06448648869991302,-3.738,0.3534,146.12,0
7.2978,56.843,-0.06868765503168106,-3.819,0.3481,146.16,0
7.2991,56.81,-0.0722237303853035,-3.889,0.3435,146.191,0
7.3004,56.766,-0.07689116895198822,-3.979,0.3374,146.19,0
7.3016,56.728,-0.08070655912160873,-4.058,0.3321,146.262,0
7.3029,56.684,-0.0839865580201149,-4.151,0.326,146.313,0
7.3042,56.64,-0.08686989545822144,-4.243,0.3199,146.306,0
7.3054,56.596,-0.09018296003341675,-4.329,0.3138,146.347,0
7.3067,56.552,-0.09349919855594635,-4.41,0.3076,146.398,0
7.3081,56.503,-0.09551575779914856,-4.505,0.3008,146.415,0
7.3093,56.459,-0.09722835570573807,-4.584,0.2947,146.473,0
7.3106,56.409,-0.09856051206588745,-4.67,0.2878,146.534,0
7.3119,56.36,-0.10086707770824432,-4.742,0.2809,146.571,0
7.3133,56.305,-0.10354790091514587,-4.811,0.2733,146.596,0
7.3145,56.255,-0.10575732588768005,-4.866,0.2664,146.676,0
7.3159,56.195,-0.10942316800355911,-4.913,0.2581,146.726,0
7.3171,56.146,-0.11197815835475922,-4.944,0.2512,146.701,0
7.3184,56.091,-0.11453847587108612,-4.968,0.2436,146.8,0
7.3197,56.036,-0.1171116828918457,-4.979,0.2359,146.836,0
7.3211,55.964,-0.11931205540895462,-4.982,0.226,146.908,0
7.3224,55.909,-0.12016839534044266,-4.974,0.2184,146.944,0
7.3237,55.854,-0.12160160392522812,-4.95,0.2108,146.962,0
7.325,55.794,-0.1223825141787529,-4.914,0.2024,147.026,0
7.3263,55.734,-0.12465573847293854,-4.854,0.194,147.02,0
7.3275,55.673,-0.12677273154258728,-4.78,0.1856,147.099,0
7.3289,55.613,-0.12848259508609772,-4.695,0.1772,147.155,0
7.3301,55.552,-0.1300097107887268,-4.598,0.1688,147.227,0
7.3313,55.492,-0.13131991028785706,-4.49,0.1604,147.227,0
7.3326,55.432,-0.13261930644512177,-4.371,0.152,147.286,0
7.3339,55.371,-0.1329997032880783,-4.247,0.1436,147.324,0
7.3351,55.305,-0.1345941722393036,-4.094,0.1345,147.378,0
7.3363,55.245,-0.136026531457901,-3.946,0.1261,147.434,0
7.3375,55.184,-0.137953519821167,-3.788,0.1177,147.532,0
7.3387,55.118,-0.14001353085041046,-3.61,0.1085,147.579,0
7.34,55.058,-0.14159004390239716,-3.445,0.1001,147.585,0
7.3413,54.987,-0.14320752024650574,-3.249,0.0902,147.648,0
7.3425,54.921,-0.1429794430732727,-3.077,0.0811,147.692,0
7.3437,54.86,-0.14212052524089813,-2.924,0.0727,147.768,0
7.3451,54.8,-0.14089335501194,-2.775,0.0643,147.819,0
7.3463,54.734,-0.14029455184936523,-2.612,0.0551,147.881,0
7.3475,54.673,-0.13955925405025482,-2.469,0.0467,147.895,0
7.3487,54.613,-0.13840962946414948,-2.333,0.0383,147.954,0
7.35,54.558,-0.13802893459796906,-2.213,0.0307,148.038,0
7.3512,54.498,-0.1369786560535431,-2.091,0.0223,148.065,0
7.3525,54.432,-0.13658319413661957,-1.964,0.0132,148.106,0
7.3538,54.377,-0.13595660030841827,-1.868,0.0055,148.191,0
7.3552,54.305,-0.13599622249603271,-1.751,0.9956,148.198,0
7.3564,54.245,-0.13532382249832153,-1.668,0.9872,148.285,0
7.3577,54.179,-0.1360316127538681,-1.581,0.9781,148.33,0
7.3591,54.119,-0.13697750866413116,-1.512,0.9697,148.386,0
7.3603,54.047,-0.13724146783351898,-1.451,0.9597,148.438,0
7.3616,53.987,-0.1369229257106781,-1.414,0.9514,148.456,0
7.3629,53.926,-0.13617120683193207,-1.392,0.943,148.564,0
7.3642,53.866,-0.13521073758602142,-1.382,0.9346,148.585,0
7.3654,53.806,-0.13398632407188416,-1.384,0.9262,148.66,0
7.3667,53.745,-0.13356125354766846,-1.392,0.9178,148.726,0
7.368,53.685,-0.1325252503156662,-1.413,0.9094,148.728,0
7.3692,53.624,-0.1320788711309433,-1.439,0.901,148.809,0
7.3705,53.569,-0.13135042786598206,-1.472,0.8934,148.833,0
7.3718,53.509,-0.1315215677022934,-1.509,0.885,148.88,0
7.3731,53.448,-0.13152658939361572,-1.553,0.8766,148.954,0
7.3743,53.388,-0.13164351880550385,-1.602,0.8682,149.0,0
7.3755,53.328,-0.13130243122577667,-1.658,0.8598,149.091,0
7.3768,53.267,-0.13007520139217377,-1.722,0.8514,149.14,0
7.3782,53.212,-0.1310722678899765,-1.77,0.8438,149.201,0
7.3794,53.146,-0.13123425841331482,-1.834,0.8346,149.312,0
7.3806,53.086,-0.131919726729393,-1.89,0.8262,149.296,0
7.3818,53.031,-0.13378557562828064,-1.932,0.8186,149.397,0
7.3831,52.971,-0.13460326194763184,-1.983,0.8102,149.464,0
7.3844,52.899,-0.13650238513946533,-2.035,0.8003,149.524,0
7.3857,52.833,-0.13775044679641724,-2.08,0.7911,149.598,0
7.3871,52.767,-0.1389448493719101,-2.119,0.782,149.687,0
7.3883,52.701,-0.14018899202346802,-2.151,0.7728,149.75,0
7.3895,52.635,-0.1416015923023224,-2.174,0.7637,149.833,0
7.3908,52.564,-0.14391255378723145,-2.184,0.7538,149.903,0
7.3921,52.504,-0.14516611397266388,-2.189,0.7454,149.979,0
7.3933,52.432,-0.14724254608154297,-2.181,0.7354,150.084,0
7.3946,52.366,-0.1492355763912201,-2.162,0.7263,150.146,0
7.3959,52.289,-0.15219250321388245,-2.125,0.7156,150.257,0
7.3971,52.218,-0.15355072915554047,-2.086,0.7057,150.318,0
7.3984,52.147,-0.15452933311462402,-2.04,0.6958,150.388,0
7.3998,52.07,-0.15668030083179474,-1.972,0.6851,150.505,0
7.4011,51.993,-0.15778031945228577,-1.899,0.6744,150.585,0
7.4024,51.916,-0.15931911766529083,-1.815,0.6637,150.667,0
7.4037,51.839,-0.16046519577503204,-1.726,0.653,150.752,0
7.405,51.762,-0.16181598603725433,-1.63,0.6424,150.876,0
7.4062,51.685,-0.16390755772590637,-1.525,0.6317,150.982,0
7.4075,51.608,-0.16571906208992004,-1.421,0.621,151.051,0
7.4087,51.531,-0.16749969124794006,-1.318,0.6103,151.169,0
7.41,51.454,-0.16933809220790863,-1.218,0.5996,151.274,0
7.4114,51.367,-0.17123277485370636,-1.112,0.5874,151.379,0
7.4126,51.29,-0.17128004133701324,-1.037,0.5768,151.476,0
7.4139,51.213,-0.17292390763759613,-0.963,0.5661,151.55,0
7.4151,51.13,-0.17398494482040405,-0.902,0.5546,151.648,0
7.4164,51.048,-0.17514488101005554,-0.857,0.5432,151.775,0
7.4177,50.971,-0.17519961297512054,-0.837,0.5325,151.838,0
7.4191,50.883,-0.1760210245847702,-0.832,0.5203,151.987,0
7.4204,50.795,-0.17801666259765625,-0.844,0.5081,152.074,0
7.4216,50.713,-0.17877432703971863,-0.886,0.4966,152.167,0
7.4229,50.63,-0.18001946806907654,-0.948,0.4852,152.259,0
7.4242,50.537,-0.18138034641742706,-1.046,0.4722,152.331,0
7.4254,50.46,-0.18132735788822174,-1.156,0.4615,152.463,0
7.4267,50.378,-0.18169951438903809,-1.292,0.4501,152.517,0
7.4282,50.29,-0.18136537075042725,-1.464,0.4379,152.589,0
7.4295,50.202,-0.1808498203754425,-1.657,0.4257,152.66,0
7.4307,50.12,-0.180960014462471,-1.852,0.4142,152.76,0
7.432,50.037,-0.18045605719089508,-2.064,0.4028,152.822,0
7.4333,49.955,-0.18033969402313232,-2.284,0.3914,152.935,0
7.4345,49.872,-0.18051734566688538,-2.509,0.3799,153.004,0
7.4359,49.785,-0.18151098489761353,-2.749,0.3677,153.058,0
7.4372,49.702,-0.18244582414627075,-2.974,0.3563,153.172,0
7.4385,49.609,-0.1843651980161667,-3.22,0.3433,153.244,0
7.4399,49.515,-0.1861301213502884,-3.458,0.3303,153.367,0
7.4411,49.422,-0.1875666379928589,-3.683,0.3174,153.43,0
7.4424,49.334,-0.1894788146018982,-3.874,0.3051,153.527,0
7.4436,49.252,-0.19159945845603943,-4.032,0.2937,153.574,0
7.4449,49.158,-0.1944289356470108,-4.183,0.2807,153.687,0
7.4461,49.065,-0.1980734020471573,-4.3,0.2678,153.742,0
7.4474,48.972,-0.201629638671875,-4.383,0.2548,153.831,0
7.4487,48.873,-0.20435471832752228,-4.439,0.2411,153.938,0
7.45,48.774,-0.20775428414344788,-4.451,0.2273,153.971,0
7.4515,48.653,-0.21173974871635437,-4.409,0.2105,154.082,0
7.4528,48.554,-0.21523967385292053,-4.328,0.1968,154.149,0
7.454,48.45,-0.21778464317321777,-4.207,0.1823,154.23,0
7.4553,48.345,-0.22062484920024872,-4.043,0.1678,154.313,0
7.4567,48.23,-0.22182431817054749,-3.833,0.1518,154.401,0
7.458,48.126,-0.22398900985717773,-3.603,0.1373,154.47,0
7.4592,48.021,-0.22561264038085938,-3.352,0.1228,154.599,0
7.4604,47.917,-0.2285016030073166,-3.075,0.1083,154.644,0
7.4617,47.818,-0.23044432699680328,-2.808,0.0946,154.745,0
7.463,47.703,-0.23263613879680634,-2.492,0.0786,154.81,0
7.4643,47.593,-0.23361152410507202,-2.201,0.0633,154.926,0
7.4656,47.488,-0.23428013920783997,-1.936,0.0488,154.977,0
7.4669,47.373,-0.23562030494213104,-1.66,0.0328,155.092,0
7.4682,47.258,-0.23637771606445312,-1.415,0.0168,155.19,0
7.4695,47.159,-0.236856147646904,-1.232,0.003,155.257,0
7.4708,47.032,-0.23722271621227264,-1.04,0.9855,155.416,0
7.4723,46.923,-0.2377229630947113,-0.912,0.9702,155.488,0
7.4736,46.796,-0.23876294493675232,-0.809,0.9527,155.584,0
7.4749,46.686,-0.23813356459140778,-0.769,0.9374,155.685,0
7.4761,46.582,-0.23577873408794403,-0.774,0.9229,155.734,0
7.4774,46.483,-0.23314906656742096,-0.81,0.9092,155.81,0
7.4787,46.384,-0.23062242567539215,-0.868,0.8954,155.932,0
7.48,46.274,-0.2278001606464386,-0.956,0.8802,156.008,0
7.4816,46.148,-0.22431157529354095,-1.081,0.8626,156.158,0
7.4829,46.049,-0.2219502031803131,-1.188,0.8489,156.206,0
7.4842,45.945,-0.2202901989221573,-1.301,0.8344,156.32,0
7.4854,45.851,-0.2194654643535614,-1.398,0.8214,156.438,0
7.4867,45.753,-0.21873925626277924,-1.495,0.8077,156.538,0
7.4881,45.648,-0.219074085354805,-1.58,0.7932,156.673,0
7.4893,45.544,-0.21867471933364868,-1.656,0.7787,156.775,0
7.4906,45.445,-0.21960489451885223,-1.702,0.765,156.866,0
7.4919,45.341,-0.2205505669116974,-1.73,0.7505,157.016,0
7.4932,45.236,-0.2220045030117035,-1.732,0.736,157.126,0
7.4945,45.132,-0.22362524271011353,-1.709,0.7215,157.232,0
7.4959,45.016,-0.2248958796262741,-1.658,0.7055,157.376,0
7.4972,44.907,-0.22624212503433228,-1.582,0.6902,157.507,0
7.4985,44.797,-0.22716063261032104,-1.487,0.675,157.622,0
7.4998,44.692,-0.22776231169700623,-1.38,0.6605,157.732,0
7.5011,44.594,-0.22790826857089996,-1.27,0.6467,157.856,0
7.5024,44.478,-0.22790998220443726,-1.133,0.6307,158.03,0
7.5037,44.374,-0.22937123477458954,-0.998,0.6162,158.155,0
7.505,44.264,-0.2299843579530716,-0.865,0.601,158.269,0
7.5063,44.154,-0.23057031631469727,-0.743,0.5857,158.405,0
7.5075,44.05,-0.23127564787864685,-0.642,0.5712,158.566,0
7.5089,43.94,-0.2324243038892746,-0.557,0.5559,158.706,0
7.5102,43.83,-0.232754647731781,-0.505,0.5407,158.829,0
7.5117,43.704,-0.23236696422100067,-0.492,0.5231,158.973,0
7.5133,43.572,-0.2331148087978363,-0.525,0.5048,159.147,0
7.5148,43.456,-0.23407599329948425,-0.599,0.4888,159.286,0
7.5163,43.336,-0.23541304469108582,-0.724,0.472,159.433,0
7.5178,43.198,-0.23530054092407227,-0.934,0.4529,159.548,0
7.5192,43.077,-0.2337767332792282,-1.175,0.4362,159.692,0
7.5206,42.957,-0.2325858324766159,-1.453,0.4194,159.811,0
7.5219,42.847,-0.23134522140026093,-1.734,0.4041,159.918,0
7.5232,42.742,-0.22958140075206757,-2.022,0.3896,160.01,0
7.5244,42.643,-0.2280346304178238,-2.305,0.3759,160.074,0
7.5257,42.539,-0.22707511484622955,-2.603,0.3614,160.241,0
7.5272,42.435,-0.2271515280008316,-2.893,0.3469,160.289,0
7.5289,42.314,-0.22748225927352905,-3.214,0.3301,160.446,0
7.5302,42.171,-0.22753040492534637,-3.563,0.3103,160.568,0
7.5317,42.05,-0.2278774082660675,-3.817,0.2935,160.67,0
7.533,41.935,-0.23090152442455292,-4.002,0.2775,160.782,0
7.5343,41.825,-0.2342311292886734,-4.132,0.2622,160.857,0
7.5356,41.715,-0.2370367795228958,-4.217,0.2469,160.967,0
7.537,41.6,-0.2395748347043991,-4.255,0.2309,161.08,0
7.5383,41.479,-0.24207130074501038,-4.236,0.2141,161.141,0
7.5395,41.364,-0.2439531683921814,-4.163,0.1981,161.255,0
7.5407,41.254,-0.24602144956588745,-4.042,0.1829,161.317,0
7.542,41.138,-0.24741952121257782,-3.871,0.1668,161.433,0
7.5432,41.028,-0.24798116087913513,-3.673,0.1516,161.494,0
7.5446,40.913,-0.2479940801858902,-3.431,0.1356,161.569,0
7.5459,40.792,-0.24830050766468048,-3.145,0.1188,161.692,0
7.5471,40.677,-0.25049126148223877,-2.841,0.1028,161.778,0
7.5484,40.562,-0.25135767459869385,-2.534,0.0867,161.857,0
7.5496,40.446,-0.2528356611728668,-2.223,0.0707,161.952,0
7.5508,40.336,-0.25351396203041077,-1.939,0.0555,162.083,0
7.5521,40.221,-0.25343450903892517,-1.662,0.0394,162.126,0
7.5534,40.106,-0.25510796904563904,-1.398,0.0234,162.24,0
7.5546,39.99,-0.2542359232902527,-1.182,0.0074,162.36,0
7.5558,39.88,-0.25292614102363586,-1.012,0.9921,162.44,0
7.5571,39.771,-0.25294286012649536,-0.87,0.9769,162.531,0
7.5583,39.655,-0.25288069248199463,-0.763,0.9608,162.623,0
7.5596,39.54,-0.25209808349609375,-0.701,0.9448,162.718,0
7.5609,39.424,-0.250661164522171,-0.685,0.9288,162.802,0
7.5622,39.315,-0.2476763129234314,-0.714,0.9135,162.894,0
7.5635,39.205,-0.24516735970973969,-0.77,0.8983,162.954,0
7.5647,39.1,-0.24204134941101074,-0.852,0.8838,163.099,0
7.5663,38.99,-0.24014663696289062,-0.949,0.8685,163.155,0
7.5676,38.859,-0.23643776774406433,-1.092,0.8502,163.294,0
7.5688,38.76,-0.2337195724248886,-1.206,0.8365,163.391,0
7.5701,38.661,-0.23209580779075623,-1.313,0.8228,163.511,0
7.5714,38.551,-0.2309078872203827,-1.423,0.8075,163.609,0
7.5726,38.452,-0.23004621267318726,-1.511,0.7938,163.692,0
7.5739,38.348,-0.22864879667758942,-1.593,0.7793,163.821,0
7.5751,38.249,-0.2283513993024826,-1.648,0.7655,163.937,0
7.5763,38.15,-0.22857032716274261,-1.68,0.7518,164.056,0
7.5775,38.046,-0.22892941534519196,-1.691,0.7373,164.181,0
7.5789,37.936,-0.23007795214653015,-1.671,0.722,164.293,0
7.5802,37.831,-0.2312851995229721,-1.626,0.7076,164.399,0
7.5814,37.727,-0.23203924298286438,-1.562,0.6931,164.553,0
7.5826,37.623,-0.23164710402488708,-1.483,0.6786,164.642,0
7.5839,37.524,-0.23128816485404968,-1.391,0.6648,164.778,0
7.5852,37.408,-0.23029758036136627,-1.272,0.6488,164.897,0
7.5865,37.304,-0.22976721823215485,-1.153,0.6343,165.028,0
7.5878,37.2,-0.22958609461784363,-1.028,0.6198,165.143,0
7.5891,37.095,-0.22986695170402527,-0.902,0.6053,165.309,0
7.5904,36.985,-0.22999195754528046,-0.779,0.5901,165.377,0
7.5919,36.865,-0.229456827044487,-0.666,0.5733,165.566,0
7.5931,36.755,-0.23047968745231628,-0.578,0.558,165.691,0
7.5944,36.656,-0.23027746379375458,-0.529,0.5443,165.84,0
7.5957,36.546,-0.22969715297222137,-0.508,0.529,165.974,0
7.597,36.436,-0.23030699789524078,-0.516,0.5138,166.092,0
7.5982,36.337,-0.23028890788555145,-0.561,0.5,166.241,0
7.5994,36.233,-0.23085685074329376,-0.64,0.4855,166.335,0
7.6006,36.134,-0.230665385723114,-0.754,0.4718,166.474,0
7.6019,36.03,-0.2300606518983841,-0.912,0.4573,166.581,0
7.6032,35.931,-0.22968505322933197,-1.092,0.4436,166.692,0
7.6045,35.826,-0.22809916734695435,-1.319,0.4291,166.812,0
7.6057,35.722,-0.22646339237689972,-1.573,0.4146,166.873,0
7.6071,35.623,-0.22493264079093933,-1.834,0.4008,167.009,0
7.6083,35.519,-0.22261272370815277,-2.128,0.3864,167.104,0
7.6096,35.42,-0.2211862951517105,-2.412,0.3726,167.207,0
7.6108,35.321,-0.2200498878955841,-2.696,0.3589,167.277,0
7.6121,35.217,-0.22137296199798584,-2.977,0.3444,167.38,0
7.6134,35.118,-0.22115223109722137,-3.241,0.3307,167.505,0
7.6146,35.019,-0.2221333235502243,-3.483,0.3169,167.602,0
7.6158,34.926,-0.2217608392238617,-3.699,0.304,167.71,0
7.6171,34.821,-0.22342322766780853,-3.899,0.2895,167.784,0
7.6184,34.717,-0.22505301237106323,-4.065,0.275,167.849,0
7.6196,34.612,-0.22769127786159515,-4.185,0.2605,167.993,0
7.621,34.497,-0.23075856268405914,-4.267,0.2444,168.032,0
7.6222,34.387,-0.23244723677635193,-4.301,0.2292,168.188,0
7.6234,34.283,-0.23495210707187653,-4.28,0.2147,168.28,0
7.6246,34.184,-0.23625227808952332,-4.224,0.201,168.344,0
7.6259,34.074,-0.23780673742294312,-4.115,0.1857,168.411,0
7.6271,33.964,-0.2385057955980301,-3.965,0.1704,168.49,0
7.6283,33.86,-0.23890163004398346,-3.787,0.1559,168.599,0
7.6295,33.755,-0.2394808977842331,-3.575,0.1414,168.687,0
7.6307,33.651,-0.24006034433841705,-3.337,0.127,168.761,0
7.632,33.547,-0.2397332489490509,-3.084,0.1125,168.851,0
7.6333,33.431,-0.24043922126293182,-2.783,0.0964,168.942,0
7.6344,33.327,-0.2411373108625412,-2.505,0.0819,169.011,0
7.6358,33.217,-0.24113014340400696,-2.218,0.0667,169.072,0
7.637,33.107,-0.2417490929365158,-1.938,0.0514,169.204,0
7.6382,32.997,-0.2429107278585434,-1.671,0.0362,169.278,0
7.6394,32.888,-0.2441483587026596,-1.427,0.0209,169.364,0
7.6406,32.783,-0.2448503077030182,-1.226,0.0064,169.466,0
7.6421,32.668,-0.24444617331027985,-1.045,0.9904,169.571,0
7.6433,32.547,-0.24288839101791382,-0.905,0.9736,169.648,0
7.6446,32.443,-0.24308738112449646,-0.812,0.9591,169.722,0
7.646,32.322,-0.24191278219223022,-0.756,0.9423,169.823,0
7.6472,32.217,-0.240680992603302,-0.744,0.9278,169.895,0
7.6484,32.119,-0.23834897577762604,-0.769,0.9141,170.003,0
7.6496,32.014,-0.23510947823524475,-0.826,0.8996,170.033,0
7.6508,31.921,-0.23288922011852264,-0.893,0.8866,170.159,0
7.6521,31.822,-0.2307322472333908,-0.979,0.8729,170.251,0
7.6533,31.718,-0.22857636213302612,-1.084,0.8584,170.302,0
7.6547,31.619,-0.22591117024421692,-1.194,0.8447,170.418,0
7.656,31.514,-0.22416523098945618,-1.308,0.8302,170.525,0
7.6572,31.41,-0.22291335463523865,-1.417,0.8157,170.599,0
7.6585,31.311,-0.22250968217849731,-1.509,0.8019,170.74,0
7.6599,31.207,-0.2207927405834198,-1.601,0.7874,170.858,0
7.6613,31.102,-0.219644233584404,-1.674,0.7729,170.938,0
7.6626,30.992,-0.21928294003009796,-1.724,0.7577,171.061,0
7.6639,30.888,-0.2200082391500473,-1.742,0.7432,171.151,0
7.6652,30.784,-0.221649169921875,-1.73,0.7287,171.272,0
7.6665,30.685,-0.2230323702096939,-1.698,0.715,171.393,0
7.6678,30.575,-0.2236504852771759,-1.642,0.6997,171.539,0
7.669,30.476,-0.2236281931400299,-1.575,0.686,171.629,0
7.6704,30.372,-0.22430142760276794,-1.48,0.6715,171.75,0
7.6717,30.256,-0.2241218090057373,-1.363,0.6555,171.874,0
7.6729,30.157,-0.22395958006381989,-1.251,0.6417,172.017,0
7.6742,30.059,-0.22386956214904785,-1.133,0.628,172.164,0
7.6756,29.954,-0.2241194248199463,-1.006,0.6135,172.262,0
7.6769,29.844,-0.224248468875885,-0.878,0.5982,172.399,0
7.6781,29.74,-0.22412517666816711,-0.768,0.5837,172.491,0
7.6794,29.641,-0.22420229017734528,-0.678,0.57,172.663,0
7.6806,29.542,-0.2246318906545639,-0.605,0.5563,172.81,0
7.6822,29.416,-0.22483569383621216,-0.548,0.5387,172.931,0
7.6834,29.312,-0.22500352561473846,-0.535,0.5242,173.091,0
7.6847,29.213,-0.2251734435558319,-0.555,0.5105,173.191,0
7.6861,29.103,-0.22550728917121887,-0.613,0.4952,173.311,0
7.6875,28.993,-0.22608190774917603,-0.711,0.48,173.399,0
7.6888,28.883,-0.22566655278205872,-0.855,0.4647,173.567,0
7.6901,28.779,-0.22464977204799652,-1.033,0.4502,173.704,0
7.6914,28.669,-0.22285379469394684,-1.259,0.435,173.795,0
7.6927,28.57,-0.22186265885829926,-1.486,0.4212,173.887,0
7.6939,28.471,-0.2203851342201233,-1.737,0.4075,174.009,0
7.6952,28.378,-0.2186231017112732,-1.992,0.3945,174.126,0
7.6965,28.279,-0.21612702310085297,-2.278,0.3808,174.257,0
7.6977,28.18,-0.2147095948457718,-2.563,0.3671,174.318,0
7.6989,28.092,-0.21365031599998474,-2.815,0.3549,174.415,0
7.7002,27.999,-0.2133210152387619,-3.074,0.3419,174.511,0
7.7014,27.905,-0.2132359892129898,-3.321,0.3289,174.637,0
7.7028,27.806,-0.21269772946834564,-3.569,0.3152,174.714,0
7.7041,27.708,-0.21237586438655853,-3.794,0.3015,174.825,0
7.7053,27.609,-0.21342508494853973,-3.982,0.2877,174.924,0
7.7065,27.51,-0.21577687561511993,-4.131,0.274,174.98,0
7.7077,27.411,-0.21823197603225708,-4.243,0.2603,175.076,0
7.7089,27.312,-0.22053395211696625,-4.318,0.2465,175.138,0
7.7102,27.208,-0.22259454429149628,-4.355,0.232,175.293,0
7.7115,27.103,-0.22538723051548004,-4.342,0.2175,175.35,0
7.7129,26.988,-0.22738102078437805,-4.28,0.2015,175.453,0
7.7142,26.878,-0.2286711037158966,-4.174,0.1862,175.535,0
7.7155,26.774,-0.22898581624031067,-4.037,0.1718,175.628,0
7.7168,26.664,-0.22883592545986176,-3.854,0.1565,175.708,0
7.7181,26.559,-0.22900821268558502,-3.646,0.142,175.782,0
7.7195,26.45,-0.22950856387615204,-3.396,0.1267,175.87,0
7.7208,26.334,-0.23043076694011688,-3.108,0.1107,175.976,0
7.7223,26.213,-0.23078668117523193,-2.794,0.0939,176.058,0
7.7237,26.098,-0.23157405853271484,-2.486,0.0779,176.147,0
7.7251,25.983,-0.2314605712890625,-2.188,0.0619,176.241,0
7.7264,25.862,-0.23202583193778992,-1.886,0.0451,176.307,0
7.7277,25.752,-0.23336182534694672,-1.627,0.0298,176.447,0
7.729,25.648,-0.23474232852458954,-1.405,0.0154,176.547,0
7.7302,25.532,-0.23591777682304382,-1.194,0.9993,176.567,0
7.7314,25.433,-0.23620104789733887,-1.047,0.9856,176.682,0
7.7327,25.329,-0.23634213209152222,-0.926,0.9711,176.77,0
7.734,25.219,-0.23508359491825104,-0.844,0.9558,176.817,0
7.7353,25.115,-0.23373453319072723,-0.803,0.9413,176.935,0
7.7365,25.016,-0.23177127540111542,-0.798,0.9276,177.014,0
7.7378,24.911,-0.22908085584640503,-0.826,0.9131,177.072,0
7.7391,24.807,-0.2264055609703064,-0.881,0.8986,177.181,0
7.7403,24.714,-0.22370165586471558,-0.953,0.8857,177.236,0
7.7416,24.615,-0.22226838767528534,-1.036,0.8719,177.349,0
7.7428,24.516,-0.22001411020755768,-1.136,0.8582,177.416,0
7.7441,24.423,-0.21808163821697235,-1.238,0.8452,177.521,0
7.7454,24.329,-0.2155470848083496,-1.345,0.8322,177.584,0
7.7467,24.23,-0.21343152225017548,-1.455,0.8185,177.688,0
7.7481,24.126,-0.21199825406074524,-1.559,0.804,177.843,0
7.7495,24.022,-0.2107243686914444,-1.651,0.7895,177.922,0
7.7507,23.928,-0.2096623331308365,-1.719,0.7766,178.044,0
7.752,23.835,-0.20942163467407227,-1.767,0.7636,178.128,0
7.7532,23.741,-0.2088230699300766,-1.8,0.7506,178.244,0
7.7544,23.643,-0.2097974419593811,-1.805,0.7369,178.321,0
7.7558,23.549,-0.21156567335128784,-1.785,0.7239,178.379,0
7.7571,23.445,-0.21291816234588623,-1.743,0.7094,178.538,0
7.7584,23.346,-0.21372346580028534,-1.684,0.6957,178.648,0
7.7596,23.247,-0.21419554948806763,-1.608,0.6819,178.723,0
7.7609,23.148,-0.2150605022907257,-1.513,0.6682,178.875,0
7.7624,23.033,-0.21458949148654938,-1.394,0.6522,178.945,0
7.7637,22.934,-0.2143426537513733,-1.281,0.6385,179.106,0
7.7649,22.835,-0.21406570076942444,-1.164,0.6247,179.206,0
7.7662,22.736,-0.2138058990240097,-1.046,0.611,179.33,0
7.7675,22.648,-0.21344338357448578,-0.947,0.5988,179.454,0
7.7687,22.544,-0.21387836337089539,-0.833,0.5843,179.572,0
7.7701,22.451,-0.21438811719417572,-0.745,0.5713,179.711,0
7.7713,22.346,-0.21395595371723175,-0.671,0.5568,179.822,0
7.7725,22.253,-0.2144566923379898,-0.622,0.5439,179.913,0
7.7739,22.154,-0.21483108401298523,-0.597,0.5301,180.052,0
7.7751,22.05,-0.21535198390483856,-0.602,0.5156,180.206,0
7.7764,21.951,-0.21627961099147797,-0.637,0.5019,180.328,0
7.7778,21.852,-0.21711301803588867,-0.705,0.4882,180.43,0
7.7792,21.742,-0.21791644394397736,-0.821,0.4729,180.531,0
7.7804,21.638,-0.2176966816186905,-0.973,0.4584,180.685,0
7.7817,21.539,-0.21580222249031067,-1.16,0.4447,180.786,0
7.7831,21.44,-0.21438272297382355,-1.372,0.4309,180.897,0
7.7844,21.335,-0.21330104768276215,-1.619,0.4164,180.982,0
7.7856,21.242,-0.21194179356098175,-1.862,0.4035,181.087,0
7.787,21.143,-0.21001872420310974,-2.137,0.3897,181.221,0
7.7882,21.05,-0.20790082216262817,-2.408,0.3768,181.323,0
7.7895,20.962,-0.2063174545764923,-2.664,0.3646,181.419,0
7.7909,20.863,-0.2052079141139984,-2.946,0.3508,181.521,0
7.7924,20.748,-0.20460696518421173,-3.263,0.3348,181.67,0
7.7938,20.654,-0.20370571315288544,-3.507,0.3218,181.752,0
7.7951,20.561,-0.20352105796337128,-3.73,0.3089,181.834,0
7.7964,20.457,-0.20349279046058655,-3.951,0.2944,181.964,0
7.7976,20.363,-0.20387238264083862,-4.119,0.2814,182.013,0
7.7988,20.275,-0.2051825225353241,-4.243,0.2692,182.093,0
7.8001,20.182,-0.20651927590370178,-4.344,0.2562,182.18,0
7.8014,20.083,-0.20828881859779358,-4.41,0.2425,182.316,0
7.8027,19.99,-0.20993658900260925,-4.435,0.2295,182.374,0
7.8042,19.869,-0.2132309228181839,-4.406,0.2127,182.51,0
7.8055,19.764,-0.21517468988895416,-4.336,0.1982,182.527,0
7.8067,19.666,-0.216575488448143,-4.233,0.1845,182.654,0
7.8081,19.561,-0.21663647890090942,-4.092,0.17,182.736,0
7.8093,19.462,-0.21654176712036133,-3.925,0.1563,182.82,0
7.8106,19.363,-0.21627521514892578,-3.731,0.1425,182.894,0
7.8119,19.265,-0.2160729169845581,-3.512,0.1288,182.993,0
7.8132,19.16,-0.216763436794281,-3.255,0.1143,183.061,0
7.8145,19.067,-0.2171807438135147,-3.015,0.1013,183.13,0
7.8158,18.962,-0.21739041805267334,-2.74,0.0869,183.219,0
7.8171,18.864,-0.2164088636636734,-2.487,0.0731,183.302,0
7.8184,18.759,-0.2158021181821823,-2.222,0.0586,183.356,0
7.8197,18.666,-0.2155802696943283,-1.994,0.0457,183.434,0
7.821,18.556,-0.2167263925075531,-1.736,0.0304,183.543,0
7.8225,18.435,-0.2184499055147171,-1.479,0.0136,183.622,0
7.8238,18.336,-0.21966880559921265,-1.297,0.9999,183.716,0
7.8251,18.232,-0.22086621820926666,-1.137,0.9854,183.802,0
7.8264,18.127,-0.22169911861419678,-1.013,0.9709,183.85,0
7.8277,18.023,-0.22219891846179962,-0.924,0.9564,183.957,0
7.8292,17.913,-0.22008050978183746,-0.884,0.9411,184.058,0
7.8304,17.809,-0.2174428105354309,-0.884,0.9266,184.123,0
7.8317,17.715,-0.21425577998161316,-0.914,0.9137,184.195,0
7.833,17.622,-0.2117830067873001,-0.962,0.9007,184.234,0
7.8343,17.529,-0.20998792350292206,-1.025,0.8877,184.313,0
7.8355,17.43,-0.20850369334220886,-1.106,0.874,184.414,0
7.8369,17.336,-0.20632457733154297,-1.2,0.861,184.505,0
7.8381,17.249,-0.20433646440505981,-1.295,0.8488,184.595,0
7.8394,17.161,-0.2013554871082306,-1.399,0.8366,184.704,0
7.8407,17.073,-0.20001813769340515,-1.494,0.8244,184.754,0
7.8421,16.979,-0.19865986704826355,-1.591,0.8114,184.837,0
7.8433,16.88,-0.19786718487739563,-1.682,0.7977,184.952,0
7.8447,16.793,-0.19653373956680298,-1.756,0.7855,185.035,0
7.8461,16.699,-0.1959870308637619,-1.817,0.7725,185.094,0
7.8473,16.606,-0.19562135636806488,-1.861,0.7596,185.202,0
7.8486,16.512,-0.19546909630298615,-1.886,0.7466,185.314,0
7.8499,16.425,-0.19651652872562408,-1.885,0.7344,185.387,0
7.8511,16.331,-0.19851088523864746,-1.859,0.7214,185.523,0
7.8527,16.221,-0.19991236925125122,-1.81,0.7061,185.59,0
7.8541,16.122,-0.2012859284877777,-1.743,0.6924,185.708,0
7.8554,16.018,-0.20249803364276886,-1.654,0.6779,185.813,0
7.8566,15.93,-0.20281679928302765,-1.569,0.6657,185.974,0
7.8579,15.837,-0.20284640789031982,-1.469,0.6527,186.051,0
7.8592,15.749,-0.20251832902431488,-1.37,0.6405,186.139,0
7.8605,15.65,-0.2029748111963272,-1.248,0.6268,186.281,0
7.8618,15.557,-0.20286357402801514,-1.136,0.6138,186.368,0
7.8631,15.463,-0.20296165347099304,-1.027,0.6009,186.504,0
7.8644,15.364,-0.2030688375234604,-0.919,0.5871,186.597,0
7.8657,15.271,-0.20322449505329132,-0.829,0.5742,186.712,0
7.8671,15.172,-0.2029472440481186,-0.754,0.5604,186.843,0
7.8685,15.068,-0.20335030555725098,-0.695,0.5459,186.961,0
7.8698,14.969,-0.20294009149074554,-0.67,0.5322,187.086,0
7.8712,14.875,-0.2036440670490265,-0.667,0.5192,187.193,0
7.8726,14.755,-0.20418231189250946,-0.707,0.5024,187.348,0
7.8739,14.661,-0.20523601770401,-0.768,0.4895,187.454,0
7.8752,14.568,-0.20643657445907593,-0.857,0.4765,187.582,0
7.8765,14.474,-0.20654059946537018,-0.983,0.4635,187.643,0
7.8777,14.381,-0.206091970205307,-1.14,0.4506,187.806,0
7.879,14.288,-0.20504164695739746,-1.326,0.4376,187.906,0
7.8803,14.194,-0.20427384972572327,-1.534,0.4246,187.959,0
7.8815,14.106,-0.20271876454353333,-1.754,0.4124,188.1,0
7.8828,14.019,-0.20134995877742767,-1.987,0.4002,188.208,0
7.8841,13.931,-0.2009873390197754,-2.226,0.388,188.272,0
7.8853,13.837,-0.19867347180843353,-2.498,0.375,188.442,0
7.8866,13.755,-0.19708792865276337,-2.739,0.3636,188.495,0
7.8878,13.661,-0.19549134373664856,-3.009,0.3506,188.598,0
7.8891,13.579,-0.1944887936115265,-3.24,0.3392,188.706,0
7.8904,13.497,-0.19356976449489594,-3.461,0.3277,188.781,0
7.8916,13.403,-0.19303901493549347,-3.695,0.3148,188.9,0
7.8928,13.315,-0.19300515949726105,-3.893,0.3026,189.0,0
7.8942,13.233,-0.1932399719953537,-4.058,0.2911,189.06,0
7.8955,13.14,-0.19393561780452728,-4.216,0.2781,189.183,0
7.8967,13.046,-0.19571252167224884,-4.337,0.2652,189.256,0
7.898,12.953,-0.19827546179294586,-4.42,0.2522,189.314,0
7.8993,12.859,-0.19960418343544006,-4.474,0.2392,189.42,0
7.9006,12.766,-0.2017419934272766,-4.487,0.2263,189.528,0
7.9019,12.667,-0.20367969572544098,-4.462,0.2125,189.563,0
7.9031,12.574,-0.20540763437747955,-4.402,0.1996,189.663,0
7.9044,12.475,-0.2066149115562439,-4.303,0.1858,189.774,0
7.9056,12.382,-0.20834305882453918,-4.172,0.1729,189.837,0
7.9069,12.288,-0.2089465856552124,-4.018,0.1599,189.905,0
7.9081,12.189,-0.20843945443630219,-3.832,0.1461,190.013,0
7.9094,12.101,-0.2078554630279541,-3.646,0.1339,190.051,0
7.9105,12.014,-0.20739878714084625,-3.443,0.1217,190.135,0
7.9119,11.915,-0.20859020948410034,-3.189,0.108,190.233,0
7.9132,11.816,-0.20888350903987885,-2.932,0.0943,190.279,0
7.9145,11.717,-0.20904038846492767,-2.671,0.0805,190.341,0
7.9158,11.629,-0.20689181983470917,-2.454,0.0683,190.426,0
7.9171,11.53,-0.20683792233467102,-2.203,0.0546,190.556,0
7.9184,11.431,-0.2059822380542755,-1.97,0.0409,190.595,0
7.9196,11.338,-0.20601589977741241,-1.761,0.0279,190.626,0
7.921,11.239,-0.20693987607955933,-1.555,0.0142,190.73,0
7.9223,11.146,-0.2074098140001297,-1.386,0.0012,190.79,0
7.9235,11.047,-0.20898917317390442,-1.228,0.9875,190.838,0
7.9248,10.948,-0.21065112948417664,-1.1,0.9737,190.958,0
7.9262,10.849,-0.21199345588684082,-1.003,0.96,191.026,0
7.9275,10.745,-0.21144802868366241,-0.947,0.9455,191.102,0
7.9288,10.651,-0.20995782315731049,-0.931,0.9325,191.15,0
7.9301,10.552,-0.20679166913032532,-0.952,0.9188,191.252,0
7.9314,10.464,-0.20417778193950653,-0.99,0.9066,191.289,0
7.9328,10.36,-0.20079444348812103,-1.061,0.8921,191.394,0
7.9342,10.278,-0.19901786744594574,-1.126,0.8806,191.439,0
7.9354,10.179,-0.19722424447536469,-1.217,0.8669,191.531,0
7.9367,10.096,-0.19465592503547668,-1.307,0.8555,191.649,0
7.938,10.009,-0.19244365394115448,-1.405,0.8433,191.723,0
7.9393,9.926,-0.19018162786960602,-1.5,0.8318,191.796,0
7.9406,9.838,-0.18774236738681793,-1.601,0.8196,191.859,0
7.9419,9.756,-0.18644940853118896,-1.686,0.8082,191.934,0
7.9432,9.668,-0.18510697782039642,-1.769,0.796,192.055,0
7.9445,9.586,-0.18377113342285156,-1.838,0.7845,192.107,0
7.9459,9.492,-0.18222728371620178,-1.904,0.7715,192.195,0
7.9472,9.41,-0.18133528530597687,-1.945,0.7601,192.274,0
7.9484,9.327,-0.1812589019536972,-1.969,0.7487,192.392,0
7.9497,9.245,-0.1820504367351532,-1.972,0.7372,192.466,0
7.9511,9.163,-0.18291722238063812,-1.959,0.7258,192.539,0
7.9524,9.064,-0.18418584764003754,-1.923,0.712,192.642,0
7.9536,8.987,-0.18526066839694977,-1.88,0.7014,192.693,0
7.9549,8.899,-0.18579286336898804,-1.819,0.6891,192.792,0
7.9562,8.811,-0.18671181797981262,-1.742,0.6769,192.917,0
7.9575,8.729,-0.1874075084924698,-1.66,0.6655,193.017,0
7.9588,8.641,-0.18687041103839874,-1.569,0.6533,193.104,0
7.9601,8.553,-0.18595317006111145,-1.474,0.6411,193.157,0
7.9613,8.465,-0.18547742068767548,-1.372,0.6289,193.293,0
7.9626,8.383,-0.18441006541252136,-1.278,0.6174,193.407,0
7.9638,8.3,-0.18370668590068817,-1.185,0.606,193.492,0
7.9651,8.223,-0.18388959765434265,-1.096,0.5953,193.601,0
7.9664,8.135,-0.18294955790042877,-1.01,0.5831,193.696,0
7.9677,8.053,-0.182204470038414,-0.94,0.5717,193.771,0
7.9691,7.971,-0.1809951215982437,-0.885,0.5602,193.899,0
7.9704,7.877,-0.18082430958747864,-0.834,0.5472,194.004,0
7.9717,7.789,-0.18019750714302063,-0.81,0.535,194.095,0
7.9731,7.712,-0.179735466837883,-0.807,0.5244,194.192,0
7.9744,7.625,-0.17970727384090424,-0.823,0.5121,194.32,0
7.9757,7.537,-0.179616317152977,-0.865,0.4999,194.396,0
7.977,7.454,-0.1795259565114975,-0.928,0.4885,194.465,0
7.9783,7.372,-0.17964880168437958,-1.013,0.4771,194.644,0
7.9796,7.284,-0.18001553416252136,-1.128,0.4648,194.677,0
7.9809,7.202,-0.17885586619377136,-1.267,0.4534,194.816,0
7.9822,7.125,-0.17695987224578857,-1.42,0.4427,194.875,0
7.9834,7.048,-0.17528344690799713,-1.589,0.432,194.965,0
7.9847,6.971,-0.17389239370822906,-1.771,0.4214,195.034,0
7.9861,6.894,-0.17185741662979126,-1.97,0.4107,195.153,0
7.9874,6.812,-0.1698911488056183,-2.195,0.3992,195.255,0
7.9887,6.735,-0.16683915257453918,-2.42,0.3885,195.342,0
7.9899,6.663,-0.1656714826822281,-2.624,0.3786,195.434,0
7.9913,6.592,-0.16383051872253418,-2.835,0.3687,195.492,0
7.9926,6.515,-0.1621175855398178,-3.061,0.358,195.621,0
7.9938,6.438,-0.16040095686912537,-3.284,0.3474,195.723,0
7.9952,6.372,-0.15897159278392792,-3.472,0.3382,195.786,0
7.9967,6.29,-0.1574164777994156,-3.696,0.3268,195.858,0
7.998,6.213,-0.155231773853302,-3.899,0.3161,195.917,0
7.9993,6.141,-0.1546752154827118,-4.067,0.3062,196.037,0
8.0005,6.075,-0.15329191088676453,-4.215,0.297,196.068,0
8.0019,6.004,-0.15292571485042572,-4.354,0.2871,196.177,0
8.0032,5.933,-0.15316426753997803,-4.472,0.2772,196.269,0
8.0046,5.856,-0.15424750745296478,-4.574,0.2665,196.306,0
8.0059,5.779,-0.15559768676757812,-4.652,0.2558,196.39,0
8.0073,5.702,-0.1566641628742218,-4.708,0.2451,196.469,0
8.0086,5.62,-0.1586402952671051,-4.736,0.2337,196.52,0
8.01,5.537,-0.15977852046489716,-4.74,0.2222,196.589,0
8.0114,5.466,-0.16081097722053528,-4.719,0.2123,196.696,0
8.0127,5.378,-0.16148647665977478,-4.668,0.2001,196.721,0
8.0139,5.301,-0.16327258944511414,-4.591,0.1894,196.818,0
8.0152,5.229,-0.1645243614912033,-4.501,0.1795,196.849,0
8.0165,5.153,-0.1652628481388092,-4.387,0.1688,196.998,0
8.0178,5.076,-0.1650407910346985,-4.259,0.1581,197.01,0
8.0192,4.999,-0.16379079222679138,-4.119,0.1475,197.077,0
8.0204,4.922,-0.16215014457702637,-3.966,0.1368,197.153,0
8.0217,4.85,-0.1606542021036148,-3.811,0.1269,197.205,0
8.0231,4.774,-0.15966355800628662,-3.631,0.1162,197.265,0
8.0244,4.702,-0.15916846692562103,-3.454,0.1063,197.336,0
8.0256,4.631,-0.15948501229286194,-3.267,0.0963,197.403,0
8.0269,4.554,-0.15929391980171204,-3.066,0.0857,197.463,0
8.0281,4.488,-0.15831813216209412,-2.899,0.0765,197.497,0
8.0294,4.417,-0.15768712759017944,-2.717,0.0666,197.527,0
8.0306,4.345,-0.15648461878299713,-2.543,0.0567,197.579,0
8.0318,4.279,-0.1559637486934662,-2.384,0.0475,197.59,0
8.0331,4.213,-0.15505261719226837,-2.234,0.0384,197.724,0
8.0343,4.142,-0.15491434931755066,-2.076,0.0284,197.747,0
8.0355,4.076,-0.1543036699295044,-1.943,0.0193,197.811,0
8.0367,4.01,-0.1545334756374359,-1.816,0.0101,197.88,0
8.038,3.944,-0.15452741086483002,-1.701,0.001,197.934,0
8.0393,3.867,-0.1546124964952469,-1.583,0.9903,197.945,0
8.0405,3.796,-0.15548370778560638,-1.484,0.9804,198.031,0
8.0417,3.73,-0.15700110793113708,-1.403,0.9712,198.096,0
8.0432,3.647,-0.15826410055160522,-1.325,0.9598,198.109,0
8.0444,3.576,-0.1593645066022873,-1.274,0.9499,198.161,0
8.0457,3.505,-0.15892180800437927,-1.249,0.9399,198.203,0
8.047,3.433,-0.15744787454605103,-1.245,0.93,198.259,0
8.0482,3.362,-0.15606406331062317,-1.255,0.9201,198.313,0
8.0494,3.301,-0.15336045622825623,-1.283,0.9117,198.373,0
8.0507,3.235,-0.1510525345802307,-1.32,0.9026,198.43,0
8.0521,3.17,-0.1477476805448532,-1.373,0.8934,198.471,0
8.0533,3.104,-0.14573222398757935,-1.427,0.8842,198.579,0
8.0544,3.043,-0.14370808005332947,-1.484,0.8759,198.608,0
8.0556,2.983,-0.14167563617229462,-1.546,0.8675,198.64,0
8.0568,2.928,-0.14002245664596558,-1.605,0.8598,198.708,0
8.0581,2.873,-0.1379953920841217,-1.669,0.8522,198.755,0
8.0593,2.812,-0.1356746107339859,-1.742,0.8438,198.771,0
8.0606,2.752,-0.13372591137886047,-1.813,0.8354,198.848,0
8.0618,2.697,-0.13270816206932068,-1.874,0.8278,198.918,0
8.0632,2.631,-0.13148507475852966,-1.945,0.8186,198.968,0
8.0644,2.576,-0.1308050900697708,-2.001,0.811,199.028,0
8.0656,2.521,-0.1299925297498703,-2.055,0.8034,199.05,0
8.0668,2.466,-0.12844085693359375,-2.11,0.7957,199.117,0
8.0681,2.411,-0.12775342166423798,-2.156,0.7881,199.176,0
8.0693,2.357,-0.12642481923103333,-2.201,0.7805,199.232,0
8.0706,2.302,-0.1258852630853653,-2.237,0.7729,199.237,0
8.0719,2.241,-0.12496163696050644,-2.271,0.7645,199.328,0
8.0733,2.181,-0.1254245489835739,-2.29,0.7561,199.384,0
8.0745,2.126,-0.1250561624765396,-2.306,0.7484,199.422,0
8.0758,2.065,-0.126021146774292,-2.307,0.7401,199.524,0
8.077,2.01,-0.12804602086544037,-2.295,0.7324,199.54,0
8.0782,1.95,-0.12851159274578094,-2.283,0.724,199.608,0
8.0794,1.895,-0.12940852344036102,-2.263,0.7164,199.693,0
8.0807,1.835,-0.12974080443382263,-2.237,0.708,199.712,0
8.082,1.774,-0.13031144440174103,-2.202,0.6996,199.825,0
8.0833,1.714,-0.1304718405008316,-2.162,0.6912,199.877,0
8.0845,1.653,-0.13101933896541595,-2.112,0.6828,199.888,0
8.0857,1.593,-0.13200929760932922,-2.054,0.6744,199.983,0
8.0871,1.533,-0.13265462219715118,-1.992,0.666,200.031,0
8.0884,1.467,-0.13269992172718048,-1.923,0.6569,200.127,0
8.0896,1.406,-0.13217422366142273,-1.859,0.6485,200.185,0
8.0909,1.351,-0.13175146281719208,-1.797,0.6409,200.262,0
8.0921,1.291,-0.1311102956533432,-1.729,0.6325,200.332,0
8.0934,1.236,-0.13046081364154816,-1.667,0.6248,200.375,0
8.0946,1.176,-0.1299612820148468,-1.596,0.6165,200.422,0
8.0959,1.121,-0.12883737683296204,-1.538,0.6088,200.541,0
8.0971,1.066,-0.12808774411678314,-1.479,0.6012,200.584,0
8.0983,1.011,-0.12753938138484955,-1.421,0.5936,200.648,0
8.0996,0.956,-0.12656398117542267,-1.369,0.5859,200.745,0
8.1008,0.895,-0.12534630298614502,-1.318,0.5775,200.783,0
8.1021,0.846,-0.1246805340051651,-1.279,0.5707,200.836,0
8.1033,0.791,-0.12262066453695297,-1.249,0.563,200.897,0
8.1045,0.736,-0.12195060402154922,-1.217,0.5554,200.951,0
8.1057,0.687,-0.12082192301750183,-1.198,0.5486,201.019,0
8.107,0.637,-0.11951989680528641,-1.187,0.5417,201.076,0
8.1083,0.582,-0.11913927644491196,-1.175,0.5341,201.107,0
8.1094,0.533,-0.11800311505794525,-1.177,0.5272,201.219,0
8.1106,0.483,-0.11731702834367752,-1.184,0.5203,201.259,0
8.1118,0.434,-0.11710719019174576,-1.196,0.5135,201.324,0
8.1133,0.374,-0.11641165614128113,-1.224,0.5051,201.395,0
8.1145,0.324,-0.11601940542459488,-1.255,0.4982,201.441,0
8.1158,0.275,-0.11528721451759338,-1.296,0.4913,201.462,0
8.117,0.22,-0.1150209978222847,-1.349,0.4837,201.573,0
8.1182,0.17,-0.1148650273680687,-1.404,0.4768,201.612,0
8.1195,0.121,-0.11474546790122986,-1.467,0.47,201.64,0
8.1208,0.066,-0.11426711827516556,-1.549,0.4623,201.726,0
8.1221,0.016,-0.11404638737440109,-1.63,0.4555,201.773,0
8.1233,-0.038,-0.11360697448253632,-1.73,0.4478,201.84,0
8.1246,-0.082,-0.11238095909357071,-1.822,0.4417,201.95,0
8.1259,-0.137,-0.1110554188489914,-1.942,0.4341,201.959,0
8.1271,-0.187,-0.11043599247932434,-2.054,0.4272,202.024,0
8.1284,-0.231,-0.10932664573192596,-2.162,0.4211,202.07,0
8.1296,-0.28,-0.10761569440364838,-2.292,0.4143,202.136,0
8.131,-0.324,-0.10614171624183655,-2.41,0.4082,202.217,0
8.1324,-0.374,-0.10349534451961517,-2.554,0.4013,202.253,0
8.1336,-0.417,-0.10110466927289963,-2.684,0.3952,202.291,0
8.1348,-0.461,-0.09811034798622131,-2.821,0.3891,202.359,0
8.1361,-0.494,-0.09544995427131653,-2.928,0.3845,202.408,0
8.1374,-0.538,-0.09277381747961044,-3.066,0.3784,202.477,0
8.1387,-0.577,-0.09073571115732193,-3.185,0.3731,202.518,0
8.1399,-0.615,-0.08824297040700912,-3.308,0.3677,202.573,0
8.1412,-0.648,-0.08605124056339264,-3.414,0.3632,202.621,0
8.1424,-0.687,-0.08486312627792358,-3.529,0.3578,202.606,0
8.1437,-0.725,-0.08460382372140884,-3.637,0.3525,202.689,0
8.1449,-0.764,-0.08424466848373413,-3.745,0.3471,202.729,0
8.1461,-0.797,-0.08390216529369354,-3.837,0.3426,202.76,0
8.1474,-0.835,-0.08309689164161682,-3.945,0.3372,202.831,0
8.1487,-0.873,-0.08305966854095459,-4.047,0.3319,202.864,0
8.15,-0.912,-0.08243772387504578,-4.15,0.3265,202.913,0
8.1513,-0.945,-0.08109117299318314,-4.24,0.322,202.961,0
8.1525,-0.983,-0.08020956069231033,-4.339,0.3166,202.969,0
8.1538,-1.022,-0.0798361673951149,-4.432,0.3113,203.047,0
8.1551,-1.055,-0.07928713411092758,-4.51,0.3067,203.083,0
8.1564,-1.088,-0.0778995156288147,-4.59,0.3021,203.107,0
8.1577,-1.121,-0.0767492949962616,-4.666,0.2975,203.138,0
8.159,-1.159,-0.07583340257406235,-4.747,0.2922,203.177,0
8.1602,-1.187,-0.07427823543548584,-4.808,0.2884,203.22,0
8.1614,-1.219,-0.0732375904917717,-4.873,0.2838,203.258,0
8.1627,-1.252,-0.0730801522731781,-4.928,0.2792,203.262,0
8.1639,-1.285,-0.07413439452648163,-4.973,0.2747,203.333,0
8.1652,-1.318,-0.07513611763715744,-5.014,0.2701,203.375,0
8.1664,-1.357,-0.07665656507015228,-5.055,0.2647,203.367,0
8.1676,-1.395,-0.0783085748553276,-5.089,0.2594,203.415,0
8.1688,-1.434,-0.08022025227546692,-5.116,0.2541,203.457,0
8.1701,-1.467,-0.08188248425722122,-5.134,0.2495,203.504,0
8.1713,-1.511,-0.08348172158002853,-5.155,0.2434,203.522,0
8.1726,-1.549,-0.08404624462127686,-5.172,0.238,203.572,0
8.1738,-1.588,-0.08513061702251434,-5.179,0.2327,203.599,0
8.1751,-1.62,-0.08476071059703827,-5.188,0.2281,203.64,0
8.1763,-1.659,-0.08378751575946808,-5.195,0.2228,203.673,0
8.1775,-1.692,-0.08261463046073914,-5.199,0.2182,203.688,0
8.1787,-1.725,-0.08165252208709717,-5.197,0.2136,203.71,0
8.1799,-1.763,-0.08074136823415756,-5.187,0.2083,203.777,0
8.1812,-1.796,-0.08120463788509369,-5.167,0.2037,203.796,0
8.1824,-1.835,-0.08257076144218445,-5.132,0.1984,203.839,0
8.1836,-1.873,-0.08386343717575073,-5.092,0.193,203.888,0
8.1848,-1.917,-0.08521836251020432,-5.04,0.1869,203.929,0
8.1861,-1.956,-0.08679360151290894,-4.986,0.1816,203.947,0
8.1873,-1.994,-0.08779899030923843,-4.93,0.1762,203.968,0
8.1886,-2.038,-0.08897621184587479,-4.859,0.1701,204.008,0
8.1899,-2.076,-0.08882660418748856,-4.799,0.1648,204.071,0
8.1911,-2.115,-0.0881267786026001,-4.737,0.1595,204.108,0
8.1924,-2.153,-0.08545451611280441,-4.683,0.1541,204.103,0
8.1936,-2.186,-0.08256781101226807,-4.636,0.1495,204.154,0
8.1948,-2.219,-0.08009093254804611,-4.584,0.145,204.177,0
8.1961,-2.252,-0.0779101550579071,-4.527,0.1404,204.165,0
8.1974,-2.285,-0.07588303089141846,-4.467,0.1358,204.242,0
8.1986,-2.313,-0.07448966056108475,-4.414,0.132,204.237,0
8.1999,-2.346,-0.07311808317899704,-4.345,0.1274,204.302,0
8.2011,-2.379,-0.07229401171207428,-4.272,0.1228,204.321,0
8.2024,-2.406,-0.07115848362445831,-4.212,0.119,204.322,0
8.2036,-2.439,-0.07053355127573013,-4.134,0.1144,204.348,0
8.2049,-2.466,-0.06897833198308945,-4.074,0.1106,204.399,0
8.2061,-2.494,-0.06793314963579178,-4.01,0.1068,204.389,0
8.2073,-2.527,-0.06728024035692215,-3.929,0.1022,204.423,0
8.2085,-2.554,-0.06669258326292038,-3.861,0.0984,204.47,0
8.2099,-2.582,-0.06481713801622391,-3.801,0.0946,204.484,0
8.2112,-2.609,-0.06362761557102203,-3.735,0.0908,204.517,0
8.2124,-2.637,-0.061666544526815414,-3.674,0.087,204.546,0
8.2136,-2.659,-0.06000315397977829,-3.626,0.0839,204.516,0
8.2148,-2.686,-0.0590791180729866,-3.559,0.0801,204.553,0
8.2161,-2.708,-0.058036014437675476,-3.507,0.0771,204.564,0
8.2174,-2.736,-0.05758639797568321,-3.438,0.0732,204.585,0
8.2186,-2.763,-0.05841432511806488,-3.362,0.0694,204.638,0
8.2199,-2.791,-0.05884760245680809,-3.289,0.0656,204.625,0
8.2211,-2.812,-0.058782774955034256,-3.233,0.0626,204.662,0
8.2223,-2.84,-0.05949550122022629,-3.159,0.0587,204.682,0
8.2236,-2.867,-0.059727877378463745,-3.089,0.0549,204.697,0
8.2249,-2.895,-0.060288600623607635,-3.018,0.0511,204.724,0
8.2261,-2.922,-0.06023804098367691,-2.952,0.0473,204.715,0
8.2273,-2.95,-0.05898056924343109,-2.893,0.0435,204.744,0
8.2285,-2.972,-0.057831015437841415,-2.848,0.0404,204.769,0
8.2298,-2.999,-0.05654323846101761,-2.792,0.0366,204.778,0
8.2311,-3.021,-0.054885413497686386,-2.752,0.0336,204.78,0
8.2323,-3.043,-0.053105782717466354,-2.713,0.0305,204.825,0
8.2337,-3.065,-0.051185593008995056,-2.675,0.0275,204.836,0
8.235,-3.082,-0.04947641119360924,-2.648,0.0252,204.877,0
8.2364,-3.104,-0.047341980040073395,-2.612,0.0221,204.869,0
8.2377,-3.126,-0.04495423659682274,-2.577,0.0191,204.898,0
8.239,-3.142,-0.04364766553044319,-2.549,0.0168,204.888,0
8.2402,-3.159,-0.04286472126841545,-2.52,0.0145,204.893,0
8.2414,-3.175,-0.04102834686636925,-2.493,0.0122,204.89,0
8.2427,-3.192,-0.039996445178985596,-2.465,0.0099,204.924,0
8.2441,-3.214,-0.03974650800228119,-2.426,0.0069,204.932,0
8.2453,-3.23,-0.03887578845024109,-2.398,0.0046,204.951,0
8.2466,-3.246,-0.03879902511835098,-2.371,0.0023,204.986,0
8.2478,-3.263,-0.039358220994472504,-2.343,0.0,204.987,0
8.2491,-3.285,-0.0399506576359272,-2.308,0.9969,205.001,0
8.2503,-3.301,-0.04026970639824867,-2.282,0.9947,204.995,0
8.2516,-3.323,-0.041456788778305054,-2.248,0.9916,205.025,0
8.2529,-3.34,-0.04265463352203369,-2.221,0.9893,205.021,0
8.2542,-3.362,-0.043712906539440155,-2.188,0.9863,205.046,0
8.2555,-3.389,-0.04478833079338074,-2.149,0.9825,205.074,0
8.2567,-3.411,-0.0465155728161335,-2.116,0.9794,205.097,0
8.258,-3.433,-0.04755144566297531,-2.087,0.9763,205.08,0
8.2592,-3.455,-0.04848461598157883,-2.059,0.9733,205.079,0
8.2605,-3.477,-0.05020096153020859,-2.029,0.9702,205.103,0
8.2619,-3.505,-0.050835151225328445,-2.0,0.9664,205.152,0
8.2632,-3.532,-0.05151426047086716,-1.974,0.9626,205.128,0
8.2644,-3.554,-0.051188357174396515,-1.959,0.9596,205.159,0
8.2657,-3.576,-0.05025127902626991,-1.949,0.9565,205.181,0
8.267,-3.598,-0.0493621900677681,-1.939,0.9535,205.17,0
8.2682,-3.62,-0.048504702746868134,-1.932,0.9504,205.206,0
8.2695,-3.636,-0.04688252508640289,-1.931,0.9481,205.212,0
8.2707,-3.658,-0.045906636863946915,-1.926,0.9451,205.231,0
8.272,-3.675,-0.045095544308423996,-1.923,0.9428,205.28,0
8.2732,-3.691,-0.04403126612305641,-1.922,0.9405,205.231,0
8.2745,-3.713,-0.042603734880685806,-1.921,0.9374,205.287,0
8.2757,-3.73,-0.0412873737514019,-1.922,0.9352,205.3,0
8.2771,-3.746,-0.04003908857703209,-1.922,0.9329,205.286,0
8.2783,-3.763,-0.03873974084854126,-1.923,0.9306,205.352,0
8.2796,-3.779,-0.037762876600027084,-1.923,0.9283,205.34,0
8.2809,-3.796,-0.036815520375967026,-1.923,0.926,205.322,0
8.2822,-3.812,-0.03608473762869835,-1.924,0.9237,205.371,0
8.2834,-3.823,-0.03538297489285469,-1.924,0.9222,205.395,0
8.2847,-3.84,-0.03404016047716141,-1.924,0.9199,205.403,0
8.2861,-3.851,-0.03265596926212311,-1.921,0.9184,205.407,0
8.2874,-3.867,-0.03174043819308281,-1.92,0.9161,205.428,0
8.2886,-3.878,-0.0308048315346241,-1.917,0.9146,205.43,0
8.2898,-3.889,-0.029172109439969063,-1.906,0.913,205.398,0
8.2911,-3.9,-0.026997515931725502,-1.883,0.9115,205.432,0
8.2923,-3.911,-0.02508259192109108,-1.854,0.91,205.433,0
8.2939,-3.917,-0.023028956726193428,-1.807,0.9092,205.473,0
8.2951,-3.928,-0.020777728408575058,-1.738,0.9077,205.478,0
8.2964,-3.933,-0.018726790323853493,-1.651,0.9069,205.435,0
8.2976,-3.939,-0.01637883670628071,-1.519,0.9062,205.487,0
8.2989,-3.939,-0.013986928388476372,-1.338,0.9062,205.466,0
8.3001,-3.944,-0.011690272018313408,-1.12,0.9054,205.467,0
8.3014,-3.944,-0.009263107553124428,-0.83,0.9054,205.469,0
8.3026,-3.944,-0.007005383260548115,-0.507,0.9054,205.474,0
8.3039,-3.944,-0.004947709385305643,-0.172,0.9054,205.481,0
8.3051,-3.944,-0.00321104540489614,0.135,0.9054,205.501,0
8.3064,-3.944,-0.001982464687898755,0.363,0.9054,205.415,0
8.3077,-3.939,-0.0009295701747760177,0.566,0.9062,205.476,0
8.3089,-3.939,9.406355820829049e-05,0.761,0.9062,205.48,0
8.3102,-3.939,0.000820438377559185,0.9,0.9062,205.437,0
8.3115,-3.939,0.0012486970517784357,0.982,0.9062,205.487,0
8.3128,-3.939,0.0017265393398702145,1.072,0.9062,205.484,0
8.3141,-3.933,0.0020468151196837425,1.136,0.9069,205.437,0
8.3154,-3.933,0.0025567347183823586,1.232,0.9069,205.472,0
8.3166,-3.933,0.0028112661093473434,1.279,0.9069,205.455,0
8.3181,-3.928,0.0028276715893298388,1.286,0.9077,205.484,0
8.3194,-3.928,0.0030343332327902317,1.324,0.9077,205.448,0
8.3206,-3.928,0.0032194473315030336,1.358,0.9077,205.492,0
8.3218,-3.928,0.0032051228918135166,1.355,0.9077,205.462,0
8.3231,-3.922,0.002893539611250162,1.302,0.9084,205.445,0
8.3244,-3.922,0.002723240526393056,1.271,0.9084,205.471,0
8.3256,-3.922,0.0024236550088971853,1.215,0.9084,205.395,0
8.3269,-3.922,0.0018361153779551387,1.105,0.9084,205.465,0
8.3281,-3.922,0.0014949041651561856,1.04,0.9084,205.479,0
8.3294,-3.922,0.0010913761798292398,0.964,0.9084,205.429,0
8.3306,-3.922,0.0009383393335156143,0.934,0.9084,205.435,0
8.3321,-3.922,0.0006571186822839081,0.881,0.9084,205.447,0
8.3334,-3.922,0.00043478651787154377,0.838,0.9084,205.477,0
8.3346,-3.922,0.00027403642889112234,0.807,0.9084,205.446,0
8.3361,-3.922,0.00016287037578877062,0.786,0.9084,205.447,0
8.3374,-3.922,9.871726797427982e-05,0.774,0.9084,205.453,0
8.3386,-3.922,5.8805220760405064e-05,0.766,0.9084,205.413,0
8.34,-3.922,3.3707157854223624e-05,0.761,0.9084,205.472,0
8.3413,-3.922,1.9015607904293574e-05,0.758,0.9084,205.419,0
8.3426,-3.922,1.0690398084989283e-05,0.757,0.9084,205.457,0
8.344,-3.922,4.568918029690394e-06,0.756,0.9084,205.478,0
8.3452,-3.922,5.287408271215099e-07,0.755,0.9084,205.454,0
8.3465,-3.922,-2.6544287266005995e-06,0.754,0.9084,205.48,0
8.3479,-3.922,-4.246013759257039e-06,0.754,0.9084,205.422,0
8.3491,-3.922,-5.8375967455504e-06,0.754,0.9084,205.461,0
8.3504,-3.922,-7.306748557311948e-06,0.753,0.9084,205.436,0
8.3517,-3.922,-7.306748557311948e-06,0.753,0.9084,205.454,0
8.3531,-3.922,-7.306748557311948e-06,0.753,0.9084,205.489,0
8.3543,-3.922,-7.306748557311948e-06,0.753,0.9084,205.465,0
8.3556,-3.922,-7.306748557311948e-06,0.753,0.9084,205.453,0
8.3568,-3.922,-7.306748557311948e-06,0.753,0.9084,205.456,0
8.3581,-3.922,-7.306748557311948e-06,0.753,0.9084,205.425,0
8.3594,-3.922,-7.306748557311948e-06,0.753,0.9084,205.456,0
8.3607,-3.922,-7.306748557311948e-06,0.753,0.9084,205.477,0
8.362,-3.922,-7.306748557311948e-06,0.753,0.9084,205.423,0
8.3632,-3.922,-7.306748557311948e-06,0.753,0.9084,205.476,0
8.3645,-3.922,-7.306748557311948e-06,0.753,0.9084,205.452,0
8.3659,-3.922,-7.306748557311948e-06,0.753,0.9084,205.465,0
8.3672,-3.922,-7.306748557311948e-06,0.753,0.9084,205.459,0
8.3685,-3.922,-7.306748557311948e-06,0.753,0.9084,205.469,0
8.3699,-3.922,-7.306748557311948e-06,0.753,0.9084,205.41,0
8.3712,-3.922,-7.306748557311948e-06,0.753,0.9084,205.497,0
8.3725,-3.922,-7.306748557311948e-06,0.753,0.9084,205.449,0
8.3741,-3.922,-7.306748557311948e-06,0.753,0.9084,205.45,0
8.3754,-3.922,-7.306748557311948e-06,0.753,0.9084,205.441,0
8.3767,-3.922,-7.306748557311948e-06,0.753,0.9084,205.432,0
8.378,-3.922,-7.306748557311948e-06,0.753,0.9084,205.438,0
8.3792,-3.922,-7.306748557311948e-06,0.753,0.9084,205.454,0
8.3805,-3.922,-7.306748557311948e-06,0.753,0.9084,205.467,0
8.3819,-3.922,-7.306748557311948e-06,0.753,0.9084,205.43,0
8.3832,-3.922,-7.306748557311948e-06,0.753,0.9084,205.45,0
8.3844,-3.922,-7.306748557311948e-06,0.753,0.9084,205.461,0
8.3857,-3.922,-7.306748557311948e-06,0.753,0.9084,205.444,0
8.3871,-3.922,-7.306748557311948e-06,0.753,0.9084,205.444,0
8.3884,-3.922,-7.306748557311948e-06,0.753,0.9084,205.453,0
8.3897,-3.922,-7.306748557311948e-06,0.753,0.9084,205.472,0
8.391,-3.922,-7.306748557311948e-06,0.753,0.9084,205.438,0
8.3923,-3.922,-7.306748557311948e-06,0.753,0.9084,205.453,0
8.3935,-3.922,-7.306748557311948e-06,0.753,0.9084,205.468,0
8.3948,-3.922,-7.306748557311948e-06,0.753,0.9084,205.413,0
8.3961,-3.922,-7.306748557311948e-06,0.753,0.9084,205.453,0
8.3974,-3.922,-7.306748557311948e-06,0.753,0.9084,205.457,0
8.3987,-3.922,-7.306748557311948e-06,0.753,0.9084,205.427,0
8.4,-3.922,-7.306748557311948e-06,0.753,0.9084,205.484,0
8.4012,-3.922,-7.306748557311948e-06,0.753,0.9084,205.436,0
8.4024,-3.922,-7.306748557311948e-06,0.753,0.9084,205.455,0
8.4037,-3.922,-7.306748557311948e-06,0.753,0.9084,205.434,0
8.405,-3.922,-7.306748557311948e-06,0.753,0.9084,205.466,0
8.4062,-3.922,-7.306748557311948e-06,0.753,0.9084,205.455,0
8.4075,-3.922,-7.306748557311948e-06,0.753,0.9084,205.42,0
8.4087,-3.922,-7.306748557311948e-06,0.753,0.9084,205.45,0
8.4101,-3.922,-7.306748557311948e-06,0.753,0.9084,205.445,0
8.4114,-3.922,-7.306748557311948e-06,0.753,0.9084,205.423,0
8.4126,-3.922,-7.306748557311948e-06,0.753,0.9084,205.456,0
8.4142,-3.922,-7.306748557311948e-06,0.753,0.9084,205.395,0
8.4154,-3.922,-7.306748557311948e-06,0.753,0.9084,205.475,0
8.4166,-3.922,-7.306748557311948e-06,0.753,0.9084,205.485,0
8.418,-3.922,-7.306748557311948e-06,0.753,0.9084,205.435,0
8.4192,-3.922,-7.306748557311948e-06,0.753,0.9084,205.488,0
8.4205,-3.922,-7.306748557311948e-06,0.753,0.9084,205.439,0
8.4219,-3.922,-7.306748557311948e-06,0.753,0.9084,205.461,0
8.4231,-3.922,-7.306748557311948e-06,0.753,0.9084,205.448,0
8.4244,-3.922,-7.306748557311948e-06,0.753,0.9084,205.45,0
8.4257,-3.922,-7.306748557311948e-06,0.753,0.9084,205.475,0
8.427,-3.922,-7.306748557311948e-06,0.753,0.9084,205.459,0
8.4284,-3.922,-7.306748557311948e-06,0.753,0.9084,205.443,0
8.4296,-3.922,-7.306748557311948e-06,0.753,0.9084,205.459,0
8.4308,-3.922,-7.306748557311948e-06,0.753,0.9084,205.411,0
8.4321,-3.922,-7.306748557311948e-06,0.753,0.9084,205.484,0
8.4334,-3.922,-7.306748557311948e-06,0.753,0.9084,205.464,0
8.4346,-3.922,-7.306748557311948e-06,0.753,0.9084,205.446,0
8.4359,-3.922,-7.306748557311948e-06,0.753,0.9084,205.481,0
8.4372,-3.922,-7.306748557311948e-06,0.753,0.9084,205.453,0
8.4385,-3.922,-7.306748557311948e-06,0.753,0.9084,205.455,0
8.4397,-3.922,-7.306748557311948e-06,0.753,0.9084,205.44,0
8.441,-3.922,-7.306748557311948e-06,0.753,0.9084,205.439,0
8.4422,-3.922,-7.306748557311948e-06,0.753,0.9084,205.466,0
8.4434,-3.922,-7.306748557311948e-06,0.753,0.9084,205.447,0
8.4448,-3.922,-7.306748557311948e-06,0.753,0.9084,205.439,0
8.4462,-3.922,-7.306748557311948e-06,0.753,0.9084,205.458,0
8.4474,-3.922,-7.306748557311948e-06,0.753,0.9084,205.45,0
8.4487,-3.922,-7.306748557311948e-06,0.753,0.9084,205.472,0
8.4501,-3.922,-7.306748557311948e-06,0.753,0.9084,205.446,0
8.4513,-3.922,-7.306748557311948e-06,0.753,0.9084,205.459,0
8.4525,-3.922,-7.306748557311948e-06,0.753,0.9084,205.435,0
8.4539,-3.922,-7.306748557311948e-06,0.753,0.9084,205.429,0
8.4552,-3.922,-7.306748557311948e-06,0.753,0.9084,205.465,0
8.4564,-3.922,-7.306748557311948e-06,0.753,0.9084,205.436,0
8.4577,-3.922,-7.306748557311948e-06,0.753,0.9084,205.464,0
8.459,-3.922,-7.306748557311948e-06,0.753,0.9084,205.454,0
8.4602,-3.922,-7.306748557311948e-06,0.753,0.9084,205.424,0
8.4615,-3.922,-7.306748557311948e-06,0.753,0.9084,205.445,0
8.4627,-3.922,-7.306748557311948e-06,0.753,0.9084,205.468,0
8.464,-3.922,-7.306748557311948e-06,0.753,0.9084,205.458,0
8.4653,-3.922,-7.306748557311948e-06,0.753,0.9084,205.472,0
8.4666,-3.922,-7.306748557311948e-06,0.753,0.9084,205.428,0
8.468,-3.922,-7.306748557311948e-06,0.753,0.9084,205.421,0
8.4692,-3.922,-7.306748557311948e-06,0.753,0.9084,205.425,0
8.4705,-3.922,-7.306748557311948e-06,0.753,0.9084,205.451,0
8.4718,-3.922,-7.306748557311948e-06,0.753,0.9084,205.472,0
8.4731,-3.922,-7.306748557311948e-06,0.753,0.9084,205.448,0
8.4744,-3.922,-7.306748557311948e-06,0.753,0.9084,205.451,0
8.4756,-3.922,-7.306748557311948e-06,0.753,0.9084,205.458,0
8.477,-3.922,-7.306748557311948e-06,0.753,0.9084,205.426,0
8.4783,-3.922,-7.306748557311948e-06,0.753,0.9084,205.454,0
8.4796,-3.922,-7.306748557311948e-06,0.753,0.9084,205.44,0
8.4809,-3.922,-7.306748557311948e-06,0.753,0.9084,205.458,0
8.4822,-3.922,-7.306748557311948e-06,0.753,0.9084,205.442,0
8.4835,-3.922,-7.306748557311948e-06,0.753,0.9084,205.438,0
8.4847,-3.922,-7.306748557311948e-06,0.753,0.9084,205.441,0
8.4861,-3.922,-7.306748557311948e-06,0.753,0.9084,205.436,0
8.4875,-3.922,-7.306748557311948e-06,0.753,0.9084,205.472,0
8.4889,-3.922,-7.306748557311948e-06,0.753,0.9084,205.434,0
8.4901,-3.922,-7.306748557311948e-06,0.753,0.9084,205.461,0
8.4914,-3.922,-7.306748557311948e-06,0.753,0.9084,205.46,0
8.4927,-3.922,-7.306748557311948e-06,0.753,0.9084,205.477,0
8.494,-3.922,-7.306748557311948e-06,0.753,0.9084,205.459,0
8.4952,-3.922,0.00019543664529919624,0.792,0.9084,205.47,0
8.4966,-3.922,0.00021808614837937057,0.797,0.9084,205.455,0
8.4979,-3.922,0.0001722974848235026,0.788,0.9084,205.418,0
8.4991,-3.922,0.0001201424965984188,0.778,0.9084,205.449,0
8.5004,-3.922,8.059773244895041e-05,0.77,0.9084,205.435,0
8.5016,-3.922,4.901089414488524e-05,0.764,0.9084,205.461,0
8.5031,-3.922,2.7953010430792347e-05,0.76,0.9084,205.456,0
8.5044,-3.922,1.571005122968927e-05,0.758,0.9084,205.463,0
8.5057,-3.922,8.486706065014005e-06,0.756,0.9084,205.459,0
8.5069,-3.922,3.222233090127702e-06,0.755,0.9084,205.484,0
8.5082,-3.922,-8.336602519420921e-08,0.755,0.9084,205.442,0
8.5096,-3.922,-2.899246965171187e-06,0.754,0.9084,205.454,0
8.511,-3.922,-4.613261808117386e-06,0.754,0.9084,205.417,0
8.5123,-3.922,-6.204843884916045e-06,0.754,0.9084,205.457,0
8.5136,-3.922,-7.3067080847977195e-06,0.753,0.9084,205.471,0
8.5148,-3.922,-7.3067080847977195e-06,0.753,0.9084,205.479,0
8.5162,-3.922,-7.3067080847977195e-06,0.753,0.9084,205.488,0
8.5175,-3.922,-7.3067080847977195e-06,0.753,0.9084,205.421,0
8.5187,-3.922,-7.3067080847977195e-06,0.753,0.9084,205.477,0
8.52,-3.922,-7.3067080847977195e-06,0.753,0.9084,205.456,0
8.5213,-3.922,-7.3067080847977195e-06,0.753,0.9084,205.465,0
8.5226,-3.922,-7.3067080847977195e-06,0.753,0.9084,205.472,0
8.5239,-3.922,-7.3067080847977195e-06,0.753,0.9084,205.447,0
8.5251,-3.922,-7.3067080847977195e-06,0.753,0.9084,205.449,0
8.5264,-3.922,-7.3067080847977195e-06,0.753,0.9084,205.443,0
8.5279,-3.922,-7.3067080847977195e-06,0.753,0.9084,205.439,0
8.5293,-3.922,-7.3067080847977195e-06,0.753,0.9084,205.429,0
8.5306,-3.922,-7.3067080847977195e-06,0.753,0.9084,205.462,0
8.5319,-3.922,-7.3067080847977195e-06,0.753,0.9084,205.438,0
8.5332,-3.922,-7.3067080847977195e-06,0.753,0.9084,205.45,0
8.5345,-3.922,-7.3067080847977195e-06,0.753,0.9084,205.459,0
8.5357,-3.922,-7.3067080847977195e-06,0.753,0.9084,205.44,0
8.537,-3.922,-7.3067080847977195e-06,0.753,0.9084,205.449,0
8.5383,-3.922,-7.3067080847977195e-06,0.753,0.9084,205.443,0
8.5396,-3.922,-7.3067080847977195e-06,0.753,0.9084,205.422,0
8.5408,-3.922,-7.3067080847977195e-06,0.753,0.9084,205.476,0
8.5421,-3.922,-7.3067080847977195e-06,0.753,0.9084,205.447,0
8.5433,-3.922,-7.3067080847977195e-06,0.753,0.9084,205.461,0
8.5447,-3.922,-7.3067080847977195e-06,0.753,0.9084,205.468,0
8.5459,-3.922,-7.3067080847977195e-06,0.753,0.9084,205.439,0
8.5472,-3.922,-7.3067080847977195e-06,0.753,0.9084,205.468,0
8.5485,-3.922,-7.3067080847977195e-06,0.753,0.9084,205.473,0
8.5497,-3.922,-7.3067080847977195e-06,0.753,0.9084,205.47,0
8.551,-3.922,-7.3067080847977195e-06,0.753,0.9084,205.458,0
8.5522,-3.922,-7.3067080847977195e-06,0.753,0.9084,205.438,0
8.5535,-3.922,-7.3067080847977195e-06,0.753,0.9084,205.46,0
8.5547,-3.922,-7.3067080847977195e-06,0.753,0.9084,205.463,0
8.5561,-3.922,-7.3067080847977195e-06,0.753,0.9084,205.441,0
8.5573,-3.922,-7.3067080847977195e-06,0.753,0.9084,205.467,0
8.5585,-3.922,-7.3067080847977195e-06,0.753,0.9084,205.421,0
8.5598,-3.922,-7.3067080847977195e-06,0.753,0.9084,205.419,0
8.5612,-3.922,-7.3067080847977195e-06,0.753,0.9084,205.445,0
8.5625,-3.922,-7.3067080847977195e-06,0.753,0.9084,205.412,0
8.5637,-3.922,-7.3067080847977195e-06,0.753,0.9084,205.461,0
8.5651,-3.922,-7.3067080847977195e-06,0.753,0.9084,205.443,0
8.5663,-3.922,-7.3067080847977195e-06,0.753,0.9084,205.44,0
8.5676,-3.922,-7.3067080847977195e-06,0.753,0.9084,205.473,0
8.5689,-3.922,-7.3067080847977195e-06,0.753,0.9084,205.438,0
8.5702,-3.922,-7.3067080847977195e-06,0.753,0.9084,205.444,0
8.5715,-3.922,-7.3067080847977195e-06,0.753,0.9084,205.425,0
8.5728,-3.922,-7.3067080847977195e-06,0.753,0.9084,205.466,0
8.5741,-3.922,-7.3067080847977195e-06,0.753,0.9084,205.485,0
8.5754,-3.922,-7.3067080847977195e-06,0.753,0.9084,205.437,0
8.5767,-3.922,-7.3067080847977195e-06,0.753,0.9084,205.45,0
8.578,-3.922,-7.3067080847977195e-06,0.753,0.9084,205.443,0
8.5793,-3.922,-7.3067080847977195e-06,0.753,0.9084,205.463,0
8.5806,-3.922,-7.3067080847977195e-06,0.753,0.9084,205.444,0
8.5819,-3.922,0.00020253760158084333,0.794,0.9084,205.388,0
8.5831,-3.922,0.00021576002473011613,0.796,0.9084,205.475,0
8.5846,-3.922,0.0001639723195694387,0.786,0.9084,205.443,0
8.5859,-3.922,0.00011291918781353161,0.776,0.9084,205.469,0
8.5873,-3.922,7.227255991892889e-05,0.769,0.9084,205.459,0
8.5886,-3.922,4.325674308347516e-05,0.763,0.9084,205.436,0
8.5898,-3.922,2.3545582735096104e-05,0.759,0.9084,205.468,0
8.5912,-3.922,1.4485793144558556e-05,0.758,0.9084,205.433,0
8.5924,-3.922,7.5073062362207565e-06,0.756,0.9084,205.436,0
8.5937,-3.922,2.4876926545402966e-06,0.755,0.9084,205.447,0
8.5951,-3.922,-8.179063115676399e-07,0.755,0.9084,205.458,0
8.5964,-3.922,-3.388928234926425e-06,0.754,0.9084,205.423,0
8.5976,-3.922,-4.858083684666781e-06,0.754,0.9084,205.48,0
8.599,-3.922,-6.449665306718089e-06,0.753,0.9084,205.456,0
8.6002,-3.922,-7.306670795514947e-06,0.753,0.9084,205.454,0
8.6015,-3.922,-7.306670795514947e-06,0.753,0.9084,205.459,0
8.6029,-3.922,-7.306670795514947e-06,0.753,0.9084,205.447,0
8.6042,-3.922,-7.306670795514947e-06,0.753,0.9084,205.446,0
8.6054,-3.922,-7.306670795514947e-06,0.753,0.9084,205.437,0
8.61,-3.922,-7.306670795514947e-06,0.753,0.9084,205.436,0
8.612,-3.922,-7.306670795514947e-06,0.753,0.9084,205.45,0
8.6139,-3.922,0.00020253764523658901,0.794,0.9084,205.477,0
8.6157,-3.922,0.00020363953080959618,0.794,0.9084,205.468,0
8.6182,-3.922,0.00013532383309211582,0.781,0.9084,205.443,0
8.62,-3.922,5.7581037253839895e-05,0.766,0.9084,205.445,0
8.6217,-3.922,0.00025089739938266575,0.803,0.9084,205.44,0
8.6233,-3.922,0.00020400687935762107,0.794,0.9084,205.42,0
8.626,-3.922,0.00013556869816966355,0.781,0.9084,205.468,0
8.6275,-3.917,0.0006519766757264733,0.883,0.9092,205.476,0
8.6292,-3.917,0.0008381920051760972,0.919,0.9092,205.42,0
8.6307,-3.917,0.0006243076059035957,0.878,0.9092,205.465,0
8.6324,-3.917,0.000415932503528893,0.838,0.9092,205.456,0
8.6344,-3.917,0.00022616659407503903,0.802,0.9092,205.448,0
8.6359,-3.917,0.00011169492790941149,0.78,0.9092,205.481,0
8.6376,-3.917,6.211094296304509e-05,0.77,0.9092,205.395,0
8.6391,-3.917,0.00011340894707245752,0.78,0.9092,205.45,0
8.6406,-3.917,0.00024355159257538617,0.805,0.9092,205.459,0
8.6425,-3.917,0.00020376197062432766,0.798,0.9092,205.446,0
8.644,-3.917,0.00011695938155753538,0.781,0.9092,205.448,0
8.6472,-3.917,7.2027716669254e-05,0.772,0.9092,205.412,0
8.6514,-3.917,0.0002390216977801174,0.804,0.9092,205.438,0
8.6538,-3.917,0.00031088784453459084,0.818,0.9092,205.429,0
8.6553,-3.917,0.00018062272283714265,0.793,0.9092,205.433,0
8.6566,-3.917,0.0004248697659932077,0.84,0.9092,205.431,0
8.658,-3.917,0.0005206097266636789,0.858,0.9092,205.451,0
8.66,-3.917,0.0004145856946706772,0.838,0.9092,205.433,0
8.6622,-3.917,0.00037565312231890857,0.831,0.9092,205.453,0
8.6643,-3.917,0.000457068788819015,0.846,0.9092,205.43,0
8.6657,-3.917,0.0005802329396829009,0.87,0.9092,205.428,0
8.6672,-3.917,0.0007357185240834951,0.899,0.9092,205.435,0
8.6685,-3.911,0.001081582042388618,0.969,0.91,205.482,0
8.6698,-3.911,0.0012621658388525248,1.004,0.91,205.455,0
8.6711,-3.911,0.0014174067182466388,1.033,0.91,205.453,0
8.6723,-3.911,0.0016344742616638541,1.075,0.91,205.429,0
8.6734,-3.911,0.0019296519458293915,1.13,0.91,205.431,0
8.6748,-3.906,0.0023008582647889853,1.204,0.9107,205.443,0
8.676,-3.906,0.00257865060120821,1.256,0.9107,205.407,0
8.6773,-3.906,0.00306763406842947,1.347,0.9107,205.457,0
8.6785,-3.9,0.003520990489050746,1.434,0.9115,205.398,0
8.6798,-3.9,0.0038192286156117916,1.488,0.9115,205.42,0
8.6811,-3.9,0.004098857752978802,1.538,0.9115,205.436,0
8.6823,-3.895,0.004513036925345659,1.615,0.9123,205.414,0
8.6836,-3.895,0.005193133372813463,1.733,0.9123,205.408,0
8.6849,-3.889,0.005631308536976576,1.811,0.913,205.428,0
8.6862,-3.884,0.00608870480209589,1.891,0.9138,205.39,0
8.6875,-3.884,0.006532756611704826,1.963,0.9138,205.407,0
8.6887,-3.878,0.0074935839511454105,2.116,0.9146,205.414,0
8.69,-3.873,0.008149316534399986,2.218,0.9153,205.403,0
8.6913,-3.867,0.008961024694144726,2.336,0.9161,205.367,0
8.6924,-3.862,0.009776649065315723,2.449,0.9168,205.374,0
8.6936,-3.856,0.010467274114489555,2.54,0.9176,205.406,0
8.6948,-3.851,0.011128882877528667,2.622,0.9184,205.396,0
8.6961,-3.845,0.011943895369768143,2.717,0.9191,205.332,0
8.6972,-3.84,0.012662067078053951,2.797,0.9199,205.34,0
8.6984,-3.834,0.013395911082625389,2.872,0.9207,205.338,0
8.6997,-3.823,0.014450888149440289,2.976,0.9222,205.341,0
8.7009,-3.818,0.015981869772076607,3.098,0.9229,205.347,0
8.7022,-3.807,0.017223428934812546,3.191,0.9245,205.307,0
8.7034,-3.796,0.01851530559360981,3.275,0.926,205.336,0
8.7046,-3.785,0.019887493923306465,3.353,0.9275,205.293,0
8.7059,-3.774,0.021686231717467308,3.435,0.929,205.306,0
8.7071,-3.763,0.023771818727254868,3.509,0.9306,205.268,0
8.7084,-3.752,0.025478482246398926,3.56,0.9321,205.266,0
8.7096,-3.735,0.027457304298877716,3.611,0.9344,205.256,0
8.7108,-3.719,0.029739882797002792,3.657,0.9367,205.241,0
8.7121,-3.702,0.03195389732718468,3.692,0.939,205.2,0
8.7133,-3.686,0.03432315215468407,3.721,0.9413,205.221,0
8.7145,-3.664,0.037194736301898956,3.75,0.9443,205.185,0
8.7158,-3.642,0.040128640830516815,3.774,0.9474,205.147,0
8.717,-3.62,0.04341563209891319,3.792,0.9504,205.192,0
8.7182,-3.593,0.04653049260377884,3.815,0.9542,205.127,0
8.7196,-3.571,0.05042840912938118,3.824,0.9573,205.118,0
8.7208,-3.538,0.05324649065732956,3.852,0.9619,205.095,0
8.722,-3.51,0.05566900596022606,3.874,0.9657,205.042,0
8.7232,-3.483,0.05828961357474327,3.895,0.9695,205.042,0
8.7247,-3.455,0.06068408489227295,3.916,0.9733,205.034,0
8.7261,-3.417,0.0621129609644413,3.956,0.9786,205.01,0
8.7274,-3.389,0.06223159655928612,3.99,0.9825,204.993,0
8.7287,-3.362,0.06116120144724846,4.031,0.9863,204.96,0
8.73,-3.334,0.059816550463438034,4.072,0.9901,204.955,0
8.7313,-3.307,0.0582951195538044,4.114,0.9939,204.96,0
8.7325,-3.285,0.05758135765790939,4.144,0.9969,204.918,0
8.7338,-3.257,0.05661923810839653,4.182,0.0008,204.904,0
8.735,-3.235,0.056098733097314835,4.21,0.0038,204.873,0
8.7363,-3.208,0.055795539170503616,4.243,0.0076,204.875,0
8.7375,-3.186,0.05564268305897713,4.268,0.0107,204.827,0
8.7387,-3.159,0.05581297725439072,4.296,0.0145,204.809,0
8.7399,-3.137,0.056212395429611206,4.317,0.0175,204.816,0
8.7411,-3.109,0.056954629719257355,4.34,0.0214,204.782,0
8.7423,-3.082,0.05829045549035072,4.36,0.0252,204.788,0
8.7435,-3.054,0.05888926237821579,4.382,0.029,204.779,0
8.7451,-3.021,0.06101647764444351,4.399,0.0336,204.728,0
8.7463,-2.988,0.06296420842409134,4.415,0.0381,204.725,0
8.7474,-2.961,0.06427738815546036,4.428,0.042,204.689,0
8.7487,-2.933,0.06589008867740631,4.439,0.0458,204.682,0
8.75,-2.9,0.06688489019870758,4.455,0.0504,204.63,0
8.7512,-2.867,0.06786654144525528,4.468,0.0549,204.62,0
8.7524,-2.84,0.06790798157453537,4.483,0.0587,204.583,0
8.7536,-2.812,0.0674099400639534,4.498,0.0626,204.585,0
8.7551,-2.774,0.06753016263246536,4.513,0.0679,204.555,0
8.7563,-2.747,0.06694164872169495,4.525,0.0717,204.567,0
8.7575,-2.714,0.06682208925485611,4.533,0.0763,204.523,0
8.7587,-2.686,0.06663011759519577,4.539,0.0801,204.523,0
8.7599,-2.659,0.0662558525800705,4.544,0.0839,204.464,0
8.7611,-2.631,0.06592689454555511,4.546,0.0877,204.468,0
8.7624,-2.604,0.06589788943529129,4.545,0.0916,204.411,0
8.7636,-2.571,0.0655733272433281,4.543,0.0961,204.374,0
8.7651,-2.538,0.06544728577136993,4.537,0.1007,204.358,0
8.7663,-2.51,0.06562400609254837,4.528,0.1045,204.348,0
8.7675,-2.483,0.06576015055179596,4.517,0.1083,204.332,0
8.7688,-2.45,0.06657871603965759,4.497,0.1129,204.314,0
8.7701,-2.422,0.06683049350976944,4.481,0.1167,204.253,0
8.7713,-2.39,0.06716062128543854,4.459,0.1213,204.274,0
8.7725,-2.357,0.0677320659160614,4.433,0.1259,204.215,0
8.7737,-2.329,0.06705166399478912,4.415,0.1297,204.206,0
8.7751,-2.302,0.06579315662384033,4.399,0.1335,204.177,0
8.7763,-2.274,0.06432149559259415,4.382,0.1373,204.175,0
8.7776,-2.247,0.06281647086143494,4.363,0.1411,204.162,0
8.7788,-2.219,0.06217591464519501,4.337,0.145,204.116,0
8.7801,-2.192,0.061361998319625854,4.31,0.1488,204.073,0
8.7813,-2.164,0.06119372323155403,4.278,0.1526,204.092,0
8.7825,-2.137,0.06064449995756149,4.246,0.1564,204.071,0
8.7838,-2.115,0.06100652739405632,4.214,0.1595,204.0,0
8.7851,-2.082,0.06214806064963341,4.162,0.164,204.017,0
8.7864,-2.049,0.06346698850393295,4.105,0.1686,203.993,0
8.7877,-2.021,0.06450984627008438,4.057,0.1724,203.927,0
8.789,-1.983,0.06681010872125626,3.981,0.1778,203.935,0
8.7903,-1.95,0.06864697486162186,3.915,0.1823,203.895,0
8.7915,-1.917,0.06974315643310547,3.85,0.1869,203.877,0
8.7928,-1.884,0.07139038294553757,3.781,0.1915,203.814,0
8.7941,-1.851,0.07229268550872803,3.713,0.1961,203.816,0
8.7954,-1.818,0.07218795269727707,3.651,0.2007,203.801,0
8.7967,-1.785,0.07046996802091599,3.595,0.2052,203.716,0
8.798,-1.758,0.06850816309452057,3.552,0.209,203.757,0
8.7992,-1.73,0.06641186028718948,3.507,0.2129,203.725,0
8.8004,-1.703,0.06506837904453278,3.458,0.2167,203.663,0
8.8017,-1.675,0.0625658631324768,3.414,0.2205,203.686,0
8.803,-1.653,0.06060454621911049,3.378,0.2235,203.599,0
8.8043,-1.626,0.059096090495586395,3.327,0.2274,203.604,0
8.8055,-1.604,0.0574650801718235,3.288,0.2304,203.6,0
8.8068,-1.577,0.05638250336050987,3.234,0.2342,203.544,0
8.8081,-1.555,0.05578026548027992,3.188,0.2373,203.573,0
8.8093,-1.527,0.054459378123283386,3.134,0.2411,203.542,0
8.8106,-1.505,0.05424843728542328,3.086,0.2441,203.509,0
8.8119,-1.478,0.0543060377240181,3.025,0.248,203.498,0
8.8131,-1.456,0.05439302697777748,2.975,0.251,203.458,0
8.8143,-1.428,0.054589468985795975,2.913,0.2548,203.443,0
8.8155,-1.406,0.054315775632858276,2.865,0.2579,203.424,0
8.8168,-1.384,0.05420870706439018,2.817,0.2609,203.392,0
8.8181,-1.357,0.05497707426548004,2.751,0.2647,203.369,0
8.8194,-1.335,0.05441078543663025,2.706,0.2678,203.381,0
8.8207,-1.307,0.0538809709250927,2.648,0.2716,203.345,0
8.822,-1.285,0.05249909684062004,2.607,0.2747,203.326,0
8.8233,-1.263,0.05115659162402153,2.566,0.2777,203.287,0
8.8245,-1.241,0.0490364171564579,2.529,0.2808,203.263,0
8.8257,-1.225,0.04714193567633629,2.502,0.2831,203.263,0
8.827,-1.208,0.045942071825265884,2.472,0.2853,203.241,0
8.8283,-1.187,0.04385984688997269,2.433,0.2884,203.221,0
8.8296,-1.17,0.04154849424958229,2.404,0.2907,203.208,0
8.8309,-1.154,0.04006274789571762,2.373,0.293,203.161,0
8.8322,-1.137,0.03876878321170807,2.34,0.2953,203.174,0
8.8335,-1.121,0.03806358948349953,2.307,0.2975,203.151,0
8.8347,-1.104,0.03733201324939728,2.275,0.2998,203.109,0
8.8361,-1.088,0.03679858520627022,2.242,0.3021,203.128,0
8.8375,-1.071,0.036754757165908813,2.21,0.3044,203.053,0
8.8389,-1.049,0.036781080067157745,2.169,0.3075,203.057,0
8.8402,-1.033,0.03726699948310852,2.139,0.3098,203.055,0
8.8415,-1.016,0.037917960435152054,2.109,0.312,203.052,0
8.8428,-0.994,0.03875856101512909,2.069,0.3151,203.022,0
8.8441,-0.978,0.040028586983680725,2.039,0.3174,203.0,0
8.8454,-0.956,0.04054039716720581,2.0,0.3204,202.986,0
8.8466,-0.939,0.04097680002450943,1.971,0.3227,202.938,0
8.848,-0.917,0.041783977299928665,1.933,0.3258,202.93,0
8.8493,-0.895,0.042882904410362244,1.895,0.3288,202.854,0
8.8506,-0.873,0.04427768290042877,1.856,0.3319,202.9,0
8.8518,-0.851,0.045145586133003235,1.819,0.3349,202.861,0
8.8531,-0.829,0.0457795187830925,1.784,0.338,202.843,0
8.8545,-0.807,0.045893311500549316,1.752,0.341,202.804,0
8.8557,-0.786,0.04592294618487358,1.722,0.3441,202.768,0
8.8571,-0.764,0.04619045555591583,1.692,0.3471,202.808,0
8.8584,-0.742,0.046412236988544464,1.663,0.3502,202.762,0
8.8596,-0.72,0.045759133994579315,1.639,0.3532,202.741,0
8.861,-0.703,0.044822294265031815,1.624,0.3555,202.739,0
8.8622,-0.681,0.0443342924118042,1.601,0.3586,202.655,0
8.8635,-0.665,0.04308440536260605,1.588,0.3609,202.653,0
8.8647,-0.648,0.04175904765725136,1.576,0.3632,202.638,0
8.8661,-0.632,0.04057851806282997,1.563,0.3654,202.621,0
8.8673,-0.61,0.039300475269556046,1.546,0.3685,202.603,0
8.8686,-0.593,0.03847866505384445,1.533,0.3708,202.58,0
8.8698,-0.577,0.038034308701753616,1.52,0.3731,202.529,0
8.8711,-0.566,0.037056583911180496,1.513,0.3746,202.528,0
8.8724,-0.549,0.03613744303584099,1.501,0.3769,202.53,0
8.8737,-0.533,0.03676312044262886,1.49,0.3792,202.536,0
8.875,-0.511,0.03724439814686775,1.475,0.3822,202.487,0
8.8762,-0.494,0.03746030107140541,1.465,0.3845,202.457,0
8.8775,-0.478,0.03788256272673607,1.455,0.3868,202.452,0
8.8787,-0.461,0.03909669816493988,1.444,0.3891,202.418,0
8.88,-0.439,0.040425922721624374,1.431,0.3922,202.407,0
8.8812,-0.417,0.04204554855823517,1.416,0.3952,202.37,0
8.8825,-0.396,0.043220024555921555,1.404,0.3983,202.322,0
8.8838,-0.374,0.04438231512904167,1.393,0.4013,202.319,0
8.8851,-0.352,0.04559142142534256,1.383,0.4044,202.258,0
8.8864,-0.33,0.0468616858124733,1.373,0.4074,202.274,0
8.8876,-0.302,0.04878867045044899,1.361,0.4112,202.253,0
8.8889,-0.28,0.04935520887374878,1.357,0.4143,202.184,0
8.8901,-0.258,0.050371553748846054,1.352,0.4173,202.185,0
8.8914,-0.236,0.05151333659887314,1.347,0.4204,202.144,0
8.8926,-0.209,0.05225604772567749,1.347,0.4242,202.117,0
8.8938,-0.187,0.0527120977640152,1.349,0.4272,202.09,0
8.8951,-0.165,0.05298658832907677,1.353,0.4303,202.057,0
8.8963,-0.137,0.053107183426618576,1.36,0.4341,202.049,0
8.8976,-0.115,0.05318854749202728,1.368,0.4372,202.009,0
8.8988,-0.088,0.05290776118636131,1.381,0.441,201.965,0
8.9002,-0.066,0.053007591515779495,1.391,0.444,201.916,0
8.9014,-0.038,0.053256306797266006,1.405,0.4478,201.952,0
8.9026,-0.016,0.05327191203832626,1.418,0.4509,201.865,0
8.9039,0.005,0.05345720797777176,1.431,0.4539,201.857,0
8.9051,0.033,0.05384793505072594,1.447,0.4578,201.85,0
8.9064,0.055,0.05471761152148247,1.459,0.4608,201.785,0
8.9077,0.082,0.05516417324542999,1.478,0.4646,201.76,0
8.909,0.11,0.056738920509815216,1.492,0.4684,201.729,0
8.9103,0.143,0.058301184326410294,1.512,0.473,201.686,0
8.9116,0.17,0.05938756838440895,1.531,0.4768,201.663,0
8.9129,0.198,0.059381451457738876,1.558,0.4807,201.619,0
8.9142,0.225,0.05919363722205162,1.587,0.4845,201.6,0
8.9155,0.253,0.05884213745594025,1.618,0.4883,201.582,0
8.9168,0.28,0.058087605983018875,1.653,0.4921,201.503,0
8.9181,0.302,0.057028770446777344,1.683,0.4951,201.514,0
8.9194,0.33,0.05577270686626434,1.722,0.499,201.498,0
8.9208,0.352,0.05508796498179436,1.752,0.502,201.46,0
8.9222,0.379,0.05402563884854317,1.791,0.5058,201.423,0
8.9236,0.406,0.053108152002096176,1.829,0.5096,201.427,0
8.9249,0.434,0.053125664591789246,1.863,0.5135,201.366,0
8.9262,0.456,0.05314696580171585,1.891,0.5165,201.344,0
8.9275,0.483,0.053465887904167175,1.924,0.5203,201.306,0
8.929,0.511,0.05439010635018349,1.954,0.5241,201.268,0
8.9304,0.538,0.05555574595928192,1.983,0.528,201.243,0
8.9317,0.571,0.05698315426707268,2.017,0.5325,201.203,0
8.933,0.599,0.058019768446683884,2.047,0.5363,201.154,0
8.9343,0.626,0.05981618911027908,2.072,0.5402,201.132,0
8.9356,0.659,0.06190067529678345,2.103,0.5447,201.054,0
8.9369,0.692,0.06401258707046509,2.134,0.5493,201.105,0
8.9382,0.725,0.0650487095117569,2.17,0.5539,201.023,0
8.9396,0.758,0.06644073128700256,2.204,0.5585,200.979,0
8.9409,0.791,0.06684952229261398,2.243,0.563,200.923,0
8.9423,0.824,0.0675605982542038,2.28,0.5676,200.905,0
8.9436,0.857,0.06843854486942291,2.315,0.5722,200.872,0
8.9452,0.89,0.06849927455186844,2.354,0.5768,200.844,0
8.9466,0.934,0.06914165616035461,2.402,0.5829,200.809,0
8.948,0.972,0.07079164683818817,2.435,0.5882,200.732,0
8.9494,1.005,0.07273704558610916,2.46,0.5928,200.745,0
8.9507,1.044,0.07439425587654114,2.49,0.5981,200.657,0
8.9521,1.088,0.07700727134943008,2.519,0.6042,200.634,0
8.9534,1.126,0.0790465846657753,2.543,0.6096,200.562,0
8.9547,1.165,0.0812002420425415,2.565,0.6149,200.523,0
8.956,1.208,0.08338169753551483,2.59,0.621,200.492,0
8.9574,1.252,0.08480065315961838,2.616,0.6271,200.406,0
8.9586,1.291,0.08557746559381485,2.64,0.6325,200.358,0
8.96,1.335,0.08615130931138992,2.666,0.6386,200.323,0
8.9614,1.373,0.08528192341327667,2.695,0.6439,200.3,0
8.9627,1.417,0.08599410951137543,2.716,0.65,200.193,0
8.9641,1.456,0.08521178364753723,2.74,0.6554,200.179,0
8.9656,1.505,0.08521056175231934,2.762,0.6622,200.149,0
8.9669,1.544,0.08563380688428879,2.774,0.6676,200.085,0
8.9682,1.588,0.08656109869480133,2.783,0.6737,200.062,0
8.9695,1.626,0.08778379112482071,2.786,0.679,199.98,0
8.9708,1.675,0.0894039124250412,2.787,0.6859,199.935,0
8.9721,1.719,0.09012748301029205,2.79,0.692,199.884,0
8.9734,1.763,0.09065809845924377,2.793,0.6981,199.85,0
8.9746,1.802,0.09034933149814606,2.798,0.7034,199.815,0
8.976,1.84,0.08937612175941467,2.805,0.7088,199.783,0
8.9772,1.884,0.0890105590224266,2.808,0.7149,199.714,0
8.9786,1.923,0.08848300576210022,2.811,0.7202,199.633,0
8.98,1.967,0.08747834712266922,2.815,0.7263,199.626,0
8.9813,2.01,0.08753757923841476,2.812,0.7324,199.585,0
8.9825,2.049,0.08704541623592377,2.812,0.7378,199.551,0
8.9839,2.087,0.0872056782245636,2.807,0.7431,199.477,0
8.9851,2.131,0.08752778172492981,2.801,0.7492,199.457,0
8.9865,2.17,0.08719867467880249,2.799,0.7545,199.397,0
8.988,2.208,0.08712264150381088,2.796,0.7599,199.352,0
8.9894,2.258,0.08753447979688644,2.789,0.7668,199.28,0
8.9907,2.302,0.08700535446405411,2.789,0.7729,199.283,0
8.9919,2.34,0.08525402098894119,2.797,0.7782,199.237,0
8.9932,2.379,0.08511274307966232,2.796,0.7835,199.182,0
8.9946,2.411,0.08403559774160385,2.802,0.7881,199.165,0
8.996,2.455,0.08214834332466125,2.813,0.7942,199.105,0
8.9972,2.494,0.08195245265960693,2.816,0.7996,199.071,0
8.9985,2.532,0.08171263337135315,2.82,0.8049,198.991,0
8.9999,2.571,0.08226945996284485,2.82,0.8102,198.985,0
9.0012,2.609,0.0818558856844902,2.829,0.8156,198.934,0
9.0025,2.648,0.08376921713352203,2.824,0.8209,198.879,0
9.004,2.692,0.08390412479639053,2.834,0.827,198.889,0
9.0052,2.736,0.0841565802693367,2.845,0.8331,198.817,0
9.0065,2.774,0.08430212736129761,2.857,0.8385,198.806,0
9.0079,2.812,0.08481583744287491,2.869,0.8438,198.747,0
9.0092,2.851,0.0849296823143959,2.885,0.8492,198.722,0
9.0105,2.895,0.08524235337972641,2.905,0.8553,198.681,0
9.0118,2.933,0.08475618809461594,2.93,0.8606,198.623,0
9.0131,2.972,0.08454572409391403,2.954,0.8659,198.601,0
9.0144,3.01,0.08388962596654892,2.984,0.8713,198.533,0
9.0157,3.049,0.08330404758453369,3.015,0.8766,198.54,0
9.0171,3.087,0.08271785825490952,3.048,0.882,198.513,0
9.0184,3.131,0.08266716450452805,3.085,0.8881,198.473,0
9.0198,3.17,0.08269115537405014,3.118,0.8934,198.437,0
9.0211,3.208,0.08221488445997238,3.157,0.8987,198.35,0
9.0224,3.246,0.08226288855075836,3.194,0.9041,198.344,0
9.0237,3.285,0.08225100487470627,3.233,0.9094,198.329,0
9.0251,3.323,0.08186937868595123,3.277,0.9148,198.292,0
9.0264,3.362,0.08197026699781418,3.318,0.9201,198.229,0
9.0278,3.406,0.08290893584489822,3.363,0.9262,198.224,0
9.0293,3.45,0.08400566130876541,3.408,0.9323,198.172,0
9.0306,3.494,0.08527304232120514,3.453,0.9384,198.125,0
9.0319,3.538,0.08700665086507797,3.497,0.9445,198.073,0
9.0332,3.582,0.08896762877702713,3.54,0.9506,198.033,0
9.0346,3.625,0.09022925794124603,3.588,0.9567,198.034,0
9.0361,3.675,0.09237521141767502,3.639,0.9636,197.976,0
9.0374,3.724,0.0938086211681366,3.693,0.9705,197.943,0
9.0388,3.774,0.09551014751195908,3.746,0.9773,197.88,0
9.0402,3.823,0.09611275792121887,3.804,0.9842,197.857,0
9.0416,3.867,0.09491465240716934,3.866,0.9903,197.854,0
9.043,3.911,0.0930478423833847,3.93,0.9964,197.8,0
9.0443,3.961,0.0921456515789032,3.993,0.0033,197.818,0
9.0458,4.005,0.09067005664110184,4.051,0.0094,197.789,0
9.0473,4.048,0.09003880620002747,4.102,0.0155,197.737,0
9.0485,4.092,0.08968566358089447,4.149,0.0216,197.675,0
9.0498,4.136,0.09025568515062332,4.188,0.0277,197.677,0
9.0512,4.18,0.09092795103788376,4.223,0.0338,197.627,0
9.0524,4.224,0.09180128574371338,4.253,0.0399,197.632,0
9.0537,4.263,0.09265247732400894,4.277,0.0452,197.586,0
9.0549,4.307,0.09239855408668518,4.307,0.0513,197.507,0
9.0562,4.345,0.09142088890075684,4.335,0.0567,197.519,0
9.0574,4.384,0.09042719006538391,4.359,0.062,197.455,0
9.0587,4.422,0.08868685364723206,4.385,0.0674,197.427,0
9.0599,4.46,0.08667153865098953,4.409,0.0727,197.391,0
9.0612,4.499,0.08523397892713547,4.426,0.078,197.425,0
9.0624,4.532,0.08468519896268845,4.434,0.0826,197.37,0
9.0637,4.57,0.08420675247907639,4.438,0.088,197.376,0
9.065,4.609,0.08461788296699524,4.433,0.0933,197.328,0
9.0662,4.653,0.08634332567453384,4.415,0.0994,197.235,0
9.0675,4.691,0.08733996003866196,4.398,0.1047,197.266,0
9.0687,4.735,0.08877910673618317,4.372,0.1108,197.233,0
9.0701,4.774,0.08942902088165283,4.349,0.1162,197.204,0
9.0714,4.818,0.08915697783231735,4.324,0.1223,197.123,0
9.0726,4.856,0.08903782814741135,4.296,0.1276,197.14,0
9.0738,4.894,0.08686341345310211,4.277,0.133,197.1,0
9.0751,4.927,0.0846296101808548,4.26,0.1375,197.094,0
9.0763,4.96,0.08124536275863647,4.247,0.1421,197.003,0
9.0775,4.993,0.07987737655639648,4.219,0.1467,197.014,0
9.0789,5.032,0.07775873690843582,4.186,0.152,196.958,0
9.0802,5.065,0.07646416872739792,4.152,0.1566,196.962,0
9.0815,5.098,0.07530353963375092,4.114,0.1612,196.916,0
9.0827,5.131,0.07524154335260391,4.067,0.1658,196.892,0
9.084,5.164,0.07580440491437912,4.014,0.1703,196.847,0
9.0852,5.202,0.07639586925506592,3.949,0.1757,196.838,0
9.0864,5.235,0.07732032984495163,3.889,0.1803,196.826,0
9.0877,5.273,0.07820513844490051,3.817,0.1856,196.797,0
9.089,5.312,0.07973812520503998,3.738,0.1909,196.773,0
9.0903,5.35,0.081290602684021,3.657,0.1963,196.712,0
9.0916,5.389,0.0802529975771904,3.589,0.2016,196.705,0
9.0929,5.422,0.08033661544322968,3.523,0.2062,196.653,0
9.0942,5.46,0.0791098028421402,3.452,0.2115,196.639,0
9.0954,5.493,0.07727818936109543,3.394,0.2161,196.622,0
9.0967,5.526,0.0756087377667427,3.334,0.2207,196.574,0
9.0979,5.554,0.07383117824792862,3.286,0.2245,196.56,0
9.0992,5.587,0.07302889972925186,3.219,0.2291,196.519,0
9.1005,5.62,0.07237298041582108,3.151,0.2337,196.491,0
9.1017,5.647,0.0706196054816246,3.1,0.2375,196.47,0
9.103,5.68,0.06934327632188797,3.035,0.2421,196.423,0
9.1043,5.707,0.06874141097068787,2.977,0.2459,196.436,0
9.1055,5.74,0.06831002980470657,2.906,0.2505,196.401,0
9.1068,5.773,0.06783145666122437,2.835,0.255,196.338,0
9.1082,5.801,0.06735348701477051,2.776,0.2589,196.359,0
9.1094,5.834,0.06777966767549515,2.7,0.2634,196.283,0
9.1107,5.867,0.06755157560110092,2.629,0.268,196.255,0
9.112,5.894,0.06730494648218155,2.57,0.2718,196.25,0
9.1133,5.927,0.06634295731782913,2.503,0.2764,196.227,0
9.1146,5.955,0.06523937731981277,2.451,0.2802,196.214,0
9.116,5.982,0.0636763796210289,2.401,0.284,196.134,0
9.1173,6.01,0.06182665750384331,2.354,0.2878,196.181,0
9.1186,6.037,0.06006342172622681,2.307,0.2917,196.116,0
9.1199,6.059,0.0577034130692482,2.275,0.2947,196.106,0
9.1212,6.086,0.055515483021736145,2.232,0.2985,196.07,0
9.1225,6.108,0.05468069389462471,2.193,0.3016,196.06,0
9.1238,6.13,0.052994415163993835,2.159,0.3046,196.027,0
9.1251,6.152,0.05218448489904404,2.121,0.3077,196.009,0
9.1263,6.174,0.050865061581134796,2.087,0.3107,195.958,0
9.1276,6.196,0.05006247013807297,2.05,0.3138,195.962,0
9.1289,6.218,0.04949335381388664,2.014,0.3168,195.952,0
9.1302,6.24,0.0491395927965641,1.977,0.3199,195.89,0
9.1314,6.268,0.04976876452565193,1.927,0.3237,195.876,0
9.1327,6.29,0.04973025992512703,1.891,0.3268,195.886,0
9.134,6.312,0.0500599704682827,1.854,0.3298,195.846,0
9.1352,6.334,0.05025702342391014,1.819,0.3329,195.797,0
9.1365,6.356,0.050912998616695404,1.782,0.3359,195.765,0
9.1378,6.383,0.05140504613518715,1.74,0.3397,195.76,0
9.1391,6.405,0.051070816814899445,1.711,0.3428,195.738,0
9.1405,6.432,0.050835005939006805,1.675,0.3466,195.727,0
9.1418,6.454,0.05149044096469879,1.644,0.3496,195.665,0
9.1432,6.482,0.05189812555909157,1.608,0.3535,195.68,0
9.1446,6.509,0.052215464413166046,1.575,0.3573,195.631,0
9.1462,6.537,0.05282798036932945,1.542,0.3611,195.634,0
9.1477,6.57,0.052506789565086365,1.51,0.3657,195.595,0
9.149,6.592,0.0522528775036335,1.491,0.3687,195.522,0
9.1504,6.619,0.052789486944675446,1.465,0.3725,195.531,0
9.1517,6.647,0.05288442596793175,1.443,0.3763,195.464,0
9.1531,6.669,0.052520137280225754,1.429,0.3794,195.436,0
9.1544,6.696,0.05307755991816521,1.408,0.3832,195.397,0
9.1558,6.724,0.053335145115852356,1.39,0.387,195.385,0
9.157,6.746,0.05296167731285095,1.381,0.3901,195.332,0
9.1584,6.773,0.053869251161813736,1.364,0.3939,195.32,0
9.1597,6.801,0.05458773672580719,1.349,0.3977,195.287,0
9.1611,6.828,0.055219538509845734,1.338,0.4015,195.256,0
9.1624,6.855,0.05547958239912987,1.33,0.4053,195.233,0
9.1636,6.883,0.055561184883117676,1.325,0.4091,195.198,0
9.1649,6.905,0.05556430667638779,1.324,0.4122,195.119,0
9.1662,6.927,0.05563250556588173,1.323,0.4153,195.141,0
9.1674,6.954,0.05577133595943451,1.323,0.4191,195.123,0
9.1686,6.982,0.05630560219287872,1.323,0.4229,195.097,0
9.1699,7.004,0.05615244433283806,1.327,0.4259,195.045,0
9.1712,7.031,0.05645839124917984,1.332,0.4297,194.993,0
9.1725,7.059,0.05684875696897507,1.338,0.4336,194.995,0
9.1738,7.092,0.05818525701761246,1.343,0.4381,194.953,0
9.1751,7.119,0.05908118933439255,1.35,0.442,194.895,0
9.1764,7.147,0.060235828161239624,1.357,0.4458,194.891,0
9.1777,7.174,0.061081141233444214,1.367,0.4496,194.801,0
9.179,7.207,0.061466608196496964,1.386,0.4542,194.834,0
9.1803,7.234,0.06317487359046936,1.395,0.458,194.748,0
9.1815,7.267,0.064186692237854,1.414,0.4626,194.754,0
9.1827,7.295,0.06512255221605301,1.43,0.4664,194.729,0
9.1841,7.328,0.06721989810466766,1.446,0.4709,194.668,0
9.1853,7.366,0.0689190998673439,1.471,0.4763,194.612,0
9.1866,7.399,0.07039859890937805,1.495,0.4809,194.593,0
9.1878,7.432,0.07146899402141571,1.522,0.4854,194.547,0
9.1891,7.465,0.07229062914848328,1.553,0.49,194.496,0
9.1903,7.498,0.07260668277740479,1.587,0.4946,194.424,0
9.1916,7.531,0.07287339866161346,1.623,0.4992,194.433,0
9.1928,7.564,0.07252208888530731,1.664,0.5038,194.384,0
9.1941,7.597,0.07177986204624176,1.709,0.5083,194.34,0
9.1954,7.625,0.07174735516309738,1.743,0.5121,194.346,0
9.1967,7.663,0.0720057412981987,1.789,0.5175,194.269,0
9.198,7.696,0.0717698261141777,1.833,0.5221,194.224,0
9.1992,7.729,0.07210186868906021,1.873,0.5266,194.188,0
9.2005,7.762,0.07243212312459946,1.914,0.5312,194.157,0
9.2018,7.795,0.07289032638072968,1.954,0.5358,194.132,0
9.2031,7.828,0.0740460604429245,1.99,0.5404,194.097,0
9.2044,7.872,0.07564707845449448,2.038,0.5465,194.065,0
9.2056,7.905,0.07650114595890045,2.076,0.5511,194.015,0
9.2069,7.938,0.07767292112112045,2.111,0.5556,193.949,0
9.2083,7.976,0.07774815708398819,2.159,0.561,193.919,0
9.2096,8.015,0.07920891791582108,2.199,0.5663,193.864,0
9.2108,8.053,0.07924332469701767,2.246,0.5717,193.804,0
9.2122,8.086,0.07843302190303802,2.29,0.5762,193.805,0
9.2135,8.13,0.07837958633899689,2.342,0.5823,193.728,0
9.2147,8.163,0.07793504744768143,2.382,0.5869,193.7,0
9.2162,8.201,0.07755459100008011,2.427,0.5923,193.648,0
9.2175,8.24,0.0788663700222969,2.459,0.5976,193.591,0
9.2187,8.278,0.08042196184396744,2.489,0.6029,193.572,0
9.22,8.317,0.08195772022008896,2.517,0.6083,193.515,0
9.2212,8.355,0.08316867798566818,2.545,0.6136,193.493,0
9.2224,8.394,0.0857483297586441,2.563,0.619,193.439,0
9.2237,8.438,0.08734230697154999,2.589,0.6251,193.385,0
9.225,8.481,0.08834665268659592,2.617,0.6312,193.332,0
9.2263,8.525,0.08989711850881577,2.638,0.6373,193.293,0
9.2275,8.564,0.09053461998701096,2.658,0.6426,193.216,0
9.2289,8.602,0.0908283218741417,2.679,0.6479,193.185,0
9.2301,8.646,0.09005645662546158,2.706,0.6541,193.119,0
9.2313,8.685,0.08978629857301712,2.726,0.6594,193.078,0
9.2326,8.723,0.08991722762584686,2.74,0.6647,193.054,0
9.2339,8.767,0.08994398266077042,2.756,0.6708,192.99,0
9.2352,8.811,0.09076261520385742,2.764,0.6769,192.939,0
9.2364,8.855,0.09165669977664948,2.77,0.683,192.926,0
9.2376,8.893,0.09275991469621658,2.77,0.6884,192.858,0
9.2389,8.937,0.09384665638208389,2.77,0.6945,192.823,0
9.2401,8.981,0.09440169483423233,2.772,0.7006,192.727,0
9.2414,9.025,0.09417487680912018,2.776,0.7067,192.71,0
9.2427,9.069,0.09494985640048981,2.772,0.7128,192.697,0
9.2441,9.113,0.09356089681386948,2.78,0.7189,192.609,0
9.2455,9.157,0.09346345067024231,2.78,0.725,192.573,0
9.2468,9.207,0.09346969425678253,2.777,0.7319,192.523,0
9.2481,9.245,0.09257614612579346,2.779,0.7372,192.489,0
9.2494,9.289,0.09262873232364655,2.775,0.7433,192.394,0
9.2506,9.333,0.09382756799459457,2.763,0.7494,192.364,0
9.2519,9.377,0.09424640238285065,2.756,0.7555,192.339,0
9.2532,9.421,0.09493029117584229,2.748,0.7616,192.233,0
9.2545,9.465,0.09550094604492188,2.741,0.7677,192.219,0
9.2558,9.509,0.0956164076924324,2.737,0.7738,192.201,0
9.2571,9.558,0.09508910775184631,2.737,0.7807,192.143,0
9.2584,9.597,0.09408708661794662,2.742,0.786,192.111,0
9.2596,9.641,0.09269467741250992,2.75,0.7921,192.077,0
9.2609,9.679,0.09187714010477066,2.756,0.7975,191.984,0
9.2622,9.717,0.09093503654003143,2.763,0.8028,191.973,0
9.2635,9.761,0.09077371656894684,2.768,0.8089,191.888,0
9.2648,9.8,0.0898517593741417,2.779,0.8143,191.9,0
9.2661,9.844,0.09051880985498428,2.783,0.8204,191.856,0
9.2673,9.888,0.09136903285980225,2.788,0.8265,191.811,0
9.2685,9.926,0.09094630181789398,2.801,0.8318,191.775,0
9.2699,9.97,0.09189561754465103,2.81,0.8379,191.677,0
9.2711,10.014,0.0920465737581253,2.826,0.844,191.682,0
9.2723,10.058,0.092421755194664,2.844,0.8501,191.645,0
9.2736,10.096,0.09203966706991196,2.865,0.8555,191.582,0
9.2748,10.14,0.09211551398038864,2.89,0.8616,191.525,0
9.2764,10.19,0.09210891276597977,2.921,0.8684,191.48,0
9.2776,10.228,0.09206084907054901,2.948,0.8738,191.456,0
9.279,10.272,0.09255104511976242,2.977,0.8799,191.419,0
9.2803,10.322,0.0937395766377449,3.01,0.8867,191.394,0
9.2816,10.366,0.0938567966222763,3.048,0.8929,191.385,0
9.2829,10.41,0.09450157731771469,3.085,0.899,191.286,0
9.2841,10.453,0.09475452452898026,3.126,0.9051,191.262,0
9.2854,10.492,0.09315386414527893,3.175,0.9104,191.232,0
9.2868,10.536,0.09220393002033234,3.228,0.9165,191.179,0
9.2881,10.58,0.09122331440448761,3.283,0.9226,191.152,0
9.2896,10.618,0.08992285281419754,3.335,0.9279,191.067,0
9.291,10.668,0.09030349552631378,3.392,0.9348,191.072,0
9.2923,10.712,0.09015602618455887,3.446,0.9409,191.041,0
9.2935,10.756,0.09114991873502731,3.495,0.947,190.986,0
9.2948,10.8,0.09234195202589035,3.543,0.9531,190.91,0
9.2961,10.844,0.09465054422616959,3.585,0.9592,190.9,0
9.2973,10.893,0.09706160426139832,3.633,0.9661,190.884,0
9.2986,10.942,0.0997370034456253,3.681,0.973,190.839,0
9.2999,10.992,0.10194557160139084,3.73,0.9798,190.811,0
9.3012,11.041,0.1033674031496048,3.783,0.9867,190.729,0
9.3025,11.091,0.10432779788970947,3.838,0.9936,190.693,0
9.3038,11.14,0.10462329536676407,3.895,0.0004,190.712,0
9.3051,11.19,0.10439153760671616,3.953,0.0073,190.686,0
9.3064,11.239,0.1048717200756073,4.004,0.0142,190.655,0
9.3077,11.288,0.10542101413011551,4.051,0.021,190.592,0
9.309,11.338,0.10622059553861618,4.094,0.0279,190.573,0
9.3103,11.387,0.10631663352251053,4.137,0.0348,190.539,0
9.3116,11.437,0.10740293562412262,4.169,0.0416,190.501,0
9.3129,11.486,0.10831411182880402,4.199,0.0485,190.45,0
9.3141,11.536,0.10820366442203522,4.229,0.0554,190.396,0
9.3154,11.585,0.10702338069677353,4.261,0.0622,190.393,0
9.3167,11.629,0.1050635427236557,4.289,0.0683,190.352,0
9.318,11.673,0.1023501381278038,4.318,0.0744,190.312,0
9.3193,11.717,0.09967590123414993,4.342,0.0805,190.274,0
9.3206,11.761,0.09831467270851135,4.353,0.0866,190.248,0
9.322,11.81,0.09771230816841125,4.354,0.0935,190.217,0
9.3233,11.854,0.097129225730896,4.35,0.0996,190.162,0
9.3246,11.904,0.09825509786605835,4.329,0.1065,190.134,0
9.3259,11.953,0.09985955059528351,4.297,0.1133,190.113,0
9.3272,12.003,0.10164445638656616,4.259,0.1202,190.062,0
9.3285,12.052,0.10273230075836182,4.217,0.1271,190.031,0
9.3298,12.096,0.10242623090744019,4.183,0.1332,189.991,0
9.3311,12.14,0.10105549544095993,4.149,0.1393,189.946,0
9.3324,12.189,0.09906283766031265,4.109,0.1461,189.927,0
9.3336,12.228,0.09706375002861023,4.075,0.1515,189.899,0
9.335,12.272,0.09494418650865555,4.032,0.1576,189.854,0
9.3365,12.321,0.09303908050060272,3.974,0.1645,189.782,0
9.3377,12.36,0.09187208861112595,3.924,0.1698,189.766,0
9.3391,12.404,0.09093905985355377,3.86,0.1759,189.764,0
9.3404,12.442,0.09111315757036209,3.794,0.1812,189.702,0
9.3416,12.486,0.0914740189909935,3.715,0.1873,189.703,0
9.3429,12.53,0.09241856634616852,3.629,0.1935,189.606,0
9.3441,12.574,0.09298107773065567,3.542,0.1996,189.585,0
9.3453,12.612,0.09263939410448074,3.468,0.2049,189.604,0
9.3466,12.656,0.0921710878610611,3.382,0.211,189.533,0
9.3478,12.689,0.09043119102716446,3.324,0.2156,189.55,0
9.3491,12.733,0.09012376517057419,3.233,0.2217,189.472,0
9.3503,12.772,0.08932724595069885,3.154,0.227,189.444,0
9.3516,12.81,0.08751032501459122,3.081,0.2324,189.425,0
9.3529,12.849,0.08716696500778198,2.998,0.2377,189.34,0
9.3542,12.887,0.08677206188440323,2.915,0.243,189.354,0
9.3555,12.925,0.08640385419130325,2.832,0.2484,189.323,0
9.3569,12.969,0.08598869293928146,2.736,0.2545,189.252,0
9.3582,13.013,0.08614417165517807,2.636,0.2606,189.261,0
9.3595,13.057,0.08774284273386002,2.529,0.2667,189.199,0
9.3607,13.096,0.08754346519708633,2.446,0.272,189.145,0
9.3622,13.134,0.08746841549873352,2.362,0.2774,189.14,0
9.3635,13.178,0.08699508756399155,2.271,0.2835,189.113,0
9.3649,13.217,0.08514180034399033,2.201,0.2888,189.086,0
9.3662,13.255,0.08371133357286453,2.131,0.2942,189.003,0
9.3675,13.293,0.0819668397307396,2.064,0.2995,188.972,0
9.3688,13.326,0.07987188547849655,2.012,0.3041,188.903,0
9.3701,13.359,0.07808484137058258,1.959,0.3087,188.921,0
9.3716,13.398,0.07666808366775513,1.897,0.314,188.884,0
9.3729,13.436,0.07516666501760483,1.837,0.3193,188.849,0
9.3743,13.469,0.0744396224617958,1.785,0.3239,188.825,0
9.3756,13.502,0.07366445660591125,1.736,0.3285,188.774,0
9.3769,13.541,0.0734088271856308,1.677,0.3338,188.674,0
9.3783,13.574,0.07332184910774231,1.628,0.3384,188.702,0
9.3796,13.607,0.07304999977350235,1.583,0.343,188.66,0
9.3809,13.64,0.07323743402957916,1.538,0.3476,188.6,0
9.3822,13.678,0.07371998578310013,1.487,0.3529,188.576,0
9.3834,13.711,0.07314082980155945,1.453,0.3575,188.536,0
9.3847,13.744,0.07289615273475647,1.419,0.3621,188.507,0
9.3861,13.777,0.07259607315063477,1.388,0.3666,188.476,0
9.3873,13.81,0.07217081636190414,1.361,0.3712,188.422,0
9.3886,13.843,0.07156160473823547,1.338,0.3758,188.395,0
9.3898,13.876,0.07174764573574066,1.313,0.3804,188.371,0
9.3911,13.909,0.07199636101722717,1.29,0.3849,188.344,0
9.3923,13.942,0.07232894003391266,1.271,0.3895,188.33,0
9.3935,13.975,0.07317040115594864,1.251,0.3941,188.273,0
9.3949,14.008,0.07451975345611572,1.231,0.3987,188.218,0
9.3962,14.046,0.0757700651884079,1.213,0.404,188.156,0
9.3974,14.084,0.07718811184167862,1.198,0.4094,188.136,0
9.3988,14.117,0.07773708552122116,1.193,0.4139,188.101,0
9.4002,14.156,0.07781825214624405,1.193,0.4193,188.033,0
9.4014,14.194,0.0772598460316658,1.201,0.4246,188.016,0
9.4026,14.227,0.0765906572341919,1.212,0.4292,187.987,0
9.404,14.26,0.07630865275859833,1.224,0.4338,187.95,0
9.4052,14.299,0.07555864751338959,1.243,0.4391,187.882,0
9.4067,14.337,0.07441460341215134,1.268,0.4445,187.837,0
9.408,14.37,0.07402558624744415,1.288,0.449,187.798,0
9.4092,14.403,0.0740416869521141,1.309,0.4536,187.735,0
9.4105,14.436,0.07463694363832474,1.328,0.4582,187.717,0
9.4119,14.474,0.07539031654596329,1.352,0.4635,187.656,0
9.4131,14.507,0.07600943744182587,1.376,0.4681,187.622,0
9.4143,14.546,0.07823599874973297,1.397,0.4734,187.585,0
9.4155,14.579,0.0795578733086586,1.42,0.478,187.549,0
9.4168,14.623,0.08134450763463974,1.453,0.4841,187.502,0
9.4181,14.656,0.08202116936445236,1.484,0.4887,187.457,0
9.4195,14.7,0.08288203924894333,1.528,0.4948,187.428,0
9.4208,14.738,0.08317244052886963,1.57,0.5002,187.379,0
9.4221,14.782,0.08361122757196426,1.62,0.5063,187.303,0
9.4235,14.821,0.0832797959446907,1.669,0.5116,187.271,0
9.4249,14.859,0.08292608708143234,1.719,0.5169,187.229,0
9.4262,14.903,0.08375836163759232,1.77,0.523,187.184,0
9.4275,14.941,0.08374867588281631,1.82,0.5284,187.134,0
9.429,14.985,0.08477733284235,1.871,0.5345,187.088,0
9.4304,15.029,0.08545522391796112,1.924,0.5406,187.012,0
9.4316,15.073,0.08629093319177628,1.976,0.5467,186.977,0
9.433,15.117,0.08736769109964371,2.027,0.5528,186.909,0
9.4343,15.161,0.08950421959161758,2.07,0.5589,186.884,0
9.4356,15.205,0.09050655364990234,2.119,0.565,186.885,0
9.437,15.249,0.09179684519767761,2.166,0.5711,186.789,0
9.4382,15.293,0.09135426580905914,2.221,0.5772,186.709,0
9.4395,15.331,0.09155246615409851,2.265,0.5826,186.677,0
9.4407,15.375,0.09148893505334854,2.315,0.5887,186.643,0
9.442,15.414,0.0914754718542099,2.357,0.594,186.598,0
9.4432,15.458,0.0921253189444542,2.398,0.6001,186.522,0
9.4445,15.496,0.09293775260448456,2.432,0.6054,186.475,0
9.4459,15.551,0.09454121440649033,2.474,0.6131,186.422,0
9.4471,15.595,0.09651526063680649,2.5,0.6192,186.376,0
9.4484,15.645,0.09897767752408981,2.525,0.626,186.32,0
9.4497,15.694,0.10037311911582947,2.553,0.6329,186.249,0
9.451,15.743,0.10195320844650269,2.577,0.6398,186.189,0
9.4522,15.787,0.10321351140737534,2.596,0.6459,186.126,0
9.4535,15.837,0.10368523001670837,2.62,0.6527,186.051,0
9.4547,15.886,0.10421843081712723,2.64,0.6596,186.03,0
9.4561,15.93,0.10411031544208527,2.658,0.6657,185.969,0
9.4573,15.98,0.10453233122825623,2.672,0.6726,185.912,0
9.4585,16.029,0.1051836684346199,2.682,0.6794,185.9,0
9.4598,16.078,0.10672555863857269,2.684,0.6863,185.806,0
9.4612,16.128,0.10696980357170105,2.691,0.6932,185.747,0
9.4625,16.183,0.1082535982131958,2.689,0.7008,185.726,0
9.4637,16.232,0.10798890888690948,2.693,0.7077,185.646,0
9.465,16.276,0.10758009552955627,2.697,0.7138,185.587,0
9.4662,16.326,0.10694395005702972,2.7,0.7206,185.508,0
9.4674,16.37,0.10695594549179077,2.698,0.7267,185.491,0
9.4687,16.419,0.10647796094417572,2.698,0.7336,185.44,0
9.47,16.469,0.10603538155555725,2.696,0.7405,185.328,0
9.4712,16.512,0.10635858029127121,2.69,0.7466,185.313,0
9.4724,16.562,0.1070956215262413,2.681,0.7534,185.284,0
9.4737,16.611,0.10746217519044876,2.674,0.7603,185.182,0
9.4751,16.666,0.10784024000167847,2.666,0.7679,185.177,0
9.4763,16.716,0.10842018574476242,2.659,0.7748,185.124,0
9.4776,16.765,0.10797233134508133,2.659,0.7817,185.036,0
9.479,16.82,0.10711384564638138,2.663,0.7893,185.031,0
9.4803,16.864,0.10590718686580658,2.671,0.7954,184.96,0
9.4816,16.913,0.10493461042642593,2.679,0.8023,184.906,0
9.4828,16.963,0.1044633761048317,2.686,0.8091,184.818,0
9.4841,17.007,0.10402458161115646,2.695,0.8152,184.796,0
9.4853,17.056,0.10380762070417404,2.706,0.8221,184.754,0
9.4866,17.1,0.10341706871986389,2.719,0.8282,184.694,0
9.4878,17.144,0.1028686985373497,2.735,0.8343,184.642,0
9.4891,17.188,0.10305406153202057,2.75,0.8404,184.577,0
9.4904,17.238,0.10305711627006531,2.77,0.8473,184.554,0
9.4918,17.287,0.10252931714057922,2.798,0.8542,184.515,0
9.4932,17.336,0.10131922364234924,2.832,0.861,184.482,0
9.4944,17.38,0.10051719099283218,2.864,0.8671,184.452,0
9.4958,17.43,0.0998213067650795,2.902,0.874,184.387,0
9.4972,17.474,0.09847103804349899,2.943,0.8801,184.313,0
9.4984,17.523,0.09915640950202942,2.979,0.887,184.252,0
9.4997,17.567,0.09970405697822571,3.014,0.8931,184.247,0
9.501,17.617,0.10071666538715363,3.054,0.8999,184.214,0
9.5022,17.661,0.1015392541885376,3.093,0.906,184.174,0
9.5035,17.71,0.10161662846803665,3.144,0.9129,184.093,0
9.5048,17.754,0.10162251442670822,3.192,0.919,184.078,0
9.5061,17.798,0.10054659843444824,3.248,0.9251,184.036,0
9.5073,17.842,0.09834297746419907,3.312,0.9312,183.999,0
9.5086,17.886,0.09703592211008072,3.373,0.9373,183.937,0
9.5098,17.93,0.09593223035335541,3.434,0.9434,183.93,0
9.5113,17.968,0.094782255589962,3.488,0.9488,183.894,0
9.5125,18.018,0.09486403316259384,3.55,0.9556,183.821,0
9.5137,18.062,0.09615443646907806,3.599,0.9617,183.769,0
9.515,18.105,0.09791792929172516,3.644,0.9678,183.744,0
9.5163,18.16,0.10129830986261368,3.694,0.9755,183.683,0
9.5176,18.21,0.10450965911149979,3.737,0.9823,183.643,0
9.5188,18.265,0.10682124644517899,3.791,0.99,183.652,0
9.5202,18.314,0.10853967070579529,3.841,0.9968,183.59,0
9.5214,18.369,0.10977033525705338,3.897,0.0045,183.57,0
9.5226,18.419,0.11085854470729828,3.946,0.0113,183.553,0
9.5239,18.468,0.11260984092950821,3.987,0.0182,183.494,0
9.5251,18.523,0.11398465186357498,4.033,0.0258,183.478,0
9.5264,18.578,0.11541994661092758,4.074,0.0334,183.423,0
9.5277,18.627,0.11680790036916733,4.106,0.0403,183.385,0
9.529,18.688,0.11750573664903641,4.144,0.0487,183.35,0
9.5303,18.743,0.11829013377428055,4.172,0.0563,183.291,0
9.5316,18.798,0.11831957846879959,4.198,0.064,183.232,0
9.5329,18.853,0.11723417043685913,4.224,0.0716,183.193,0
9.5341,18.902,0.11482676863670349,4.249,0.0785,183.162,0
9.5354,18.951,0.11295972764492035,4.265,0.0853,183.121,0
9.5367,19.001,0.11155981570482254,4.272,0.0922,183.12,0
9.538,19.05,0.11091356724500656,4.268,0.0991,183.049,0
9.5393,19.1,0.11086863279342651,4.254,0.1059,183.009,0
9.5406,19.155,0.11096382141113281,4.23,0.1136,182.99,0
9.5419,19.204,0.1116536483168602,4.198,0.1204,182.917,0
9.5431,19.259,0.11335615813732147,4.148,0.1281,182.887,0
9.5444,19.308,0.11273463815450668,4.11,0.1349,182.867,0
9.5457,19.363,0.11227216571569443,4.058,0.1425,182.814,0
9.5471,19.418,0.11126850545406342,4.002,0.1502,182.779,0
9.5484,19.468,0.10950794816017151,3.95,0.157,182.745,0
9.5496,19.512,0.10763128846883774,3.9,0.1631,182.698,0
9.5511,19.561,0.10579270869493484,3.838,0.17,182.656,0
9.5524,19.611,0.10501006990671158,3.764,0.1769,182.63,0
9.5537,19.66,0.10445576161146164,3.683,0.1837,182.557,0
9.555,19.709,0.10419755429029465,3.596,0.1906,182.581,0
9.5563,19.759,0.1043706089258194,3.502,0.1975,182.523,0
9.5575,19.803,0.10356099158525467,3.421,0.2036,182.453,0
9.5589,19.852,0.10226133465766907,3.329,0.2104,182.376,0
9.5602,19.896,0.10083973407745361,3.247,0.2166,182.398,0
9.5615,19.94,0.10005397349596024,3.158,0.2227,182.36,0
9.5629,19.99,0.09847039729356766,3.06,0.2295,182.307,0
9.5642,20.034,0.09688389301300049,2.973,0.2356,182.28,0
9.5655,20.078,0.09613266587257385,2.88,0.2417,182.216,0
9.5667,20.121,0.09511148929595947,2.788,0.2478,182.214,0
9.568,20.16,0.09471212327480316,2.704,0.2532,182.167,0
9.5695,20.204,0.09448079019784927,2.608,0.2593,182.13,0
9.5708,20.253,0.09526900202035904,2.493,0.2661,182.08,0
9.5722,20.303,0.09603112936019897,2.38,0.273,182.035,0
9.5735,20.347,0.09644447267055511,2.282,0.2791,181.989,0
9.5748,20.396,0.09615009278059006,2.178,0.286,181.956,0
9.5761,20.44,0.09475132822990417,2.095,0.2921,181.9,0
9.5774,20.484,0.09377888590097427,2.012,0.2982,181.921,0
9.5788,20.522,0.09214770793914795,1.946,0.3035,181.87,0
9.5801,20.566,0.09059721976518631,1.871,0.3096,181.802,0
9.5815,20.61,0.08922307938337326,1.799,0.3157,181.755,0
9.5828,20.649,0.08823219686746597,1.738,0.3211,181.728,0
9.5842,20.687,0.08726794272661209,1.679,0.3264,181.703,0
9.5855,20.731,0.08630405366420746,1.614,0.3325,181.668,0
9.5867,20.77,0.08600011467933655,1.558,0.3379,181.62,0
9.5882,20.808,0.0851515531539917,1.509,0.3432,181.57,0
9.5895,20.852,0.08472654223442078,1.454,0.3493,181.525,0
9.5908,20.891,0.08372652530670166,1.413,0.3546,181.459,0
9.5921,20.929,0.08280965685844421,1.375,0.36,181.443,0
9.5934,20.967,0.08222455531358719,1.34,0.3653,181.397,0
9.5949,21.0,0.08046780526638031,1.32,0.3699,181.35,0
9.5963,21.044,0.07872532308101654,1.294,0.376,181.333,0
9.5976,21.077,0.07759370654821396,1.277,0.3806,181.26,0
9.5989,21.11,0.07665963470935822,1.262,0.3852,181.262,0
9.6002,21.149,0.07681916654109955,1.24,0.3905,181.227,0
9.6014,21.182,0.07604608684778214,1.231,0.3951,181.186,0
9.6028,21.22,0.0766509547829628,1.214,0.4004,181.12,0
9.6042,21.259,0.07768223434686661,1.199,0.4058,181.101,0
9.6056,21.302,0.07893197983503342,1.186,0.4119,181.052,0
9.6069,21.341,0.07960198074579239,1.182,0.4172,181.027,0
9.6083,21.379,0.08009801059961319,1.182,0.4225,180.963,0
9.6096,21.418,0.08030693233013153,1.188,0.4279,180.948,0
9.6109,21.456,0.0799286812543869,1.201,0.4332,180.899,0
9.6122,21.489,0.07876131683588028,1.22,0.4378,180.837,0
9.6135,21.522,0.0772423967719078,1.244,0.4424,180.814,0
9.6148,21.555,0.0754849761724472,1.271,0.447,180.701,0
9.6161,21.588,0.07442865520715714,1.297,0.4515,180.729,0
9.6173,21.621,0.07341010123491287,1.325,0.4561,180.671,0
9.6186,21.654,0.0725383535027504,1.354,0.4607,180.636,0
9.6201,21.693,0.07270552217960358,1.383,0.466,180.589,0
9.6215,21.731,0.07357336580753326,1.411,0.4714,180.576,0
9.6227,21.769,0.07562768459320068,1.434,0.4767,180.506,0
9.6241,21.808,0.07800496369600296,1.458,0.4821,180.456,0
9.6253,21.846,0.0796993300318718,1.488,0.4874,180.417,0
9.6266,21.885,0.08159399032592773,1.518,0.4927,180.374,0
9.628,21.923,0.0833098366856575,1.552,0.4981,180.361,0
9.6292,21.967,0.08432256430387497,1.598,0.5042,180.266,0
9.6305,22.006,0.08507151156663895,1.64,0.5095,180.266,0
9.6318,22.05,0.08552848547697067,1.692,0.5156,180.184,0
9.633,22.088,0.08573765307664871,1.739,0.521,180.159,0
9.6343,22.126,0.08637973666191101,1.785,0.5263,180.086,0
9.6357,22.17,0.08650847524404526,1.841,0.5324,180.061,0
9.637,22.214,0.08829324692487717,1.888,0.5385,179.987,0
9.6382,22.253,0.08916089683771133,1.932,0.5439,179.96,0
9.6395,22.297,0.09023265540599823,1.983,0.55,179.903,0
9.6406,22.335,0.09146324545145035,2.025,0.5553,179.844,0
9.6421,22.385,0.09275659173727036,2.08,0.5622,179.825,0
9.6433,22.429,0.09341462701559067,2.131,0.5683,179.752,0
9.6446,22.473,0.09324727952480316,2.185,0.5744,179.724,0
9.646,22.516,0.09280725568532944,2.24,0.5805,179.662,0
9.6473,22.56,0.09311369806528091,2.288,0.5866,179.602,0
9.6486,22.604,0.09287796914577484,2.338,0.5927,179.516,0
9.6499,22.648,0.09348949044942856,2.381,0.5988,179.514,0
9.6511,22.692,0.09456804394721985,2.418,0.6049,179.455,0
9.6524,22.736,0.09578480571508408,2.452,0.611,179.368,0
9.6536,22.78,0.09698309749364853,2.484,0.6171,179.324,0
9.6549,22.824,0.09833411127328873,2.513,0.6232,179.282,0
9.6562,22.874,0.09878230094909668,2.548,0.6301,179.234,0
9.6574,22.917,0.10011237114667892,2.571,0.6362,179.194,0
9.6587,22.967,0.10133611410856247,2.595,0.643,179.127,0
9.6601,23.016,0.10249105840921402,2.616,0.6499,179.065,0
9.6615,23.066,0.10268150269985199,2.64,0.6568,178.989,0
9.6629,23.121,0.10287126898765564,2.662,0.6644,178.903,0
9.6642,23.17,0.1030670553445816,2.678,0.6713,178.906,0
9.6654,23.22,0.1036384254693985,2.689,0.6781,178.811,0
9.6667,23.264,0.1039075255393982,2.698,0.6842,178.773,0
9.6681,23.318,0.10509582608938217,2.7,0.6919,178.729,0
9.6695,23.368,0.10534049570560455,2.705,0.6987,178.613,0
9.6708,23.423,0.10515264421701431,2.71,0.7064,178.588,0
9.6721,23.467,0.10463513433933258,2.714,0.7125,178.516,0
9.6734,23.516,0.1044762134552002,2.715,0.7193,178.451,0
9.6747,23.566,0.10398367792367935,2.716,0.7262,178.412,0
9.676,23.615,0.10360096395015717,2.715,0.7331,178.322,0
9.6774,23.665,0.10240854322910309,2.718,0.7399,178.294,0
9.6788,23.714,0.10254350304603577,2.713,0.7468,178.257,0
9.6801,23.763,0.10226321220397949,2.71,0.7537,178.172,0
9.6813,23.807,0.10189028829336166,2.707,0.7598,178.123,0
9.6826,23.857,0.10301099717617035,2.696,0.7666,178.095,0
9.6838,23.901,0.10238134115934372,2.697,0.7727,178.056,0
9.6851,23.945,0.10184857994318008,2.697,0.7788,178.0,0
9.6864,23.994,0.10126546025276184,2.699,0.7857,177.924,0
9.6877,24.044,0.10036387294530869,2.704,0.7926,177.928,0
9.689,24.088,0.09918328374624252,2.712,0.7987,177.841,0
9.6903,24.131,0.09896346181631088,2.716,0.8048,177.791,0
9.6916,24.175,0.09822734445333481,2.725,0.8109,177.75,0
9.6928,24.219,0.09786666929721832,2.734,0.817,177.688,0
9.6941,24.263,0.09841711819171906,2.74,0.8231,177.65,0
9.6954,24.307,0.09828850626945496,2.752,0.8292,177.61,0
9.6967,24.357,0.09793511033058167,2.769,0.8361,177.505,0
9.698,24.401,0.09806892275810242,2.785,0.8422,177.535,0
9.6993,24.445,0.09844790399074554,2.801,0.8483,177.441,0
9.7005,24.489,0.09789389371871948,2.826,0.8544,177.456,0
9.7017,24.532,0.09732618182897568,2.854,0.8605,177.403,0
9.7031,24.576,0.09653319418430328,2.886,0.8666,177.358,0
9.7043,24.62,0.0960274264216423,2.918,0.8727,177.279,0
9.7055,24.664,0.0953003317117691,2.955,0.8788,177.284,0
9.7068,24.703,0.09530571848154068,2.985,0.8841,177.201,0
9.7082,24.747,0.09526053816080093,3.023,0.8902,177.167,0
9.7094,24.796,0.09613847732543945,3.062,0.8971,177.136,0
9.7106,24.84,0.09682326763868332,3.101,0.9032,177.057,0
9.7119,24.884,0.09732615202665329,3.142,0.9093,177.041,0
9.7133,24.928,0.09748101979494095,3.188,0.9154,177.017,0
9.7145,24.972,0.09745775163173676,3.237,0.9215,176.96,0
9.7159,25.021,0.09768989682197571,3.292,0.9284,176.909,0
9.7171,25.065,0.09764422476291656,3.345,0.9345,176.879,0
9.7183,25.104,0.09678813070058823,3.396,0.9398,176.873,0
9.7196,25.148,0.09531781077384949,3.46,0.9459,176.796,0
9.7209,25.186,0.09385018050670624,3.517,0.9513,176.734,0
9.7222,25.23,0.09301955997943878,3.577,0.9574,176.732,0
9.7234,25.274,0.09254161268472672,3.636,0.9635,176.676,0
9.7247,25.312,0.09310565888881683,3.682,0.9688,176.674,0
9.726,25.356,0.09403812885284424,3.733,0.9749,176.582,0
9.7272,25.406,0.09663528949022293,3.779,0.9818,176.585,0
9.7287,25.455,0.09877198934555054,3.828,0.9886,176.54,0
9.73,25.51,0.10026905685663223,3.886,0.9963,176.489,0
9.7312,25.56,0.10205798596143723,3.933,0.0031,176.469,0
9.7325,25.604,0.10428968816995621,3.969,0.0092,176.445,0
9.7338,25.659,0.10667040944099426,4.013,0.0169,176.432,0
9.7351,25.714,0.1096162423491478,4.05,0.0245,176.366,0
9.7364,25.768,0.1122930571436882,4.085,0.0321,176.315,0
9.7378,25.823,0.1144813522696495,4.117,0.0398,176.282,0
9.7391,25.889,0.11776362359523773,4.144,0.0489,176.236,0
9.7404,25.944,0.11839547753334045,4.172,0.0565,176.176,0
9.7416,25.999,0.11866390705108643,4.197,0.0642,176.139,0
9.7428,26.049,0.11791825294494629,4.219,0.071,176.094,0
9.7441,26.098,0.11742020398378372,4.233,0.0779,176.058,0
9.7454,26.153,0.1151537373661995,4.252,0.0855,176.016,0
9.7466,26.202,0.11461688578128815,4.254,0.0924,175.967,0
9.7478,26.252,0.11349315196275711,4.253,0.0993,175.949,0
9.7491,26.301,0.11327455192804337,4.239,0.1061,175.924,0
9.7504,26.351,0.11311851441860199,4.219,0.113,175.852,0
9.7516,26.406,0.11311005055904388,4.188,0.1206,175.823,0
9.7531,26.461,0.11361368000507355,4.145,0.1283,175.735,0
9.7543,26.51,0.11243123561143875,4.11,0.1351,175.746,0
9.7555,26.565,0.11191470921039581,4.058,0.1428,175.686,0
9.7568,26.614,0.11135666817426682,4.006,0.1496,175.653,0
9.7581,26.658,0.10990225523710251,3.96,0.1557,175.614,0
9.7593,26.708,0.10945732891559601,3.895,0.1626,175.581,0
9.7606,26.757,0.10916098207235336,3.824,0.1695,175.55,0
9.7619,26.807,0.10846415162086487,3.75,0.1763,175.506,0
9.7632,26.856,0.10755707323551178,3.672,0.1832,175.498,0
9.7644,26.9,0.10717149823904037,3.596,0.1893,175.432,0
9.7657,26.949,0.10614148527383804,3.51,0.1962,175.471,0
9.767,26.999,0.1053353026509285,3.419,0.203,175.36,0
9.7682,27.043,0.10442400723695755,3.336,0.2091,175.351,0
9.7696,27.087,0.10253927856683731,3.256,0.2152,175.257,0
9.7709,27.136,0.10010519623756409,3.166,0.2221,175.226,0
9.7721,27.175,0.09859679639339447,3.092,0.2274,175.206,0
9.7733,27.213,0.09676261991262436,3.019,0.2328,175.167,0
9.7745,27.257,0.09567864239215851,2.928,0.2389,175.159,0
9.7758,27.296,0.09425367414951324,2.851,0.2442,175.131,0
9.7771,27.334,0.09254663437604904,2.776,0.2496,175.101,0
9.7785,27.378,0.09188558161258698,2.681,0.2557,175.061,0
9.7798,27.422,0.09111673384904861,2.588,0.2618,175.0,0
9.7811,27.466,0.09103622287511826,2.491,0.2679,174.982,0
9.7823,27.51,0.09093061834573746,2.395,0.274,174.9,0
9.7836,27.548,0.09038922935724258,2.315,0.2793,174.917,0
9.7848,27.587,0.08957067131996155,2.237,0.2847,174.877,0
9.7862,27.625,0.08805326372385025,2.166,0.29,174.841,0
9.7877,27.675,0.08667968213558197,2.073,0.2969,174.785,0
9.789,27.708,0.085064597427845,2.017,0.3015,174.745,0
9.7902,27.746,0.0838044211268425,1.951,0.3068,174.73,0
9.7915,27.784,0.08236534148454666,1.887,0.3121,174.739,0
9.7927,27.817,0.08132988959550858,1.834,0.3167,174.619,0
9.7941,27.85,0.08104664832353592,1.778,0.3213,174.612,0
9.7954,27.889,0.07976403087377548,1.721,0.3266,174.61,0
9.7967,27.927,0.07891663163900375,1.665,0.332,174.552,0
9.7981,27.966,0.07869993150234222,1.608,0.3373,174.514,0
9.7993,27.999,0.0780675932765007,1.564,0.3419,174.481,0
9.8006,28.037,0.07781519740819931,1.514,0.3472,174.435,0
9.8019,28.07,0.07742539048194885,1.475,0.3518,174.409,0
9.8031,28.103,0.07631311565637589,1.443,0.3564,174.406,0
9.8044,28.136,0.07559347152709961,1.411,0.361,174.339,0
9.8056,28.169,0.07450838387012482,1.384,0.3655,174.288,0
9.8069,28.202,0.07337052375078201,1.361,0.3701,174.281,0
9.8081,28.229,0.07223168015480042,1.344,0.3739,174.25,0
9.8094,28.262,0.07123944908380508,1.325,0.3785,174.217,0
9.8107,28.295,0.07075346261262894,1.306,0.3831,174.191,0
9.812,28.328,0.07050346583127975,1.288,0.3877,174.111,0
9.8133,28.361,0.07117681950330734,1.268,0.3922,174.122,0
9.8146,28.394,0.07191862165927887,1.251,0.3968,174.073,0
9.8159,28.433,0.07277801632881165,1.234,0.4022,174.042,0
9.8172,28.466,0.07429878413677216,1.218,0.4067,173.999,0
9.8185,28.504,0.07534628361463547,1.208,0.4121,173.978,0
9.8198,28.537,0.07547049224376678,1.206,0.4167,173.947,0
9.8212,28.575,0.07629609853029251,1.204,0.422,173.885,0
9.8224,28.614,0.07682241499423981,1.208,0.4273,173.825,0
9.8237,28.647,0.07705686241388321,1.215,0.4319,173.844,0
9.825,28.685,0.07749785482883453,1.226,0.4373,173.812,0
9.8262,28.718,0.0765070915222168,1.246,0.4418,173.762,0
9.8275,28.751,0.07606004178524017,1.265,0.4464,173.67,0
9.8288,28.784,0.07547855377197266,1.288,0.451,173.695,0
9.83,28.817,0.07415808737277985,1.317,0.4556,173.654,0
9.8313,28.85,0.07323882728815079,1.346,0.4601,173.584,0
9.8327,28.883,0.07299434393644333,1.374,0.4647,173.572,0
9.834,28.922,0.0732080265879631,1.405,0.4701,173.494,0
9.8353,28.954,0.07344590127468109,1.433,0.4746,173.462,0
9.8368,28.993,0.0751074030995369,1.46,0.48,173.434,0
9.8381,29.031,0.07538501918315887,1.498,0.4853,173.4,0
9.8394,29.07,0.07720761746168137,1.528,0.4907,173.307,0
9.8408,29.108,0.07845738530158997,1.564,0.496,173.301,0
9.8421,29.147,0.07930728048086166,1.603,0.5013,173.285,0
9.8434,29.191,0.08048231154680252,1.649,0.5074,173.189,0
9.8447,29.229,0.08180389553308487,1.688,0.5128,173.17,0
9.8461,29.268,0.08260893821716309,1.732,0.5181,173.1,0
9.8474,29.312,0.0832102969288826,1.784,0.5242,173.05,0
9.8486,29.35,0.08379874378442764,1.831,0.5296,173.032,0
9.85,29.394,0.08471303433179855,1.882,0.5357,173.009,0
9.8517,29.432,0.08512930572032928,1.93,0.541,172.938,0
9.8532,29.487,0.08664444088935852,1.992,0.5486,172.857,0
9.8545,29.537,0.08871987462043762,2.044,0.5555,172.805,0
9.8558,29.581,0.09054988622665405,2.089,0.5616,172.766,0
9.8571,29.625,0.09142784029245377,2.138,0.5677,172.705,0
9.8584,29.669,0.09241083264350891,2.186,0.5738,172.632,0
9.8596,29.713,0.09242624044418335,2.238,0.5799,172.579,0
9.8608,29.751,0.09314416348934174,2.278,0.5853,172.553,0
9.8621,29.795,0.09343075752258301,2.325,0.5914,172.503,0
9.8634,29.839,0.09380752593278885,2.369,0.5975,172.438,0
9.8647,29.883,0.09480085968971252,2.407,0.6036,172.417,0
9.866,29.932,0.09595371037721634,2.448,0.6104,172.326,0
9.8673,29.976,0.09820941090583801,2.474,0.6165,172.256,0
9.8686,30.026,0.09940247982740402,2.508,0.6234,172.215,0
9.8699,30.075,0.1009821966290474,2.536,0.6303,172.123,0
9.8712,30.125,0.10242190212011337,2.562,0.6371,172.101,0
9.8725,30.174,0.10353238880634308,2.586,0.644,172.017,0
9.8738,30.223,0.10423990339040756,2.609,0.6509,171.976,0
9.8751,30.273,0.1047474816441536,2.631,0.6577,171.923,0
9.8763,30.322,0.10502883791923523,2.65,0.6646,171.858,0
9.8777,30.372,0.10602852702140808,2.661,0.6715,171.837,0
9.879,30.427,0.10735628008842468,2.669,0.6791,171.758,0
9.8803,30.476,0.10824371129274368,2.674,0.686,171.675,0
9.8815,30.526,0.10898583382368088,2.678,0.6928,171.614,0
9.8828,30.575,0.10984490066766739,2.679,0.6997,171.553,0
9.8842,30.63,0.11038756370544434,2.679,0.7073,171.5,0
9.8855,30.685,0.10998018085956573,2.682,0.715,171.462,0
9.887,30.734,0.10947098582983017,2.684,0.7218,171.388,0
9.8883,30.795,0.10990369319915771,2.679,0.7302,171.316,0
9.8896,30.844,0.10970321297645569,2.676,0.7371,171.261,0
9.8909,30.894,0.10929705202579498,2.674,0.744,171.185,0
9.8922,30.948,0.1095505878329277,2.667,0.7516,171.149,0
9.8934,30.998,0.10986117273569107,2.661,0.7585,171.112,0
9.8948,31.047,0.11044924706220627,2.652,0.7653,171.007,0
9.8961,31.102,0.11063545942306519,2.647,0.7729,170.977,0
9.8973,31.152,0.11009518057107925,2.647,0.7798,170.895,0
9.8986,31.201,0.10954493284225464,2.649,0.7867,170.877,0
9.9001,31.256,0.10844166576862335,2.655,0.7943,170.813,0
9.9014,31.306,0.10812897235155106,2.659,0.8012,170.747,0
9.9027,31.355,0.10805526375770569,2.664,0.808,170.706,0
9.904,31.41,0.10867947340011597,2.668,0.8157,170.619,0
9.9053,31.459,0.10846216976642609,2.679,0.8225,170.568,0
9.9065,31.509,0.10845700651407242,2.691,0.8294,170.534,0
9.9081,31.569,0.10846483707427979,2.71,0.8378,170.467,0
9.9094,31.619,0.10779852420091629,2.734,0.8447,170.412,0
9.9107,31.668,0.10748443007469177,2.758,0.8515,170.369,0
9.9121,31.718,0.10664951801300049,2.789,0.8584,170.276,0
9.9134,31.767,0.10579948872327805,2.824,0.8653,170.286,0
9.9147,31.822,0.10462141782045364,2.868,0.8729,170.207,0
9.916,31.866,0.10423380881547928,2.902,0.879,170.124,0
9.9173,31.915,0.10456599295139313,2.94,0.8859,170.106,0
9.9185,31.959,0.10489685833454132,2.976,0.892,170.039,0
9.9197,32.009,0.10542380064725876,3.018,0.8988,170.017,0
9.9211,32.053,0.10568615794181824,3.06,0.9049,169.949,0
9.9223,32.108,0.10513166338205338,3.12,0.9126,169.923,0
9.9236,32.151,0.10423143953084946,3.173,0.9187,169.894,0
9.925,32.201,0.10389260202646255,3.231,0.9255,169.838,0
9.9262,32.25,0.10359662771224976,3.291,0.9324,169.782,0
9.9275,32.294,0.10253773629665375,3.35,0.9385,169.746,0
9.9288,32.338,0.10212831199169159,3.407,0.9446,169.714,0
9.9302,32.388,0.10201176255941391,3.47,0.9515,169.667,0
9.9314,32.437,0.10304856300354004,3.526,0.9583,169.627,0
9.9327,32.487,0.1041695848107338,3.583,0.9652,169.584,0
9.934,32.536,0.10482312738895416,3.642,0.9721,169.529,0
9.9352,32.585,0.10556712001562119,3.7,0.9789,169.501,0
9.9366,32.635,0.10585203021764755,3.76,0.9858,169.462,0
9.9381,32.695,0.10531944781541824,3.837,0.9942,169.429,0
9.9394,32.745,0.10545113682746887,3.895,0.0011,169.407,0
9.9407,32.794,0.1062716469168663,3.946,0.0079,169.365,0
9.9421,32.844,0.10796815901994705,3.99,0.0148,169.311,0
9.9433,32.899,0.11072411388158798,4.029,0.0224,169.275,0
9.9446,32.953,0.11352413892745972,4.064,0.0301,169.2,0
9.9458,33.014,0.11632657051086426,4.098,0.0385,169.172,0
9.9471,33.069,0.1188722476363182,4.124,0.0461,169.125,0
9.9485,33.129,0.12116120010614395,4.148,0.0545,169.083,0
9.9498,33.19,0.12239883840084076,4.17,0.0629,169.054,0
9.9511,33.25,0.12235359102487564,4.192,0.0713,168.959,0
9.9524,33.3,0.1211850717663765,4.211,0.0781,168.915,0
9.9536,33.354,0.11988255381584167,4.224,0.0858,168.896,0
9.9549,33.409,0.1194642037153244,4.224,0.0934,168.865,0
9.9561,33.464,0.11995372176170349,4.211,0.101,168.814,0
9.9574,33.519,0.11996143311262131,4.192,0.1086,168.803,0
9.9586,33.569,0.12012193351984024,4.168,0.1155,168.72,0
9.9598,33.624,0.1204981580376625,4.132,0.1231,168.663,0
9.9611,33.679,0.12115008383989334,4.085,0.1308,168.615,0
9.9624,33.734,0.12049825489521027,4.039,0.1384,168.6,0
9.9638,33.788,0.11947819590568542,3.987,0.146,168.577,0
9.9651,33.843,0.11825035512447357,3.929,0.1537,168.525,0
9.9664,33.904,0.11729558557271957,3.854,0.162,168.481,0
9.9677,33.953,0.11574752628803253,3.79,0.1689,168.43,0
9.969,34.003,0.1154109537601471,3.714,0.1758,168.407,0
9.9703,34.058,0.1153242215514183,3.622,0.1834,168.331,0
9.9716,34.113,0.11454742401838303,3.528,0.191,168.34,0
9.9728,34.162,0.11267700046300888,3.447,0.1979,168.295,0
9.9742,34.206,0.11074498295783997,3.372,0.204,168.217,0
9.9754,34.255,0.1070331558585167,3.294,0.2109,168.209,0
9.9766,34.294,0.10356270521879196,3.235,0.2162,168.156,0
9.9779,34.338,0.10055792331695557,3.16,0.2223,168.137,0
9.9792,34.376,0.09700049459934235,3.098,0.2277,168.089,0
9.9804,34.42,0.09426070004701614,3.019,0.2338,168.088,0
9.9816,34.453,0.09217309951782227,2.958,0.2383,168.017,0
9.9828,34.492,0.09049120545387268,2.883,0.2437,168.053,0
9.9841,34.53,0.08998788893222809,2.8,0.249,167.94,0
9.9853,34.568,0.08818469196557999,2.724,0.2544,167.931,0
9.9865,34.607,0.08846056461334229,2.637,0.2597,167.895,0
9.9878,34.651,0.08902528882026672,2.536,0.2658,167.88,0
9.9891,34.689,0.0895552933216095,2.448,0.2711,167.831,0
9.9904,34.733,0.08953814208507538,2.352,0.2773,167.813,0
9.9916,34.772,0.08902069926261902,2.272,0.2826,167.741,0
9.9928,34.81,0.08763760328292847,2.2,0.2879,167.765,0
9.9941,34.843,0.08623529970645905,2.14,0.2925,167.714,0
9.9954,34.876,0.08395235240459442,2.086,0.2971,167.651,0
9.9967,34.92,0.0825616642832756,2.008,0.3032,167.653,0
9.998,34.953,0.08171702921390533,1.95,0.3078,167.584,0
9.9993,34.991,0.08027083426713943,1.887,0.3131,167.6,0
10.0005,35.024,0.08005082607269287,1.829,0.3177,167.51,0
10.0017,35.063,0.08061700314283371,1.759,0.323,167.494,0
10.003,35.096,0.07943446189165115,1.712,0.3276,167.474,0
10.0042,35.129,0.07916051894426346,1.661,0.3322,167.434,0
10.0054,35.167,0.07996885478496552,1.598,0.3375,167.444,0
10.0066,35.2,0.08053705841302872,1.548,0.3421,167.384,0
10.0079,35.239,0.08017387241125107,1.498,0.3474,167.342,0
10.0092,35.272,0.07950792461633682,1.461,0.352,167.287,0
10.0104,35.31,0.0788193866610527,1.42,0.3574,167.27,0
10.0117,35.343,0.07808616012334824,1.389,0.3619,167.273,0
10.0131,35.376,0.07624401897192001,1.367,0.3665,167.237,0
10.0143,35.409,0.07426665723323822,1.349,0.3711,167.191,0
10.0155,35.436,0.07271169126033783,1.336,0.3749,167.162,0
10.0167,35.469,0.07170464843511581,1.317,0.3795,167.108,0
10.018,35.497,0.07101787626743317,1.303,0.3833,167.117,0
10.0193,35.53,0.07036519795656204,1.288,0.3879,167.066,0
10.0206,35.563,0.07002068310976028,1.274,0.3925,167.045,0
10.0218,35.596,0.07048732787370682,1.259,0.397,166.987,0
10.0231,35.629,0.07100171595811844,1.246,0.4016,166.943,0
10.0243,35.662,0.07160308957099915,1.235,0.4062,166.961,0
10.0256,35.695,0.07208399474620819,1.228,0.4108,166.91,0
10.0269,35.728,0.07254248112440109,1.224,0.4153,166.911,0
10.0284,35.766,0.07269687205553055,1.225,0.4207,166.806,0
10.0296,35.799,0.07239845395088196,1.231,0.4253,166.79,0
10.0308,35.832,0.07237561792135239,1.239,0.4298,166.738,0
10.0322,35.865,0.07246346026659012,1.248,0.4344,166.704,0
10.0334,35.898,0.072067029774189,1.263,0.439,166.695,0
10.0346,35.931,0.07144881784915924,1.282,0.4436,166.638,0
10.0359,35.958,0.07079529017210007,1.301,0.4474,166.633,0
10.0371,35.991,0.06987345218658447,1.326,0.452,166.589,0
10.0384,36.024,0.07031886279582977,1.345,0.4565,166.546,0
10.0397,36.052,0.0704762414097786,1.364,0.4604,166.529,0
10.041,36.085,0.07033312320709229,1.391,0.4649,166.486,0
10.0424,36.123,0.07191639393568039,1.414,0.4703,166.446,0
10.0436,36.161,0.07307176291942596,1.442,0.4756,166.433,0
10.0449,36.194,0.07362955063581467,1.471,0.4802,166.375,0
10.0462,36.227,0.07529820501804352,1.494,0.4848,166.328,0
10.0474,36.266,0.07596397399902344,1.531,0.4901,166.286,0
10.0487,36.293,0.07559669017791748,1.564,0.4939,166.255,0
10.05,36.332,0.07572652399539948,1.607,0.4993,166.206,0
10.0513,36.37,0.07553436607122421,1.654,0.5046,166.152,0
10.0525,36.403,0.07517363131046295,1.696,0.5092,166.171,0
10.0538,36.436,0.0752844288945198,1.736,0.5138,166.101,0
10.0551,36.475,0.07627873867750168,1.779,0.5191,165.996,0
10.0563,36.508,0.07696863263845444,1.817,0.5237,166.033,0
10.0575,36.546,0.07876988500356674,1.856,0.529,166.027,0
10.0589,36.584,0.08011068403720856,1.898,0.5344,165.949,0
10.0601,36.623,0.08188977092504501,1.937,0.5397,165.904,0
10.0613,36.661,0.08359406143426895,1.977,0.545,165.874,0
10.0626,36.7,0.08558215200901031,2.015,0.5504,165.769,0
10.0639,36.744,0.0872468426823616,2.061,0.5565,165.786,0
10.0651,36.788,0.08897719532251358,2.107,0.5626,165.687,0
10.0664,36.832,0.08993116766214371,2.156,0.5687,165.644,0
10.0676,36.87,0.09034977108240128,2.2,0.574,165.608,0
10.0691,36.914,0.09082270413637161,2.249,0.5801,165.555,0
10.0703,36.958,0.09098897129297256,2.298,0.5862,165.493,0
10.0716,37.002,0.09058274328708649,2.349,0.5923,165.425,0
10.0728,37.04,0.09106113016605377,2.387,0.5977,165.373,0
10.0741,37.084,0.09267021715641022,2.422,0.6038,165.317,0
10.0754,37.128,0.0942763239145279,2.454,0.6099,165.275,0
10.0766,37.172,0.09577339142560959,2.485,0.616,165.228,0
10.0779,37.222,0.09771285951137543,2.515,0.6229,165.185,0
10.0791,37.266,0.09921353310346603,2.54,0.629,165.115,0
10.0807,37.315,0.10108693689107895,2.564,0.6358,165.077,0
10.082,37.375,0.10252095758914948,2.593,0.6442,164.997,0
10.0833,37.425,0.10288018733263016,2.618,0.6511,164.898,0
10.0846,37.469,0.10276051610708237,2.641,0.6572,164.849,0
10.0858,37.518,0.10262969136238098,2.662,0.6641,164.846,0
10.0872,37.562,0.1024811714887619,2.679,0.6702,164.761,0
10.0885,37.617,0.10325590521097183,2.691,0.6778,164.688,0
10.0898,37.667,0.10452556610107422,2.695,0.6847,164.638,0
10.0911,37.716,0.10589922964572906,2.695,0.6915,164.582,0
10.0924,37.771,0.106435127556324,2.699,0.6992,164.533,0
10.0938,37.82,0.10641994327306747,2.702,0.706,164.451,0
10.0951,37.875,0.1071431115269661,2.699,0.7137,164.397,0
10.0964,37.919,0.10651946067810059,2.703,0.7198,164.309,0
10.0977,37.969,0.10602887719869614,2.704,0.7266,164.281,0
10.099,38.018,0.10603439062833786,2.7,0.7335,164.208,0
10.1003,38.068,0.10560926049947739,2.699,0.7404,164.186,0
10.1015,38.117,0.1058608666062355,2.693,0.7472,164.086,0
10.103,38.167,0.10629518330097198,2.685,0.7541,164.043,0
10.1043,38.221,0.10634586960077286,2.679,0.7617,163.983,0
10.1055,38.271,0.10720597207546234,2.67,0.7686,163.933,0
10.1067,38.315,0.10701595991849899,2.668,0.7747,163.884,0
10.1081,38.364,0.10676014423370361,2.667,0.7816,163.845,0
10.1093,38.414,0.10540790110826492,2.673,0.7884,163.772,0
10.1106,38.458,0.10440023988485336,2.68,0.7945,163.703,0
10.1119,38.507,0.1027527004480362,2.692,0.8014,163.642,0
10.1132,38.551,0.10207885503768921,2.699,0.8075,163.623,0
10.1145,38.6,0.10151243954896927,2.709,0.8144,163.592,0
10.1158,38.65,0.1022212952375412,2.714,0.8212,163.508,0
10.1171,38.699,0.10291172564029694,2.722,0.8281,163.483,0
10.1186,38.754,0.10350170731544495,2.735,0.8357,163.416,0
10.1201,38.804,0.10318314284086227,2.755,0.8426,163.324,0
10.1214,38.853,0.10297316312789917,2.778,0.8495,163.282,0
10.1226,38.903,0.10224097222089767,2.808,0.8563,163.258,0
10.1241,38.947,0.10047926008701324,2.843,0.8624,163.208,0
10.1253,38.996,0.09913915395736694,2.883,0.8693,163.117,0
10.1266,39.04,0.09821051359176636,2.919,0.8754,163.104,0
10.1279,39.084,0.09813109040260315,2.953,0.8815,163.053,0
10.1292,39.128,0.09871623665094376,2.986,0.8876,162.999,0
10.1305,39.177,0.09965178370475769,3.024,0.8945,162.957,0
10.1318,39.221,0.0999419316649437,3.063,0.9006,162.879,0
10.1332,39.271,0.10071510821580887,3.108,0.9074,162.85,0
10.1344,39.32,0.0998760461807251,3.165,0.9143,162.828,0
10.1357,39.364,0.1000421792268753,3.212,0.9204,162.777,0
10.1373,39.408,0.09888239949941635,3.269,0.9265,162.754,0
10.1387,39.468,0.0980057343840599,3.346,0.9349,162.704,0
10.1401,39.512,0.09658310562372208,3.408,0.941,162.644,0
10.1414,39.556,0.09624587744474411,3.465,0.9471,162.611,0
10.1427,39.606,0.09692057222127914,3.523,0.954,162.587,0
10.144,39.65,0.09796605259180069,3.573,0.9601,162.501,0
10.1452,39.699,0.09924374520778656,3.628,0.9669,162.452,0
10.1465,39.743,0.1001415103673935,3.679,0.9731,162.425,0
10.1478,39.792,0.10180238634347916,3.732,0.9799,162.4,0
10.1491,39.836,0.10179527848958969,3.787,0.986,162.377,0
10.1504,39.886,0.10166281461715698,3.848,0.9929,162.335,0
10.1516,39.935,0.10127519071102142,3.909,0.9998,162.344,0
10.1532,39.985,0.1015443429350853,3.964,0.0066,162.263,0
10.1545,40.04,0.10165757685899734,4.023,0.0143,162.21,0
10.1559,40.089,0.10308539867401123,4.066,0.0211,162.17,0
10.1572,40.144,0.1055709645152092,4.103,0.0287,162.118,0
10.1588,40.21,0.10906198620796204,4.139,0.0379,162.114,0
10.1601,40.265,0.11143797636032104,4.165,0.0455,162.041,0
10.1615,40.325,0.11477870494127274,4.184,0.0539,161.971,0
10.1627,40.38,0.11653240025043488,4.201,0.0616,161.937,0
10.1641,40.435,0.1170966774225235,4.219,0.0692,161.902,0
10.1654,40.49,0.1163494810461998,4.238,0.0768,161.846,0
10.1666,40.54,0.11531215161085129,4.251,0.0837,161.782,0
10.168,40.594,0.11438345909118652,4.256,0.0913,161.716,0
10.1693,40.649,0.11373500525951385,4.252,0.0989,161.684,0
10.1707,40.704,0.11372635513544083,4.236,0.1066,161.687,0
10.172,40.759,0.1135387271642685,4.212,0.1142,161.628,0
10.1732,40.809,0.11427250504493713,4.179,0.1211,161.592,0
10.1745,40.864,0.11401160806417465,4.141,0.1287,161.549,0
10.1758,40.913,0.11311867833137512,4.103,0.1356,161.508,0
10.177,40.963,0.11146336048841476,4.064,0.1424,161.501,0
10.1784,41.012,0.1102367639541626,4.015,0.1493,161.408,0
10.1796,41.061,0.10897544771432877,3.961,0.1562,161.399,0
10.1808,41.105,0.10759119689464569,3.91,0.1623,161.34,0
10.1821,41.155,0.1065293401479721,3.843,0.1691,161.291,0
10.1834,41.204,0.10567563772201538,3.77,0.176,161.281,0
10.1847,41.248,0.10556770861148834,3.697,0.1821,161.234,0
10.186,41.298,0.10610347241163254,3.606,0.189,161.178,0
10.1875,41.358,0.10670787841081619,3.49,0.1974,161.151,0
10.1889,41.413,0.10651591420173645,3.384,0.205,161.136,0
10.1903,41.462,0.10527709126472473,3.29,0.2119,161.074,0
10.1916,41.506,0.10319101065397263,3.211,0.218,161.04,0
10.1929,41.55,0.1006736159324646,3.132,0.2241,161.01,0
10.1942,41.594,0.09793860465288162,3.053,0.2302,160.982,0
10.1955,41.638,0.09578505903482437,2.97,0.2363,160.931,0
10.1967,41.677,0.09392253309488297,2.895,0.2416,160.91,0
10.1981,41.715,0.09201109409332275,2.821,0.2469,160.841,0
10.1994,41.759,0.08992911130189896,2.735,0.2531,160.849,0
10.2007,41.797,0.08938541263341904,2.652,0.2584,160.774,0
10.202,41.841,0.08996889740228653,2.551,0.2645,160.775,0
10.2033,41.885,0.08954301476478577,2.456,0.2706,160.73,0
10.2047,41.924,0.08920462429523468,2.374,0.2759,160.703,0
10.206,41.968,0.08877348899841309,2.282,0.282,160.668,0
10.2075,42.006,0.08702129125595093,2.212,0.2874,160.642,0
10.209,42.056,0.08455751091241837,2.124,0.2943,160.605,0
10.2103,42.094,0.08239424228668213,2.06,0.2996,160.566,0
10.2116,42.127,0.08011526614427567,2.009,0.3042,160.557,0
10.2129,42.16,0.07809928804636002,1.958,0.3087,160.478,0
10.2142,42.193,0.07694754004478455,1.904,0.3133,160.468,0
10.2155,42.231,0.07565975189208984,1.843,0.3187,160.451,0
10.2169,42.264,0.0754290372133255,1.788,0.3232,160.414,0
10.2182,42.297,0.0742645412683487,1.74,0.3278,160.342,0
10.2196,42.336,0.07418110966682434,1.68,0.3332,160.315,0
10.221,42.374,0.07368336617946625,1.625,0.3385,160.321,0
10.2223,42.407,0.07371917366981506,1.579,0.3431,160.276,0
10.2237,42.44,0.07387765496969223,1.534,0.3477,160.23,0
10.2251,42.479,0.07315313071012497,1.49,0.353,160.251,0
10.2264,42.512,0.07248478382825851,1.456,0.3576,160.166,0
10.2277,42.545,0.07141830027103424,1.427,0.3622,160.173,0
10.2291,42.578,0.0692172572016716,1.407,0.3667,160.148,0
10.2304,42.61,0.06750300526618958,1.388,0.3713,160.109,0
10.2316,42.632,0.06554266065359116,1.381,0.3744,160.086,0
10.2329,42.66,0.06464807689189911,1.366,0.3782,160.052,0
10.2342,42.687,0.0631023421883583,1.356,0.382,160.05,0
10.2355,42.715,0.06189456954598427,1.347,0.3858,160.01,0
10.2369,42.748,0.06240246817469597,1.326,0.3904,159.988,0
10.2381,42.775,0.06213086098432541,1.316,0.3942,159.919,0
10.2394,42.808,0.06295346468687057,1.299,0.3988,159.914,0
10.2407,42.836,0.0632830485701561,1.289,0.4026,159.92,0
10.242,42.869,0.0635843500494957,1.281,0.4072,159.833,0
10.2433,42.896,0.06449467688798904,1.273,0.411,159.804,0
10.2447,42.929,0.06523983925580978,1.267,0.4156,159.818,0
10.2461,42.962,0.0648738443851471,1.271,0.4201,159.738,0
10.2474,42.995,0.06408190727233887,1.28,0.4247,159.701,0
10.2486,43.022,0.0636405423283577,1.288,0.4285,159.714,0
10.2501,43.05,0.06296981871128082,1.3,0.4323,159.689,0
10.2514,43.083,0.06250109523534775,1.314,0.4369,159.633,0
10.2527,43.11,0.062069401144981384,1.328,0.4407,159.61,0
10.2541,43.138,0.061461109668016434,1.345,0.4445,159.567,0
10.2554,43.165,0.06031927838921547,1.367,0.4484,159.547,0
10.2567,43.193,0.060117390006780624,1.384,0.4522,159.527,0
10.2581,43.22,0.059932950884103775,1.404,0.456,159.47,0
10.2594,43.253,0.06057528033852577,1.424,0.4606,159.433,0
10.2607,43.286,0.06227699667215347,1.44,0.4651,159.443,0
10.2621,43.319,0.06380313634872437,1.459,0.4697,159.389,0
10.2634,43.352,0.06551740318536758,1.478,0.4743,159.366,0
10.2646,43.38,0.06677267700433731,1.497,0.4781,159.334,0
10.2661,43.418,0.0689074844121933,1.523,0.4835,159.279,0
10.2674,43.456,0.07008562982082367,1.556,0.4888,159.249,0
10.2687,43.489,0.07053738832473755,1.59,0.4934,159.23,0
10.2702,43.522,0.0707702562212944,1.626,0.498,159.188,0
10.2716,43.561,0.06982345134019852,1.677,0.5033,159.116,0
10.273,43.594,0.06941594183444977,1.719,0.5079,159.099,0
10.2744,43.627,0.06876939535140991,1.763,0.5125,159.054,0
10.2757,43.66,0.06855508685112,1.806,0.517,159.007,0
10.277,43.693,0.06846656650304794,1.848,0.5216,159.01,0
10.2783,43.726,0.06852208077907562,1.89,0.5262,158.951,0
10.2796,43.759,0.06912340223789215,1.929,0.5308,158.92,0
10.2809,43.792,0.07049338519573212,1.964,0.5353,158.866,0
10.2821,43.824,0.07223163545131683,1.997,0.5399,158.88,0
10.2834,43.863,0.07454758137464523,2.033,0.5453,158.816,0
10.2846,43.901,0.0774405300617218,2.066,0.5506,158.749,0
10.2862,43.94,0.07934938371181488,2.104,0.5559,158.7,0
10.2876,43.989,0.0816660076379776,2.153,0.5628,158.636,0
10.2891,44.039,0.08362843096256256,2.202,0.5697,158.608,0
10.2906,44.077,0.08434954285621643,2.244,0.575,158.551,0
10.292,44.127,0.0846191868185997,2.301,0.5819,158.482,0
10.2933,44.171,0.08446873724460602,2.351,0.588,158.431,0
10.2947,44.203,0.08488339930772781,2.385,0.5926,158.388,0
10.296,44.253,0.0863107442855835,2.428,0.5994,158.348,0
10.2972,44.291,0.0871695801615715,2.462,0.6048,158.293,0
10.2985,44.335,0.08833804726600647,2.496,0.6109,158.248,0
10.2997,44.374,0.08933782577514648,2.525,0.6162,158.176,0
10.3011,44.418,0.0906836986541748,2.554,0.6223,158.119,0
10.3023,44.462,0.09213073551654816,2.579,0.6284,158.095,0
10.3037,44.506,0.09321877360343933,2.604,0.6345,158.009,0
10.3051,44.555,0.09349381178617477,2.635,0.6414,157.955,0
10.3064,44.599,0.09424187242984772,2.656,0.6475,157.912,0
10.3078,44.648,0.09494822472333908,2.678,0.6544,157.847,0
10.3091,44.698,0.09472771733999252,2.702,0.6612,157.773,0
10.3104,44.736,0.09424730390310287,2.719,0.6666,157.72,0
10.3117,44.78,0.09457623213529587,2.732,0.6727,157.697,0
10.3129,44.824,0.09465133398771286,2.744,0.6788,157.642,0
10.3142,44.868,0.09562993794679642,2.748,0.6849,157.594,0
10.3156,44.912,0.09619140625,2.753,0.691,157.545,0
10.3169,44.962,0.0968739464879036,2.755,0.6978,157.491,0
10.3181,45.005,0.09704382717609406,2.758,0.7039,157.463,0
10.3194,45.049,0.09692598134279251,2.76,0.7101,157.377,0
10.3207,45.099,0.09681015461683273,2.761,0.7169,157.293,0
10.322,45.143,0.0960141271352768,2.765,0.723,157.263,0
10.3233,45.187,0.09541221708059311,2.766,0.7291,157.218,0
10.3245,45.225,0.09506028890609741,2.766,0.7345,157.179,0
10.3259,45.269,0.09453243017196655,2.765,0.7406,157.091,0
10.3271,45.313,0.09487663954496384,2.759,0.7467,157.038,0
10.3284,45.357,0.0944535881280899,2.757,0.7528,156.987,0
10.3296,45.401,0.09539861232042313,2.747,0.7589,156.934,0
10.3308,45.445,0.09717413783073425,2.732,0.765,156.905,0
10.3322,45.489,0.09756246954202652,2.726,0.7711,156.822,0
10.3334,45.533,0.09751706570386887,2.724,0.7772,156.796,0
10.3346,45.577,0.09753299504518509,2.722,0.7833,156.727,0
10.3361,45.621,0.09583330899477005,2.731,0.7894,156.672,0
10.3373,45.67,0.09503794461488724,2.736,0.7963,156.678,0
10.3386,45.709,0.09403101354837418,2.744,0.8016,156.566,0
10.3399,45.747,0.09304190427064896,2.753,0.8069,156.578,0
10.3411,45.791,0.09212397038936615,2.764,0.813,156.49,0
10.3424,45.829,0.09124212712049484,2.776,0.8184,156.482,0
10.3437,45.868,0.09006974846124649,2.791,0.8237,156.432,0
10.345,45.912,0.08926129341125488,2.807,0.8298,156.369,0
10.3463,45.956,0.08929434418678284,2.821,0.8359,156.349,0
10.3476,45.994,0.0891418606042862,2.836,0.8413,156.308,0
10.3489,46.038,0.08877421170473099,2.856,0.8474,156.255,0
10.3501,46.077,0.08859080076217651,2.876,0.8527,156.217,0
10.3514,46.115,0.08736247569322586,2.904,0.8581,156.152,0
10.3528,46.154,0.08633168041706085,2.932,0.8634,156.142,0
10.3542,46.198,0.08460536599159241,2.971,0.8695,156.072,0
10.3555,46.236,0.08322856575250626,3.006,0.8748,156.023,0
10.3568,46.274,0.08222348988056183,3.041,0.8802,156.01,0
10.3582,46.313,0.08206108957529068,3.073,0.8855,155.984,0
10.3595,46.351,0.08281673491001129,3.101,0.8909,155.946,0
10.3608,46.39,0.08364232629537582,3.131,0.8962,155.859,0
10.3622,46.428,0.08446647226810455,3.163,0.9016,155.875,0
10.3634,46.472,0.08497272431850433,3.204,0.9077,155.783,0
10.3646,46.511,0.08533481508493423,3.242,0.913,155.755,0
10.366,46.555,0.08620692789554596,3.285,0.9191,155.72,0
10.3673,46.593,0.08618146926164627,3.328,0.9244,155.685,0
10.3686,46.631,0.08619727194309235,3.373,0.9298,155.653,0
10.3699,46.675,0.08650743961334229,3.424,0.9359,155.611,0
10.3711,46.714,0.08663702756166458,3.47,0.9412,155.568,0
10.3724,46.752,0.0859338641166687,3.522,0.9466,155.546,0
10.3737,46.791,0.08712349832057953,3.563,0.9519,155.505,0
10.3751,46.835,0.08818367123603821,3.612,0.958,155.484,0
10.3763,46.884,0.08976136893033981,3.666,0.9649,155.407,0
10.3776,46.923,0.09191595017910004,3.702,0.9702,155.363,0
10.3789,46.967,0.09336478263139725,3.749,0.9763,155.374,0
10.3801,47.016,0.09532670676708221,3.8,0.9832,155.305,0
10.3814,47.06,0.0961301401257515,3.85,0.9893,155.304,0
10.3827,47.104,0.09540101140737534,3.907,0.9954,155.257,0
10.384,47.148,0.09482008963823318,3.962,0.0015,155.207,0
10.3854,47.192,0.09410307556390762,4.017,0.0076,155.178,0
10.3866,47.236,0.09285227209329605,4.072,0.0137,155.139,0
10.3882,47.274,0.09160978347063065,4.12,0.019,155.14,0
10.3895,47.324,0.09149624407291412,4.169,0.0259,155.069,0
10.3908,47.368,0.09156518429517746,4.208,0.032,155.027,0
10.3921,47.411,0.09251718968153,4.239,0.0381,154.99,0
10.3934,47.455,0.09417619556188583,4.262,0.0442,154.945,0
10.3946,47.499,0.0958019345998764,4.282,0.0503,154.903,0
10.396,47.554,0.0982532799243927,4.299,0.058,154.857,0
10.3972,47.598,0.09944763034582138,4.312,0.0641,154.825,0
10.3985,47.648,0.09966352581977844,4.328,0.0709,154.796,0
10.3999,47.692,0.09960822016000748,4.339,0.077,154.756,0
10.4013,47.741,0.09843948483467102,4.352,0.0839,154.694,0
10.4025,47.785,0.09851288795471191,4.352,0.09,154.676,0
10.4039,47.834,0.09768201410770416,4.351,0.0969,154.65,0
10.4052,47.878,0.09793037176132202,4.339,0.103,154.565,0
10.4065,47.928,0.09790809452533722,4.321,0.1098,154.537,0
10.4079,47.972,0.09841806441545486,4.296,0.1159,154.504,0
10.4094,48.032,0.09825081378221512,4.259,0.1243,154.507,0
10.4107,48.071,0.09739122539758682,4.235,0.1297,154.449,0
10.4121,48.115,0.0956345945596695,4.207,0.1358,154.399,0
10.4134,48.159,0.09356192499399185,4.175,0.1419,154.363,0
10.4147,48.197,0.09167204797267914,4.144,0.1472,154.342,0
10.416,48.241,0.0896533876657486,4.103,0.1533,154.268,0
10.4173,48.279,0.08715508133172989,4.068,0.1587,154.26,0
10.4185,48.312,0.08508002012968063,4.035,0.1632,154.245,0
10.4198,48.351,0.08366077393293381,3.986,0.1686,154.217,0
10.4211,48.384,0.08286517858505249,3.94,0.1732,154.192,0
10.4223,48.422,0.08208063989877701,3.882,0.1785,154.135,0
10.4236,48.461,0.08239399641752243,3.814,0.1838,154.096,0
10.425,48.499,0.08250479400157928,3.745,0.1892,154.078,0
10.4264,48.538,0.0825105533003807,3.674,0.1945,154.071,0
10.4277,48.582,0.08312816172838211,3.586,0.2006,154.025,0
10.4292,48.62,0.08256020396947861,3.513,0.206,153.981,0
10.4304,48.658,0.08030059933662415,3.448,0.2113,153.97,0
10.4317,48.691,0.07912961393594742,3.387,0.2159,153.971,0
10.433,48.724,0.07715850323438644,3.329,0.2205,153.954,0
10.4343,48.763,0.07578263431787491,3.254,0.2258,153.886,0
10.4355,48.79,0.07430265098810196,3.203,0.2296,153.89,0
10.437,48.823,0.07194159179925919,3.145,0.2342,153.837,0
10.4382,48.856,0.06933940947055817,3.088,0.2388,153.823,0
10.4396,48.884,0.06795521825551987,3.035,0.2426,153.811,0
10.4409,48.917,0.0665365606546402,2.969,0.2472,153.803,0
10.4421,48.944,0.0656820684671402,2.913,0.251,153.772,0
10.4434,48.972,0.06552904099225998,2.852,0.2548,153.731,0
10.4447,49.005,0.06571819633245468,2.777,0.2594,153.713,0
10.4462,49.037,0.06627359241247177,2.701,0.2639,153.696,0
10.4475,49.07,0.0663507878780365,2.627,0.2685,153.651,0
10.4487,49.103,0.06642002612352371,2.555,0.2731,153.638,0
10.4501,49.131,0.06653498113155365,2.494,0.2769,153.604,0
10.4513,49.164,0.06705278903245926,2.42,0.2815,153.591,0
10.4526,49.191,0.06595093011856079,2.368,0.2853,153.572,0
10.4539,49.219,0.0644867867231369,2.319,0.2891,153.547,0
10.4552,49.246,0.06362268328666687,2.268,0.2929,153.524,0
10.4564,49.274,0.06159641593694687,2.223,0.2968,153.494,0
10.4576,49.301,0.060881976038217545,2.173,0.3006,153.458,0
10.4589,49.329,0.06044350191950798,2.122,0.3044,153.443,0
10.4601,49.351,0.059084296226501465,2.087,0.3074,153.409,0
10.4615,49.378,0.05790223926305771,2.043,0.3112,153.39,0
10.4629,49.406,0.056837838143110275,1.998,0.3151,153.338,0
10.4642,49.433,0.056440431624650955,1.952,0.3189,153.34,0
10.4654,49.455,0.05611653998494148,1.916,0.3219,153.319,0
10.4666,49.477,0.054631900042295456,1.887,0.325,153.29,0
10.4681,49.504,0.05442199483513832,1.843,0.3288,153.297,0
10.4697,49.537,0.05420694127678871,1.793,0.3334,153.254,0
10.4711,49.565,0.054097797721624374,1.752,0.3372,153.245,0
10.4723,49.587,0.054341986775398254,1.719,0.3402,153.193,0
10.4735,49.614,0.054635148495435715,1.679,0.3441,153.174,0
10.4749,49.642,0.05523579567670822,1.64,0.3479,153.158,0
10.4762,49.669,0.055658601224422455,1.603,0.3517,153.144,0
10.4774,49.691,0.0559108667075634,1.576,0.3547,153.148,0
10.4788,49.719,0.056041255593299866,1.544,0.3586,153.091,0
10.4802,49.746,0.055843472480773926,1.516,0.3624,153.1,0
10.4814,49.774,0.055294930934906006,1.492,0.3662,153.056,0
10.4827,49.796,0.05455716326832771,1.476,0.3692,153.023,0
10.484,49.818,0.053314559161663055,1.463,0.3723,153.01,0
10.4853,49.845,0.0525231808423996,1.446,0.3761,152.978,0
10.4866,49.867,0.052215833216905594,1.431,0.3792,152.999,0
10.4878,49.889,0.05132417008280754,1.421,0.3822,152.923,0
10.4891,49.911,0.05100977420806885,1.41,0.3853,152.922,0
10.4904,49.933,0.05149570479989052,1.395,0.3883,152.886,0
10.4917,49.96,0.05115974694490433,1.384,0.3921,152.881,0
10.493,49.982,0.05151521414518356,1.373,0.3952,152.847,0
10.4943,50.01,0.05277758836746216,1.356,0.399,152.832,0
10.4957,50.037,0.053782183676958084,1.343,0.4028,152.811,0
10.4971,50.065,0.05448915436863899,1.334,0.4066,152.786,0
10.4984,50.092,0.05539366602897644,1.325,0.4104,152.758,0
10.4998,50.12,0.056335821747779846,1.319,0.4142,152.736,0
10.5011,50.153,0.05733073502779007,1.314,0.4188,152.71,0
10.5023,50.175,0.05752845108509064,1.315,0.4219,152.674,0
10.5037,50.202,0.058091625571250916,1.316,0.4257,152.631,0
10.505,50.229,0.057829197496175766,1.324,0.4295,152.582,0
10.5062,50.257,0.05768436938524246,1.333,0.4333,152.561,0
10.5074,50.284,0.057449307292699814,1.344,0.4371,152.565,0
10.5087,50.306,0.057042285799980164,1.355,0.4402,152.592,0
10.5099,50.334,0.05678725987672806,1.37,0.444,152.514,0
10.5111,50.356,0.05723988264799118,1.379,0.4471,152.476,0
10.5125,50.383,0.05640712007880211,1.4,0.4509,152.48,0
10.5139,50.411,0.05632172152400017,1.418,0.4547,152.434,0
10.5152,50.438,0.056884221732616425,1.434,0.4585,152.384,0
10.5165,50.466,0.05791018530726433,1.449,0.4623,152.397,0
10.5177,50.493,0.05881143733859062,1.466,0.4661,152.368,0
10.519,50.526,0.06094997376203537,1.481,0.4707,152.336,0
10.5203,50.554,0.061898861080408096,1.501,0.4745,152.279,0
10.5216,50.587,0.06351211667060852,1.523,0.4791,152.272,0
10.5228,50.62,0.06567373871803284,1.543,0.4837,152.228,0
10.5241,50.647,0.06715574860572815,1.563,0.4875,152.195,0
10.5253,50.685,0.06823239475488663,1.599,0.4928,152.203,0
10.5266,50.713,0.06898203492164612,1.626,0.4966,152.133,0
10.5279,50.746,0.06947744637727737,1.661,0.5012,152.093,0
10.5292,50.779,0.06946104019880295,1.7,0.5058,152.086,0
10.5304,50.812,0.06983836740255356,1.738,0.5104,152.058,0
10.5316,50.845,0.07047818601131439,1.776,0.515,152.01,0
10.5328,50.872,0.07053279131650925,1.81,0.5188,151.941,0
10.5341,50.905,0.07050878554582596,1.852,0.5233,151.926,0
10.5353,50.938,0.07057513296604156,1.894,0.5279,151.909,0
10.5366,50.971,0.0707559585571289,1.936,0.5325,151.849,0
10.5378,50.999,0.07128069549798965,1.969,0.5363,151.825,0
10.5391,51.031,0.07235673069953918,2.005,0.5409,151.784,0
10.5404,51.07,0.07408703118562698,2.045,0.5462,151.761,0
10.5416,51.108,0.07554111629724503,2.086,0.5516,151.72,0
10.5428,51.141,0.07700256258249283,2.12,0.5562,151.665,0
10.5441,51.18,0.07865694165229797,2.159,0.5615,151.59,0
10.5454,51.218,0.0808616504073143,2.194,0.5668,151.576,0
10.5467,51.257,0.08213234692811966,2.233,0.5722,151.532,0
10.548,51.301,0.0825939029455185,2.283,0.5783,151.443,0
10.5492,51.334,0.08320607244968414,2.317,0.5829,151.457,0
10.5504,51.372,0.08361730724573135,2.358,0.5882,151.386,0
10.5517,51.411,0.08332443982362747,2.402,0.5935,151.359,0
10.5531,51.449,0.08414974063634872,2.437,0.5989,151.337,0
10.5545,51.493,0.08478601276874542,2.477,0.605,151.262,0
10.5557,51.537,0.08516381680965424,2.517,0.6111,151.204,0
10.5571,51.575,0.08556769788265228,2.549,0.6164,151.139,0
10.5583,51.614,0.0865580141544342,2.575,0.6218,151.099,0
10.5595,51.658,0.0869017019867897,2.608,0.6279,151.046,0
10.5609,51.696,0.08736999332904816,2.633,0.6332,151.052,0
10.5621,51.74,0.08774574100971222,2.66,0.6393,150.946,0
10.5634,51.779,0.08772847056388855,2.684,0.6447,150.871,0
10.5646,51.817,0.08759062737226486,2.706,0.65,150.871,0
10.566,51.861,0.08741298317909241,2.729,0.6561,150.84,0
10.5672,51.894,0.08671168237924576,2.748,0.6607,150.797,0
10.5687,51.938,0.08647526800632477,2.767,0.6668,150.713,0
10.5701,51.982,0.08548162877559662,2.787,0.6729,150.632,0
10.5713,52.02,0.08484072238206863,2.802,0.6782,150.605,0
10.5726,52.059,0.08538223803043365,2.808,0.6836,150.561,0
10.5739,52.097,0.08605682849884033,2.811,0.6889,150.523,0
10.5751,52.141,0.08620313555002213,2.817,0.695,150.469,0
10.5764,52.18,0.08592142909765244,2.822,0.7003,150.429,0
10.5776,52.213,0.08465965837240219,2.832,0.7049,150.37,0
10.5789,52.251,0.08414557576179504,2.837,0.7103,150.317,0
10.5802,52.289,0.0833178237080574,2.842,0.7156,150.292,0
10.5815,52.328,0.08277250826358795,2.845,0.7209,150.272,0
10.5829,52.366,0.08116415143013,2.853,0.7263,150.217,0
10.5841,52.405,0.08046519011259079,2.855,0.7316,150.175,0
10.5854,52.438,0.07942809164524078,2.858,0.7362,150.14,0
10.5867,52.471,0.07836711406707764,2.862,0.7408,150.083,0
10.588,52.504,0.07741423696279526,2.864,0.7454,150.041,0
10.5893,52.542,0.07733159512281418,2.861,0.7507,149.978,0
10.5906,52.575,0.07691214978694916,2.86,0.7553,149.961,0
10.5919,52.614,0.07691361010074615,2.857,0.7606,149.9,0
10.5932,52.652,0.07727208733558655,2.851,0.766,149.865,0
10.5947,52.685,0.0768268033862114,2.851,0.7705,149.844,0
10.596,52.723,0.07658953219652176,2.85,0.7759,149.725,0
10.5973,52.762,0.07579472661018372,2.852,0.7812,149.732,0
10.5985,52.795,0.0748615637421608,2.857,0.7858,149.684,0
10.6,52.828,0.0734742060303688,2.865,0.7904,149.657,0
10.6012,52.861,0.07268942892551422,2.87,0.795,149.591,0
10.6027,52.894,0.07260960340499878,2.871,0.7995,149.608,0
10.6041,52.932,0.07229287177324295,2.876,0.8049,149.54,0
10.6055,52.971,0.07198509573936462,2.882,0.8102,149.544,0
10.6069,53.004,0.07157348841428757,2.889,0.8148,149.453,0
10.6082,53.042,0.07223216444253922,2.892,0.8201,149.437,0
10.6095,53.069,0.071254201233387,2.904,0.8239,149.352,0
10.6108,53.102,0.07128309458494186,2.912,0.8285,149.342,0
10.6122,53.141,0.07037320733070374,2.929,0.8339,149.319,0
10.6135,53.174,0.06905525177717209,2.948,0.8384,149.284,0
10.6148,53.207,0.06853749603033066,2.964,0.843,149.234,0
10.6161,53.234,0.0672561526298523,2.983,0.8468,149.193,0
10.6173,53.262,0.06577794253826141,3.005,0.8506,149.148,0
10.6186,53.289,0.06520461291074753,3.022,0.8545,149.143,0
10.6201,53.322,0.06447357684373856,3.044,0.859,149.099,0
10.6214,53.35,0.06304311007261276,3.068,0.8629,149.058,0
10.6227,53.377,0.06260358542203903,3.088,0.8667,149.056,0
10.624,53.41,0.06241516023874283,3.111,0.8712,148.979,0
10.6252,53.438,0.06224680691957474,3.132,0.8751,148.968,0
10.6265,53.465,0.06232002004981041,3.152,0.8789,148.945,0
10.6278,53.492,0.0625683143734932,3.172,0.8827,148.939,0
10.6291,53.525,0.06309378147125244,3.196,0.8873,148.876,0
10.6304,53.553,0.06345531344413757,3.218,0.8911,148.915,0
10.6316,53.58,0.06362806260585785,3.242,0.8949,148.843,0
10.633,53.613,0.06362365931272507,3.272,0.8995,148.816,0
10.6343,53.641,0.06386472284793854,3.298,0.9033,148.748,0
10.6355,53.674,0.06406550109386444,3.33,0.9079,148.762,0
10.6368,53.701,0.06334904581308365,3.363,0.9117,148.707,0
10.6382,53.729,0.06262731552124023,3.396,0.9155,148.677,0
10.6394,53.756,0.06201431155204773,3.43,0.9193,148.692,0
10.6407,53.784,0.060994844883680344,3.467,0.9231,148.611,0
10.642,53.811,0.06087534874677658,3.499,0.9269,148.592,0
10.6433,53.839,0.06044439971446991,3.534,0.9308,148.57,0
10.6447,53.866,0.05968240275979042,3.571,0.9346,148.56,0
10.646,53.893,0.05921238660812378,3.607,0.9384,148.536,0
10.6472,53.921,0.05885831639170647,3.643,0.9422,148.508,0
10.6484,53.948,0.0591975636780262,3.675,0.946,148.486,0
10.6497,53.976,0.059884268790483475,3.705,0.9498,148.459,0
10.6511,54.003,0.06106571853160858,3.733,0.9536,148.447,0
10.6523,54.036,0.06257405132055283,3.766,0.9582,148.407,0
10.6536,54.069,0.06407993286848068,3.8,0.9628,148.367,0
10.655,54.102,0.06583654880523682,3.832,0.9674,148.406,0
10.6563,54.135,0.06713810563087463,3.866,0.972,148.329,0
10.6575,54.168,0.06853833049535751,3.9,0.9765,148.288,0
10.6588,54.201,0.069021075963974,3.938,0.9811,148.303,0
10.6601,54.234,0.06881527602672577,3.981,0.9857,148.242,0
10.6615,54.261,0.0682942122220993,4.018,0.9895,148.249,0
10.6629,54.3,0.06770312786102295,4.068,0.9948,148.197,0
10.6642,54.333,0.06712941825389862,4.11,0.9994,148.188,0
10.6654,54.36,0.0672173798084259,4.142,0.0032,148.172,0
10.6667,54.388,0.06738829612731934,4.172,0.007,148.096,0
10.668,54.421,0.06751390546560287,4.207,0.0116,148.082,0
10.6694,54.454,0.06746475398540497,4.242,0.0162,148.077,0
10.6707,54.492,0.0683063417673111,4.277,0.0215,148.015,0
10.672,54.52,0.06883712857961655,4.3,0.0254,148.015,0
10.6733,54.553,0.06820080429315567,4.334,0.0299,147.954,0
10.6746,54.586,0.0685911700129509,4.361,0.0345,147.948,0
10.6758,54.619,0.06968807429075241,4.381,0.0391,147.901,0
10.6771,54.651,0.0701763704419136,4.403,0.0437,147.888,0
10.6784,54.684,0.07053159177303314,4.423,0.0482,147.874,0
10.6796,54.717,0.07097239792346954,4.441,0.0528,147.785,0
10.6808,54.745,0.07084941864013672,4.457,0.0566,147.776,0
10.6821,54.778,0.07046046108007431,4.476,0.0612,147.77,0
10.6834,54.805,0.0693865641951561,4.494,0.065,147.749,0
10.6846,54.838,0.06903060525655746,4.508,0.0696,147.699,0
10.6859,54.871,0.0692790076136589,4.515,0.0742,147.698,0
10.6871,54.904,0.0691961869597435,4.522,0.0788,147.651,0
10.6884,54.932,0.06950649619102478,4.524,0.0826,147.623,0
10.6897,54.97,0.07026311010122299,4.521,0.0879,147.623,0
10.6911,54.998,0.07035432010889053,4.519,0.0917,147.592,0
10.6924,55.036,0.0705971047282219,4.512,0.0971,147.55,0
10.6936,55.069,0.07170773297548294,4.498,0.1017,147.522,0
10.695,55.102,0.07171586900949478,4.488,0.1062,147.467,0
10.6963,55.14,0.07240625470876694,4.468,0.1116,147.455,0
10.6976,55.173,0.07227280735969543,4.452,0.1161,147.425,0
10.6988,55.206,0.07236199826002121,4.431,0.1207,147.401,0
10.7002,55.239,0.07128333300352097,4.415,0.1253,147.386,0
10.7015,55.267,0.06917901337146759,4.406,0.1291,147.367,0
10.7028,55.294,0.0671236664056778,4.395,0.1329,147.336,0
10.704,55.322,0.06465064734220505,4.384,0.1367,147.328,0
10.7055,55.349,0.06157932057976723,4.374,0.1406,147.304,0
10.7068,55.377,0.05915704742074013,4.359,0.1444,147.276,0
10.7081,55.399,0.05762913078069687,4.342,0.1474,147.235,0
10.7093,55.426,0.056075070053339005,4.318,0.1512,147.219,0
10.7105,55.443,0.053896863013505936,4.309,0.1535,147.249,0
10.7117,55.464,0.05270642042160034,4.286,0.1566,147.184,0
10.7131,55.486,0.051906708627939224,4.26,0.1596,147.14,0
10.7143,55.514,0.05113944411277771,4.225,0.1635,147.157,0
10.7156,55.536,0.050344813615083694,4.197,0.1665,147.152,0
10.7169,55.558,0.050744738429784775,4.162,0.1696,147.094,0
10.7182,55.58,0.05124981701374054,4.125,0.1726,147.115,0
10.7194,55.602,0.05110829323530197,4.091,0.1757,147.068,0
10.7206,55.629,0.05122459679841995,4.045,0.1795,147.046,0
10.722,55.651,0.05139300227165222,4.006,0.1825,147.05,0
10.7233,55.679,0.051729992032051086,3.957,0.1863,147.026,0
10.7245,55.701,0.051817405968904495,3.917,0.1894,146.991,0
10.7258,55.723,0.05157720297574997,3.878,0.1924,147.002,0
10.7271,55.745,0.05101592838764191,3.839,0.1955,146.99,0
10.7284,55.767,0.05005276948213577,3.801,0.1985,146.958,0
10.7297,55.789,0.04877656325697899,3.764,0.2016,146.949,0
10.731,55.811,0.04748254269361496,3.725,0.2047,146.927,0
10.7323,55.827,0.04591991379857063,3.698,0.2069,146.907,0
10.7336,55.849,0.04402537643909454,3.658,0.21,146.882,0
10.7349,55.865,0.04320564493536949,3.626,0.2123,146.884,0
10.7363,55.887,0.04210738465189934,3.583,0.2153,146.886,0
10.7376,55.904,0.04111184552311897,3.549,0.2176,146.857,0
10.7388,55.92,0.04079322889447212,3.515,0.2199,146.831,0
10.7403,55.942,0.04026800021529198,3.468,0.223,146.862,0
10.7416,55.959,0.03956096991896629,3.433,0.2253,146.789,0
10.7428,55.975,0.039035193622112274,3.397,0.2275,146.814,0
10.7441,55.992,0.0383874773979187,3.36,0.2298,146.791,0
10.7454,56.008,0.03793772682547569,3.324,0.2321,146.783,0
10.7466,56.025,0.03751865401864052,3.287,0.2344,146.776,0
10.7478,56.041,0.0366850271821022,3.249,0.2367,146.755,0
10.7491,56.058,0.03577929362654686,3.209,0.239,146.739,0
10.7503,56.074,0.035224564373493195,3.17,0.2413,146.761,0
10.7516,56.085,0.034425344318151474,3.142,0.2428,146.677,0
10.7529,56.102,0.03411315008997917,3.104,0.2451,146.717,0
10.7541,56.118,0.033110879361629486,3.06,0.2474,146.701,0
10.7553,56.129,0.032440636307001114,3.03,0.2489,146.662,0
10.7566,56.146,0.03207298368215561,2.99,0.2512,146.659,0
10.7579,56.157,0.031723082065582275,2.962,0.2527,146.642,0
10.7591,56.173,0.03149964287877083,2.924,0.255,146.662,0
10.7603,56.184,0.03133460506796837,2.898,0.2565,146.651,0
10.7616,56.201,0.031087910756468773,2.859,0.2588,146.636,0
10.7629,56.212,0.031248664483428,2.837,0.2603,146.653,0
10.7641,56.228,0.03187519684433937,2.808,0.2626,146.58,0
10.7654,56.245,0.031983427703380585,2.773,0.2649,146.595,0
10.7666,56.255,0.031374771147966385,2.743,0.2664,146.6,0
10.7679,56.272,0.030980367213487625,2.703,0.2687,146.557,0
10.7692,56.283,0.030764155089855194,2.677,0.2703,146.543,0
10.7705,56.294,0.03015384078025818,2.646,0.2718,146.566,0
10.7717,56.31,0.02958197332918644,2.603,0.2741,146.563,0
10.7731,56.321,0.028471598401665688,2.561,0.2756,146.558,0
10.7743,56.332,0.02703109197318554,2.51,0.2771,146.527,0
10.7755,56.343,0.026028821244835854,2.463,0.2787,146.493,0
10.7769,56.354,0.025261856615543365,2.419,0.2802,146.518,0
10.7782,56.365,0.024551399052143097,2.375,0.2817,146.516,0
10.7794,56.376,0.023730935528874397,2.325,0.2832,146.482,0
10.7806,56.382,0.022888068109750748,2.282,0.284,146.539,0
10.7819,56.393,0.021785037592053413,2.213,0.2855,146.445,0
10.7832,56.398,0.020742613822221756,2.15,0.2863,146.454,0
10.7844,56.409,0.019658254459500313,2.068,0.2878,146.476,0
10.7857,56.415,0.018621092662215233,1.99,0.2886,146.451,0
10.787,56.42,0.01727350987493992,1.879,0.2893,146.47,0
10.7882,56.426,0.0160719882696867,1.765,0.2901,146.44,0
10.7894,56.431,0.014864097349345684,1.635,0.2909,146.474,0
10.7907,56.437,0.013501270674169064,1.472,0.2916,146.468,0
10.792,56.442,0.01214560680091381,1.287,0.2924,146.461,0
10.7932,56.442,0.010683612897992134,1.071,0.2924,146.41,0
10.7944,56.448,0.00924787949770689,0.824,0.2932,146.413,0
10.7956,56.448,0.007699145935475826,0.535,0.2932,146.456,0
10.797,56.448,0.006045122165232897,0.192,0.2932,146.427,0
10.7982,56.448,0.004395873285830021,-0.181,0.2932,146.45,0
10.7995,56.448,0.0030354356858879328,-0.507,0.2932,146.48,0
10.8007,56.448,0.0015959694283083081,-0.865,0.2932,146.432,0
10.8019,56.442,0.0001532591413706541,-1.231,0.2924,146.481,0
10.8032,56.442,-0.0007506384281441569,-1.462,0.2924,146.455,0
10.8044,56.442,-0.001407595700584352,-1.63,0.2924,146.443,0
10.8056,56.442,-0.0018059815047308803,-1.73,0.2924,146.448,0
10.8068,56.437,-0.002290313132107258,-1.853,0.2916,146.461,0
10.8081,56.437,-0.002806108444929123,-1.982,0.2916,146.408,0
10.8093,56.437,-0.0032759930472820997,-2.098,0.2916,146.446,0
10.8106,56.431,-0.003533952170982957,-2.162,0.2909,146.438,0
10.8118,56.431,-0.004319153726100922,-2.351,0.2909,146.407,0
10.8131,56.426,-0.004922425374388695,-2.495,0.2901,146.468,0
10.8143,56.426,-0.0056053996086120605,-2.651,0.2901,146.451,0
10.8155,56.42,-0.006305145565420389,-2.809,0.2893,146.464,0
10.8168,56.415,-0.007039845455437899,-2.969,0.2886,146.485,0
10.8181,56.409,-0.007852287963032722,-3.139,0.2878,146.467,0
10.8193,56.409,-0.008501654490828514,-3.265,0.2878,146.453,0
10.8205,56.404,-0.00909996684640646,-3.382,0.287,146.478,0
10.8219,56.398,-0.010135844349861145,-3.569,0.2863,146.484,0
10.8231,56.387,-0.011219529435038567,-3.756,0.2848,146.507,0
10.8243,56.382,-0.012522854842245579,-3.952,0.284,146.5,0
10.8256,56.376,-0.013944198377430439,-4.142,0.2832,146.469,0
10.8269,56.365,-0.01541745476424694,-4.32,0.2817,146.51,0
10.8282,56.354,-0.01697157882153988,-4.482,0.2802,146.511,0
10.8294,56.343,-0.01881083846092224,-4.641,0.2787,146.525,0
10.8307,56.332,-0.021591028198599815,-4.821,0.2771,146.524,0
10.8321,56.316,-0.024233488366007805,-4.954,0.2748,146.523,0
10.8333,56.305,-0.02633003145456314,-5.032,0.2733,146.605,0
10.8346,56.288,-0.028540926054120064,-5.101,0.271,146.565,0
10.8358,56.272,-0.03105146624147892,-5.159,0.2687,146.582,0
10.8372,56.255,-0.03314856067299843,-5.199,0.2664,146.597,0
10.8385,56.234,-0.03527474030852318,-5.238,0.2634,146.626,0
10.8397,56.212,-0.037412360310554504,-5.269,0.2603,146.686,0
10.8411,56.195,-0.03883584588766098,-5.288,0.2581,146.644,0
10.8423,56.173,-0.04042571410536766,-5.309,0.255,146.683,0
10.8436,56.151,-0.042117320001125336,-5.326,0.252,146.711,0
10.8449,56.129,-0.04349569231271744,-5.341,0.2489,146.69,0
10.8462,56.107,-0.04456792399287224,-5.354,0.2458,146.719,0
10.8474,56.085,-0.046510763466358185,-5.361,0.2428,146.754,0
10.8487,56.063,-0.04835381358861923,-5.366,0.2397,146.734,0
10.85,56.036,-0.04920512065291405,-5.374,0.2359,146.787,0
10.8512,56.014,-0.04890485480427742,-5.382,0.2329,146.839,0
10.8525,55.992,-0.04835318773984909,-5.389,0.2298,146.835,0
10.8537,55.975,-0.04772328585386276,-5.394,0.2275,146.848,0
10.855,55.953,-0.04730280116200447,-5.397,0.2245,146.863,0
10.8562,55.931,-0.047153133898973465,-5.397,0.2214,146.863,0
10.8575,55.909,-0.047060396522283554,-5.395,0.2184,146.903,0
10.8587,55.887,-0.04781823605298996,-5.387,0.2153,146.931,0
10.86,55.865,-0.04898713529109955,-5.376,0.2123,146.934,0
10.8613,55.838,-0.05060956999659538,-5.358,0.2085,146.962,0
10.8626,55.811,-0.05250772833824158,-5.335,0.2047,146.99,0
10.8639,55.783,-0.05455750226974487,-5.307,0.2008,147.027,0
10.8651,55.756,-0.05708415061235428,-5.273,0.197,147.032,0
10.8664,55.728,-0.05914787948131561,-5.238,0.1932,147.022,0
10.8676,55.701,-0.060158781707286835,-5.206,0.1894,147.076,0
10.8689,55.668,-0.06216834485530853,-5.159,0.1848,147.081,0
10.8702,55.64,-0.06246016547083855,-5.125,0.181,147.124,0
10.8715,55.607,-0.06351587176322937,-5.075,0.1764,147.123,0
10.8729,55.574,-0.0635153204202652,-5.028,0.1718,147.199,0
10.8741,55.547,-0.06290170550346375,-4.99,0.168,147.17,0
10.8754,55.519,-0.06295079737901688,-4.945,0.1642,147.211,0
10.8766,55.492,-0.06141308695077896,-4.907,0.1604,147.235,0
10.8781,55.47,-0.059700969606637955,-4.877,0.1573,147.288,0
10.8794,55.443,-0.05727876350283623,-4.839,0.1535,147.275,0
10.8807,55.421,-0.05499239265918732,-4.809,0.1505,147.284,0
10.882,55.393,-0.05365515500307083,-4.76,0.1467,147.298,0
10.8832,55.371,-0.05267767235636711,-4.72,0.1436,147.376,0
10.8845,55.349,-0.052427858114242554,-4.674,0.1406,147.355,0
10.8858,55.322,-0.05312473699450493,-4.611,0.1367,147.378,0
10.8872,55.3,-0.05380048602819443,-4.559,0.1337,147.387,0
10.8886,55.267,-0.05593828111886978,-4.472,0.1291,147.45,0
10.8899,55.234,-0.05787437781691551,-4.384,0.1245,147.469,0
10.8911,55.206,-0.05974026024341583,-4.308,0.1207,147.47,0
10.8924,55.179,-0.06103997677564621,-4.233,0.1169,147.491,0
10.8936,55.151,-0.06188768148422241,-4.16,0.1131,147.451,0
10.8949,55.118,-0.06253759562969208,-4.073,0.1085,147.528,0
10.8961,55.091,-0.06253159791231155,-4.003,0.1047,147.567,0
10.8973,55.063,-0.06218543276190758,-3.934,0.1009,147.585,0
10.8986,55.042,-0.06087220087647438,-3.884,0.0978,147.582,0
10.8999,55.014,-0.05993426963686943,-3.818,0.094,147.63,0
10.9011,54.987,-0.05844981595873833,-3.754,0.0902,147.661,0
10.9024,54.965,-0.056110069155693054,-3.709,0.0872,147.671,0
10.9036,54.943,-0.05331463739275932,-3.665,0.0841,147.652,0
10.9049,54.926,-0.05035526677966118,-3.636,0.0818,147.684,0
10.9062,54.91,-0.04723331332206726,-3.606,0.0795,147.701,0
10.9074,54.893,-0.043658800423145294,-3.575,0.0772,147.713,0
10.9087,54.877,-0.04120396822690964,-3.536,0.075,147.731,0
10.9101,54.86,-0.0393141470849514,-3.495,0.0727,147.77,0
10.9113,54.844,-0.03722996264696121,-3.45,0.0704,147.781,0
10.9126,54.827,-0.03616959974169731,-3.405,0.0681,147.778,0
10.9139,54.816,-0.03582257404923439,-3.376,0.0666,147.78,0
10.9151,54.8,-0.034755170345306396,-3.33,0.0643,147.772,0
10.9164,54.783,-0.03366004303097725,-3.282,0.062,147.795,0
10.9176,54.772,-0.03339057415723801,-3.253,0.0605,147.822,0
10.919,54.756,-0.03257972374558449,-3.206,0.0582,147.838,0
10.9203,54.745,-0.03181992471218109,-3.172,0.0566,147.832,0
10.9218,54.728,-0.031101388856768608,-3.124,0.0544,147.852,0
10.9232,54.712,-0.03063523769378662,-3.079,0.0521,147.893,0
10.9244,54.701,-0.03014221414923668,-3.046,0.0505,147.913,0
10.9257,54.684,-0.029691914096474648,-3.001,0.0482,147.898,0
10.9271,54.673,-0.02886582352221012,-2.963,0.0467,147.885,0
10.9285,54.662,-0.027624262496829033,-2.915,0.0452,147.909,0
10.9298,54.651,-0.026621809229254723,-2.868,0.0437,147.939,0
10.9311,54.635,-0.026393050327897072,-2.826,0.0414,147.949,0
10.9324,54.63,-0.025074545294046402,-2.778,0.0406,147.955,0
10.9337,54.619,-0.02391054295003414,-2.717,0.0391,147.932,0
10.935,54.608,-0.022667208686470985,-2.647,0.0376,147.955,0
10.9364,54.597,-0.02163384109735489,-2.578,0.036,147.958,0
10.9377,54.591,-0.020724734291434288,-2.521,0.0353,147.974,0
10.9392,54.58,-0.019800879061222076,-2.447,0.0338,147.967,0
10.9405,54.575,-0.018788812682032585,-2.372,0.033,147.988,0
10.9419,54.564,-0.01777748391032219,-2.279,0.0315,147.974,0
10.9433,54.558,-0.01664501242339611,-2.177,0.0307,148.011,0
10.9446,54.553,-0.015598606318235397,-2.072,0.0299,148.005,0
10.9458,54.547,-0.014569646678864956,-1.957,0.0292,148.007,0
10.9472,54.542,-0.013758060522377491,-1.857,0.0284,148.03,0
10.9484,54.536,-0.012622647918760777,-1.707,0.0276,148.02,0
10.9497,54.536,-0.011282227002084255,-1.522,0.0276,148.04,0
10.951,54.531,-0.010151220485568047,-1.339,0.0269,148.019,0
10.9522,54.525,-0.00904751755297184,-1.145,0.0261,148.019,0
10.9534,54.525,-0.0077370936051011086,-0.903,0.0261,148.011,0
10.9547,54.525,-0.006167117040604353,-0.586,0.0261,148.028,0
10.956,54.525,-0.004201448522508144,-0.15,0.0261,148.03,0
10.9572,54.525,-0.002841867972165346,0.172,0.0261,148.078,0
10.9585,54.525,-0.001655035768635571,0.462,0.0261,147.998,0
10.9597,54.525,-0.0007052270229905844,0.698,0.0261,148.007,0
10.9611,54.531,0.0003027970378752798,0.947,0.0269,148.017,0
10.9623,54.531,0.0009547345689497888,1.11,0.0269,148.018,0
10.9636,54.531,0.001511789276264608,1.249,0.0269,148.045,0
10.9648,54.531,0.0019847347866743803,1.366,0.0269,148.013,0
10.9661,54.531,0.0020440518856048584,1.381,0.0269,148.003,0
10.9674,54.536,0.0022919720504432917,1.44,0.0276,148.017,0
10.9686,54.536,0.0026073502376675606,1.517,0.0276,148.015,0
10.9698,54.536,0.002812787191942334,1.567,0.0276,148.011,0
10.9711,54.542,0.0032045000698417425,1.66,0.0284,148.039,0
10.9724,54.542,0.0035812770947813988,1.75,0.0284,148.018,0
10.9737,54.542,0.0033350710291415453,1.691,0.0284,148.013,0
10.975,54.542,0.0031973987352102995,1.658,0.0284,148.043,0
10.9763,54.547,0.0030199368484318256,1.613,0.0292,148.004,0
10.9775,54.547,0.002863227156922221,1.575,0.0292,148.017,0
10.9788,54.547,0.0027877490501850843,1.557,0.0292,148.016,0
10.9801,54.547,0.0025840261951088905,1.507,0.0292,147.996,0
10.9813,54.547,0.00221239123493433,1.416,0.0292,148.008,0
10.9826,54.547,0.0018307780846953392,1.321,0.0292,147.989,0
10.9838,54.547,0.0013806045753881335,1.209,0.0292,148.009,0
10.9851,54.553,0.001291353371925652,1.184,0.0299,148.014,0
10.9863,54.553,0.0009987466037273407,1.11,0.0299,148.01,0
10.9876,54.553,0.0007096290355548263,1.037,0.0299,147.994,0
10.9888,54.553,0.0004621376865543425,0.975,0.0299,147.961,0
10.9901,54.553,0.0003011428052559495,0.934,0.0299,148.02,0
10.9914,54.553,0.00018526316853240132,0.905,0.0299,148.055,0
10.9927,54.553,0.00011211149103473872,0.886,0.0299,148.015,0
10.994,54.553,6.717983342241496e-05,0.875,0.0299,148.009,0
10.9953,54.553,3.993925201939419e-05,0.868,0.0299,148.001,0
10.9966,54.553,2.365611362620257e-05,0.864,0.0299,147.996,0
10.9979,54.553,1.3984179531689733e-05,0.861,0.0299,148.011,0
10.9992,54.553,8.229987543018069e-06,0.86,0.0299,148.021,0
11.0005,54.553,4.863174126512604e-06,0.859,0.0299,148.016,0
11.0017,54.553,3.0267303827713476e-06,0.858,0.0299,147.969,0
11.003,54.553,1.802434212549997e-06,0.858,0.0299,148.004,0
11.0043,54.553,1.0066416962217772e-06,0.858,0.0299,147.984,0
11.0055,54.553,6.393527769432694e-07,0.858,0.0299,148.002,0
11.0067,54.553,3.9449352584597364e-07,0.858,0.0299,147.983,0
11.008,54.553,3.3327873438793176e-07,0.858,0.0299,147.976,0
11.0093,54.553,3.3327873438793176e-07,0.858,0.0299,147.997,0
11.0105,54.553,3.3327873438793176e-07,0.858,0.0299,148.014,0
11.0119,54.553,3.3327873438793176e-07,0.858,0.0299,148.0,0
11.0131,54.553,3.3327873438793176e-07,0.858,0.0299,147.972,0
11.0143,54.553,3.3327873438793176e-07,0.858,0.0299,147.986,0
11.0155,54.553,3.3327873438793176e-07,0.858,0.0299,148.001,0
11.0168,54.553,3.3327873438793176e-07,0.858,0.0299,148.0,0
11.0181,54.553,3.3327873438793176e-07,0.858,0.0299,148.037,0
11.0195,54.553,3.3327873438793176e-07,0.858,0.0299,147.997,0
11.0211,54.553,3.3327873438793176e-07,0.858,0.0299,147.97,0
11.0224,54.553,3.3327873438793176e-07,0.858,0.0299,148.0,0
11.0237,54.553,3.3327873438793176e-07,0.858,0.0299,147.982,0
11.025,54.553,3.3327873438793176e-07,0.858,0.0299,147.996,0
11.0263,54.553,3.3327873438793176e-07,0.858,0.0299,148.016,0
11.0275,54.553,3.3327873438793176e-07,0.858,0.0299,148.016,0
11.0287,54.553,3.3327873438793176e-07,0.858,0.0299,148.003,0
11.03,54.553,3.3327873438793176e-07,0.858,0.0299,148.004,0
11.0313,54.553,3.3327873438793176e-07,0.858,0.0299,148.008,0
11.0325,54.553,3.3327873438793176e-07,0.858,0.0299,148.02,0
11.0338,54.553,3.3327873438793176e-07,0.858,0.0299,148.002,0
11.0351,54.553,3.3327873438793176e-07,0.858,0.0299,148.005,0
11.0364,54.553,3.3327873438793176e-07,0.858,0.0299,148.03,0
11.0376,54.553,3.3327873438793176e-07,0.858,0.0299,147.976,0
11.0388,54.553,3.3327873438793176e-07,0.858,0.0299,147.981,0
11.0401,54.553,3.3327873438793176e-07,0.858,0.0299,148.032,0
11.0413,54.553,3.3327873438793176e-07,0.858,0.0299,148.021,0
11.0425,54.553,3.3327873438793176e-07,0.858,0.0299,148.005,0
11.0438,54.553,3.3327873438793176e-07,0.858,0.0299,147.985,0
11.0451,54.553,3.3327873438793176e-07,0.858,0.0299,148.001,0
11.0463,54.553,3.3327873438793176e-07,0.858,0.0299,147.991,0
11.0476,54.553,3.3327873438793176e-07,0.858,0.0299,148.032,0
11.0488,54.553,3.3327873438793176e-07,0.858,0.0299,148.001,0
11.0501,54.553,3.3327873438793176e-07,0.858,0.0299,148.003,0
11.0513,54.553,3.3327873438793176e-07,0.858,0.0299,148.014,0
11.0526,54.553,3.3327873438793176e-07,0.858,0.0299,147.995,0
11.0539,54.553,3.3327873438793176e-07,0.858,0.0299,148.031,0
11.0552,54.553,3.3327873438793176e-07,0.858,0.0299,148.014,0
11.0565,54.553,3.3327873438793176e-07,0.858,0.0299,147.97,0
11.0579,54.553,3.3327873438793176e-07,0.858,0.0299,148.004,0
11.0592,54.553,3.3327873438793176e-07,0.858,0.0299,148.003,0
11.0604,54.553,3.3327873438793176e-07,0.858,0.0299,148.036,0
11.0617,54.553,3.3327873438793176e-07,0.858,0.0299,148.012,0
11.0631,54.553,3.3327873438793176e-07,0.858,0.0299,147.995,0
11.0643,54.553,3.3327873438793176e-07,0.858,0.0299,147.974,0
11.0656,54.553,3.3327873438793176e-07,0.858,0.0299,148.011,0
11.0669,54.553,3.3327873438793176e-07,0.858,0.0299,148.01,0
11.0681,54.553,3.3327873438793176e-07,0.858,0.0299,148.018,0
11.0694,54.553,3.3327873438793176e-07,0.858,0.0299,147.982,0
11.0707,54.553,3.3327873438793176e-07,0.858,0.0299,148.023,0
11.072,54.553,3.3327873438793176e-07,0.858,0.0299,147.974,0
11.0733,54.553,3.3327873438793176e-07,0.858,0.0299,148.023,0
11.0745,54.553,3.3327873438793176e-07,0.858,0.0299,147.993,0
11.0757,54.553,3.3327873438793176e-07,0.858,0.0299,147.998,0
11.077,54.553,3.3327873438793176e-07,0.858,0.0299,148.017,0
11.0782,54.553,3.3327873438793176e-07,0.858,0.0299,147.997,0
11.0795,54.553,3.3327873438793176e-07,0.858,0.0299,147.998,0
11.0807,54.553,3.3327873438793176e-07,0.858,0.0299,148.038,0
11.082,54.553,3.3327873438793176e-07,0.858,0.0299,148.006,0
11.0833,54.553,3.3327873438793176e-07,0.858,0.0299,147.982,0
11.0846,54.553,3.3327873438793176e-07,0.858,0.0299,148.032,0
11.0858,54.553,3.3327873438793176e-07,0.858,0.0299,148.02,0
11.0872,54.553,3.3327873438793176e-07,0.858,0.0299,148.015,0
11.0885,54.553,3.3327873438793176e-07,0.858,0.0299,148.0,0
11.0898,54.553,3.3327873438793176e-07,0.858,0.0299,148.022,0
11.0912,54.553,3.3327873438793176e-07,0.858,0.0299,148.024,0
11.0925,54.553,3.3327873438793176e-07,0.858,0.0299,148.006,0
11.0937,54.553,3.3327873438793176e-07,0.858,0.0299,147.984,0
11.095,54.553,3.3327873438793176e-07,0.858,0.0299,148.008,0
11.0963,54.553,3.3327873438793176e-07,0.858,0.0299,147.99,0
11.0975,54.553,3.3327873438793176e-07,0.858,0.0299,148.013,0
11.0989,54.553,3.3327873438793176e-07,0.858,0.0299,148.017,0
11.1002,54.553,3.3327873438793176e-07,0.858,0.0299,147.958,0
11.1015,54.553,3.3327873438793176e-07,0.858,0.0299,148.004,0
11.1027,54.553,3.3327873438793176e-07,0.858,0.0299,147.978,0
11.104,54.553,3.3327873438793176e-07,0.858,0.0299,148.006,0
11.1053,54.553,3.3327873438793176e-07,0.858,0.0299,147.997,0
11.1065,54.553,3.3327873438793176e-07,0.858,0.0299,148.021,0
11.1077,54.553,3.3327873438793176e-07,0.858,0.0299,148.013,0
11.109,54.553,3.3327873438793176e-07,0.858,0.0299,147.998,0
11.1102,54.553,3.3327873438793176e-07,0.858,0.0299,148.018,0
11.1115,54.553,3.3327873438793176e-07,0.858,0.0299,147.986,0
11.1127,54.553,3.3327873438793176e-07,0.858,0.0299,147.993,0
11.114,54.553,3.3327873438793176e-07,0.858,0.0299,148.011,0
11.1153,54.553,3.3327873438793176e-07,0.858,0.0299,148.03,0
11.1165,54.553,3.3327873438793176e-07,0.858,0.0299,148.016,0
11.1178,54.553,3.3327873438793176e-07,0.858,0.0299,148.034,0
11.1191,54.553,3.3327873438793176e-07,0.858,0.0299,147.997,0
11.1204,54.553,3.3327873438793176e-07,0.858,0.0299,148.031,0
11.1216,54.553,3.3327873438793176e-07,0.858,0.0299,148.02,0
11.1228,54.553,3.3327873438793176e-07,0.858,0.0299,148.021,0
11.1241,54.553,3.3327873438793176e-07,0.858,0.0299,147.99,0
11.1253,54.553,3.3327873438793176e-07,0.858,0.0299,147.963,0
11.1266,54.553,3.3327873438793176e-07,0.858,0.0299,148.01,0
11.1279,54.553,3.3327873438793176e-07,0.858,0.0299,147.979,0
11.1291,54.553,3.3327873438793176e-07,0.858,0.0299,148.018,0
11.1303,54.553,3.3327873438793176e-07,0.858,0.0299,147.987,0
11.1317,54.553,3.3327873438793176e-07,0.858,0.0299,148.02,0
11.133,54.553,3.3327873438793176e-07,0.858,0.0299,147.976,0
11.1342,54.553,3.3327873438793176e-07,0.858,0.0299,147.986,0
11.1355,54.553,3.3327873438793176e-07,0.858,0.0299,148.037,0
11.1367,54.553,3.3327873438793176e-07,0.858,0.0299,147.978,0
11.1379,54.553,3.3327873438793176e-07,0.858,0.0299,148.043,0
11.1392,54.553,3.3327873438793176e-07,0.858,0.0299,148.02,0
11.1404,54.553,3.3327873438793176e-07,0.858,0.0299,147.997,0
11.1417,54.553,3.3327873438793176e-07,0.858,0.0299,148.002,0
11.143,54.553,3.3327873438793176e-07,0.858,0.0299,147.994,0
11.1442,54.553,3.3327873438793176e-07,0.858,0.0299,148.025,0
11.1456,54.553,3.3327873438793176e-07,0.858,0.0299,147.991,0
11.147,54.553,3.3327873438793176e-07,0.858,0.0299,148.023,0
11.1483,54.553,3.3327873438793176e-07,0.858,0.0299,148.008,0
11.1495,54.553,3.3327873438793176e-07,0.858,0.0299,148.016,0
11.1507,54.553,3.3327873438793176e-07,0.858,0.0299,148.007,0
11.1521,54.553,3.3327873438793176e-07,0.858,0.0299,147.97,0
11.1533,54.553,3.3327873438793176e-07,0.858,0.0299,147.993,0
11.1545,54.553,3.3327873438793176e-07,0.858,0.0299,148.005,0
11.1557,54.553,3.3327873438793176e-07,0.858,0.0299,148.021,0
11.1569,54.553,3.3327873438793176e-07,0.858,0.0299,148.015,0
11.1582,54.553,3.3327873438793176e-07,0.858,0.0299,148.001,0
11.1594,54.553,3.3327873438793176e-07,0.858,0.0299,147.98,0
11.1606,54.553,3.3327873438793176e-07,0.858,0.0299,147.978,0
11.1619,54.553,3.3327873438793176e-07,0.858,0.0299,147.997,0
11.1631,54.553,3.3327873438793176e-07,0.858,0.0299,147.976,0
11.1643,54.553,3.3327873438793176e-07,0.858,0.0299,148.02,0
11.1655,54.553,3.3327873438793176e-07,0.858,0.0299,148.024,0
11.1668,54.553,3.3327873438793176e-07,0.858,0.0299,148.01,0
11.1681,54.553,3.3327873438793176e-07,0.858,0.0299,147.961,0
11.1694,54.553,3.3327873438793176e-07,0.858,0.0299,148.027,0
11.1706,54.553,3.3327873438793176e-07,0.858,0.0299,148.014,0
11.1718,54.553,3.3327873438793176e-07,0.858,0.0299,147.993,0
11.1731,54.553,3.3327873438793176e-07,0.858,0.0299,147.986,0
11.1743,54.553,3.3327873438793176e-07,0.858,0.0299,148.01,0
11.1756,54.553,3.3327873438793176e-07,0.858,0.0299,148.009,0
11.1769,54.553,3.3327873438793176e-07,0.858,0.0299,148.014,0
11.1782,54.553,3.3327873438793176e-07,0.858,0.0299,147.989,0
11.1795,54.553,3.3327873438793176e-07,0.858,0.0299,148.024,0
11.1809,54.553,3.3327873438793176e-07,0.858,0.0299,147.993,0
11.1821,54.553,3.3327873438793176e-07,0.858,0.0299,147.979,0
11.1834,54.553,3.3327873438793176e-07,0.858,0.0299,148.017,0
11.1846,54.553,3.3327873438793176e-07,0.858,0.0299,148.009,0
11.1859,54.553,3.3327873438793176e-07,0.858,0.0299,148.056,0
11.1871,54.553,3.3327873438793176e-07,0.858,0.0299,147.994,0
11.1883,54.553,3.3327873438793176e-07,0.858,0.0299,148.021,0
11.1896,54.553,3.3327873438793176e-07,0.858,0.0299,148.014,0
11.1908,54.553,3.3327873438793176e-07,0.858,0.0299,148.02,0
11.1921,54.553,3.3327873438793176e-07,0.858,0.0299,147.989,0
11.1933,54.553,3.3327873438793176e-07,0.858,0.0299,147.993,0
11.1946,54.553,3.3327873438793176e-07,0.858,0.0299,147.985,0
11.1958,54.553,3.3327873438793176e-07,0.858,0.0299,148.032,0
11.1971,54.553,3.3327873438793176e-07,0.858,0.0299,148.034,0
11.1983,54.553,3.3327873438793176e-07,0.858,0.0299,148.007,0
11.1995,54.553,3.3327873438793176e-07,0.858,0.0299,147.996,0
11.2008,54.553,3.3327873438793176e-07,0.858,0.0299,148.029,0
11.2021,54.553,3.3327873438793176e-07,0.858,0.0299,147.977,0
11.2033,54.553,3.3327873438793176e-07,0.858,0.0299,148.0,0
11.2045,54.553,3.3327873438793176e-07,0.858,0.0299,147.987,0
11.2058,54.553,3.3327873438793176e-07,0.858,0.0299,148.031,0
11.2071,54.553,3.3327873438793176e-07,0.858,0.0299,147.981,0
11.2083,54.553,3.3327873438793176e-07,0.858,0.0299,148.034,0
11.2095,54.553,3.3327873438793176e-07,0.858,0.0299,147.999,0
11.2108,54.553,3.3327873438793176e-07,0.858,0.0299,147.999,0
11.2121,54.553,3.3327873438793176e-07,0.858,0.0299,147.976,0
11.2133,54.553,3.3327873438793176e-07,0.858,0.0299,148.017,0
11.2144,54.553,3.3327873438793176e-07,0.858,0.0299,148.006,0
11.2157,54.553,3.3327873438793176e-07,0.858,0.0299,148.025,0
11.217,54.553,-5.910628897254355e-05,0.843,0.0299,148.011,0
11.2182,54.547,-0.00022365165932569653,0.805,0.0292,148.016,0
11.2194,54.547,-0.00021471430954989046,0.807,0.0292,147.983,0
11.2207,54.547,-0.00016647703887429088,0.819,0.0292,147.979,0
11.222,54.547,-0.00011407717829570174,0.832,0.0292,148.0,0
11.2232,54.547,-7.373662811005488e-05,0.843,0.0292,148.008,0
11.2244,54.547,-4.79651935165748e-05,0.849,0.0292,148.012,0
11.2257,54.547,-3.051897510886192e-05,0.854,0.0292,147.993,0
11.227,54.547,-1.845966289693024e-05,0.857,0.0292,148.007,0
11.2283,54.547,-1.0991458111675456e-05,0.858,0.0292,148.013,0
11.2295,54.547,-6.767637387383729e-06,0.859,0.0292,147.99,0
11.2306,54.547,-4.196615464024944e-06,0.86,0.0292,148.007,0
11.2318,54.547,-2.6050308861158555e-06,0.861,0.0292,148.014,0
11.2331,54.547,-1.6868086731847143e-06,0.861,0.0292,148.033,0
11.2344,54.547,-8.910161000130756e-07,0.861,0.0292,148.051,0
11.2356,54.547,-5.849420290360285e-07,0.861,0.0292,148.036,0
11.2368,54.547,-4.0129756939677463e-07,0.861,0.0292,148.009,0
11.2382,54.547,-3.4008274951702333e-07,0.861,0.0292,148.005,0
11.2394,54.547,-3.4008274951702333e-07,0.861,0.0292,148.021,0
11.2407,54.547,-3.4008274951702333e-07,0.861,0.0292,148.039,0
11.242,54.547,-3.4008274951702333e-07,0.861,0.0292,148.011,0
11.2432,54.547,-3.4008274951702333e-07,0.861,0.0292,147.997,0
11.2445,54.547,-3.4008274951702333e-07,0.861,0.0292,148.014,0
11.2458,54.547,-3.4008274951702333e-07,0.861,0.0292,148.032,0
11.2471,54.547,-3.4008274951702333e-07,0.861,0.0292,147.982,0
11.2483,54.547,-3.4008274951702333e-07,0.861,0.0292,147.954,0
11.2496,54.547,-3.4008274951702333e-07,0.861,0.0292,148.004,0
11.2508,54.547,-3.4008274951702333e-07,0.861,0.0292,148.024,0
11.2521,54.547,-3.4008274951702333e-07,0.861,0.0292,147.973,0
11.2533,54.547,-3.4008274951702333e-07,0.861,0.0292,148.02,0
11.2546,54.547,-3.4008274951702333e-07,0.861,0.0292,148.029,0
11.2559,54.547,-3.4008274951702333e-07,0.861,0.0292,147.994,0
11.2571,54.547,-3.4008274951702333e-07,0.861,0.0292,148.011,0
11.2585,54.547,-0.00014425604604184628,0.825,0.0292,148.004,0
11.2597,54.547,-0.00022977314074523747,0.803,0.0292,148.002,0
11.2611,54.547,-0.00020020638476125896,0.811,0.0292,147.962,0
11.2623,54.547,-0.0001411341072525829,0.826,0.0292,147.996,0
11.2636,54.547,-9.693700849311426e-05,0.837,0.0292,147.996,0
11.2648,54.547,-6.179970660014078e-05,0.846,0.0292,148.0,0
11.2661,54.547,-3.976238440372981e-05,0.851,0.0292,148.001,0
11.2674,54.547,-2.4213824872276746e-05,0.855,0.0292,148.057,0
11.2687,54.547,-1.4541888958774507e-05,0.858,0.0292,147.979,0
11.27,54.547,-8.665268069307785e-06,0.859,0.0292,148.042,0
11.2712,54.547,-5.298454198054969e-06,0.86,0.0292,148.014,0
11.2724,54.547,-3.21715106110787e-06,0.86,0.0292,148.018,0
11.2737,54.547,-1.992854777199682e-06,0.861,0.0292,148.01,0
11.275,54.547,-1.1970621471846243e-06,0.861,0.0292,148.029,0
11.2763,54.547,-6.461289103754098e-07,0.861,0.0292,148.006,0
11.2775,54.547,-4.6248445073615585e-07,0.861,0.0292,148.013,0
11.2789,54.547,-3.4005481097665324e-07,0.861,0.0292,148.057,0
11.2801,54.547,-3.4005481097665324e-07,0.861,0.0292,148.042,0
11.2813,54.547,-3.4005481097665324e-07,0.861,0.0292,147.99,0
11.2825,54.547,-3.4005481097665324e-07,0.861,0.0292,147.999,0
11.2838,54.547,-3.4005481097665324e-07,0.861,0.0292,148.001,0
11.2851,54.547,-3.4005481097665324e-07,0.861,0.0292,148.001,0
11.2864,54.547,-3.4005481097665324e-07,0.861,0.0292,148.014,0
11.2876,54.547,-3.4005481097665324e-07,0.861,0.0292,148.024,0
11.2888,54.547,-3.4005481097665324e-07,0.861,0.0292,148.019,0
11.2901,54.547,-3.4005481097665324e-07,0.861,0.0292,148.01,0
11.2913,54.547,-3.4005481097665324e-07,0.861,0.0292,147.991,0
11.2925,54.547,-0.00014425601693801582,0.825,0.0292,147.978,0
11.2937,54.547,-0.00022940583585295826,0.803,0.0292,148.009,0
11.2949,54.547,-0.00020406290423125029,0.81,0.0292,148.003,0
11.2961,54.547,-0.00015362189151346684,0.822,0.0292,148.017,0
11.2974,54.547,-0.00010697621473809704,0.834,0.0292,148.003,0
11.2986,54.547,-6.87781794113107e-05,0.844,0.0292,148.05,0
11.2999,54.547,-4.453711517271586e-05,0.85,0.0292,148.028,0
11.3012,54.547,-2.721333112276625e-05,0.854,0.0292,148.011,0
11.3025,54.547,-1.637831337575335e-05,0.857,0.0292,147.988,0
11.3037,54.547,-1.0134403964912053e-05,0.859,0.0292,147.963,0
11.305,54.547,-6.0330130509100854e-06,0.86,0.0292,147.978,0
11.3062,54.547,-3.584421165214735e-06,0.86,0.0292,147.985,0
11.3075,54.547,-2.176480620619259e-06,0.861,0.0292,148.008,0
11.3087,54.547,-1.3806879906042013e-06,0.861,0.0292,148.015,0
11.3099,54.547,-7.68539905493526e-07,0.861,0.0292,148.047,0
11.3113,54.547,-5.236806259745208e-07,0.861,0.0292,147.979,0
11.3126,54.547,-8.475522918161005e-05,0.84,0.0292,148.036,0
11.3139,54.547,-0.0002283651556354016,0.804,0.0292,148.0,0
11.3151,54.547,-0.00020779698388651013,0.809,0.0292,148.032,0
11.3164,54.547,-0.0001536218769615516,0.822,0.0292,148.008,0
11.3176,54.547,-0.00010697620018618181,0.834,0.0292,147.972,0
11.3188,54.547,-6.877816485939547e-05,0.844,0.0292,148.04,0
11.3201,54.547,-4.453709698282182e-05,0.85,0.0292,147.997,0
11.3214,54.547,-2.825396222760901e-05,0.854,0.0292,147.987,0
11.3228,54.547,-1.7051657778210938e-05,0.857,0.0292,148.023,0
11.3242,54.547,-9.399807822774164e-06,0.859,0.0292,147.983,0
11.3254,54.547,-5.543276074604364e-06,0.86,0.0292,148.023,0
11.3267,54.547,-0.00011015936615876853,0.833,0.0292,147.995,0
11.3281,54.547,-0.0002284875517943874,0.804,0.0292,147.968,0
11.3293,54.547,-0.0002052259078482166,0.809,0.0292,148.027,0
11.3305,54.547,-0.00015441760479006916,0.822,0.0292,147.993,0
11.3318,54.547,-0.00010403782653156668,0.835,0.0292,148.041,0
11.3331,54.547,-6.663559179287404e-05,0.844,0.0292,147.996,0
11.3344,54.547,-4.30066829721909e-05,0.85,0.0292,148.004,0
11.3356,54.547,-2.6295047064195387e-05,0.855,0.0292,147.995,0
11.337,54.547,-1.5827319657546468e-05,0.857,0.0292,147.993,0
11.3382,54.547,-0.00019377871649339795,0.812,0.0292,148.02,0
11.3394,54.547,-0.0002343029045732692,0.802,0.0292,148.009,0
11.3407,54.547,-0.0001956763881025836,0.812,0.0292,147.967,0
11.342,54.547,-0.0001391751429764554,0.826,0.0292,148.025,0
11.3432,54.547,-9.191731078317389e-05,0.838,0.0292,148.012,0
11.3445,54.547,-6.0391685110516846e-05,0.846,0.0292,148.038,0
11.3457,54.547,-3.731371180037968e-05,0.852,0.0292,148.027,0
11.3469,54.547,-2.3540380425401963e-05,0.855,0.0292,148.024,0
11.3481,54.547,-1.4664237824035808e-05,0.858,0.0292,147.956,0
11.3493,54.547,-9.154905455943663e-06,0.859,0.0292,148.003,0
11.3505,54.547,-5.665662229148438e-06,0.86,0.0292,147.986,0
11.3518,54.547,-3.5231446418038104e-06,0.86,0.0292,148.047,0
11.3531,54.547,-2.0539891920634545e-06,0.861,0.0292,147.987,0
11.3543,54.547,-1.319411353506439e-06,0.861,0.0292,148.03,0
11.3556,54.547,-7.072632115523447e-07,0.861,0.0292,147.966,0
11.3569,54.547,-4.624039888767584e-07,0.861,0.0292,148.046,0
11.3582,54.547,-3.3997434911725577e-07,0.861,0.0292,148.027,0
11.3594,54.547,-5.971832433715463e-05,0.846,0.0292,148.058,0
11.3606,54.547,-0.0002202235336881131,0.806,0.0292,148.007,0
11.3619,54.547,-0.00021471419313456863,0.807,0.0292,148.005,0
11.3632,54.547,-0.000162191892741248,0.82,0.0292,148.026,0
11.3643,54.547,-0.00011401584924897179,0.832,0.0292,148.027,0
11.3656,54.547,-7.636873488081619e-05,0.842,0.0292,148.016,0
11.3669,54.547,-4.9740301619749516e-05,0.849,0.0292,148.046,0
11.3681,54.547,-0.0002459949173498899,0.799,0.0292,148.048,0
11.3694,54.547,-0.00023626178153790534,0.802,0.0292,148.007,0
11.3706,54.547,-0.0002892125921789557,0.788,0.0292,148.032,0
11.3719,54.547,-0.0003550184774212539,0.772,0.0292,147.996,0
11.3731,54.547,-0.00029123268905095756,0.788,0.0292,148.021,0
11.3744,54.547,-0.0002120819699484855,0.808,0.0292,148.028,0
11.3756,54.547,-0.00014027702854946256,0.826,0.0292,147.986,0
11.3769,54.547,-0.0002187543868785724,0.806,0.0292,148.022,0
11.3781,54.547,-0.0002862130932044238,0.789,0.0292,148.028,0
11.3793,54.547,-0.0002400571684120223,0.801,0.0292,148.012,0
11.3806,54.547,-0.00017627135093789548,0.817,0.0292,148.058,0
11.3819,54.547,-0.0001169542083516717,0.832,0.0292,148.007,0
11.3831,54.547,-7.434871076839045e-05,0.842,0.0292,148.032,0
11.3844,54.547,-0.00023203801538329571,0.803,0.0292,148.032,0
11.3856,54.547,-0.00025621787062846124,0.797,0.0292,148.037,0
11.3869,54.547,-0.00020614414825104177,0.809,0.0292,148.024,0
11.3882,54.547,-0.00014394988829735667,0.825,0.0292,147.984,0
11.3894,54.547,-9.412103827344254e-05,0.837,0.0292,148.025,0
11.3907,54.547,-0.0002458725357428193,0.799,0.0292,148.044,0
11.392,54.542,-0.0005685969954356551,0.721,0.0284,148.006,0
11.3932,54.542,-0.0006707644206471741,0.696,0.0284,147.992,0
11.3947,54.542,-0.0005439273663796484,0.728,0.0284,148.011,0
11.396,54.542,-0.0003599157207645476,0.774,0.0284,148.035,0
11.3972,54.542,-0.00043722992995753884,0.754,0.0284,148.01,0
11.3984,54.542,-0.0005377446650527418,0.729,0.0284,148.034,0
11.3997,54.542,-0.0005111773498356342,0.736,0.0284,147.99,0
11.401,54.542,-0.0005440497188828886,0.728,0.0284,148.027,0
11.4023,54.542,-0.0004908540286123753,0.741,0.0284,148.018,0
11.4037,54.542,-0.0005548234912566841,0.725,0.0284,148.048,0
11.405,54.542,-0.0005269707762636244,0.732,0.0284,148.003,0
11.4062,54.542,-0.00083775824168697,0.654,0.0284,148.001,0
11.4075,54.542,-0.0009742673137225211,0.619,0.0284,147.982,0
11.4088,54.542,-0.0010385429486632347,0.603,0.0284,147.99,0
11.4101,54.542,-0.0011999662965536118,0.563,0.0284,148.017,0
11.4115,54.536,-0.0013861204497516155,0.521,0.0276,148.03,0
11.4128,54.536,-0.001397628802806139,0.518,0.0276,148.044,0
11.4141,54.536,-0.0012953390832990408,0.543,0.0276,148.02,0
11.4154,54.536,-0.0012111685937270522,0.564,0.0276,148.069,0
11.4166,54.536,-0.0013411275576800108,0.532,0.0276,148.007,0
11.4181,54.536,-0.0016604849370196462,0.452,0.0276,148.012,0
11.4194,54.536,-0.001894203363917768,0.394,0.0276,148.04,0
11.4207,54.531,-0.0020777862519025803,0.353,0.0269,148.023,0
11.422,54.531,-0.0021699145436286926,0.331,0.0269,148.011,0
11.4233,54.531,-0.0022074393928050995,0.322,0.0269,148.046,0
11.4246,54.531,-0.002237434731796384,0.314,0.0269,148.008,0
11.4259,54.525,-0.002572524594143033,0.237,0.0261,148.036,0
11.4273,54.525,-0.0029601368587464094,0.143,0.0261,148.009,0
11.4286,54.525,-0.0030771794263273478,0.115,0.0261,148.04,0
11.4299,54.52,-0.0033173251431435347,0.063,0.0254,148.039,0
11.4312,54.52,-0.0034270831383764744,0.037,0.0254,148.04,0
11.4325,54.52,-0.0036056467797607183,-0.005,0.0254,148.033,0
11.4338,54.514,-0.0039833420887589455,-0.088,0.0246,148.022,0
11.4351,54.514,-0.004327981732785702,-0.168,0.0246,148.064,0
11.4364,54.509,-0.00466435682028532,-0.239,0.0238,148.057,0
11.4376,54.509,-0.005409585777670145,-0.404,0.0238,148.054,0
11.4388,54.503,-0.006190930493175983,-0.565,0.0231,148.082,0
11.4401,54.498,-0.007251109462231398,-0.774,0.0223,148.032,0
11.4414,54.492,-0.008753321133553982,-1.048,0.0215,148.063,0
11.4426,54.487,-0.010069501586258411,-1.262,0.0208,148.093,0
11.4438,54.481,-0.011897866614162922,-1.524,0.02,148.079,0
11.4451,54.47,-0.013937725685536861,-1.759,0.0185,148.095,0
11.4463,54.459,-0.016298290342092514,-1.973,0.017,148.107,0
11.4475,54.448,-0.018835704773664474,-2.142,0.0154,148.082,0
11.4488,54.432,-0.023077888414263725,-2.318,0.0132,148.13,0
11.4501,54.415,-0.02686537243425846,-2.392,0.0109,148.154,0
11.4514,54.399,-0.03080999292433262,-2.419,0.0086,148.119,0
11.4528,54.377,-0.03550553321838379,-2.407,0.0055,148.176,0
11.4541,54.349,-0.04027478024363518,-2.362,0.0017,148.175,0
11.4553,54.327,-0.04538584500551224,-2.312,0.9987,148.255,0
11.4566,54.3,-0.049460843205451965,-2.252,0.9948,148.247,0
11.4579,54.267,-0.05508960038423538,-2.175,0.9903,148.281,0
11.4592,54.229,-0.06057431548833847,-2.092,0.9849,148.323,0
11.4604,54.196,-0.06544682383537292,-2.023,0.9803,148.337,0
11.4617,54.157,-0.07104626297950745,-1.946,0.975,148.36,0
11.463,54.113,-0.07586618512868881,-1.874,0.9689,148.382,0
11.4643,54.069,-0.08063824474811554,-1.807,0.9628,148.412,0
11.4656,54.025,-0.08465209603309631,-1.751,0.9567,148.465,0
11.4669,53.981,-0.08767493814229965,-1.707,0.9506,148.511,0
11.4682,53.937,-0.09089157730340958,-1.668,0.9445,148.529,0
11.4696,53.888,-0.09363014250993729,-1.636,0.9376,148.566,0
11.4709,53.839,-0.09542809426784515,-1.617,0.9308,148.658,0
11.4722,53.789,-0.09752751141786575,-1.604,0.9239,148.641,0
11.4735,53.74,-0.09985629469156265,-1.595,0.917,148.696,0
11.4748,53.69,-0.10173150151968002,-1.596,0.9102,148.729,0
11.4761,53.646,-0.10310783982276917,-1.603,0.9041,148.81,0
11.4774,53.591,-0.10493001341819763,-1.618,0.8964,148.827,0
11.4786,53.542,-0.10586824268102646,-1.641,0.8896,148.87,0
11.4799,53.492,-0.10678867250680923,-1.669,0.8827,148.916,0
11.4812,53.438,-0.10856617987155914,-1.7,0.8751,148.996,0
11.4824,53.388,-0.10936692357063293,-1.736,0.8682,148.989,0
11.4837,53.339,-0.1095796450972557,-1.778,0.8613,149.076,0
11.4851,53.289,-0.11039780080318451,-1.819,0.8545,149.112,0
11.4863,53.234,-0.11138574033975601,-1.866,0.8468,149.172,0
11.4875,53.185,-0.11207213252782822,-1.911,0.84,149.226,0
11.4887,53.135,-0.11305271834135056,-1.954,0.8331,149.281,0
11.49,53.08,-0.11438469588756561,-2.0,0.8255,149.351,0
11.4912,53.026,-0.11564774066209793,-2.046,0.8178,149.398,0
11.4925,52.976,-0.11693154275417328,-2.084,0.811,149.451,0
11.4937,52.921,-0.11790969222784042,-2.127,0.8033,149.505,0
11.495,52.866,-0.11909732222557068,-2.166,0.7957,149.595,0
11.4963,52.806,-0.12026634067296982,-2.205,0.7873,149.614,0
11.4976,52.751,-0.12122887372970581,-2.236,0.7797,149.718,0
11.4989,52.69,-0.12257743626832962,-2.262,0.7713,149.773,0
11.5001,52.635,-0.12369057536125183,-2.281,0.7637,149.847,0
11.5014,52.575,-0.12500223517417908,-2.295,0.7553,149.895,0
11.5027,52.515,-0.12637318670749664,-2.3,0.7469,149.974,0
11.5041,52.454,-0.12813208997249603,-2.295,0.7385,150.061,0
11.5053,52.388,-0.12924295663833618,-2.285,0.7293,150.101,0
11.5066,52.328,-0.1305973380804062,-2.266,0.7209,150.192,0
11.5079,52.267,-0.13175810873508453,-2.239,0.7126,150.253,0
11.5091,52.207,-0.13245491683483124,-2.207,0.7042,150.338,0
11.5103,52.147,-0.13310979306697845,-2.168,0.6958,150.379,0
11.5116,52.086,-0.1338907778263092,-2.121,0.6874,150.468,0
11.5129,52.026,-0.1343725621700287,-2.069,0.679,150.511,0
11.5141,51.96,-0.1350552886724472,-2.004,0.6698,150.619,0
11.5154,51.905,-0.13491259515285492,-1.95,0.6622,150.703,0
11.5166,51.844,-0.13477560877799988,-1.886,0.6538,150.732,0
11.5179,51.779,-0.13558387756347656,-1.806,0.6447,150.869,0
11.5191,51.718,-0.13569150865077972,-1.734,0.6363,150.925,0
11.5203,51.658,-0.13561272621154785,-1.662,0.6279,151.006,0
11.5216,51.597,-0.13635282218456268,-1.584,0.6195,151.058,0
11.5229,51.537,-0.13598394393920898,-1.514,0.6111,151.149,0
11.5241,51.471,-0.1357489675283432,-1.439,0.6019,151.215,0
11.5254,51.411,-0.13532133400440216,-1.374,0.5935,151.315,0
11.5266,51.356,-0.134382963180542,-1.322,0.5859,151.359,0
11.5279,51.295,-0.13326813280582428,-1.27,0.5775,151.456,0
11.5291,51.24,-0.13237012922763824,-1.228,0.5699,151.539,0
11.5304,51.18,-0.1324305385351181,-1.182,0.5615,151.624,0
11.5316,51.119,-0.13163504004478455,-1.15,0.5531,151.673,0
11.5328,51.064,-0.13097189366817474,-1.128,0.5455,151.73,0
11.5341,51.004,-0.1291971355676651,-1.119,0.5371,151.827,0
11.5354,50.949,-0.12816843390464783,-1.117,0.5294,151.888,0
11.5366,50.894,-0.12681734561920166,-1.126,0.5218,151.956,0
11.5379,50.839,-0.12658676505088806,-1.138,0.5142,152.01,0
11.5391,50.784,-0.12559856474399567,-1.164,0.5066,152.045,0
11.5404,50.729,-0.1247098445892334,-1.199,0.4989,152.156,0
11.5416,50.674,-0.12451542913913727,-1.241,0.4913,152.162,0
11.5431,50.614,-0.12410955131053925,-1.3,0.4829,152.263,0
11.5443,50.559,-0.12258347868919373,-1.371,0.4753,152.302,0
11.5455,50.504,-0.1220899149775505,-1.446,0.4677,152.383,0
11.5468,50.449,-0.12084070593118668,-1.536,0.46,152.424,0
11.5482,50.4,-0.11913906782865524,-1.628,0.4532,152.446,0
11.5494,50.345,-0.11708799004554749,-1.741,0.4455,152.525,0
11.5506,50.295,-0.11564964056015015,-1.847,0.4387,152.575,0
11.5518,50.246,-0.11384783685207367,-1.962,0.4318,152.604,0
11.5531,50.197,-0.11294301599264145,-2.077,0.4249,152.67,0
11.5543,50.147,-0.11212391406297684,-2.198,0.4181,152.695,0
11.5555,50.098,-0.11118536442518234,-2.325,0.4112,152.75,0
11.5569,50.048,-0.11114624887704849,-2.451,0.4043,152.816,0
11.5582,49.999,-0.11021169275045395,-2.586,0.3975,152.841,0
11.5595,49.949,-0.10908815264701843,-2.726,0.3906,152.939,0
11.5607,49.9,-0.10824982076883316,-2.867,0.3837,152.933,0
11.562,49.85,-0.10732769966125488,-3.01,0.3769,152.999,0
11.5633,49.807,-0.10646621137857437,-3.138,0.3708,153.067,0
11.5645,49.757,-0.10604260861873627,-3.279,0.3639,153.09,0
11.5657,49.708,-0.1067378893494606,-3.413,0.357,153.135,0
11.567,49.658,-0.10832487046718597,-3.541,0.3502,153.188,0
11.5683,49.609,-0.10938743501901627,-3.67,0.3433,153.212,0
11.5699,49.559,-0.10982713103294373,-3.8,0.3364,153.283,0
11.5713,49.488,-0.11043958365917206,-3.982,0.3265,153.366,0
11.5727,49.433,-0.11144015192985535,-4.113,0.3189,153.391,0
11.574,49.378,-0.11287019401788712,-4.235,0.3112,153.448,0
11.5752,49.323,-0.11483383923768997,-4.345,0.3036,153.491,0
11.5766,49.268,-0.11574331670999527,-4.455,0.296,153.576,0
11.5782,49.202,-0.11708728224039078,-4.572,0.2868,153.578,0
11.5796,49.136,-0.11937973648309708,-4.669,0.2777,153.67,0
11.5812,49.07,-0.12129361927509308,-4.753,0.2685,153.707,0
11.5825,49.005,-0.12337461858987808,-4.82,0.2594,153.767,0
11.5838,48.944,-0.12511588633060455,-4.866,0.251,153.805,0
11.5852,48.884,-0.12585555016994476,-4.904,0.2426,153.891,0
11.5864,48.818,-0.1275106817483902,-4.923,0.2334,153.911,0
11.5879,48.757,-0.12807013094425201,-4.93,0.225,153.974,0
11.5894,48.686,-0.12854550778865814,-4.919,0.2151,154.054,0
11.5908,48.62,-0.12869592010974884,-4.892,0.206,154.092,0
11.5921,48.554,-0.13001325726509094,-4.839,0.1968,154.162,0
11.5934,48.488,-0.1314927488565445,-4.768,0.1877,154.165,0
11.5948,48.428,-0.13335968554019928,-4.686,0.1793,154.228,0
11.5962,48.356,-0.13398750126361847,-4.58,0.1693,154.309,0
11.5976,48.285,-0.1343580186367035,-4.459,0.1594,154.351,0
11.5989,48.224,-0.13355079293251038,-4.351,0.151,154.405,0
11.6002,48.159,-0.13350120186805725,-4.217,0.1419,154.451,0
11.6015,48.098,-0.13418258726596832,-4.08,0.1335,154.509,0
11.6028,48.038,-0.1352776139974594,-3.933,0.1251,154.543,0
11.6041,47.966,-0.13756288588047028,-3.746,0.1152,154.588,0
11.6054,47.895,-0.13923576474189758,-3.555,0.1053,154.666,0
11.6067,47.829,-0.1407938152551651,-3.375,0.0961,154.714,0
11.6081,47.763,-0.14162445068359375,-3.197,0.0869,154.783,0
11.6093,47.697,-0.14123941957950592,-3.026,0.0778,154.832,0
11.6106,47.631,-0.14039605855941772,-2.859,0.0686,154.861,0
11.6121,47.571,-0.13936848938465118,-2.71,0.0602,154.883,0
11.6135,47.499,-0.13863031566143036,-2.537,0.0503,154.958,0
11.6148,47.428,-0.13806572556495667,-2.37,0.0404,155.049,0
11.6161,47.368,-0.13638567924499512,-2.243,0.032,155.09,0
11.6174,47.307,-0.1343090832233429,-2.126,0.0236,155.175,0
11.6187,47.247,-0.1328044831752777,-2.015,0.0152,155.195,0
11.6201,47.186,-0.1309184581041336,-1.915,0.0068,155.228,0
11.6215,47.12,-0.12933294475078583,-1.814,0.9977,155.293,0
11.6229,47.06,-0.12848280370235443,-1.729,0.9893,155.347,0
11.6242,47.0,-0.12820684909820557,-1.652,0.9809,155.407,0
11.6255,46.939,-0.12799516320228577,-1.586,0.9725,155.478,0
11.6268,46.879,-0.12756358087062836,-1.533,0.9641,155.494,0
11.6283,46.824,-0.1270841658115387,-1.495,0.9565,155.526,0
11.6296,46.758,-0.12488959729671478,-1.472,0.9473,155.558,0
11.631,46.697,-0.12323447316884995,-1.461,0.9389,155.639,0
11.6326,46.631,-0.11990120261907578,-1.47,0.9298,155.64,0
11.6339,46.577,-0.11790277808904648,-1.482,0.9221,155.758,0
11.6351,46.527,-0.11598286032676697,-1.501,0.9153,155.756,0
11.6365,46.478,-0.11394710093736649,-1.527,0.9084,155.802,0
11.6378,46.423,-0.11168961971998215,-1.562,0.9008,155.821,0
11.6391,46.373,-0.11014138162136078,-1.597,0.8939,155.871,0
11.6404,46.329,-0.10796114057302475,-1.637,0.8878,155.916,0
11.6417,46.28,-0.10611316561698914,-1.682,0.881,156.02,0
11.6431,46.236,-0.10311976820230484,-1.734,0.8748,156.021,0
11.6445,46.192,-0.10013138502836227,-1.788,0.8687,156.079,0
11.6459,46.143,-0.09685578942298889,-1.851,0.8619,156.122,0
11.6472,46.099,-0.09474070370197296,-1.904,0.8558,156.177,0
11.6484,46.055,-0.09365682303905487,-1.953,0.8497,156.193,0
11.6498,46.016,-0.0931941568851471,-1.993,0.8443,156.252,0
11.6511,45.972,-0.0927242860198021,-2.039,0.8382,156.315,0
11.6528,45.917,-0.09370384365320206,-2.088,0.8306,156.348,0
11.6541,45.868,-0.09366406500339508,-2.137,0.8237,156.393,0
11.6554,45.824,-0.09397918730974197,-2.177,0.8176,156.439,0
11.6567,45.78,-0.09427119046449661,-2.217,0.8115,156.484,0
11.6581,45.736,-0.09501641988754272,-2.252,0.8054,156.557,0
11.6594,45.687,-0.09569212049245834,-2.29,0.7986,156.595,0
11.6608,45.643,-0.09601276367902756,-2.323,0.7924,156.665,0
11.6622,45.593,-0.09631676226854324,-2.357,0.7856,156.698,0
11.6634,45.544,-0.09687137603759766,-2.386,0.7787,156.774,0
11.6647,45.5,-0.09783145785331726,-2.406,0.7726,156.8,0
11.666,45.45,-0.09943357110023499,-2.42,0.7657,156.822,0
11.6672,45.401,-0.10122238844633102,-2.429,0.7589,156.903,0
11.6685,45.352,-0.10307596623897552,-2.432,0.752,156.969,0
11.6698,45.308,-0.1037706509232521,-2.437,0.7459,157.02,0
11.6711,45.253,-0.10535318404436111,-2.432,0.7383,157.081,0
11.6726,45.192,-0.10634279251098633,-2.423,0.7299,157.147,0
11.6738,45.148,-0.10677484422922134,-2.413,0.7238,157.212,0
11.6751,45.099,-0.10716317594051361,-2.398,0.7169,157.267,0
11.6764,45.049,-0.10753840208053589,-2.377,0.7101,157.29,0
11.6776,45.0,-0.10837141424417496,-2.348,0.7032,157.394,0
11.6789,44.951,-0.10854588449001312,-2.318,0.6963,157.442,0
11.6802,44.896,-0.11086920648813248,-2.266,0.6887,157.511,0
11.6814,44.846,-0.1116037666797638,-2.223,0.6818,157.561,0
11.6827,44.797,-0.11222866922616959,-2.176,0.675,157.613,0
11.684,44.736,-0.1130833700299263,-2.113,0.6666,157.693,0
11.6853,44.687,-0.1134529784321785,-2.06,0.6597,157.766,0
11.6866,44.637,-0.11358163505792618,-2.005,0.6528,157.804,0
11.6878,44.583,-0.11367212235927582,-1.942,0.6452,157.886,0
11.6891,44.528,-0.11469206213951111,-1.872,0.6376,157.931,0
11.6903,44.473,-0.1153201162815094,-1.802,0.6299,157.999,0
11.6917,44.423,-0.11687864363193512,-1.733,0.6231,158.119,0
11.693,44.363,-0.1179996058344841,-1.653,0.6147,158.131,0
11.6943,44.308,-0.1189466044306755,-1.582,0.6071,158.234,0
11.6955,44.253,-0.11971082538366318,-1.514,0.5994,158.306,0
11.6967,44.198,-0.11935269832611084,-1.456,0.5918,158.355,0
11.698,44.143,-0.11975401639938354,-1.397,0.5842,158.404,0
11.6993,44.088,-0.11990422010421753,-1.344,0.5765,158.463,0
11.7005,44.033,-0.11941083520650864,-1.3,0.5689,158.515,0
11.7018,43.978,-0.11972253769636154,-1.258,0.5613,158.617,0
11.7031,43.923,-0.11926331371068954,-1.226,0.5536,158.704,0
11.7043,43.874,-0.11927519738674164,-1.202,0.5468,158.773,0
11.7056,43.819,-0.11919929832220078,-1.183,0.5392,158.861,0
11.7068,43.764,-0.11840657144784927,-1.177,0.5315,158.899,0
11.7081,43.715,-0.11740202456712723,-1.181,0.5247,158.983,0
11.7094,43.665,-0.11651942133903503,-1.192,0.5178,159.033,0
11.7106,43.616,-0.11489760130643845,-1.215,0.5109,159.083,0
11.7119,43.561,-0.11454181373119354,-1.242,0.5033,159.122,0
11.7132,43.511,-0.11383882164955139,-1.277,0.4964,159.162,0
11.7145,43.456,-0.11352185904979706,-1.322,0.4888,159.25,0
11.7157,43.407,-0.11351849883794785,-1.371,0.4819,159.267,0
11.7171,43.358,-0.11289123445749283,-1.431,0.4751,159.367,0
11.7184,43.303,-0.11218126863241196,-1.508,0.4674,159.419,0
11.7197,43.253,-0.11076585203409195,-1.59,0.4606,159.471,0
11.7211,43.198,-0.10976376384496689,-1.687,0.4529,159.513,0
11.7223,43.149,-0.1086622104048729,-1.784,0.4461,159.575,0
11.7236,43.105,-0.10700100660324097,-1.879,0.44,159.626,0
11.7249,43.055,-0.10600864887237549,-1.988,0.4331,159.669,0
11.7262,43.006,-0.10563400387763977,-2.1,0.4262,159.711,0
11.7275,42.957,-0.104668527841568,-2.22,0.4194,159.781,0
11.7288,42.907,-0.10476832091808319,-2.34,0.4125,159.805,0
11.73,42.863,-0.1044868528842926,-2.453,0.4064,159.847,0
11.7315,42.814,-0.10451802611351013,-2.581,0.3995,159.911,0
11.7328,42.759,-0.10392986983060837,-2.731,0.3919,159.968,0
11.7342,42.715,-0.10351227223873138,-2.854,0.3858,160.025,0
11.7355,42.665,-0.10294530540704727,-2.994,0.3789,160.077,0
11.7368,42.616,-0.10184502601623535,-3.139,0.3721,160.097,0
11.7381,42.567,-0.10051892697811127,-3.286,0.3652,160.153,0
11.7394,42.523,-0.10016773641109467,-3.411,0.3591,160.243,0
11.7406,42.479,-0.10135514289140701,-3.526,0.353,160.255,0
11.7419,42.429,-0.1023014709353447,-3.657,0.3461,160.317,0
11.7432,42.38,-0.10346179455518723,-3.784,0.3393,160.354,0
11.7445,42.33,-0.10489429533481598,-3.906,0.3324,160.402,0
11.7458,42.281,-0.10539429634809494,-4.03,0.3255,160.455,0
11.7471,42.231,-0.10661081969738007,-4.146,0.3187,160.473,0
11.7483,42.177,-0.10797205567359924,-4.267,0.311,160.568,0
11.7496,42.127,-0.10857227444648743,-4.374,0.3042,160.585,0
11.7508,42.078,-0.109578937292099,-4.472,0.2973,160.615,0
11.7521,42.028,-0.11038917303085327,-4.564,0.2904,160.654,0
11.7534,41.979,-0.11131644248962402,-4.648,0.2836,160.732,0
11.7546,41.918,-0.11429069191217422,-4.727,0.2752,160.779,0
11.7558,41.863,-0.11600274592638016,-4.794,0.2675,160.806,0
11.7571,41.814,-0.1179923489689827,-4.842,0.2607,160.889,0
11.7584,41.754,-0.12058258801698685,-4.886,0.2523,160.93,0
11.7596,41.693,-0.12275968492031097,-4.917,0.2439,160.973,0
11.7608,41.638,-0.12443751841783524,-4.935,0.2363,160.999,0
11.7621,41.583,-0.125642329454422,-4.942,0.2286,161.052,0
11.7634,41.523,-0.12611202895641327,-4.94,0.2202,161.097,0
11.7647,41.462,-0.1259278953075409,-4.927,0.2119,161.15,0
11.766,41.407,-0.12605634331703186,-4.9,0.2042,161.157,0
11.7672,41.347,-0.1271369755268097,-4.851,0.1958,161.253,0
11.7684,41.287,-0.12852655351161957,-4.784,0.1874,161.276,0
11.7697,41.232,-0.12999148666858673,-4.711,0.1798,161.336,0
11.7709,41.166,-0.13133655488491058,-4.611,0.1707,161.375,0
11.7722,41.105,-0.1325579285621643,-4.506,0.1623,161.422,0
11.7734,41.05,-0.13263919949531555,-4.407,0.1546,161.509,0
11.7747,40.99,-0.1321805864572525,-4.291,0.1462,161.525,0
11.7761,40.93,-0.13143032789230347,-4.167,0.1378,161.556,0
11.7773,40.864,-0.13135214149951935,-4.018,0.1287,161.633,0
11.7786,40.803,-0.1328754723072052,-3.865,0.1203,161.689,0
11.7801,40.732,-0.1348951756954193,-3.675,0.1104,161.727,0
11.7813,40.666,-0.13700979948043823,-3.493,0.1012,161.773,0
11.7826,40.6,-0.13788644969463348,-3.316,0.0921,161.823,0
11.7838,40.534,-0.1391342729330063,-3.135,0.0829,161.9,0
11.7851,40.474,-0.13959398865699768,-2.974,0.0745,161.932,0
11.7863,40.408,-0.13979856669902802,-2.802,0.0654,161.984,0
11.7876,40.347,-0.13998080790042877,-2.647,0.057,162.02,0
11.7888,40.281,-0.14095276594161987,-2.479,0.0478,162.068,0
11.7901,40.221,-0.14113235473632812,-2.335,0.0394,162.142,0
11.7913,40.155,-0.14083412289619446,-2.189,0.0303,162.192,0
11.7926,40.095,-0.1396728903055191,-2.068,0.0219,162.233,0
11.7939,40.034,-0.13757365942001343,-1.962,0.0135,162.266,0
11.7951,39.979,-0.13511870801448822,-1.877,0.0059,162.344,0
11.7964,39.919,-0.13285645842552185,-1.791,0.9975,162.403,0
11.7976,39.864,-0.13140259683132172,-1.717,0.9898,162.414,0
11.799,39.798,-0.1301649510860443,-1.639,0.9807,162.5,0
11.8003,39.738,-0.12979546189308167,-1.574,0.9723,162.523,0
11.8015,39.683,-0.12934884428977966,-1.526,0.9647,162.599,0
11.803,39.617,-0.12857583165168762,-1.482,0.9555,162.645,0
11.8042,39.562,-0.12731052935123444,-1.46,0.9479,162.695,0
11.8055,39.507,-0.1252315640449524,-1.451,0.9402,162.707,0
11.8068,39.452,-0.12367131561040878,-1.449,0.9326,162.732,0
11.8081,39.397,-0.12241888791322708,-1.454,0.925,162.78,0
11.8093,39.342,-0.12097727507352829,-1.468,0.9174,162.831,0
11.8106,39.287,-0.12001117318868637,-1.487,0.9097,162.885,0
11.8119,39.238,-0.12018624693155289,-1.505,0.9029,162.905,0
11.8131,39.183,-0.11936242878437042,-1.536,0.8952,162.983,0
11.8144,39.128,-0.11942315101623535,-1.569,0.8876,163.017,0
11.8156,39.078,-0.11822064220905304,-1.61,0.8807,163.076,0
11.8171,39.023,-0.11661767959594727,-1.663,0.8731,163.1,0
11.8183,38.969,-0.11439082771539688,-1.723,0.8655,163.164,0
11.8196,38.919,-0.11270718276500702,-1.777,0.8586,163.229,0
11.8211,38.864,-0.11080929636955261,-1.841,0.851,163.283,0
11.8223,38.815,-0.10937552899122238,-1.898,0.8441,163.372,0
11.8236,38.765,-0.10851606726646423,-1.952,0.8372,163.366,0
11.8249,38.721,-0.10826925933361053,-1.997,0.8311,163.445,0
11.8261,38.672,-0.10876425355672836,-2.042,0.8243,163.473,0
11.8274,38.622,-0.10878396779298782,-2.09,0.8174,163.522,0
11.8287,38.568,-0.10913679748773575,-2.139,0.8098,163.572,0
11.83,38.518,-0.1094270870089531,-2.181,0.8029,163.625,0
11.8313,38.463,-0.10940787941217422,-2.227,0.7953,163.684,0
11.8326,38.414,-0.1099250316619873,-2.261,0.7884,163.762,0
11.8339,38.364,-0.11006839573383331,-2.294,0.7816,163.795,0
11.8351,38.309,-0.11035732179880142,-2.326,0.7739,163.852,0
11.8364,38.26,-0.11119633167982101,-2.346,0.7671,163.913,0
11.8378,38.205,-0.11248429864645004,-2.36,0.7594,163.995,0
11.8391,38.15,-0.11454759538173676,-2.364,0.7518,164.034,0
11.8403,38.095,-0.11545100808143616,-2.368,0.7442,164.094,0
11.8416,38.04,-0.11757981032133102,-2.359,0.7365,164.196,0
11.8431,37.974,-0.11906369030475616,-2.344,0.7274,164.24,0
11.8445,37.919,-0.11977741867303848,-2.328,0.7198,164.292,0
11.8459,37.853,-0.12049804627895355,-2.301,0.7106,164.373,0
11.8472,37.793,-0.12133422493934631,-2.267,0.7022,164.43,0
11.8485,37.733,-0.12181133776903152,-2.227,0.6938,164.505,0
11.8499,37.672,-0.12333375960588455,-2.174,0.6854,164.598,0
11.8511,37.617,-0.12425724416971207,-2.122,0.6778,164.664,0
11.8524,37.557,-0.1251968890428543,-2.061,0.6694,164.699,0
11.8537,37.502,-0.12583033740520477,-2.001,0.6618,164.794,0
11.855,37.441,-0.12589669227600098,-1.936,0.6534,164.871,0
11.8563,37.381,-0.12661290168762207,-1.863,0.645,164.916,0
11.8576,37.321,-0.12655939161777496,-1.792,0.6366,165.006,0
11.8589,37.26,-0.12767644226551056,-1.712,0.6282,165.048,0
11.8601,37.2,-0.12879861891269684,-1.633,0.6198,165.129,0
11.8614,37.145,-0.12852010130882263,-1.568,0.6122,165.215,0
11.8626,37.084,-0.12888199090957642,-1.495,0.6038,165.293,0
11.8639,37.029,-0.1292077749967575,-1.431,0.5962,165.392,0
11.8651,36.969,-0.12962698936462402,-1.364,0.5878,165.419,0
11.8664,36.909,-0.13002242147922516,-1.302,0.5794,165.497,0
11.8677,36.848,-0.12982530891895294,-1.25,0.571,165.588,0
11.869,36.788,-0.13042668998241425,-1.2,0.5626,165.638,0
11.8703,36.727,-0.13101764023303986,-1.158,0.5542,165.739,0
11.8716,36.667,-0.13110099732875824,-1.128,0.5458,165.787,0
11.8732,36.59,-0.13116112351417542,-1.104,0.5351,165.903,0
11.8745,36.53,-0.13102927803993225,-1.099,0.5267,165.942,0
11.8758,36.469,-0.13083569705486298,-1.105,0.5183,166.076,0
11.8772,36.409,-0.13109415769577026,-1.12,0.5099,166.129,0
11.8784,36.343,-0.13042238354682922,-1.157,0.5008,166.212,0
11.8798,36.282,-0.12951931357383728,-1.204,0.4924,166.272,0
11.8811,36.222,-0.1290055364370346,-1.262,0.484,166.332,0
11.8824,36.161,-0.12875595688819885,-1.331,0.4756,166.421,0
11.8837,36.101,-0.1286398321390152,-1.411,0.4672,166.491,0
11.8851,36.041,-0.1274726688861847,-1.51,0.4588,166.514,0
11.8865,35.98,-0.1270127147436142,-1.616,0.4504,166.585,0
11.8879,35.914,-0.1253400295972824,-1.75,0.4413,166.658,0
11.8892,35.859,-0.12453491240739822,-1.869,0.4337,166.718,0
11.8904,35.799,-0.12361723929643631,-2.008,0.4253,166.772,0
11.892,35.744,-0.12306863814592361,-2.14,0.4176,166.819,0
11.8934,35.678,-0.1216868981719017,-2.311,0.4085,166.915,0
11.8946,35.623,-0.12106667459011078,-2.457,0.4008,166.989,0
11.896,35.563,-0.12042348831892014,-2.622,0.3925,167.04,0
11.8973,35.513,-0.11980380117893219,-2.76,0.3856,167.076,0
11.8986,35.458,-0.11886567622423172,-2.918,0.378,167.144,0
11.8999,35.403,-0.1186036691069603,-3.074,0.3703,167.21,0
11.9011,35.349,-0.11829515546560287,-3.23,0.3627,167.266,0
11.9023,35.294,-0.1186295673251152,-3.381,0.3551,167.307,0
11.9037,35.239,-0.11933831125497818,-3.529,0.3474,167.382,0
11.9051,35.178,-0.12046109884977341,-3.686,0.3391,167.459,0
11.9063,35.118,-0.12139761447906494,-3.84,0.3307,167.542,0
11.9075,35.068,-0.1222946047782898,-3.961,0.3238,167.549,0
11.9088,35.008,-0.12280336767435074,-4.105,0.3154,167.613,0
11.9101,34.948,-0.12421058118343353,-4.236,0.307,167.661,0
11.9115,34.887,-0.1255008727312088,-4.358,0.2986,167.705,0
11.9128,34.821,-0.12623991072177887,-4.482,0.2895,167.801,0
11.9141,34.761,-0.12789630889892578,-4.579,0.2811,167.82,0
11.9154,34.7,-0.12981276214122772,-4.661,0.2727,167.907,0
11.9166,34.64,-0.13233603537082672,-4.725,0.2643,167.955,0
11.9179,34.574,-0.1348855048418045,-4.781,0.2551,167.977,0
11.9191,34.508,-0.13718509674072266,-4.821,0.246,168.016,0
11.9205,34.442,-0.13905325531959534,-4.845,0.2368,168.119,0
11.9218,34.371,-0.1405230313539505,-4.854,0.2269,168.158,0
11.9232,34.299,-0.14069627225399017,-4.849,0.217,168.242,0
11.9245,34.239,-0.14037096500396729,-4.831,0.2086,168.276,0
11.9258,34.173,-0.14011575281620026,-4.793,0.1994,168.326,0
11.9271,34.107,-0.14043065905570984,-4.734,0.1903,168.365,0
11.9286,34.041,-0.14070966839790344,-4.659,0.1811,168.467,0
11.9298,33.964,-0.14111821353435516,-4.55,0.1704,168.498,0
11.9311,33.898,-0.1422664374113083,-4.436,0.1613,168.558,0
11.9324,33.832,-0.14322982728481293,-4.309,0.1521,168.633,0
11.9336,33.772,-0.14223645627498627,-4.193,0.1437,168.645,0
11.935,33.701,-0.14240270853042603,-4.037,0.1338,168.722,0
11.9363,33.635,-0.14292848110198975,-3.88,0.1247,168.765,0
11.9375,33.569,-0.14285080134868622,-3.72,0.1155,168.837,0
11.9389,33.497,-0.14405091106891632,-3.532,0.1056,168.857,0
11.9401,33.431,-0.1454182118177414,-3.353,0.0964,168.925,0
11.9414,33.365,-0.14548957347869873,-3.18,0.0873,168.992,0
11.9427,33.3,-0.14576523005962372,-3.005,0.0781,169.04,0
11.9442,33.223,-0.1459212452173233,-2.804,0.0674,169.097,0
11.9455,33.151,-0.1469496637582779,-2.615,0.0575,169.16,0
11.947,33.074,-0.14814573526382446,-2.419,0.0468,169.195,0
11.9483,32.997,-0.14861445128917694,-2.237,0.0362,169.279,0
11.9496,32.932,-0.14832276105880737,-2.094,0.027,169.306,0
11.9509,32.86,-0.14756399393081665,-1.952,0.0171,169.374,0
11.9523,32.794,-0.14695900678634644,-1.832,0.0079,169.433,0
11.9537,32.723,-0.1452653706073761,-1.722,0.998,169.48,0
11.9551,32.651,-0.14312408864498138,-1.63,0.9881,169.539,0
11.9564,32.585,-0.14055295288562775,-1.562,0.9789,169.617,0
11.9577,32.52,-0.13918015360832214,-1.5,0.9698,169.647,0
11.9591,32.459,-0.13770891726016998,-1.457,0.9614,169.696,0
11.9603,32.393,-0.13659265637397766,-1.42,0.9522,169.766,0
11.9616,32.333,-0.1356920748949051,-1.397,0.9438,169.769,0
11.9628,32.278,-0.13427618145942688,-1.39,0.9362,169.824,0
11.9641,32.217,-0.13304609060287476,-1.39,0.9278,169.885,0
11.9654,32.157,-0.13170523941516876,-1.401,0.9194,169.939,0
11.9667,32.097,-0.1304660439491272,-1.422,0.911,169.965,0
11.968,32.042,-0.12909118831157684,-1.449,0.9034,170.037,0
11.9693,31.981,-0.1280626505613327,-1.485,0.895,170.08,0
11.9706,31.926,-0.12757383286952972,-1.521,0.8874,170.124,0
11.9721,31.86,-0.12628032267093658,-1.576,0.8782,170.215,0
11.9734,31.8,-0.12542425096035004,-1.629,0.8698,170.225,0
11.9747,31.745,-0.12346984446048737,-1.689,0.8622,170.267,0
11.9762,31.685,-0.12137959897518158,-1.758,0.8538,170.349,0
11.9776,31.624,-0.12038668990135193,-1.822,0.8454,170.388,0
11.9789,31.569,-0.11862460523843765,-1.887,0.8378,170.439,0
11.9802,31.514,-0.11811181902885437,-1.945,0.8302,170.549,0
11.9815,31.459,-0.118385449051857,-1.997,0.8225,170.585,0
11.9828,31.404,-0.11737783998250961,-2.055,0.8149,170.621,0
11.9842,31.349,-0.11795148253440857,-2.102,0.8073,170.677,0
11.9854,31.289,-0.1183742955327034,-2.152,0.7989,170.689,0
11.9866,31.24,-0.11823006719350815,-2.192,0.792,170.793,0
11.9879,31.19,-0.1180526539683342,-2.229,0.7852,170.862,0
11.9892,31.13,-0.11815501004457474,-2.267,0.7768,170.913,0
11.9907,31.075,-0.11863884329795837,-2.294,0.7691,170.966,0
11.9921,31.009,-0.11981214582920074,-2.315,0.76,171.021,0
11.9935,30.943,-0.12189852446317673,-2.322,0.7508,171.12,0
11.9947,30.883,-0.12303227931261063,-2.324,0.7424,171.182,0
11.996,30.828,-0.12462777644395828,-2.316,0.7348,171.247,0
11.9972,30.767,-0.12617407739162445,-2.301,0.7264,171.324,0
11.9984,30.712,-0.12683255970478058,-2.284,0.7188,171.39,0
11.9997,30.652,-0.12823964655399323,-2.254,0.7104,171.414,0
12.001,30.597,-0.1284855455160141,-2.226,0.7028,171.5,0
12.0022,30.536,-0.12887413799762726,-2.187,0.6944,171.557,0
12.0035,30.476,-0.1297599822282791,-2.138,0.686,171.628,0
12.0048,30.416,-0.1298767775297165,-2.087,0.6776,171.704,0
12.0061,30.355,-0.13016748428344727,-2.029,0.6692,171.8,0
12.0073,30.295,-0.12966948747634888,-1.971,0.6608,171.862,0
12.0086,30.24,-0.12985332310199738,-1.91,0.6532,171.92,0
12.0099,30.179,-0.12987187504768372,-1.842,0.6448,171.983,0
12.0112,30.119,-0.12991753220558167,-1.77,0.6364,172.056,0
12.0125,30.059,-0.13008451461791992,-1.696,0.628,172.109,0
12.0137,29.998,-0.13047672808170319,-1.621,0.6196,172.2,0
12.015,29.938,-0.1306799054145813,-1.547,0.6112,172.27,0
12.0163,29.877,-0.13100194931030273,-1.474,0.6028,172.319,0
12.0175,29.817,-0.13147985935211182,-1.404,0.5944,172.395,0
12.0188,29.756,-0.13121986389160156,-1.342,0.586,172.509,0
12.0201,29.696,-0.13121625781059265,-1.283,0.5776,172.584,0
12.0213,29.641,-0.13117046654224396,-1.236,0.57,172.618,0
12.0225,29.581,-0.13096165657043457,-1.192,0.5616,172.674,0
12.0237,29.526,-0.13143613934516907,-1.155,0.554,172.786,0
12.025,29.465,-0.13230213522911072,-1.12,0.5456,172.844,0
12.0262,29.405,-0.1318580061197281,-1.103,0.5372,172.954,0
12.0275,29.35,-0.13129983842372894,-1.098,0.5296,172.994,0
12.0287,29.29,-0.13156592845916748,-1.098,0.5212,173.071,0
12.03,29.229,-0.13104309141635895,-1.114,0.5128,173.131,0
12.0313,29.169,-0.13109922409057617,-1.138,0.5044,173.24,0
12.0326,29.108,-0.12999625504016876,-1.182,0.496,173.289,0
12.0338,29.053,-0.12998732924461365,-1.226,0.4884,173.336,0
12.0351,28.993,-0.1290290206670761,-1.293,0.48,173.435,0
12.0364,28.938,-0.1276598870754242,-1.367,0.4724,173.492,0
12.0376,28.878,-0.126678466796875,-1.457,0.464,173.517,0
12.0389,28.823,-0.1258164495229721,-1.549,0.4563,173.587,0
12.0402,28.768,-0.12472546100616455,-1.652,0.4487,173.681,0
12.0414,28.713,-0.12405943870544434,-1.761,0.4411,173.705,0
12.0428,28.658,-0.12346385419368744,-1.878,0.4334,173.798,0
12.0441,28.597,-0.12345756590366364,-2.012,0.425,173.835,0
12.0454,28.542,-0.12299631536006927,-2.144,0.4174,173.932,0
12.0467,28.482,-0.1221710667014122,-2.298,0.409,173.965,0
12.048,28.427,-0.12091880291700363,-2.447,0.4014,174.024,0
12.0493,28.378,-0.11976847052574158,-2.585,0.3945,174.129,0
12.0505,28.323,-0.11802385002374649,-2.745,0.3869,174.141,0
12.0518,28.273,-0.11647320538759232,-2.891,0.38,174.205,0
12.0532,28.218,-0.11552008986473083,-3.05,0.3724,174.249,0
12.0544,28.169,-0.1143360286951065,-3.196,0.3655,174.33,0
12.0557,28.114,-0.11334191262722015,-3.356,0.3579,174.388,0
12.057,28.065,-0.11336424201726913,-3.493,0.351,174.476,0
12.0583,28.01,-0.11332059651613235,-3.644,0.3434,174.487,0
12.0595,27.96,-0.11371561139822006,-3.775,0.3365,174.534,0
12.061,27.905,-0.11422105878591537,-3.915,0.3289,174.591,0
12.0623,27.845,-0.11484726518392563,-4.064,0.3205,174.669,0
12.0637,27.79,-0.11537335067987442,-4.192,0.3129,174.745,0
12.0651,27.729,-0.11600930243730545,-4.325,0.3045,174.765,0
12.0664,27.675,-0.11628096550703049,-4.438,0.2969,174.821,0
12.0675,27.62,-0.11672740429639816,-4.542,0.2892,174.896,0
12.0688,27.57,-0.11717059463262558,-4.627,0.2824,174.922,0
12.0702,27.515,-0.11790730804204941,-4.71,0.2747,174.996,0
12.0716,27.449,-0.12077455222606659,-4.783,0.2656,175.03,0
12.0729,27.389,-0.12258223444223404,-4.84,0.2572,175.066,0
12.0742,27.328,-0.12503717839717865,-4.879,0.2488,175.125,0
12.0754,27.268,-0.1269737035036087,-4.906,0.2404,175.226,0
12.0767,27.202,-0.1307295262813568,-4.908,0.2313,175.263,0
12.0781,27.142,-0.13217106461524963,-4.905,0.2229,175.312,0
12.0795,27.07,-0.13360588252544403,-4.884,0.213,175.375,0
12.0808,27.004,-0.13404367864131927,-4.851,0.2038,175.401,0
12.0823,26.938,-0.1347448229789734,-4.798,0.1946,175.496,0
12.0837,26.862,-0.13461144268512726,-4.72,0.184,175.549,0
12.085,26.801,-0.1350744664669037,-4.64,0.1756,175.605,0
12.0863,26.735,-0.13472327589988708,-4.543,0.1664,175.631,0
12.0876,26.669,-0.1352173388004303,-4.426,0.1573,175.717,0
12.0888,26.614,-0.13433504104614258,-4.327,0.1496,175.752,0
12.0901,26.554,-0.1343400776386261,-4.202,0.1412,175.785,0
12.0913,26.494,-0.1346382349729538,-4.067,0.1328,175.861,0
12.0925,26.433,-0.13503144681453705,-3.924,0.1245,175.881,0
12.0939,26.367,-0.1362040787935257,-3.756,0.1153,175.94,0
12.0953,26.307,-0.13712351024150848,-3.598,0.1069,175.996,0
12.0966,26.23,-0.13807792961597443,-3.393,0.0962,176.034,0
12.098,26.164,-0.138262540102005,-3.219,0.0871,176.058,0
12.0992,26.098,-0.13829629123210907,-3.046,0.0779,176.157,0
12.1004,26.038,-0.13834714889526367,-2.888,0.0695,176.221,0
12.1017,25.972,-0.13899315893650055,-2.715,0.0604,176.215,0
12.1031,25.911,-0.1395624727010727,-2.56,0.052,176.294,0
12.1043,25.84,-0.14135734736919403,-2.378,0.0421,176.325,0
12.1056,25.774,-0.1423804759979248,-2.221,0.0329,176.404,0
12.1068,25.708,-0.144204244017601,-2.069,0.0237,176.441,0
12.1081,25.642,-0.1445070058107376,-1.936,0.0146,176.499,0
12.1093,25.576,-0.14391131699085236,-1.819,0.0054,176.545,0
12.1106,25.516,-0.14322896301746368,-1.724,0.997,176.62,0
12.1119,25.45,-0.14207971096038818,-1.634,0.9879,176.64,0
12.1132,25.384,-0.1405930370092392,-1.56,0.9787,176.708,0
12.1145,25.323,-0.13845540583133698,-1.508,0.9703,176.785,0
12.1157,25.269,-0.13632391393184662,-1.472,0.9627,176.775,0
12.1171,25.208,-0.1334618628025055,-1.447,0.9543,176.81,0
12.1184,25.142,-0.1307717263698578,-1.43,0.9452,176.869,0
12.1198,25.087,-0.1292620450258255,-1.422,0.9375,176.941,0
12.1211,25.027,-0.12750250101089478,-1.424,0.9291,176.948,0
12.1223,24.972,-0.1267687827348709,-1.429,0.9215,177.055,0
12.1237,24.906,-0.1259564459323883,-1.446,0.9124,177.055,0
12.1251,24.851,-0.12462256103754044,-1.472,0.9047,177.114,0
12.1263,24.796,-0.12360101193189621,-1.504,0.8971,177.145,0
12.1276,24.741,-0.12227313965559006,-1.543,0.8895,177.171,0
12.1289,24.686,-0.12058886885643005,-1.59,0.8818,177.276,0
12.1302,24.631,-0.1195058599114418,-1.639,0.8742,177.297,0
12.1314,24.582,-0.11686578392982483,-1.696,0.8673,177.348,0
12.1327,24.538,-0.11518397182226181,-1.745,0.8612,177.392,0
12.134,24.483,-0.11260680854320526,-1.812,0.8536,177.454,0
12.1353,24.434,-0.11176963895559311,-1.865,0.8467,177.509,0
12.1367,24.384,-0.11030010879039764,-1.922,0.8399,177.556,0
12.1381,24.329,-0.10910458117723465,-1.984,0.8322,177.599,0
12.1394,24.28,-0.10893943905830383,-2.034,0.8254,177.639,0
12.1407,24.225,-0.1086333841085434,-2.089,0.8177,177.682,0
12.142,24.175,-0.10830748081207275,-2.137,0.8109,177.767,0
12.1432,24.126,-0.10815825313329697,-2.182,0.804,177.787,0
12.1444,24.082,-0.10768678784370422,-2.222,0.7979,177.862,0
12.1457,24.033,-0.10738377273082733,-2.262,0.791,177.879,0
12.1469,23.983,-0.10712593793869019,-2.299,0.7842,177.933,0
12.1482,23.939,-0.10714185237884521,-2.328,0.7781,177.991,0
12.1494,23.89,-0.10791207104921341,-2.351,0.7712,178.041,0
12.1507,23.84,-0.10836421698331833,-2.371,0.7643,178.095,0
12.152,23.785,-0.11029393970966339,-2.38,0.7567,178.175,0
12.1532,23.73,-0.11191161721944809,-2.384,0.7491,178.224,0
12.1544,23.681,-0.11365990340709686,-2.38,0.7422,178.257,0
12.1557,23.626,-0.11585799604654312,-2.369,0.7346,178.319,0
12.157,23.571,-0.11587551981210709,-2.363,0.727,178.367,0
12.1583,23.516,-0.11831468343734741,-2.336,0.7193,178.461,0
12.1595,23.461,-0.11935275793075562,-2.311,0.7117,178.51,0
12.1607,23.412,-0.1197468638420105,-2.286,0.7048,178.543,0
12.162,23.357,-0.1206522136926651,-2.25,0.6972,178.628,0
12.1633,23.297,-0.12070339173078537,-2.208,0.6888,178.676,0
12.1645,23.242,-0.12116935104131699,-2.162,0.6812,178.746,0
12.1658,23.187,-0.121580109000206,-2.111,0.6736,178.804,0
12.1671,23.132,-0.1220257431268692,-2.055,0.6659,178.87,0
12.1683,23.077,-0.1214703917503357,-2.001,0.6583,178.927,0
12.1696,23.022,-0.12086313217878342,-1.944,0.6507,178.99,0
12.171,22.961,-0.12043193727731705,-1.877,0.6423,179.093,0
12.1723,22.901,-0.12135505676269531,-1.8,0.6339,179.129,0
12.1736,22.846,-0.12113138288259506,-1.735,0.6263,179.187,0
12.1751,22.786,-0.12203332781791687,-1.656,0.6179,179.281,0
12.1763,22.731,-0.12179543823003769,-1.592,0.6102,179.31,0
12.1776,22.67,-0.1223282665014267,-1.518,0.6018,179.389,0
12.1789,22.615,-0.12241178005933762,-1.457,0.5942,179.446,0
12.1802,22.56,-0.12231077253818512,-1.399,0.5866,179.536,0
12.1816,22.495,-0.12222409248352051,-1.336,0.5774,179.617,0
12.183,22.44,-0.12212380021810532,-1.289,0.5698,179.681,0
12.1843,22.379,-0.1224745661020279,-1.242,0.5614,179.761,0
12.1856,22.319,-0.123456209897995,-1.199,0.553,179.864,0
12.187,22.258,-0.12354276329278946,-1.17,0.5446,179.934,0
12.1883,22.198,-0.12320669740438461,-1.154,0.5362,179.987,0
12.1896,22.143,-0.1237458810210228,-1.143,0.5286,180.093,0
12.1908,22.083,-0.12400689721107483,-1.144,0.5202,180.138,0
12.1921,22.028,-0.12390600144863129,-1.157,0.5126,180.173,0
12.1934,21.967,-0.12458768486976624,-1.178,0.5042,180.281,0
12.1947,21.912,-0.12444927543401718,-1.212,0.4966,180.303,0
12.196,21.852,-0.12432622909545898,-1.262,0.4882,180.411,0
12.1973,21.797,-0.12468947470188141,-1.315,0.4805,180.468,0
12.1985,21.742,-0.12359873205423355,-1.387,0.4729,180.524,0
12.1998,21.687,-0.1220531240105629,-1.471,0.4653,180.588,0
12.2011,21.632,-0.12100175768136978,-1.563,0.4576,180.641,0
12.2023,21.577,-0.11944696307182312,-1.667,0.45,180.694,0
12.2035,21.533,-0.11795425415039062,-1.758,0.4439,180.764,0
12.2049,21.478,-0.11685049533843994,-1.875,0.4363,180.828,0
12.2061,21.429,-0.11587756872177124,-1.987,0.4294,180.888,0
12.2073,21.379,-0.1149730533361435,-2.105,0.4225,180.92,0
12.2088,21.33,-0.11416752636432648,-2.228,0.4157,181.004,0
12.2102,21.27,-0.1140454038977623,-2.379,0.4073,181.072,0
12.2114,21.215,-0.11298977583646774,-2.528,0.3997,181.118,0
12.2126,21.165,-0.11194972693920135,-2.666,0.3928,181.153,0
12.2141,21.11,-0.11031610518693924,-2.826,0.3852,181.167,0
12.2154,21.061,-0.10845419019460678,-2.974,0.3783,181.316,0
12.2166,21.017,-0.10722896456718445,-3.104,0.3722,181.331,0
12.2179,20.973,-0.10553895682096481,-3.238,0.3661,181.393,0
12.2191,20.923,-0.10507091134786606,-3.379,0.3592,181.438,0
12.2205,20.88,-0.10513556003570557,-3.501,0.3531,181.496,0
12.2217,20.825,-0.1053457111120224,-3.651,0.3455,181.544,0
12.223,20.775,-0.10558867454528809,-3.784,0.3386,181.611,0
12.2242,20.731,-0.10601863265037537,-3.897,0.3325,181.643,0
12.2257,20.682,-0.10638996213674545,-4.022,0.3257,181.73,0
12.2271,20.621,-0.10635162889957428,-4.172,0.3173,181.778,0
12.2283,20.572,-0.10736217349767685,-4.282,0.3104,181.838,0
12.2296,20.522,-0.10703161358833313,-4.394,0.3035,181.891,0
12.2309,20.473,-0.1072106808423996,-4.496,0.2967,181.927,0
12.2321,20.424,-0.10734817385673523,-4.591,0.2898,181.969,0
12.2334,20.374,-0.10807092487812042,-4.675,0.2829,182.015,0
12.2347,20.325,-0.10926247388124466,-4.748,0.2761,182.047,0
12.236,20.27,-0.1107034757733345,-4.817,0.2684,182.126,0
12.2373,20.215,-0.1138240396976471,-4.866,0.2608,182.175,0
12.2386,20.16,-0.11547666043043137,-4.911,0.2532,182.256,0
12.2399,20.099,-0.11777956038713455,-4.943,0.2448,182.237,0
12.2411,20.045,-0.11967916041612625,-4.961,0.2372,182.318,0
12.2424,19.984,-0.1215454712510109,-4.966,0.2288,182.373,0
12.2437,19.929,-0.12296296656131744,-4.96,0.2211,182.391,0
12.245,19.869,-0.12439477443695068,-4.939,0.2127,182.494,0
12.2462,19.808,-0.12579743564128876,-4.902,0.2043,182.521,0
12.2475,19.753,-0.12645703554153442,-4.86,0.1967,182.555,0
12.2488,19.693,-0.1281592696905136,-4.793,0.1883,182.634,0
12.25,19.633,-0.12891246378421783,-4.719,0.1799,182.682,0
12.2513,19.572,-0.12951692938804626,-4.631,0.1715,182.75,0
12.2526,19.517,-0.12931227684020996,-4.545,0.1639,182.745,0
12.254,19.457,-0.12811949849128723,-4.446,0.1555,182.775,0
12.2553,19.391,-0.1265571117401123,-4.326,0.1464,182.906,0
12.2565,19.336,-0.12599167227745056,-4.214,0.1387,182.916,0
12.2578,19.281,-0.12661360204219818,-4.087,0.1311,182.991,0
12.259,19.221,-0.12742909789085388,-3.94,0.1227,182.978,0
12.2602,19.166,-0.12848420441150665,-3.799,0.1151,183.043,0
12.2615,19.105,-0.12941908836364746,-3.64,0.1067,183.095,0
12.2628,19.045,-0.12963517010211945,-3.483,0.0983,183.152,0
12.2642,18.979,-0.1298067569732666,-3.309,0.0891,183.195,0
12.2655,18.924,-0.12834490835666656,-3.173,0.0815,183.261,0
12.2667,18.864,-0.1265852302312851,-3.026,0.0731,183.288,0
12.2679,18.809,-0.12672260403633118,-2.883,0.0655,183.314,0
12.2693,18.754,-0.12654586136341095,-2.744,0.0579,183.333,0
12.2706,18.693,-0.12724365293979645,-2.59,0.0495,183.416,0
12.2719,18.627,-0.12818001210689545,-2.428,0.0403,183.484,0
12.2732,18.567,-0.12926141917705536,-2.285,0.0319,183.493,0
12.2744,18.506,-0.13023173809051514,-2.15,0.0235,183.593,0
12.2757,18.446,-0.13099899888038635,-2.024,0.0151,183.591,0
12.277,18.386,-0.1317305713891983,-1.909,0.0067,183.639,0
12.2783,18.325,-0.13189713656902313,-1.806,0.9984,183.7,0
12.2794,18.265,-0.13146032392978668,-1.718,0.99,183.744,0
12.2807,18.21,-0.13201211392879486,-1.642,0.9823,183.79,0
12.282,18.149,-0.13190460205078125,-1.574,0.9739,183.835,0
12.2835,18.089,-0.13152667880058289,-1.518,0.9655,183.878,0
12.2848,18.023,-0.12970981001853943,-1.479,0.9564,183.93,0
12.2861,17.968,-0.12671542167663574,-1.466,0.9488,183.954,0
12.2874,17.908,-0.12321162223815918,-1.464,0.9404,183.981,0
12.2887,17.858,-0.12051474303007126,-1.469,0.9335,184.025,0
12.29,17.803,-0.11858181655406952,-1.477,0.9259,184.099,0
12.2913,17.754,-0.11691518872976303,-1.491,0.919,184.122,0
12.2926,17.704,-0.11576397716999054,-1.508,0.9121,184.154,0
12.2939,17.644,-0.11577045917510986,-1.528,0.9037,184.207,0
12.2952,17.595,-0.11530046164989471,-1.554,0.8969,184.248,0
12.2965,17.54,-0.11495985835790634,-1.588,0.8893,184.321,0
12.2978,17.49,-0.11377792805433273,-1.628,0.8824,184.346,0
12.299,17.441,-0.11293940991163254,-1.671,0.8755,184.395,0
12.3003,17.391,-0.11117751896381378,-1.722,0.8687,184.438,0
12.3015,17.342,-0.10936518758535385,-1.777,0.8618,184.492,0
12.3029,17.292,-0.10734361410140991,-1.835,0.8549,184.547,0
12.3043,17.243,-0.10569509118795395,-1.892,0.8481,184.568,0
12.3056,17.194,-0.10450080037117004,-1.948,0.8412,184.611,0
12.3069,17.15,-0.10422874987125397,-1.993,0.8351,184.66,0
12.3081,17.1,-0.1049928367137909,-2.037,0.8282,184.726,0
12.3094,17.051,-0.10538779944181442,-2.083,0.8214,184.741,0
12.3106,17.001,-0.10573609918355942,-2.128,0.8145,184.767,0
12.3119,16.957,-0.1058957576751709,-2.168,0.8084,184.835,0
12.3131,16.908,-0.1063322126865387,-2.208,0.8015,184.917,0
12.3144,16.859,-0.10659188032150269,-2.247,0.7946,184.924,0
12.3156,16.815,-0.10609212517738342,-2.283,0.7885,185.01,0
12.3169,16.765,-0.10569828003644943,-2.32,0.7817,185.04,0
12.3181,16.721,-0.10595244914293289,-2.345,0.7756,185.099,0
12.3194,16.672,-0.10695772618055344,-2.365,0.7687,185.143,0
12.3207,16.617,-0.10788732022047043,-2.384,0.7611,185.196,0
12.322,16.562,-0.10994341969490051,-2.389,0.7534,185.223,0
12.3232,16.512,-0.11168777942657471,-2.389,0.7466,185.317,0
12.3244,16.458,-0.11336445808410645,-2.384,0.739,185.348,0
12.3257,16.408,-0.11557993292808533,-2.369,0.7321,185.411,0
12.327,16.348,-0.11776971817016602,-2.347,0.7237,185.514,0
12.3282,16.293,-0.11907605081796646,-2.324,0.7161,185.52,0
12.3295,16.238,-0.12018072605133057,-2.296,0.7084,185.61,0
12.3307,16.183,-0.12164828181266785,-2.259,0.7008,185.653,0
12.332,16.122,-0.12288984656333923,-2.213,0.6924,185.722,0
12.3334,16.062,-0.1242363452911377,-2.16,0.684,185.793,0
12.3347,16.002,-0.12560692429542542,-2.1,0.6756,185.854,0
12.3361,15.941,-0.12656959891319275,-2.037,0.6672,185.914,0
12.3374,15.875,-0.12702184915542603,-1.966,0.6581,185.986,0
12.3386,15.82,-0.1260656863451004,-1.911,0.6505,186.062,0
12.3399,15.765,-0.12635096907615662,-1.846,0.6428,186.123,0
12.3411,15.705,-0.12615396082401276,-1.776,0.6344,186.207,0
12.3424,15.65,-0.1266239583492279,-1.707,0.6268,186.25,0
12.3436,15.59,-0.1272372156381607,-1.63,0.6184,186.307,0
12.3449,15.535,-0.1278582066297531,-1.56,0.6108,186.352,0
12.3461,15.474,-0.12814347445964813,-1.488,0.6024,186.464,0
12.3474,15.419,-0.1286405324935913,-1.424,0.5948,186.535,0
12.3487,15.359,-0.12839603424072266,-1.361,0.5864,186.602,0
12.35,15.298,-0.12792089581489563,-1.305,0.578,186.667,0
12.3512,15.238,-0.12778975069522858,-1.254,0.5696,186.716,0
12.3525,15.183,-0.12778888642787933,-1.212,0.562,186.775,0
12.3539,15.123,-0.12774372100830078,-1.175,0.5536,186.888,0
12.3552,15.062,-0.12831242382526398,-1.143,0.5452,186.955,0
12.3564,15.002,-0.12828169763088226,-1.124,0.5368,187.047,0
12.3577,14.947,-0.127971813082695,-1.118,0.5291,187.116,0
12.3589,14.886,-0.12799252569675446,-1.12,0.5208,187.175,0
12.3602,14.832,-0.12847331166267395,-1.128,0.5131,187.265,0
12.3614,14.771,-0.12840917706489563,-1.153,0.5047,187.316,0
12.3627,14.716,-0.12787623703479767,-1.189,0.4971,187.352,0
12.364,14.656,-0.12844020128250122,-1.234,0.4887,187.44,0
12.3653,14.595,-0.12891031801700592,-1.291,0.4803,187.518,0
12.3666,14.535,-0.12878286838531494,-1.365,0.4719,187.589,0
12.3678,14.474,-0.12856701016426086,-1.451,0.4635,187.677,0
12.3691,14.42,-0.12864473462104797,-1.537,0.4559,187.726,0
12.3704,14.359,-0.1273055374622345,-1.652,0.4475,187.754,0
12.3716,14.304,-0.12625037133693695,-1.765,0.4399,187.818,0
12.3728,14.249,-0.1253645420074463,-1.885,0.4323,187.924,0
12.3741,14.2,-0.12438871711492538,-2.001,0.4254,188.005,0
12.3754,14.139,-0.12352988123893738,-2.148,0.417,188.046,0
12.3767,14.084,-0.12279578298330307,-2.289,0.4094,188.109,0
12.378,14.03,-0.12195596098899841,-2.435,0.4017,188.148,0
12.3792,13.975,-0.12102171778678894,-2.586,0.3941,188.219,0
12.3805,13.92,-0.12001069635152817,-2.742,0.3865,188.312,0
12.3819,13.865,-0.11808818578720093,-2.905,0.3788,188.371,0
12.3832,13.815,-0.11692992597818375,-3.05,0.372,188.445,0
12.3845,13.76,-0.11453764885663986,-3.219,0.3643,188.495,0
12.3858,13.711,-0.11352526396512985,-3.363,0.3575,188.56,0
12.3871,13.661,-0.11276425421237946,-3.505,0.3506,188.592,0
12.3884,13.607,-0.1118491068482399,-3.661,0.343,188.665,0
12.3896,13.557,-0.11203311383724213,-3.793,0.3361,188.75,0
12.3909,13.508,-0.1120242178440094,-3.922,0.3293,188.792,0
12.3921,13.458,-0.11151031404733658,-4.05,0.3224,188.83,0
12.3934,13.403,-0.11195790022611618,-4.181,0.3148,188.869,0
12.3947,13.354,-0.11240047961473465,-4.292,0.3079,188.906,0
12.396,13.299,-0.11269958317279816,-4.41,0.3003,188.981,0
12.3973,13.25,-0.113179512321949,-4.507,0.2934,189.045,0
12.3986,13.189,-0.11393073946237564,-4.614,0.285,189.122,0
12.4001,13.134,-0.11611024290323257,-4.692,0.2774,189.135,0
12.4016,13.074,-0.11849536001682281,-4.765,0.269,189.228,0
12.4029,13.002,-0.12142790853977203,-4.834,0.2591,189.284,0
12.4043,12.942,-0.12390050292015076,-4.875,0.2507,189.363,0
12.4056,12.876,-0.12597176432609558,-4.908,0.2415,189.392,0
12.4068,12.816,-0.12830914556980133,-4.919,0.2331,189.448,0
12.4081,12.755,-0.1294192671775818,-4.922,0.2247,189.511,0
12.4094,12.689,-0.13020636141300201,-4.91,0.2156,189.543,0
12.4107,12.634,-0.13106851279735565,-4.885,0.2079,189.626,0
12.4121,12.568,-0.1326829344034195,-4.834,0.1988,189.652,0
12.4134,12.502,-0.13393601775169373,-4.769,0.1896,189.741,0
12.4146,12.437,-0.1354297250509262,-4.685,0.1805,189.79,0
12.416,12.371,-0.13558974862098694,-4.593,0.1713,189.816,0
12.4173,12.305,-0.13573169708251953,-4.486,0.1622,189.856,0
12.4185,12.244,-0.1350700557231903,-4.38,0.1538,189.927,0
12.4197,12.189,-0.13246303796768188,-4.288,0.1461,189.965,0
12.421,12.134,-0.1317911446094513,-4.175,0.1385,190.036,0
12.4222,12.074,-0.13095729053020477,-4.044,0.1301,190.057,0
12.4234,12.019,-0.131565660238266,-3.911,0.1225,190.111,0
12.4247,11.959,-0.13226443529129028,-3.758,0.1141,190.203,0
12.4263,11.898,-0.13389253616333008,-3.595,0.1057,190.215,0
12.4276,11.816,-0.1349605917930603,-3.375,0.0943,190.26,0
12.429,11.75,-0.13527370989322662,-3.2,0.0851,190.354,0
12.4303,11.684,-0.13421273231506348,-3.033,0.076,190.366,0
12.4316,11.629,-0.13308584690093994,-2.897,0.0683,190.426,0
12.4329,11.563,-0.13244344294071198,-2.732,0.0592,190.479,0
12.4342,11.503,-0.13205276429653168,-2.584,0.0508,190.506,0
12.4354,11.442,-0.13160544633865356,-2.442,0.0424,190.58,0
12.4368,11.382,-0.13238056004047394,-2.299,0.034,190.595,0
12.4381,11.316,-0.13310694694519043,-2.152,0.0248,190.671,0
12.4394,11.255,-0.1331605613231659,-2.03,0.0164,190.705,0
12.4406,11.195,-0.13361310958862305,-1.914,0.0081,190.741,0
12.4421,11.129,-0.1337592452764511,-1.802,0.9989,190.774,0
12.4433,11.063,-0.1351398080587387,-1.694,0.9897,190.865,0
12.4448,10.992,-0.13578271865844727,-1.598,0.9798,190.934,0
12.4461,10.926,-0.1366255283355713,-1.521,0.9707,190.967,0
12.4474,10.86,-0.1371505707502365,-1.461,0.9615,191.028,0
12.4487,10.8,-0.1365577131509781,-1.424,0.9531,191.035,0
12.45,10.734,-0.13535557687282562,-1.4,0.944,191.091,0
12.4512,10.679,-0.13342945277690887,-1.395,0.9363,191.108,0
12.4525,10.624,-0.13020440936088562,-1.407,0.9287,191.152,0
12.4538,10.569,-0.12757058441638947,-1.425,0.9211,191.24,0
12.4551,10.514,-0.1251746416091919,-1.449,0.9135,191.231,0
12.4564,10.459,-0.12263479083776474,-1.481,0.9058,191.311,0
12.4576,10.404,-0.12128317356109619,-1.514,0.8982,191.369,0
12.4591,10.349,-0.12039386481046677,-1.55,0.8906,191.386,0
12.4603,10.289,-0.1192159652709961,-1.597,0.8822,191.448,0
12.4616,10.239,-0.11836206912994385,-1.639,0.8753,191.506,0
12.4629,10.184,-0.11711911112070084,-1.692,0.8677,191.582,0
12.4641,10.135,-0.1155252605676651,-1.746,0.8608,191.567,0
12.4654,10.085,-0.11380733549594879,-1.802,0.8539,191.656,0
12.4668,10.031,-0.11193147301673889,-1.867,0.8463,191.7,0
12.4681,9.981,-0.1107785701751709,-1.922,0.8394,191.7,0
12.4695,9.932,-0.11022933572530746,-1.975,0.8326,191.78,0
12.4709,9.871,-0.1101631447672844,-2.035,0.8242,191.833,0
12.4721,9.822,-0.10966980457305908,-2.085,0.8173,191.895,0
12.4734,9.772,-0.1096702292561531,-2.131,0.8105,191.892,0
12.4748,9.723,-0.10888222604990005,-2.18,0.8036,191.982,0
12.4761,9.668,-0.10851915925741196,-2.228,0.796,192.03,0
12.4774,9.619,-0.1082267239689827,-2.268,0.7891,192.078,0
12.4788,9.569,-0.1071319729089737,-2.309,0.7822,192.138,0
12.4802,9.52,-0.10716976225376129,-2.339,0.7754,192.175,0
12.4814,9.465,-0.10769742727279663,-2.364,0.7677,192.237,0
12.4826,9.415,-0.10876959562301636,-2.379,0.7609,192.256,0
12.4839,9.366,-0.10968107730150223,-2.389,0.754,192.35,0
12.4851,9.316,-0.11150889098644257,-2.389,0.7471,192.365,0
12.4864,9.261,-0.11308009177446365,-2.385,0.7395,192.458,0
12.4877,9.207,-0.11458327621221542,-2.375,0.7319,192.491,0
12.4889,9.152,-0.11634363979101181,-2.357,0.7242,192.54,0
12.4902,9.097,-0.11730342358350754,-2.336,0.7166,192.589,0
12.4915,9.042,-0.11786758154630661,-2.312,0.709,192.67,0
12.4929,8.981,-0.11959292739629745,-2.27,0.7006,192.723,0
12.4941,8.926,-0.12090431898832321,-2.228,0.693,192.779,0
12.4954,8.866,-0.12245655804872513,-2.174,0.6846,192.836,0
12.4967,8.806,-0.12457236647605896,-2.11,0.6762,192.917,0
12.4981,8.751,-0.1254855841398239,-2.053,0.6685,192.954,0
12.4993,8.685,-0.1260635256767273,-1.982,0.6594,193.064,0
12.5006,8.63,-0.1264995038509369,-1.919,0.6518,193.094,0
12.5019,8.569,-0.12604603171348572,-1.853,0.6434,193.15,0
12.5032,8.514,-0.12531328201293945,-1.792,0.6357,193.212,0
12.5045,8.454,-0.1252671778202057,-1.72,0.6273,193.293,0
12.5059,8.394,-0.12463629245758057,-1.65,0.619,193.377,0
12.5071,8.333,-0.12502872943878174,-1.575,0.6106,193.465,0
12.5084,8.278,-0.12550412118434906,-1.508,0.6029,193.482,0
12.5098,8.218,-0.12546035647392273,-1.441,0.5945,193.588,0
12.5112,8.157,-0.12561939656734467,-1.376,0.5862,193.666,0
12.5125,8.091,-0.12554943561553955,-1.313,0.577,193.741,0
12.5137,8.036,-0.12468104809522629,-1.271,0.5694,193.819,0
12.5151,7.982,-0.12471602112054825,-1.23,0.5617,193.841,0
12.5164,7.921,-0.12488847225904465,-1.191,0.5533,193.895,0
12.5178,7.861,-0.12486032396554947,-1.163,0.545,194.017,0
12.5191,7.8,-0.12496445327997208,-1.144,0.5366,194.074,0
12.5206,7.74,-0.12390655279159546,-1.142,0.5282,194.148,0
12.5219,7.674,-0.12546856701374054,-1.137,0.519,194.239,0
12.5232,7.614,-0.12553192675113678,-1.152,0.5106,194.317,0
12.5245,7.559,-0.12546508014202118,-1.177,0.503,194.35,0
12.5258,7.498,-0.12525910139083862,-1.218,0.4946,194.467,0
12.5271,7.443,-0.12563948333263397,-1.262,0.487,194.499,0
12.5284,7.383,-0.12570026516914368,-1.324,0.4786,194.591,0
12.5297,7.322,-0.12504792213439941,-1.404,0.4702,194.639,0
12.5311,7.262,-0.12446615099906921,-1.494,0.4618,194.721,0
12.5323,7.207,-0.12396999448537827,-1.587,0.4542,194.783,0
12.5335,7.152,-0.12335233390331268,-1.689,0.4465,194.834,0
12.5349,7.092,-0.12171991169452667,-1.818,0.4381,194.934,0
12.5363,7.037,-0.12088371068239212,-1.94,0.4305,194.971,0
12.5375,6.982,-0.11949805915355682,-2.072,0.4229,195.051,0
12.5389,6.932,-0.11734790354967117,-2.203,0.416,195.108,0
12.5401,6.877,-0.11599084734916687,-2.347,0.4084,195.161,0
12.5414,6.833,-0.11402438580989838,-2.472,0.4023,195.24,0
12.5426,6.784,-0.11266843229532242,-2.611,0.3954,195.25,0
12.5439,6.735,-0.11087942868471146,-2.755,0.3885,195.371,0
12.5452,6.685,-0.11008579283952713,-2.896,0.3817,195.414,0
12.5465,6.636,-0.10828112065792084,-3.045,0.3748,195.458,0
12.5478,6.586,-0.1070849746465683,-3.191,0.368,195.527,0
12.5491,6.542,-0.10573254525661469,-3.322,0.3618,195.577,0
12.5503,6.493,-0.10508545488119125,-3.464,0.355,195.618,0
12.5516,6.443,-0.1051916554570198,-3.6,0.3481,195.681,0
12.553,6.4,-0.10468380898237228,-3.723,0.342,195.707,0
12.5543,6.345,-0.10372573882341385,-3.876,0.3344,195.795,0
12.5556,6.295,-0.10292442888021469,-4.009,0.3275,195.837,0
12.5569,6.251,-0.1025710254907608,-4.121,0.3214,195.885,0
12.5582,6.207,-0.10209190100431442,-4.231,0.3153,195.974,0
12.5594,6.158,-0.10227419435977936,-4.344,0.3084,195.982,0
12.5607,6.108,-0.1020641103386879,-4.454,0.3016,196.07,0
12.5622,6.064,-0.1021316722035408,-4.544,0.2955,196.091,0
12.5635,6.015,-0.10149895399808884,-4.642,0.2886,196.14,0
12.5648,5.966,-0.10163570195436478,-4.728,0.2817,196.2,0
12.5661,5.916,-0.10280225425958633,-4.799,0.2749,196.272,0
12.5673,5.867,-0.10424937307834625,-4.86,0.268,196.271,0
12.5686,5.817,-0.10564525425434113,-4.912,0.2611,196.324,0
12.5699,5.762,-0.10797151178121567,-4.953,0.2535,196.41,0
12.5713,5.713,-0.10955747216939926,-4.983,0.2466,196.466,0
12.5725,5.652,-0.11199615150690079,-5.003,0.2383,196.514,0
12.5738,5.603,-0.11370404809713364,-5.01,0.2314,196.513,0
12.5751,5.548,-0.11418841779232025,-5.013,0.2238,196.597,0
12.5763,5.493,-0.11447570472955704,-5.005,0.2161,196.656,0
12.5777,5.444,-0.11414207518100739,-4.99,0.2093,196.686,0
12.5791,5.383,-0.1150306686758995,-4.951,0.2009,196.726,0
12.5803,5.328,-0.11631209403276443,-4.899,0.1932,196.767,0
12.5816,5.273,-0.11816052347421646,-4.832,0.1856,196.868,0
12.5828,5.219,-0.11953326314687729,-4.757,0.178,196.882,0
12.5841,5.164,-0.1202833354473114,-4.674,0.1703,196.935,0
12.5853,5.109,-0.1206071600317955,-4.583,0.1627,197.016,0
12.5866,5.054,-0.12022945284843445,-4.487,0.1551,197.016,0
12.5878,4.999,-0.11866756528615952,-4.39,0.1475,197.057,0
12.5891,4.955,-0.1163887158036232,-4.312,0.1414,197.135,0
12.5904,4.905,-0.11380183696746826,-4.219,0.1345,197.171,0
12.5916,4.856,-0.112281434237957,-4.115,0.1276,197.167,0
12.5928,4.807,-0.11150316148996353,-4.001,0.1208,197.24,0
12.5941,4.757,-0.11160281300544739,-3.878,0.1139,197.28,0
12.5953,4.708,-0.1110934242606163,-3.756,0.107,197.33,0
12.5966,4.653,-0.11188957095146179,-3.61,0.0994,197.366,0
12.5979,4.603,-0.11310878396034241,-3.473,0.0925,197.405,0
12.5991,4.554,-0.11282536387443542,-3.345,0.0857,197.42,0
12.6004,4.499,-0.11385989189147949,-3.194,0.078,197.487,0
12.6016,4.449,-0.11249548941850662,-3.074,0.0712,197.496,0
12.603,4.395,-0.11177767813205719,-2.936,0.0635,197.555,0
12.6043,4.345,-0.11209462583065033,-2.809,0.0567,197.572,0
12.6055,4.296,-0.11151860654354095,-2.691,0.0498,197.637,0
12.6067,4.246,-0.1117166206240654,-2.571,0.0429,197.657,0
12.6081,4.197,-0.11114750802516937,-2.46,0.0361,197.682,0
12.6093,4.147,-0.110905222594738,-2.352,0.0292,197.728,0
12.6105,4.098,-0.11070823669433594,-2.249,0.0223,197.812,0
12.6119,4.043,-0.11069612205028534,-2.14,0.0147,197.824,0
12.6131,3.994,-0.11152093857526779,-2.044,0.0078,197.853,0
12.6143,3.944,-0.11229512840509415,-1.955,0.001,197.892,0
12.6155,3.895,-0.11212202161550522,-1.878,0.9941,197.959,0
12.6167,3.845,-0.11328987777233124,-1.8,0.9872,197.968,0
12.618,3.79,-0.11478449404239655,-1.722,0.9796,198.006,0
12.6193,3.735,-0.1161915734410286,-1.653,0.972,198.054,0
12.6205,3.68,-0.11771667003631592,-1.594,0.9644,198.128,0
12.6219,3.625,-0.11887768656015396,-1.546,0.9567,198.111,0
12.6232,3.565,-0.1189710944890976,-1.511,0.9483,198.216,0
12.6245,3.51,-0.11878500878810883,-1.491,0.9407,198.195,0
12.6257,3.461,-0.11867835372686386,-1.48,0.9338,198.212,0
12.627,3.406,-0.1169276237487793,-1.487,0.9262,198.29,0
12.6283,3.351,-0.1159004494547844,-1.497,0.9186,198.302,0
12.6295,3.307,-0.11368078738451004,-1.52,0.9125,198.365,0
12.6307,3.263,-0.11117769032716751,-1.549,0.9064,198.394,0
12.632,3.214,-0.10876547545194626,-1.584,0.8995,198.418,0
12.6332,3.17,-0.10600458085536957,-1.624,0.8934,198.438,0
12.6344,3.131,-0.10374796390533447,-1.661,0.8881,198.565,0
12.6356,3.087,-0.10168784856796265,-1.703,0.882,198.574,0
12.6369,3.043,-0.10025347769260406,-1.745,0.8759,198.569,0
12.6381,2.999,-0.09879657626152039,-1.79,0.8698,198.634,0
12.6394,2.961,-0.09719433635473251,-1.833,0.8644,198.671,0
12.6406,2.917,-0.09625346958637238,-1.878,0.8583,198.704,0
12.642,2.873,-0.09573670476675034,-1.923,0.8522,198.722,0
12.6432,2.829,-0.09562785178422928,-1.966,0.8461,198.749,0
12.6445,2.785,-0.09541752934455872,-2.011,0.84,198.836,0
12.6458,2.747,-0.09491665661334991,-2.052,0.8347,198.826,0
12.6471,2.703,-0.09500187635421753,-2.095,0.8286,198.92,0
12.6483,2.659,-0.09445253014564514,-2.141,0.8224,198.915,0
12.6495,2.615,-0.09468942135572433,-2.182,0.8163,198.964,0
12.6509,2.571,-0.09497124701738358,-2.221,0.8102,199.015,0
12.6521,2.527,-0.09417006373405457,-2.265,0.8041,199.033,0
12.6533,2.488,-0.0939522534608841,-2.299,0.7988,199.102,0
12.6545,2.45,-0.09379494190216064,-2.331,0.7935,199.122,0
12.6557,2.406,-0.09240023046731949,-2.372,0.7874,199.142,0
12.657,2.368,-0.09160581231117249,-2.403,0.782,199.205,0
12.6583,2.329,-0.09118697792291641,-2.429,0.7767,199.253,0
12.6596,2.285,-0.09104374796152115,-2.454,0.7706,199.285,0
12.6609,2.241,-0.09245534986257553,-2.466,0.7645,199.336,0
12.6621,2.197,-0.09299661219120026,-2.48,0.7584,199.377,0
12.6634,2.153,-0.09479497373104095,-2.482,0.7523,199.428,0
12.6646,2.109,-0.09597089886665344,-2.483,0.7462,199.503,0
12.6659,2.065,-0.09771881997585297,-2.477,0.7401,199.479,0
12.6671,2.016,-0.09879191219806671,-2.471,0.7332,199.527,0
12.6684,1.972,-0.10041815787553787,-2.456,0.7271,199.609,0
12.6698,1.923,-0.10151415318250656,-2.439,0.7202,199.641,0
12.6711,1.868,-0.10247326642274857,-2.415,0.7126,199.736,0
12.6724,1.824,-0.10252493619918823,-2.395,0.7065,199.769,0
12.6737,1.774,-0.1029001846909523,-2.367,0.6996,199.773,0
12.675,1.719,-0.10494893789291382,-2.319,0.692,199.818,0
12.6763,1.67,-0.10603782534599304,-2.276,0.6851,199.908,0
12.6775,1.62,-0.1066528931260109,-2.231,0.6783,199.971,0
12.6789,1.571,-0.10770650953054428,-2.179,0.6714,200.0,0
12.6802,1.516,-0.10853399336338043,-2.12,0.6638,200.1,0
12.6814,1.467,-0.10922595858573914,-2.064,0.6569,200.092,0
12.6827,1.417,-0.10849210619926453,-2.013,0.65,200.151,0
12.6841,1.368,-0.1082293689250946,-1.958,0.6432,200.225,0
12.6854,1.313,-0.10831371694803238,-1.892,0.6355,200.292,0
12.6867,1.269,-0.1079072430729866,-1.842,0.6294,200.347,0
12.688,1.214,-0.10759517550468445,-1.777,0.6218,200.403,0
12.6893,1.165,-0.10693027079105377,-1.721,0.6149,200.454,0
12.6905,1.121,-0.10626793652772903,-1.673,0.6088,200.486,0
12.6917,1.071,-0.10651524364948273,-1.614,0.602,200.547,0
12.6931,1.022,-0.10659126937389374,-1.558,0.5951,200.638,0
12.6944,0.972,-0.1058841198682785,-1.51,0.5882,200.686,0
12.6957,0.923,-0.10572350025177002,-1.462,0.5814,200.776,0
12.697,0.879,-0.10457853227853775,-1.428,0.5753,200.807,0
12.6983,0.829,-0.10405087471008301,-1.389,0.5684,200.824,0
12.6996,0.78,-0.10338632017374039,-1.357,0.5615,200.93,0
12.7009,0.731,-0.10280685871839523,-1.329,0.5547,200.959,0
12.7023,0.681,-0.10248242318630219,-1.306,0.5478,201.033,0
12.7037,0.637,-0.1014983281493187,-1.295,0.5417,201.07,0
12.705,0.588,-0.10064242035150528,-1.287,0.5348,201.127,0
12.7063,0.538,-0.09958670288324356,-1.288,0.528,201.176,0
12.7076,0.494,-0.09869187325239182,-1.295,0.5219,201.242,0
12.7088,0.45,-0.09790588915348053,-1.307,0.5157,201.278,0
12.7101,0.406,-0.09728125482797623,-1.324,0.5096,201.324,0
12.7116,0.368,-0.09553796797990799,-1.352,0.5043,201.373,0
12.7131,0.313,-0.09561516344547272,-1.385,0.4967,201.42,0
12.7143,0.264,-0.09572207927703857,-1.423,0.4898,201.493,0
12.7156,0.22,-0.09560981392860413,-1.465,0.4837,201.537,0
12.717,0.176,-0.09626641124486923,-1.509,0.4776,201.629,0
12.7183,0.132,-0.09627264738082886,-1.564,0.4715,201.667,0
12.7197,0.082,-0.09721603244543076,-1.627,0.4646,201.719,0
12.721,0.033,-0.09722724556922913,-1.704,0.4578,201.75,0
12.7222,-0.011,-0.09670470654964447,-1.782,0.4517,201.828,0
12.7235,-0.049,-0.09596015512943268,-1.857,0.4463,201.882,0
12.7247,-0.093,-0.09540292620658875,-1.945,0.4402,201.901,0
12.7261,-0.137,-0.09426315128803253,-2.043,0.4341,201.987,0
12.7274,-0.181,-0.0935165211558342,-2.144,0.428,202.002,0
12.7288,-0.22,-0.09246736019849777,-2.238,0.4227,202.091,0
12.7303,-0.269,-0.09173903614282608,-2.36,0.4158,202.128,0
12.7317,-0.319,-0.08954324573278427,-2.496,0.4089,202.182,0
12.733,-0.357,-0.0882134735584259,-2.602,0.4036,202.207,0
12.7343,-0.396,-0.08683889359235764,-2.711,0.3983,202.326,0
12.7356,-0.434,-0.08441554754972458,-2.829,0.3929,202.35,0
12.737,-0.467,-0.08304861932992935,-2.927,0.3883,202.362,0
12.7383,-0.505,-0.08138184994459152,-3.042,0.383,202.44,0
12.7396,-0.544,-0.07990320771932602,-3.158,0.3777,202.462,0
12.741,-0.582,-0.07893527299165726,-3.271,0.3723,202.518,0
12.7423,-0.615,-0.07754190266132355,-3.372,0.3677,202.545,0
12.7436,-0.654,-0.07649581134319305,-3.486,0.3624,202.615,0
12.7448,-0.687,-0.07595344632863998,-3.582,0.3578,202.66,0
12.7461,-0.72,-0.07665155082941055,-3.669,0.3532,202.692,0
12.7474,-0.753,-0.07706444710493088,-3.758,0.3487,202.724,0
12.7487,-0.791,-0.07754712551832199,-3.86,0.3433,202.749,0
12.75,-0.829,-0.07782088220119476,-3.962,0.338,202.822,0
12.7513,-0.868,-0.07814005017280579,-4.062,0.3326,202.874,0
12.7526,-0.901,-0.07747059315443039,-4.151,0.3281,202.92,0
12.754,-0.939,-0.07716666162014008,-4.25,0.3227,202.928,0
12.7556,-0.983,-0.07638091593980789,-4.362,0.3166,202.989,0
12.7569,-1.022,-0.07670639455318451,-4.451,0.3113,203.032,0
12.7581,-1.055,-0.07620670646429062,-4.528,0.3067,203.094,0
12.7594,-1.082,-0.0747554823756218,-4.597,0.3029,203.137,0
12.7606,-1.115,-0.07367491722106934,-4.673,0.2983,203.144,0
12.7621,-1.148,-0.07234564423561096,-4.747,0.2937,203.185,0
12.7634,-1.181,-0.07117540389299393,-4.816,0.2892,203.216,0
12.7646,-1.219,-0.0713089108467102,-4.884,0.2838,203.247,0
12.7659,-1.252,-0.07204961776733398,-4.935,0.2792,203.268,0
12.7672,-1.285,-0.0733068436384201,-4.978,0.2747,203.321,0
12.7684,-1.324,-0.07479037344455719,-5.024,0.2693,203.324,0
12.7697,-1.357,-0.07660471647977829,-5.055,0.2647,203.382,0
12.7709,-1.395,-0.07884161919355392,-5.086,0.2594,203.421,0
12.7722,-1.434,-0.08081647008657455,-5.113,0.2541,203.474,0
12.7734,-1.472,-0.08166833966970444,-5.14,0.2487,203.486,0
12.7747,-1.511,-0.08327064663171768,-5.156,0.2434,203.558,0
12.7761,-1.555,-0.08541591465473175,-5.166,0.2373,203.573,0
12.7773,-1.593,-0.08601735532283783,-5.175,0.2319,203.636,0
12.7787,-1.631,-0.08582844585180283,-5.182,0.2266,203.661,0
12.78,-1.675,-0.0851687416434288,-5.186,0.2205,203.692,0
12.7813,-1.714,-0.08379586040973663,-5.187,0.2151,203.75,0
12.7825,-1.752,-0.08376884460449219,-5.174,0.2098,203.787,0
12.7838,-1.791,-0.08469458669424057,-5.149,0.2045,203.823,0
12.7851,-1.829,-0.08557593077421188,-5.119,0.1991,203.855,0
12.7863,-1.873,-0.08711670339107513,-5.073,0.193,203.842,0
12.7876,-1.917,-0.08890039473772049,-5.018,0.1869,203.926,0
12.789,-1.956,-0.09043488651514053,-4.964,0.1816,203.953,0
12.7904,-2.005,-0.09147797524929047,-4.893,0.1747,203.988,0
12.7917,-2.054,-0.09354085475206375,-4.806,0.1678,204.068,0
12.7931,-2.098,-0.09364333003759384,-4.733,0.1617,204.065,0
12.7944,-2.142,-0.092328280210495,-4.662,0.1556,204.113,0
12.7957,-2.186,-0.09075645357370377,-4.587,0.1495,204.161,0
12.797,-2.225,-0.08843878656625748,-4.523,0.1442,204.157,0
12.7983,-2.263,-0.08725487440824509,-4.448,0.1389,204.204,0
12.7996,-2.302,-0.08512183278799057,-4.375,0.1335,204.222,0
12.8009,-2.335,-0.0840485468506813,-4.306,0.1289,204.242,0
12.8022,-2.373,-0.08299051225185394,-4.221,0.1236,204.319,0
12.8036,-2.411,-0.08185350894927979,-4.135,0.1183,204.363,0
12.805,-2.45,-0.08054504543542862,-4.047,0.1129,204.35,0
12.8063,-2.488,-0.08009792119264603,-3.952,0.1076,204.376,0
12.8076,-2.527,-0.0790439173579216,-3.86,0.1022,204.409,0
12.8088,-2.56,-0.07829838246107101,-3.778,0.0977,204.458,0
12.8102,-2.593,-0.07712709903717041,-3.699,0.0931,204.485,0
12.8115,-2.626,-0.07589589059352875,-3.62,0.0885,204.521,0
12.8128,-2.664,-0.07480259984731674,-3.525,0.0832,204.575,0
12.8141,-2.697,-0.07394418120384216,-3.444,0.0786,204.53,0
12.8154,-2.73,-0.0730033814907074,-3.363,0.074,204.631,0
12.8167,-2.763,-0.0731920450925827,-3.276,0.0694,204.629,0
12.8181,-2.802,-0.07358609139919281,-3.175,0.0641,204.676,0
12.8194,-2.834,-0.07432728260755539,-3.087,0.0595,204.634,0
12.8208,-2.873,-0.07482466846704483,-2.988,0.0542,204.72,0
12.8222,-2.917,-0.07579240947961807,-2.874,0.0481,204.709,0
12.8235,-2.95,-0.07513043284416199,-2.799,0.0435,204.806,0
12.8249,-2.983,-0.07460766285657883,-2.726,0.0389,204.779,0
12.8262,-3.016,-0.07342663407325745,-2.658,0.0343,204.803,0
12.8276,-3.049,-0.07200907915830612,-2.593,0.0298,204.843,0
12.8291,-3.087,-0.07044424116611481,-2.521,0.0244,204.853,0
12.8304,-3.12,-0.06824962794780731,-2.466,0.0198,204.878,0
12.8317,-3.148,-0.06731119751930237,-2.418,0.016,204.89,0
12.8331,-3.175,-0.06547818332910538,-2.376,0.0122,204.934,0
12.8344,-3.208,-0.06421072781085968,-2.324,0.0076,204.928,0
12.8358,-3.241,-0.06374029815196991,-2.269,0.0031,204.954,0
12.8371,-3.268,-0.0635824203491211,-2.225,0.9992,205.031,0
12.8384,-3.301,-0.06378737092018127,-2.172,0.9947,205.017,0
12.8397,-3.329,-0.06495731323957443,-2.125,0.9908,205.041,0
12.841,-3.362,-0.06598719209432602,-2.074,0.9863,205.062,0
12.8422,-3.395,-0.06702148169279099,-2.026,0.9817,205.073,0
12.8435,-3.428,-0.06816889345645905,-1.98,0.9771,205.07,0
12.845,-3.461,-0.06970708817243576,-1.936,0.9725,205.118,0
12.8463,-3.499,-0.07105614244937897,-1.891,0.9672,205.159,0
12.8476,-3.532,-0.07185892015695572,-1.858,0.9626,205.156,0
12.8489,-3.571,-0.07277003675699234,-1.825,0.9573,205.174,0
12.8502,-3.604,-0.07326623797416687,-1.801,0.9527,205.218,0
12.8515,-3.636,-0.07305675745010376,-1.786,0.9481,205.244,0
12.853,-3.669,-0.0730140283703804,-1.772,0.9435,205.259,0
12.8543,-3.708,-0.07236968725919724,-1.764,0.9382,205.29,0
12.8556,-3.741,-0.07180418074131012,-1.761,0.9336,205.303,0
12.8569,-3.774,-0.07094680517911911,-1.763,0.929,205.37,0
12.8583,-3.807,-0.06968186050653458,-1.77,0.9245,205.383,0
12.8596,-3.84,-0.06880366802215576,-1.778,0.9199,205.392,0
12.8608,-3.867,-0.06750726699829102,-1.79,0.9161,205.399,0
12.8623,-3.9,-0.06648080796003342,-1.804,0.9115,205.48,0
12.8636,-3.928,-0.06519480794668198,-1.82,0.9077,205.457,0
12.8648,-3.955,-0.06309013068675995,-1.843,0.9039,205.497,0
12.8661,-3.983,-0.06151164695620537,-1.864,0.9001,205.519,0
12.8674,-4.005,-0.05924339219927788,-1.888,0.897,205.536,0
12.8686,-4.026,-0.056444160640239716,-1.916,0.894,205.582,0
12.8701,-4.054,-0.0537915974855423,-1.947,0.8901,205.591,0
12.8714,-4.076,-0.051018815487623215,-1.975,0.8871,205.608,0
12.8726,-4.092,-0.04781324416399002,-2.002,0.8848,205.581,0
12.874,-4.109,-0.04492831230163574,-2.026,0.8825,205.617,0
12.8752,-4.125,-0.0426158607006073,-2.047,0.8802,205.645,0
12.8765,-4.142,-0.039826665073633194,-2.067,0.8779,205.615,0
12.8777,-4.153,-0.03706832602620125,-2.079,0.8764,205.668,0
12.8791,-4.169,-0.03469209000468254,-2.091,0.8741,205.676,0
12.8803,-4.18,-0.032761622220277786,-2.096,0.8726,205.651,0
12.8815,-4.191,-0.031207622960209846,-2.097,0.8711,205.689,0
12.8828,-4.202,-0.028730997815728188,-2.087,0.8695,205.73,0
12.8841,-4.213,-0.02670539729297161,-2.071,0.868,205.736,0
12.8854,-4.224,-0.025539129972457886,-2.061,0.8665,205.761,0
12.8866,-4.23,-0.02445979043841362,-2.044,0.8657,205.715,0
12.8879,-4.241,-0.02326573245227337,-2.025,0.8642,205.741,0
12.8891,-4.252,-0.022629592567682266,-2.017,0.8627,205.735,0
12.8904,-4.257,-0.02192096970975399,-2.001,0.8619,205.764,0
12.8917,-4.268,-0.02116852067410946,-1.985,0.8604,205.759,0
12.893,-4.279,-0.020567268133163452,-1.973,0.8589,205.735,0
12.8943,-4.285,-0.020318619906902313,-1.968,0.8581,205.788,0
12.8957,-4.296,-0.02031041868031025,-1.977,0.8566,205.784,0
12.8971,-4.307,-0.020298663526773453,-1.987,0.855,205.793,0
12.8983,-4.318,-0.020717861130833626,-2.014,0.8535,205.846,0
12.8996,-4.329,-0.020990023389458656,-2.034,0.852,205.783,0
12.9009,-4.34,-0.021404815837740898,-2.059,0.8505,205.844,0
12.9021,-4.345,-0.02135486528277397,-2.062,0.8497,205.795,0
12.9034,-4.356,-0.02160719409584999,-2.081,0.8482,205.853,0
12.9046,-4.367,-0.021854622289538383,-2.1,0.8466,205.821,0
12.9061,-4.378,-0.022263044491410255,-2.123,0.8451,205.879,0
12.9074,-4.389,-0.02294767275452614,-2.154,0.8436,205.89,0
12.9086,-4.4,-0.022861970588564873,-2.162,0.8421,205.859,0
12.9099,-4.411,-0.022674772888422012,-2.167,0.8405,205.895,0
12.9113,-4.422,-0.022649798542261124,-2.177,0.839,205.891,0
12.9127,-4.433,-0.02281997539103031,-2.193,0.8375,205.892,0
12.914,-4.444,-0.022565195336937904,-2.196,0.836,205.909,0
12.9152,-4.455,-0.02231813222169876,-2.199,0.8344,205.889,0
12.9165,-4.466,-0.022395016625523567,-2.212,0.8329,205.95,0
12.9179,-4.477,-0.022372614592313766,-2.222,0.8314,205.95,0
12.9192,-4.482,-0.0218398068100214,-2.21,0.8306,205.982,0
12.9205,-4.493,-0.021452192217111588,-2.207,0.8291,205.96,0
12.9218,-4.504,-0.021161668002605438,-2.207,0.8276,205.989,0
12.9231,-4.51,-0.020644156262278557,-2.193,0.8268,205.969,0
12.9243,-4.521,-0.02002294920384884,-2.178,0.8253,205.975,0
12.9256,-4.526,-0.019137416034936905,-2.143,0.8245,205.995,0
12.9268,-4.537,-0.018391452729701996,-2.115,0.823,205.99,0
12.9281,-4.543,-0.01770119182765484,-2.082,0.8222,205.997,0
12.9294,-4.548,-0.01684112474322319,-2.035,0.8215,205.995,0
12.9306,-4.554,-0.016199834644794464,-1.998,0.8207,206.006,0
12.9319,-4.559,-0.015510314144194126,-1.953,0.8199,206.02,0
12.9332,-4.565,-0.014247086830437183,-1.857,0.8192,206.062,0
12.9344,-4.57,-0.012930233962833881,-1.741,0.8184,206.032,0
12.9356,-4.576,-0.01134734321385622,-1.578,0.8177,206.022,0
12.9369,-4.576,-0.009713642299175262,-1.379,0.8177,206.04,0
12.9382,-4.581,-0.008127567358314991,-1.163,0.8169,206.034,0
12.9395,-4.581,-0.006499988492578268,-0.912,0.8169,206.028,0
12.9407,-4.581,-0.005052013322710991,-0.667,0.8169,206.013,0
12.9421,-4.581,-0.0036705173552036285,-0.418,0.8169,206.04,0
12.9433,-4.581,-0.002505355514585972,-0.199,0.8169,206.038,0
12.9445,-4.581,-0.0016756501281633973,-0.04,0.8169,206.031,0
12.9458,-4.581,-0.0010495450114831328,0.082,0.8169,206.047,0
12.9471,-4.581,-0.0005587249179370701,0.178,0.8169,205.994,0
12.9484,-4.576,-7.843365892767906e-05,0.275,0.8177,206.031,0
12.9496,-4.576,0.00046343973372131586,0.382,0.8177,206.063,0
12.951,-4.576,0.0009716450003907084,0.481,0.8177,206.001,0
12.9522,-4.576,0.0013324449537321925,0.551,0.8177,206.038,0
12.9536,-4.576,0.0015731416642665863,0.598,0.8177,206.03,0
12.9548,-4.576,0.001401984947733581,0.565,0.8177,206.024,0
12.9561,-4.576,0.0011981397401541471,0.525,0.8177,206.02,0
12.9574,-4.576,0.001098604523576796,0.506,0.8177,206.002,0
12.9587,-4.57,0.0011942221317440271,0.527,0.8184,206.042,0
12.9601,-4.57,0.0010490205604583025,0.499,0.8184,205.99,0
12.9615,-4.57,0.0007631473708897829,0.443,0.8184,206.047,0
12.9629,-4.57,0.00047727421042509377,0.387,0.8184,206.016,0
12.9643,-4.57,0.00029252798412926495,0.351,0.8184,206.052,0
12.9655,-4.57,0.00018026004545390606,0.329,0.8184,205.995,0
12.9668,-4.57,0.00011316864402033389,0.316,0.8184,206.021,0
12.968,-4.57,6.970614049350843e-05,0.307,0.8184,206.023,0
12.9694,-4.57,4.069033093401231e-05,0.302,0.8184,206.021,0
12.9707,-4.57,2.183617471018806e-05,0.298,0.8184,206.024,0
12.972,-4.57,1.2653957128350157e-05,0.296,0.8184,206.017,0
12.9732,-4.57,6.1651880969293416e-06,0.295,0.8184,206.031,0
12.9745,-4.57,0.00018650399579200894,0.33,0.8184,206.04,0
12.9757,-4.57,0.00022947679099161178,0.339,0.8184,206.03,0
12.977,-4.57,0.0001885853271232918,0.331,0.8184,206.037,0
12.9782,-4.57,0.00013361446326598525,0.32,0.8184,206.021,0
12.9795,-4.57,9.051924280356616e-05,0.312,0.8184,206.025,0
12.9808,-4.57,5.611652886727825e-05,0.305,0.8184,206.059,0
12.982,-4.57,3.4079210308846086e-05,0.3,0.8184,206.023,0
12.9833,-4.57,1.9999804862891324e-05,0.298,0.8184,206.002,0
12.9845,-4.57,1.204188447445631e-05,0.296,0.8184,206.061,0
12.9858,-4.57,5.797974154120311e-06,0.295,0.8184,206.042,0
12.9872,-4.57,1.39050848702027e-06,0.294,0.8184,206.022,0
12.9884,-4.57,-1.7926608961715829e-06,0.293,0.8184,206.019,0
12.9897,-4.57,0.000168996601132676,0.327,0.8184,206.054,0
12.9913,-4.57,0.00022494695440400392,0.338,0.8184,206.037,0
12.9926,-4.57,0.000173036809428595,0.328,0.8184,206.026,0
12.9938,-4.57,0.0001240649726241827,0.318,0.8184,206.042,0
12.9951,-4.57,8.084732689894736e-05,0.31,0.8184,206.016,0
12.9965,-4.57,4.926048859488219e-05,0.303,0.8184,206.023,0
12.9977,-4.57,2.8202604880789295e-05,0.299,0.8184,206.043,0
12.999,-4.57,1.7306370864389464e-05,0.297,0.8184,205.995,0
13.0002,-4.57,9.593308277544565e-06,0.296,0.8184,206.048,0
13.0016,-4.57,4.08397590945242e-06,0.295,0.8184,206.001,0
13.0031,-4.57,1.662286308601324e-07,0.294,0.8184,206.027,0
13.0045,-4.57,-3.0169410365488147e-06,0.293,0.8184,206.012,0
13.0057,-4.57,-4.7309558794950135e-06,0.293,0.8184,206.011,0
13.007,-4.57,-6.200108146003913e-06,0.293,0.8184,206.012,0
13.0083,-4.57,-7.301972345885588e-06,0.292,0.8184,206.043,0
13.0096,-4.57,-7.301972345885588e-06,0.292,0.8184,206.052,0
13.0108,-4.57,-7.301972345885588e-06,0.292,0.8184,206.017,0
13.0122,-4.57,-7.301972345885588e-06,0.292,0.8184,206.031,0
13.0135,-4.57,-7.301972345885588e-06,0.292,0.8184,205.993,0
13.0149,-4.57,0.00013679765106644481,0.321,0.8184,206.031,0
13.0163,-4.57,0.00022335538233164698,0.338,0.8184,206.015,0
13.0176,-4.57,0.00018870779604185373,0.331,0.8184,206.031,0
13.0191,-4.57,0.0001314107794314623,0.32,0.8184,206.031,0
13.0205,-4.57,8.647912909509614e-05,0.311,0.8184,206.025,0
13.0218,-4.57,4.901566353510134e-05,0.303,0.8184,206.025,0
13.0231,-4.57,2.7957779821008444e-05,0.299,0.8184,206.043,0
13.0244,-4.57,1.644939766265452e-05,0.297,0.8184,206.033,0
13.0258,-4.57,8.981192877399735e-06,0.296,0.8184,206.027,0
13.0271,-4.57,0.00011047532461816445,0.315,0.8184,205.997,0
13.0284,-4.57,0.00023021147353574634,0.339,0.8184,206.038,0
13.0299,-4.57,0.00020095081708859652,0.333,0.8184,206.031,0
13.0312,-4.57,0.00014169493806548417,0.322,0.8184,206.057,0
13.0325,-4.57,9.051935194293037e-05,0.312,0.8184,205.996,0
13.0339,-4.57,5.611664164462127e-05,0.305,0.8184,206.043,0
13.0351,-4.57,3.2610165362711996e-05,0.3,0.8184,206.042,0
13.0364,-4.57,1.926533877849579e-05,0.298,0.8184,205.993,0
13.0377,-4.57,1.1429848200350534e-05,0.296,0.8184,206.024,0
13.0391,-4.57,5.430797500594053e-06,0.295,0.8184,206.055,0
13.0403,-4.57,9.009019095174153e-07,0.294,0.8184,206.033,0
13.0416,-4.57,-2.0374084215291077e-06,0.293,0.8184,206.04,0
13.0429,-4.57,-3.873852620017715e-06,0.293,0.8184,205.986,0
13.0442,-4.57,-5.465436515805777e-06,0.293,0.8184,206.018,0
13.0455,-4.57,-7.057018137857085e-06,0.292,0.8184,206.003,0
13.0468,-4.57,-7.301876848941902e-06,0.292,0.8184,206.032,0
13.0482,-4.57,-7.301876848941902e-06,0.292,0.8184,206.01,0
13.0495,-4.57,-7.301876848941902e-06,0.292,0.8184,205.98,0
13.0507,-4.57,-7.301876848941902e-06,0.292,0.8184,206.052,0
13.0521,-4.57,-7.301876848941902e-06,0.292,0.8184,206.008,0
13.0534,-4.57,-7.301876848941902e-06,0.292,0.8184,206.014,0
13.0547,-4.57,-7.301876848941902e-06,0.292,0.8184,206.022,0
13.0561,-4.57,-7.301876848941902e-06,0.292,0.8184,206.028,0
13.0574,-4.57,-7.301876848941902e-06,0.292,0.8184,206.025,0
13.0586,-4.57,-7.301876848941902e-06,0.292,0.8184,206.044,0
13.06,-4.57,-7.301876848941902e-06,0.292,0.8184,206.047,0
13.0614,-4.57,0.00019544150563888252,0.332,0.8184,206.007,0
13.0628,-4.57,0.0002130713837686926,0.336,0.8184,206.038,0
13.0641,-4.57,0.00016397713625337929,0.326,0.8184,206.018,0
13.0654,-4.57,0.00010937355546047911,0.315,0.8184,206.056,0
13.0667,-4.57,6.970635877223685e-05,0.307,0.8184,206.006,0
13.0681,-4.57,4.1425126255489886e-05,0.302,0.8184,206.038,0
13.0694,-4.57,2.3550406694994308e-05,0.298,0.8184,206.021,0
13.0709,-4.57,1.2654174497583881e-05,0.296,0.8184,206.068,0
13.0722,-4.57,6.1654045566683635e-06,0.295,0.8184,206.006,0
13.0736,-4.57,1.6355097613995895e-06,0.294,0.8184,206.026,0
13.0751,-4.57,-2.0373781808302738e-06,0.293,0.8184,206.012,0
13.0766,-4.57,-4.118681772524724e-06,0.293,0.8184,206.041,0
13.0779,-4.57,-5.8326945691078436e-06,0.293,0.8184,206.042,0
13.0794,-4.57,-7.301846380869392e-06,0.292,0.8184,206.054,0
13.0807,-4.57,-7.301846380869392e-06,0.292,0.8184,206.032,0
13.082,-4.57,-7.301846380869392e-06,0.292,0.8184,205.997,0
13.0834,-4.57,-7.301846380869392e-06,0.292,0.8184,206.016,0
13.0849,-4.57,-7.301846380869392e-06,0.292,0.8184,206.027,0
13.0863,-4.57,-7.301846380869392e-06,0.292,0.8184,206.017,0
13.0876,-4.57,-7.301846380869392e-06,0.292,0.8184,206.008,0
13.0891,-4.57,5.207650610827841e-05,0.304,0.8184,206.028,0
13.0903,-4.57,0.0002169891813537106,0.336,0.8184,206.051,0
13.0916,-4.57,0.00020694994600489736,0.334,0.8184,205.992,0
13.0928,-4.57,0.00015981457545422018,0.325,0.8184,206.027,0
13.0941,-4.57,0.00010937359184026718,0.315,0.8184,206.004,0
13.0956,-4.57,6.970639515202492e-05,0.307,0.8184,206.042,0
13.0968,-4.57,3.971114711021073e-05,0.302,0.8184,205.994,0
13.0981,-4.57,2.257100641145371e-05,0.298,0.8184,206.05,0
13.0993,-4.57,1.387850716128014e-05,0.297,0.8184,206.078,0
13.1006,-4.57,0.00021723404643125832,0.336,0.8184,206.028,0
13.1019,-4.57,0.00022470222029369324,0.338,0.8184,206.04,0
13.1032,-4.57,0.0001730369549477473,0.328,0.8184,206.031,0
13.1044,-4.57,0.00011941279808524996,0.317,0.8184,206.037,0
13.1057,-4.57,7.95007508713752e-05,0.309,0.8184,206.035,0
13.1071,-4.57,4.803634146810509e-05,0.303,0.8184,206.018,0
13.1084,-4.57,2.575416147010401e-05,0.299,0.8184,206.024,0
13.1096,-4.57,1.4980357263993938e-05,0.297,0.8184,206.066,0
13.1111,-4.57,7.879440090619028e-06,0.295,0.8184,205.992,0
13.1125,-4.57,2.492538442311343e-06,0.294,0.8184,206.041,0
13.1138,-4.57,-1.0579196896287613e-06,0.294,0.8184,206.037,0
13.1151,-4.57,-3.3840824471553788e-06,0.293,0.8184,206.032,0
13.1166,-4.57,-5.22052641827031e-06,0.293,0.8184,206.012,0
13.118,-4.57,-6.934536941116676e-06,0.292,0.8184,206.021,0
13.1194,-4.57,-7.301825007743901e-06,0.292,0.8184,206.013,0
13.1208,-4.57,-7.301825007743901e-06,0.292,0.8184,206.047,0
13.1221,-4.57,-7.301825007743901e-06,0.292,0.8184,206.021,0
13.1234,-4.57,-7.301825007743901e-06,0.292,0.8184,205.997,0
13.1246,-4.57,-7.301825007743901e-06,0.292,0.8184,206.013,0
13.1261,-4.57,-7.301825007743901e-06,0.292,0.8184,206.041,0
13.1274,-4.57,-7.301825007743901e-06,0.292,0.8184,205.985,0
13.1287,-4.57,-7.301825007743901e-06,0.292,0.8184,206.023,0
13.13,-4.57,-7.301825007743901e-06,0.292,0.8184,206.025,0
13.1312,-4.57,-7.301825007743901e-06,0.292,0.8184,206.039,0
13.1328,-4.57,-7.301825007743901e-06,0.292,0.8184,206.008,0
13.1342,-4.57,-7.301825007743901e-06,0.292,0.8184,206.016,0
13.1355,-4.57,-7.301825007743901e-06,0.292,0.8184,206.035,0
13.1368,-4.57,-7.301825007743901e-06,0.292,0.8184,206.032,0
13.1381,-4.57,-7.301825007743901e-06,0.292,0.8184,206.014,0
13.1394,-4.57,-7.301825007743901e-06,0.292,0.8184,206.012,0
13.1407,-4.57,-7.301825007743901e-06,0.292,0.8184,206.056,0
13.1421,-4.57,-7.301825007743901e-06,0.292,0.8184,206.021,0
13.1433,-4.57,-7.301825007743901e-06,0.292,0.8184,206.029,0
13.1446,-4.57,-7.301825007743901e-06,0.292,0.8184,206.046,0
13.146,-4.57,-7.301825007743901e-06,0.292,0.8184,206.012,0
13.1473,-4.57,-7.301825007743901e-06,0.292,0.8184,206.051,0
13.1486,-4.57,-7.301825007743901e-06,0.292,0.8184,206.032,0
13.1499,-4.57,-7.301825007743901e-06,0.292,0.8184,206.011,0
13.1512,-4.57,-7.301825007743901e-06,0.292,0.8184,206.012,0
13.1525,-4.57,-7.301825007743901e-06,0.292,0.8184,206.053,0
13.1538,-4.57,-7.301825007743901e-06,0.292,0.8184,206.041,0
13.1552,-4.57,-7.301825007743901e-06,0.292,0.8184,206.014,0
13.1564,-4.57,0.0001192903655464761,0.317,0.8184,206.034,0
13.1577,-4.57,0.00022298823751043528,0.338,0.8184,206.004,0
13.1591,-4.57,0.00019642100960481912,0.332,0.8184,205.999,0
13.1603,-4.57,0.0001432866120012477,0.322,0.8184,206.023,0
13.1616,-4.57,9.590634726919234e-05,0.313,0.8184,206.019,0
13.1628,-4.57,6.223820673767477e-05,0.306,0.8184,206.038,0
13.1641,-4.57,3.640556678874418e-05,0.301,0.8184,205.977,0
13.1654,-4.57,2.0857010895269923e-05,0.298,0.8184,206.01,0
13.1668,-4.57,1.2042081834806595e-05,0.296,0.8184,206.034,0
13.1681,-4.57,5.798171969217947e-06,0.295,0.8184,206.007,0
13.1694,-4.57,1.1458472499725758e-06,0.294,0.8184,206.054,0
13.1707,-4.57,-2.0373222469061147e-06,0.293,0.8184,206.035,0
13.1721,-4.57,-3.873766672768397e-06,0.293,0.8184,206.057,0
13.1734,-4.57,-5.46535056855646e-06,0.293,0.8184,206.027,0
13.1747,-4.57,-7.056931735860417e-06,0.292,0.8184,206.027,0
13.1761,-4.57,-7.301790446945233e-06,0.292,0.8184,206.02,0
13.1774,-4.57,-7.301790446945233e-06,0.292,0.8184,206.033,0
13.1789,-4.57,-7.301790446945233e-06,0.292,0.8184,205.967,0
13.1803,-4.57,-7.301790446945233e-06,0.292,0.8184,206.031,0
13.1816,-4.57,-7.301790446945233e-06,0.292,0.8184,206.026,0
13.1829,-4.57,-7.301790446945233e-06,0.292,0.8184,206.038,0
13.1841,-4.57,-7.301790446945233e-06,0.292,0.8184,206.049,0
13.1854,-4.57,-7.301790446945233e-06,0.292,0.8184,206.002,0
13.1868,-4.57,-7.301790446945233e-06,0.292,0.8184,206.031,0
13.1881,-4.57,-7.301790446945233e-06,0.292,0.8184,206.0,0
13.1894,-4.57,-7.301790446945233e-06,0.292,0.8184,206.075,0
13.1906,-4.57,-7.301790446945233e-06,0.292,0.8184,206.0,0
13.1921,-4.57,-7.301790446945233e-06,0.292,0.8184,205.997,0
13.1933,-4.57,-7.301790446945233e-06,0.292,0.8184,206.06,0
13.1946,-4.57,-7.301790446945233e-06,0.292,0.8184,206.006,0
13.1961,-4.57,-7.301790446945233e-06,0.292,0.8184,206.007,0
13.1974,-4.57,-7.301790446945233e-06,0.292,0.8184,206.031,0
13.1987,-4.57,-7.301790446945233e-06,0.292,0.8184,206.044,0
13.2,-4.57,-7.301790446945233e-06,0.292,0.8184,205.992,0
13.2013,-4.57,-7.301790446945233e-06,0.292,0.8184,206.0,0
13.2028,-4.57,-7.301790446945233e-06,0.292,0.8184,206.026,0
13.2042,-4.57,-7.301790446945233e-06,0.292,0.8184,206.047,0
13.2055,-4.57,-7.301790446945233e-06,0.292,0.8184,206.021,0
13.2069,-4.57,-7.301790446945233e-06,0.292,0.8184,206.019,0
13.2082,-4.57,-7.301790446945233e-06,0.292,0.8184,206.001,0
13.2094,-4.57,-7.301790446945233e-06,0.292,0.8184,206.052,0
13.2107,-4.57,-7.301790446945233e-06,0.292,0.8184,206.031,0
13.2119,-4.57,-7.301790446945233e-06,0.292,0.8184,206.012,0
13.2132,-4.57,-7.301790446945233e-06,0.292,0.8184,206.033,0
13.2145,-4.57,-7.301790446945233e-06,0.292,0.8184,206.037,0
13.2158,-4.57,-7.301790446945233e-06,0.292,0.8184,206.007,0
13.2171,-4.57,-7.301790446945233e-06,0.292,0.8184,206.033,0
13.2184,-4.57,0.00016544635582249612,0.326,0.8184,206.013,0
13.2197,-4.57,0.00022274343064054847,0.337,0.8184,206.017,0
13.221,-4.57,0.00018466782057657838,0.33,0.8184,205.995,0
13.2223,-4.57,0.00013532872253563255,0.32,0.8184,206.042,0
13.2236,-4.57,8.954005170380697e-05,0.311,0.8184,206.048,0
13.2249,-4.57,5.3178453526925296e-05,0.304,0.8184,206.011,0
13.2265,-4.57,3.1875712011242285e-05,0.3,0.8184,206.046,0
13.2279,-4.57,1.571500615682453e-05,0.297,0.8184,206.009,0
13.2291,-4.57,8.491660082654562e-06,0.295,0.8184,206.008,0
13.2304,-4.57,3.2271877898892853e-06,0.294,0.8184,206.033,0
13.2316,-4.57,-7.841138938147196e-08,0.294,0.8184,206.052,0
13.233,-4.57,-2.8942922654096037e-06,0.293,0.8184,206.015,0
13.2343,-4.57,-4.485877525439719e-06,0.293,0.8184,206.011,0
13.2355,-4.57,-6.0774600569857284e-06,0.293,0.8184,206.009,0
13.237,-4.57,-7.301753157662461e-06,0.292,0.8184,206.014,0
13.2382,-4.57,-7.301753157662461e-06,0.292,0.8184,206.056,0
13.2394,-4.57,-7.301753157662461e-06,0.292,0.8184,206.016,0
13.2406,-4.57,-7.301753157662461e-06,0.292,0.8184,206.043,0
13.2421,-4.57,-7.301753157662461e-06,0.292,0.8184,206.053,0
13.2433,-4.57,-7.301753157662461e-06,0.292,0.8184,206.055,0
13.2447,-4.57,-7.301753157662461e-06,0.292,0.8184,206.032,0
13.246,-4.57,-7.301753157662461e-06,0.292,0.8184,206.003,0
13.2473,-4.57,-7.301753157662461e-06,0.292,0.8184,205.986,0
13.2486,-4.57,-7.301753157662461e-06,0.292,0.8184,206.016,0
13.2498,-4.57,-7.301753157662461e-06,0.292,0.8184,206.028,0
13.2511,-4.57,-7.301753157662461e-06,0.292,0.8184,206.036,0
13.2523,-4.57,-7.301753157662461e-06,0.292,0.8184,206.014,0
13.2536,-4.57,-7.301753157662461e-06,0.292,0.8184,206.041,0
13.2548,-4.57,2.4040222342591733e-05,0.299,0.8184,205.995,0
13.2561,-4.57,0.00020841918012592942,0.335,0.8184,206.039,0
13.2573,-4.57,0.00021576497238129377,0.336,0.8184,206.023,0
13.2585,-4.57,0.00017230247613042593,0.328,0.8184,206.022,0
13.2597,-4.57,0.00012382036948110908,0.318,0.8184,206.01,0
13.2611,-4.57,8.060272375587374e-05,0.31,0.8184,206.047,0
13.2624,-4.57,4.705701212515123e-05,0.303,0.8184,206.033,0
13.2636,-4.57,2.795800355670508e-05,0.299,0.8184,206.03,0
13.2648,-4.57,0.0002267836534883827,0.338,0.8184,206.048,0
13.2661,-4.57,0.00023106868320610374,0.339,0.8184,205.986,0
13.2673,-4.57,0.00018111740064341575,0.329,0.8184,206.018,0
13.2685,-4.57,0.0001287175400648266,0.319,0.8184,205.995,0
13.2698,-4.57,8.317372703459114e-05,0.31,0.8184,206.03,0
13.2711,-4.57,0.00015748846635688096,0.325,0.8184,206.044,0
13.2723,-4.565,0.00025751348584890366,0.347,0.8192,206.015,0
13.2735,-4.565,0.00023045654234010726,0.342,0.8192,206.011,0
13.2747,-4.565,0.00017377157928422093,0.331,0.8192,206.051,0
13.2761,-4.565,0.00012100441381335258,0.321,0.8192,206.003,0
13.2773,-4.565,7.484844536520541e-05,0.312,0.8192,206.0,0
13.2786,-4.565,4.693449955084361e-05,0.306,0.8192,206.063,0
13.2798,-4.565,2.6611191060510464e-05,0.302,0.8192,205.978,0
13.2811,-4.565,1.6327105186064728e-05,0.3,0.8192,206.054,0
13.2823,-4.565,8.981330211099703e-06,0.299,0.8192,206.009,0
13.2835,-4.565,3.961716629419243e-06,0.298,0.8192,205.994,0
13.2848,-4.565,1.6639889111047523e-07,0.297,0.8192,206.037,0
13.2861,-4.565,0.00020058362861163914,0.336,0.8192,206.036,0
13.2874,-4.565,0.00022102940420154482,0.34,0.8192,206.031,0
13.2886,-4.565,0.00017340430349577218,0.331,0.8192,206.02,0
13.2899,-4.565,0.0001244324812432751,0.321,0.8192,205.993,0
13.2911,-4.565,0.00028432553517632186,0.353,0.8192,206.024,0
13.2925,-4.565,0.00027906105970032513,0.352,0.8192,206.024,0
13.2938,-4.565,0.00021294910402502865,0.339,0.8192,206.027,0
13.2952,-4.565,0.00035055994521826506,0.366,0.8192,206.019,0
13.2965,-4.565,0.0003108927048742771,0.358,0.8192,206.015,0
13.2977,-4.565,0.00035362064954824746,0.366,0.8192,206.044,0
13.2989,-4.565,0.0003848401829600334,0.372,0.8192,206.037,0
13.3002,-4.565,0.00030440391856245697,0.357,0.8192,205.995,0
13.3014,-4.565,0.00021845835726708174,0.34,0.8192,206.053,0
13.3028,-4.565,0.0001423071516910568,0.325,0.8192,206.004,0
13.3041,-4.565,8.8193264673464e-05,0.314,0.8192,206.035,0
13.3053,-4.565,0.00023792464344296604,0.344,0.8192,206.038,0
13.3065,-4.565,0.00038900270010344684,0.373,0.8192,206.024,0
13.3079,-4.565,0.0005815844633616507,0.411,0.8192,206.072,0
13.3091,-4.565,0.0005834208568558097,0.411,0.8192,206.026,0
13.3104,-4.565,0.000657980446703732,0.426,0.8192,206.006,0
13.3116,-4.565,0.0005411825841292739,0.403,0.8192,206.005,0
13.3129,-4.565,0.0007510270224884152,0.444,0.8192,205.997,0
13.3141,-4.565,0.001002129982225597,0.493,0.8192,206.02,0
13.3153,-4.559,0.0009814394870772958,0.492,0.8199,206.031,0
13.3166,-4.559,0.0010457150638103485,0.504,0.8199,205.99,0
13.3178,-4.559,0.0013093058951199055,0.556,0.8199,206.003,0
13.3191,-4.559,0.0012891049263998866,0.552,0.8199,206.02,0
13.3204,-4.559,0.0013238746905699372,0.559,0.8199,205.985,0
13.3216,-4.559,0.0012337665539234877,0.541,0.8199,206.041,0
13.3228,-4.559,0.001411779085174203,0.576,0.8199,206.024,0
13.3241,-4.559,0.001396597595885396,0.573,0.8199,206.001,0
13.3253,-4.559,0.001473483513109386,0.588,0.8199,206.01,0
13.3266,-4.554,0.0014549967600032687,0.587,0.8207,205.996,0
13.328,-4.554,0.001466750050894916,0.589,0.8207,205.993,0
13.3292,-4.554,0.0015376366209238768,0.603,0.8207,206.017,0
13.3305,-4.554,0.0016407223884016275,0.623,0.8207,205.963,0
13.3318,-4.554,0.0018992939731106162,0.673,0.8207,206.011,0
13.3331,-4.554,0.001848852843977511,0.663,0.8207,205.979,0
13.3343,-4.548,0.001739033730700612,0.645,0.8215,205.993,0
13.3356,-4.548,0.0018925602780655026,0.674,0.8215,206.004,0
13.3368,-4.548,0.0022766219917684793,0.748,0.8215,206.006,0
13.3381,-4.548,0.002592857461422682,0.808,0.8215,206.013,0
13.3393,-4.543,0.0028957484755665064,0.868,0.8222,206.01,0
13.3405,-4.543,0.003181866370141506,0.922,0.8222,206.021,0
13.3419,-4.543,0.003222390543669462,0.929,0.8222,205.997,0
13.3431,-4.543,0.003407871350646019,0.964,0.8222,205.957,0
13.3444,-4.537,0.0035321374889463186,0.99,0.823,205.973,0
13.3457,-4.537,0.0037145575042814016,1.023,0.823,205.957,0
13.3471,-4.532,0.004033118486404419,1.084,0.8238,205.997,0
13.3483,-4.532,0.00417807511985302,1.11,0.8238,205.989,0
13.3496,-4.532,0.004212233237922192,1.116,0.8238,205.983,0
13.3508,-4.526,0.004360127728432417,1.146,0.8245,205.973,0
13.3521,-4.526,0.004597886465489864,1.188,0.8245,206.0,0
13.3534,-4.521,0.005062384530901909,1.272,0.8253,205.947,0
13.3546,-4.521,0.005277983378618956,1.309,0.8253,205.959,0
13.3558,-4.515,0.00545673118904233,1.342,0.826,205.96,0
13.3573,-4.515,0.0057816593907773495,1.397,0.826,205.97,0
13.3586,-4.51,0.0061980425380170345,1.469,0.8268,205.96,0
13.3599,-4.51,0.006180780008435249,1.466,0.8268,205.962,0
13.3613,-4.504,0.006333082914352417,1.494,0.8276,205.945,0
13.3625,-4.499,0.006879118736833334,1.584,0.8283,205.927,0
13.3639,-4.499,0.007348514627665281,1.656,0.8283,205.938,0
13.3651,-4.493,0.007438867352902889,1.673,0.8291,205.991,0
13.3664,-4.488,0.007173072546720505,1.635,0.8299,205.912,0
13.3676,-4.488,0.007408504839986563,1.671,0.8299,205.945,0
13.3688,-4.482,0.00749959284439683,1.687,0.8306,205.929,0
13.3701,-4.477,0.007916465401649475,1.752,0.8314,205.914,0
13.3713,-4.477,0.008148102089762688,1.786,0.8314,205.955,0
13.3725,-4.471,0.00852261483669281,1.842,0.8322,205.912,0
13.3738,-4.466,0.008946220390498638,1.903,0.8329,205.89,0
13.3751,-4.46,0.009306531399488449,1.954,0.8337,205.919,0
13.3764,-4.455,0.009508785791695118,1.983,0.8344,205.929,0
13.3778,-4.455,0.009854037314653397,2.028,0.8344,205.935,0
13.3791,-4.444,0.01054784469306469,2.119,0.836,205.884,0
13.3803,-4.438,0.011308501474559307,2.209,0.8367,205.922,0
13.3815,-4.433,0.012087400071322918,2.296,0.8375,205.916,0
13.3829,-4.427,0.012729420326650143,2.364,0.8383,205.873,0
13.3842,-4.422,0.013433392159640789,2.433,0.839,205.858,0
13.3854,-4.411,0.014357981272041798,2.518,0.8405,205.88,0
13.3867,-4.406,0.015281712636351585,2.594,0.8413,205.858,0
13.3879,-4.395,0.01622246392071247,2.665,0.8428,205.886,0
13.3892,-4.389,0.017280133441090584,2.735,0.8436,205.825,0
13.3905,-4.378,0.018675094470381737,2.816,0.8451,205.85,0
13.3917,-4.367,0.020013250410556793,2.883,0.8466,205.837,0
13.393,-4.356,0.02147836796939373,2.944,0.8482,205.8,0
13.3944,-4.34,0.02315075509250164,3.003,0.8505,205.799,0
13.3957,-4.329,0.024870039895176888,3.049,0.852,205.771,0
13.397,-4.312,0.025953788310289383,3.078,0.8543,205.78,0
13.3983,-4.301,0.027406293898820877,3.106,0.8558,205.772,0
13.3996,-4.285,0.029625331982970238,3.139,0.8581,205.749,0
13.401,-4.263,0.03179037570953369,3.166,0.8611,205.707,0
13.4024,-4.246,0.03283298388123512,3.181,0.8634,205.684,0
13.4039,-4.224,0.035506971180438995,3.2,0.8665,205.683,0
13.4051,-4.202,0.03850661590695381,3.213,0.8695,205.658,0
13.4063,-4.18,0.0406748428940773,3.224,0.8726,205.662,0
13.4076,-4.158,0.044063933193683624,3.229,0.8756,205.607,0
13.409,-4.131,0.04757669195532799,3.235,0.8795,205.589,0
13.4102,-4.103,0.05175460875034332,3.236,0.8833,205.531,0
13.4115,-4.07,0.056530579924583435,3.237,0.8878,205.552,0
13.4127,-4.043,0.06041392683982849,3.239,0.8917,205.51,0
13.4141,-4.005,0.06459685415029526,3.25,0.897,205.462,0
13.4155,-3.966,0.0689517930150032,3.261,0.9023,205.448,0
13.4168,-3.928,0.0729627013206482,3.276,0.9077,205.377,0
13.4181,-3.889,0.07630710303783417,3.296,0.913,205.364,0
13.4194,-3.845,0.0794806033372879,3.325,0.9191,205.326,0
13.4208,-3.807,0.0804426521062851,3.363,0.9245,205.283,0
13.4221,-3.763,0.08277470618486404,3.4,0.9306,205.257,0
13.4235,-3.719,0.08349311351776123,3.449,0.9367,205.212,0
13.4247,-3.68,0.08480028808116913,3.488,0.942,205.192,0
13.426,-3.642,0.08579332381486893,3.53,0.9474,205.13,0
13.4276,-3.593,0.08662094920873642,3.587,0.9542,205.124,0
13.4289,-3.543,0.08836433291435242,3.64,0.9611,205.063,0
13.4303,-3.499,0.09068560600280762,3.682,0.9672,205.055,0
13.4316,-3.455,0.09112022072076797,3.735,0.9733,204.967,0
13.4329,-3.411,0.09199534356594086,3.786,0.9794,204.964,0
13.4342,-3.367,0.09163369983434677,3.843,0.9855,204.924,0
13.4355,-3.329,0.09059427678585052,3.896,0.9908,204.903,0
13.4369,-3.29,0.08906378597021103,3.952,0.9962,204.892,0
13.4381,-3.246,0.08658763766288757,4.018,0.0023,204.861,0
13.4393,-3.208,0.08566366881132126,4.068,0.0076,204.878,0
13.4406,-3.175,0.0857255756855011,4.103,0.0122,204.817,0
13.4419,-3.137,0.08514799177646637,4.147,0.0175,204.81,0
13.4431,-3.098,0.0855317935347557,4.183,0.0229,204.793,0
13.4445,-3.06,0.0856403112411499,4.219,0.0282,204.739,0
13.4459,-3.01,0.08745313435792923,4.252,0.0351,204.727,0
13.4472,-2.966,0.08887820690870285,4.278,0.0412,204.675,0
13.4484,-2.922,0.0900970995426178,4.302,0.0473,204.691,0
13.4496,-2.884,0.09171872586011887,4.317,0.0526,204.621,0
13.4509,-2.84,0.09217538684606552,4.338,0.0587,204.585,0
13.4521,-2.796,0.09317607432603836,4.352,0.0648,204.562,0
13.4534,-2.752,0.09303747862577438,4.368,0.071,204.546,0
13.4546,-2.714,0.09323353320360184,4.376,0.0763,204.504,0
13.4559,-2.675,0.0923614650964737,4.387,0.0816,204.474,0
13.4571,-2.631,0.09175556898117065,4.393,0.0877,204.435,0
13.4584,-2.593,0.09123881161212921,4.394,0.0931,204.421,0
13.4596,-2.554,0.09028905630111694,4.393,0.0984,204.412,0
13.461,-2.51,0.08998788893222809,4.383,0.1045,204.346,0
13.4623,-2.466,0.08993706852197647,4.366,0.1106,204.337,0
13.4636,-2.422,0.09132345765829086,4.336,0.1167,204.29,0
13.4649,-2.379,0.09254242479801178,4.301,0.1228,204.238,0
13.4661,-2.335,0.09285920113325119,4.266,0.1289,204.19,0
13.4676,-2.285,0.09256894886493683,4.225,0.1358,204.19,0
13.469,-2.241,0.09259741753339767,4.181,0.1419,204.172,0
13.4703,-2.197,0.09206019341945648,4.135,0.148,204.091,0
13.4717,-2.153,0.09168952703475952,4.084,0.1541,204.086,0
13.4729,-2.109,0.09154017269611359,4.026,0.1602,204.028,0
13.4742,-2.071,0.09197964519262314,3.969,0.1656,203.973,0
13.4754,-2.027,0.09298760443925858,3.896,0.1717,203.942,0
13.4767,-1.983,0.0937974750995636,3.82,0.1778,203.899,0
13.478,-1.939,0.09496160596609116,3.739,0.1839,203.89,0
13.4793,-1.895,0.09535149484872818,3.658,0.19,203.83,0
13.4806,-1.851,0.09627451002597809,3.57,0.1961,203.823,0
13.4819,-1.802,0.09685623645782471,3.471,0.2029,203.783,0
13.4831,-1.758,0.09620514512062073,3.386,0.209,203.739,0
13.4844,-1.719,0.0952446237206459,3.313,0.2144,203.713,0
13.4857,-1.675,0.09476937353610992,3.223,0.2205,203.671,0
13.487,-1.631,0.09378539025783539,3.134,0.2266,203.641,0
13.4883,-1.593,0.09217201173305511,3.06,0.2319,203.577,0
13.4895,-1.549,0.0908643901348114,2.971,0.238,203.553,0
13.4908,-1.511,0.08939426392316818,2.894,0.2434,203.508,0
13.4921,-1.472,0.08875158429145813,2.812,0.2487,203.443,0
13.4934,-1.434,0.08812707662582397,2.73,0.2541,203.47,0
13.4947,-1.39,0.08801420032978058,2.632,0.2602,203.395,0
13.4959,-1.351,0.08770390599966049,2.548,0.2655,203.375,0
13.4972,-1.313,0.08793283998966217,2.462,0.2708,203.35,0
13.4985,-1.274,0.08742727339267731,2.381,0.2762,203.262,0
13.4997,-1.236,0.08653458207845688,2.304,0.2815,203.247,0
13.5011,-1.198,0.08512339740991592,2.231,0.2869,203.224,0
13.5023,-1.159,0.08383463323116302,2.159,0.2922,203.16,0
13.5036,-1.121,0.08268074691295624,2.087,0.2975,203.152,0
13.5048,-1.088,0.08163012564182281,2.028,0.3021,203.098,0
13.5061,-1.055,0.08032047748565674,1.973,0.3067,203.068,0
13.5074,-1.022,0.0789577066898346,1.919,0.3113,203.091,0
13.5086,-0.983,0.07892550528049469,1.849,0.3166,202.989,0
13.5099,-0.95,0.07914404571056366,1.79,0.3212,202.966,0
13.5112,-0.912,0.07864055037498474,1.729,0.3265,202.946,0
13.5126,-0.873,0.07907149940729141,1.665,0.3319,202.849,0
13.5139,-0.835,0.07941827923059464,1.605,0.3372,202.849,0
13.5153,-0.791,0.08067502826452255,1.535,0.3433,202.819,0
13.5165,-0.758,0.08015397936105728,1.494,0.3479,202.759,0
13.5178,-0.72,0.08038077503442764,1.445,0.3532,202.714,0
13.5191,-0.681,0.08084122836589813,1.398,0.3586,202.69,0
13.5204,-0.643,0.0807856097817421,1.358,0.3639,202.653,0
13.5217,-0.61,0.07967150211334229,1.333,0.3685,202.562,0
13.523,-0.571,0.07852618396282196,1.307,0.3738,202.548,0
13.5243,-0.538,0.07778077572584152,1.287,0.3784,202.541,0
13.5255,-0.505,0.076781265437603,1.27,0.383,202.475,0
13.5268,-0.467,0.07652575522661209,1.25,0.3883,202.415,0
13.5281,-0.434,0.07654552906751633,1.234,0.3929,202.375,0
13.5293,-0.401,0.07737448811531067,1.216,0.3975,202.33,0
13.5305,-0.363,0.07879968732595444,1.197,0.4028,202.345,0
13.5319,-0.324,0.0791701078414917,1.187,0.4082,202.275,0
13.5332,-0.286,0.081095390021801,1.173,0.4135,202.189,0
13.5344,-0.247,0.0824228823184967,1.165,0.4189,202.182,0
13.5356,-0.203,0.08422702550888062,1.16,0.425,202.118,0
13.5369,-0.165,0.08576275408267975,1.16,0.4303,202.056,0
13.5382,-0.126,0.086588054895401,1.167,0.4356,201.987,0
13.5395,-0.088,0.08697394281625748,1.181,0.441,201.96,0
13.5408,-0.044,0.08797065168619156,1.197,0.4471,201.9,0
13.5422,0.0,0.08811389654874802,1.222,0.4532,201.855,0
13.5434,0.044,0.08826614916324615,1.252,0.4593,201.784,0
13.5447,0.082,0.08796416223049164,1.283,0.4646,201.768,0
13.5461,0.126,0.08905237168073654,1.314,0.4707,201.725,0
13.5474,0.17,0.09051644057035446,1.346,0.4768,201.664,0
13.5487,0.214,0.09215021878480911,1.38,0.4829,201.59,0
13.55,0.258,0.09294545650482178,1.421,0.489,201.523,0
13.5513,0.302,0.093292236328125,1.468,0.4951,201.456,0
13.5526,0.346,0.09306732565164566,1.52,0.5013,201.463,0
13.554,0.396,0.09225703030824661,1.584,0.5081,201.377,0
13.5553,0.439,0.0921245589852333,1.639,0.5142,201.344,0
13.5566,0.478,0.09227613359689713,1.687,0.5196,201.301,0
13.558,0.527,0.09194439649581909,1.752,0.5264,201.274,0
13.5593,0.571,0.09220631420612335,1.808,0.5325,201.203,0
13.5608,0.615,0.09356939047574997,1.857,0.5386,201.137,0
13.5622,0.665,0.09494863450527191,1.913,0.5455,201.033,0
13.5635,0.72,0.09679625928401947,1.973,0.5531,201.091,0
13.5648,0.764,0.09839873760938644,2.02,0.5592,200.981,0
13.5662,0.813,0.09957273304462433,2.075,0.5661,200.944,0
13.5674,0.862,0.0999029204249382,2.133,0.573,200.864,0
13.5687,0.906,0.10088891535997391,2.18,0.5791,200.788,0
13.57,0.956,0.10107102990150452,2.235,0.5859,200.759,0
13.5713,1.005,0.10179844498634338,2.286,0.5928,200.69,0
13.5725,1.049,0.10266745090484619,2.326,0.5989,200.646,0
13.5738,1.099,0.1044817864894867,2.365,0.6058,200.591,0
13.5751,1.154,0.10618906468153,2.406,0.6134,200.528,0
13.5764,1.203,0.1076914444565773,2.44,0.6203,200.507,0
13.5777,1.258,0.10921943187713623,2.474,0.6279,200.41,0
13.579,1.313,0.1107223778963089,2.504,0.6355,200.345,0
13.5803,1.362,0.11132325232028961,2.532,0.6424,200.296,0
13.5816,1.417,0.11221294850111008,2.558,0.65,200.238,0
13.5829,1.467,0.11269066482782364,2.58,0.6569,200.179,0
13.5841,1.522,0.11222493648529053,2.606,0.6645,200.11,0
13.5854,1.571,0.1134856566786766,2.616,0.6714,200.052,0
13.5866,1.626,0.1144568920135498,2.626,0.679,199.962,0
13.5881,1.681,0.11576353758573532,2.63,0.6866,199.884,0
13.5897,1.752,0.11771193891763687,2.629,0.6966,199.808,0
13.591,1.813,0.11861928552389145,2.629,0.705,199.79,0
13.5923,1.868,0.11900310218334198,2.628,0.7126,199.712,0
13.5935,1.923,0.11953732371330261,2.624,0.7202,199.666,0
13.5949,1.978,0.11936355382204056,2.623,0.7278,199.598,0
13.5962,2.032,0.11900494247674942,2.621,0.7355,199.538,0
13.5974,2.087,0.11928500235080719,2.615,0.7431,199.466,0
13.5986,2.142,0.11931725591421127,2.609,0.7507,199.4,0
13.5999,2.192,0.11868538707494736,2.608,0.7576,199.383,0
13.6011,2.247,0.11873473972082138,2.603,0.7652,199.319,0
13.6024,2.302,0.11937431991100311,2.594,0.7729,199.255,0
13.6037,2.357,0.11929185688495636,2.592,0.7805,199.191,0
13.605,2.411,0.11878164112567902,2.593,0.7881,199.128,0
13.6062,2.461,0.11786077171564102,2.599,0.795,199.067,0
13.6075,2.516,0.11778657883405685,2.602,0.8026,199.076,0
13.6088,2.571,0.11707372218370438,2.612,0.8102,198.976,0
13.6101,2.626,0.11720014363527298,2.619,0.8179,198.888,0
13.6114,2.681,0.11807695776224136,2.626,0.8255,198.889,0
13.6126,2.736,0.11779163032770157,2.643,0.8331,198.837,0
13.6138,2.785,0.11780759692192078,2.66,0.84,198.754,0
13.6151,2.84,0.11876469105482101,2.677,0.8476,198.741,0
13.6163,2.895,0.11853539198637009,2.706,0.8553,198.656,0
13.6176,2.944,0.11812067776918411,2.736,0.8621,198.656,0
13.6188,2.999,0.1172640472650528,2.776,0.8698,198.568,0
13.6201,3.049,0.11622101813554764,2.818,0.8766,198.544,0
13.6214,3.098,0.11543924361467361,2.861,0.8835,198.486,0
13.6227,3.153,0.11493349820375443,2.91,0.8911,198.424,0
13.6241,3.203,0.1145474910736084,2.958,0.898,198.388,0
13.6253,3.263,0.11423303931951523,3.019,0.9064,198.298,0
13.6266,3.312,0.11416856199502945,3.071,0.9132,198.311,0
13.6282,3.373,0.11486561596393585,3.133,0.9216,198.235,0
13.6295,3.433,0.1158105731010437,3.197,0.93,198.177,0
13.6308,3.488,0.1170041412115097,3.256,0.9377,198.153,0
13.6321,3.543,0.11863435804843903,3.314,0.9453,198.068,0
13.6334,3.604,0.11930790543556213,3.386,0.9537,198.051,0
13.6347,3.664,0.12145012617111206,3.45,0.9621,197.956,0
13.636,3.719,0.12279899418354034,3.512,0.9697,197.955,0
13.6373,3.779,0.12378816306591034,3.583,0.9781,197.896,0
13.6385,3.834,0.12441572546958923,3.648,0.9857,197.856,0
13.6397,3.889,0.12506508827209473,3.712,0.9933,197.813,0
13.641,3.95,0.12472536414861679,3.785,0.0017,197.795,0
13.6423,4.005,0.12341567873954773,3.855,0.0094,197.755,0
13.6435,4.059,0.12273209542036057,3.918,0.017,197.75,0
13.6449,4.114,0.12260136008262634,3.973,0.0246,197.652,0
13.6461,4.175,0.12278200685977936,4.027,0.033,197.616,0
13.6474,4.23,0.12317869812250137,4.069,0.0406,197.576,0
13.6486,4.285,0.12347802519798279,4.107,0.0483,197.527,0
13.6499,4.345,0.12468016147613525,4.135,0.0567,197.528,0
13.6512,4.4,0.12466790527105331,4.161,0.0643,197.487,0
13.6525,4.455,0.12399601936340332,4.184,0.0719,197.423,0
13.6537,4.51,0.12333182245492935,4.199,0.0796,197.342,0
13.6549,4.565,0.12243857234716415,4.209,0.0872,197.363,0
13.6562,4.614,0.12257085740566254,4.205,0.0941,197.312,0
13.6574,4.675,0.12297443300485611,4.19,0.1024,197.256,0
13.6587,4.73,0.12316162884235382,4.169,0.1101,197.219,0
13.6601,4.785,0.12323606014251709,4.14,0.1177,197.183,0
13.6613,4.845,0.12256019562482834,4.104,0.1261,197.095,0
13.6626,4.9,0.12182751297950745,4.063,0.1337,197.128,0
13.6638,4.949,0.11956404149532318,4.029,0.1406,197.037,0
13.6651,4.999,0.11816135793924332,3.983,0.1475,197.006,0
13.6664,5.054,0.11675532162189484,3.925,0.1551,197.01,0
13.6676,5.103,0.11582466959953308,3.863,0.162,196.928,0
13.669,5.158,0.11465618759393692,3.789,0.1696,196.86,0
13.6703,5.213,0.11454293876886368,3.703,0.1772,196.837,0
13.6716,5.262,0.11461450904607773,3.618,0.1841,196.759,0
13.6729,5.323,0.11600948125123978,3.501,0.1925,196.741,0
13.6741,5.372,0.11634732782840729,3.405,0.1993,196.695,0
13.6754,5.427,0.11623941361904144,3.296,0.207,196.664,0
13.6766,5.477,0.1150292456150055,3.202,0.2138,196.644,0
13.6782,5.537,0.1136603057384491,3.083,0.2222,196.536,0
13.6795,5.592,0.11297484487295151,2.968,0.2299,196.526,0
13.6807,5.636,0.11177460104227066,2.879,0.236,196.493,0
13.6821,5.685,0.10997508466243744,2.78,0.2428,196.452,0
13.6833,5.74,0.10905399173498154,2.662,0.2505,196.354,0
13.6846,5.784,0.10810693353414536,2.57,0.2566,196.33,0
13.6858,5.834,0.1078517809510231,2.461,0.2634,196.294,0
13.6872,5.883,0.10796865075826645,2.351,0.2703,196.238,0
13.6884,5.933,0.1067613735795021,2.25,0.2772,196.243,0
13.6897,5.977,0.10572391003370285,2.162,0.2833,196.187,0
13.691,6.026,0.10434236377477646,2.067,0.2901,196.102,0
13.6922,6.07,0.10249662399291992,1.988,0.2962,196.066,0
13.6935,6.114,0.10092299431562424,1.91,0.3023,196.051,0
13.6948,6.152,0.09800159186124802,1.853,0.3077,196.006,0
13.6961,6.196,0.09609188884496689,1.783,0.3138,195.958,0
13.6974,6.24,0.09478936344385147,1.713,0.3199,195.892,0
13.6986,6.284,0.09433396905660629,1.641,0.326,195.856,0
13.7001,6.328,0.09319909662008286,1.578,0.3321,195.833,0
13.7013,6.372,0.09293539077043533,1.513,0.3382,195.778,0
13.7026,6.411,0.09331656247377396,1.457,0.3435,195.675,0
13.704,6.454,0.09273233264684677,1.403,0.3496,195.694,0
13.7054,6.504,0.09310207515954971,1.341,0.3565,195.642,0
13.7067,6.548,0.09317275881767273,1.293,0.3626,195.602,0
13.708,6.592,0.0927220955491066,1.254,0.3687,195.536,0
13.7092,6.63,0.09251046925783157,1.222,0.3741,195.501,0
13.7105,6.674,0.09203789383172989,1.192,0.3802,195.441,0
13.7119,6.718,0.09111166000366211,1.171,0.3863,195.325,0
13.7132,6.762,0.09095741808414459,1.15,0.3924,195.327,0
13.7144,6.801,0.09070765972137451,1.136,0.3977,195.291,0
13.7157,6.844,0.09078577905893326,1.123,0.4038,195.248,0
13.7171,6.883,0.09118146449327469,1.115,0.4091,195.187,0
13.7183,6.927,0.09093373268842697,1.114,0.4153,195.103,0
13.7196,6.971,0.0906539037823677,1.118,0.4214,195.097,0
13.721,7.015,0.09059948474168777,1.125,0.4275,195.039,0
13.7222,7.053,0.09058527648448944,1.136,0.4328,194.964,0
13.7234,7.097,0.09127960354089737,1.148,0.4389,194.942,0
13.7247,7.136,0.0916115865111351,1.164,0.4442,194.876,0
13.7261,7.18,0.09245458245277405,1.184,0.4503,194.853,0
13.7273,7.229,0.09245120733976364,1.216,0.4572,194.79,0
13.7286,7.267,0.09349045902490616,1.238,0.4626,194.713,0
13.7299,7.317,0.09462421387434006,1.272,0.4694,194.687,0
13.7312,7.361,0.09627335518598557,1.302,0.4755,194.609,0
13.7328,7.405,0.09733535349369049,1.339,0.4816,194.549,0
13.7342,7.471,0.09979649633169174,1.394,0.4908,194.461,0
13.7354,7.52,0.10013887286186218,1.447,0.4977,194.451,0
13.7368,7.564,0.10064811259508133,1.496,0.5038,194.37,0
13.7384,7.625,0.10052470862865448,1.57,0.5121,194.303,0
13.7397,7.674,0.10084230452775955,1.631,0.519,194.276,0
13.741,7.718,0.10062696039676666,1.688,0.5251,194.201,0
13.7423,7.762,0.1002834290266037,1.747,0.5312,194.155,0
13.7436,7.811,0.10048605501651764,1.81,0.5381,194.12,0
13.7452,7.861,0.10142840445041656,1.869,0.545,194.043,0
13.7465,7.916,0.10264988988637924,1.933,0.5526,193.978,0
13.748,7.976,0.10378333926200867,2.003,0.561,193.942,0
13.7494,8.031,0.1046476736664772,2.067,0.5686,193.827,0
13.7509,8.086,0.10518305748701096,2.13,0.5762,193.782,0
13.7524,8.135,0.1048600971698761,2.19,0.5831,193.714,0
13.754,8.196,0.10459553450345993,2.259,0.5915,193.641,0
13.7555,8.251,0.10531040281057358,2.312,0.5991,193.596,0
13.7567,8.311,0.10698696970939636,2.362,0.6075,193.525,0
13.7582,8.361,0.10799495130777359,2.401,0.6144,193.447,0
13.7596,8.421,0.10978146642446518,2.442,0.6228,193.414,0
13.7609,8.481,0.11133766919374466,2.479,0.6312,193.338,0
13.7625,8.536,0.11276507377624512,2.508,0.6388,193.273,0
13.7639,8.608,0.11406256258487701,2.542,0.6487,193.212,0
13.7651,8.657,0.11505304276943207,2.561,0.6556,193.111,0
13.7664,8.707,0.11500173062086105,2.584,0.6624,193.066,0
13.7676,8.762,0.1150709018111229,2.603,0.6701,192.995,0
13.769,8.822,0.11623042821884155,2.614,0.6785,192.897,0
13.7704,8.877,0.11784061789512634,2.617,0.6861,192.864,0
13.7716,8.937,0.11927537620067596,2.618,0.6945,192.774,0
13.773,8.992,0.11968319863080978,2.621,0.7021,192.742,0
13.7742,9.047,0.12054520100355148,2.618,0.7097,192.688,0
13.7754,9.102,0.12068477272987366,2.618,0.7174,192.597,0
13.7768,9.157,0.12033133208751678,2.618,0.725,192.533,0
13.7781,9.212,0.12061194330453873,2.613,0.7326,192.465,0
13.7793,9.272,0.12087345868349075,2.607,0.741,192.404,0
13.7806,9.327,0.1219148337841034,2.595,0.7487,192.382,0
13.7819,9.382,0.12221162766218185,2.588,0.7563,192.299,0
13.7832,9.443,0.1224830374121666,2.581,0.7647,192.265,0
13.7844,9.498,0.12375631183385849,2.568,0.7723,192.174,0
13.7857,9.553,0.12315308302640915,2.569,0.7799,192.121,0
13.7871,9.608,0.12234809249639511,2.572,0.7876,192.083,0
13.7885,9.679,0.1212352067232132,2.579,0.7975,192.024,0
13.7898,9.734,0.12045019119977951,2.588,0.8051,191.93,0
13.7911,9.783,0.11965160071849823,2.598,0.812,191.898,0
13.7924,9.838,0.11962662637233734,2.607,0.8196,191.849,0
13.7937,9.893,0.1191767007112503,2.623,0.8272,191.779,0
13.795,9.948,0.11929496377706528,2.638,0.8349,191.737,0
13.7963,10.009,0.11939290910959244,2.66,0.8433,191.673,0
13.7976,10.063,0.11981284618377686,2.682,0.8509,191.627,0
13.7989,10.118,0.11968808621168137,2.712,0.8585,191.587,0
13.8001,10.173,0.11944631487131119,2.746,0.8661,191.519,0
13.8014,10.228,0.11966558545827866,2.782,0.8738,191.489,0
13.8027,10.283,0.12005084753036499,2.821,0.8814,191.403,0
13.804,10.338,0.12053198367357254,2.864,0.889,191.344,0
13.8053,10.399,0.12071403115987778,2.917,0.8974,191.328,0
13.8066,10.453,0.12089021503925323,2.97,0.9051,191.257,0
13.8078,10.508,0.12020240724086761,3.031,0.9127,191.221,0
13.8091,10.558,0.11941002309322357,3.089,0.9196,191.146,0
13.8104,10.613,0.11804860830307007,3.16,0.9272,191.113,0
13.8116,10.668,0.11768229305744171,3.227,0.9348,191.076,0
13.8129,10.723,0.11785579472780228,3.293,0.9424,191.005,0
13.8141,10.772,0.11920385807752609,3.347,0.9493,190.955,0
13.8154,10.827,0.1209426000714302,3.406,0.9569,190.927,0
13.8166,10.882,0.12187708914279938,3.471,0.9646,190.826,0
13.8181,10.948,0.12467154115438461,3.538,0.9737,190.832,0
13.8194,11.014,0.12665989995002747,3.609,0.9829,190.783,0
13.8207,11.074,0.12839682400226593,3.673,0.9913,190.694,0
13.822,11.135,0.12870222330093384,3.744,0.9997,190.682,0
13.8233,11.195,0.12922769784927368,3.81,0.0081,190.596,0
13.8246,11.255,0.12951931357383728,3.873,0.0164,190.621,0
13.8259,11.316,0.1299845427274704,3.93,0.0248,190.563,0
13.8271,11.382,0.13140851259231567,3.981,0.034,190.515,0
13.8287,11.453,0.13295748829841614,4.028,0.0439,190.433,0
13.83,11.519,0.1339421421289444,4.065,0.0531,190.419,0
13.8313,11.58,0.13393092155456543,4.097,0.0615,190.372,0
13.8325,11.64,0.13245724141597748,4.129,0.0699,190.313,0
13.8338,11.695,0.1309344619512558,4.151,0.0775,190.291,0
13.8351,11.755,0.1300031989812851,4.163,0.0859,190.237,0
13.8364,11.816,0.12888552248477936,4.167,0.0943,190.18,0
13.8376,11.876,0.12879841029644012,4.154,0.1027,190.174,0
13.8388,11.931,0.12917709350585938,4.132,0.1103,190.097,0
13.8401,11.992,0.13033312559127808,4.093,0.1187,190.095,0
13.8413,12.047,0.13130846619606018,4.05,0.1263,190.036,0
13.8426,12.107,0.1312577724456787,4.0,0.1347,189.965,0
13.8439,12.162,0.12949132919311523,3.956,0.1423,189.902,0
13.8451,12.222,0.12789104878902435,3.897,0.1507,189.885,0
13.8464,12.272,0.12525953352451324,3.85,0.1576,189.84,0
13.8477,12.327,0.12317146360874176,3.785,0.1652,189.819,0
13.8491,12.382,0.12162958830595016,3.711,0.1729,189.76,0
13.8503,12.442,0.12030519545078278,3.619,0.1812,189.709,0
13.8516,12.497,0.1207791119813919,3.52,0.1889,189.652,0
13.8529,12.552,0.12131296843290329,3.414,0.1965,189.616,0
13.8543,12.607,0.12127850949764252,3.307,0.2041,189.553,0
13.8555,12.667,0.12134473770856857,3.184,0.2125,189.513,0
13.8568,12.722,0.1206129789352417,3.073,0.2202,189.477,0
13.8581,12.777,0.11975427716970444,2.96,0.2278,189.413,0
13.8593,12.827,0.11812283843755722,2.861,0.2346,189.387,0
13.8606,12.876,0.11697646230459213,2.759,0.2415,189.336,0
13.8619,12.931,0.11614400893449783,2.641,0.2491,189.272,0
13.8632,12.986,0.11552708595991135,2.522,0.2568,189.26,0
13.8644,13.035,0.11535800993442535,2.412,0.2636,189.255,0
13.8656,13.085,0.11568286269903183,2.301,0.2705,189.158,0
13.8668,13.14,0.11615610122680664,2.179,0.2781,189.135,0
13.8681,13.189,0.11510242521762848,2.079,0.285,189.066,0
13.8694,13.239,0.11397060751914978,1.983,0.2919,189.018,0
13.8706,13.288,0.11188514530658722,1.895,0.2987,188.984,0
13.872,13.337,0.1096525713801384,1.812,0.3056,188.912,0
13.8733,13.387,0.10694435983896255,1.735,0.3125,188.868,0
13.8745,13.425,0.1047615110874176,1.679,0.3178,188.827,0
13.8757,13.469,0.10292138904333115,1.615,0.3239,188.824,0
13.8771,13.513,0.10140662640333176,1.552,0.33,188.795,0
13.8784,13.563,0.10020389407873154,1.484,0.3369,188.658,0
13.8796,13.607,0.10016710311174393,1.421,0.343,188.698,0
13.8808,13.651,0.09992627799510956,1.364,0.3491,188.605,0
13.8821,13.694,0.0997515544295311,1.312,0.3552,188.552,0
13.8833,13.738,0.10013090074062347,1.261,0.3613,188.536,0
13.8846,13.782,0.09962766617536545,1.221,0.3674,188.446,0
13.8859,13.832,0.09871324151754379,1.184,0.3743,188.441,0
13.8873,13.881,0.09820239990949631,1.151,0.3811,188.366,0
13.8888,13.931,0.09777683019638062,1.124,0.388,188.339,0
13.8901,13.975,0.0980820506811142,1.101,0.3941,188.276,0
13.8914,14.024,0.09952034801244736,1.076,0.401,188.194,0
13.8928,14.073,0.10057862848043442,1.059,0.4078,188.168,0
13.8941,14.123,0.10114627331495285,1.052,0.4147,188.088,0
13.8955,14.172,0.10157926380634308,1.052,0.4216,188.047,0
13.8967,14.222,0.10097170621156693,1.065,0.4284,187.943,0
13.898,14.266,0.10052061825990677,1.081,0.4345,187.918,0
13.8992,14.31,0.09970709681510925,1.103,0.4406,187.879,0
13.9005,14.354,0.09888406842947006,1.13,0.4467,187.849,0
13.9017,14.398,0.09842405468225479,1.159,0.4529,187.762,0
13.9031,14.442,0.09851844608783722,1.189,0.459,187.682,0
13.9043,14.491,0.09835483133792877,1.228,0.4658,187.679,0
13.9056,14.535,0.09945449978113174,1.259,0.4719,187.604,0
13.9069,14.579,0.1010466143488884,1.291,0.478,187.555,0
13.9081,14.628,0.10249647498130798,1.332,0.4849,187.505,0
13.9094,14.678,0.10442332923412323,1.374,0.4918,187.399,0
13.9107,14.733,0.1048291027545929,1.434,0.4994,187.405,0
13.912,14.777,0.10606709867715836,1.478,0.5055,187.303,0
13.9133,14.832,0.106249138712883,1.545,0.5131,187.276,0
13.9146,14.881,0.10737310349941254,1.6,0.52,187.221,0
13.9159,14.93,0.10767686367034912,1.662,0.5269,187.144,0
13.9171,14.98,0.10733963549137115,1.728,0.5337,187.084,0
13.9184,15.029,0.10783260315656662,1.79,0.5406,187.042,0
13.9197,15.079,0.10845477879047394,1.85,0.5475,186.961,0
13.9211,15.134,0.10988928377628326,1.913,0.5551,186.904,0
13.9223,15.189,0.11160029470920563,1.972,0.5627,186.853,0
13.9236,15.244,0.11266078054904938,2.034,0.5703,186.757,0
13.9249,15.293,0.11358071118593216,2.088,0.5772,186.704,0
13.9261,15.348,0.11420172452926636,2.148,0.5848,186.657,0
13.9274,15.397,0.11360897868871689,2.206,0.5917,186.571,0
13.9286,15.452,0.11465929448604584,2.258,0.5993,186.529,0
13.9298,15.502,0.11614314466714859,2.298,0.6062,186.479,0
13.9311,15.557,0.11708097159862518,2.343,0.6138,186.429,0
13.9324,15.612,0.11821387708187103,2.383,0.6215,186.347,0
13.9337,15.667,0.12032965570688248,2.414,0.6291,186.268,0
13.9349,15.732,0.12224017828702927,2.448,0.6382,186.196,0
13.9362,15.782,0.12306173890829086,2.474,0.6451,186.162,0
13.9375,15.848,0.12456720322370529,2.5,0.6543,186.1,0
13.939,15.914,0.1253395974636078,2.524,0.6634,185.981,0
13.9403,15.974,0.1257617324590683,2.543,0.6718,185.942,0
13.9416,16.029,0.12666776776313782,2.553,0.6794,185.842,0
13.9428,16.089,0.12780095636844635,2.56,0.6878,185.794,0
13.9441,16.15,0.1284845471382141,2.564,0.6962,185.762,0
13.9454,16.21,0.12883733212947845,2.567,0.7046,185.635,0
13.9467,16.271,0.12904368340969086,2.568,0.713,185.6,0
13.948,16.331,0.12919144332408905,2.566,0.7214,185.507,0
13.9492,16.386,0.12873424589633942,2.566,0.729,185.432,0
13.9504,16.441,0.1286115050315857,2.563,0.7367,185.384,0
13.9516,16.496,0.12877696752548218,2.557,0.7443,185.318,0
13.9529,16.556,0.12896911799907684,2.55,0.7527,185.286,0
13.9542,16.617,0.12943920493125916,2.541,0.7611,185.222,0
13.9555,16.677,0.12999235093593597,2.533,0.7695,185.161,0
13.9568,16.743,0.12906260788440704,2.534,0.7786,185.048,0
13.9582,16.804,0.1291801929473877,2.531,0.787,185.0,0
13.9594,16.859,0.12802770733833313,2.538,0.7946,184.954,0
13.9606,16.913,0.12720902264118195,2.545,0.8023,184.877,0
13.9621,16.974,0.12665577232837677,2.555,0.8107,184.858,0
13.9634,17.04,0.12566863000392914,2.571,0.8198,184.77,0
13.9646,17.095,0.12538506090641022,2.586,0.8275,184.703,0
13.9659,17.144,0.12451615929603577,2.606,0.8343,184.658,0
13.9671,17.205,0.12404870986938477,2.63,0.8427,184.583,0
13.9683,17.254,0.12335815280675888,2.656,0.8496,184.533,0
13.9697,17.309,0.12304343283176422,2.686,0.8572,184.478,0
13.971,17.369,0.12162631005048752,2.731,0.8656,184.477,0
13.9723,17.424,0.12109136581420898,2.771,0.8732,184.358,0
13.9736,17.479,0.12093807756900787,2.813,0.8809,184.325,0
13.9749,17.54,0.12092539668083191,2.863,0.8893,184.257,0
13.9761,17.595,0.1216248944401741,2.908,0.8969,184.174,0
13.9774,17.65,0.12221451848745346,2.958,0.9045,184.165,0
13.9788,17.704,0.12220471352338791,3.014,0.9121,184.12,0
13.9802,17.765,0.12160615622997284,3.084,0.9205,184.034,0
13.9814,17.82,0.11977291107177734,3.158,0.9282,184.01,0
13.9827,17.875,0.11827865988016129,3.232,0.9358,183.939,0
13.9841,17.924,0.11641724407672882,3.304,0.9427,183.889,0
13.9853,17.979,0.11517686396837234,3.38,0.9503,183.859,0
13.9866,18.034,0.11544013023376465,3.448,0.9579,183.84,0
13.9879,18.089,0.11723531782627106,3.507,0.9655,183.747,0
13.9892,18.149,0.11958454549312592,3.57,0.9739,183.691,0
13.9904,18.204,0.12185541540384293,3.626,0.9816,183.675,0
13.9919,18.265,0.12397228181362152,3.688,0.99,183.646,0
13.9933,18.336,0.12586283683776855,3.763,0.9999,183.571,0
13.9946,18.397,0.12686441838741302,3.826,0.0083,183.557,0
13.996,18.463,0.1275748908519745,3.892,0.0174,183.472,0
13.9973,18.528,0.1293857991695404,3.946,0.0266,183.411,0
13.9986,18.589,0.131223663687706,3.988,0.035,183.4,0
13.9999,18.649,0.13281816244125366,4.026,0.0434,183.341,0
14.0011,18.715,0.13400088250637054,4.062,0.0525,183.35,0
14.0024,18.776,0.1344713717699051,4.092,0.0609,183.282,0
14.0037,18.836,0.13453802466392517,4.115,0.0693,183.207,0
14.005,18.896,0.13259665668010712,4.142,0.0777,183.181,0
14.0062,18.951,0.1308409720659256,4.158,0.0853,183.118,0
14.0076,19.012,0.12957480549812317,4.163,0.0937,183.086,0
14.0089,19.072,0.12892554700374603,4.155,0.1021,183.019,0
14.0101,19.133,0.12858349084854126,4.135,0.1105,182.983,0
14.0116,19.188,0.12835295498371124,4.108,0.1181,182.939,0
14.0129,19.259,0.1302068829536438,4.047,0.1281,182.89,0
14.0142,19.325,0.13052122294902802,3.987,0.1372,182.871,0
14.0154,19.38,0.1300002783536911,3.934,0.1448,182.791,0
14.0167,19.44,0.12939302623271942,3.866,0.1532,182.765,0
14.0181,19.495,0.1283617466688156,3.799,0.1609,182.715,0
14.0194,19.556,0.1269267350435257,3.72,0.1693,182.672,0
14.0206,19.611,0.12499448657035828,3.644,0.1769,182.61,0
14.022,19.671,0.12478243559598923,3.542,0.1853,182.553,0
14.0232,19.731,0.12413036078214645,3.436,0.1937,182.516,0
14.0245,19.786,0.12424133718013763,3.33,0.2013,182.488,0
14.0257,19.841,0.12359871715307236,3.224,0.2089,182.475,0
14.0271,19.896,0.12274715304374695,3.115,0.2166,182.395,0
14.0284,19.951,0.12148690968751907,3.006,0.2242,182.328,0
14.0296,20.001,0.11979573965072632,2.908,0.231,182.283,0
14.0308,20.056,0.11847973614931107,2.795,0.2387,182.291,0
14.0321,20.105,0.11725182086229324,2.692,0.2455,182.201,0
14.0334,20.154,0.11611451953649521,2.588,0.2524,182.149,0
14.0346,20.209,0.11535629630088806,2.47,0.26,182.131,0
14.0362,20.264,0.11599261313676834,2.344,0.2677,182.092,0
14.0375,20.33,0.11627627164125443,2.198,0.2768,182.034,0
14.0388,20.385,0.11607738584280014,2.082,0.2845,181.98,0
14.0401,20.435,0.11460314691066742,1.987,0.2913,181.966,0
14.0413,20.484,0.11333861947059631,1.894,0.2982,181.887,0
14.0426,20.533,0.11207398772239685,1.805,0.3051,181.87,0
14.0439,20.583,0.11035139858722687,1.722,0.3119,181.77,0
14.0451,20.627,0.10889368504285812,1.652,0.318,181.754,0
14.0464,20.676,0.10786356776952744,1.573,0.3249,181.69,0
14.0477,20.72,0.10627278685569763,1.512,0.331,181.652,0
14.049,20.77,0.10507431626319885,1.444,0.3379,181.62,0
14.0502,20.814,0.10397544503211975,1.389,0.344,181.569,0
14.0515,20.863,0.10252191126346588,1.333,0.3508,181.502,0
14.0529,20.907,0.10173385590314865,1.286,0.3569,181.471,0
14.0541,20.951,0.1007281020283699,1.245,0.363,181.421,0
14.0553,20.995,0.09927535057067871,1.212,0.3691,181.371,0
14.0566,21.039,0.09767898172140121,1.185,0.3752,181.326,0
14.0578,21.077,0.09633562713861465,1.165,0.3806,181.284,0
14.0594,21.127,0.0953696072101593,1.14,0.3875,181.211,0
14.0607,21.171,0.09512504190206528,1.121,0.3936,181.156,0
14.0621,21.22,0.09564610570669174,1.1,0.4004,181.132,0
14.0634,21.264,0.09568104892969131,1.09,0.4065,181.079,0
14.0646,21.313,0.0965510830283165,1.08,0.4134,181.039,0
14.0659,21.357,0.0968518927693367,1.079,0.4195,181.013,0
14.0671,21.401,0.0966050773859024,1.087,0.4256,180.958,0
14.0683,21.445,0.09653248637914658,1.098,0.4317,180.887,0
14.0697,21.484,0.0957171693444252,1.116,0.437,180.83,0
14.071,21.528,0.09437528997659683,1.144,0.4431,180.793,0
14.0723,21.572,0.09297585487365723,1.176,0.4492,180.713,0
14.0736,21.61,0.09176337718963623,1.207,0.4546,180.692,0
14.0749,21.654,0.09070564806461334,1.245,0.4607,180.656,0
14.0761,21.693,0.09046916663646698,1.277,0.466,180.584,0
14.0775,21.736,0.09145002067089081,1.309,0.4721,180.558,0
14.079,21.786,0.09226344525814056,1.351,0.479,180.481,0
14.0803,21.835,0.09467993676662445,1.386,0.4859,180.454,0
14.0817,21.885,0.09657145291566849,1.429,0.4927,180.358,0
14.083,21.934,0.09808681905269623,1.476,0.4996,180.319,0
14.0845,21.984,0.09967987984418869,1.525,0.5065,180.271,0
14.086,22.044,0.10032200813293457,1.596,0.5149,180.2,0
14.0873,22.094,0.1008942499756813,1.655,0.5217,180.12,0
14.0887,22.143,0.10088484734296799,1.719,0.5286,180.087,0
14.09,22.192,0.10156822949647903,1.779,0.5355,180.01,0
14.0913,22.242,0.102704256772995,1.837,0.5423,179.917,0
14.0927,22.291,0.10380183905363083,1.895,0.5492,179.901,0
14.094,22.346,0.10542476177215576,1.956,0.5568,179.846,0
14.0954,22.396,0.10659249871969223,2.011,0.5637,179.804,0
14.097,22.456,0.10697473585605621,2.083,0.5721,179.711,0
14.0985,22.516,0.10700641572475433,2.155,0.5805,179.648,0
14.0999,22.577,0.10729511082172394,2.222,0.5889,179.571,0
14.1013,22.626,0.10726854205131531,2.275,0.5957,179.489,0
14.1025,22.676,0.10784091055393219,2.322,0.6026,179.444,0
14.1038,22.725,0.10889612138271332,2.364,0.6095,179.39,0
14.1051,22.78,0.11071433126926422,2.402,0.6171,179.32,0
14.1063,22.835,0.11152397841215134,2.442,0.6247,179.228,0
14.1076,22.885,0.11340204626321793,2.468,0.6316,179.219,0
14.1088,22.939,0.11357491463422775,2.505,0.6392,179.167,0
14.1101,22.989,0.11501027643680573,2.526,0.6461,179.092,0
14.1114,23.044,0.1157851293683052,2.551,0.6537,179.02,0
14.1126,23.099,0.11592774838209152,2.575,0.6613,178.959,0
14.114,23.154,0.11589960008859634,2.596,0.669,178.92,0
14.1153,23.209,0.11682161688804626,2.607,0.6766,178.848,0
14.1166,23.264,0.11795272678136826,2.614,0.6842,178.739,0
14.1178,23.318,0.11823686957359314,2.622,0.6919,178.676,0
14.1191,23.373,0.11837950348854065,2.627,0.6995,178.642,0
14.1204,23.428,0.11812140792608261,2.632,0.7071,178.576,0
14.1216,23.483,0.11779085546731949,2.635,0.7148,178.529,0
14.1228,23.533,0.1172296404838562,2.638,0.7216,178.446,0
14.1241,23.582,0.11721469461917877,2.636,0.7285,178.429,0
14.1254,23.637,0.11742943525314331,2.631,0.7361,178.319,0
14.1266,23.692,0.1172674372792244,2.627,0.7437,178.27,0
14.1279,23.741,0.11680330336093903,2.625,0.7506,178.22,0
14.1291,23.791,0.11672457307577133,2.62,0.7575,178.147,0
14.1304,23.846,0.11717266589403152,2.612,0.7651,178.085,0
14.1317,23.901,0.11717547476291656,2.608,0.7727,178.036,0
14.133,23.956,0.11686816811561584,2.606,0.7804,177.979,0
14.1343,24.011,0.11609809845685959,2.609,0.788,177.907,0
14.1355,24.06,0.1155502200126648,2.613,0.7949,177.871,0
14.1367,24.109,0.11493294686079025,2.619,0.8017,177.802,0
14.1379,24.159,0.11509150266647339,2.622,0.8086,177.759,0
14.1395,24.225,0.11549638211727142,2.629,0.8177,177.705,0
14.1409,24.28,0.11544167250394821,2.642,0.8254,177.636,0
14.1422,24.335,0.11527860164642334,2.658,0.833,177.599,0
14.1434,24.384,0.11496371030807495,2.677,0.8399,177.509,0
14.1446,24.434,0.11488915979862213,2.698,0.8467,177.473,0
14.146,24.494,0.11466608941555023,2.728,0.8551,177.398,0
14.1473,24.543,0.11404376477003098,2.76,0.862,177.367,0
14.1485,24.593,0.11271858960390091,2.799,0.8689,177.29,0
14.1497,24.642,0.11257827281951904,2.835,0.8757,177.28,0
14.1509,24.692,0.11302171647548676,2.87,0.8826,177.223,0
14.1522,24.741,0.1137063279747963,2.907,0.8895,177.181,0
14.1534,24.796,0.11466728150844574,2.951,0.8971,177.098,0
14.1547,24.846,0.11485213786363602,2.998,0.904,177.09,0
14.1559,24.901,0.11517731100320816,3.052,0.9116,177.028,0
14.1572,24.955,0.11673130840063095,3.103,0.9192,176.958,0
14.1585,25.005,0.11601199954748154,3.163,0.9261,176.923,0
14.1598,25.065,0.11563087999820709,3.237,0.9345,176.895,0
14.1611,25.115,0.11538931727409363,3.298,0.9413,176.846,0
14.1624,25.164,0.1149386465549469,3.363,0.9482,176.795,0
14.1637,25.219,0.11369378864765167,3.439,0.9558,176.748,0
14.165,25.274,0.11367883533239365,3.51,0.9635,176.66,0
14.1663,25.323,0.11418117582798004,3.57,0.9703,176.612,0
14.1675,25.373,0.11454933136701584,3.63,0.9772,176.588,0
14.1688,25.433,0.11724401265382767,3.69,0.9856,176.543,0
14.1701,25.488,0.11816052347421646,3.752,0.9932,176.506,0
14.1714,25.549,0.12034282088279724,3.81,0.0016,176.494,0
14.1727,25.609,0.12295161187648773,3.863,0.01,176.445,0
14.174,25.67,0.1254037469625473,3.912,0.0184,176.398,0
14.1753,25.73,0.12803353369235992,3.955,0.0268,176.337,0
14.1765,25.796,0.1310427188873291,3.995,0.0359,176.316,0
14.1778,25.856,0.13363754749298096,4.026,0.0443,176.237,0
14.1791,25.922,0.13600410521030426,4.055,0.0535,176.177,0
14.1803,25.988,0.13664203882217407,4.084,0.0627,176.152,0
14.1815,26.049,0.1367546021938324,4.105,0.071,176.134,0
14.1831,26.115,0.13588163256645203,4.125,0.0802,176.036,0
14.1844,26.18,0.13501906394958496,4.133,0.0894,175.982,0
14.1857,26.241,0.134547159075737,4.129,0.0977,175.965,0
14.187,26.307,0.13439150154590607,4.111,0.1069,175.881,0
14.1883,26.367,0.13366954028606415,4.087,0.1153,175.846,0
14.1898,26.433,0.1335812658071518,4.046,0.1245,175.798,0
14.1912,26.505,0.13251593708992004,3.995,0.1344,175.755,0
14.1924,26.565,0.1314484030008316,3.941,0.1428,175.677,0
14.1937,26.62,0.13141821324825287,3.879,0.1504,175.648,0
14.1951,26.68,0.13082104921340942,3.805,0.1588,175.625,0
14.1964,26.752,0.13037841022014618,3.705,0.1687,175.604,0
14.1977,26.807,0.12997384369373322,3.62,0.1763,175.522,0
14.1991,26.867,0.1293177604675293,3.522,0.1847,175.497,0
14.2003,26.927,0.12848731875419617,3.417,0.1931,175.393,0
14.2017,26.982,0.1273932158946991,3.319,0.2007,175.352,0
14.2032,27.048,0.12556882202625275,3.198,0.2099,175.31,0
14.2045,27.109,0.12261904776096344,3.09,0.2183,175.265,0
14.2059,27.169,0.1216069757938385,2.966,0.2267,175.215,0
14.2071,27.219,0.11998459696769714,2.868,0.2336,175.156,0
14.2084,27.268,0.11822230368852615,2.769,0.2404,175.154,0
14.2097,27.323,0.11704936623573303,2.653,0.248,175.076,0
14.2111,27.378,0.11537331342697144,2.54,0.2557,175.052,0
14.2124,27.433,0.11459491401910782,2.422,0.2633,175.008,0
14.2136,27.482,0.11375720798969269,2.318,0.2702,174.944,0
14.2149,27.532,0.11273045092821121,2.216,0.277,174.888,0
14.2162,27.581,0.11126399785280228,2.119,0.2839,174.859,0
14.2175,27.631,0.10974085330963135,2.025,0.2908,174.821,0
14.2187,27.68,0.1081942543387413,1.933,0.2976,174.76,0
14.2201,27.724,0.10642625391483307,1.857,0.3037,174.752,0
14.2214,27.773,0.10545936226844788,1.769,0.3106,174.716,0
14.2227,27.823,0.10357853770256042,1.691,0.3175,174.651,0
14.2239,27.867,0.10306954383850098,1.618,0.3236,174.607,0
14.2252,27.911,0.10194030404090881,1.553,0.3297,174.562,0
14.2265,27.955,0.10087841004133224,1.491,0.3358,174.494,0
14.2278,28.004,0.09951993823051453,1.428,0.3427,174.468,0
14.2291,28.043,0.0985034629702568,1.383,0.348,174.425,0
14.2303,28.092,0.09684454649686813,1.332,0.3549,174.392,0
14.2316,28.13,0.09600511193275452,1.295,0.3602,174.358,0
14.2329,28.174,0.09432212263345718,1.26,0.3663,174.317,0
14.2342,28.213,0.09215860813856125,1.239,0.3716,174.268,0
14.2355,28.257,0.09084776788949966,1.212,0.3777,174.213,0
14.2368,28.295,0.08957720547914505,1.193,0.3831,174.155,0
14.2381,28.334,0.08875364065170288,1.176,0.3884,174.146,0
14.2395,28.378,0.08875787258148193,1.156,0.3945,174.105,0
14.2408,28.422,0.0892837718129158,1.138,0.4006,174.027,0
14.2421,28.466,0.09019795805215836,1.123,0.4067,174.013,0
14.2433,28.51,0.09109321236610413,1.113,0.4128,173.985,0
14.2446,28.548,0.0908118262887001,1.115,0.4182,173.92,0
14.2459,28.592,0.09095775336027145,1.119,0.4243,173.889,0
14.2472,28.636,0.09129519015550613,1.127,0.4304,173.83,0
14.2484,28.674,0.0904173031449318,1.144,0.4357,173.787,0
14.2498,28.713,0.08885468542575836,1.17,0.4411,173.741,0
14.2511,28.751,0.08821921050548553,1.193,0.4464,173.694,0
14.2524,28.795,0.08750434964895248,1.223,0.4525,173.646,0
14.2537,28.834,0.08700660616159439,1.252,0.4579,173.602,0
14.2551,28.872,0.08676475286483765,1.282,0.4632,173.582,0
14.2563,28.916,0.08648023754358292,1.321,0.4693,173.492,0
14.2576,28.96,0.08718390017747879,1.356,0.4754,173.475,0
14.2591,28.998,0.08774764090776443,1.39,0.4807,173.401,0
14.2604,29.048,0.08894464373588562,1.434,0.4876,173.331,0
14.2616,29.086,0.08955983817577362,1.472,0.493,173.337,0
14.263,29.13,0.09056749939918518,1.517,0.4991,173.256,0
14.2642,29.174,0.09086799621582031,1.567,0.5052,173.235,0
14.2655,29.218,0.09183517843484879,1.615,0.5113,173.163,0
14.2669,29.262,0.09274701774120331,1.664,0.5174,173.101,0
14.2682,29.306,0.09381962567567825,1.714,0.5235,173.067,0
14.2695,29.355,0.09492528438568115,1.771,0.5303,173.023,0
14.2708,29.399,0.09575057774782181,1.823,0.5364,172.942,0
14.2721,29.449,0.09766525030136108,1.876,0.5433,172.889,0
14.2734,29.498,0.09906143695116043,1.932,0.5502,172.839,0
14.2747,29.542,0.100139319896698,1.982,0.5563,172.794,0
14.276,29.592,0.10159194469451904,2.036,0.5631,172.753,0
14.2773,29.641,0.1029195636510849,2.089,0.57,172.661,0
14.2787,29.691,0.10362084209918976,2.145,0.5769,172.626,0
14.2799,29.745,0.10370728373527527,2.208,0.5845,172.568,0
14.2812,29.789,0.10344968736171722,2.258,0.5906,172.554,0
14.2825,29.839,0.10462390631437302,2.304,0.5975,172.453,0
14.2839,29.894,0.10627167671918869,2.349,0.6051,172.368,0
14.2852,29.943,0.10786731541156769,2.386,0.612,172.287,0
14.2864,29.998,0.10964290052652359,2.424,0.6196,172.238,0
14.2877,30.048,0.1111273467540741,2.455,0.6265,172.191,0
14.289,30.103,0.11278051882982254,2.485,0.6341,172.101,0
14.2903,30.157,0.11424195766448975,2.512,0.6417,172.057,0
14.2916,30.212,0.1146974042057991,2.541,0.6494,171.967,0
14.293,30.273,0.1157909482717514,2.564,0.6577,171.936,0
14.2947,30.328,0.116071917116642,2.585,0.6654,171.879,0
14.2961,30.399,0.11665076017379761,2.606,0.6753,171.787,0
14.2973,30.46,0.11783577501773834,2.613,0.6837,171.718,0
14.2986,30.515,0.11933812499046326,2.614,0.6913,171.636,0
14.3,30.575,0.11949141323566437,2.621,0.6997,171.546,0
14.3012,30.63,0.12000707536935806,2.621,0.7073,171.517,0
14.3025,30.685,0.11949202418327332,2.625,0.715,171.443,0
14.304,30.74,0.11947231739759445,2.624,0.7226,171.384,0
14.3053,30.8,0.11971411108970642,2.62,0.731,171.284,0
14.3065,30.855,0.1196063682436943,2.616,0.7386,171.23,0
14.3079,30.916,0.12000082433223724,2.608,0.747,171.189,0
14.3091,30.965,0.11995956301689148,2.603,0.7539,171.093,0
14.3104,31.025,0.12103326618671417,2.591,0.7623,171.071,0
14.3118,31.08,0.12162301689386368,2.583,0.7699,171.022,0
14.3131,31.141,0.12106572836637497,2.582,0.7783,170.909,0
14.3143,31.196,0.12033531814813614,2.584,0.7859,170.863,0
14.3156,31.245,0.11994928121566772,2.586,0.7928,170.82,0
14.3169,31.306,0.11869880557060242,2.596,0.8012,170.752,0
14.3182,31.355,0.11883495002985,2.599,0.808,170.666,0
14.3196,31.415,0.11881864070892334,2.608,0.8164,170.606,0
14.3209,31.47,0.1186494529247284,2.62,0.8241,170.593,0
14.3222,31.525,0.11865703016519547,2.635,0.8317,170.553,0
14.3234,31.58,0.11748021841049194,2.66,0.8393,170.462,0
14.3247,31.63,0.11735508590936661,2.681,0.8462,170.406,0
14.326,31.685,0.11624231189489365,2.714,0.8538,170.318,0
14.3272,31.734,0.11550700664520264,2.746,0.8607,170.307,0
14.3285,31.783,0.11458449810743332,2.782,0.8676,170.233,0
14.3298,31.838,0.11421672254800797,2.822,0.8752,170.173,0
14.3311,31.888,0.11387062817811966,2.862,0.882,170.106,0
14.3324,31.943,0.11383438855409622,2.908,0.8897,170.071,0
14.3336,31.998,0.1142522469162941,2.955,0.8973,169.987,0
14.3349,32.053,0.11483977735042572,3.005,0.9049,169.972,0
14.3363,32.102,0.1141417920589447,3.06,0.9118,169.918,0
14.3376,32.157,0.11393377929925919,3.121,0.9194,169.844,0
14.3389,32.206,0.11373531073331833,3.179,0.9263,169.807,0
14.3401,32.261,0.11300856620073318,3.248,0.9339,169.759,0
14.3414,32.311,0.11335711181163788,3.306,0.9408,169.723,0
14.3427,32.366,0.1133497804403305,3.374,0.9484,169.671,0
14.344,32.415,0.1138746365904808,3.433,0.9553,169.561,0
14.3453,32.47,0.1138964369893074,3.503,0.9629,169.606,0
14.3466,32.525,0.11400847136974335,3.573,0.9706,169.556,0
14.3479,32.574,0.11423742771148682,3.634,0.9774,169.478,0
14.3492,32.629,0.11358683556318283,3.707,0.985,169.463,0
14.3504,32.679,0.11324968934059143,3.77,0.9919,169.406,0
14.3517,32.734,0.11278101801872253,3.838,0.9995,169.406,0
14.3531,32.783,0.11440584063529968,3.885,0.0064,169.336,0
14.3544,32.844,0.11614061146974564,3.941,0.0148,169.32,0
14.3557,32.91,0.1196446642279625,3.986,0.024,169.259,0
14.357,32.964,0.12251304090023041,4.02,0.0316,169.213,0
14.3582,33.025,0.1254976987838745,4.052,0.04,169.187,0
14.3595,33.091,0.1281084567308426,4.083,0.0491,169.092,0
14.3608,33.157,0.1302061676979065,4.108,0.0583,169.02,0
14.3621,33.217,0.13116717338562012,4.129,0.0667,169.004,0
14.3633,33.272,0.13087090849876404,4.147,0.0743,168.967,0
14.3646,33.327,0.1312115639448166,4.154,0.0819,168.94,0
14.3658,33.387,0.13036532700061798,4.161,0.0903,168.863,0
14.3671,33.448,0.1306905448436737,4.15,0.0987,168.8,0
14.3683,33.508,0.13090449571609497,4.131,0.1071,168.76,0
14.3697,33.563,0.1306920200586319,4.107,0.1147,168.725,0
14.3711,33.629,0.13084639608860016,4.066,0.1239,168.682,0
14.3723,33.695,0.1298912614583969,4.019,0.1331,168.644,0
14.3735,33.75,0.12874960899353027,3.973,0.1407,168.59,0
14.3748,33.805,0.1276906132698059,3.919,0.1483,168.55,0
14.3761,33.86,0.12699459493160248,3.855,0.1559,168.489,0
14.3774,33.915,0.12520742416381836,3.79,0.1636,168.432,0
14.3787,33.97,0.12360765039920807,3.718,0.1712,168.396,0
14.3801,34.036,0.12258823961019516,3.616,0.1804,168.345,0
14.3814,34.091,0.12161224335432053,3.526,0.188,168.352,0
14.3826,34.14,0.11991976201534271,3.445,0.1949,168.281,0
14.3839,34.189,0.11794485151767731,3.362,0.2017,168.259,0
14.3851,34.239,0.1143631562590599,3.284,0.2086,168.219,0
14.3865,34.283,0.11077070236206055,3.215,0.2147,168.18,0
14.3878,34.338,0.10714444518089294,3.121,0.2223,168.108,0
14.3891,34.382,0.10529398918151855,3.037,0.2284,168.074,0
14.3904,34.426,0.10389798879623413,2.949,0.2345,168.046,0
14.3916,34.475,0.10255811363458633,2.847,0.2414,168.019,0
14.393,34.519,0.10169210284948349,2.754,0.2475,167.971,0
14.3942,34.563,0.10034409910440445,2.664,0.2536,167.929,0
14.3956,34.607,0.09962354600429535,2.57,0.2597,167.921,0
14.3969,34.656,0.09909409284591675,2.463,0.2666,167.832,0
14.3982,34.7,0.09853269159793854,2.37,0.2727,167.872,0
14.3994,34.744,0.0980437770485878,2.277,0.2788,167.813,0
14.4006,34.788,0.09741050750017166,2.187,0.2849,167.741,0
14.402,34.827,0.0956108421087265,2.118,0.2902,167.712,0
14.4035,34.876,0.09309779107570648,2.032,0.2971,167.676,0
14.4049,34.92,0.09200277179479599,1.951,0.3032,167.61,0
14.4062,34.964,0.0908718928694725,1.874,0.3093,167.578,0
14.4075,35.002,0.08997908234596252,1.809,0.3146,167.567,0
14.4089,35.046,0.09018690139055252,1.73,0.3207,167.533,0
14.4103,35.096,0.08999413251876831,1.648,0.3276,167.469,0
14.4115,35.134,0.08933325856924057,1.591,0.3329,167.403,0
14.4129,35.178,0.08914937824010849,1.527,0.3391,167.403,0
14.4141,35.217,0.08897486329078674,1.474,0.3444,167.361,0
14.4154,35.255,0.08772490918636322,1.432,0.3497,167.322,0
14.4167,35.294,0.08724529296159744,1.388,0.3551,167.28,0
14.4181,35.332,0.0867132768034935,1.349,0.3604,167.257,0
14.4193,35.376,0.08480632305145264,1.316,0.3665,167.208,0
14.4206,35.409,0.08301150053739548,1.297,0.3711,167.194,0
14.4219,35.442,0.08193247765302658,1.277,0.3757,167.141,0
14.4233,35.48,0.08000334352254868,1.26,0.381,167.097,0
14.4246,35.524,0.08036011457443237,1.232,0.3871,167.067,0
14.4258,35.557,0.07967603951692581,1.219,0.3917,167.026,0
14.4271,35.59,0.07937805354595184,1.208,0.3963,166.992,0
14.4285,35.629,0.07968626171350479,1.194,0.4016,166.974,0
14.4297,35.667,0.07976742833852768,1.185,0.407,166.913,0
14.4311,35.706,0.08012749254703522,1.179,0.4123,166.873,0
14.4324,35.744,0.08064024150371552,1.176,0.4176,166.81,0
14.4336,35.782,0.08030116558074951,1.181,0.423,166.79,0
14.4348,35.815,0.08022747188806534,1.188,0.4276,166.794,0
14.4362,35.848,0.07979999482631683,1.199,0.4321,166.708,0
14.4375,35.892,0.07920890301465988,1.218,0.4382,166.697,0
14.4389,35.925,0.0793607085943222,1.232,0.4428,166.65,0
14.4404,35.969,0.0793566107749939,1.256,0.4489,166.612,0
14.4416,36.008,0.07899961620569229,1.282,0.4543,166.576,0
14.4428,36.041,0.07914990186691284,1.304,0.4588,166.556,0
14.4441,36.079,0.07945212721824646,1.332,0.4642,166.517,0
14.4455,36.118,0.08053600043058395,1.358,0.4695,166.427,0
14.4469,36.161,0.08113350719213486,1.394,0.4756,166.416,0
14.4482,36.2,0.08168932795524597,1.428,0.481,166.397,0
14.4494,36.238,0.08218707889318466,1.465,0.4863,166.319,0
14.4507,36.277,0.08221987634897232,1.506,0.4916,166.276,0
14.452,36.315,0.08272488415241241,1.546,0.497,166.212,0
14.4532,36.348,0.08184926956892014,1.59,0.5016,166.21,0
14.4545,36.387,0.0821797102689743,1.634,0.5069,166.174,0
14.4558,36.431,0.08216147124767303,1.688,0.513,166.115,0
14.4571,36.464,0.08260161429643631,1.727,0.5176,166.08,0
14.4583,36.502,0.08335700631141663,1.771,0.5229,166.045,0
14.4595,36.541,0.0844787135720253,1.814,0.5283,165.982,0
14.4608,36.584,0.0865437239408493,1.859,0.5344,165.898,0
14.4621,36.623,0.08796720951795578,1.901,0.5397,165.858,0
14.4633,36.667,0.08992903679609299,1.946,0.5458,165.806,0
14.4645,36.705,0.0915563777089119,1.986,0.5511,165.828,0
14.4658,36.749,0.09257657825946808,2.037,0.5573,165.733,0
14.4671,36.793,0.09398575872182846,2.084,0.5634,165.693,0
14.4683,36.843,0.09520527720451355,2.138,0.5702,165.607,0
14.4696,36.887,0.09566549956798553,2.188,0.5763,165.553,0
14.471,36.931,0.09593252837657928,2.238,0.5824,165.522,0
14.4723,36.98,0.09546618163585663,2.296,0.5893,165.443,0
14.4736,37.024,0.09612056612968445,2.339,0.5954,165.376,0
14.4749,37.068,0.09704198688268661,2.379,0.6015,165.343,0
14.4761,37.112,0.09818264842033386,2.415,0.6076,165.3,0
14.4773,37.161,0.09963832795619965,2.452,0.6145,165.239,0
14.4787,37.205,0.10020358115434647,2.486,0.6206,165.181,0
14.4799,37.255,0.10190657526254654,2.515,0.6274,165.108,0
14.4812,37.304,0.1030774936079979,2.544,0.6343,165.091,0
14.4824,37.354,0.10455802828073502,2.568,0.6412,165.009,0
14.4837,37.403,0.10526040196418762,2.592,0.648,164.954,0
14.485,37.452,0.10590843111276627,2.614,0.6549,164.903,0
14.4863,37.502,0.10612525045871735,2.635,0.6618,164.808,0
14.4876,37.551,0.10540878772735596,2.658,0.6686,164.756,0
14.4891,37.601,0.10638552159070969,2.668,0.6755,164.715,0
14.4905,37.661,0.10685613751411438,2.68,0.6839,164.638,0
14.4917,37.711,0.10824327915906906,2.68,0.6908,164.61,0
14.4931,37.766,0.10881687700748444,2.684,0.6984,164.54,0
14.4945,37.815,0.10875262320041656,2.688,0.7053,164.478,0
14.4957,37.87,0.10852625966072083,2.691,0.7129,164.401,0
14.497,37.919,0.10856813192367554,2.69,0.7198,164.322,0
14.4983,37.969,0.10890688747167587,2.686,0.7266,164.264,0
14.4995,38.018,0.1088995411992073,2.683,0.7335,164.189,0
14.5008,38.068,0.10892931371927261,2.679,0.7404,164.169,0
14.5021,38.117,0.10905846953392029,2.673,0.7472,164.088,0
14.5034,38.167,0.10956448316574097,2.665,0.7541,164.01,0
14.5046,38.216,0.11021482944488525,2.657,0.761,164.015,0
14.5058,38.265,0.11015729606151581,2.653,0.7678,163.939,0
14.5071,38.315,0.10975290834903717,2.651,0.7747,163.912,0
14.5084,38.364,0.10935315489768982,2.651,0.7816,163.837,0
14.5097,38.414,0.10808233916759491,2.657,0.7884,163.798,0
14.5111,38.463,0.10718797147274017,2.663,0.7953,163.696,0
14.5124,38.518,0.10608537495136261,2.672,0.8029,163.627,0
14.5137,38.562,0.10545656830072403,2.68,0.809,163.601,0
14.5151,38.611,0.10565956681966782,2.686,0.8159,163.558,0
14.5163,38.666,0.10561228543519974,2.697,0.8235,163.481,0
14.5176,38.71,0.10525111109018326,2.711,0.8296,163.453,0
14.519,38.765,0.10536348819732666,2.728,0.8372,163.39,0
14.5202,38.809,0.10494453459978104,2.747,0.8434,163.319,0
14.5216,38.864,0.10462254285812378,2.774,0.851,163.286,0
14.5229,38.908,0.10365144163370132,2.802,0.8571,163.252,0
14.5241,38.952,0.10260932892560959,2.834,0.8632,163.183,0
14.5253,39.001,0.10226370394229889,2.868,0.8701,163.14,0
14.5266,39.045,0.10212267935276031,2.9,0.8762,163.072,0
14.528,39.089,0.10260539501905441,2.931,0.8823,163.047,0
14.5292,39.144,0.10385014116764069,2.969,0.8899,162.991,0
14.5306,39.194,0.10449425131082535,3.01,0.8968,162.955,0
14.5318,39.243,0.10513835400342941,3.054,0.9036,162.89,0
14.5331,39.293,0.1051747277379036,3.104,0.9105,162.855,0
14.5343,39.337,0.10469751060009003,3.154,0.9166,162.795,0
14.5355,39.38,0.10364805161952972,3.209,0.9227,162.756,0
14.5368,39.43,0.10309319943189621,3.27,0.9296,162.708,0
14.5382,39.474,0.10213445127010345,3.328,0.9357,162.702,0
14.5394,39.518,0.1013624295592308,3.386,0.9418,162.617,0
14.5406,39.562,0.10172592103481293,3.439,0.9479,162.601,0
14.5418,39.611,0.10240589827299118,3.497,0.9547,162.57,0
14.5431,39.661,0.10384028404951096,3.552,0.9616,162.477,0
14.5444,39.71,0.10505612939596176,3.607,0.9685,162.439,0
14.5457,39.76,0.10657951235771179,3.661,0.9753,162.421,0
14.5469,39.814,0.10804927349090576,3.722,0.983,162.356,0
14.5482,39.858,0.1082293763756752,3.775,0.9891,162.347,0
14.5495,39.908,0.10746565461158752,3.84,0.9959,162.324,0
14.5508,39.957,0.10748704522848129,3.897,0.0028,162.305,0
14.552,40.007,0.10747675597667694,3.953,0.0097,162.248,0
14.5533,40.056,0.10816890746355057,4.002,0.0165,162.232,0
14.5546,40.106,0.10948269814252853,4.043,0.0234,162.168,0
14.5559,40.161,0.11239025741815567,4.077,0.031,162.129,0
14.5571,40.215,0.11456048488616943,4.11,0.0387,162.066,0
14.5584,40.276,0.11812171339988708,4.133,0.0471,162.016,0
14.5597,40.336,0.12086023390293121,4.153,0.0555,161.958,0
14.5611,40.397,0.12204199284315109,4.175,0.0638,161.904,0
14.5624,40.457,0.12162002921104431,4.199,0.0722,161.876,0
14.5637,40.512,0.12115008383989334,4.213,0.0799,161.793,0
14.5649,40.567,0.11979949474334717,4.225,0.0875,161.796,0
14.5662,40.616,0.1193559318780899,4.224,0.0944,161.762,0
14.5674,40.671,0.11919652670621872,4.213,0.102,161.65,0
14.5687,40.721,0.11926239728927612,4.196,0.1089,161.644,0
14.57,40.776,0.1185583546757698,4.173,0.1165,161.604,0
14.5713,40.836,0.1194542944431305,4.129,0.1249,161.559,0
14.5729,40.891,0.11841750144958496,4.091,0.1325,161.514,0
14.5743,40.952,0.11658363789319992,4.044,0.1409,161.534,0
14.5756,41.006,0.1156221330165863,3.99,0.1485,161.389,0
14.5768,41.061,0.1136317327618599,3.933,0.1562,161.383,0
14.5781,41.105,0.11183507740497589,3.884,0.1623,161.315,0
14.5794,41.155,0.11098457127809525,3.817,0.1691,161.316,0
14.5807,41.21,0.10991238057613373,3.736,0.1768,161.286,0
14.582,41.259,0.10986402630805969,3.652,0.1836,161.266,0
14.5832,41.309,0.11004667729139328,3.563,0.1905,161.215,0
14.5845,41.358,0.11024262011051178,3.469,0.1974,161.173,0
14.5857,41.407,0.11013977974653244,3.373,0.2042,161.12,0
14.5871,41.457,0.10908570885658264,3.279,0.2111,161.11,0
14.5883,41.506,0.10653771460056305,3.191,0.218,161.008,0
14.5896,41.55,0.10428902506828308,3.111,0.2241,161.023,0
14.5908,41.594,0.10255959630012512,3.026,0.2302,160.984,0
14.5921,41.633,0.10043946653604507,2.954,0.2355,160.954,0
14.5934,41.677,0.09869507700204849,2.867,0.2416,160.889,0
14.5947,41.721,0.09641341865062714,2.782,0.2477,160.854,0
14.5959,41.765,0.0951799526810646,2.691,0.2538,160.839,0
14.5972,41.803,0.0942816212773323,2.611,0.2592,160.788,0
14.5985,41.847,0.0941522866487503,2.514,0.2653,160.769,0
14.5999,41.891,0.09338253736495972,2.421,0.2714,160.728,0
14.6012,41.935,0.09258311986923218,2.33,0.2775,160.721,0
14.6025,41.979,0.09230481833219528,2.238,0.2836,160.627,0
14.6039,42.023,0.09072944521903992,2.155,0.2897,160.612,0
14.6052,42.061,0.08821167051792145,2.091,0.295,160.605,0
14.6065,42.1,0.08654282242059708,2.024,0.3004,160.575,0
14.6077,42.133,0.08445484191179276,1.972,0.3049,160.529,0
14.6091,42.171,0.08285854011774063,1.909,0.3103,160.515,0
14.6104,42.204,0.08066819608211517,1.862,0.3148,160.451,0
14.6117,42.242,0.07938501238822937,1.801,0.3202,160.452,0
14.613,42.275,0.07872676849365234,1.749,0.3248,160.418,0
14.6143,42.314,0.07817394286394119,1.69,0.3301,160.38,0
14.6155,42.347,0.07762110978364944,1.642,0.3347,160.309,0
14.6169,42.385,0.0774511769413948,1.587,0.34,160.286,0
14.6181,42.418,0.07726147025823593,1.542,0.3446,160.267,0
14.6195,42.451,0.07623832672834396,1.506,0.3492,160.24,0
14.621,42.49,0.07523379474878311,1.465,0.3545,160.214,0
14.6224,42.528,0.07412873953580856,1.428,0.3599,160.183,0
14.6237,42.561,0.07306384295225143,1.401,0.3644,160.158,0
14.625,42.594,0.07084149867296219,1.383,0.369,160.121,0
14.6263,42.621,0.06851165741682053,1.373,0.3728,160.088,0
14.6275,42.649,0.06679120659828186,1.361,0.3766,160.101,0
14.6288,42.676,0.06544644385576248,1.35,0.3805,160.023,0
14.6301,42.704,0.06417813152074814,1.34,0.3843,159.974,0
14.6313,42.731,0.06336801499128342,1.329,0.3881,159.963,0
14.6325,42.759,0.06270206719636917,1.319,0.3919,159.927,0
14.6339,42.792,0.06351041793823242,1.301,0.3965,159.901,0
14.6352,42.819,0.0639495775103569,1.29,0.4003,159.881,0
14.6365,42.852,0.06369896233081818,1.283,0.4049,159.845,0
14.6378,42.88,0.06377014517784119,1.278,0.4087,159.833,0
14.6392,42.913,0.06439226865768433,1.272,0.4133,159.793,0
14.6405,42.946,0.0636887326836586,1.277,0.4178,159.8,0
14.6418,42.973,0.06377369910478592,1.278,0.4217,159.75,0
14.6431,43.0,0.06338933110237122,1.285,0.4255,159.747,0
14.6444,43.033,0.06231194734573364,1.299,0.4301,159.655,0
14.6458,43.055,0.06130227446556091,1.311,0.4331,159.637,0
14.6471,43.088,0.06091649830341339,1.325,0.4377,159.643,0
14.6484,43.116,0.059720735996961594,1.344,0.4415,159.642,0
14.6496,43.138,0.05918063968420029,1.358,0.4445,159.572,0
14.6509,43.165,0.05844845250248909,1.377,0.4484,159.525,0
14.6522,43.193,0.058429405093193054,1.394,0.4522,159.524,0
14.6534,43.22,0.058010395616292953,1.415,0.456,159.496,0
14.6546,43.242,0.05816435068845749,1.43,0.459,159.447,0
14.656,43.27,0.05835858732461929,1.449,0.4629,159.467,0
14.6572,43.303,0.05915878713130951,1.472,0.4674,159.391,0
14.6585,43.33,0.060951221734285355,1.485,0.4713,159.374,0
14.6597,43.358,0.062292441725730896,1.502,0.4751,159.362,0
14.6611,43.391,0.06367968767881393,1.526,0.4796,159.32,0
14.6624,43.423,0.06498521566390991,1.552,0.4842,159.286,0
14.6636,43.456,0.06648363173007965,1.578,0.4888,159.256,0
14.665,43.489,0.06732986867427826,1.609,0.4934,159.214,0
14.6662,43.517,0.06706363707780838,1.642,0.4972,159.201,0
14.6675,43.55,0.06688512861728668,1.681,0.5018,159.157,0
14.6687,43.577,0.06668604910373688,1.715,0.5056,159.121,0
14.6701,43.605,0.06585095822811127,1.753,0.5094,159.077,0
14.6713,43.638,0.06612703949213028,1.793,0.514,159.067,0
14.6726,43.665,0.06550313532352448,1.831,0.5178,159.019,0
14.6739,43.698,0.0654008537530899,1.873,0.5224,158.989,0
14.6751,43.731,0.06721588224172592,1.905,0.5269,158.971,0
14.6764,43.759,0.06754186004400253,1.939,0.5308,158.923,0
14.6777,43.797,0.06922642886638641,1.979,0.5361,158.859,0
14.679,43.83,0.07138603180646896,2.009,0.5407,158.836,0
14.6803,43.868,0.07310996949672699,2.049,0.546,158.768,0
14.6816,43.907,0.07646043598651886,2.079,0.5514,158.748,0
14.6829,43.945,0.07823333144187927,2.117,0.5567,158.696,0
14.6841,43.984,0.07955464720726013,2.158,0.562,158.658,0
14.6854,44.022,0.08160912990570068,2.194,0.5674,158.604,0
14.6866,44.061,0.08285368978977203,2.233,0.5727,158.567,0
14.6879,44.099,0.08317726105451584,2.277,0.5781,158.523,0
14.6892,44.138,0.08295908570289612,2.323,0.5834,158.475,0
14.6905,44.176,0.08269719779491425,2.368,0.5887,158.437,0
14.6918,44.214,0.08304537832736969,2.408,0.5941,158.375,0
14.6931,44.253,0.083897665143013,2.443,0.5994,158.343,0
14.6944,44.291,0.08523501455783844,2.473,0.6048,158.267,0
14.6956,44.335,0.08653880655765533,2.507,0.6109,158.231,0
14.697,44.379,0.08765859156847,2.54,0.617,158.193,0
14.6983,44.423,0.08942311257123947,2.566,0.6231,158.104,0
14.6996,44.467,0.09123953431844711,2.589,0.6292,158.073,0
14.7011,44.517,0.09195862710475922,2.619,0.636,158.015,0
14.7024,44.566,0.09260793775320053,2.647,0.6429,157.962,0
14.7036,44.604,0.09313486516475677,2.666,0.6483,157.9,0
14.7049,44.648,0.09332291036844254,2.688,0.6544,157.842,0
14.7062,44.692,0.09326837956905365,2.708,0.6605,157.801,0
14.7075,44.731,0.09267564862966537,2.727,0.6658,157.76,0
14.7087,44.775,0.09318990260362625,2.739,0.6719,157.699,0
14.7101,44.819,0.09342465549707413,2.75,0.678,157.654,0
14.7116,44.863,0.09386052191257477,2.758,0.6841,157.604,0
14.7129,44.918,0.0943223387002945,2.765,0.6917,157.512,0
14.7142,44.962,0.09454639256000519,2.769,0.6978,157.498,0
14.7155,45.005,0.09448671340942383,2.773,0.7039,157.448,0
14.7169,45.049,0.09419320523738861,2.777,0.7101,157.385,0
14.7182,45.093,0.0937437042593956,2.78,0.7162,157.313,0
14.7196,45.137,0.09238193184137344,2.787,0.7223,157.252,0
14.7211,45.192,0.09222940355539322,2.785,0.7299,157.193,0
14.7223,45.231,0.09122328460216522,2.788,0.7352,157.156,0
14.7236,45.269,0.09110134094953537,2.786,0.7406,157.11,0
14.7251,45.313,0.09128013253211975,2.78,0.7467,157.073,0
14.7265,45.363,0.09164497256278992,2.773,0.7535,157.01,0
14.7279,45.406,0.09224379062652588,2.765,0.7596,156.939,0
14.7292,45.456,0.09271202981472015,2.758,0.7665,156.923,0
14.7304,45.5,0.09231162816286087,2.757,0.7726,156.867,0
14.7321,45.538,0.0921664759516716,2.755,0.778,156.783,0
14.7334,45.593,0.09071453660726547,2.762,0.7856,156.767,0
14.7347,45.632,0.08877120912075043,2.773,0.7909,156.718,0
14.7362,45.67,0.08746924251317978,2.782,0.7963,156.658,0
14.7375,45.714,0.08647744357585907,2.79,0.8024,156.587,0
14.7387,45.753,0.08481612801551819,2.803,0.8077,156.565,0
14.74,45.791,0.08370954543352127,2.815,0.813,156.504,0
14.7414,45.829,0.08339954167604446,2.823,0.8184,156.468,0
14.7427,45.868,0.08228500932455063,2.838,0.8237,156.436,0
14.7441,45.906,0.08136139810085297,2.853,0.8291,156.406,0
14.7454,45.945,0.08061867207288742,2.869,0.8344,156.345,0
14.7467,45.978,0.07916494458913803,2.889,0.839,156.306,0
14.7481,46.016,0.07867009192705154,2.907,0.8443,156.302,0
14.7493,46.055,0.07796409726142883,2.929,0.8497,156.22,0
14.7506,46.088,0.07665979862213135,2.953,0.8542,156.226,0
14.7519,46.121,0.07535260915756226,2.979,0.8588,156.178,0
14.7533,46.154,0.07429114729166031,3.004,0.8634,156.1,0
14.7546,46.192,0.07307200133800507,3.036,0.8687,156.11,0
14.756,46.225,0.0725964903831482,3.062,0.8733,156.081,0
14.7574,46.258,0.07225339114665985,3.088,0.8779,156.043,0
14.7586,46.291,0.07323264330625534,3.108,0.8825,155.974,0
14.76,46.329,0.07407451421022415,3.135,0.8878,155.917,0
14.7612,46.368,0.07490795105695724,3.163,0.8932,155.921,0
14.7625,46.401,0.07640594244003296,3.185,0.8977,155.864,0
14.7637,46.439,0.07723643630743027,3.217,0.9031,155.809,0
14.765,46.472,0.07790593802928925,3.246,0.9077,155.799,0
14.7663,46.511,0.07831356674432755,3.284,0.913,155.773,0
14.7675,46.544,0.07801558077335358,3.322,0.9176,155.722,0
14.7688,46.582,0.0784342885017395,3.362,0.9229,155.694,0
14.7701,46.615,0.07823313772678375,3.401,0.9275,155.634,0
14.7713,46.653,0.07740765064954758,3.452,0.9328,155.609,0
14.7726,46.686,0.07770729809999466,3.49,0.9374,155.598,0
14.7739,46.719,0.07783488184213638,3.529,0.942,155.554,0
14.7752,46.758,0.0776580348610878,3.578,0.9473,155.514,0
14.7766,46.796,0.07776705920696259,3.626,0.9527,155.513,0
14.7779,46.835,0.07842254638671875,3.671,0.958,155.465,0
14.7792,46.873,0.07954682409763336,3.713,0.9633,155.463,0
14.7805,46.912,0.08063462376594543,3.756,0.9687,155.411,0
14.7819,46.95,0.08179876208305359,3.798,0.974,155.401,0
14.7832,46.994,0.08323100209236145,3.845,0.9801,155.384,0
14.7845,47.032,0.08308666199445724,3.894,0.9855,155.332,0
14.7858,47.071,0.08293460309505463,3.942,0.9908,155.314,0
14.7872,47.109,0.08175202459096909,3.996,0.9962,155.23,0
14.7885,47.148,0.07976797223091125,4.053,0.0015,155.24,0
14.7898,47.181,0.07775399833917618,4.102,0.0061,155.189,0
14.7914,47.219,0.07501175254583359,4.161,0.0114,155.146,0
14.7926,47.252,0.07397165149450302,4.202,0.016,155.126,0
14.794,47.285,0.07321742177009583,4.241,0.0206,155.108,0
14.7954,47.318,0.07253359258174896,4.277,0.0251,155.024,0
14.7967,47.357,0.07357326149940491,4.306,0.0305,155.042,0
14.7981,47.395,0.0744621604681015,4.334,0.0358,155.019,0
14.7994,47.433,0.07687415182590485,4.35,0.0412,154.991,0
14.8007,47.477,0.07946721464395523,4.366,0.0473,154.934,0
14.8021,47.516,0.08188452571630478,4.375,0.0526,154.908,0
14.8034,47.56,0.08378957211971283,4.388,0.0587,154.89,0
14.8047,47.598,0.08376455307006836,4.406,0.0641,154.833,0
14.806,47.642,0.08393827080726624,4.42,0.0702,154.828,0
14.8073,47.681,0.08351649343967438,4.433,0.0755,154.74,0
14.8086,47.719,0.08280693739652634,4.444,0.0808,154.737,0
14.81,47.758,0.08185083419084549,4.452,0.0862,154.692,0
14.8114,47.796,0.0813191756606102,4.454,0.0915,154.654,0
14.8127,47.834,0.08175820112228394,4.446,0.0969,154.629,0
14.814,47.873,0.08177229017019272,4.437,0.1022,154.585,0
14.8153,47.911,0.08245665580034256,4.42,0.1075,154.547,0
14.8165,47.95,0.08264961838722229,4.402,0.1129,154.505,0
14.8179,47.988,0.0826980322599411,4.381,0.1182,154.495,0
14.8191,48.027,0.08214811980724335,4.359,0.1236,154.463,0
14.8204,48.06,0.08095663785934448,4.342,0.1281,154.424,0
14.8217,48.093,0.07891910523176193,4.327,0.1327,154.391,0
14.8231,48.131,0.07659851014614105,4.305,0.1381,154.404,0
14.8243,48.159,0.07457200437784195,4.289,0.1419,154.385,0
14.8255,48.192,0.07349205017089844,4.259,0.1465,154.364,0
14.8269,48.224,0.07150594145059586,4.232,0.151,154.332,0
14.8282,48.257,0.0701218768954277,4.199,0.1556,154.279,0
14.8294,48.285,0.06832031905651093,4.173,0.1594,154.262,0
14.8306,48.312,0.06681474298238754,4.143,0.1632,154.238,0
14.8318,48.34,0.0655905082821846,4.11,0.1671,154.257,0
14.8331,48.367,0.06607913225889206,4.065,0.1709,154.185,0
14.8344,48.395,0.0653228834271431,4.026,0.1747,154.163,0
14.8357,48.428,0.06582153588533401,3.969,0.1793,154.155,0
14.837,48.461,0.06589450687170029,3.912,0.1838,154.135,0
14.8383,48.488,0.0660812109708786,3.862,0.1877,154.105,0
14.8395,48.521,0.06602850556373596,3.802,0.1922,154.073,0
14.8408,48.549,0.06498595327138901,3.757,0.196,154.103,0
14.8421,48.576,0.06478460878133774,3.705,0.1999,154.091,0
14.8434,48.604,0.06331245601177216,3.659,0.2037,154.007,0
14.8447,48.631,0.06124786660075188,3.616,0.2075,154.036,0
14.8459,48.658,0.059439703822135925,3.57,0.2113,153.988,0
14.8471,48.68,0.05797361209988594,3.533,0.2144,153.959,0
14.8484,48.702,0.05685338377952576,3.493,0.2174,153.945,0
14.8497,48.73,0.05594845116138458,3.439,0.2212,153.938,0
14.8511,48.752,0.05485055223107338,3.398,0.2243,153.922,0
14.8523,48.779,0.05301496386528015,3.348,0.2281,153.914,0
14.8537,48.796,0.05148594081401825,3.319,0.2304,153.859,0
14.855,48.823,0.05051079019904137,3.263,0.2342,153.855,0
14.8563,48.84,0.04832107946276665,3.236,0.2365,153.831,0
14.8576,48.862,0.0475221686065197,3.191,0.2395,153.828,0
14.8588,48.884,0.04676242545247078,3.145,0.2426,153.81,0
14.8601,48.906,0.046614713966846466,3.097,0.2456,153.787,0
14.8615,48.928,0.04632975533604622,3.049,0.2487,153.771,0
14.8628,48.95,0.04606609791517258,3.0,0.2517,153.764,0
14.8641,48.972,0.04630941152572632,2.951,0.2548,153.741,0
14.8654,48.994,0.04649801924824715,2.901,0.2578,153.679,0
14.8666,49.016,0.047191470861434937,2.849,0.2609,153.694,0
14.8681,49.037,0.04830888658761978,2.796,0.2639,153.674,0
14.8694,49.065,0.048201512545347214,2.736,0.2678,153.68,0
14.8707,49.087,0.04798756539821625,2.688,0.2708,153.678,0
14.872,49.109,0.04800250008702278,2.64,0.2739,153.658,0
14.8733,49.131,0.04758831486105919,2.594,0.2769,153.605,0
14.8745,49.147,0.04688985273241997,2.562,0.2792,153.557,0
14.8759,49.169,0.04607000574469566,2.518,0.2823,153.565,0
14.8771,49.191,0.0445827953517437,2.477,0.2853,153.593,0
14.8784,49.208,0.04359455034136772,2.445,0.2876,153.583,0
14.8796,49.224,0.042250704020261765,2.414,0.2899,153.533,0
14.8809,49.241,0.0410759299993515,2.383,0.2922,153.495,0
14.8822,49.257,0.03972633183002472,2.351,0.2945,153.521,0
14.8834,49.274,0.03883332759141922,2.319,0.2968,153.503,0
14.8847,49.29,0.038075365126132965,2.286,0.299,153.468,0
14.8861,49.307,0.03720330074429512,2.253,0.3013,153.491,0
14.8874,49.323,0.03622624650597572,2.22,0.3036,153.446,0
14.8887,49.34,0.035632215440273285,2.188,0.3059,153.432,0
14.8901,49.356,0.03528616949915886,2.156,0.3082,153.419,0
14.8916,49.378,0.034530043601989746,2.114,0.3112,153.419,0
14.8928,49.389,0.034712884575128555,2.095,0.3128,153.418,0
14.8944,49.406,0.0348755344748497,2.066,0.3151,153.395,0
14.8958,49.427,0.03434547409415245,2.026,0.3181,153.344,0
14.8972,49.444,0.03441416099667549,1.998,0.3204,153.342,0
14.8985,49.46,0.03360544890165329,1.968,0.3227,153.334,0
14.8998,49.471,0.03353455662727356,1.949,0.3242,153.319,0
14.9011,49.488,0.03326864168047905,1.922,0.3265,153.311,0
14.9023,49.504,0.03260194882750511,1.892,0.3288,153.314,0
14.9036,49.515,0.0322858951985836,1.874,0.3303,153.278,0
14.9051,49.537,0.03251202404499054,1.842,0.3334,153.278,0
14.9064,49.548,0.031802184879779816,1.822,0.3349,153.293,0
14.9076,49.565,0.03126838430762291,1.795,0.3372,153.231,0
14.9091,49.581,0.03165551275014877,1.774,0.3395,153.221,0
14.9103,49.592,0.031701792031526566,1.759,0.341,153.196,0
14.9117,49.609,0.031178895384073257,1.734,0.3433,153.237,0
14.913,49.625,0.030936671420931816,1.711,0.3456,153.182,0
14.9142,49.636,0.031007805839180946,1.698,0.3471,153.187,0
14.9155,49.653,0.03088531270623207,1.677,0.3494,153.176,0
14.9168,49.664,0.03055162914097309,1.662,0.3509,153.108,0
14.9181,49.675,0.030044833198189735,1.645,0.3524,153.142,0
14.9195,49.691,0.030012814328074455,1.626,0.3547,153.092,0
14.9209,49.708,0.030089454725384712,1.609,0.357,153.082,0
14.9221,49.719,0.02977738343179226,1.595,0.3586,153.07,0
14.9234,49.735,0.029051315039396286,1.572,0.3608,153.059,0
14.9247,49.746,0.02803001180291176,1.551,0.3624,153.083,0
14.9261,49.757,0.027229752391576767,1.531,0.3639,153.075,0
14.9274,49.768,0.02684115804731846,1.516,0.3654,153.062,0
14.9286,49.785,0.027306944131851196,1.508,0.3677,153.023,0
14.9299,49.796,0.026537779718637466,1.489,0.3692,153.016,0
14.9312,49.807,0.025768432766199112,1.469,0.3708,153.014,0
14.9325,49.818,0.025274798274040222,1.452,0.3723,152.999,0
14.9339,49.828,0.024683399125933647,1.434,0.3738,153.009,0
14.9352,49.839,0.024167170748114586,1.416,0.3753,152.972,0
14.9365,49.85,0.0238454882055521,1.402,0.3769,152.992,0
14.9379,49.861,0.02350696735084057,1.388,0.3784,152.945,0
14.9391,49.872,0.02332773245871067,1.378,0.3799,152.988,0
14.9404,49.883,0.02358795329928398,1.378,0.3814,152.957,0
14.9418,49.894,0.02392665483057499,1.38,0.383,152.958,0
14.9431,49.905,0.024004949256777763,1.376,0.3845,152.94,0
14.9446,49.916,0.02443026565015316,1.379,0.386,152.93,0
14.9461,49.933,0.024770986288785934,1.379,0.3883,152.899,0
14.9475,49.944,0.02540474198758602,1.385,0.3898,152.884,0
14.9488,49.96,0.02628892846405506,1.391,0.3921,152.856,0
14.9501,49.971,0.02725948952138424,1.399,0.3936,152.876,0
14.9515,49.988,0.027300136163830757,1.394,0.3959,152.846,0
14.9528,49.999,0.027361784130334854,1.392,0.3975,152.853,0
14.9541,50.015,0.02802620828151703,1.394,0.3997,152.867,0
14.9556,50.032,0.028920309618115425,1.397,0.402,152.783,0
14.9569,50.043,0.029458388686180115,1.399,0.4036,152.796,0
14.9582,50.059,0.029749277979135513,1.398,0.4059,152.788,0
14.9595,50.076,0.029765745624899864,1.397,0.4081,152.789,0
14.9607,50.087,0.02995520457625389,1.397,0.4097,152.771,0
14.9622,50.103,0.02966785989701748,1.395,0.412,152.737,0
14.9635,50.114,0.02958681248128414,1.394,0.4135,152.754,0
14.9647,50.131,0.029716407880187035,1.396,0.4158,152.717,0
14.9661,50.142,0.0295566376298666,1.395,0.4173,152.713,0
14.9674,50.158,0.02929598279297352,1.396,0.4196,152.704,0
14.9687,50.169,0.028979746624827385,1.395,0.4211,152.703,0
14.9701,50.186,0.028560733422636986,1.396,0.4234,152.667,0
14.9715,50.197,0.02779548615217209,1.393,0.4249,152.664,0
14.973,50.208,0.026383385062217712,1.383,0.4265,152.636,0
14.9743,50.219,0.026092924177646637,1.383,0.428,152.642,0
14.9756,50.235,0.02555319294333458,1.382,0.4303,152.63,0
14.9771,50.246,0.024761442095041275,1.375,0.4318,152.626,0
14.9784,50.257,0.02403213270008564,1.369,0.4333,152.599,0
14.9798,50.268,0.02387070842087269,1.371,0.4348,152.592,0
14.9811,50.279,0.023625055328011513,1.372,0.4364,152.564,0
14.9824,50.29,0.023388158529996872,1.373,0.4379,152.571,0
14.9837,50.301,0.023340292274951935,1.377,0.4394,152.565,0
14.985,50.312,0.023292114958167076,1.382,0.4409,152.523,0
14.9864,50.323,0.023062188178300858,1.384,0.4425,152.568,0
14.9878,50.334,0.022680820897221565,1.383,0.444,152.504,0
14.9891,50.345,0.02242194302380085,1.385,0.4455,152.536,0
14.9904,50.35,0.022275332361459732,1.385,0.4463,152.508,0
14.9919,50.367,0.022220119833946228,1.394,0.4486,152.475,0
14.9936,50.378,0.022370707243680954,1.404,0.4501,152.451,0
14.9949,50.389,0.022655175998806953,1.417,0.4516,152.475,0
14.9962,50.4,0.023014072328805923,1.431,0.4532,152.494,0
14.9975,50.411,0.023622915148735046,1.449,0.4547,152.491,0
14.9988,50.427,0.024919509887695312,1.478,0.457,152.421,0
15.0001,50.438,0.02590365521609783,1.498,0.4585,152.441,0
15.0014,50.455,0.0265581626445055,1.516,0.4608,152.359,0
15.0028,50.466,0.02742251753807068,1.532,0.4623,152.419,0
15.0042,50.482,0.02865305356681347,1.553,0.4646,152.379,0
15.0055,50.499,0.02954164706170559,1.571,0.4669,152.35,0
15.0069,50.515,0.03068208321928978,1.589,0.4692,152.334,0
15.0083,50.532,0.03234657272696495,1.606,0.4715,152.336,0
15.0095,50.548,0.0337238535284996,1.622,0.4738,152.274,0
15.0109,50.565,0.0347353033721447,1.637,0.476,152.287,0
15.0123,50.587,0.03548291698098183,1.657,0.4791,152.302,0
15.0136,50.603,0.03620898723602295,1.672,0.4814,152.241,0
15.0149,50.62,0.03677307814359665,1.688,0.4837,152.257,0
15.0162,50.641,0.036957886070013046,1.711,0.4867,152.207,0
15.0175,50.658,0.03702387586236,1.728,0.489,152.232,0
15.0188,50.674,0.0371464267373085,1.746,0.4913,152.154,0
15.0202,50.691,0.037060853093862534,1.764,0.4936,152.144,0
15.0214,50.707,0.03584176301956177,1.785,0.4959,152.122,0
15.0227,50.724,0.03532051667571068,1.805,0.4982,152.132,0
15.024,50.74,0.03498757258057594,1.824,0.5005,152.144,0
15.0252,50.751,0.03393736854195595,1.838,0.502,152.104,0
15.0265,50.768,0.0331609845161438,1.858,0.5043,152.101,0
15.0278,50.779,0.03256341069936752,1.87,0.5058,152.071,0
15.0291,50.795,0.03215700387954712,1.89,0.5081,152.068,0
15.0303,50.806,0.03171791136264801,1.902,0.5096,152.032,0
15.0316,50.823,0.031466566026210785,1.922,0.5119,152.071,0
15.0328,50.839,0.03162597492337227,1.943,0.5142,152.026,0
15.0341,50.85,0.031598616391420364,1.956,0.5157,152.01,0
15.0354,50.867,0.031478580087423325,1.977,0.518,151.971,0
15.0366,50.878,0.03200294077396393,1.991,0.5195,151.971,0
15.0379,50.894,0.03259360417723656,2.013,0.5218,151.992,0
15.0391,50.911,0.033037781715393066,2.034,0.5241,151.908,0
15.0404,50.927,0.033228401094675064,2.055,0.5264,151.922,0
15.0417,50.944,0.033279452472925186,2.076,0.5287,151.9,0
15.043,50.96,0.03434605896472931,2.098,0.531,151.892,0
15.0443,50.977,0.03525399789214134,2.118,0.5333,151.871,0
15.0455,50.993,0.03629814460873604,2.138,0.5356,151.868,0
15.0469,51.015,0.03655671700835228,2.166,0.5386,151.831,0
15.0482,51.031,0.037356551736593246,2.186,0.5409,151.795,0
15.0495,51.048,0.038242388516664505,2.205,0.5432,151.793,0
15.0508,51.07,0.03987547382712364,2.229,0.5462,151.75,0
15.0521,51.092,0.04123028367757797,2.253,0.5493,151.736,0
15.0534,51.108,0.041567448526620865,2.273,0.5516,151.73,0
15.0547,51.13,0.04264923557639122,2.297,0.5546,151.71,0
15.0559,51.152,0.04285650700330734,2.324,0.5577,151.655,0
15.0572,51.174,0.04363729804754257,2.348,0.5607,151.644,0
15.0584,51.196,0.044753916561603546,2.371,0.5638,151.613,0
15.0597,51.213,0.0445517860352993,2.392,0.5661,151.635,0
15.061,51.235,0.044042594730854034,2.422,0.5691,151.588,0
15.0624,51.257,0.044435594230890274,2.447,0.5722,151.53,0
15.0636,51.279,0.044482793658971786,2.473,0.5752,151.548,0
15.0649,51.295,0.04362958297133446,2.496,0.5775,151.5,0
15.0661,51.312,0.042800553143024445,2.518,0.5798,151.493,0
15.0674,51.334,0.043076079338788986,2.542,0.5829,151.488,0
15.0687,51.35,0.0421302504837513,2.565,0.5851,151.434,0
15.07,51.372,0.04182343930006027,2.59,0.5882,151.438,0
15.0713,51.389,0.04231975972652435,2.606,0.5905,151.392,0
15.0726,51.411,0.041843265295028687,2.632,0.5935,151.338,0
15.074,51.432,0.04205085337162018,2.654,0.5966,151.325,0
15.0753,51.449,0.043217964470386505,2.667,0.5989,151.313,0
15.0767,51.476,0.04433085024356842,2.69,0.6027,151.31,0
15.0779,51.498,0.04503095895051956,2.708,0.6057,151.242,0
15.0792,51.52,0.04573163017630577,2.726,0.6088,151.261,0
15.0805,51.542,0.04610326141119003,2.745,0.6118,151.201,0
15.0821,51.57,0.04644809290766716,2.768,0.6157,151.184,0
15.0833,51.586,0.0465213768184185,2.781,0.618,151.136,0
15.0846,51.608,0.04677664488554001,2.799,0.621,151.13,0
15.0858,51.63,0.04644780233502388,2.818,0.6241,151.113,0
15.0871,51.652,0.04637643322348595,2.835,0.6271,151.111,0
15.0885,51.674,0.04573801904916763,2.854,0.6302,151.074,0
15.0899,51.696,0.04434416815638542,2.876,0.6332,150.997,0
15.0912,51.713,0.04353925213217735,2.89,0.6355,151.022,0
15.0925,51.735,0.04320221394300461,2.906,0.6385,150.974,0
15.0939,51.751,0.04194418713450432,2.92,0.6408,150.96,0
15.0951,51.773,0.04105450585484505,2.936,0.6439,150.941,0
15.0963,51.784,0.039950743317604065,2.945,0.6454,150.875,0
15.0977,51.801,0.03892001137137413,2.957,0.6477,150.9,0
15.099,51.823,0.03812611475586891,2.969,0.6508,150.891,0
15.1003,51.839,0.03776078298687935,2.978,0.653,150.854,0
15.1016,51.855,0.0368608720600605,2.986,0.6553,150.865,0
15.103,51.872,0.03601200878620148,2.994,0.6576,150.811,0
15.1042,51.888,0.03627407178282738,3.001,0.6599,150.818,0
15.1056,51.905,0.03591413423418999,3.008,0.6622,150.745,0
15.1069,51.921,0.03567606955766678,3.014,0.6645,150.749,0
15.1081,51.938,0.03671427071094513,3.02,0.6668,150.704,0
15.1094,51.954,0.037489064037799835,3.026,0.6691,150.725,0
15.1107,51.976,0.038295816630125046,3.032,0.6721,150.67,0
15.1122,51.998,0.03897064924240112,3.037,0.6752,150.638,0
15.1134,52.015,0.0394393689930439,3.041,0.6775,150.629,0
15.1147,52.037,0.040646038949489594,3.044,0.6805,150.57,0
15.1161,52.053,0.04060594365000725,3.048,0.6828,150.568,0
15.1174,52.075,0.040416114032268524,3.053,0.6859,150.556,0
15.1187,52.092,0.04035642370581627,3.056,0.6881,150.538,0
15.12,52.114,0.0406014658510685,3.059,0.6912,150.472,0
15.1214,52.13,0.039474692195653915,3.063,0.6935,150.463,0
15.1227,52.147,0.03839908540248871,3.067,0.6958,150.503,0
15.124,52.163,0.03677358850836754,3.069,0.6981,150.429,0
15.1253,52.18,0.035318635404109955,3.07,0.7003,150.415,0
15.1266,52.191,0.03457866981625557,3.069,0.7019,150.404,0
15.128,52.207,0.03432242572307587,3.07,0.7042,150.411,0
15.1294,52.224,0.034461747854948044,3.071,0.7065,150.387,0
15.1307,52.24,0.03396070748567581,3.07,0.7087,150.353,0
15.1323,52.256,0.03276732563972473,3.066,0.711,150.318,0
15.1336,52.273,0.03212904557585716,3.063,0.7133,150.326,0
15.1352,52.289,0.03176114335656166,3.061,0.7156,150.301,0
15.1366,52.306,0.03147147223353386,3.058,0.7179,150.283,0
15.1379,52.322,0.031232986599206924,3.056,0.7202,150.311,0
15.1391,52.333,0.03170685097575188,3.059,0.7217,150.243,0
15.1404,52.35,0.03132573142647743,3.056,0.724,150.242,0
15.1417,52.361,0.03038504347205162,3.048,0.7255,150.234,0
15.1431,52.377,0.02984696812927723,3.043,0.7278,150.208,0
15.1444,52.388,0.029593350365757942,3.04,0.7293,150.184,0
15.1457,52.405,0.029442638158798218,3.037,0.7316,150.152,0
15.1471,52.416,0.028958430513739586,3.031,0.7332,150.138,0
15.1484,52.432,0.028331588953733444,3.022,0.7354,150.146,0
15.1497,52.443,0.02886158786714077,3.028,0.737,150.113,0
15.151,52.46,0.028982732445001602,3.028,0.7393,150.086,0
15.1524,52.471,0.029036235064268112,3.027,0.7408,150.075,0
15.1537,52.487,0.02916686423122883,3.027,0.7431,150.079,0
15.1551,52.498,0.0295410118997097,3.03,0.7446,150.07,0
15.1564,52.515,0.02976003848016262,3.031,0.7469,150.028,0
15.1576,52.531,0.03017917275428772,3.033,0.7492,150.022,0
15.1591,52.548,0.030679970979690552,3.036,0.7515,149.996,0
15.1604,52.559,0.031043890863656998,3.037,0.753,149.97,0
15.1617,52.581,0.03264092281460762,3.045,0.756,149.941,0
15.1632,52.597,0.033635418862104416,3.047,0.7583,149.944,0
15.1646,52.614,0.03427303209900856,3.047,0.7606,149.926,0
15.1658,52.635,0.03539503738284111,3.048,0.7637,149.884,0
15.1671,52.652,0.03545588254928589,3.046,0.766,149.83,0
15.1684,52.663,0.0352855809032917,3.045,0.7675,149.829,0
15.1697,52.679,0.03554464131593704,3.044,0.7698,149.819,0
15.1711,52.701,0.035861123353242874,3.043,0.7728,149.811,0
15.1723,52.718,0.03541499003767967,3.042,0.7751,149.793,0
15.1737,52.729,0.03476262092590332,3.04,0.7766,149.775,0
15.175,52.751,0.03502688556909561,3.039,0.7797,149.775,0
15.1763,52.767,0.0352470763027668,3.039,0.782,149.744,0
15.1776,52.784,0.03498557209968567,3.038,0.7843,149.744,0
15.1788,52.795,0.03412672504782677,3.036,0.7858,149.691,0
15.1801,52.811,0.03347980976104736,3.034,0.7881,149.684,0
15.1813,52.822,0.03324670344591141,3.033,0.7896,149.697,0
15.1826,52.839,0.03339851275086403,3.034,0.7919,149.636,0
15.1839,52.855,0.03307988867163658,3.033,0.7942,149.607,0
15.1851,52.872,0.03264966979622841,3.032,0.7965,149.612,0
15.1864,52.883,0.03293285146355629,3.034,0.798,149.566,0
15.1877,52.899,0.033047571778297424,3.035,0.8003,149.604,0
15.1891,52.916,0.03248421102762222,3.034,0.8026,149.576,0
15.1903,52.927,0.032186709344387054,3.034,0.8041,149.539,0
15.1916,52.943,0.03293750807642937,3.039,0.8064,149.485,0
15.1929,52.96,0.03374045714735985,3.043,0.8087,149.515,0
15.1943,52.976,0.03434409201145172,3.047,0.811,149.497,0
15.1956,52.998,0.03486185148358345,3.051,0.814,149.47,0
15.197,53.015,0.035048432648181915,3.054,0.8163,149.482,0
15.1983,53.031,0.03477639704942703,3.057,0.8186,149.437,0
15.1995,53.042,0.034034352749586105,3.058,0.8201,149.41,0
15.2008,53.058,0.03384427726268768,3.061,0.8224,149.402,0
15.2021,53.075,0.03383668139576912,3.065,0.8247,149.42,0
15.2034,53.091,0.03295212611556053,3.066,0.827,149.372,0
15.2047,53.102,0.031893353909254074,3.064,0.8285,149.343,0
15.206,53.119,0.031161652877926826,3.065,0.8308,149.343,0
15.2073,53.13,0.03019011579453945,3.062,0.8323,149.332,0
15.2086,53.141,0.02952238731086254,3.06,0.8339,149.299,0
15.2098,53.152,0.02822444774210453,3.05,0.8354,149.258,0
15.2116,53.163,0.027163660153746605,3.041,0.8369,149.271,0
15.2128,53.179,0.025885310024023056,3.027,0.8392,149.241,0
15.2141,53.19,0.02477071061730385,3.009,0.8407,149.27,0
15.2153,53.201,0.023725347593426704,2.99,0.8423,149.271,0
15.2166,53.207,0.023365218192338943,2.983,0.843,149.219,0
15.2178,53.218,0.022572794929146767,2.966,0.8445,149.223,0
15.2191,53.229,0.022098872810602188,2.957,0.8461,149.203,0
15.2204,53.234,0.02161264605820179,2.943,0.8468,149.243,0
15.2217,53.245,0.020835036411881447,2.921,0.8484,149.143,0
15.2229,53.256,0.020187752321362495,2.901,0.8499,149.173,0
15.2242,53.262,0.01968107931315899,2.883,0.8506,149.177,0
15.2254,53.273,0.01905209757387638,2.86,0.8522,149.175,0
15.2267,53.278,0.018262669444084167,2.823,0.8529,149.159,0
15.2284,53.284,0.01751725748181343,2.786,0.8537,149.148,0
15.2296,53.295,0.016614828258752823,2.737,0.8552,149.165,0
15.2308,53.3,0.01568087562918663,2.678,0.856,149.141,0
15.2321,53.306,0.014823928475379944,2.617,0.8568,149.146,0
15.2333,53.311,0.013745812699198723,2.531,0.8575,149.127,0
15.2345,53.317,0.012989994138479233,2.466,0.8583,149.131,0
15.2357,53.317,0.01240245345979929,2.409,0.8583,149.103,0
15.237,53.322,0.011534060351550579,2.322,0.859,149.109,0
15.2382,53.328,0.010831192135810852,2.247,0.8598,149.145,0
15.2394,53.333,0.010196516290307045,2.176,0.8606,149.127,0
15.2406,53.333,0.009316554293036461,2.065,0.8606,149.063,0
15.2419,53.339,0.008579956367611885,1.97,0.8613,149.053,0
15.2431,53.339,0.007599907461553812,1.831,0.8613,149.066,0
15.2445,53.339,0.006252508610486984,1.624,0.8613,149.119,0
15.2459,53.339,0.004917841870337725,1.404,0.8613,149.123,0
15.2472,53.344,0.0036742636002600193,1.19,0.8621,149.118,0
15.2485,53.339,0.0025897209998220205,0.99,0.8613,149.106,0
15.2497,53.339,0.001760995015501976,0.836,0.8613,149.148,0
15.251,53.339,0.001114505692385137,0.714,0.8613,149.089,0
15.2522,53.339,0.0006822680006735027,0.632,0.8613,149.098,0
15.2534,53.339,4.079813516000286e-05,0.511,0.8613,149.069,0
15.2546,53.339,-0.00026092957705259323,0.453,0.8613,149.103,0
15.2559,53.339,-0.00048246592632494867,0.411,0.8613,149.135,0
15.2571,53.339,-0.000967593165114522,0.319,0.8613,149.082,0
15.2583,53.339,-0.0009431072976440191,0.324,0.8613,149.115,0
15.2596,53.339,-0.0007312428788281977,0.364,0.8613,149.088,0
15.2609,53.339,-0.000743914395570755,0.362,0.8613,149.09,0
15.2622,53.339,-0.0008225753554143012,0.347,0.8613,149.1,0
15.2635,53.339,-0.0009741432149894536,0.318,0.8613,149.094,0
15.2647,53.333,-0.001084084971807897,0.293,0.8606,149.112,0
15.2661,53.333,-0.0008631609380245209,0.335,0.8606,149.098,0
15.2673,53.333,-0.0008050680626183748,0.346,0.8606,149.113,0
15.2685,53.333,-0.0006320751272141933,0.379,0.8606,149.101,0
15.2699,53.333,-0.000520174449775368,0.4,0.8606,149.123,0
15.2711,53.333,-0.0005089721526019275,0.402,0.8606,149.056,0
15.2724,53.333,-0.0003939495072700083,0.424,0.8606,149.109,0
15.2737,53.333,-0.00026949981111101806,0.448,0.8606,149.112,0
15.2751,53.333,-0.00016794446855783463,0.467,0.8606,149.098,0
15.2764,53.333,-0.00010066940012620762,0.48,0.8606,149.099,0
15.2778,53.333,-6.320594548014924e-05,0.487,0.8606,149.093,0
15.2792,53.333,-3.535321229719557e-05,0.492,0.8606,149.124,0
15.2805,53.333,-1.9437367882346734e-05,0.495,0.8606,149.092,0
15.2818,53.333,-4.22704906668514e-05,0.491,0.8606,149.108,0
15.2831,53.333,-0.0002256088046124205,0.456,0.8606,149.079,0
15.2843,53.333,-0.0002182630414608866,0.457,0.8606,149.124,0
15.2856,53.333,-0.00016941360081546009,0.467,0.8606,149.098,0
15.2869,53.333,-0.00011627913772827014,0.477,0.8606,149.108,0
15.2881,53.333,-7.710167119512334e-05,0.484,0.8606,149.098,0
15.2893,53.333,-4.8085861635627225e-05,0.49,0.8606,149.102,0
15.2906,53.333,-2.7884978408110328e-05,0.493,0.8606,149.11,0
15.2919,53.333,-1.502987197454786e-05,0.496,0.8606,149.108,0
15.2931,53.333,-7.745311449980363e-06,0.497,0.8606,149.153,0
15.2945,53.333,-2.848125859600259e-06,0.498,0.8606,149.092,0
15.2958,53.333,1.4369097698363476e-06,0.499,0.8606,149.062,0
15.2971,53.333,3.885500973410672e-06,0.499,0.8606,149.135,0
15.2984,53.333,-0.00013856132864020765,0.472,0.8606,149.093,0
15.2996,53.333,-0.0002557264524511993,0.45,0.8606,149.088,0
15.3009,53.333,-0.000412864814279601,0.42,0.8606,149.095,0
15.3022,53.333,-0.0003531804250087589,0.432,0.8606,149.096,0
15.3034,53.333,-0.00026203153538517654,0.449,0.8606,149.118,0
15.3046,53.333,-0.00018122800975106657,0.464,0.8606,149.051,0
15.3059,53.333,-0.0001504369720350951,0.47,0.8606,149.092,0
15.3071,53.333,-0.00029257769347168505,0.443,0.8606,149.118,0
15.3084,53.333,-0.0003840938152279705,0.426,0.8606,149.078,0
15.3096,53.333,-0.0005273976712487638,0.399,0.8606,149.076,0
15.3111,53.333,-0.000561616790946573,0.392,0.8606,149.155,0
15.3123,53.333,-0.0004254139494150877,0.418,0.8606,149.081,0
15.3136,53.333,-0.0003010866930708289,0.442,0.8606,149.118,0
15.3148,53.333,-0.00042920923442579806,0.417,0.8606,149.112,0
15.3161,53.333,-0.0005677383160218596,0.391,0.8606,149.091,0
15.3174,53.333,-0.0004751815285999328,0.409,0.8606,149.103,0
15.3187,53.333,-0.0003386112512089312,0.434,0.8606,149.116,0
15.3201,53.333,-0.00022401717433240265,0.456,0.8606,149.08,0
15.3214,53.333,-0.00013531693548429757,0.473,0.8606,149.06,0
15.3229,53.333,-0.00037889063241891563,0.427,0.8606,149.125,0
15.3242,53.328,-0.0005021160468459129,0.399,0.8598,149.094,0
15.3255,53.328,-0.00040717184310778975,0.417,0.8598,149.112,0
15.3269,53.328,-0.0002777025511022657,0.442,0.8598,149.095,0
15.3282,53.328,-0.00018220747006125748,0.46,0.8598,149.103,0
15.3295,53.328,-0.0002265882067149505,0.452,0.8598,149.121,0
15.3307,53.328,-0.00030169871752150357,0.437,0.8598,149.105,0
15.3321,53.328,-0.00024782971013337374,0.448,0.8598,149.084,0
15.3333,53.328,-0.00017516777734272182,0.461,0.8598,149.115,0
15.3346,53.328,-0.00011615673429332674,0.473,0.8598,149.122,0
15.3358,53.328,-7.69180478528142e-05,0.48,0.8598,149.109,0
15.3372,53.328,-4.5882148697273806e-05,0.486,0.8598,149.115,0
15.3384,53.328,-0.00021979336452204734,0.453,0.8598,149.101,0
15.3397,53.328,-0.00023901478562038392,0.449,0.8598,149.098,0
15.341,53.328,-0.0001862476347014308,0.459,0.8598,149.107,0
15.3423,53.328,-0.00012852207873947918,0.47,0.8598,149.107,0
15.3435,53.328,-8.597778651164845e-05,0.478,0.8598,149.119,0
15.3449,53.328,-5.243207124294713e-05,0.485,0.8598,149.106,0
15.3462,53.328,-2.9354097932809964e-05,0.489,0.8598,149.114,0
15.3474,53.328,-0.0002316077589057386,0.451,0.8598,149.117,0
15.3487,53.328,-0.00023019983200356364,0.451,0.8598,149.114,0
15.3501,53.328,-0.0002606848138384521,0.445,0.8598,149.096,0
15.3515,53.328,-0.00040496804285794497,0.418,0.8598,149.126,0
15.353,53.328,-0.0004953210591338575,0.401,0.8598,149.111,0
15.3543,53.328,-0.0003798087127506733,0.422,0.8598,149.117,0
15.3556,53.328,-0.0004710800130851567,0.405,0.8598,149.128,0
15.3569,53.328,-0.0004495324974413961,0.409,0.8598,149.122,0
15.3581,53.328,-0.0006122413906268775,0.378,0.8598,149.08,0
15.3594,53.328,-0.0007917843759059906,0.344,0.8598,149.097,0
15.3607,53.328,-0.0007285495521500707,0.356,0.8598,149.121,0
15.362,53.328,-0.0007420779438689351,0.354,0.8598,149.117,0
15.3634,53.328,-0.0009605534723959863,0.312,0.8598,149.109,0
15.3646,53.322,-0.001148176728747785,0.273,0.859,149.085,0
15.3659,53.322,-0.001432947930879891,0.219,0.859,149.112,0
15.3671,53.322,-0.0016045327065512538,0.187,0.859,149.138,0
15.3683,53.322,-0.002016141079366207,0.11,0.859,149.107,0
15.3697,53.317,-0.0024878012482076883,0.018,0.8583,149.097,0
15.3711,53.317,-0.0032166242599487305,-0.116,0.8583,149.11,0
15.3723,53.317,-0.003429773962125182,-0.154,0.8583,149.129,0
15.3735,53.311,-0.0038506868295371532,-0.234,0.8575,149.14,0
15.3749,53.311,-0.004804902710020542,-0.401,0.8575,149.13,0
15.3761,53.306,-0.005894342437386513,-0.587,0.8568,149.123,0
15.3774,53.3,-0.006956053432077169,-0.76,0.856,149.18,0
15.3787,53.295,-0.008139334619045258,-0.94,0.8552,149.156,0
15.38,53.289,-0.009500322863459587,-1.129,0.8545,149.154,0
15.3813,53.284,-0.011127780191600323,-1.33,0.8537,149.135,0
15.3825,53.273,-0.012556536123156548,-1.49,0.8522,149.17,0
15.3837,53.267,-0.014295220375061035,-1.653,0.8514,149.188,0
15.385,53.256,-0.01635069027543068,-1.815,0.8499,149.186,0
15.3864,53.245,-0.0185062475502491,-1.95,0.8484,149.231,0
15.3877,53.229,-0.021735817193984985,-2.1,0.8461,149.173,0
15.3891,53.218,-0.024589285254478455,-2.188,0.8445,149.247,0
15.3903,53.201,-0.02771056815981865,-2.257,0.8423,149.271,0
15.3916,53.179,-0.030951768159866333,-2.309,0.8392,149.251,0
15.3931,53.163,-0.03404207527637482,-2.338,0.8369,149.265,0
15.3945,53.141,-0.03761763125658035,-2.362,0.8339,149.291,0
15.3958,53.113,-0.04215780645608902,-2.38,0.83,149.337,0
15.3971,53.086,-0.045116499066352844,-2.396,0.8262,149.4,0
15.3984,53.058,-0.04855169355869293,-2.407,0.8224,149.403,0
15.3996,53.031,-0.05105292797088623,-2.421,0.8186,149.389,0
15.4011,53.004,-0.054042406380176544,-2.432,0.8148,149.452,0
15.4023,52.971,-0.05673156678676605,-2.447,0.8102,149.461,0
15.4037,52.943,-0.058859385550022125,-2.46,0.8064,149.512,0
15.405,52.91,-0.060601428151130676,-2.479,0.8018,149.561,0
15.4063,52.883,-0.06206715479493141,-2.493,0.798,149.546,0
15.4075,52.85,-0.06368181854486465,-2.51,0.7934,149.661,0
15.4088,52.817,-0.06589797139167786,-2.522,0.7888,149.656,0
15.4101,52.784,-0.06728252023458481,-2.537,0.7843,149.696,0
15.4114,52.751,-0.06849383562803268,-2.552,0.7797,149.715,0
15.4127,52.718,-0.07025688141584396,-2.561,0.7751,149.785,0
15.414,52.679,-0.07227513194084167,-2.569,0.7698,149.824,0
15.4153,52.646,-0.07411757856607437,-2.574,0.7652,149.822,0
15.4166,52.608,-0.07584500312805176,-2.579,0.7599,149.896,0
15.4179,52.57,-0.078022301197052,-2.578,0.7545,149.928,0
15.4193,52.531,-0.07933768630027771,-2.579,0.7492,149.966,0
15.4207,52.487,-0.08005206286907196,-2.581,0.7431,150.012,0
15.422,52.443,-0.08209528774023056,-2.571,0.737,150.031,0
15.4233,52.405,-0.08252659440040588,-2.567,0.7316,150.136,0
15.4247,52.366,-0.08346354961395264,-2.557,0.7263,150.147,0
15.4261,52.317,-0.08519848436117172,-2.535,0.7194,150.213,0
15.4274,52.278,-0.08545584231615067,-2.521,0.7141,150.233,0
15.4289,52.234,-0.08664548397064209,-2.496,0.708,150.331,0
15.4303,52.185,-0.08713148534297943,-2.467,0.7011,150.318,0
15.4315,52.141,-0.08823806792497635,-2.434,0.695,150.447,0
15.4328,52.103,-0.09010125696659088,-2.396,0.6897,150.466,0
15.4341,52.059,-0.09122008085250854,-2.356,0.6836,150.498,0
15.4354,52.009,-0.09244970232248306,-2.306,0.6767,150.587,0
15.4367,51.965,-0.09384452551603317,-2.257,0.6706,150.595,0
15.4382,51.916,-0.09459172189235687,-2.203,0.6637,150.688,0
15.4395,51.866,-0.09531570971012115,-2.147,0.6569,150.767,0
15.4409,51.823,-0.095206618309021,-2.099,0.6508,150.785,0
15.4422,51.779,-0.095658078789711,-2.046,0.6447,150.872,0
15.4435,51.729,-0.09608439356088638,-1.985,0.6378,150.87,0
15.4449,51.685,-0.09622856229543686,-1.931,0.6317,150.972,0
15.4463,51.636,-0.09718667715787888,-1.866,0.6248,151.021,0
15.4476,51.586,-0.09805593639612198,-1.801,0.618,151.036,0
15.449,51.537,-0.09867694973945618,-1.738,0.6111,151.144,0
15.4503,51.487,-0.1000613197684288,-1.672,0.6042,151.197,0
15.4517,51.438,-0.09942800551652908,-1.619,0.5974,151.252,0
15.4534,51.383,-0.09933029860258102,-1.561,0.5897,151.355,0
15.4547,51.328,-0.09928438067436218,-1.505,0.5821,151.408,0
15.456,51.284,-0.09844371676445007,-1.469,0.576,151.412,0
15.4573,51.24,-0.09837111085653305,-1.432,0.5699,151.485,0
15.4586,51.196,-0.09802218526601791,-1.4,0.5638,151.587,0
15.4599,51.152,-0.09759420901536942,-1.373,0.5577,151.641,0
15.4612,51.103,-0.0973535031080246,-1.347,0.5508,151.743,0
15.4625,51.059,-0.09663473069667816,-1.332,0.5447,151.737,0
15.4638,51.015,-0.09554284065961838,-1.324,0.5386,151.806,0
15.465,50.977,-0.09484648704528809,-1.32,0.5333,151.81,0
15.4663,50.933,-0.09442354738712311,-1.319,0.5272,151.894,0
15.4675,50.894,-0.09403426945209503,-1.323,0.5218,151.936,0
15.4689,50.845,-0.09342806786298752,-1.335,0.515,151.964,0
15.4702,50.806,-0.09332804381847382,-1.348,0.5096,152.041,0
15.4715,50.762,-0.09284940361976624,-1.371,0.5035,152.077,0
15.4728,50.713,-0.09220927208662033,-1.405,0.4966,152.168,0
15.4741,50.674,-0.09284448623657227,-1.431,0.4913,152.172,0
15.4754,50.63,-0.09322486817836761,-1.469,0.4852,152.199,0
15.4767,50.587,-0.09379037469625473,-1.512,0.4791,152.276,0
15.478,50.543,-0.09347660094499588,-1.566,0.473,152.284,0
15.4793,50.499,-0.09312371164560318,-1.628,0.4669,152.356,0
15.4805,50.46,-0.09260968863964081,-1.688,0.4615,152.414,0
15.4819,50.416,-0.09180275350809097,-1.764,0.4554,152.451,0
15.4833,50.372,-0.09044435620307922,-1.849,0.4493,152.51,0
15.4846,50.328,-0.09016288816928864,-1.934,0.4432,152.545,0
15.4858,50.29,-0.08923119306564331,-2.016,0.4379,152.564,0
15.4871,50.251,-0.08860979974269867,-2.101,0.4326,152.6,0
15.4884,50.213,-0.08873381465673447,-2.185,0.4272,152.643,0
15.4896,50.169,-0.08857348561286926,-2.287,0.4211,152.681,0
15.491,50.125,-0.08875074982643127,-2.392,0.415,152.695,0
15.4922,50.087,-0.08855223655700684,-2.489,0.4097,152.769,0
15.4934,50.048,-0.08979257196187973,-2.579,0.4043,152.838,0
15.4948,50.004,-0.08902189135551453,-2.699,0.3982,152.831,0
15.4961,49.966,-0.0891108363866806,-2.801,0.3929,152.879,0
15.4973,49.922,-0.08952702581882477,-2.918,0.3868,152.922,0
15.4986,49.883,-0.0891021341085434,-3.027,0.3814,152.964,0
15.4998,49.845,-0.08844076842069626,-3.138,0.3761,153.039,0
15.5011,49.807,-0.08826318383216858,-3.247,0.3708,153.0,0
15.5023,49.768,-0.08803890645503998,-3.356,0.3654,153.083,0
15.5035,49.724,-0.08945932984352112,-3.471,0.3593,153.168,0
15.5049,49.68,-0.09136053919792175,-3.582,0.3532,153.159,0
15.5061,49.636,-0.09277259558439255,-3.695,0.3471,153.218,0
15.5074,49.592,-0.09439533203840256,-3.805,0.341,153.233,0
15.5086,49.548,-0.09563735872507095,-3.915,0.3349,153.298,0
15.5098,49.504,-0.09742690622806549,-4.018,0.3288,153.354,0
15.5111,49.455,-0.09969814121723175,-4.129,0.3219,153.342,0
15.5123,49.411,-0.10079667717218399,-4.23,0.3158,153.458,0
15.5136,49.362,-0.10309187322854996,-4.331,0.309,153.448,0
15.5149,49.312,-0.10400868952274323,-4.434,0.3021,153.533,0
15.5162,49.263,-0.10512439161539078,-4.529,0.2952,153.583,0
15.5173,49.213,-0.10624885559082031,-4.617,0.2884,153.594,0
15.5185,49.164,-0.10790661722421646,-4.693,0.2815,153.646,0
15.5199,49.114,-0.1091722920536995,-4.764,0.2746,153.698,0
15.5211,49.054,-0.11224358528852463,-4.829,0.2662,153.738,0
15.5224,49.005,-0.1146990954875946,-4.872,0.2594,153.756,0
15.5236,48.95,-0.11700725555419922,-4.91,0.2517,153.805,0
15.5249,48.895,-0.1185181587934494,-4.942,0.2441,153.851,0
15.5261,48.84,-0.12019307166337967,-4.959,0.2365,153.93,0
15.5273,48.785,-0.12122496217489243,-4.968,0.2289,154.002,0
15.5287,48.73,-0.12207525223493576,-4.965,0.2212,153.999,0
15.53,48.664,-0.12220466136932373,-4.95,0.2121,154.083,0
15.5312,48.609,-0.12274470925331116,-4.921,0.2044,154.124,0
15.5324,48.554,-0.12358764559030533,-4.878,0.1968,154.123,0
15.5336,48.499,-0.12578068673610687,-4.814,0.1892,154.218,0
15.5349,48.439,-0.12733568251132965,-4.736,0.1808,154.21,0
15.5362,48.378,-0.12836165726184845,-4.647,0.1724,154.282,0
15.5374,48.318,-0.12872572243213654,-4.55,0.164,154.308,0
15.5386,48.263,-0.12925639748573303,-4.45,0.1564,154.327,0
15.5398,48.208,-0.12914913892745972,-4.345,0.1487,154.384,0
15.5411,48.153,-0.12872694432735443,-4.234,0.1411,154.427,0
15.5423,48.093,-0.12914332747459412,-4.098,0.1327,154.512,0
15.5435,48.038,-0.13081558048725128,-3.96,0.1251,154.501,0
15.5448,47.977,-0.1324283927679062,-3.804,0.1167,154.595,0
15.5461,47.911,-0.1348072737455368,-3.624,0.1075,154.636,0
15.5473,47.845,-0.13694874942302704,-3.441,0.0984,154.717,0
15.5486,47.785,-0.1380758285522461,-3.276,0.09,154.74,0
15.5498,47.719,-0.13869929313659668,-3.099,0.0808,154.798,0
15.5512,47.659,-0.13853587210178375,-2.941,0.0724,154.854,0
15.5524,47.593,-0.13794445991516113,-2.775,0.0633,154.929,0
15.5537,47.527,-0.13787485659122467,-2.609,0.0541,154.964,0
15.5549,47.466,-0.13809289038181305,-2.461,0.0457,155.013,0
15.5561,47.406,-0.13714852929115295,-2.325,0.0374,155.043,0
15.5573,47.351,-0.13596878945827484,-2.21,0.0297,155.088,0
15.5586,47.291,-0.13490164279937744,-2.089,0.0213,155.164,0
15.5598,47.23,-0.13257120549678802,-1.985,0.0129,155.189,0
15.5611,47.181,-0.13062630593776703,-1.907,0.0061,155.24,0
15.5623,47.12,-0.1299278289079666,-1.811,0.9977,155.293,0
15.5636,47.065,-0.1291128247976303,-1.733,0.9901,155.357,0
15.5649,47.005,-0.12902013957500458,-1.654,0.9817,155.397,0
15.5662,46.945,-0.12960217893123627,-1.582,0.9733,155.435,0
15.5674,46.884,-0.1298971176147461,-1.524,0.9649,155.488,0
15.5686,46.829,-0.1301046460866928,-1.481,0.9572,155.543,0
15.5698,46.774,-0.1293315291404724,-1.453,0.9496,155.592,0
15.5711,46.719,-0.12823455035686493,-1.437,0.942,155.605,0
15.5726,46.659,-0.12664149701595306,-1.432,0.9336,155.647,0
15.574,46.593,-0.12455493956804276,-1.441,0.9244,155.672,0
15.5753,46.533,-0.12290704250335693,-1.458,0.916,155.764,0
15.5766,46.483,-0.12164478749036789,-1.479,0.9092,155.8,0
15.5779,46.423,-0.12048734724521637,-1.509,0.9008,155.849,0
15.5792,46.373,-0.11901600658893585,-1.544,0.8939,155.906,0
15.5804,46.318,-0.11749716848134995,-1.587,0.8863,155.939,0
15.5816,46.269,-0.11539100110530853,-1.634,0.8794,155.995,0
15.5829,46.225,-0.11346201598644257,-1.68,0.8733,156.047,0
15.5842,46.176,-0.11076696217060089,-1.738,0.8665,156.104,0
15.5854,46.132,-0.10858515650033951,-1.791,0.8604,156.142,0
15.5866,46.088,-0.10602980107069016,-1.847,0.8542,156.196,0
15.588,46.038,-0.10497911274433136,-1.901,0.8474,156.24,0
15.5892,45.989,-0.10493002831935883,-1.95,0.8405,156.287,0
15.5904,45.945,-0.10462740063667297,-1.995,0.8344,156.322,0
15.5917,45.895,-0.10488768666982651,-2.043,0.8275,156.378,0
15.593,45.851,-0.104913629591465,-2.085,0.8214,156.414,0
15.5942,45.802,-0.10555025935173035,-2.129,0.8146,156.47,0
15.5955,45.753,-0.10552233457565308,-2.174,0.8077,156.512,0
15.5967,45.703,-0.10630390793085098,-2.212,0.8008,156.556,0
15.5979,45.659,-0.10633783787488937,-2.248,0.7947,156.651,0
15.5992,45.61,-0.10700202733278275,-2.282,0.7879,156.71,0
15.6004,45.56,-0.10741280019283295,-2.313,0.781,156.72,0
15.6017,45.511,-0.10874947905540466,-2.334,0.7741,156.801,0
15.6031,45.461,-0.10977334529161453,-2.353,0.7673,156.864,0
15.6043,45.401,-0.11171140521764755,-2.366,0.7589,156.933,0
15.6055,45.352,-0.11313759535551071,-2.372,0.752,156.981,0
15.6067,45.302,-0.11437522619962692,-2.374,0.7451,157.001,0
15.608,45.247,-0.11640018969774246,-2.366,0.7375,157.084,0
15.6093,45.192,-0.1172286868095398,-2.358,0.7299,157.148,0
15.6105,45.137,-0.11801283806562424,-2.344,0.7223,157.208,0
15.6119,45.077,-0.1196393072605133,-2.315,0.7139,157.28,0
15.6132,45.022,-0.11950340121984482,-2.293,0.7062,157.348,0
15.6144,44.967,-0.12055666744709015,-2.256,0.6986,157.418,0
15.6156,44.912,-0.12127435207366943,-2.216,0.691,157.488,0
15.6169,44.857,-0.12212547659873962,-2.169,0.6833,157.522,0
15.6181,44.797,-0.12346474081277847,-2.109,0.675,157.607,0
15.6195,44.742,-0.12421511113643646,-2.052,0.6673,157.7,0
15.6207,44.681,-0.12460358440876007,-1.987,0.6589,157.742,0
15.6221,44.626,-0.1252109557390213,-1.923,0.6513,157.791,0
15.6233,44.561,-0.12640060484409332,-1.84,0.6422,157.953,0
15.6246,44.506,-0.12731871008872986,-1.77,0.6345,157.975,0
15.6258,44.445,-0.12785190343856812,-1.693,0.6261,158.022,0
15.6271,44.385,-0.12977881729602814,-1.609,0.6177,158.108,0
15.6284,44.324,-0.13043884932994843,-1.533,0.6093,158.213,0
15.6296,44.264,-0.13118456304073334,-1.458,0.601,158.252,0
15.6308,44.203,-0.13184165954589844,-1.387,0.5926,158.358,0
15.6321,44.149,-0.13206426799297333,-1.329,0.5849,158.403,0
15.6333,44.088,-0.13231781125068665,-1.27,0.5765,158.466,0
15.6346,44.028,-0.13227447867393494,-1.219,0.5681,158.55,0
15.636,43.967,-0.1323179453611374,-1.175,0.5598,158.625,0
15.6373,43.896,-0.1332043558359146,-1.128,0.5498,158.755,0
15.6386,43.835,-0.13291482627391815,-1.106,0.5414,158.79,0
15.6399,43.775,-0.13338947296142578,-1.089,0.5331,158.891,0
15.6411,43.715,-0.13337992131710052,-1.085,0.5247,158.906,0
15.6424,43.654,-0.1327381432056427,-1.097,0.5163,159.035,0
15.6437,43.594,-0.1325816661119461,-1.118,0.5079,159.096,0
15.6451,43.533,-0.1323481947183609,-1.151,0.4995,159.206,0
15.6464,43.467,-0.13182982802391052,-1.203,0.4903,159.256,0
15.6477,43.407,-0.13210786879062653,-1.259,0.4819,159.301,0
15.649,43.347,-0.1323709338903427,-1.328,0.4735,159.402,0
15.6502,43.286,-0.1317531019449234,-1.414,0.4651,159.436,0
15.6515,43.226,-0.13088692724704742,-1.514,0.4568,159.526,0
15.6529,43.171,-0.12978963553905487,-1.616,0.4491,159.518,0
15.6543,43.105,-0.12867559492588043,-1.749,0.44,159.633,0
15.6556,43.039,-0.12788935005664825,-1.893,0.4308,159.663,0
15.6569,42.984,-0.12745894491672516,-2.019,0.4232,159.718,0
15.6581,42.929,-0.12619613111019135,-2.158,0.4156,159.84,0
15.6594,42.869,-0.12571334838867188,-2.311,0.4072,159.86,0
15.6607,42.814,-0.12554892897605896,-2.455,0.3995,159.913,0
15.6621,42.753,-0.1251419633626938,-2.619,0.3911,159.944,0
15.6634,42.693,-0.12393800169229507,-2.792,0.3828,160.053,0
15.6647,42.638,-0.12362519651651382,-2.947,0.3751,160.079,0
15.6659,42.583,-0.12281914800405502,-3.106,0.3675,160.197,0
15.6672,42.528,-0.12309668958187103,-3.258,0.3599,160.228,0
15.6684,42.468,-0.12365014106035233,-3.423,0.3515,160.268,0
15.6698,42.413,-0.12450788170099258,-3.569,0.3438,160.279,0
15.6711,42.347,-0.12520091235637665,-3.741,0.3347,160.374,0
15.6723,42.292,-0.12547411024570465,-3.882,0.3271,160.434,0
15.6738,42.226,-0.12648135423660278,-4.04,0.3179,160.513,0
15.6752,42.166,-0.12776607275009155,-4.174,0.3095,160.57,0
15.6765,42.1,-0.12864701449871063,-4.313,0.3004,160.603,0
15.6778,42.039,-0.13006480038166046,-4.425,0.292,160.714,0
15.6791,41.973,-0.13149213790893555,-4.536,0.2828,160.735,0
15.6804,41.913,-0.1336267590522766,-4.619,0.2744,160.813,0
15.6817,41.841,-0.13573057949543,-4.703,0.2645,160.816,0
15.6829,41.776,-0.13864310085773468,-4.757,0.2553,160.876,0
15.6842,41.71,-0.1407727748155594,-4.798,0.2462,160.951,0
15.6854,41.649,-0.14213956892490387,-4.824,0.2378,161.018,0
15.6867,41.578,-0.14410199224948883,-4.832,0.2279,161.094,0
15.6879,41.512,-0.1446915566921234,-4.828,0.2187,161.113,0
15.6891,41.446,-0.14531128108501434,-4.804,0.2096,161.161,0
15.6904,41.385,-0.14641325175762177,-4.764,0.2012,161.21,0
15.6916,41.314,-0.14723195135593414,-4.7,0.1913,161.282,0
15.693,41.243,-0.14799198508262634,-4.617,0.1813,161.369,0
15.6943,41.171,-0.1496037095785141,-4.509,0.1714,161.382,0
15.6955,41.105,-0.1499454230070114,-4.402,0.1623,161.442,0
15.6968,41.039,-0.1504848599433899,-4.279,0.1531,161.494,0
15.698,40.968,-0.15019679069519043,-4.137,0.1432,161.544,0
15.6993,40.902,-0.15002036094665527,-3.994,0.134,161.603,0
15.7006,40.831,-0.15077337622642517,-3.824,0.1241,161.665,0
15.7019,40.759,-0.15212829411029816,-3.641,0.1142,161.727,0
15.7031,40.688,-0.15345630049705505,-3.451,0.1043,161.797,0
15.7044,40.611,-0.15555627644062042,-3.239,0.0936,161.827,0
15.7057,40.545,-0.15615753829479218,-3.062,0.0844,161.882,0
15.707,40.468,-0.1568656861782074,-2.856,0.0738,161.919,0
15.7082,40.397,-0.15690076351165771,-2.671,0.0638,161.979,0
15.7095,40.325,-0.15742656588554382,-2.488,0.0539,162.034,0
15.7108,40.254,-0.1574353277683258,-2.315,0.044,162.118,0
15.7121,40.177,-0.15729258954524994,-2.139,0.0333,162.2,0
15.7133,40.106,-0.15657860040664673,-1.99,0.0234,162.271,0
15.7146,40.04,-0.15524159371852875,-1.867,0.0143,162.273,0
15.7159,39.974,-0.15294115245342255,-1.761,0.0051,162.341,0
15.7172,39.908,-0.14979439973831177,-1.672,0.9959,162.385,0
15.7184,39.842,-0.1487569957971573,-1.583,0.9868,162.444,0
15.7197,39.776,-0.14752070605754852,-1.509,0.9776,162.498,0
15.7211,39.705,-0.14691829681396484,-1.44,0.9677,162.587,0
15.7223,39.639,-0.14640286564826965,-1.39,0.9586,162.644,0
15.7235,39.573,-0.14580583572387695,-1.354,0.9494,162.673,0
15.7248,39.507,-0.1443956345319748,-1.336,0.9402,162.719,0
15.7261,39.446,-0.1425091028213501,-1.335,0.9319,162.706,0
15.7273,39.386,-0.14085660874843597,-1.344,0.9235,162.78,0
15.7286,39.326,-0.13862599432468414,-1.365,0.9151,162.837,0
15.73,39.26,-0.13757304847240448,-1.391,0.9059,162.908,0
15.7313,39.199,-0.13687212765216827,-1.423,0.8975,162.925,0
15.7327,39.133,-0.1353989541530609,-1.469,0.8884,163.016,0
15.7342,39.056,-0.1352127343416214,-1.525,0.8777,163.089,0
15.7354,39.001,-0.13323725759983063,-1.581,0.8701,163.114,0
15.7367,38.941,-0.13141484558582306,-1.645,0.8617,163.193,0
15.7379,38.886,-0.12923277914524078,-1.709,0.854,163.252,0
15.7391,38.837,-0.12730929255485535,-1.768,0.8472,163.341,0
15.7404,38.782,-0.12515905499458313,-1.835,0.8395,163.386,0
15.7417,38.727,-0.12385707348585129,-1.898,0.8319,163.428,0
15.743,38.666,-0.12334293127059937,-1.96,0.8235,163.474,0
15.7444,38.611,-0.12302381545305252,-2.015,0.8159,163.538,0
15.7456,38.551,-0.12301009893417358,-2.071,0.8075,163.626,0
15.747,38.491,-0.12321010231971741,-2.121,0.7991,163.669,0
15.7482,38.441,-0.12218506634235382,-2.167,0.7922,163.732,0
15.7494,38.386,-0.1218000277876854,-2.209,0.7846,163.751,0
15.7507,38.331,-0.12215623259544373,-2.242,0.777,163.797,0
15.752,38.271,-0.12340140342712402,-2.267,0.7686,163.873,0
15.7532,38.216,-0.1242651417851448,-2.286,0.761,163.962,0
15.7544,38.156,-0.12621146440505981,-2.293,0.7526,164.046,0
15.7556,38.101,-0.12783114612102509,-2.293,0.7449,164.091,0
15.757,38.04,-0.1292761266231537,-2.288,0.7365,164.161,0
15.7582,37.98,-0.12997564673423767,-2.28,0.7281,164.24,0
15.7595,37.919,-0.13080069422721863,-2.262,0.7198,164.329,0
15.7609,37.853,-0.1309717893600464,-2.238,0.7106,164.373,0
15.7621,37.793,-0.13127970695495605,-2.207,0.7022,164.436,0
15.7634,37.733,-0.1311269849538803,-2.171,0.6938,164.514,0
15.7648,37.672,-0.13168814778327942,-2.123,0.6854,164.574,0
15.7661,37.606,-0.1316487342119217,-2.068,0.6763,164.657,0
15.7673,37.551,-0.13168399035930634,-2.016,0.6686,164.721,0
15.7685,37.491,-0.13108162581920624,-1.958,0.6602,164.776,0
15.7699,37.43,-0.13086141645908356,-1.894,0.6519,164.832,0
15.7712,37.365,-0.13118359446525574,-1.816,0.6427,164.932,0
15.7724,37.304,-0.13196830451488495,-1.74,0.6343,165.027,0
15.7737,37.244,-0.1322782337665558,-1.665,0.6259,165.102,0
15.7749,37.183,-0.13311725854873657,-1.587,0.6175,165.13,0
15.7762,37.123,-0.13325902819633484,-1.514,0.6091,165.24,0
15.7774,37.062,-0.13378235697746277,-1.441,0.6007,165.339,0
15.7788,37.002,-0.1348053216934204,-1.368,0.5923,165.428,0
15.78,36.942,-0.134800985455513,-1.305,0.584,165.498,0
15.7813,36.876,-0.13500182330608368,-1.242,0.5748,165.539,0
15.7826,36.815,-0.13461469113826752,-1.195,0.5664,165.64,0
15.7841,36.744,-0.1353754699230194,-1.141,0.5565,165.729,0
15.7853,36.678,-0.1357211470603943,-1.105,0.5473,165.811,0
15.7866,36.617,-0.1355251967906952,-1.085,0.5389,165.907,0
15.7878,36.557,-0.1353141814470291,-1.075,0.5305,165.937,0
15.7891,36.497,-0.13536888360977173,-1.074,0.5222,166.015,0
15.7904,36.436,-0.13524535298347473,-1.086,0.5138,166.113,0
15.7916,36.376,-0.13517025113105774,-1.11,0.5054,166.164,0
15.7928,36.315,-0.1347312182188034,-1.149,0.497,166.238,0
15.7941,36.255,-0.13472944498062134,-1.197,0.4886,166.299,0
15.7955,36.194,-0.13415679335594177,-1.261,0.4802,166.354,0
15.7967,36.129,-0.1341092884540558,-1.341,0.471,166.427,0
15.798,36.074,-0.1336681842803955,-1.421,0.4634,166.522,0
15.7993,36.008,-0.1331571489572525,-1.531,0.4543,166.565,0
15.8005,35.953,-0.13183382153511047,-1.637,0.4466,166.617,0
15.8019,35.887,-0.13076446950435638,-1.774,0.4375,166.672,0
15.8032,35.832,-0.13045081496238708,-1.893,0.4298,166.758,0
15.8045,35.771,-0.12955938279628754,-2.036,0.4214,166.838,0
15.8058,35.711,-0.12891696393489838,-2.185,0.4131,166.893,0
15.8071,35.656,-0.12859869003295898,-2.326,0.4054,166.958,0
15.8083,35.596,-0.12757015228271484,-2.49,0.397,167.018,0
15.8095,35.541,-0.1268346607685089,-2.643,0.3894,167.075,0
15.8109,35.48,-0.12550397217273712,-2.817,0.381,167.115,0
15.8123,35.42,-0.12440870702266693,-2.992,0.3726,167.214,0
15.8136,35.359,-0.12354271858930588,-3.167,0.3642,167.249,0
15.8149,35.305,-0.12312132865190506,-3.324,0.3566,167.284,0
15.8162,35.244,-0.12428268790245056,-3.484,0.3482,167.37,0
15.8174,35.189,-0.12488400936126709,-3.63,0.3406,167.445,0
15.8186,35.134,-0.1254594326019287,-3.773,0.3329,167.484,0
15.82,35.074,-0.12661583721637726,-3.921,0.3246,167.538,0
15.8212,35.013,-0.12764614820480347,-4.063,0.3162,167.602,0
15.8224,34.953,-0.1287596970796585,-4.196,0.3078,167.625,0
15.8237,34.898,-0.12947866320610046,-4.311,0.3001,167.668,0
15.825,34.838,-0.1306341588497162,-4.425,0.2917,167.778,0
15.8263,34.772,-0.13151179254055023,-4.538,0.2826,167.822,0
15.8275,34.711,-0.13395431637763977,-4.62,0.2742,167.871,0
15.8287,34.645,-0.1370815485715866,-4.69,0.265,167.946,0
15.8301,34.579,-0.13932019472122192,-4.749,0.2559,168.006,0
15.8313,34.514,-0.1416371762752533,-4.791,0.2467,168.044,0
15.8326,34.448,-0.14395703375339508,-4.814,0.2376,168.132,0
15.8339,34.376,-0.14599943161010742,-4.821,0.2277,168.141,0
15.8351,34.305,-0.14712540805339813,-4.812,0.2177,168.24,0
15.8364,34.239,-0.14746041595935822,-4.788,0.2086,168.275,0
15.8377,34.173,-0.14734859764575958,-4.75,0.1994,168.325,0
15.8391,34.102,-0.1476213037967682,-4.686,0.1895,168.398,0
15.8403,34.03,-0.14871393144130707,-4.597,0.1796,168.454,0
15.8416,33.959,-0.14966565370559692,-4.49,0.1697,168.523,0
15.8431,33.882,-0.14996065199375153,-4.36,0.159,168.573,0
15.8444,33.81,-0.14987683296203613,-4.226,0.1491,168.6,0
15.8456,33.739,-0.14960253238677979,-4.079,0.1392,168.709,0
15.8469,33.679,-0.14908552169799805,-3.946,0.1308,168.721,0
15.8482,33.602,-0.15036895871162415,-3.756,0.1201,168.754,0
15.8495,33.53,-0.15135996043682098,-3.572,0.1102,168.859,0
15.8508,33.453,-0.15255890786647797,-3.368,0.0995,168.927,0
15.8521,33.387,-0.1536388099193573,-3.189,0.0903,168.985,0
15.8534,33.311,-0.15445393323898315,-2.981,0.0797,169.019,0
15.8548,33.239,-0.1548454612493515,-2.793,0.0697,169.105,0
15.8561,33.162,-0.15487441420555115,-2.596,0.0591,169.132,0
15.8574,33.091,-0.15561872720718384,-2.414,0.0491,169.196,0
15.8586,33.019,-0.1563032865524292,-2.241,0.0392,169.256,0
15.8598,32.953,-0.15605340898036957,-2.094,0.0301,169.302,0
15.8612,32.882,-0.15605378150939941,-1.945,0.0201,169.363,0
15.8624,32.805,-0.15495973825454712,-1.804,0.0095,169.385,0
15.8638,32.739,-0.1532619297504425,-1.701,0.0003,169.458,0
15.8651,32.668,-0.15101324021816254,-1.605,0.9904,169.522,0
15.8663,32.602,-0.1490636169910431,-1.53,0.9812,169.594,0
15.8675,32.542,-0.14659486711025238,-1.477,0.9728,169.631,0
15.8688,32.476,-0.1450652927160263,-1.426,0.9637,169.7,0
15.8701,32.41,-0.14431816339492798,-1.383,0.9545,169.767,0
15.8714,32.349,-0.14271555840969086,-1.362,0.9461,169.797,0
15.8727,32.283,-0.14124242961406708,-1.349,0.937,169.788,0
15.874,32.223,-0.13965721428394318,-1.351,0.9286,169.873,0
15.8752,32.162,-0.13864478468894958,-1.359,0.9202,169.93,0
15.8765,32.102,-0.13740776479244232,-1.379,0.9118,169.956,0
15.8778,32.042,-0.13605625927448273,-1.408,0.9034,170.005,0
15.8792,31.976,-0.13500256836414337,-1.446,0.8943,170.088,0
15.8805,31.91,-0.13345615565776825,-1.497,0.8851,170.153,0
15.8819,31.855,-0.13232821226119995,-1.543,0.8775,170.187,0
15.8831,31.789,-0.13090914487838745,-1.606,0.8683,170.239,0
15.8844,31.734,-0.1287253499031067,-1.668,0.8607,170.282,0
15.8857,31.679,-0.1269821971654892,-1.729,0.8531,170.368,0
15.8871,31.619,-0.12564288079738617,-1.796,0.8447,170.401,0
15.8885,31.558,-0.12452173233032227,-1.863,0.8363,170.456,0
15.8899,31.492,-0.12340210378170013,-1.935,0.8271,170.512,0
15.8912,31.437,-0.1234247013926506,-1.988,0.8195,170.606,0
15.8924,31.382,-0.12302642315626144,-2.042,0.8119,170.669,0
15.8937,31.328,-0.12286683917045593,-2.092,0.8042,170.708,0
15.8952,31.267,-0.12258603423833847,-2.144,0.7958,170.766,0
15.8965,31.207,-0.12162509560585022,-2.196,0.7874,170.807,0
15.8978,31.146,-0.12204282730817795,-2.234,0.7791,170.899,0
15.8991,31.086,-0.12316232174634933,-2.261,0.7707,170.984,0
15.9004,31.031,-0.1239638701081276,-2.282,0.763,171.015,0
15.9017,30.97,-0.12557090818881989,-2.293,0.7546,171.086,0
15.9033,30.905,-0.12767301499843597,-2.294,0.7455,171.135,0
15.9047,30.828,-0.1302085965871811,-2.283,0.7348,171.269,0
15.906,30.762,-0.13104717433452606,-2.27,0.7256,171.286,0
15.9073,30.701,-0.1328292042016983,-2.245,0.7173,171.368,0
15.9086,30.635,-0.1341162919998169,-2.211,0.7081,171.483,0
15.9099,30.569,-0.13431933522224426,-2.175,0.6989,171.506,0
15.9112,30.509,-0.1339617818593979,-2.138,0.6906,171.579,0
15.9125,30.443,-0.13462191820144653,-2.082,0.6814,171.687,0
15.9139,30.377,-0.1348826289176941,-2.022,0.6722,171.729,0
15.9152,30.317,-0.13484421372413635,-1.963,0.6638,171.779,0
15.9165,30.251,-0.1347564309835434,-1.893,0.6547,171.908,0
15.9179,30.185,-0.13516516983509064,-1.816,0.6455,171.994,0
15.9192,30.119,-0.1354367583990097,-1.737,0.6364,172.049,0
15.9204,30.059,-0.13588681817054749,-1.661,0.628,172.128,0
15.9218,29.998,-0.13601091504096985,-1.587,0.6196,172.225,0
15.9231,29.932,-0.13653875887393951,-1.505,0.6104,172.289,0
15.9245,29.861,-0.13720259070396423,-1.418,0.6005,172.365,0
15.9257,29.795,-0.13747254014015198,-1.344,0.5914,172.447,0
15.9271,29.734,-0.1377267688512802,-1.281,0.583,172.542,0
15.9283,29.669,-0.1377580165863037,-1.22,0.5738,172.589,0
15.9296,29.603,-0.13833428919315338,-1.163,0.5647,172.719,0
15.9309,29.537,-0.13902448117733002,-1.115,0.5555,172.756,0
15.9321,29.476,-0.13944409787654877,-1.082,0.5471,172.869,0
15.9333,29.416,-0.13899527490139008,-1.063,0.5387,172.942,0
15.9346,29.355,-0.13876882195472717,-1.054,0.5303,173.027,0
15.9358,29.29,-0.13929317891597748,-1.051,0.5212,173.053,0
15.9371,29.229,-0.13937793672084808,-1.064,0.5128,173.153,0
15.9384,29.163,-0.13930858671665192,-1.092,0.5036,173.242,0
15.9397,29.097,-0.13832518458366394,-1.14,0.4945,173.309,0
15.9409,29.037,-0.13829897344112396,-1.192,0.4861,173.37,0
15.9422,28.976,-0.13818848133087158,-1.257,0.4777,173.469,0
15.9434,28.916,-0.13663920760154724,-1.343,0.4693,173.536,0
15.9447,28.856,-0.13534817099571228,-1.439,0.4609,173.561,0
15.946,28.795,-0.13386458158493042,-1.548,0.4525,173.613,0
15.9473,28.735,-0.13251681625843048,-1.667,0.4441,173.672,0
15.9485,28.674,-0.13208235800266266,-1.792,0.4357,173.769,0
15.9498,28.614,-0.13161061704158783,-1.926,0.4273,173.828,0
15.9512,28.553,-0.13097545504570007,-2.07,0.4189,173.919,0
15.9525,28.493,-0.13046088814735413,-2.221,0.4106,173.987,0
15.9538,28.438,-0.12907136976718903,-2.37,0.4029,174.023,0
15.9551,28.378,-0.12831439077854156,-2.534,0.3945,174.101,0
15.9564,28.317,-0.12697653472423553,-2.706,0.3861,174.157,0
15.9576,28.262,-0.12578646838665009,-2.866,0.3785,174.23,0
15.959,28.207,-0.12416397035121918,-3.029,0.3709,174.292,0
15.9603,28.147,-0.12340876460075378,-3.203,0.3625,174.36,0
15.9616,28.092,-0.12303418666124344,-3.359,0.3549,174.406,0
15.9628,28.037,-0.12303248047828674,-3.511,0.3472,174.451,0
15.9641,27.982,-0.12330089509487152,-3.659,0.3396,174.532,0
15.9654,27.922,-0.1232779249548912,-3.818,0.3312,174.569,0
15.9666,27.867,-0.12369651347398758,-3.956,0.3236,174.64,0
15.9679,27.812,-0.12387146055698395,-4.089,0.3159,174.691,0
15.9691,27.757,-0.12464206665754318,-4.212,0.3083,174.736,0
15.9704,27.697,-0.12519288063049316,-4.34,0.2999,174.805,0
15.9717,27.636,-0.12626299262046814,-4.454,0.2915,174.89,0
15.9731,27.576,-0.12720422446727753,-4.558,0.2831,174.917,0
15.9746,27.499,-0.1296464502811432,-4.664,0.2725,175.006,0
15.9759,27.438,-0.13239756226539612,-4.727,0.2641,175.048,0
15.9771,27.372,-0.13495750725269318,-4.782,0.2549,175.091,0
15.9784,27.307,-0.13748934864997864,-4.82,0.2458,175.19,0
15.9797,27.241,-0.140402689576149,-4.838,0.2366,175.213,0
15.9811,27.169,-0.14184613525867462,-4.846,0.2267,175.268,0
15.9824,27.098,-0.14353401958942413,-4.832,0.2168,175.331,0
15.9837,27.026,-0.14389915764331818,-4.804,0.2068,175.417,0
15.9851,26.96,-0.1440192610025406,-4.76,0.1977,175.431,0
15.9864,26.889,-0.14516931772232056,-4.687,0.1878,175.535,0
15.9878,26.812,-0.1462014764547348,-4.588,0.1771,175.588,0
15.9891,26.741,-0.1457899808883667,-4.485,0.1672,175.645,0
15.9903,26.68,-0.14513449370861053,-4.387,0.1588,175.703,0
15.9915,26.614,-0.14522944390773773,-4.262,0.1496,175.754,0
15.9929,26.548,-0.14505013823509216,-4.126,0.1405,175.809,0
15.9945,26.472,-0.14516253769397736,-3.954,0.1298,175.835,0
15.9958,26.389,-0.14557397365570068,-3.754,0.1183,175.947,0
15.9971,26.323,-0.14703518152236938,-3.58,0.1092,175.962,0
15.9983,26.257,-0.14702537655830383,-3.411,0.1,176.027,0
15.9995,26.197,-0.14715442061424255,-3.252,0.0916,176.053,0
16.0007,26.131,-0.14686428010463715,-3.081,0.0825,176.134,0
16.0019,26.065,-0.1471620351076126,-2.906,0.0733,176.176,0
16.0032,26.005,-0.14721901714801788,-2.749,0.0649,176.228,0
16.0047,25.922,-0.14800885319709778,-2.537,0.0535,176.281,0
16.006,25.851,-0.14971038699150085,-2.354,0.0436,176.325,0
16.0073,25.774,-0.15145596861839294,-2.167,0.0329,176.382,0
16.0085,25.708,-0.15166349709033966,-2.024,0.0237,176.459,0
16.0098,25.637,-0.15218068659305573,-1.879,0.0138,176.492,0
16.0112,25.565,-0.15186677873134613,-1.752,0.0039,176.559,0
16.0125,25.494,-0.15051987767219543,-1.646,0.994,176.6,0
16.0137,25.428,-0.15040673315525055,-1.555,0.9848,176.669,0
16.0149,25.362,-0.14887551963329315,-1.485,0.9757,176.709,0
16.0162,25.302,-0.14728455245494843,-1.435,0.9673,176.769,0
16.0174,25.241,-0.1448022872209549,-1.401,0.9589,176.805,0
16.0186,25.181,-0.14250844717025757,-1.378,0.9505,176.881,0
16.02,25.115,-0.1396804302930832,-1.367,0.9413,176.904,0
16.0213,25.054,-0.13772840797901154,-1.365,0.933,176.93,0
16.0225,24.994,-0.13604938983917236,-1.372,0.9246,177.017,0
16.0237,24.939,-0.13535620272159576,-1.382,0.9169,177.024,0
16.0251,24.879,-0.1347900778055191,-1.401,0.9085,177.086,0
16.0263,24.813,-0.13434505462646484,-1.431,0.8994,177.168,0
16.0276,24.752,-0.1329122632741928,-1.473,0.891,177.209,0
16.0291,24.692,-0.13156428933143616,-1.521,0.8826,177.236,0
16.0303,24.631,-0.12924058735370636,-1.581,0.8742,177.331,0
16.0315,24.576,-0.12718193233013153,-1.639,0.8666,177.383,0
16.0328,24.521,-0.1251353919506073,-1.701,0.8589,177.407,0
16.0341,24.467,-0.1239500418305397,-1.76,0.8513,177.451,0
16.0353,24.412,-0.122220478951931,-1.824,0.8437,177.531,0
16.0366,24.362,-0.12117186933755875,-1.879,0.8368,177.578,0
16.0378,24.307,-0.12099851667881012,-1.934,0.8292,177.616,0
16.0391,24.258,-0.12054160982370377,-1.985,0.8223,177.696,0
16.0404,24.197,-0.11995700746774673,-2.047,0.8139,177.672,0
16.0416,24.148,-0.11985158920288086,-2.092,0.8071,177.776,0
16.0429,24.093,-0.11946030706167221,-2.142,0.7994,177.844,0
16.0441,24.038,-0.11952482908964157,-2.185,0.7918,177.877,0
16.0455,23.989,-0.11897731572389603,-2.225,0.7849,177.945,0
16.047,23.923,-0.1198866069316864,-2.261,0.7758,178.024,0
16.0484,23.857,-0.1203007847070694,-2.292,0.7666,178.07,0
16.0497,23.796,-0.12119685858488083,-2.311,0.7582,178.176,0
16.051,23.736,-0.12247857451438904,-2.32,0.7498,178.175,0
16.0523,23.676,-0.124428890645504,-2.316,0.7415,178.25,0
16.0535,23.621,-0.1258542239665985,-2.308,0.7338,178.335,0
16.055,23.555,-0.12768244743347168,-2.289,0.7247,178.373,0
16.0563,23.489,-0.12914377450942993,-2.263,0.7155,178.466,0
16.0577,23.428,-0.13019248843193054,-2.232,0.7071,178.514,0
16.0591,23.357,-0.1310279220342636,-2.187,0.6972,178.615,0
16.0604,23.291,-0.13229361176490784,-2.134,0.688,178.673,0
16.0618,23.231,-0.13217522203922272,-2.086,0.6797,178.77,0
16.0631,23.165,-0.1330367773771286,-2.021,0.6705,178.846,0
16.0644,23.099,-0.13355833292007446,-1.952,0.6613,178.911,0
16.0656,23.044,-0.13283784687519073,-1.897,0.6537,178.965,0
16.0671,22.978,-0.13323648273944855,-1.82,0.6446,179.031,0
16.0684,22.906,-0.13365814089775085,-1.733,0.6346,179.105,0
16.0697,22.846,-0.13460013270378113,-1.654,0.6263,179.21,0
16.071,22.786,-0.134839728474617,-1.579,0.6179,179.296,0
16.0722,22.72,-0.13537204265594482,-1.497,0.6087,179.343,0
16.0735,22.659,-0.13558457791805267,-1.426,0.6003,179.418,0
16.0749,22.588,-0.13652214407920837,-1.342,0.5904,179.519,0
16.0764,22.527,-0.13601098954677582,-1.284,0.582,179.595,0
16.0777,22.451,-0.13570566475391388,-1.217,0.5713,179.678,0
16.079,22.39,-0.13554245233535767,-1.171,0.5629,179.735,0
16.0803,22.324,-0.13615094125270844,-1.125,0.5538,179.831,0
16.0815,22.264,-0.1364811360836029,-1.094,0.5454,179.903,0
16.0829,22.198,-0.1365395486354828,-1.074,0.5362,179.968,0
16.0841,22.137,-0.13666002452373505,-1.065,0.5278,180.066,0
16.0853,22.077,-0.13753674924373627,-1.064,0.5194,180.132,0
16.0867,22.017,-0.13778014481067657,-1.077,0.511,180.195,0
16.088,21.945,-0.13809356093406677,-1.109,0.5011,180.281,0
16.0893,21.879,-0.13825441896915436,-1.155,0.492,180.366,0
16.0905,21.819,-0.13885770738124847,-1.206,0.4836,180.452,0
16.0917,21.758,-0.13841256499290466,-1.277,0.4752,180.511,0
16.093,21.698,-0.13744749128818512,-1.363,0.4668,180.592,0
16.0943,21.638,-0.1356971114873886,-1.465,0.4584,180.63,0
16.0958,21.572,-0.13357363641262054,-1.592,0.4492,180.727,0
16.0973,21.506,-0.1321721225976944,-1.727,0.4401,180.798,0
16.0987,21.434,-0.13137221336364746,-1.882,0.4302,180.862,0
16.1,21.374,-0.13078154623508453,-2.023,0.4218,180.964,0
16.1012,21.313,-0.1305171549320221,-2.17,0.4134,181.005,0
16.1025,21.253,-0.1300746351480484,-2.325,0.405,181.113,0
16.1039,21.193,-0.12893497943878174,-2.49,0.3966,181.155,0
16.1052,21.138,-0.1275443583726883,-2.647,0.389,181.237,0
16.1064,21.083,-0.12477261573076248,-2.815,0.3813,181.277,0
16.1077,21.028,-0.1234583929181099,-2.976,0.3737,181.34,0
16.1089,20.973,-0.12191351503133774,-3.139,0.3661,181.393,0
16.1102,20.923,-0.12042751908302307,-3.287,0.3592,181.435,0
16.1115,20.869,-0.12098997086286545,-3.437,0.3516,181.507,0
16.1129,20.808,-0.12053605914115906,-3.605,0.3432,181.574,0
16.1141,20.753,-0.12112263590097427,-3.749,0.3356,181.625,0
16.1153,20.693,-0.1217600628733635,-3.902,0.3272,181.693,0
16.1166,20.643,-0.12030167132616043,-4.035,0.3203,181.751,0
16.1179,20.588,-0.121087446808815,-4.161,0.3127,181.807,0
16.1191,20.533,-0.12128271162509918,-4.284,0.3051,181.871,0
16.1204,20.473,-0.12170956283807755,-4.409,0.2967,181.896,0
16.1217,20.418,-0.12266303598880768,-4.51,0.289,181.967,0
16.123,20.363,-0.12340746819972992,-4.601,0.2814,182.055,0
16.1242,20.303,-0.12459889054298401,-4.688,0.273,182.105,0
16.1254,20.248,-0.1269758641719818,-4.748,0.2654,182.159,0
16.1267,20.187,-0.12904943525791168,-4.803,0.257,182.205,0
16.1282,20.121,-0.13107702136039734,-4.848,0.2478,182.255,0
16.1295,20.05,-0.13281412422657013,-4.879,0.2379,182.301,0
16.1309,19.979,-0.13485729694366455,-4.887,0.228,182.369,0
16.1322,19.913,-0.13629469275474548,-4.878,0.2188,182.424,0
16.1335,19.847,-0.13777242600917816,-4.85,0.2097,182.474,0
16.1353,19.77,-0.13855323195457458,-4.8,0.199,182.555,0
16.1366,19.688,-0.13999539613723755,-4.717,0.1876,182.613,0
16.1379,19.622,-0.1409972757101059,-4.632,0.1784,182.682,0
16.1391,19.556,-0.1408335119485855,-4.538,0.1693,182.769,0
16.1404,19.495,-0.14077255129814148,-4.439,0.1609,182.777,0
16.1418,19.429,-0.1391517072916031,-4.327,0.1517,182.829,0
16.1431,19.363,-0.13884276151657104,-4.195,0.1425,182.906,0
16.1445,19.297,-0.13932077586650848,-4.048,0.1334,182.98,0
16.1458,19.226,-0.13951733708381653,-3.88,0.1235,183.001,0
16.1471,19.16,-0.14037281274795532,-3.713,0.1143,183.029,0
16.1484,19.094,-0.14148792624473572,-3.54,0.1052,183.104,0
16.1496,19.028,-0.1420769840478897,-3.365,0.096,183.156,0
16.1511,18.957,-0.1415775865316391,-3.181,0.0861,183.185,0
16.1523,18.891,-0.14098112285137177,-3.011,0.0769,183.265,0
16.1536,18.831,-0.13923166692256927,-2.864,0.0685,183.333,0
16.1551,18.759,-0.13880541920661926,-2.684,0.0586,183.355,0
16.1564,18.693,-0.1393910050392151,-2.517,0.0495,183.402,0
16.1576,18.627,-0.1404554694890976,-2.354,0.0403,183.471,0
16.1589,18.561,-0.14203841984272003,-2.196,0.0312,183.537,0
16.1601,18.495,-0.14331603050231934,-2.048,0.022,183.573,0
16.1614,18.43,-0.14380788803100586,-1.916,0.0128,183.627,0
16.1626,18.364,-0.14417457580566406,-1.796,0.0037,183.656,0
16.1638,18.303,-0.1445247232913971,-1.696,0.9953,183.743,0
16.1651,18.237,-0.14466455578804016,-1.602,0.9861,183.736,0
16.1664,18.171,-0.1442183554172516,-1.524,0.977,183.826,0
16.1676,18.105,-0.143899604678154,-1.458,0.9678,183.865,0
16.1689,18.045,-0.14305202662944794,-1.414,0.9594,183.882,0
16.1701,17.979,-0.14101968705654144,-1.386,0.9503,183.935,0
16.1714,17.924,-0.1384018510580063,-1.378,0.9427,183.946,0
16.1727,17.864,-0.1351245790719986,-1.382,0.9343,184.042,0
16.174,17.803,-0.13230128586292267,-1.394,0.9259,184.075,0
16.1753,17.748,-0.130796879529953,-1.408,0.9182,184.118,0
16.1767,17.688,-0.12987643480300903,-1.428,0.9099,184.211,0
16.178,17.628,-0.12858015298843384,-1.459,0.9015,184.224,0
16.1793,17.567,-0.12850676476955414,-1.49,0.8931,184.268,0
16.1806,17.507,-0.12820209562778473,-1.53,0.8847,184.345,0
16.1819,17.446,-0.12666773796081543,-1.584,0.8763,184.398,0
16.1832,17.391,-0.12539483606815338,-1.637,0.8687,184.452,0
16.1845,17.336,-0.12356342375278473,-1.696,0.861,184.489,0
16.1859,17.276,-0.12152386456727982,-1.765,0.8526,184.551,0
16.1872,17.221,-0.11970963329076767,-1.829,0.845,184.615,0
16.1885,17.172,-0.11765317618846893,-1.891,0.8381,184.672,0
16.1898,17.117,-0.11686165630817413,-1.95,0.8305,184.68,0
16.1911,17.067,-0.11644624173641205,-2.001,0.8236,184.713,0
16.1924,17.007,-0.11602111905813217,-2.061,0.8152,184.777,0
16.1937,16.957,-0.11582578718662262,-2.108,0.8084,184.864,0
16.1952,16.897,-0.11530274897813797,-2.164,0.8,184.926,0
16.1965,16.842,-0.11493195593357086,-2.21,0.7924,184.984,0
16.1979,16.787,-0.11436467617750168,-2.253,0.7847,185.043,0
16.1992,16.732,-0.11523043364286423,-2.283,0.7771,185.082,0
16.2005,16.677,-0.11618311703205109,-2.307,0.7695,185.162,0
16.2018,16.617,-0.11720217764377594,-2.328,0.7611,185.18,0
16.2032,16.562,-0.1186511367559433,-2.336,0.7534,185.224,0
16.2047,16.496,-0.11981355398893356,-2.342,0.7443,185.283,0
16.2061,16.43,-0.12193898856639862,-2.332,0.7351,185.427,0
16.2075,16.364,-0.12370020896196365,-2.315,0.726,185.448,0
16.2088,16.304,-0.1253652125597,-2.29,0.7176,185.54,0
16.2102,16.243,-0.12673024833202362,-2.259,0.7092,185.596,0
16.2116,16.172,-0.1284806728363037,-2.212,0.6993,185.662,0
16.2132,16.1,-0.12968291342258453,-2.157,0.6894,185.704,0
16.2146,16.029,-0.13130897283554077,-2.09,0.6794,185.842,0
16.2159,15.963,-0.131727933883667,-2.028,0.6703,185.877,0
16.2173,15.897,-0.13249146938323975,-1.957,0.6611,185.949,0
16.2188,15.831,-0.13269832730293274,-1.884,0.652,186.013,0
16.2204,15.76,-0.13309107720851898,-1.799,0.6421,186.124,0
16.2218,15.683,-0.13339482247829437,-1.706,0.6314,186.221,0
16.2232,15.617,-0.1338239461183548,-1.623,0.6222,186.309,0
16.2246,15.551,-0.13469399511814117,-1.539,0.6131,186.375,0
16.2259,15.48,-0.13449841737747192,-1.456,0.6031,186.431,0
16.2272,15.414,-0.1357165277004242,-1.375,0.594,186.559,0
16.2287,15.353,-0.13551054894924164,-1.313,0.5856,186.588,0
16.23,15.282,-0.13473127782344818,-1.25,0.5757,186.706,0
16.2312,15.222,-0.1343374103307724,-1.201,0.5673,186.766,0
16.2326,15.161,-0.1340675950050354,-1.16,0.5589,186.828,0
16.2338,15.095,-0.1341296136379242,-1.122,0.5497,186.943,0
16.2352,15.029,-0.1339578479528427,-1.097,0.5406,186.98,0
16.2366,14.969,-0.13381509482860565,-1.085,0.5322,187.084,0
16.238,14.897,-0.13338904082775116,-1.086,0.5223,187.13,0
16.2393,14.832,-0.13392655551433563,-1.096,0.5131,187.256,0
16.2406,14.771,-0.1340869963169098,-1.119,0.5047,187.322,0
16.2419,14.711,-0.13455025851726532,-1.153,0.4963,187.395,0
16.2431,14.65,-0.13465431332588196,-1.201,0.4879,187.448,0
16.2444,14.59,-0.13497678935527802,-1.261,0.4796,187.487,0
16.2457,14.524,-0.13442610204219818,-1.345,0.4704,187.613,0
16.247,14.464,-0.1339101791381836,-1.435,0.462,187.654,0
16.2482,14.403,-0.13232514262199402,-1.543,0.4536,187.713,0
16.2495,14.348,-0.13098636269569397,-1.651,0.446,187.779,0
16.2507,14.293,-0.1296166330575943,-1.767,0.4384,187.839,0
16.2521,14.238,-0.12825508415699005,-1.892,0.4307,187.926,0
16.2533,14.178,-0.1272064596414566,-2.035,0.4223,188.005,0
16.2545,14.123,-0.1270492672920227,-2.167,0.4147,188.074,0
16.2557,14.068,-0.12580843269824982,-2.312,0.4071,188.107,0
16.257,14.013,-0.12454667687416077,-2.463,0.3994,188.201,0
16.2583,13.958,-0.12348442524671555,-2.616,0.3918,188.255,0
16.2595,13.903,-0.12194462865591049,-2.775,0.3842,188.35,0
16.2608,13.848,-0.12041358649730682,-2.937,0.3766,188.379,0
16.2621,13.799,-0.11903270334005356,-3.084,0.3697,188.465,0
16.2633,13.749,-0.11770875006914139,-3.231,0.3628,188.536,0
16.2645,13.7,-0.11623713374137878,-3.378,0.356,188.548,0
16.2658,13.645,-0.11522817611694336,-3.536,0.3483,188.59,0
16.2671,13.596,-0.11497610807418823,-3.672,0.3415,188.69,0
16.2683,13.541,-0.11477362364530563,-3.82,0.3338,188.723,0
16.2697,13.491,-0.11410350352525711,-3.952,0.327,188.795,0
16.271,13.436,-0.11307025700807571,-4.095,0.3193,188.849,0
16.2723,13.381,-0.1134711503982544,-4.223,0.3117,188.907,0
16.2736,13.332,-0.11333423107862473,-4.335,0.3048,188.982,0
16.2748,13.282,-0.11284609884023666,-4.443,0.298,189.024,0
16.2761,13.228,-0.11391378939151764,-4.544,0.2903,189.069,0
16.2774,13.178,-0.11495397239923477,-4.627,0.2835,189.123,0
16.2787,13.118,-0.11660506576299667,-4.714,0.2751,189.169,0
16.2799,13.063,-0.11926049739122391,-4.775,0.2675,189.231,0
16.2812,13.008,-0.12088286131620407,-4.831,0.2598,189.293,0
16.2824,12.947,-0.12299752235412598,-4.876,0.2514,189.356,0
16.2837,12.887,-0.12533168494701385,-4.905,0.243,189.388,0
16.2849,12.827,-0.12684878706932068,-4.924,0.2346,189.445,0
16.2862,12.766,-0.1279243379831314,-4.93,0.2263,189.463,0
16.2874,12.711,-0.1288454383611679,-4.922,0.2186,189.525,0
16.2886,12.651,-0.12981097400188446,-4.899,0.2102,189.572,0
16.2899,12.596,-0.1306842714548111,-4.865,0.2026,189.65,0
16.2911,12.535,-0.13192257285118103,-4.812,0.1942,189.681,0
16.2924,12.475,-0.1334124058485031,-4.742,0.1858,189.716,0
16.2936,12.409,-0.13421186804771423,-4.656,0.1767,189.8,0
16.2948,12.349,-0.13476181030273438,-4.564,0.1683,189.845,0
16.2963,12.294,-0.1343284249305725,-4.475,0.1606,189.896,0
16.2976,12.222,-0.13320507109165192,-4.349,0.1507,189.968,0
16.2988,12.162,-0.13254982233047485,-4.23,0.1423,189.99,0
16.3001,12.107,-0.13259311020374298,-4.11,0.1347,190.038,0
16.3013,12.041,-0.13191980123519897,-3.961,0.1255,190.096,0
16.3027,11.981,-0.13357920944690704,-3.805,0.1172,190.15,0
16.3039,11.915,-0.13485386967658997,-3.632,0.108,190.227,0
16.3054,11.843,-0.1355353146791458,-3.443,0.0981,190.261,0
16.3066,11.783,-0.13551443815231323,-3.285,0.0897,190.355,0
16.3078,11.722,-0.13580739498138428,-3.125,0.0813,190.318,0
16.3091,11.667,-0.1353306621313095,-2.983,0.0737,190.39,0
16.3103,11.607,-0.1342269629240036,-2.834,0.0653,190.434,0
16.3115,11.547,-0.1341015249490738,-2.681,0.0569,190.451,0
16.3127,11.492,-0.1338539868593216,-2.547,0.0493,190.499,0
16.314,11.431,-0.13390019536018372,-2.403,0.0409,190.608,0
16.3155,11.36,-0.1345597207546234,-2.237,0.0309,190.647,0
16.3166,11.299,-0.13467693328857422,-2.108,0.0226,190.697,0
16.3178,11.245,-0.13547255098819733,-1.994,0.0149,190.723,0
16.3191,11.184,-0.13609296083450317,-1.88,0.0065,190.781,0
16.3204,11.124,-0.13646508753299713,-1.777,0.9981,190.831,0
16.3216,11.052,-0.13690008223056793,-1.668,0.9882,190.875,0
16.3229,10.992,-0.13777890801429749,-1.586,0.9798,190.889,0
16.3241,10.931,-0.13820838928222656,-1.517,0.9714,190.969,0
16.3254,10.865,-0.1384122371673584,-1.457,0.9623,191.0,0
16.3267,10.8,-0.137883722782135,-1.416,0.9531,191.049,0
16.328,10.739,-0.13648399710655212,-1.395,0.9447,191.1,0
16.3292,10.684,-0.1341010332107544,-1.392,0.9371,191.079,0
16.3305,10.629,-0.13205218315124512,-1.397,0.9295,191.174,0
16.3317,10.569,-0.12982140481472015,-1.411,0.9211,191.229,0
16.333,10.519,-0.12693831324577332,-1.437,0.9142,191.266,0
16.3343,10.464,-0.12428134679794312,-1.469,0.9066,191.306,0
16.3355,10.41,-0.1226542666554451,-1.503,0.899,191.359,0
16.3367,10.36,-0.12097012251615524,-1.54,0.8921,191.397,0
16.338,10.305,-0.11977691203355789,-1.582,0.8845,191.443,0
16.3393,10.256,-0.11824017018079758,-1.627,0.8776,191.483,0
16.3405,10.201,-0.11677958816289902,-1.68,0.87,191.532,0
16.3417,10.157,-0.11481127142906189,-1.73,0.8639,191.573,0
16.3429,10.107,-0.11335460096597672,-1.784,0.857,191.627,0
16.3441,10.063,-0.11165836453437805,-1.836,0.8509,191.684,0
16.3455,10.009,-0.10979656130075455,-1.901,0.8433,191.686,0
16.3467,9.965,-0.10839179903268814,-1.953,0.8372,191.763,0
16.3479,9.921,-0.10738200694322586,-2.003,0.8311,191.809,0
16.3491,9.871,-0.10694188624620438,-2.054,0.8242,191.83,0
16.3503,9.827,-0.10569348186254501,-2.104,0.8181,191.853,0
16.3515,9.783,-0.10526706278324127,-2.148,0.812,191.887,0
16.3529,9.739,-0.10337577760219574,-2.199,0.8059,191.946,0
16.3541,9.69,-0.10264792293310165,-2.245,0.799,192.005,0
16.3555,9.641,-0.10212895274162292,-2.288,0.7921,192.097,0
16.3567,9.602,-0.10079606622457504,-2.324,0.7868,192.126,0
16.358,9.558,-0.09984773397445679,-2.36,0.7807,192.117,0
16.3593,9.509,-0.10008818656206131,-2.388,0.7738,192.215,0
16.3605,9.465,-0.09953223913908005,-2.413,0.7677,192.232,0
16.3618,9.421,-0.1005573570728302,-2.426,0.7616,192.295,0
16.363,9.371,-0.10194913297891617,-2.434,0.7548,192.33,0
16.3643,9.327,-0.10240787267684937,-2.442,0.7487,192.358,0
16.3655,9.278,-0.1039716824889183,-2.439,0.7418,192.388,0
16.3668,9.223,-0.10532771795988083,-2.432,0.7342,192.47,0
16.3681,9.179,-0.10498858243227005,-2.43,0.7281,192.496,0
16.3694,9.13,-0.10626160353422165,-2.412,0.7212,192.582,0
16.3707,9.075,-0.10665754973888397,-2.393,0.7136,192.639,0
16.372,9.025,-0.10804527997970581,-2.363,0.7067,192.66,0
16.3732,8.976,-0.10922722518444061,-2.329,0.6998,192.715,0
16.3744,8.926,-0.11029127240180969,-2.292,0.693,192.759,0
16.3756,8.877,-0.11156858503818512,-2.248,0.6861,192.836,0
16.377,8.822,-0.112620510160923,-2.196,0.6785,192.909,0
16.3783,8.767,-0.1133708730340004,-2.142,0.6708,192.92,0
16.3795,8.712,-0.11385996639728546,-2.084,0.6632,193.03,0
16.3807,8.668,-0.11365599185228348,-2.039,0.6571,193.063,0
16.382,8.613,-0.11325271427631378,-1.98,0.6495,193.087,0
16.3833,8.564,-0.11278514564037323,-1.926,0.6426,193.187,0
16.3845,8.514,-0.11256647855043411,-1.869,0.6357,193.208,0
16.3858,8.465,-0.11211447417736053,-1.812,0.6289,193.283,0
16.3871,8.416,-0.11204861104488373,-1.752,0.622,193.393,0
16.3884,8.355,-0.11223265528678894,-1.678,0.6136,193.396,0
16.3896,8.306,-0.1121177077293396,-1.621,0.6068,193.465,0
16.3908,8.256,-0.11280526220798492,-1.56,0.5999,193.549,0
16.3921,8.207,-0.11344042420387268,-1.501,0.593,193.573,0
16.3933,8.157,-0.11282336711883545,-1.453,0.5862,193.659,0
16.3946,8.102,-0.11303579062223434,-1.398,0.5785,193.742,0
16.396,8.053,-0.11255427449941635,-1.358,0.5717,193.75,0
16.3972,7.998,-0.11302867531776428,-1.312,0.564,193.855,0
16.3985,7.949,-0.11295691877603531,-1.279,0.5572,193.883,0
16.3997,7.899,-0.11303908377885818,-1.251,0.5503,193.944,0
16.401,7.85,-0.11277218908071518,-1.231,0.5434,194.039,0
16.4022,7.795,-0.11250479519367218,-1.217,0.5358,194.073,0
16.4037,7.745,-0.11218355596065521,-1.213,0.5289,194.146,0
16.405,7.685,-0.11195474117994308,-1.216,0.5205,194.227,0
16.4063,7.635,-0.11154178529977798,-1.229,0.5137,194.305,0
16.4076,7.586,-0.11145632714033127,-1.248,0.5068,194.327,0
16.4088,7.531,-0.11131872236728668,-1.278,0.4992,194.393,0
16.4101,7.482,-0.11175327748060226,-1.312,0.4923,194.478,0
16.4113,7.432,-0.11180494725704193,-1.355,0.4854,194.526,0
16.4126,7.383,-0.11222830414772034,-1.405,0.4786,194.561,0
16.4138,7.328,-0.1120937392115593,-1.474,0.4709,194.609,0
16.4151,7.284,-0.11163214594125748,-1.538,0.4648,194.663,0
16.4163,7.229,-0.11133286356925964,-1.626,0.4572,194.702,0
16.4176,7.185,-0.11020075529813766,-1.708,0.4511,194.789,0
16.4189,7.136,-0.10935759544372559,-1.805,0.4442,194.857,0
16.4202,7.086,-0.1081560030579567,-1.911,0.4374,194.903,0
16.4215,7.037,-0.10694340616464615,-2.023,0.4305,194.969,0
16.4227,6.993,-0.10565916448831558,-2.13,0.4244,195.028,0
16.424,6.943,-0.10450521111488342,-2.253,0.4175,195.082,0
16.4253,6.899,-0.10260356962680817,-2.372,0.4114,195.171,0
16.4266,6.855,-0.10069531202316284,-2.495,0.4053,195.175,0
16.4278,6.812,-0.09941175580024719,-2.617,0.3992,195.258,0
16.4292,6.768,-0.09749885648488998,-2.746,0.3931,195.305,0
16.4306,6.718,-0.09690967202186584,-2.884,0.3863,195.37,0
16.4318,6.68,-0.09508828073740005,-3.002,0.3809,195.424,0
16.4331,6.636,-0.09360190480947495,-3.133,0.3748,195.451,0
16.4343,6.597,-0.09220405668020248,-3.249,0.3695,195.535,0
16.4357,6.553,-0.09212267398834229,-3.373,0.3634,195.545,0
16.437,6.515,-0.0914442390203476,-3.485,0.358,195.615,0
16.4382,6.471,-0.09145054966211319,-3.607,0.3519,195.639,0
16.4394,6.427,-0.0926092341542244,-3.721,0.3458,195.689,0
16.4408,6.389,-0.09241097420454025,-3.827,0.3405,195.762,0
16.442,6.345,-0.09201264381408691,-3.946,0.3344,195.812,0
16.4433,6.301,-0.09202129393815994,-4.06,0.3283,195.839,0
16.4445,6.262,-0.09126449376344681,-4.162,0.3229,195.896,0
16.4458,6.224,-0.09117701649665833,-4.257,0.3176,195.9,0
16.447,6.185,-0.08992278575897217,-4.355,0.3123,195.989,0
16.4482,6.147,-0.08957239985466003,-4.445,0.3069,196.019,0
16.4494,6.108,-0.08913686871528625,-4.531,0.3016,196.033,0
16.4506,6.07,-0.08800537884235382,-4.617,0.2962,196.084,0
16.452,6.031,-0.08789955824613571,-4.693,0.2909,196.15,0
16.4533,5.982,-0.08942001312971115,-4.773,0.284,196.202,0
16.4545,5.944,-0.09047133475542068,-4.831,0.2787,196.207,0
16.4557,5.9,-0.09245339781045914,-4.886,0.2726,196.252,0
16.457,5.856,-0.09434400498867035,-4.934,0.2665,196.322,0
16.4582,5.806,-0.09655006974935532,-4.979,0.2596,196.359,0
16.4594,5.762,-0.09934844821691513,-5.005,0.2535,196.408,0
16.4606,5.718,-0.10046575218439102,-5.034,0.2474,196.435,0
16.4619,5.674,-0.10186097025871277,-5.053,0.2413,196.508,0
16.4632,5.62,-0.10365267843008041,-5.066,0.2337,196.53,0
16.4646,5.57,-0.10412861406803131,-5.073,0.2268,196.561,0
16.4659,5.521,-0.10456833243370056,-5.069,0.2199,196.651,0
16.4673,5.471,-0.10480916500091553,-5.057,0.2131,196.676,0
16.4687,5.411,-0.10600750893354416,-5.022,0.2047,196.713,0
16.4701,5.361,-0.10701125115156174,-4.983,0.1978,196.748,0
16.4714,5.301,-0.10943108052015305,-4.914,0.1894,196.804,0
16.4727,5.246,-0.11093384772539139,-4.843,0.1818,196.846,0
16.474,5.197,-0.11271212995052338,-4.767,0.1749,196.916,0
16.4752,5.142,-0.11363395303487778,-4.679,0.1673,196.937,0
16.4764,5.092,-0.1131150871515274,-4.6,0.1604,196.977,0
16.4777,5.043,-0.11220269650220871,-4.515,0.1536,197.057,0
16.479,4.999,-0.10928806662559509,-4.446,0.1475,197.024,0
16.4802,4.949,-0.10748419165611267,-4.354,0.1406,197.114,0
16.4815,4.905,-0.10626545548439026,-4.264,0.1345,197.133,0
16.4827,4.856,-0.10581803321838379,-4.153,0.1276,197.207,0
16.484,4.812,-0.1046086847782135,-4.056,0.1215,197.243,0
16.4852,4.763,-0.1048765629529953,-3.932,0.1147,197.287,0
16.4865,4.719,-0.10489511489868164,-3.822,0.1086,197.302,0
16.4877,4.669,-0.10505898296833038,-3.694,0.1017,197.372,0
16.489,4.62,-0.10572485625743866,-3.561,0.0948,197.364,0
16.4903,4.57,-0.10580503940582275,-3.431,0.088,197.41,0
16.4916,4.526,-0.10538020730018616,-3.317,0.0818,197.481,0
16.4928,4.477,-0.1051967516541481,-3.189,0.075,197.499,0
16.4941,4.427,-0.1048949658870697,-3.062,0.0681,197.507,0
16.4953,4.384,-0.10493884980678558,-2.949,0.062,197.585,0
16.4965,4.334,-0.10504113882780075,-2.824,0.0551,197.58,0
16.4977,4.29,-0.1052197590470314,-2.715,0.049,197.626,0
16.499,4.246,-0.10524094104766846,-2.61,0.0429,197.683,0
16.5003,4.197,-0.1049632728099823,-2.497,0.0361,197.691,0
16.5015,4.153,-0.10405918955802917,-2.405,0.03,197.706,0
16.5028,4.109,-0.10322214663028717,-2.317,0.0239,197.777,0
16.5041,4.054,-0.10249582678079605,-2.211,0.0162,197.789,0
16.5053,4.01,-0.10278452932834625,-2.126,0.0101,197.865,0
16.5065,3.966,-0.10287805646657944,-2.048,0.004,197.869,0
16.5078,3.917,-0.10357186943292618,-1.963,0.9972,197.919,0
16.5091,3.867,-0.10462379455566406,-1.883,0.9903,197.951,0
16.5104,3.818,-0.10640785098075867,-1.806,0.9834,197.973,0
16.5116,3.768,-0.10824675112962723,-1.736,0.9766,198.031,0
16.5129,3.713,-0.10947518795728683,-1.672,0.9689,198.076,0
16.5142,3.664,-0.11033502221107483,-1.625,0.9621,198.087,0
16.5155,3.615,-0.11072482913732529,-1.588,0.9552,198.126,0
16.5167,3.56,-0.10983077436685562,-1.563,0.9476,198.13,0
16.5179,3.516,-0.10960102081298828,-1.548,0.9415,198.152,0
16.5192,3.466,-0.10936681181192398,-1.537,0.9346,198.207,0
16.5205,3.417,-0.10851611942052841,-1.537,0.9277,198.276,0
16.5218,3.367,-0.1073116660118103,-1.547,0.9209,198.298,0
16.5231,3.323,-0.10529523342847824,-1.566,0.9148,198.367,0
16.5244,3.279,-0.10281116515398026,-1.593,0.9087,198.349,0
16.5259,3.224,-0.10011384636163712,-1.631,0.901,198.421,0
16.5272,3.181,-0.09704490751028061,-1.671,0.8949,198.447,0
16.5285,3.142,-0.09487618505954742,-1.707,0.8896,198.523,0
16.5299,3.098,-0.09210971742868423,-1.753,0.8835,198.509,0
16.5312,3.06,-0.08968499302864075,-1.796,0.8781,198.58,0
16.5324,3.021,-0.08831004798412323,-1.834,0.8728,198.599,0
16.5337,2.988,-0.08653806149959564,-1.872,0.8682,198.625,0
16.535,2.95,-0.08448052406311035,-1.919,0.8629,198.688,0
16.5365,2.911,-0.08335907757282257,-1.961,0.8575,198.69,0
16.5378,2.867,-0.08280161023139954,-2.006,0.8514,198.737,0
16.5391,2.829,-0.08318262547254562,-2.041,0.8461,198.802,0
16.5404,2.791,-0.08282046765089035,-2.081,0.8408,198.841,0
16.5416,2.752,-0.08234311640262604,-2.122,0.8354,198.831,0
16.5428,2.714,-0.08299865573644638,-2.156,0.8301,198.874,0
16.5441,2.681,-0.08340053260326385,-2.186,0.8255,198.903,0
16.5455,2.642,-0.08289171755313873,-2.226,0.8202,198.962,0
16.5467,2.604,-0.08225362002849579,-2.267,0.8148,198.967,0
16.548,2.565,-0.08172313868999481,-2.305,0.8095,199.029,0
16.5492,2.532,-0.08057805895805359,-2.342,0.8049,199.044,0
16.5504,2.499,-0.08017686009407043,-2.372,0.8003,199.066,0
16.5517,2.461,-0.07966264337301254,-2.407,0.795,199.151,0
16.553,2.428,-0.07911287248134613,-2.435,0.7904,199.115,0
16.5543,2.39,-0.0784890279173851,-2.467,0.7851,199.185,0
16.5556,2.351,-0.07927245646715164,-2.487,0.7797,199.221,0
16.5569,2.313,-0.07982168346643448,-2.507,0.7744,199.284,0
16.5581,2.274,-0.08050000667572021,-2.523,0.769,199.329,0
16.5594,2.236,-0.08261498063802719,-2.528,0.7637,199.328,0
16.5606,2.197,-0.08413691073656082,-2.533,0.7584,199.351,0
16.562,2.153,-0.0852794349193573,-2.539,0.7523,199.44,0
16.5633,2.109,-0.086714006960392,-2.539,0.7462,199.421,0
16.5646,2.071,-0.08823573589324951,-2.534,0.7408,199.493,0
16.566,2.021,-0.08962976932525635,-2.526,0.7339,199.556,0
16.5673,1.978,-0.08998768776655197,-2.519,0.7278,199.588,0
16.5685,1.939,-0.09098303318023682,-2.506,0.7225,199.619,0
16.5697,1.901,-0.09144048392772675,-2.493,0.7172,199.666,0
16.5711,1.851,-0.091774120926857,-2.472,0.7103,199.747,0
16.5724,1.813,-0.09176841378211975,-2.454,0.705,199.74,0
16.5737,1.763,-0.09363516420125961,-2.416,0.6981,199.778,0
16.575,1.719,-0.0945393517613411,-2.381,0.692,199.825,0
16.5763,1.67,-0.0958562046289444,-2.337,0.6851,199.902,0
16.5777,1.626,-0.09678610414266586,-2.295,0.679,199.972,0
16.579,1.577,-0.09815468639135361,-2.242,0.6721,199.994,0
16.5803,1.533,-0.09892714023590088,-2.194,0.666,200.063,0
16.5815,1.489,-0.09840094298124313,-2.152,0.6599,200.084,0
16.5827,1.439,-0.0979766845703125,-2.101,0.6531,200.125,0
16.584,1.401,-0.09776415675878525,-2.059,0.6477,200.226,0
16.5853,1.357,-0.09701529890298843,-2.012,0.6416,200.237,0
16.5866,1.313,-0.09707167744636536,-1.96,0.6355,200.264,0
16.5879,1.263,-0.0964098796248436,-1.904,0.6287,200.337,0
16.5892,1.219,-0.0966380313038826,-1.849,0.6226,200.38,0
16.5904,1.176,-0.09683648496866226,-1.795,0.6165,200.47,0
16.5917,1.132,-0.0963406041264534,-1.746,0.6104,200.478,0
16.5929,1.088,-0.0963885486125946,-1.694,0.6042,200.542,0
16.5942,1.049,-0.09603185206651688,-1.652,0.5989,200.599,0
16.5955,1.005,-0.09611652046442032,-1.603,0.5928,200.648,0
16.5967,0.961,-0.09545576572418213,-1.561,0.5867,200.689,0
16.598,0.923,-0.09404018521308899,-1.532,0.5814,200.767,0
16.5993,0.879,-0.0935341939330101,-1.494,0.5753,200.79,0
16.6005,0.835,-0.09279036521911621,-1.461,0.5692,200.852,0
16.6017,0.797,-0.0923461765050888,-1.435,0.5638,200.871,0
16.6031,0.758,-0.09217772632837296,-1.409,0.5585,200.938,0
16.6044,0.709,-0.09158144146203995,-1.384,0.5516,201.002,0
16.6056,0.67,-0.09202825278043747,-1.364,0.5463,200.995,0
16.6071,0.626,-0.09104829281568527,-1.354,0.5402,201.075,0
16.6083,0.582,-0.09000788629055023,-1.35,0.5341,201.146,0
16.6095,0.544,-0.08991660177707672,-1.346,0.5287,201.168,0
16.6108,0.505,-0.08804434537887573,-1.358,0.5234,201.223,0
16.6121,0.467,-0.0876002386212349,-1.365,0.518,201.262,0
16.6133,0.428,-0.08595699071884155,-1.384,0.5127,201.293,0
16.6146,0.39,-0.08562116324901581,-1.401,0.5074,201.374,0
16.6161,0.346,-0.08442027866840363,-1.431,0.5013,201.435,0
16.6173,0.308,-0.08391023427248001,-1.459,0.4959,201.444,0
16.6185,0.275,-0.08449403941631317,-1.481,0.4913,201.475,0
16.6199,0.231,-0.08491594344377518,-1.518,0.4852,201.542,0
16.6212,0.192,-0.08527398109436035,-1.556,0.4799,201.566,0
16.6224,0.154,-0.08574815839529037,-1.599,0.4745,201.624,0
16.6237,0.115,-0.08558665961027145,-1.65,0.4692,201.667,0
16.625,0.077,-0.08569709956645966,-1.704,0.4639,201.717,0
16.6263,0.033,-0.08598393201828003,-1.771,0.4578,201.776,0
16.6275,-0.005,-0.0848187729716301,-1.843,0.4524,201.806,0
16.6288,-0.044,-0.08439847826957703,-1.916,0.4471,201.84,0
16.6301,-0.077,-0.08333230018615723,-1.985,0.4425,201.896,0
16.6313,-0.115,-0.08309990912675858,-2.064,0.4372,201.945,0
16.6325,-0.148,-0.0820404589176178,-2.14,0.4326,201.972,0
16.6338,-0.187,-0.08109947293996811,-2.23,0.4272,202.054,0
16.6352,-0.22,-0.08037959039211273,-2.31,0.4227,202.057,0
16.6365,-0.258,-0.07994038611650467,-2.404,0.4173,202.086,0
16.6379,-0.297,-0.07907567173242569,-2.503,0.412,202.169,0
16.6392,-0.335,-0.07741234451532364,-2.61,0.4066,202.188,0
16.6404,-0.368,-0.0760422870516777,-2.704,0.4021,202.291,0
16.6417,-0.396,-0.07445461302995682,-2.786,0.3983,202.302,0
16.643,-0.428,-0.0728602185845375,-2.883,0.3937,202.318,0
16.6444,-0.461,-0.07008511573076248,-2.989,0.3891,202.357,0
16.6457,-0.489,-0.06747300922870636,-3.08,0.3853,202.418,0
16.647,-0.516,-0.06501706689596176,-3.17,0.3815,202.436,0
16.6483,-0.544,-0.06294561177492142,-3.259,0.3777,202.44,0
16.6495,-0.571,-0.061444684863090515,-3.344,0.3738,202.494,0
16.6507,-0.593,-0.05989087373018265,-3.415,0.3708,202.557,0
16.652,-0.621,-0.058702509850263596,-3.499,0.367,202.546,0
16.6533,-0.643,-0.0580206997692585,-3.564,0.3639,202.603,0
16.6547,-0.67,-0.05799499526619911,-3.641,0.3601,202.594,0
16.6562,-0.709,-0.058257121592760086,-3.747,0.3548,202.684,0
16.6575,-0.736,-0.05842363089323044,-3.822,0.351,202.681,0
16.6587,-0.758,-0.05932433903217316,-3.878,0.3479,202.757,0
16.66,-0.786,-0.05933425948023796,-3.953,0.3441,202.77,0
16.6613,-0.813,-0.059554021805524826,-4.026,0.3403,202.768,0
16.6627,-0.84,-0.05880843102931976,-4.103,0.3365,202.86,0
16.6641,-0.873,-0.058534931391477585,-4.192,0.3319,202.853,0
16.6653,-0.901,-0.05802519619464874,-4.265,0.3281,202.894,0
16.6666,-0.923,-0.05757955461740494,-4.324,0.325,202.934,0
16.6678,-0.95,-0.057214777916669846,-4.394,0.3212,202.926,0
16.6691,-0.972,-0.05667860060930252,-4.451,0.3181,202.984,0
16.6704,-1.0,-0.05637895315885544,-4.518,0.3143,202.98,0
16.6716,-1.022,-0.05519683286547661,-4.575,0.3113,203.055,0
16.6728,-1.049,-0.0546688549220562,-4.641,0.3075,203.086,0
16.6741,-1.071,-0.05388125777244568,-4.693,0.3044,203.085,0
16.6753,-1.093,-0.05269216001033783,-4.746,0.3014,203.118,0
16.6766,-1.115,-0.050459470599889755,-4.803,0.2983,203.13,0
16.6781,-1.132,-0.04875604435801506,-4.844,0.296,203.133,0
16.6794,-1.154,-0.04696257412433624,-4.895,0.293,203.178,0
16.6806,-1.176,-0.04629024863243103,-4.939,0.2899,203.164,0
16.6819,-1.198,-0.046168193221092224,-4.98,0.2869,203.241,0
16.6832,-1.219,-0.0458272360265255,-5.02,0.2838,203.243,0
16.6844,-1.241,-0.04648657515645027,-5.054,0.2808,203.25,0
16.6857,-1.263,-0.04782785847783089,-5.084,0.2777,203.284,0
16.687,-1.285,-0.04975227639079094,-5.109,0.2747,203.295,0
16.6883,-1.313,-0.05115537345409393,-5.142,0.2708,203.374,0
16.6896,-1.34,-0.05338580161333084,-5.168,0.267,203.366,0
16.6909,-1.368,-0.05507563427090645,-5.193,0.2632,203.398,0
16.6922,-1.395,-0.056813523173332214,-5.214,0.2594,203.444,0
16.6934,-1.423,-0.05784303694963455,-5.236,0.2556,203.479,0
16.6947,-1.45,-0.05836336314678192,-5.258,0.2518,203.489,0
16.6961,-1.478,-0.059208180755376816,-5.275,0.248,203.478,0
16.6975,-1.511,-0.05929357558488846,-5.297,0.2434,203.534,0
16.6987,-1.538,-0.060812678188085556,-5.303,0.2396,203.584,0
16.7001,-1.571,-0.06134315952658653,-5.314,0.235,203.571,0
16.7013,-1.599,-0.06060545891523361,-5.326,0.2312,203.614,0
16.7026,-1.62,-0.05943381041288376,-5.336,0.2281,203.66,0
16.704,-1.648,-0.057949718087911606,-5.347,0.2243,203.678,0
16.7052,-1.675,-0.057235583662986755,-5.349,0.2205,203.724,0
16.7065,-1.697,-0.05609399080276489,-5.352,0.2174,203.686,0
16.7078,-1.719,-0.05474567413330078,-5.354,0.2144,203.783,0
16.7091,-1.747,-0.05529691278934479,-5.342,0.2106,203.767,0
16.7104,-1.78,-0.05581173300743103,-5.323,0.206,203.789,0
16.7117,-1.807,-0.057294540107250214,-5.299,0.2022,203.86,0
16.7131,-1.835,-0.05963918939232826,-5.267,0.1984,203.836,0
16.7143,-1.868,-0.06122146546840668,-5.231,0.1938,203.882,0
16.7156,-1.901,-0.06302600353956223,-5.189,0.1892,203.893,0
16.7169,-1.934,-0.06466294825077057,-5.143,0.1846,203.939,0
16.7182,-1.961,-0.06510473042726517,-5.108,0.1808,203.932,0
16.7195,-1.994,-0.06599418073892593,-5.059,0.1762,203.967,0
16.7208,-2.021,-0.06611550599336624,-5.02,0.1724,204.055,0
16.7221,-2.054,-0.06609676778316498,-4.969,0.1678,204.034,0
16.7234,-2.087,-0.0661802738904953,-4.915,0.1633,204.035,0
16.7246,-2.115,-0.06500991433858871,-4.874,0.1595,204.092,0
16.7259,-2.137,-0.0625116229057312,-4.849,0.1564,204.062,0
16.7271,-2.159,-0.05898449197411537,-4.827,0.1534,204.149,0
16.7284,-2.181,-0.056865062564611435,-4.796,0.1503,204.137,0
16.7296,-2.208,-0.055032167583703995,-4.751,0.1465,204.119,0
16.7309,-2.225,-0.05245551839470863,-4.73,0.1442,204.166,0
16.7322,-2.247,-0.05091995745897293,-4.69,0.1411,204.17,0
16.7335,-2.269,-0.048851389437913895,-4.652,0.1381,204.202,0
16.7348,-2.291,-0.04730723798274994,-4.609,0.135,204.226,0
16.7362,-2.307,-0.04590051993727684,-4.577,0.1328,204.229,0
16.7374,-2.329,-0.045512665063142776,-4.528,0.1297,204.301,0
16.7388,-2.351,-0.04509512707591057,-4.478,0.1266,204.27,0
16.7401,-2.373,-0.04472790285944939,-4.426,0.1236,204.302,0
16.7414,-2.39,-0.04307063668966293,-4.391,0.1213,204.342,0
16.7427,-2.406,-0.04190363734960556,-4.353,0.119,204.327,0
16.744,-2.428,-0.040923647582530975,-4.299,0.116,204.34,0
16.7453,-2.444,-0.03990325704216957,-4.259,0.1137,204.348,0
16.7466,-2.461,-0.0379103422164917,-4.216,0.1114,204.374,0
16.7479,-2.472,-0.03598979488015175,-4.182,0.1099,204.388,0
16.7491,-2.488,-0.03436833620071411,-4.132,0.1076,204.382,0
16.7504,-2.499,-0.032834235578775406,-4.092,0.106,204.433,0
16.7516,-2.51,-0.03153635933995247,-4.051,0.1045,204.383,0
16.7529,-2.527,-0.030564943328499794,-3.996,0.1022,204.407,0
16.7543,-2.538,-0.02925531566143036,-3.947,0.1007,204.477,0
16.7555,-2.549,-0.027234863489866257,-3.876,0.0992,204.44,0
16.7569,-2.56,-0.025466615334153175,-3.798,0.0977,204.454,0
16.7581,-2.565,-0.024465322494506836,-3.749,0.0969,204.449,0
16.7594,-2.576,-0.023590991273522377,-3.687,0.0954,204.459,0
16.7606,-2.587,-0.022320538759231567,-3.6,0.0938,204.466,0
16.7621,-2.593,-0.020973632112145424,-3.513,0.0931,204.462,0
16.7633,-2.604,-0.019314954057335854,-3.376,0.0916,204.532,0
16.7645,-2.609,-0.017955617979168892,-3.254,0.0908,204.471,0
16.7659,-2.615,-0.0164078027009964,-3.094,0.09,204.524,0
16.7672,-2.62,-0.015122964978218079,-2.938,0.0893,204.491,0
16.7686,-2.626,-0.013620387762784958,-2.732,0.0885,204.468,0
16.77,-2.626,-0.012012520805001259,-2.491,0.0885,204.511,0
16.7712,-2.631,-0.010625269263982773,-2.24,0.0877,204.508,0
16.7725,-2.637,-0.009415727108716965,-1.997,0.087,204.524,0
16.774,-2.637,-0.007778108585625887,-1.647,0.087,204.49,0
16.7753,-2.637,-0.006002573296427727,-1.224,0.087,204.51,0
16.7767,-2.637,-0.004194716457277536,-0.752,0.087,204.499,0
16.7782,-2.637,-0.002775512868538499,-0.358,0.087,204.543,0
16.7795,-2.637,-0.0016369177028536797,-0.031,0.087,204.498,0
16.7808,-2.637,-0.0009706561686471105,0.164,0.087,204.5,0
16.7821,-2.637,-0.0006112642586231232,0.269,0.087,204.493,0
16.7834,-2.637,-0.00036671108682639897,0.341,0.087,204.567,0
16.7847,-2.637,-2.4091892555588856e-05,0.441,0.087,204.533,0
16.786,-2.637,0.00034711460466496646,0.55,0.087,204.505,0
16.7873,-2.631,0.0007707821205258369,0.668,0.0877,204.54,0
16.7885,-2.631,0.0010634500067681074,0.753,0.0877,204.513,0
16.7898,-2.631,0.000969607790466398,0.726,0.0877,204.479,0
16.7911,-2.631,0.0008944973233155906,0.704,0.0877,204.525,0
16.7923,-2.631,0.000743113225325942,0.659,0.0877,204.502,0
16.7936,-2.631,0.0005270862602628767,0.596,0.0877,204.499,0
16.7949,-2.631,0.0003476044803392142,0.543,0.0877,204.524,0
16.7961,-2.631,0.00022805198386777192,0.508,0.0877,204.503,0
16.7974,-2.631,0.00014094333164393902,0.482,0.0877,204.486,0
16.7986,-2.631,8.90331866685301e-05,0.467,0.0877,204.52,0
16.7998,-2.631,5.56711274839472e-05,0.457,0.0877,204.501,0
16.8011,-2.631,3.314408240839839e-05,0.451,0.0877,204.486,0
16.8023,-2.631,2.041140578512568e-05,0.447,0.0877,204.536,0
16.8036,-2.631,1.2086195056326687e-05,0.445,0.0877,204.489,0
16.8049,-2.631,7.433870905515505e-06,0.443,0.0877,204.534,0
16.8061,-2.631,4.373130650492385e-06,0.442,0.0877,204.503,0
16.8073,-2.631,2.6591164896672126e-06,0.442,0.0877,204.514,0
16.8086,-2.631,0.00010849949467228726,0.473,0.0877,204.496,0
16.8099,-2.631,0.00022737863764632493,0.508,0.0877,204.468,0
16.8111,-2.631,0.00020846327242907137,0.502,0.0877,204.541,0
16.8124,-2.631,0.00015832833014428616,0.488,0.0877,204.537,0
16.8136,-2.631,0.00010727520566433668,0.473,0.0877,204.489,0
16.8149,-2.631,7.14645502739586e-05,0.462,0.0877,204.505,0
16.8161,-2.631,4.459124829736538e-05,0.454,0.0877,204.524,0
16.8174,-2.631,2.8308115361141972e-05,0.449,0.0877,204.49,0
16.8186,-2.631,1.7228241631528363e-05,0.446,0.0877,204.5,0
16.8201,-2.631,1.031096871884074e-05,0.444,0.0877,204.519,0
16.8213,-2.631,5.903504188609077e-06,0.443,0.0877,204.522,0
16.8226,-2.631,3.6385567909746896e-06,0.442,0.0877,204.534,0
16.8238,-2.631,2.230616019005538e-06,0.442,0.0877,204.472,0
16.8251,-2.631,1.49603829413536e-06,0.441,0.0877,204.502,0
16.8266,-2.631,5.778160812042188e-07,0.441,0.0877,204.498,0
16.8279,-2.631,4.553864698664256e-07,0.441,0.0877,204.516,0
16.8292,-2.631,4.553864698664256e-07,0.441,0.0877,204.5,0
16.8304,-2.631,4.553864698664256e-07,0.441,0.0877,204.48,0
16.8317,-2.631,4.553864698664256e-07,0.441,0.0877,204.514,0
16.8331,-2.631,4.553864698664256e-07,0.441,0.0877,204.525,0
16.8344,-2.631,4.553864698664256e-07,0.441,0.0877,204.505,0
16.8357,-2.631,4.553864698664256e-07,0.441,0.0877,204.527,0
16.837,-2.631,4.553864698664256e-07,0.441,0.0877,204.499,0
16.8382,-2.631,4.553864698664256e-07,0.441,0.0877,204.53,0
16.8395,-2.631,4.553864698664256e-07,0.441,0.0877,204.501,0
16.8408,-2.631,4.553864698664256e-07,0.441,0.0877,204.507,0
16.8421,-2.631,4.553864698664256e-07,0.441,0.0877,204.515,0
16.8433,-2.631,4.553864698664256e-07,0.441,0.0877,204.511,0
16.8446,-2.631,4.553864698664256e-07,0.441,0.0877,204.505,0
16.8458,-2.631,4.553864698664256e-07,0.441,0.0877,204.512,0
16.8471,-2.631,4.553864698664256e-07,0.441,0.0877,204.486,0
16.8483,-2.631,4.553864698664256e-07,0.441,0.0877,204.521,0
16.8496,-2.631,4.553864698664256e-07,0.441,0.0877,204.5,0
16.8509,-2.631,4.553864698664256e-07,0.441,0.0877,204.519,0
16.8521,-2.631,4.553864698664256e-07,0.441,0.0877,204.505,0
16.8534,-2.631,4.553864698664256e-07,0.441,0.0877,204.475,0
16.8547,-2.631,4.553864698664256e-07,0.441,0.0877,204.538,0
16.8561,-2.631,4.553864698664256e-07,0.441,0.0877,204.526,0
16.8574,-2.631,4.553864698664256e-07,0.441,0.0877,204.526,0
16.8586,-2.631,4.553864698664256e-07,0.441,0.0877,204.512,0
16.8601,-2.631,4.553864698664256e-07,0.441,0.0877,204.49,0
16.8613,-2.631,4.553864698664256e-07,0.441,0.0877,204.518,0
16.8626,-2.631,4.553864698664256e-07,0.441,0.0877,204.522,0
16.8639,-2.631,4.553864698664256e-07,0.441,0.0877,204.515,0
16.8651,-2.631,4.553864698664256e-07,0.441,0.0877,204.488,0
16.8664,-2.631,4.553864698664256e-07,0.441,0.0877,204.494,0
16.8677,-2.631,4.553864698664256e-07,0.441,0.0877,204.501,0
16.869,-2.631,4.553864698664256e-07,0.441,0.0877,204.519,0
16.8703,-2.631,4.553864698664256e-07,0.441,0.0877,204.498,0
16.8715,-2.631,4.553864698664256e-07,0.441,0.0877,204.518,0
16.873,-2.631,4.553864698664256e-07,0.441,0.0877,204.484,0
16.8743,-2.631,4.553864698664256e-07,0.441,0.0877,204.549,0
16.8756,-2.631,4.553864698664256e-07,0.441,0.0877,204.49,0
16.8769,-2.631,4.553864698664256e-07,0.441,0.0877,204.5,0
16.8781,-2.631,4.553864698664256e-07,0.441,0.0877,204.51,0
16.8795,-2.631,4.553864698664256e-07,0.441,0.0877,204.522,0
16.8808,-2.631,4.553864698664256e-07,0.441,0.0877,204.501,0
16.8821,-2.631,4.553864698664256e-07,0.441,0.0877,204.515,0
16.8834,-2.631,4.553864698664256e-07,0.441,0.0877,204.52,0
16.8846,-2.631,4.553864698664256e-07,0.441,0.0877,204.52,0
16.8861,-2.631,4.553864698664256e-07,0.441,0.0877,204.513,0
16.8873,-2.631,4.553864698664256e-07,0.441,0.0877,204.53,0
16.8886,-2.631,4.553864698664256e-07,0.441,0.0877,204.491,0
16.89,-2.631,4.553864698664256e-07,0.441,0.0877,204.514,0
16.8913,-2.631,4.553864698664256e-07,0.441,0.0877,204.499,0
16.8926,-2.631,4.553864698664256e-07,0.441,0.0877,204.529,0
16.8939,-2.631,4.553864698664256e-07,0.441,0.0877,204.519,0
16.8952,-2.631,4.553864698664256e-07,0.441,0.0877,204.514,0
16.8965,-2.631,4.553864698664256e-07,0.441,0.0877,204.52,0
16.8977,-2.631,4.553864698664256e-07,0.441,0.0877,204.464,0
16.899,-2.631,4.553864698664256e-07,0.441,0.0877,204.521,0
16.9003,-2.631,5.983373921480961e-05,0.459,0.0877,204.504,0
16.9016,-2.631,0.00022033894492778927,0.506,0.0877,204.527,0
16.9029,-2.631,0.0002147683990187943,0.504,0.0877,204.495,0
16.9041,-2.631,0.00016224609862547368,0.489,0.0877,204.47,0
16.9055,-2.631,0.00011407005513319746,0.475,0.0877,204.486,0
16.9068,-2.631,7.121968519641086e-05,0.462,0.0877,204.5,0
16.9082,-2.631,4.440760312718339e-05,0.454,0.0877,204.503,0
16.9094,-2.631,2.7145029889652506e-05,0.449,0.0877,204.507,0
16.9106,-2.631,1.6493659131811e-05,0.446,0.0877,204.529,0
16.912,-2.631,9.882460290100425e-06,0.444,0.0877,204.531,0
16.9132,-2.631,5.903499641135568e-06,0.443,0.0877,204.501,0
16.9145,-2.631,3.6385520161275053e-06,0.442,0.0877,204.49,0
16.9158,-2.631,2.230611471532029e-06,0.442,0.0877,204.504,0
16.9171,-2.631,1.4348188415169716e-06,0.441,0.0877,204.518,0
16.9184,-2.631,6.390262683453329e-07,0.441,0.0877,204.551,0
16.9197,-2.631,4.5538180870607903e-07,0.441,0.0877,204.51,0
16.921,-2.631,4.5538180870607903e-07,0.441,0.0877,204.504,0
16.9224,-2.631,4.5538180870607903e-07,0.441,0.0877,204.532,0
16.9236,-2.631,4.5538180870607903e-07,0.441,0.0877,204.516,0
16.9251,-2.631,4.5538180870607903e-07,0.441,0.0877,204.554,0
16.9263,-2.631,4.5538180870607903e-07,0.441,0.0877,204.482,0
16.9277,-2.631,4.5538180870607903e-07,0.441,0.0877,204.55,0
16.929,-2.631,4.5538180870607903e-07,0.441,0.0877,204.514,0
16.9302,-2.631,4.5538180870607903e-07,0.441,0.0877,204.53,0
16.9314,-2.631,-0.0001262592413695529,0.404,0.0877,204.495,0
16.9328,-2.631,-0.00022910010011401027,0.374,0.0877,204.499,0
16.9341,-2.631,-0.00020008429419249296,0.382,0.0877,204.505,0
16.9354,-2.631,-0.00014511340123135597,0.398,0.0877,204.503,0
16.9369,-2.631,-9.050979133462533e-05,0.414,0.0877,204.518,0
16.9382,-2.631,-5.733136276830919e-05,0.424,0.0877,204.523,0
16.9395,-2.631,-3.529404057189822e-05,0.431,0.0877,204.494,0
16.9407,-2.631,-2.1459494746522978e-05,0.435,0.0877,204.521,0
16.9421,-2.631,-1.3440358998195734e-05,0.437,0.0877,204.48,0
16.9434,-2.631,-7.686167919018771e-06,0.439,0.0877,204.486,0
16.9447,-2.631,-4.502998308453243e-06,0.44,0.0877,204.468,0
16.9461,-2.631,-2.5441249817959033e-06,0.44,0.0877,204.549,0
16.9474,-2.631,-1.687117560322804e-06,0.44,0.0877,204.523,0
16.9487,-2.631,-8.913249871511653e-07,0.441,0.0877,204.497,0
16.9501,-2.631,-4.6282133325803443e-07,0.441,0.0877,204.521,0
16.9514,-2.631,-4.6282133325803443e-07,0.441,0.0877,204.486,0
16.9527,-2.631,-4.6282133325803443e-07,0.441,0.0877,204.528,0
16.9541,-2.631,-4.6282133325803443e-07,0.441,0.0877,204.486,0
16.9554,-2.631,-4.6282133325803443e-07,0.441,0.0877,204.522,0
16.957,-2.631,-4.6282133325803443e-07,0.441,0.0877,204.486,0
16.9584,-2.631,-4.6282133325803443e-07,0.441,0.0877,204.505,0
16.9597,-2.631,-4.6282133325803443e-07,0.441,0.0877,204.509,0
16.9611,-2.631,-4.6282133325803443e-07,0.441,0.0877,204.545,0
16.9624,-2.631,-4.6282133325803443e-07,0.441,0.0877,204.481,0
16.9637,-2.631,-4.6282133325803443e-07,0.441,0.0877,204.492,0
16.9651,-2.631,-4.6282133325803443e-07,0.441,0.0877,204.51,0
16.9664,-2.631,-4.6282133325803443e-07,0.441,0.0877,204.526,0
16.9677,-2.631,-4.6282133325803443e-07,0.441,0.0877,204.523,0
16.9689,-2.631,-4.6282133325803443e-07,0.441,0.0877,204.502,0
16.9702,-2.631,-4.6282133325803443e-07,0.441,0.0877,204.476,0
16.9715,-2.631,-4.6282133325803443e-07,0.441,0.0877,204.507,0
16.9728,-2.631,-4.6282133325803443e-07,0.441,0.0877,204.506,0
16.9741,-2.631,-4.6282133325803443e-07,0.441,0.0877,204.513,0
16.9754,-2.631,-4.6282133325803443e-07,0.441,0.0877,204.503,0
16.9767,-2.631,-4.6282133325803443e-07,0.441,0.0877,204.516,0
16.978,-2.631,-4.6282133325803443e-07,0.441,0.0877,204.487,0
16.9792,-2.631,-4.6282133325803443e-07,0.441,0.0877,204.506,0
16.9805,-2.631,-4.6282133325803443e-07,0.441,0.0877,204.512,0
16.9817,-2.631,-4.6282133325803443e-07,0.441,0.0877,204.465,0
16.983,-2.631,-4.6282133325803443e-07,0.441,0.0877,204.517,0
16.9843,-2.631,-4.6282133325803443e-07,0.441,0.0877,204.501,0
16.9855,-2.631,-4.6282133325803443e-07,0.441,0.0877,204.516,0
16.987,-2.631,-4.6282133325803443e-07,0.441,0.0877,204.517,0
16.9883,-2.631,-4.6282133325803443e-07,0.441,0.0877,204.486,0
16.9895,-2.631,-4.6282133325803443e-07,0.441,0.0877,204.544,0
16.9908,-2.631,-4.6282133325803443e-07,0.441,0.0877,204.524,0
16.9921,-2.631,-4.6282133325803443e-07,0.441,0.0877,204.459,0
16.9934,-2.631,-4.6282133325803443e-07,0.441,0.0877,204.524,0
16.9948,-2.631,-4.6282133325803443e-07,0.441,0.0877,204.487,0
16.9962,-2.631,-4.6282133325803443e-07,0.441,0.0877,204.549,0
16.9975,-2.631,-4.6282133325803443e-07,0.441,0.0877,204.491,0
16.9988,-2.631,-4.6282133325803443e-07,0.441,0.0877,204.519,0
17.0001,-2.631,-4.6282133325803443e-07,0.441,0.0877,204.513,0
17.0015,-2.631,-4.6282133325803443e-07,0.441,0.0877,204.498,0
17.0028,-2.631,-4.6282133325803443e-07,0.441,0.0877,204.517,0
17.0041,-2.631,-4.6282133325803443e-07,0.441,0.0877,204.476,0
17.0053,-2.631,-4.6282133325803443e-07,0.441,0.0877,204.52,0
17.0066,-2.631,-4.6282133325803443e-07,0.441,0.0877,204.481,0
17.0079,-2.631,-4.6282133325803443e-07,0.441,0.0877,204.496,0
17.0091,-2.631,-4.6282133325803443e-07,0.441,0.0877,204.491,0
17.0104,-2.631,-4.6282133325803443e-07,0.441,0.0877,204.509,0
17.0116,-2.631,-4.6282133325803443e-07,0.441,0.0877,204.506,0
17.013,-2.631,-4.6282133325803443e-07,0.441,0.0877,204.531,0
17.0142,-2.631,-4.6282133325803443e-07,0.441,0.0877,204.523,0
17.0155,-2.631,-4.6282133325803443e-07,0.441,0.0877,204.509,0
17.0168,-2.631,-4.6282133325803443e-07,0.441,0.0877,204.519,0
17.0181,-2.631,-4.6282133325803443e-07,0.441,0.0877,204.522,0
17.0194,-2.631,-4.6282133325803443e-07,0.441,0.0877,204.493,0
17.0206,-2.631,-4.6282133325803443e-07,0.441,0.0877,204.524,0
17.0221,-2.631,-4.6282133325803443e-07,0.441,0.0877,204.51,0
17.0233,-2.631,-4.6282133325803443e-07,0.441,0.0877,204.503,0
17.0246,-2.631,-4.6282133325803443e-07,0.441,0.0877,204.538,0
17.0261,-2.631,-4.6282133325803443e-07,0.441,0.0877,204.47,0
17.0274,-2.631,-4.6282133325803443e-07,0.441,0.0877,204.486,0
17.0287,-2.631,-4.6282133325803443e-07,0.441,0.0877,204.504,0
17.03,-2.631,-4.6282133325803443e-07,0.441,0.0877,204.498,0
17.0313,-2.631,-4.6282133325803443e-07,0.441,0.0877,204.534,0
17.0325,-2.631,-4.6282133325803443e-07,0.441,0.0877,204.495,0
17.0338,-2.631,-4.6282133325803443e-07,0.441,0.0877,204.503,0
17.0351,-2.631,-4.6282133325803443e-07,0.441,0.0877,204.529,0
17.0364,-2.631,-4.6282133325803443e-07,0.441,0.0877,204.503,0
17.0376,-2.631,-4.6282133325803443e-07,0.441,0.0877,204.535,0
17.0388,-2.631,-4.6282133325803443e-07,0.441,0.0877,204.479,0
17.0401,-2.631,-4.6282133325803443e-07,0.441,0.0877,204.491,0
17.0414,-2.631,-4.6282133325803443e-07,0.441,0.0877,204.533,0
17.0426,-2.631,-4.6282133325803443e-07,0.441,0.0877,204.504,0
17.0438,-2.631,-4.6282133325803443e-07,0.441,0.0877,204.486,0
17.0452,-2.631,-4.6282133325803443e-07,0.441,0.0877,204.467,0
17.0465,-2.631,-4.6282133325803443e-07,0.441,0.0877,204.5,0
17.0478,-2.631,-4.6282133325803443e-07,0.441,0.0877,204.51,0
17.0491,-2.631,-4.6282133325803443e-07,0.441,0.0877,204.543,0
17.0503,-2.631,-4.6282133325803443e-07,0.441,0.0877,204.49,0
17.0515,-2.631,-4.6282133325803443e-07,0.441,0.0877,204.516,0
17.0528,-2.631,-4.6282133325803443e-07,0.441,0.0877,204.488,0
17.0541,-2.631,-4.6282133325803443e-07,0.441,0.0877,204.511,0
17.0554,-2.631,-4.6282133325803443e-07,0.441,0.0877,204.517,0
17.0566,-2.631,-4.6282133325803443e-07,0.441,0.0877,204.51,0
17.0579,-2.631,-4.6282133325803443e-07,0.441,0.0877,204.515,0
17.0592,-2.631,-4.6282133325803443e-07,0.441,0.0877,204.498,0
17.0605,-2.631,-4.6282133325803443e-07,0.441,0.0877,204.526,0
17.0617,-2.631,-4.6282133325803443e-07,0.441,0.0877,204.511,0
17.063,-2.631,-4.6282133325803443e-07,0.441,0.0877,204.473,0
17.0642,-2.631,-4.6282133325803443e-07,0.441,0.0877,204.516,0
17.0655,-2.631,-4.6282133325803443e-07,0.441,0.0877,204.534,0
17.0667,-2.631,-4.6282133325803443e-07,0.441,0.0877,204.501,0
17.0681,-2.631,-4.6282133325803443e-07,0.441,0.0877,204.501,0
17.0694,-2.631,-4.6282133325803443e-07,0.441,0.0877,204.503,0
17.0706,-2.631,-4.6282133325803443e-07,0.441,0.0877,204.527,0
17.0718,-2.631,-4.6282133325803443e-07,0.441,0.0877,204.519,0
17.0731,-2.631,-4.6282133325803443e-07,0.441,0.0877,204.52,0
17.0743,-2.631,-4.6282133325803443e-07,0.441,0.0877,204.458,0
17.0756,-2.631,-4.6282133325803443e-07,0.441,0.0877,204.527,0
17.0768,-2.631,-4.6282133325803443e-07,0.441,0.0877,204.476,0
17.0781,-2.631,-4.6282133325803443e-07,0.441,0.0877,204.497,0
17.0794,-2.631,-4.6282133325803443e-07,0.441,0.0877,204.522,0
17.0806,-2.631,-4.6282133325803443e-07,0.441,0.0877,204.502,0
17.0819,-2.631,-4.6282133325803443e-07,0.441,0.0877,204.515,0
17.0832,-2.631,-4.6282133325803443e-07,0.441,0.0877,204.491,0
17.0845,-2.631,-4.6282133325803443e-07,0.441,0.0877,204.47,0
17.0857,-2.631,-4.6282133325803443e-07,0.441,0.0877,204.541,0
17.0872,-2.631,0.00015912414528429508,0.488,0.0877,204.506,0
17.0884,-2.631,0.00022945995442569256,0.508,0.0877,204.527,0
17.0896,-2.631,0.00020007685816381127,0.5,0.0877,204.515,0
17.0909,-2.631,0.00014926856965757906,0.485,0.0877,204.452,0
17.0922,-2.631,0.00010005186049966142,0.47,0.0877,204.512,0
17.0935,-2.631,6.393512740032747e-05,0.46,0.0877,204.471,0
17.0948,-2.631,3.951042890548706e-05,0.453,0.0877,204.56,0
17.0961,-2.631,2.4084300093818456e-05,0.448,0.0877,204.511,0
17.0973,-2.631,0.0002241954643977806,0.507,0.0877,204.489,0
17.0986,-2.631,0.00022939874907024205,0.508,0.0877,204.528,0
17.0999,-2.631,0.00018048813217319548,0.494,0.0877,204.508,0
17.1012,-2.631,0.00012453780800569803,0.478,0.0877,204.481,0
17.1024,-2.631,8.089165930869058e-05,0.465,0.0877,204.533,0
17.1037,-2.631,5.273285569273867e-05,0.457,0.0877,204.489,0
17.105,-2.631,3.240954902139492e-05,0.451,0.0877,204.495,0
17.1062,-2.631,1.9615657947724685e-05,0.447,0.0877,204.526,0
17.1075,-2.631,0.00011908969463547692,0.476,0.0877,204.495,0
17.1087,-2.631,0.00023392864386551082,0.51,0.0877,204.511,0
17.1102,-2.631,0.00020834086171817034,0.502,0.0877,204.515,0
17.1114,-2.631,0.00014773821749258786,0.484,0.0877,204.532,0
17.1127,-2.631,0.00033383117988705635,0.539,0.0877,204.5,0
17.114,-2.631,0.0005171695374883711,0.593,0.0877,204.487,0
17.1153,-2.631,0.0004396715958137065,0.57,0.0877,204.497,0
17.1165,-2.631,0.0003155892190989107,0.534,0.0877,204.505,0
17.1179,-2.631,0.00020944276184309274,0.503,0.0877,204.484,0
17.1192,-2.631,0.0005559184937737882,0.604,0.0877,204.521,0
17.1204,-2.626,0.0009097399306483567,0.701,0.0885,204.508,0
17.1216,-2.626,0.00106143020093441,0.746,0.0885,204.49,0
17.1228,-2.626,0.0010327816708013415,0.738,0.0885,204.474,0
17.1241,-2.626,0.000898415339179337,0.698,0.0885,204.472,0
17.1254,-2.626,0.0010693271178752184,0.748,0.0885,204.532,0
17.1267,-2.626,0.0009348994353786111,0.709,0.0885,204.465,0
17.128,-2.626,0.0010860387701541185,0.753,0.0885,204.523,0
17.1292,-2.626,0.0012286079581826925,0.795,0.0885,204.505,0
17.1305,-2.626,0.0013188386801630259,0.821,0.0885,204.465,0
17.1317,-2.62,0.0015334577765315771,0.877,0.0893,204.506,0
17.1331,-2.62,0.0015895304968580604,0.894,0.0893,204.479,0
17.1344,-2.62,0.0015525567578151822,0.883,0.0893,204.485,0
17.1357,-2.62,0.0013118600472807884,0.813,0.0893,204.493,0
17.137,-2.62,0.0012715194607153535,0.801,0.0893,204.491,0
17.1383,-2.62,0.0015221941284835339,0.874,0.0893,204.493,0
17.1395,-2.62,0.0016512349247932434,0.912,0.0893,204.475,0
17.1408,-2.62,0.0018066593911498785,0.957,0.0893,204.479,0
17.1421,-2.615,0.0016298098489642143,0.899,0.09,204.526,0
17.1433,-2.615,0.0016104048117995262,0.893,0.09,204.477,0
17.1446,-2.615,0.0015879999846220016,0.887,0.09,204.503,0
17.1459,-2.615,0.0014091916382312775,0.834,0.09,204.493,0
17.1477,-2.615,0.001879504881799221,0.972,0.09,204.511,0
17.1491,-2.615,0.001956145977601409,0.994,0.09,204.467,0
17.1504,-2.609,0.0020103210117667913,1.003,0.0908,204.493,0
17.1517,-2.609,0.0021895579993724823,1.055,0.0908,204.505,0
17.1531,-2.609,0.002238897141069174,1.07,0.0908,204.459,0
17.1543,-2.609,0.0022493647411465645,1.073,0.0908,204.486,0
17.1557,-2.604,0.0024959989823400974,1.138,0.0916,204.492,0
17.1571,-2.604,0.00306144030764699,1.299,0.0916,204.503,0
17.1583,-2.604,0.003239330369979143,1.35,0.0916,204.452,0
17.1596,-2.598,0.0032231700606644154,1.339,0.0923,204.478,0
17.1609,-2.598,0.0033980603329837322,1.389,0.0923,204.488,0
17.1621,-2.598,0.0039133671671152115,1.533,0.0923,204.505,0
17.1634,-2.593,0.004603808280080557,1.716,0.0931,204.489,0
17.1646,-2.593,0.005435717757791281,1.938,0.0931,204.442,0
17.1659,-2.587,0.006379160564392805,2.173,0.0938,204.466,0
17.1674,-2.582,0.00783533789217472,2.516,0.0946,204.445,0
17.1687,-2.576,0.009382298216223717,2.848,0.0954,204.437,0
17.17,-2.565,0.011308727785944939,3.207,0.0969,204.426,0
17.1712,-2.56,0.013377421535551548,3.535,0.0977,204.417,0
17.1725,-2.549,0.01617022417485714,3.881,0.0992,204.446,0
17.1739,-2.532,0.02004426345229149,4.212,0.1015,204.388,0
17.1751,-2.516,0.023896822705864906,4.413,0.1038,204.397,0
17.1764,-2.499,0.02884536422789097,4.551,0.106,204.409,0
17.1778,-2.477,0.03390219435095787,4.606,0.1091,204.35,0
17.1791,-2.45,0.03944005072116852,4.613,0.1129,204.333,0
17.1804,-2.422,0.04560205712914467,4.588,0.1167,204.26,0
17.1817,-2.395,0.05098559334874153,4.55,0.1205,204.266,0
17.1829,-2.362,0.056047070771455765,4.503,0.1251,204.251,0
17.1843,-2.324,0.06116921454668045,4.444,0.1305,204.222,0
17.1855,-2.291,0.0652928352355957,4.392,0.135,204.199,0
17.1869,-2.252,0.06890034675598145,4.333,0.1404,204.12,0
17.1882,-2.214,0.07265623658895493,4.27,0.1457,204.113,0
17.1895,-2.175,0.07631252706050873,4.203,0.1511,204.07,0
17.1907,-2.137,0.07879515737295151,4.14,0.1564,204.047,0
17.1921,-2.098,0.08169692009687424,4.07,0.1617,204.036,0
17.1934,-2.049,0.08464159816503525,3.98,0.1686,203.963,0
17.1947,-2.005,0.08825565874576569,3.89,0.1747,203.956,0
17.1962,-1.956,0.09124733507633209,3.789,0.1816,203.886,0
17.1975,-1.901,0.09492018818855286,3.67,0.1892,203.883,0
17.1988,-1.851,0.09694969654083252,3.566,0.1961,203.787,0
17.2001,-1.802,0.09908626973628998,3.457,0.2029,203.784,0
17.2014,-1.758,0.10021165013313293,3.362,0.209,203.732,0
17.2028,-1.708,0.10082770138978958,3.256,0.2159,203.671,0
17.2042,-1.653,0.10112074762582779,3.138,0.2235,203.646,0
17.2055,-1.609,0.10132592171430588,3.041,0.2296,203.581,0
17.2068,-1.56,0.10144676268100739,2.932,0.2365,203.57,0
17.2081,-1.516,0.10096088796854019,2.837,0.2426,203.51,0
17.2094,-1.467,0.10108914226293564,2.726,0.2495,203.478,0
17.2107,-1.417,0.10094381868839264,2.616,0.2563,203.407,0
17.212,-1.373,0.10168971866369247,2.513,0.2625,203.395,0
17.2133,-1.324,0.10271268337965012,2.398,0.2693,203.34,0
17.2145,-1.274,0.10308218002319336,2.287,0.2762,203.263,0
17.2159,-1.225,0.1034918949007988,2.179,0.2831,203.221,0
17.2171,-1.176,0.10318117588758469,2.077,0.2899,203.212,0
17.2184,-1.132,0.10225757211446762,1.992,0.296,203.107,0
17.2197,-1.088,0.10215906798839569,1.905,0.3021,203.106,0
17.2211,-1.033,0.10207756608724594,1.801,0.3098,203.031,0
17.2224,-0.989,0.10181507468223572,1.722,0.3159,203.012,0
17.2237,-0.939,0.10352810472249985,1.626,0.3227,202.984,0
17.2249,-0.89,0.10364668816328049,1.544,0.3296,202.919,0
17.2262,-0.84,0.10489276051521301,1.46,0.3365,202.831,0
17.2277,-0.786,0.10683092474937439,1.37,0.3441,202.783,0
17.229,-0.731,0.10802052170038223,1.292,0.3517,202.696,0
17.2302,-0.676,0.10939184576272964,1.221,0.3593,202.649,0
17.2315,-0.626,0.11100754141807556,1.161,0.3662,202.595,0
17.2328,-0.577,0.11138816922903061,1.115,0.3731,202.538,0
17.2341,-0.522,0.1115909293293953,1.073,0.3807,202.463,0
17.2353,-0.472,0.11182133108377457,1.041,0.3876,202.433,0
17.2367,-0.423,0.1128329262137413,1.012,0.3944,202.352,0
17.238,-0.363,0.11456218361854553,0.982,0.4028,202.281,0
17.2393,-0.302,0.11740417033433914,0.956,0.4112,202.203,0
17.2405,-0.247,0.12031518667936325,0.938,0.4189,202.12,0
17.2417,-0.192,0.12219240516424179,0.934,0.4265,202.081,0
17.243,-0.132,0.12475613504648209,0.936,0.4349,202.001,0
17.2443,-0.066,0.12703578174114227,0.951,0.444,201.903,0
17.2455,-0.005,0.12903182208538055,0.973,0.4524,201.886,0
17.2467,0.049,0.1305343359708786,1.002,0.4601,201.784,0
17.248,0.115,0.13271847367286682,1.043,0.4692,201.704,0
17.2493,0.176,0.13458766043186188,1.087,0.4776,201.639,0
17.2506,0.247,0.13748058676719666,1.142,0.4875,201.563,0
17.2518,0.313,0.1398441344499588,1.201,0.4967,201.47,0
17.2531,0.374,0.14208447933197021,1.259,0.5051,201.405,0
17.2544,0.445,0.14333322644233704,1.339,0.515,201.309,0
17.2557,0.516,0.14545482397079468,1.417,0.5249,201.249,0
17.257,0.588,0.14676134288311005,1.502,0.5348,201.164,0
17.2582,0.654,0.14845691621303558,1.578,0.544,201.076,0
17.2595,0.725,0.15082016587257385,1.656,0.5539,201.025,0
17.2607,0.797,0.15322601795196533,1.732,0.5638,200.925,0
17.2621,0.868,0.15602260828018188,1.803,0.5737,200.839,0
17.2633,0.95,0.15737704932689667,1.891,0.5852,200.759,0
17.2646,1.022,0.1588408648967743,1.961,0.5951,200.688,0
17.2658,1.099,0.16073176264762878,2.027,0.6058,200.583,0
17.2671,1.17,0.16242218017578125,2.083,0.6157,200.482,0
17.2684,1.247,0.16446258127689362,2.134,0.6264,200.377,0
17.2696,1.329,0.16706551611423492,2.177,0.6378,200.297,0
17.2709,1.412,0.16935357451438904,2.213,0.6493,200.2,0
17.2722,1.489,0.17149531841278076,2.237,0.6599,200.118,0
17.2734,1.571,0.1737198829650879,2.255,0.6714,200.039,0
17.2747,1.653,0.17573902010917664,2.265,0.6828,199.931,0
17.276,1.736,0.17848427593708038,2.262,0.6943,199.881,0
17.2772,1.824,0.18156157433986664,2.252,0.7065,199.743,0
17.2785,1.912,0.18413355946540833,2.237,0.7187,199.653,0
17.2799,2.005,0.1861524134874344,2.221,0.7317,199.573,0
17.2811,2.093,0.18841582536697388,2.2,0.7439,199.44,0
17.2824,2.181,0.1905282735824585,2.178,0.7561,199.384,0
17.2836,2.269,0.1929747313261032,2.155,0.7683,199.249,0
17.2848,2.357,0.19447101652622223,2.141,0.7805,199.17,0
17.2861,2.444,0.19642114639282227,2.127,0.7927,199.105,0
17.2874,2.538,0.19773027300834656,2.124,0.8057,199.019,0
17.2886,2.631,0.1984473317861557,2.133,0.8186,198.91,0
17.29,2.725,0.1998627930879593,2.147,0.8316,198.818,0
17.2912,2.818,0.20132210850715637,2.172,0.8446,198.714,0
17.2925,2.917,0.20277629792690277,2.212,0.8583,198.628,0
17.2938,3.01,0.20381608605384827,2.264,0.8713,198.536,0
17.2951,3.104,0.20513568818569183,2.327,0.8842,198.471,0
17.2964,3.208,0.20640218257904053,2.412,0.8987,198.376,0
17.2977,3.307,0.2079024463891983,2.503,0.9125,198.295,0
17.299,3.4,0.2090568244457245,2.6,0.9254,198.212,0
17.3003,3.499,0.21109157800674438,2.705,0.9392,198.101,0
17.3016,3.604,0.2136783003807068,2.82,0.9537,198.007,0
17.3028,3.708,0.21715497970581055,2.932,0.9682,197.941,0
17.3042,3.812,0.2197658270597458,3.049,0.9827,197.839,0
17.3054,3.922,0.22239387035369873,3.167,0.9979,197.769,0
17.3066,4.026,0.22459904849529266,3.272,0.0124,197.694,0
17.308,4.131,0.2259870320558548,3.368,0.0269,197.58,0
17.3092,4.235,0.22693641483783722,3.451,0.0414,197.543,0
17.3105,4.34,0.2275935560464859,3.515,0.0559,197.453,0
17.3117,4.444,0.2287013977766037,3.552,0.0704,197.451,0
17.313,4.548,0.2302699089050293,3.561,0.0849,197.359,0
17.3143,4.658,0.23105452954769135,3.546,0.1002,197.259,0
17.3155,4.763,0.23246516287326813,3.497,0.1147,197.159,0
17.3167,4.861,0.2335827648639679,3.425,0.1284,197.101,0
17.318,4.977,0.2353062629699707,3.305,0.1444,197.002,0
17.3193,5.087,0.2369888573884964,3.159,0.1597,196.927,0
17.3206,5.197,0.23792855441570282,2.989,0.1749,196.849,0
17.3218,5.306,0.23899713158607483,2.793,0.1902,196.705,0
17.3232,5.416,0.24029017984867096,2.574,0.2054,196.658,0
17.3244,5.532,0.2414788156747818,2.328,0.2215,196.532,0
17.3256,5.641,0.24274173378944397,2.081,0.2367,196.444,0
17.3268,5.746,0.24333016574382782,1.844,0.2512,196.374,0
17.3281,5.856,0.2440948188304901,1.595,0.2665,196.236,0
17.3294,5.971,0.24409617483615875,1.344,0.2825,196.194,0
17.3308,6.086,0.2445957511663437,1.102,0.2985,196.037,0
17.3322,6.202,0.244113489985466,0.885,0.3145,195.921,0
17.3334,6.317,0.2426941841840744,0.698,0.3306,195.78,0
17.3346,6.422,0.24242614209651947,0.547,0.3451,195.671,0
17.3358,6.531,0.24232417345046997,0.416,0.3603,195.564,0
17.3371,6.641,0.2416227161884308,0.319,0.3756,195.449,0
17.3383,6.746,0.24124427139759064,0.256,0.3901,195.313,0
17.3395,6.844,0.2402532696723938,0.227,0.4038,195.225,0
17.3407,6.949,0.2398889809846878,0.22,0.4183,195.106,0
17.3419,7.059,0.23955531418323517,0.244,0.4336,194.941,0
17.3432,7.163,0.23970088362693787,0.29,0.4481,194.847,0
17.3445,7.267,0.24001450836658478,0.359,0.4626,194.703,0
17.3457,7.383,0.23992560803890228,0.462,0.4786,194.575,0
17.347,7.493,0.24162009358406067,0.567,0.4938,194.435,0
17.3483,7.614,0.2431911826133728,0.701,0.5106,194.287,0
17.3496,7.723,0.2452140599489212,0.828,0.5259,194.144,0
17.3508,7.833,0.24537771940231323,0.97,0.5411,194.045,0
17.3522,7.949,0.24603883922100067,1.115,0.5572,193.909,0
17.3535,8.075,0.24669703841209412,1.268,0.5747,193.786,0
17.3547,8.185,0.24647237360477448,1.395,0.59,193.637,0
17.3559,8.289,0.24693123996257782,1.501,0.6045,193.504,0
17.3571,8.399,0.24701707065105438,1.6,0.6197,193.379,0
17.3584,8.503,0.24808096885681152,1.674,0.6342,193.286,0
17.3596,8.624,0.2498825192451477,1.736,0.651,193.128,0
17.3609,8.74,0.2526679039001465,1.77,0.667,192.963,0
17.3621,8.855,0.2550951838493347,1.789,0.683,192.857,0
17.3635,8.976,0.25717905163764954,1.795,0.6998,192.714,0
17.3649,9.119,0.2602427303791046,1.78,0.7197,192.595,0
17.3662,9.24,0.26304468512535095,1.757,0.7365,192.43,0
17.3674,9.36,0.26565229892730713,1.73,0.7532,192.324,0
17.3687,9.487,0.26762208342552185,1.706,0.7708,192.198,0
17.37,9.619,0.2696649432182312,1.688,0.7891,192.045,0
17.3713,9.739,0.2709749937057495,1.685,0.8059,191.947,0
17.3725,9.866,0.27258893847465515,1.695,0.8234,191.765,0
17.3738,9.992,0.27333810925483704,1.73,0.841,191.671,0
17.375,10.113,0.27454182505607605,1.779,0.8578,191.572,0
17.3766,10.239,0.2762030363082886,1.851,0.8753,191.393,0
17.378,10.415,0.27829843759536743,1.987,0.8997,191.264,0
17.3795,10.552,0.27862364053726196,2.128,0.9188,191.145,0
17.3811,10.706,0.2797967791557312,2.301,0.9402,191.02,0
17.3824,10.854,0.281678169965744,2.477,0.9608,190.855,0
17.3837,10.992,0.28408560156822205,2.637,0.9798,190.725,0
17.385,11.135,0.2862209975719452,2.799,0.9997,190.669,0
17.3863,11.272,0.28865405917167664,2.935,0.0187,190.539,0
17.3876,11.404,0.290096640586853,3.047,0.037,190.435,0
17.3889,11.541,0.2909014821052551,3.136,0.0561,190.367,0
17.3902,11.684,0.29045340418815613,3.192,0.076,190.25,0
17.3916,11.821,0.2904770076274872,3.196,0.095,190.169,0
17.3929,11.959,0.2908460795879364,3.149,0.1141,190.06,0
17.3942,12.096,0.2913830578327179,3.049,0.1332,189.975,0
17.3954,12.228,0.29264721274375916,2.902,0.1515,189.849,0
17.3967,12.365,0.29267120361328125,2.711,0.1706,189.728,0
17.398,12.497,0.292437344789505,2.49,0.1889,189.659,0
17.3992,12.634,0.29222655296325684,2.226,0.2079,189.545,0
17.4005,12.766,0.2925962805747986,1.947,0.2263,189.415,0
17.4018,12.898,0.29302307963371277,1.653,0.2446,189.322,0
17.4031,13.035,0.29336124658584595,1.344,0.2636,189.169,0
17.4043,13.173,0.2928914427757263,1.047,0.2827,189.074,0
17.4056,13.304,0.2919694185256958,0.782,0.301,188.936,0
17.407,13.442,0.29076752066612244,0.534,0.3201,188.833,0
17.4082,13.574,0.288503497838974,0.338,0.3384,188.673,0
17.4095,13.7,0.28671562671661377,0.184,0.356,188.536,0
17.4107,13.826,0.28543394804000854,0.068,0.3735,188.393,0
17.412,13.953,0.2838091552257538,-0.003,0.3911,188.297,0
17.4132,14.079,0.28176653385162354,-0.028,0.4086,188.101,0
17.4145,14.2,0.27914583683013916,-0.009,0.4254,188.01,0
17.4157,14.321,0.27754536271095276,0.041,0.4422,187.826,0
17.4169,14.436,0.2749902904033661,0.126,0.4582,187.677,0
17.4182,14.557,0.27261269092559814,0.241,0.475,187.562,0
17.4195,14.678,0.272311270236969,0.366,0.4918,187.416,0
17.4207,14.804,0.27176791429519653,0.518,0.5093,187.245,0
17.422,14.919,0.2718472480773926,0.663,0.5253,187.118,0
17.4232,15.046,0.2714221775531769,0.83,0.5429,186.972,0
17.4245,15.161,0.2703564167022705,0.985,0.5589,186.842,0
17.4258,15.293,0.2703527510166168,1.147,0.5772,186.714,0
17.4271,15.408,0.2695105969905853,1.283,0.5932,186.558,0
17.4285,15.54,0.2681092619895935,1.422,0.6115,186.415,0
17.4298,15.672,0.2675906717777252,1.534,0.6299,186.259,0
17.4311,15.798,0.2680065929889679,1.613,0.6474,186.133,0
17.4324,15.925,0.2687050700187683,1.668,0.6649,185.959,0
17.4336,16.046,0.26919370889663696,1.702,0.6817,185.818,0
17.4348,16.166,0.27020975947380066,1.716,0.6985,185.688,0
17.4361,16.287,0.2715030908584595,1.713,0.7153,185.551,0
17.4373,16.419,0.2738826274871826,1.693,0.7336,185.355,0
17.4386,16.54,0.27572914958000183,1.671,0.7504,185.259,0
17.4398,16.666,0.2764146029949188,1.655,0.7679,185.119,0
17.4411,16.793,0.27779728174209595,1.639,0.7855,184.992,0
17.4423,16.913,0.278569757938385,1.637,0.8023,184.874,0
17.4435,17.034,0.279096782207489,1.65,0.8191,184.765,0
17.4448,17.161,0.2789575755596161,1.684,0.8366,184.599,0
17.4461,17.292,0.2790432870388031,1.741,0.8549,184.475,0
17.4474,17.424,0.2791343331336975,1.822,0.8732,184.364,0
17.4486,17.551,0.279400110244751,1.921,0.8908,184.234,0
17.4499,17.677,0.27957049012184143,2.041,0.9083,184.123,0
17.4511,17.803,0.2800462543964386,2.177,0.9259,184.003,0
17.4523,17.924,0.2796592712402344,2.324,0.9427,183.913,0
17.4536,18.051,0.2800453007221222,2.481,0.9602,183.81,0
17.4548,18.182,0.2810859680175781,2.643,0.9785,183.631,0
17.4561,18.309,0.2833676040172577,2.785,0.9961,183.55,0
17.4573,18.435,0.2853319048881531,2.917,0.0136,183.468,0
17.4585,18.561,0.28703418374061584,3.03,0.0312,183.358,0
17.4598,18.699,0.2881607413291931,3.127,0.0502,183.298,0
17.4612,18.825,0.28892770409584045,3.185,0.0678,183.166,0
17.4625,18.968,0.28840315341949463,3.213,0.0876,183.072,0
17.4637,19.105,0.28882816433906555,3.185,0.1067,183.002,0
17.4649,19.232,0.2896164357662201,3.111,0.1242,182.904,0
17.4661,19.358,0.2903759777545929,2.995,0.1418,182.812,0
17.4674,19.49,0.2911011874675751,2.83,0.1601,182.686,0
17.4686,19.622,0.2921660840511322,2.623,0.1784,182.588,0
17.47,19.759,0.29222145676612854,2.375,0.1975,182.453,0
17.4712,19.891,0.2918759882450104,2.112,0.2158,182.376,0
17.4725,20.023,0.29251936078071594,1.824,0.2341,182.253,0
17.4737,20.154,0.29326629638671875,1.525,0.2524,182.165,0
17.475,20.286,0.29285669326782227,1.235,0.2707,182.046,0
17.4763,20.424,0.2932374179363251,0.938,0.2898,181.957,0
17.4777,20.561,0.2929690480232239,0.667,0.3089,181.779,0
17.4791,20.704,0.29090505838394165,0.43,0.3287,181.635,0
17.4803,20.841,0.29008495807647705,0.236,0.3478,181.515,0
17.4815,20.967,0.2889535129070282,0.099,0.3653,181.383,0
17.4828,21.099,0.2864576280117035,0.01,0.3836,181.234,0
17.4841,21.22,0.2847526967525482,-0.034,0.4004,181.131,0
17.4853,21.352,0.2822016179561615,-0.033,0.4187,180.94,0
17.4866,21.473,0.28024667501449585,0.005,0.4355,180.823,0
17.4878,21.599,0.2784074544906616,0.08,0.4531,180.668,0
17.489,21.714,0.2765359580516815,0.179,0.4691,180.555,0
17.4903,21.83,0.27491867542266846,0.299,0.4851,180.407,0
17.4915,21.962,0.2744598090648651,0.45,0.5034,180.253,0
17.4928,22.088,0.2757744789123535,0.599,0.521,180.084,0
17.4941,22.209,0.2761894166469574,0.753,0.5378,179.948,0
17.4954,22.341,0.2760676145553589,0.925,0.5561,179.795,0
17.4966,22.462,0.27577072381973267,1.077,0.5728,179.673,0
17.4978,22.582,0.2749040126800537,1.222,0.5896,179.558,0
17.4991,22.703,0.27471962571144104,1.348,0.6064,179.372,0
17.5004,22.83,0.27434098720550537,1.461,0.624,179.241,0
17.5016,22.956,0.2747740149497986,1.548,0.6415,179.084,0
17.5029,23.077,0.2757611572742462,1.606,0.6583,178.961,0
17.5042,23.203,0.27708742022514343,1.644,0.6758,178.824,0
17.5054,23.335,0.2775755226612091,1.668,0.6942,178.628,0
17.5066,23.456,0.279037743806839,1.668,0.7109,178.515,0
17.5079,23.582,0.2809180021286011,1.653,0.7285,178.356,0
17.5091,23.714,0.2824530303478241,1.633,0.7468,178.227,0
17.5103,23.835,0.2840253710746765,1.612,0.7636,178.039,0
17.5115,23.967,0.2859424948692322,1.591,0.7819,177.95,0
17.5128,24.104,0.2869199812412262,1.587,0.801,177.792,0
17.5141,24.236,0.28784075379371643,1.597,0.8193,177.653,0
17.5154,24.357,0.288089394569397,1.628,0.8361,177.521,0
17.5166,24.494,0.28874048590660095,1.684,0.8551,177.387,0
17.5182,24.659,0.28896990418434143,1.789,0.878,177.26,0
17.5195,24.791,0.2897995710372925,1.895,0.8963,177.097,0
17.5208,24.922,0.29024118185043335,2.025,0.9146,176.993,0
17.5221,25.065,0.2905445694923401,2.187,0.9345,176.846,0
17.5233,25.197,0.29132410883903503,2.346,0.9528,176.713,0
17.5246,25.329,0.2929913401603699,2.504,0.9711,176.619,0
17.5258,25.466,0.29358822107315063,2.673,0.9902,176.534,0
17.5271,25.598,0.29556629061698914,2.815,0.0085,176.366,0
17.5283,25.735,0.29871436953544617,2.936,0.0276,176.256,0
17.5296,25.878,0.30125710368156433,-3.615,0.0474,176.148,0
17.5309,26.01,0.30169838666915894,-3.62,0.0657,176.057,0
17.5321,26.147,0.30187177658081055,-3.622,0.0848,176.005,0
17.5333,26.279,0.30035045742988586,-3.604,0.1031,175.864,0
17.5346,26.406,0.29476431012153625,3.098,0.1206,175.782,0
17.5359,26.526,0.2875407338142395,3.044,0.1374,175.707,0
17.5371,26.647,0.27914148569107056,2.958,0.1542,175.621,0
17.5384,26.757,0.27121254801750183,2.851,0.1695,175.526,0
17.5397,26.873,0.26535317301750183,2.696,0.1855,175.441,0
17.541,26.993,0.26220980286598206,2.488,0.2023,175.328,0
17.5423,27.114,0.26092836260795593,2.248,0.2191,175.255,0
17.5435,27.23,0.2615440785884857,1.994,0.2351,175.137,0
17.5448,27.356,0.2612828314304352,1.714,0.2526,175.017,0
17.5461,27.471,0.26284247636795044,1.448,0.2686,174.926,0
17.5474,27.592,0.26361528038978577,1.182,0.2854,174.85,0
17.5486,27.713,0.2647891640663147,0.928,0.3022,174.725,0
17.55,27.845,0.2652190029621124,0.682,0.3205,174.585,0
17.5513,27.96,0.2653962969779968,0.496,0.3365,174.506,0
17.5526,28.098,0.264846533536911,0.318,0.3556,174.363,0
17.5539,28.224,0.26449069380760193,0.196,0.3732,174.237,0
17.5551,28.339,0.263754665851593,0.124,0.3892,174.137,0
17.5563,28.449,0.26233068108558655,0.093,0.4044,173.966,0
17.5575,28.559,0.2614908814430237,0.092,0.4197,173.891,0
17.5589,28.68,0.2603684663772583,0.127,0.4365,173.778,0
17.5601,28.795,0.25970593094825745,0.19,0.4525,173.622,0
17.5614,28.911,0.2575518488883972,0.289,0.4685,173.515,0
17.5627,29.031,0.25651487708091736,0.411,0.4853,173.37,0
17.5641,29.152,0.2568739354610443,0.544,0.5021,173.21,0
17.5653,29.268,0.2570752203464508,0.685,0.5181,173.071,0
17.5666,29.388,0.25735536217689514,0.839,0.5349,172.958,0
17.5678,29.509,0.2576048672199249,0.995,0.5517,172.82,0
17.5691,29.625,0.2583022117614746,1.137,0.5677,172.666,0
17.5703,29.74,0.25873318314552307,1.272,0.5837,172.557,0
17.5716,29.855,0.2579101026058197,1.401,0.5998,172.396,0
17.5729,29.982,0.2581561803817749,1.519,0.6173,172.231,0
17.5742,30.097,0.2585502564907074,1.606,0.6333,172.112,0
17.5754,30.212,0.25956204533576965,1.672,0.6494,171.94,0
17.5766,30.328,0.2609775960445404,1.716,0.6654,171.828,0
17.5779,30.449,0.26205024123191833,1.746,0.6822,171.706,0
17.5792,30.564,0.2629518210887909,1.759,0.6982,171.547,0
17.5805,30.69,0.2638823390007019,1.759,0.7157,171.406,0
17.5817,30.811,0.26594674587249756,1.741,0.7325,171.257,0
17.5831,30.938,0.2681168019771576,1.717,0.7501,171.118,0
17.5843,31.075,0.26966530084609985,1.695,0.7691,170.953,0
17.5856,31.19,0.27100124955177307,1.68,0.7852,170.794,0
17.5869,31.322,0.2715456783771515,1.68,0.8035,170.708,0
17.5884,31.47,0.27207285165786743,1.7,0.8241,170.552,0
17.5897,31.597,0.2717731297016144,1.741,0.8416,170.419,0
17.591,31.723,0.2715481221675873,1.803,0.8592,170.272,0
17.5925,31.855,0.27208849787712097,1.887,0.8775,170.138,0
17.5939,32.003,0.27201810479164124,2.014,0.8981,169.999,0
17.5953,32.135,0.2720266580581665,2.148,0.9164,169.9,0
17.5967,32.272,0.2718870937824249,2.308,0.9355,169.711,0
17.598,32.404,0.27193325757980347,2.471,0.9538,169.63,0
17.5993,32.536,0.2730550765991211,2.633,0.9721,169.519,0
17.6006,32.662,0.2732963562011719,2.79,0.9896,169.435,0
17.6019,32.789,0.27346447110176086,2.937,0.0072,169.309,0
17.6033,32.915,0.2749149799346924,3.06,0.0247,169.209,0
17.6046,33.063,0.2767360806465149,3.173,0.0453,169.048,0
17.606,33.206,0.27874332666397095,3.239,0.0652,168.999,0
17.6073,33.333,0.2798055112361908,3.263,0.0827,168.922,0
17.6086,33.464,0.2807431221008301,3.246,0.101,168.789,0
17.6099,33.602,0.28205689787864685,3.177,0.1201,168.696,0
17.6112,33.734,0.2826812267303467,3.066,0.1384,168.613,0
17.6125,33.86,0.28286993503570557,2.92,0.1559,168.5,0
17.6137,33.992,0.28187960386276245,2.733,0.1743,168.368,0
17.6149,34.118,0.2810342311859131,2.519,0.1918,168.26,0
17.6162,34.239,0.2802720069885254,2.289,0.2086,168.216,0
17.6174,34.36,0.2788195312023163,2.043,0.2254,168.099,0
17.6186,34.481,0.277191162109375,1.787,0.2422,167.994,0
17.62,34.612,0.27509692311286926,1.505,0.2605,167.859,0
17.6213,34.739,0.27397897839546204,1.234,0.278,167.759,0
17.6226,34.86,0.272365927696228,0.989,0.2948,167.65,0
17.6239,34.986,0.27042579650878906,0.756,0.3123,167.58,0
17.6252,35.107,0.2677108645439148,0.564,0.3291,167.471,0
17.6264,35.228,0.2642625868320465,0.408,0.3459,167.343,0
17.6277,35.338,0.2616370618343353,0.293,0.3612,167.229,0
17.629,35.447,0.25794893503189087,0.216,0.3764,167.147,0
17.6303,35.568,0.25478866696357727,0.164,0.3932,167.019,0
17.6314,35.673,0.25094136595726013,0.157,0.4077,166.919,0
17.6327,35.777,0.24764183163642883,0.177,0.4222,166.806,0
17.6339,35.887,0.2452308088541031,0.22,0.4375,166.69,0
17.6351,35.986,0.2422458529472351,0.289,0.4512,166.569,0
17.6364,36.085,0.23998664319515228,0.373,0.4649,166.502,0
17.6376,36.189,0.2374732792377472,0.482,0.4794,166.347,0
17.639,36.304,0.236166313290596,0.613,0.4955,166.2,0
17.6403,36.409,0.2347923219203949,0.745,0.5099,166.094,0
17.6416,36.513,0.2340802550315857,0.881,0.5244,166.028,0
17.6428,36.628,0.233204647898674,1.036,0.5405,165.853,0
17.6441,36.727,0.2328057736158371,1.167,0.5542,165.758,0
17.6454,36.837,0.2327011376619339,1.306,0.5695,165.606,0
17.6468,36.947,0.23221071064472198,1.439,0.5847,165.471,0
17.6481,37.057,0.23043963313102722,1.568,0.6,165.374,0
17.6494,37.167,0.22974316775798798,1.676,0.6152,165.2,0
17.6507,37.271,0.22981230914592743,1.76,0.6297,165.08,0
17.6521,37.381,0.23056365549564362,1.828,0.645,164.951,0
17.6534,37.496,0.2311297208070755,1.882,0.661,164.817,0
17.6546,37.601,0.2305726557970047,1.922,0.6755,164.679,0
17.6559,37.705,0.23172633349895477,1.939,0.69,164.583,0
17.6571,37.809,0.23276099562644958,1.944,0.7045,164.413,0
17.6585,37.936,0.2344784289598465,1.934,0.722,164.292,0
17.6599,38.046,0.23534756898880005,1.922,0.7373,164.146,0
17.6612,38.156,0.2357807457447052,1.909,0.7526,164.043,0
17.6624,38.271,0.23711082339286804,1.89,0.7686,163.92,0
17.6637,38.375,0.2374999225139618,1.882,0.7831,163.803,0
17.6651,38.485,0.23784637451171875,1.88,0.7983,163.666,0
17.6664,38.6,0.23727303743362427,1.895,0.8144,163.539,0
17.6677,38.71,0.23676569759845734,1.922,0.8296,163.409,0
17.6691,38.82,0.2364196926355362,1.963,0.8449,163.292,0
17.6706,38.936,0.2353232353925705,2.028,0.8609,163.198,0
17.6719,39.062,0.23490415513515472,2.115,0.8784,163.069,0
17.6732,39.172,0.23444025218486786,2.21,0.8937,162.934,0
17.6745,39.282,0.23405177891254425,2.319,0.909,162.832,0
17.6758,39.386,0.23320309817790985,2.438,0.9235,162.741,0
17.6771,39.496,0.23250451683998108,2.572,0.9387,162.641,0
17.6787,39.622,0.2314387410879135,2.737,0.9563,162.539,0
17.6801,39.743,0.23218250274658203,2.887,0.9731,162.413,0
17.6814,39.853,0.23181186616420746,3.027,0.9883,162.308,0
17.6827,39.957,0.23220890760421753,3.149,0.0028,162.233,0
17.684,40.073,0.23278367519378662,3.271,0.0188,162.155,0
17.6852,40.177,0.23361533880233765,3.364,0.0333,162.061,0
17.6864,40.287,0.2340485155582428,3.445,0.0486,162.011,0
17.6877,40.391,0.23607666790485382,3.489,0.0631,161.932,0
17.689,40.496,0.2362823635339737,3.519,0.0776,161.804,0
17.6903,40.611,0.23649448156356812,3.522,0.0936,161.737,0
17.6916,40.721,0.2364429086446762,3.493,0.1089,161.66,0
17.6928,40.825,0.23552359640598297,3.44,0.1234,161.561,0
17.6941,40.93,0.23500819504261017,3.356,0.1378,161.474,0
17.6955,41.039,0.23396766185760498,3.239,0.1531,161.398,0
17.6968,41.16,0.23124690353870392,3.087,0.1699,161.304,0
17.6981,41.259,0.22901727259159088,2.937,0.1836,161.221,0
17.6993,41.358,0.22738178074359894,2.766,0.1974,161.14,0
17.7006,41.457,0.22567401826381683,2.579,0.2111,161.1,0
17.7019,41.556,0.22373594343662262,2.382,0.2248,160.989,0
17.7031,41.649,0.2204851508140564,2.197,0.2378,160.926,0
17.7043,41.748,0.21781116724014282,1.992,0.2515,160.858,0
17.7056,41.836,0.21509259939193726,1.813,0.2637,160.771,0
17.7068,41.929,0.2133292853832245,1.618,0.2767,160.701,0
17.7081,42.023,0.21108798682689667,1.433,0.2897,160.623,0
17.7094,42.116,0.20782727003097534,1.264,0.3026,160.535,0
17.7107,42.204,0.20374444127082825,1.123,0.3148,160.451,0
17.712,42.292,0.19910284876823425,1.0,0.3271,160.355,0
17.7133,42.38,0.1952964961528778,0.888,0.3393,160.274,0
17.7145,42.457,0.19203992187976837,0.804,0.3499,160.195,0
17.7157,42.539,0.18785922229290009,0.734,0.3614,160.162,0
17.7171,42.621,0.18398891389369965,0.681,0.3728,160.095,0
17.7183,42.698,0.17934951186180115,0.653,0.3835,160.006,0
17.7198,42.77,0.1748696118593216,0.643,0.3934,159.943,0
17.721,42.852,0.17115506529808044,0.64,0.4049,159.854,0
17.7223,42.924,0.16716308891773224,0.656,0.4148,159.792,0
17.7236,42.995,0.16364242136478424,0.683,0.4247,159.748,0
17.7249,43.066,0.15978416800498962,0.725,0.4346,159.659,0
17.7262,43.138,0.1568034440279007,0.774,0.4445,159.574,0
17.7277,43.209,0.15393847227096558,0.834,0.4545,159.492,0
17.7292,43.286,0.14991527795791626,0.915,0.4651,159.414,0
17.7305,43.358,0.14705117046833038,0.995,0.4751,159.331,0
17.7319,43.429,0.14561617374420166,1.074,0.485,159.306,0
17.7331,43.489,0.14351019263267517,1.152,0.4934,159.234,0
17.7346,43.555,0.1414339542388916,1.241,0.5025,159.176,0
17.736,43.627,0.1395183652639389,1.339,0.5125,159.07,0
17.7374,43.698,0.13666322827339172,1.447,0.5224,158.97,0
17.7387,43.759,0.13372668623924255,1.542,0.5308,158.93,0
17.7401,43.813,0.1320088803768158,1.624,0.5384,158.861,0
17.7413,43.874,0.13056351244449615,1.712,0.5468,158.777,0
17.7426,43.934,0.12963347136974335,1.795,0.5552,158.724,0
17.744,43.995,0.12939999997615814,1.873,0.5636,158.64,0
17.7454,44.055,0.1284472942352295,1.953,0.572,158.571,0
17.7467,44.116,0.12678910791873932,2.035,0.5804,158.525,0
17.7481,44.176,0.12574344873428345,2.11,0.5887,158.451,0
17.7494,44.236,0.12467470020055771,2.181,0.5971,158.343,0
17.7508,44.291,0.12367500364780426,2.243,0.6048,158.278,0
17.7521,44.357,0.12300733476877213,2.308,0.6139,158.196,0
17.7533,44.407,0.12179882824420929,2.358,0.6208,158.177,0
17.7545,44.462,0.12176725268363953,2.401,0.6284,158.066,0
17.7558,44.517,0.12116625159978867,2.444,0.636,157.989,0
17.7572,44.572,0.1209363341331482,2.48,0.6437,157.972,0
17.7584,44.626,0.12006205320358276,2.516,0.6513,157.886,0
17.7597,44.681,0.11893068253993988,2.549,0.6589,157.797,0
17.761,44.731,0.117513008415699,2.578,0.6658,157.741,0
17.7623,44.786,0.11654636263847351,2.602,0.6734,157.699,0
17.7635,44.841,0.11651918292045593,2.617,0.6811,157.633,0
17.7648,44.89,0.1157907173037529,2.632,0.6879,157.573,0
17.7661,44.945,0.11579629778862,2.64,0.6956,157.492,0
17.7673,44.995,0.11588120460510254,2.644,0.7024,157.428,0
17.7685,45.044,0.11469308286905289,2.654,0.7093,157.418,0
17.7698,45.099,0.11457090079784393,2.655,0.7169,157.312,0
17.7711,45.148,0.11355330795049667,2.659,0.7238,157.263,0
17.7725,45.198,0.11289183050394058,2.661,0.7307,157.231,0
17.7739,45.258,0.1119093969464302,2.662,0.739,157.137,0
17.7752,45.308,0.11119140684604645,2.662,0.7459,157.048,0
17.7764,45.357,0.11060184240341187,2.66,0.7528,157.008,0
17.7777,45.406,0.10991745442152023,2.659,0.7596,156.946,0
17.7791,45.461,0.1100974902510643,2.653,0.7673,156.858,0
17.7804,45.516,0.11019787192344666,2.649,0.7749,156.828,0
17.7817,45.56,0.1085323914885521,2.656,0.781,156.78,0
17.783,45.61,0.10693676769733429,2.664,0.7879,156.705,0
17.7843,45.654,0.10494497418403625,2.676,0.794,156.68,0
17.7855,45.703,0.10385871678590775,2.685,0.8008,156.609,0
17.7869,45.747,0.10188587009906769,2.7,0.8069,156.572,0
17.7881,45.791,0.09998220950365067,2.717,0.813,156.499,0
17.7894,45.835,0.09883976727724075,2.731,0.8192,156.449,0
17.7906,45.873,0.09682219475507736,2.752,0.8245,156.435,0
17.7918,45.917,0.09590708464384079,2.769,0.8306,156.366,0
17.7931,45.956,0.09452541172504425,2.789,0.8359,156.312,0
17.7944,46.0,0.092793770134449,2.816,0.842,156.289,0
17.7956,46.038,0.09206769615411758,2.837,0.8474,156.245,0
17.797,46.077,0.09092579036951065,2.862,0.8527,156.197,0
17.7982,46.115,0.08936256170272827,2.892,0.8581,156.169,0
17.7994,46.154,0.08827631920576096,2.921,0.8634,156.131,0
17.8007,46.192,0.08653543144464493,2.956,0.8687,156.1,0
17.8019,46.23,0.08571252971887589,2.987,0.8741,156.056,0
17.8032,46.269,0.08493196219205856,3.021,0.8794,156.013,0
17.8045,46.307,0.08495265990495682,3.051,0.8848,155.977,0
17.8059,46.351,0.0853695273399353,3.086,0.8909,155.927,0
17.8071,46.39,0.08591433614492416,3.118,0.8962,155.891,0
17.8084,46.428,0.08665331453084946,3.15,0.9016,155.825,0
17.8096,46.467,0.08672691136598587,3.188,0.9069,155.803,0
17.8111,46.511,0.08593492954969406,3.239,0.913,155.74,0
17.8123,46.549,0.08523885905742645,3.285,0.9183,155.71,0
17.8136,46.588,0.08453335613012314,3.332,0.9237,155.685,0
17.8148,46.62,0.08268820494413376,3.381,0.9283,155.624,0
17.8161,46.659,0.08127573877573013,3.435,0.9336,155.647,0
17.8174,46.692,0.08000265806913376,3.483,0.9382,155.6,0
17.819,46.736,0.07820330560207367,3.547,0.9443,155.598,0
17.8202,46.769,0.07724206149578094,3.594,0.9489,155.504,0
17.8215,46.802,0.07612703740596771,3.643,0.9534,155.483,0
17.8229,46.84,0.07593415677547455,3.693,0.9588,155.506,0
17.8242,46.873,0.0759279802441597,3.735,0.9633,155.479,0
17.8255,46.912,0.07712969183921814,3.777,0.9687,155.415,0
17.8267,46.95,0.07822653651237488,3.819,0.974,155.407,0
17.8281,46.983,0.07821489870548248,3.861,0.9786,155.353,0
17.8295,47.021,0.07803872972726822,3.91,0.9839,155.371,0
17.8307,47.06,0.07643275707960129,3.968,0.9893,155.271,0
17.832,47.087,0.07429293543100357,4.014,0.9931,155.281,0
17.8333,47.12,0.0716581866145134,4.069,0.9977,155.243,0
17.8346,47.148,0.06912683695554733,4.116,0.0015,155.227,0
17.836,47.175,0.0661134123802185,4.165,0.0053,155.196,0
17.8373,47.203,0.06419793516397476,4.207,0.0091,155.206,0
17.8385,47.23,0.06149639934301376,4.252,0.0129,155.127,0
17.8398,47.258,0.05988607928156853,4.29,0.0168,155.091,0
17.8411,47.28,0.059265658259391785,4.316,0.0198,155.127,0
17.8424,47.307,0.05806102231144905,4.35,0.0236,155.101,0
17.8436,47.335,0.05779094621539116,4.378,0.0274,155.079,0
17.845,47.362,0.05808147415518761,4.401,0.0312,155.04,0
17.8462,47.39,0.05911079794168472,4.419,0.0351,155.034,0
17.8475,47.417,0.060390736907720566,4.434,0.0389,154.985,0
17.8491,47.455,0.062272846698760986,4.452,0.0442,154.947,0
17.8503,47.488,0.06395098567008972,4.465,0.0488,154.929,0
17.8516,47.516,0.06584601104259491,4.471,0.0526,154.896,0
17.8529,47.549,0.06672285497188568,4.484,0.0572,154.87,0
17.8541,47.582,0.06694457679986954,4.498,0.0618,154.896,0
17.8554,47.609,0.0664801299571991,4.513,0.0656,154.852,0
17.8568,47.637,0.06593090295791626,4.525,0.0694,154.771,0
17.8581,47.67,0.06408840417861938,4.545,0.074,154.781,0
17.8594,47.697,0.06264698505401611,4.559,0.0778,154.739,0
17.8607,47.725,0.06180498003959656,4.568,0.0816,154.743,0
17.862,47.752,0.060057301074266434,4.58,0.0854,154.673,0
17.8634,47.78,0.05963785573840141,4.582,0.0892,154.662,0
17.8646,47.807,0.059194229543209076,4.583,0.093,154.626,0
17.866,47.834,0.05845843255519867,4.583,0.0969,154.663,0
17.8672,47.862,0.05874376744031906,4.575,0.1007,154.605,0
17.8685,47.889,0.059519242495298386,4.563,0.1045,154.588,0
17.8699,47.917,0.05906018614768982,4.555,0.1083,154.565,0
17.8711,47.944,0.05872625857591629,4.545,0.1121,154.549,0
17.8724,47.972,0.05850588157773018,4.532,0.1159,154.551,0
17.8737,47.999,0.05808459594845772,4.518,0.1198,154.499,0
17.8751,48.021,0.056596215814352036,4.512,0.1228,154.501,0
17.8763,48.043,0.05439915135502815,4.507,0.1259,154.438,0
17.8777,48.065,0.052483122795820236,4.5,0.1289,154.474,0
17.8792,48.087,0.048882294446229935,4.498,0.132,154.437,0
17.8804,48.104,0.04464341700077057,4.497,0.1342,154.425,0
17.8817,48.12,0.041613783687353134,4.488,0.1365,154.413,0
17.8831,48.137,0.03955714777112007,4.472,0.1388,154.393,0
17.8844,48.153,0.037240348756313324,4.451,0.1411,154.394,0
17.8859,48.17,0.03497154265642166,4.424,0.1434,154.375,0
17.8872,48.181,0.033443011343479156,4.4,0.1449,154.332,0
17.8886,48.197,0.031778641045093536,4.364,0.1472,154.364,0
17.8899,48.208,0.030019506812095642,4.326,0.1487,154.318,0
17.8912,48.219,0.028213059529662132,4.276,0.1503,154.348,0
17.8924,48.23,0.026250937953591347,4.21,0.1518,154.342,0
17.8937,48.235,0.02458246983587742,4.144,0.1526,154.274,0
17.8951,48.246,0.023316361010074615,4.074,0.1541,154.3,0
17.8966,48.257,0.02188417874276638,3.985,0.1556,154.281,0
17.8982,48.268,0.020072519779205322,3.852,0.1571,154.261,0
17.8995,48.274,0.01878480240702629,3.742,0.1579,154.262,0
17.9008,48.279,0.017439914867281914,3.61,0.1587,154.271,0
17.9022,48.285,0.016457660123705864,3.497,0.1594,154.263,0
17.9034,48.296,0.015561108477413654,3.376,0.1609,154.284,0
17.9047,48.301,0.01474266592413187,3.262,0.1617,154.27,0
17.906,48.307,0.013919632881879807,3.137,0.1625,154.231,0
17.9073,48.312,0.013103824108839035,3.004,0.1632,154.263,0
17.9086,48.312,0.012314521707594395,2.872,0.1632,154.262,0
17.9099,48.318,0.011448392644524574,2.708,0.164,154.236,0
17.9113,48.323,0.010278821922838688,2.47,0.1648,154.248,0
17.9126,48.329,0.009496496990323067,2.296,0.1655,154.268,0
17.914,48.329,0.008469617925584316,2.061,0.1655,154.272,0
17.9154,48.329,0.0072961305268108845,1.772,0.1655,154.246,0
17.9167,48.334,0.006073977332562208,1.44,0.1663,154.244,0
17.918,48.334,0.004566318355500698,1.011,0.1663,154.24,0
17.9195,48.334,0.003261769888922572,0.618,0.1663,154.226,0
17.9209,48.334,0.002021558117121458,0.23,0.1663,154.236,0
17.9222,48.334,0.001262617064639926,-0.012,0.1663,154.256,0
17.9234,48.334,0.0005246727960184216,-0.249,0.1663,154.238,0
17.9248,48.329,-1.2731868082482833e-05,-0.414,0.1655,154.222,0
17.9261,48.329,-0.0005915790097787976,-0.6,0.1655,154.237,0
17.9274,48.329,-0.0011295345611870289,-0.774,0.1655,154.236,0
17.9287,48.329,-0.0013415826251730323,-0.841,0.1655,154.275,0
17.9301,48.329,-0.0015104742487892509,-0.895,0.1655,154.253,0
17.9314,48.329,-0.0014942523557692766,-0.89,0.1655,154.264,0
17.9327,48.323,-0.0015461010625585914,-0.898,0.1648,154.209,0
17.934,48.323,-0.0014184071915224195,-0.857,0.1648,154.233,0
17.9353,48.323,-0.0014042052207514644,-0.853,0.1648,154.242,0
17.9366,48.323,-0.001464378903619945,-0.872,0.1648,154.255,0
17.9381,48.323,-0.0013560286024585366,-0.838,0.1648,154.247,0
17.9394,48.323,-0.0011423277901485562,-0.769,0.1648,154.237,0
17.9407,48.323,-0.0008770229760557413,-0.684,0.1648,154.249,0
17.9421,48.323,-0.0006019236170686781,-0.595,0.1648,154.279,0
17.9434,48.323,-0.0003899367875419557,-0.527,0.1648,154.265,0
17.9448,48.323,-0.00023518578382208943,-0.477,0.1648,154.267,0
17.9461,48.323,-0.0001439757616026327,-0.448,0.1648,154.234,0
17.9475,48.323,-8.34955571917817e-05,-0.428,0.1648,154.228,0
17.9488,48.323,-5.0011061830446124e-05,-0.417,0.1648,154.235,0
17.9502,48.323,-2.858587868104223e-05,-0.41,0.1648,154.243,0
17.9516,48.323,-1.6342923117917962e-05,-0.406,0.1648,154.248,0
17.9531,48.323,-9.609294465917628e-06,-0.404,0.1648,154.29,0
17.9545,48.323,-4.956969405611744e-06,-0.403,0.1648,154.263,0
17.9559,48.323,-2.8144520456407918e-06,-0.402,0.1648,154.253,0
17.9573,48.323,-1.284081804442394e-06,-0.402,0.1648,154.278,0
17.9586,48.323,-4.270744113910041e-07,-0.401,0.1648,154.252,0
17.96,48.323,3.687179344069591e-07,-0.401,0.1648,154.276,0
17.9613,48.323,7.972216167217994e-07,-0.401,0.1648,154.204,0
17.9626,48.323,7.972216167217994e-07,-0.401,0.1648,154.257,0
17.9638,48.323,7.972216167217994e-07,-0.401,0.1648,154.226,0
17.9651,48.323,7.972216167217994e-07,-0.401,0.1648,154.242,0
17.9664,48.323,7.972216167217994e-07,-0.401,0.1648,154.247,0
17.9676,48.323,7.972216167217994e-07,-0.401,0.1648,154.254,0
17.969,48.323,7.972216167217994e-07,-0.401,0.1648,154.247,0
17.9703,48.323,7.972216167217994e-07,-0.401,0.1648,154.24,0
17.9716,48.323,7.972216167217994e-07,-0.401,0.1648,154.248,0
17.9728,48.323,7.972216167217994e-07,-0.401,0.1648,154.254,0
17.9741,48.323,7.972216167217994e-07,-0.401,0.1648,154.245,0
17.9753,48.323,7.972216167217994e-07,-0.401,0.1648,154.257,0
17.9766,48.323,7.972216167217994e-07,-0.401,0.1648,154.28,0
17.9778,48.323,7.972216167217994e-07,-0.401,0.1648,154.231,0
17.9794,48.323,7.972216167217994e-07,-0.401,0.1648,154.239,0
17.9806,48.323,7.972216167217994e-07,-0.401,0.1648,154.256,0
17.982,48.323,7.972216167217994e-07,-0.401,0.1648,154.235,0
17.9833,48.323,7.972216167217994e-07,-0.401,0.1648,154.232,0
17.9846,48.323,7.972216167217994e-07,-0.401,0.1648,154.254,0
17.9859,48.323,7.972216167217994e-07,-0.401,0.1648,154.228,0
17.9871,48.323,7.972216167217994e-07,-0.401,0.1648,154.218,0
17.9885,48.323,7.972216167217994e-07,-0.401,0.1648,154.257,0
17.9899,48.323,7.972216167217994e-07,-0.401,0.1648,154.226,0
17.9912,48.323,7.972216167217994e-07,-0.401,0.1648,154.24,0
17.9924,48.323,7.972216167217994e-07,-0.401,0.1648,154.228,0
17.9937,48.323,7.972216167217994e-07,-0.401,0.1648,154.21,0
17.9954,48.323,7.972216167217994e-07,-0.401,0.1648,154.229,0
17.9967,48.323,7.972216167217994e-07,-0.401,0.1648,154.232,0
17.998,48.323,7.972216167217994e-07,-0.401,0.1648,154.223,0
17.9993,48.323,7.972216167217994e-07,-0.401,0.1648,154.25,0
18.0008,48.323,7.972216167217994e-07,-0.401,0.1648,154.266,0
18.0023,48.323,7.972216167217994e-07,-0.401,0.1648,154.243,0
18.0036,48.323,7.972216167217994e-07,-0.401,0.1648,154.25,0
18.0051,48.323,7.972216167217994e-07,-0.401,0.1648,154.261,0
18.0064,48.323,7.972216167217994e-07,-0.401,0.1648,154.248,0
18.0078,48.323,7.972216167217994e-07,-0.401,0.1648,154.238,0
18.009,48.323,7.972216167217994e-07,-0.401,0.1648,154.295,0
18.0104,48.323,7.972216167217994e-07,-0.401,0.1648,154.247,0
18.0117,48.323,7.972216167217994e-07,-0.401,0.1648,154.242,0
18.0132,48.323,7.972216167217994e-07,-0.401,0.1648,154.246,0
18.0145,48.323,7.972216167217994e-07,-0.401,0.1648,154.261,0
18.0158,48.323,7.972216167217994e-07,-0.401,0.1648,154.253,0
18.0171,48.323,7.972216167217994e-07,-0.401,0.1648,154.273,0
18.0183,48.323,7.972216167217994e-07,-0.401,0.1648,154.244,0
18.0197,48.323,7.972216167217994e-07,-0.401,0.1648,154.203,0
18.021,48.323,7.972216167217994e-07,-0.401,0.1648,154.249,0
18.0223,48.323,7.972216167217994e-07,-0.401,0.1648,154.274,0
18.0236,48.323,7.972216167217994e-07,-0.401,0.1648,154.235,0
18.0249,48.323,7.972216167217994e-07,-0.401,0.1648,154.266,0
18.0261,48.323,7.972216167217994e-07,-0.401,0.1648,154.279,0
18.0273,48.323,7.972216167217994e-07,-0.401,0.1648,154.254,0
18.0287,48.323,7.972216167217994e-07,-0.401,0.1648,154.236,0
18.0299,48.323,7.972216167217994e-07,-0.401,0.1648,154.241,0
18.0312,48.323,7.972216167217994e-07,-0.401,0.1648,154.231,0
18.0324,48.323,7.972216167217994e-07,-0.401,0.1648,154.261,0
18.0336,48.323,7.972216167217994e-07,-0.401,0.1648,154.228,0
18.0351,48.323,7.972216167217994e-07,-0.401,0.1648,154.243,0
18.0363,48.323,7.972216167217994e-07,-0.401,0.1648,154.266,0
18.0375,48.323,7.972216167217994e-07,-0.401,0.1648,154.263,0
18.0388,48.323,7.972216167217994e-07,-0.401,0.1648,154.247,0
18.0401,48.323,7.972216167217994e-07,-0.401,0.1648,154.24,0
18.0414,48.323,7.972216167217994e-07,-0.401,0.1648,154.28,0
18.0426,48.323,7.972216167217994e-07,-0.401,0.1648,154.237,0
18.0439,48.323,7.972216167217994e-07,-0.401,0.1648,154.283,0
18.0452,48.323,7.972216167217994e-07,-0.401,0.1648,154.23,0
18.0464,48.323,7.972216167217994e-07,-0.401,0.1648,154.238,0
18.0477,48.323,7.972216167217994e-07,-0.401,0.1648,154.223,0
18.049,48.323,7.972216167217994e-07,-0.401,0.1648,154.243,0
18.0502,48.323,7.972216167217994e-07,-0.401,0.1648,154.227,0
18.0515,48.323,7.972216167217994e-07,-0.401,0.1648,154.231,0
18.0529,48.323,7.972216167217994e-07,-0.401,0.1648,154.226,0
18.0542,48.323,7.972216167217994e-07,-0.401,0.1648,154.279,0
18.0555,48.323,7.972216167217994e-07,-0.401,0.1648,154.268,0
18.0568,48.323,7.972216167217994e-07,-0.401,0.1648,154.256,0
18.0581,48.323,7.972216167217994e-07,-0.401,0.1648,154.237,0
18.0595,48.323,7.972216167217994e-07,-0.401,0.1648,154.254,0
18.0609,48.323,7.972216167217994e-07,-0.401,0.1648,154.25,0
18.0622,48.323,7.972216167217994e-07,-0.401,0.1648,154.252,0
18.0634,48.323,7.972216167217994e-07,-0.401,0.1648,154.239,0
18.0646,48.323,7.972216167217994e-07,-0.401,0.1648,154.258,0
18.0658,48.323,7.972216167217994e-07,-0.401,0.1648,154.245,0
18.0671,48.323,7.972216167217994e-07,-0.401,0.1648,154.247,0
18.0683,48.323,7.972216167217994e-07,-0.401,0.1648,154.199,0
18.0695,48.323,7.972216167217994e-07,-0.401,0.1648,154.244,0
18.0709,48.323,7.972216167217994e-07,-0.401,0.1648,154.273,0
18.0721,48.323,7.972216167217994e-07,-0.401,0.1648,154.256,0
18.0733,48.323,7.972216167217994e-07,-0.401,0.1648,154.246,0
18.0746,48.323,7.972216167217994e-07,-0.401,0.1648,154.27,0
18.0758,48.323,7.972216167217994e-07,-0.401,0.1648,154.25,0
18.0771,48.323,7.972216167217994e-07,-0.401,0.1648,154.253,0
18.0783,48.323,7.972216167217994e-07,-0.401,0.1648,154.248,0
18.0795,48.323,7.972216167217994e-07,-0.401,0.1648,154.232,0
18.0809,48.323,7.972216167217994e-07,-0.401,0.1648,154.266,0
18.0821,48.323,7.972216167217994e-07,-0.401,0.1648,154.233,0
18.0834,48.323,7.972216167217994e-07,-0.401,0.1648,154.233,0
18.0847,48.323,7.972216167217994e-07,-0.401,0.1648,154.279,0
18.086,48.323,7.972216167217994e-07,-0.401,0.1648,154.246,0
18.0876,48.323,7.972216167217994e-07,-0.401,0.1648,154.239,0
18.089,48.323,7.972216167217994e-07,-0.401,0.1648,154.233,0
18.0902,48.323,7.972216167217994e-07,-0.401,0.1648,154.246,0
18.0915,48.323,7.972216167217994e-07,-0.401,0.1648,154.254,0
18.0929,48.323,7.972216167217994e-07,-0.401,0.1648,154.251,0
18.0941,48.323,7.972216167217994e-07,-0.401,0.1648,154.236,0
18.0954,48.323,7.972216167217994e-07,-0.401,0.1648,154.239,0
18.0967,48.323,7.972216167217994e-07,-0.401,0.1648,154.249,0
18.0981,48.323,7.972216167217994e-07,-0.401,0.1648,154.216,0
18.0995,48.323,7.972216167217994e-07,-0.401,0.1648,154.261,0
18.1009,48.323,7.972216167217994e-07,-0.401,0.1648,154.264,0
18.1021,48.323,7.972216167217994e-07,-0.401,0.1648,154.258,0
18.1034,48.323,7.972216167217994e-07,-0.401,0.1648,154.222,0
18.1046,48.323,7.972216167217994e-07,-0.401,0.1648,154.251,0
18.106,48.323,7.972216167217994e-07,-0.401,0.1648,154.245,0
18.1073,48.323,7.972216167217994e-07,-0.401,0.1648,154.244,0
18.1085,48.323,7.972216167217994e-07,-0.401,0.1648,154.248,0
18.1098,48.323,7.972216167217994e-07,-0.401,0.1648,154.244,0
18.1112,48.323,7.972216167217994e-07,-0.401,0.1648,154.257,0
18.1126,48.323,7.972216167217994e-07,-0.401,0.1648,154.236,0
18.114,48.323,7.972216167217994e-07,-0.401,0.1648,154.268,0
18.1153,48.323,7.972216167217994e-07,-0.401,0.1648,154.257,0
18.1165,48.323,7.972216167217994e-07,-0.401,0.1648,154.236,0
18.1179,48.323,7.972216167217994e-07,-0.401,0.1648,154.272,0
18.1191,48.323,7.972216167217994e-07,-0.401,0.1648,154.225,0
18.1205,48.323,7.972216167217994e-07,-0.401,0.1648,154.247,0
18.1218,48.323,7.972216167217994e-07,-0.401,0.1648,154.233,0
18.1231,48.323,7.972216167217994e-07,-0.401,0.1648,154.22,0
18.1243,48.323,7.972216167217994e-07,-0.401,0.1648,154.246,0
18.1256,48.323,7.972216167217994e-07,-0.401,0.1648,154.239,0
18.1268,48.323,7.972216167217994e-07,-0.401,0.1648,154.235,0
18.1281,48.323,7.972216167217994e-07,-0.401,0.1648,154.248,0
18.1294,48.323,7.972216167217994e-07,-0.401,0.1648,154.24,0
18.1306,48.323,7.972216167217994e-07,-0.401,0.1648,154.254,0
18.1319,48.323,7.972216167217994e-07,-0.401,0.1648,154.229,0
18.1332,48.323,7.972216167217994e-07,-0.401,0.1648,154.224,0
18.1345,48.323,7.972216167217994e-07,-0.401,0.1648,154.274,0
18.1361,48.323,7.972216167217994e-07,-0.401,0.1648,154.237,0
18.1374,48.323,7.972216167217994e-07,-0.401,0.1648,154.269,0
18.1387,48.323,7.972216167217994e-07,-0.401,0.1648,154.244,0
18.14,48.323,7.972216167217994e-07,-0.401,0.1648,154.249,0
18.1413,48.323,7.972216167217994e-07,-0.401,0.1648,154.23,0
18.1426,48.323,7.972216167217994e-07,-0.401,0.1648,154.227,0
18.1439,48.323,7.972216167217994e-07,-0.401,0.1648,154.241,0
18.1455,48.323,7.972216167217994e-07,-0.401,0.1648,154.242,0
18.1468,48.323,7.972216167217994e-07,-0.401,0.1648,154.253,0
18.1482,48.323,7.972216167217994e-07,-0.401,0.1648,154.253,0
18.1495,48.323,7.972216167217994e-07,-0.401,0.1648,154.238,0
18.1508,48.323,7.972216167217994e-07,-0.401,0.1648,154.258,0
18.1521,48.323,7.972216167217994e-07,-0.401,0.1648,154.253,0
18.1534,48.323,0.0003177062317263335,-0.299,0.1648,154.211,0
18.1546,48.323,0.0004589287855196744,-0.253,0.1648,154.272,0
18.1559,48.323,0.0003930616658180952,-0.274,0.1648,154.227,0
18.1571,48.323,0.0002828750875778496,-0.31,0.1648,154.25,0
18.1584,48.323,0.00019429730309639126,-0.338,0.1648,154.21,0
18.1598,48.323,0.00011949282634304836,-0.363,0.1648,154.244,0
18.1612,48.323,7.394902786472812e-05,-0.377,0.1648,154.266,0
18.1626,48.323,1.0346853741793893e-05,-0.398,0.1648,154.234,0
18.1639,48.323,-0.0001951511949300766,-0.464,0.1648,154.224,0
18.1652,48.323,-0.0001997423096327111,-0.466,0.1648,154.232,0
18.1664,48.323,-0.00015328031440731138,-0.451,0.1648,154.25,0
18.1677,48.323,-0.000108532294689212,-0.436,0.1648,154.257,0
18.1691,48.323,-7.064034434733912e-05,-0.424,0.1648,154.261,0
18.1705,48.323,-4.2726391257019714e-05,-0.415,0.1648,154.276,0
18.1719,48.323,-2.411709829175379e-05,-0.409,0.1648,154.2,0
18.1732,48.323,-1.4628807548433542e-05,-0.406,0.1648,154.256,0
18.1745,48.323,-8.568541488784831e-06,-0.404,0.1648,154.253,0
18.1758,48.323,-5.079297807242256e-06,-0.403,0.1648,154.257,0
18.1771,48.323,-3.1204244805849157e-06,-0.402,0.1648,154.225,0
18.1784,48.323,-1.406409637638717e-06,-0.402,0.1648,154.252,0
18.1798,48.323,-5.494023298524553e-07,-0.401,0.1648,154.242,0
18.1811,48.323,2.4639007278892677e-07,-0.401,0.1648,154.235,0
18.1824,48.323,7.973233664415602e-07,-0.401,0.1648,154.272,0
18.1836,48.323,7.973233664415602e-07,-0.401,0.1648,154.255,0
18.1851,48.323,7.973233664415602e-07,-0.401,0.1648,154.235,0
18.1864,48.323,7.973233664415602e-07,-0.401,0.1648,154.246,0
18.1876,48.323,7.973233664415602e-07,-0.401,0.1648,154.266,0
18.1889,48.323,7.973233664415602e-07,-0.401,0.1648,154.253,0
18.1902,48.323,7.973233664415602e-07,-0.401,0.1648,154.237,0
18.1915,48.323,7.973233664415602e-07,-0.401,0.1648,154.206,0
18.1927,48.323,7.973233664415602e-07,-0.401,0.1648,154.255,0
18.1941,48.323,7.973233664415602e-07,-0.401,0.1648,154.238,0
18.1954,48.323,7.973233664415602e-07,-0.401,0.1648,154.245,0
18.1967,48.323,7.973233664415602e-07,-0.401,0.1648,154.252,0
18.1981,48.323,7.973233664415602e-07,-0.401,0.1648,154.266,0
18.1993,48.323,7.973233664415602e-07,-0.401,0.1648,154.256,0
18.2006,48.323,7.973233664415602e-07,-0.401,0.1648,154.243,0
18.2018,48.323,7.973233664415602e-07,-0.401,0.1648,154.244,0
18.2031,48.323,7.973233664415602e-07,-0.401,0.1648,154.256,0
18.2043,48.323,-0.00010602248948998749,-0.435,0.1648,154.245,0
18.2056,48.323,-0.00022747262846678495,-0.475,0.1648,154.238,0
18.2069,48.323,-0.0002070881164399907,-0.468,0.1648,154.25,0
18.2082,48.323,-0.00014899528468959033,-0.449,0.1648,154.254,0
18.2095,48.323,-0.00010332904639653862,-0.434,0.1648,154.257,0
18.2109,48.323,-6.37230696156621e-05,-0.422,0.1648,154.266,0
18.2121,48.323,-0.00016619663801975548,-0.455,0.1648,154.25,0
18.2135,48.323,-0.00025336651015095413,-0.483,0.1648,154.246,0
18.2147,48.323,-0.00021492360974662006,-0.47,0.1648,154.239,0
18.2161,48.323,-0.00015854477533139288,-0.452,0.1648,154.266,0
18.2174,48.323,-0.00010547154670348391,-0.435,0.1648,154.267,0
18.2187,48.323,-6.721229146933183e-05,-0.423,0.1648,154.236,0
18.2199,48.323,-4.009413896710612e-05,-0.414,0.1648,154.242,0
18.2212,48.323,-2.5280160116381012e-05,-0.409,0.1648,154.25,0
18.2224,48.323,-1.573065310367383e-05,-0.406,0.1648,154.219,0
18.2238,48.323,-9.180669621855486e-06,-0.404,0.1648,154.229,0
18.2253,48.323,-5.140493158251047e-06,-0.403,0.1648,154.263,0
18.2266,48.323,-2.9367606657615397e-06,-0.402,0.1648,154.227,0
18.2281,48.323,-1.2839607279602205e-06,-0.402,0.1648,154.246,0
18.2294,48.323,-4.269533349088306e-07,-0.401,0.1648,154.247,0
18.2308,48.323,3.688390108891326e-07,-0.401,0.1648,154.281,0
18.2322,48.323,7.973426932039729e-07,-0.401,0.1648,154.231,0
18.2335,48.323,7.973426932039729e-07,-0.401,0.1648,154.263,0
18.2348,48.323,7.973426932039729e-07,-0.401,0.1648,154.272,0
18.2361,48.323,7.973426932039729e-07,-0.401,0.1648,154.27,0
18.2374,48.323,7.973426932039729e-07,-0.401,0.1648,154.269,0
18.2387,48.323,7.973426932039729e-07,-0.401,0.1648,154.248,0
18.2399,48.323,7.973426932039729e-07,-0.401,0.1648,154.229,0
18.2412,48.323,7.973426932039729e-07,-0.401,0.1648,154.25,0
18.2425,48.323,7.973426932039729e-07,-0.401,0.1648,154.255,0
18.2437,48.323,7.973426932039729e-07,-0.401,0.1648,154.211,0
18.245,48.323,7.973426932039729e-07,-0.401,0.1648,154.257,0
18.2463,48.323,7.973426932039729e-07,-0.401,0.1648,154.253,0
18.2476,48.323,7.973426932039729e-07,-0.401,0.1648,154.267,0
18.2488,48.323,7.973426932039729e-07,-0.401,0.1648,154.27,0
18.2501,48.323,7.973426932039729e-07,-0.401,0.1648,154.213,0
18.2514,48.323,7.973426932039729e-07,-0.401,0.1648,154.22,0
18.2526,48.323,7.973426932039729e-07,-0.401,0.1648,154.238,0
18.2538,48.323,7.973426932039729e-07,-0.401,0.1648,154.243,0
18.2551,48.323,7.973426932039729e-07,-0.401,0.1648,154.238,0
18.2563,48.323,7.973426932039729e-07,-0.401,0.1648,154.222,0
18.2575,48.323,7.973426932039729e-07,-0.401,0.1648,154.247,0
18.2587,48.323,7.973426932039729e-07,-0.401,0.1648,154.289,0
18.2601,48.323,7.973426932039729e-07,-0.401,0.1648,154.245,0
18.2613,48.323,7.973426932039729e-07,-0.401,0.1648,154.237,0
18.2626,48.323,7.973426932039729e-07,-0.401,0.1648,154.245,0
18.2639,48.323,7.973426932039729e-07,-0.401,0.1648,154.232,0
18.2652,48.323,7.973426932039729e-07,-0.401,0.1648,154.227,0
18.2665,48.323,7.973426932039729e-07,-0.401,0.1648,154.227,0
18.2677,48.323,7.973426932039729e-07,-0.401,0.1648,154.274,0
18.2691,48.323,7.973426932039729e-07,-0.401,0.1648,154.252,0
18.2703,48.323,7.973426932039729e-07,-0.401,0.1648,154.251,0
18.2716,48.323,7.973426932039729e-07,-0.401,0.1648,154.273,0
18.2728,48.323,7.973426932039729e-07,-0.401,0.1648,154.299,0
18.2741,48.323,7.973426932039729e-07,-0.401,0.1648,154.256,0
18.2754,48.323,7.973426932039729e-07,-0.401,0.1648,154.233,0
18.2766,48.323,7.973426932039729e-07,-0.401,0.1648,154.225,0
18.2779,48.323,7.973426932039729e-07,-0.401,0.1648,154.283,0
18.2791,48.323,7.973426932039729e-07,-0.401,0.1648,154.238,0
18.2803,48.323,7.973426932039729e-07,-0.401,0.1648,154.227,0
18.2817,48.323,7.973426932039729e-07,-0.401,0.1648,154.233,0
18.283,48.323,7.973426932039729e-07,-0.401,0.1648,154.252,0
18.2842,48.323,7.973426932039729e-07,-0.401,0.1648,154.268,0
18.2855,48.323,7.973426932039729e-07,-0.401,0.1648,154.223,0
18.2867,48.323,7.973426932039729e-07,-0.401,0.1648,154.225,0
18.2881,48.323,7.973426932039729e-07,-0.401,0.1648,154.259,0
18.2894,48.323,7.973426932039729e-07,-0.401,0.1648,154.28,0
18.2906,48.323,7.973426932039729e-07,-0.401,0.1648,154.255,0
18.2919,48.323,7.973426932039729e-07,-0.401,0.1648,154.275,0
18.2932,48.323,7.973426932039729e-07,-0.401,0.1648,154.281,0
18.2946,48.323,7.973426932039729e-07,-0.401,0.1648,154.249,0
18.2959,48.323,7.973426932039729e-07,-0.401,0.1648,154.243,0
18.2973,48.323,7.973426932039729e-07,-0.401,0.1648,154.252,0
18.2986,48.323,7.973426932039729e-07,-0.401,0.1648,154.251,0
18.3002,48.323,7.973426932039729e-07,-0.401,0.1648,154.261,0
18.3014,48.323,7.973426932039729e-07,-0.401,0.1648,154.264,0
18.3028,48.323,7.973426932039729e-07,-0.401,0.1648,154.26,0
18.3041,48.323,7.973426932039729e-07,-0.401,0.1648,154.238,0
18.3053,48.323,7.973426932039729e-07,-0.401,0.1648,154.25,0
18.3065,48.323,7.973426932039729e-07,-0.401,0.1648,154.279,0
18.3077,48.323,7.973426932039729e-07,-0.401,0.1648,154.237,0
18.309,48.323,7.973426932039729e-07,-0.401,0.1648,154.23,0
18.3103,48.323,7.973426932039729e-07,-0.401,0.1648,154.23,0
18.3115,48.323,7.973426932039729e-07,-0.401,0.1648,154.221,0
18.3129,48.323,7.973426932039729e-07,-0.401,0.1648,154.259,0
18.3142,48.323,7.973426932039729e-07,-0.401,0.1648,154.236,0
18.3154,48.323,7.973426932039729e-07,-0.401,0.1648,154.31,0
18.3167,48.323,7.973426932039729e-07,-0.401,0.1648,154.273,0
18.3179,48.323,7.973426932039729e-07,-0.401,0.1648,154.231,0
18.3192,48.323,7.973426932039729e-07,-0.401,0.1648,154.217,0
18.3205,48.323,7.973426932039729e-07,-0.401,0.1648,154.24,0
18.3218,48.323,7.973426932039729e-07,-0.401,0.1648,154.293,0
18.3231,48.323,7.973426932039729e-07,-0.401,0.1648,154.237,0
18.3243,48.323,7.973426932039729e-07,-0.401,0.1648,154.207,0
18.3257,48.323,7.973426932039729e-07,-0.401,0.1648,154.252,0
18.327,48.323,7.973426932039729e-07,-0.401,0.1648,154.257,0
18.3283,48.323,7.973426932039729e-07,-0.401,0.1648,154.247,0
18.3297,48.323,7.973426932039729e-07,-0.401,0.1648,154.245,0
18.3311,48.323,7.973426932039729e-07,-0.401,0.1648,154.28,0
18.3324,48.323,7.973426932039729e-07,-0.401,0.1648,154.231,0
18.3338,48.323,7.973426932039729e-07,-0.401,0.1648,154.256,0
18.3351,48.323,7.973426932039729e-07,-0.401,0.1648,154.264,0
18.3365,48.323,7.973426932039729e-07,-0.401,0.1648,154.252,0
18.3379,48.323,7.973426932039729e-07,-0.401,0.1648,154.253,0
18.3391,48.323,7.973426932039729e-07,-0.401,0.1648,154.26,0
18.3406,48.323,7.973426932039729e-07,-0.401,0.1648,154.257,0
18.342,48.323,7.973426932039729e-07,-0.401,0.1648,154.241,0
18.3434,48.323,7.973426932039729e-07,-0.401,0.1648,154.258,0
18.3448,48.323,7.973426932039729e-07,-0.401,0.1648,154.212,0
18.3462,48.323,7.973426932039729e-07,-0.401,0.1648,154.261,0
18.3474,48.323,7.973426932039729e-07,-0.401,0.1648,154.23,0
18.3487,48.323,7.973426932039729e-07,-0.401,0.1648,154.249,0
18.3502,48.323,7.973426932039729e-07,-0.401,0.1648,154.267,0
18.3515,48.323,7.973426932039729e-07,-0.401,0.1648,154.239,0
18.3528,48.323,7.973426932039729e-07,-0.401,0.1648,154.221,0
18.3541,48.323,7.973426932039729e-07,-0.401,0.1648,154.246,0
18.3553,48.323,7.973426932039729e-07,-0.401,0.1648,154.236,0
18.3565,48.323,7.973426932039729e-07,-0.401,0.1648,154.272,0
18.3577,48.323,7.973426932039729e-07,-0.401,0.1648,154.24,0
18.359,48.323,7.973426932039729e-07,-0.401,0.1648,154.283,0
18.3602,48.323,7.973426932039729e-07,-0.401,0.1648,154.24,0
18.3616,48.323,7.973426932039729e-07,-0.401,0.1648,154.253,0
18.3628,48.323,7.973426932039729e-07,-0.401,0.1648,154.237,0
18.3641,48.323,7.973426932039729e-07,-0.401,0.1648,154.235,0
18.3653,48.323,7.973426932039729e-07,-0.401,0.1648,154.265,0
18.3666,48.323,7.973426932039729e-07,-0.401,0.1648,154.258,0
18.3678,48.323,7.973426932039729e-07,-0.401,0.1648,154.255,0
18.3691,48.323,7.973426932039729e-07,-0.401,0.1648,154.277,0
18.3704,48.323,7.973426932039729e-07,-0.401,0.1648,154.255,0
18.3716,48.323,7.973426932039729e-07,-0.401,0.1648,154.23,0
18.3728,48.323,7.973426932039729e-07,-0.401,0.1648,154.26,0
18.3741,48.323,7.973426932039729e-07,-0.401,0.1648,154.226,0
18.3753,48.323,7.973426932039729e-07,-0.401,0.1648,154.228,0
18.3765,48.323,7.973426932039729e-07,-0.401,0.1648,154.255,0
18.3777,48.323,7.973426932039729e-07,-0.401,0.1648,154.235,0
18.379,48.323,7.973426932039729e-07,-0.401,0.1648,154.265,0
18.3803,48.323,7.973426932039729e-07,-0.401,0.1648,154.239,0
18.3815,48.323,7.973426932039729e-07,-0.401,0.1648,154.227,0
18.3828,48.323,7.973426932039729e-07,-0.401,0.1648,154.238,0
18.384,48.323,7.973426932039729e-07,-0.401,0.1648,154.222,0
18.3852,48.323,7.973426932039729e-07,-0.401,0.1648,154.27,0
18.3864,48.323,7.973426932039729e-07,-0.401,0.1648,154.257,0
18.3877,48.323,7.973426932039729e-07,-0.401,0.1648,154.223,0
18.3889,48.323,7.973426932039729e-07,-0.401,0.1648,154.217,0
18.3903,48.323,7.973426932039729e-07,-0.401,0.1648,154.259,0
18.3915,48.323,7.973426932039729e-07,-0.401,0.1648,154.22,0
18.3927,48.323,7.973426932039729e-07,-0.401,0.1648,154.25,0
18.3941,48.323,7.973426932039729e-07,-0.401,0.1648,154.262,0
18.3954,48.323,7.973426932039729e-07,-0.401,0.1648,154.236,0
18.3966,48.323,7.973426932039729e-07,-0.401,0.1648,154.253,0
18.3978,48.323,7.973426932039729e-07,-0.401,0.1648,154.235,0
18.3991,48.323,7.973426932039729e-07,-0.401,0.1648,154.207,0
18.4004,48.323,7.973426932039729e-07,-0.401,0.1648,154.219,0
18.4016,48.323,7.973426932039729e-07,-0.401,0.1648,154.226,0
18.4029,48.323,7.973426932039729e-07,-0.401,0.1648,154.24,0
18.4044,48.323,7.973426932039729e-07,-0.401,0.1648,154.283,0
18.4056,48.323,7.973426932039729e-07,-0.401,0.1648,154.254,0
18.407,48.323,7.973426932039729e-07,-0.401,0.1648,154.24,0
18.4082,48.323,7.973426932039729e-07,-0.401,0.1648,154.22,0
18.4094,48.323,7.973426932039729e-07,-0.401,0.1648,154.225,0
18.4106,48.323,7.973426932039729e-07,-0.401,0.1648,154.251,0
18.4119,48.323,7.973426932039729e-07,-0.401,0.1648,154.28,0
18.4131,48.323,7.973426932039729e-07,-0.401,0.1648,154.232,0
18.4144,48.323,7.973426932039729e-07,-0.401,0.1648,154.267,0
18.4157,48.323,7.973426932039729e-07,-0.401,0.1648,154.232,0
18.4171,48.323,7.973426932039729e-07,-0.401,0.1648,154.242,0
18.4184,48.323,7.973426932039729e-07,-0.401,0.1648,154.252,0
18.4196,48.323,7.973426932039729e-07,-0.401,0.1648,154.239,0
18.4209,48.323,7.973426932039729e-07,-0.401,0.1648,154.248,0
18.4222,48.323,7.973426932039729e-07,-0.401,0.1648,154.217,0
18.4234,48.323,7.973426932039729e-07,-0.401,0.1648,154.268,0
18.4247,48.323,7.973426932039729e-07,-0.401,0.1648,154.238,0
18.426,48.323,7.973426932039729e-07,-0.401,0.1648,154.226,0
18.4272,48.323,7.973426932039729e-07,-0.401,0.1648,154.29,0
18.4285,48.323,7.973426932039729e-07,-0.401,0.1648,154.229,0
18.4297,48.323,7.973426932039729e-07,-0.401,0.1648,154.224,0
18.431,48.323,7.973426932039729e-07,-0.401,0.1648,154.266,0
18.4323,48.323,7.973426932039729e-07,-0.401,0.1648,154.219,0
18.4335,48.323,7.973426932039729e-07,-0.401,0.1648,154.285,0
18.4349,48.323,7.973426932039729e-07,-0.401,0.1648,154.241,0
18.4361,48.323,7.973426932039729e-07,-0.401,0.1648,154.258,0
18.4375,48.323,7.973426932039729e-07,-0.401,0.1648,154.249,0
18.4388,48.323,7.973426932039729e-07,-0.401,0.1648,154.25,0
18.44,48.323,7.973426932039729e-07,-0.401,0.1648,154.242,0
18.4413,48.323,7.973426932039729e-07,-0.401,0.1648,154.224,0
18.4425,48.323,7.973426932039729e-07,-0.401,0.1648,154.246,0
18.4437,48.323,7.973426932039729e-07,-0.401,0.1648,154.28,0
18.4449,48.323,7.973426932039729e-07,-0.401,0.1648,154.249,0
18.4462,48.323,7.973426932039729e-07,-0.401,0.1648,154.288,0
18.4475,48.323,7.973426932039729e-07,-0.401,0.1648,154.257,0
18.4489,48.323,7.973426932039729e-07,-0.401,0.1648,154.253,0
18.4502,48.323,7.973426932039729e-07,-0.401,0.1648,154.223,0
18.4514,48.323,7.973426932039729e-07,-0.401,0.1648,154.249,0
18.4526,48.323,7.973426932039729e-07,-0.401,0.1648,154.261,0
18.454,48.323,7.973426932039729e-07,-0.401,0.1648,154.271,0
18.4552,48.323,7.973426932039729e-07,-0.401,0.1648,154.268,0
18.4565,48.323,7.973426932039729e-07,-0.401,0.1648,154.205,0
18.4577,48.323,7.973426932039729e-07,-0.401,0.1648,154.233,0
18.4591,48.323,7.973426932039729e-07,-0.401,0.1648,154.253,0
18.4605,48.323,7.973426932039729e-07,-0.401,0.1648,154.239,0
18.4617,48.323,7.973426932039729e-07,-0.401,0.1648,154.265,0
18.4631,48.323,7.973426932039729e-07,-0.401,0.1648,154.255,0
18.4643,48.323,7.973426932039729e-07,-0.401,0.1648,154.233,0
18.4656,48.323,7.973426932039729e-07,-0.401,0.1648,154.231,0
18.4668,48.323,7.973426932039729e-07,-0.401,0.1648,154.277,0
18.4681,48.323,7.973426932039729e-07,-0.401,0.1648,154.232,0
18.4694,48.323,7.973426932039729e-07,-0.401,0.1648,154.251,0
18.4708,48.323,7.973426932039729e-07,-0.401,0.1648,154.255,0
18.472,48.323,7.973426932039729e-07,-0.401,0.1648,154.22,0
18.4733,48.323,7.973426932039729e-07,-0.401,0.1648,154.238,0
18.4746,48.323,7.973426932039729e-07,-0.401,0.1648,154.223,0
18.4759,48.323,7.973426932039729e-07,-0.401,0.1648,154.235,0
18.4772,48.323,7.973426932039729e-07,-0.401,0.1648,154.22,0
18.4784,48.323,7.973426932039729e-07,-0.401,0.1648,154.263,0
18.4798,48.323,7.973426932039729e-07,-0.401,0.1648,154.255,0
18.481,48.323,7.973426932039729e-07,-0.401,0.1648,154.26,0
18.4823,48.323,7.973426932039729e-07,-0.401,0.1648,154.268,0
18.4836,48.323,7.973426932039729e-07,-0.401,0.1648,154.269,0
18.485,48.323,7.973426932039729e-07,-0.401,0.1648,154.251,0
18.4862,48.323,7.973426932039729e-07,-0.401,0.1648,154.294,0
18.4875,48.323,7.973426932039729e-07,-0.401,0.1648,154.214,0
18.4887,48.323,7.973426932039729e-07,-0.401,0.1648,154.249,0
18.49,48.323,7.973426932039729e-07,-0.401,0.1648,154.286,0
18.4912,48.323,7.973426932039729e-07,-0.401,0.1648,154.263,0
18.4925,48.323,7.973426932039729e-07,-0.401,0.1648,154.257,0
18.4939,48.323,7.973426932039729e-07,-0.401,0.1648,154.252,0
18.4952,48.323,7.973426932039729e-07,-0.401,0.1648,154.265,0
18.4965,48.323,7.973426932039729e-07,-0.401,0.1648,154.27,0
18.4977,48.323,7.973426932039729e-07,-0.401,0.1648,154.222,0
18.499,48.323,7.973426932039729e-07,-0.401,0.1648,154.215,0
18.5003,48.323,7.973426932039729e-07,-0.401,0.1648,154.325,0
18.5015,48.323,7.973426932039729e-07,-0.401,0.1648,154.228,0
18.5029,48.323,7.973426932039729e-07,-0.401,0.1648,154.258,0
18.5041,48.323,7.973426932039729e-07,-0.401,0.1648,154.251,0
18.5054,48.323,7.973426932039729e-07,-0.401,0.1648,154.234,0
18.5066,48.323,7.973426932039729e-07,-0.401,0.1648,154.254,0
18.5079,48.323,7.973426932039729e-07,-0.401,0.1648,154.21,0
18.5091,48.323,7.973426932039729e-07,-0.401,0.1648,154.225,0
18.5106,48.323,7.973426932039729e-07,-0.401,0.1648,154.236,0
18.5118,48.323,7.973426932039729e-07,-0.401,0.1648,154.248,0
18.5131,48.323,7.973426932039729e-07,-0.401,0.1648,154.251,0
18.5144,48.323,7.973426932039729e-07,-0.401,0.1648,154.241,0
18.5157,48.323,7.973426932039729e-07,-0.401,0.1648,154.226,0
18.5171,48.323,7.973426932039729e-07,-0.401,0.1648,154.283,0
18.5184,48.323,7.973426932039729e-07,-0.401,0.1648,154.229,0
18.5198,48.323,7.973426932039729e-07,-0.401,0.1648,154.247,0
18.5211,48.323,7.973426932039729e-07,-0.401,0.1648,154.223,0
18.5224,48.323,7.973426932039729e-07,-0.401,0.1648,154.271,0
18.5236,48.323,7.973426932039729e-07,-0.401,0.1648,154.215,0
18.5249,48.323,7.973426932039729e-07,-0.401,0.1648,154.271,0
18.5262,48.323,7.973426932039729e-07,-0.401,0.1648,154.287,0
18.5274,48.323,7.973426932039729e-07,-0.401,0.1648,154.234,0
18.5288,48.323,7.973426932039729e-07,-0.401,0.1648,154.233,0
18.5301,48.323,7.973426932039729e-07,-0.401,0.1648,154.257,0
18.5313,48.323,7.973426932039729e-07,-0.401,0.1648,154.236,0
18.5326,48.323,7.973426932039729e-07,-0.401,0.1648,154.268,0
18.5339,48.323,7.973426932039729e-07,-0.401,0.1648,154.237,0
18.5351,48.323,7.973426932039729e-07,-0.401,0.1648,154.241,0
18.5364,48.323,7.973426932039729e-07,-0.401,0.1648,154.224,0
18.5377,48.323,7.973426932039729e-07,-0.401,0.1648,154.244,0
18.5391,48.323,7.973426932039729e-07,-0.401,0.1648,154.221,0
18.5404,48.323,7.973426932039729e-07,-0.401,0.1648,154.235,0
18.5417,48.323,7.973426932039729e-07,-0.401,0.1648,154.261,0
18.543,48.323,7.973426932039729e-07,-0.401,0.1648,154.268,0
18.5444,48.323,7.973426932039729e-07,-0.401,0.1648,154.265,0
18.5457,48.323,7.973426932039729e-07,-0.401,0.1648,154.233,0
18.5471,48.323,7.973426932039729e-07,-0.401,0.1648,154.256,0
18.5484,48.323,7.973426932039729e-07,-0.401,0.1648,154.262,0
18.5497,48.323,7.973426932039729e-07,-0.401,0.1648,154.235,0
18.551,48.323,7.973426932039729e-07,-0.401,0.1648,154.263,0
18.5523,48.323,7.973426932039729e-07,-0.401,0.1648,154.264,0
18.5536,48.323,7.973426932039729e-07,-0.401,0.1648,154.269,0
18.5551,48.323,7.973426932039729e-07,-0.401,0.1648,154.257,0
18.5565,48.323,7.973426932039729e-07,-0.401,0.1648,154.228,0
18.5579,48.323,7.973426932039729e-07,-0.401,0.1648,154.245,0
18.5592,48.323,7.973426932039729e-07,-0.401,0.1648,154.226,0
18.5604,48.323,7.973426932039729e-07,-0.401,0.1648,154.261,0
18.5618,48.323,7.973426932039729e-07,-0.401,0.1648,154.259,0
18.5632,48.323,7.973426932039729e-07,-0.401,0.1648,154.25,0
18.5645,48.323,7.973426932039729e-07,-0.401,0.1648,154.244,0
18.5657,48.323,7.973426932039729e-07,-0.401,0.1648,154.234,0
18.5671,48.323,7.973426932039729e-07,-0.401,0.1648,154.213,0
18.5684,48.323,7.973426932039729e-07,-0.401,0.1648,154.257,0
18.5697,48.323,7.973426932039729e-07,-0.401,0.1648,154.244,0
18.571,48.323,7.973426932039729e-07,-0.401,0.1648,154.254,0
18.5724,48.323,7.973426932039729e-07,-0.401,0.1648,154.244,0
18.5737,48.323,7.973426932039729e-07,-0.401,0.1648,154.248,0
18.575,48.323,7.973426932039729e-07,-0.401,0.1648,154.233,0
18.5764,48.323,7.973426932039729e-07,-0.401,0.1648,154.244,0
18.5778,48.323,7.973426932039729e-07,-0.401,0.1648,154.266,0
18.5791,48.323,7.973426932039729e-07,-0.401,0.1648,154.273,0
18.5805,48.323,7.973426932039729e-07,-0.401,0.1648,154.251,0
18.5818,48.323,7.973426932039729e-07,-0.401,0.1648,154.204,0
18.5831,48.323,7.973426932039729e-07,-0.401,0.1648,154.259,0
18.5844,48.323,7.973426932039729e-07,-0.401,0.1648,154.232,0
18.5857,48.323,7.973426932039729e-07,-0.401,0.1648,154.246,0
18.5871,48.323,7.973426932039729e-07,-0.401,0.1648,154.237,0
18.5883,48.323,7.973426932039729e-07,-0.401,0.1648,154.239,0
18.5896,48.323,7.973426932039729e-07,-0.401,0.1648,154.25,0
18.591,48.323,7.973426932039729e-07,-0.401,0.1648,154.259,0
18.5923,48.323,7.973426932039729e-07,-0.401,0.1648,154.232,0
18.5936,48.323,7.973426932039729e-07,-0.401,0.1648,154.233,0
18.5949,48.323,7.973426932039729e-07,-0.401,0.1648,154.248,0
18.5962,48.323,7.973426932039729e-07,-0.401,0.1648,154.239,0
18.5975,48.323,7.973426932039729e-07,-0.401,0.1648,154.218,0
18.5988,48.323,7.973426932039729e-07,-0.401,0.1648,154.264,0
18.6002,48.323,7.973426932039729e-07,-0.401,0.1648,154.237,0
18.6016,48.323,7.973426932039729e-07,-0.401,0.1648,154.245,0
18.6029,48.323,7.973426932039729e-07,-0.401,0.1648,154.243,0
18.6041,48.323,7.973426932039729e-07,-0.401,0.1648,154.249,0
18.6054,48.323,7.973426932039729e-07,-0.401,0.1648,154.225,0
18.6067,48.323,7.973426932039729e-07,-0.401,0.1648,154.278,0
18.6081,48.323,7.973426932039729e-07,-0.401,0.1648,154.228,0
18.6094,48.323,7.973426932039729e-07,-0.401,0.1648,154.243,0
18.6109,48.323,7.973426932039729e-07,-0.401,0.1648,154.246,0
18.6121,48.323,7.973426932039729e-07,-0.401,0.1648,154.228,0
18.6134,48.323,7.973426932039729e-07,-0.401,0.1648,154.228,0
18.6147,48.323,7.973426932039729e-07,-0.401,0.1648,154.245,0
18.616,48.323,7.973426932039729e-07,-0.401,0.1648,154.255,0
18.6173,48.323,7.973426932039729e-07,-0.401,0.1648,154.26,0
18.6186,48.323,7.973426932039729e-07,-0.401,0.1648,154.229,0
18.6198,48.323,7.973426932039729e-07,-0.401,0.1648,154.248,0
18.6211,48.323,7.973426932039729e-07,-0.401,0.1648,154.265,0
18.6223,48.323,7.973426932039729e-07,-0.401,0.1648,154.259,0
18.6235,48.323,7.973426932039729e-07,-0.401,0.1648,154.221,0
18.6248,48.323,7.973426932039729e-07,-0.401,0.1648,154.239,0
18.6261,48.323,7.973426932039729e-07,-0.401,0.1648,154.239,0
18.6273,48.323,7.973426932039729e-07,-0.401,0.1648,154.248,0
18.6286,48.323,7.973426932039729e-07,-0.401,0.1648,154.217,0
18.63,48.323,7.973426932039729e-07,-0.401,0.1648,154.23,0
18.6312,48.323,7.973426932039729e-07,-0.401,0.1648,154.261,0
18.6324,48.323,7.973426932039729e-07,-0.401,0.1648,154.211,0
18.6337,48.323,7.973426932039729e-07,-0.401,0.1648,154.221,0
18.6349,48.323,7.973426932039729e-07,-0.401,0.1648,154.264,0
18.6362,48.323,7.973426932039729e-07,-0.401,0.1648,154.259,0
18.6375,48.323,7.973426932039729e-07,-0.401,0.1648,154.253,0
18.6389,48.323,7.973426932039729e-07,-0.401,0.1648,154.271,0
18.6401,48.323,7.973426932039729e-07,-0.401,0.1648,154.218,0
18.6414,48.323,7.973426932039729e-07,-0.401,0.1648,154.287,0
18.6427,48.323,7.973426932039729e-07,-0.401,0.1648,154.212,0
18.644,48.323,7.973426932039729e-07,-0.401,0.1648,154.253,0
18.6453,48.323,7.973426932039729e-07,-0.401,0.1648,154.266,0
18.6466,48.323,7.973426932039729e-07,-0.401,0.1648,154.266,0
18.648,48.323,7.973426932039729e-07,-0.401,0.1648,154.247,0
18.6493,48.323,7.973426932039729e-07,-0.401,0.1648,154.23,0
18.6505,48.323,7.973426932039729e-07,-0.401,0.1648,154.245,0
18.6519,48.323,7.973426932039729e-07,-0.401,0.1648,154.254,0
18.6531,48.323,7.973426932039729e-07,-0.401,0.1648,154.243,0
18.6544,48.323,7.973426932039729e-07,-0.401,0.1648,154.271,0
18.6556,48.323,7.973426932039729e-07,-0.401,0.1648,154.269,0
18.657,48.323,7.973426932039729e-07,-0.401,0.1648,154.283,0
18.6582,48.323,7.973426932039729e-07,-0.401,0.1648,154.266,0
18.6595,48.323,7.973426932039729e-07,-0.401,0.1648,154.256,0
18.661,48.323,7.973426932039729e-07,-0.401,0.1648,154.253,0
18.6622,48.323,7.973426932039729e-07,-0.401,0.1648,154.206,0
18.6635,48.323,7.973426932039729e-07,-0.401,0.1648,154.263,0
18.6649,48.323,7.973426932039729e-07,-0.401,0.1648,154.258,0
18.6662,48.323,7.973426932039729e-07,-0.401,0.1648,154.236,0
18.6674,48.323,7.973426932039729e-07,-0.401,0.1648,154.267,0
18.6687,48.323,7.973426932039729e-07,-0.401,0.1648,154.225,0
18.67,48.323,7.973426932039729e-07,-0.401,0.1648,154.269,0
18.6713,48.323,7.973426932039729e-07,-0.401,0.1648,154.243,0
18.6725,48.323,7.973426932039729e-07,-0.401,0.1648,154.238,0
18.6738,48.323,7.973426932039729e-07,-0.401,0.1648,154.238,0
18.6751,48.323,7.973426932039729e-07,-0.401,0.1648,154.237,0
18.6764,48.323,7.973426932039729e-07,-0.401,0.1648,154.231,0
18.6777,48.323,7.973426932039729e-07,-0.401,0.1648,154.258,0
18.679,48.323,7.973426932039729e-07,-0.401,0.1648,154.234,0
18.6803,48.323,7.973426932039729e-07,-0.401,0.1648,154.24,0
18.6816,48.323,7.973426932039729e-07,-0.401,0.1648,154.266,0
18.683,48.323,7.973426932039729e-07,-0.401,0.1648,154.236,0
18.6843,48.323,7.973426932039729e-07,-0.401,0.1648,154.239,0
18.6856,48.323,7.973426932039729e-07,-0.401,0.1648,154.28,0
18.6869,48.323,7.973426932039729e-07,-0.401,0.1648,154.284,0
18.6882,48.323,7.973426932039729e-07,-0.401,0.1648,154.236,0
18.6893,48.323,7.973426932039729e-07,-0.401,0.1648,154.262,0
18.6906,48.323,7.973426932039729e-07,-0.401,0.1648,154.275,0
18.6919,48.323,7.973426932039729e-07,-0.401,0.1648,154.236,0
18.6931,48.323,7.973426932039729e-07,-0.401,0.1648,154.233,0
18.6943,48.323,7.973426932039729e-07,-0.401,0.1648,154.252,0
18.6956,48.323,7.973426932039729e-07,-0.401,0.1648,154.275,0
18.6969,48.323,7.973426932039729e-07,-0.401,0.1648,154.269,0
18.6981,48.323,7.973426932039729e-07,-0.401,0.1648,154.243,0
18.6994,48.323,7.973426932039729e-07,-0.401,0.1648,154.254,0
18.7006,48.323,7.973426932039729e-07,-0.401,0.1648,154.223,0
18.702,48.323,7.973426932039729e-07,-0.401,0.1648,154.227,0
18.7033,48.323,7.973426932039729e-07,-0.401,0.1648,154.229,0
18.7045,48.323,7.973426932039729e-07,-0.401,0.1648,154.213,0
18.7057,48.323,7.973426932039729e-07,-0.401,0.1648,154.269,0
18.707,48.323,7.973426932039729e-07,-0.401,0.1648,154.273,0
18.7083,48.323,7.973426932039729e-07,-0.401,0.1648,154.232,0
18.7095,48.323,7.973426932039729e-07,-0.401,0.1648,154.276,0
18.7107,48.323,7.973426932039729e-07,-0.401,0.1648,154.25,0
18.7119,48.323,7.973426932039729e-07,-0.401,0.1648,154.232,0
18.7132,48.323,7.973426932039729e-07,-0.401,0.1648,154.259,0
18.7144,48.323,7.973426932039729e-07,-0.401,0.1648,154.274,0
18.7156,48.323,7.973426932039729e-07,-0.401,0.1648,154.247,0
18.7168,48.323,7.973426932039729e-07,-0.401,0.1648,154.285,0
18.7181,48.323,7.973426932039729e-07,-0.401,0.1648,154.212,0
18.7194,48.323,7.973426932039729e-07,-0.401,0.1648,154.263,0
18.7206,48.323,7.973426932039729e-07,-0.401,0.1648,154.226,0
18.7218,48.323,7.973426932039729e-07,-0.401,0.1648,154.271,0
18.7231,48.323,7.973426932039729e-07,-0.401,0.1648,154.241,0
18.7245,48.323,7.973426932039729e-07,-0.401,0.1648,154.261,0
18.7259,48.323,7.973426932039729e-07,-0.401,0.1648,154.277,0
18.7271,48.323,7.973426932039729e-07,-0.401,0.1648,154.248,0
18.7285,48.323,7.973426932039729e-07,-0.401,0.1648,154.223,0
18.7298,48.323,7.973426932039729e-07,-0.401,0.1648,154.223,0
18.7311,48.323,7.973426932039729e-07,-0.401,0.1648,154.263,0
18.7324,48.323,7.973426932039729e-07,-0.401,0.1648,154.255,0
18.7336,48.323,7.973426932039729e-07,-0.401,0.1648,154.247,0
18.7348,48.323,7.973426932039729e-07,-0.401,0.1648,154.239,0
18.7364,48.323,7.973426932039729e-07,-0.401,0.1648,154.248,0
18.7377,48.323,7.973426932039729e-07,-0.401,0.1648,154.244,0
18.739,48.323,7.973426932039729e-07,-0.401,0.1648,154.239,0
18.7403,48.323,7.973426932039729e-07,-0.401,0.1648,154.233,0
18.7416,48.323,7.973426932039729e-07,-0.401,0.1648,154.237,0
18.7429,48.323,7.973426932039729e-07,-0.401,0.1648,154.27,0
18.7441,48.323,7.973426932039729e-07,-0.401,0.1648,154.246,0
18.7455,48.323,7.973426932039729e-07,-0.401,0.1648,154.255,0
18.7468,48.323,-0.00021467871556524187,-0.47,0.1648,154.241,0
18.7481,48.323,-0.00021994320559315383,-0.472,0.1648,154.225,0
18.7493,48.323,-0.0001702980080153793,-0.456,0.1648,154.253,0
18.7506,48.323,-0.00012114253331674263,-0.44,0.1648,154.25,0
18.7518,48.323,-7.884310616645962e-05,-0.427,0.1648,154.219,0
18.7531,48.323,-5.1296447054482996e-05,-0.418,0.1648,154.243,0
18.7543,48.323,-3.152406861772761e-05,-0.411,0.1648,154.215,0
18.7557,48.323,-1.989325937756803e-05,-0.408,0.1648,154.238,0
18.7571,48.323,-1.1506833288876805e-05,-0.405,0.1648,154.26,0
18.7584,48.323,-6.364790351653937e-06,-0.403,0.1648,154.214,0
18.7598,48.323,-3.7937686556688277e-06,-0.402,0.1648,154.252,0
18.7615,48.323,-1.6512502725163358e-06,-0.402,0.1648,154.221,0
18.7629,48.323,-6.105984766691108e-07,-0.401,0.1648,154.224,0
18.7642,48.323,1.8519391176141653e-07,-0.401,0.1648,154.265,0
18.7656,48.323,7.973419542395277e-07,-0.401,0.1648,154.244,0
18.7669,48.323,7.973419542395277e-07,-0.401,0.1648,154.249,0
18.7682,48.323,7.973419542395277e-07,-0.401,0.1648,154.226,0
18.7698,48.323,7.973419542395277e-07,-0.401,0.1648,154.246,0
18.7712,48.323,7.973419542395277e-07,-0.401,0.1648,154.248,0
18.7726,48.323,7.973419542395277e-07,-0.401,0.1648,154.281,0
18.7738,48.323,7.973419542395277e-07,-0.401,0.1648,154.247,0
18.775,48.323,7.973419542395277e-07,-0.401,0.1648,154.259,0
18.7763,48.323,7.973419542395277e-07,-0.401,0.1648,154.261,0
18.7776,48.323,7.973419542395277e-07,-0.401,0.1648,154.25,0
18.779,48.323,7.973419542395277e-07,-0.401,0.1648,154.245,0
18.7803,48.323,7.973419542395277e-07,-0.401,0.1648,154.223,0
18.7816,48.323,7.973419542395277e-07,-0.401,0.1648,154.274,0
18.783,48.323,7.973419542395277e-07,-0.401,0.1648,154.241,0
18.7842,48.323,7.973419542395277e-07,-0.401,0.1648,154.229,0
18.7854,48.323,7.973419542395277e-07,-0.401,0.1648,154.23,0
18.7867,48.323,7.973419542395277e-07,-0.401,0.1648,154.273,0
18.788,48.323,7.973419542395277e-07,-0.401,0.1648,154.211,0
18.7893,48.323,7.973419542395277e-07,-0.401,0.1648,154.245,0
18.7905,48.323,7.973419542395277e-07,-0.401,0.1648,154.238,0
18.7918,48.323,7.973419542395277e-07,-0.401,0.1648,154.268,0
18.7932,48.323,7.973419542395277e-07,-0.401,0.1648,154.261,0
18.7945,48.323,7.973419542395277e-07,-0.401,0.1648,154.254,0
18.7959,48.323,7.973419542395277e-07,-0.401,0.1648,154.205,0
18.7972,48.323,7.973419542395277e-07,-0.401,0.1648,154.265,0
18.7985,48.323,7.973419542395277e-07,-0.401,0.1648,154.247,0
18.7998,48.323,7.973419542395277e-07,-0.401,0.1648,154.223,0
18.8013,48.323,7.973419542395277e-07,-0.401,0.1648,154.24,0
18.8026,48.323,7.973419542395277e-07,-0.401,0.1648,154.241,0
18.8039,48.323,7.973419542395277e-07,-0.401,0.1648,154.25,0
18.8051,48.323,7.973419542395277e-07,-0.401,0.1648,154.275,0
18.8064,48.323,7.973419542395277e-07,-0.401,0.1648,154.221,0
18.8077,48.323,7.973419542395277e-07,-0.401,0.1648,154.254,0
18.809,48.323,7.973419542395277e-07,-0.401,0.1648,154.255,0
18.8103,48.323,7.973419542395277e-07,-0.401,0.1648,154.264,0
18.8116,48.323,7.973419542395277e-07,-0.401,0.1648,154.256,0
18.8129,48.323,7.973419542395277e-07,-0.401,0.1648,154.274,0
18.8141,48.323,7.973419542395277e-07,-0.401,0.1648,154.247,0
18.8154,48.323,7.973419542395277e-07,-0.401,0.1648,154.248,0
18.8167,48.323,7.973419542395277e-07,-0.401,0.1648,154.243,0
18.818,48.323,7.973419542395277e-07,-0.401,0.1648,154.222,0
18.8193,48.323,7.973419542395277e-07,-0.401,0.1648,154.243,0
18.8206,48.323,7.973419542395277e-07,-0.401,0.1648,154.247,0
18.8219,48.323,7.973419542395277e-07,-0.401,0.1648,154.257,0
18.8231,48.323,7.973419542395277e-07,-0.401,0.1648,154.27,0
18.8244,48.323,7.973419542395277e-07,-0.401,0.1648,154.236,0
18.8256,48.323,7.973419542395277e-07,-0.401,0.1648,154.257,0
18.827,48.323,7.973419542395277e-07,-0.401,0.1648,154.277,0
18.8283,48.323,7.973419542395277e-07,-0.401,0.1648,154.221,0
18.8296,48.323,7.973419542395277e-07,-0.401,0.1648,154.284,0
18.8308,48.323,7.973419542395277e-07,-0.401,0.1648,154.242,0
18.8321,48.323,7.973419542395277e-07,-0.401,0.1648,154.223,0
18.8334,48.323,7.973419542395277e-07,-0.401,0.1648,154.25,0
18.8347,48.323,7.973419542395277e-07,-0.401,0.1648,154.254,0
18.8361,48.323,7.973419542395277e-07,-0.401,0.1648,154.244,0
18.8374,48.323,7.973419542395277e-07,-0.401,0.1648,154.273,0
18.8386,48.323,7.973419542395277e-07,-0.401,0.1648,154.256,0
18.8399,48.323,7.973419542395277e-07,-0.401,0.1648,154.234,0
18.8412,48.323,7.973419542395277e-07,-0.401,0.1648,154.259,0
18.8424,48.323,7.973419542395277e-07,-0.401,0.1648,154.229,0
18.8437,48.323,7.973419542395277e-07,-0.401,0.1648,154.255,0
18.8449,48.323,7.973419542395277e-07,-0.401,0.1648,154.279,0
18.8462,48.323,7.973419542395277e-07,-0.401,0.1648,154.26,0
18.8475,48.323,7.973419542395277e-07,-0.401,0.1648,154.251,0
18.8488,48.323,7.973419542395277e-07,-0.401,0.1648,154.241,0
18.8501,48.323,7.973419542395277e-07,-0.401,0.1648,154.238,0
18.8514,48.323,7.973419542395277e-07,-0.401,0.1648,154.263,0
18.8527,48.323,7.973419542395277e-07,-0.401,0.1648,154.228,0
18.854,48.323,7.973419542395277e-07,-0.401,0.1648,154.253,0
18.8553,48.323,7.973419542395277e-07,-0.401,0.1648,154.236,0
18.8565,48.323,7.973419542395277e-07,-0.401,0.1648,154.24,0
18.8577,48.323,7.973419542395277e-07,-0.401,0.1648,154.298,0
18.8589,48.323,7.973419542395277e-07,-0.401,0.1648,154.274,0
18.8602,48.323,7.973419542395277e-07,-0.401,0.1648,154.243,0
18.8616,48.323,7.973419542395277e-07,-0.401,0.1648,154.236,0
18.8629,48.323,7.973419542395277e-07,-0.401,0.1648,154.267,0
18.8642,48.323,7.973419542395277e-07,-0.401,0.1648,154.241,0
18.8654,48.323,7.973419542395277e-07,-0.401,0.1648,154.211,0
18.8667,48.323,7.973419542395277e-07,-0.401,0.1648,154.262,0
18.8679,48.323,7.973419542395277e-07,-0.401,0.1648,154.295,0
18.8693,48.323,7.973419542395277e-07,-0.401,0.1648,154.252,0
18.8706,48.323,7.973419542395277e-07,-0.401,0.1648,154.258,0
18.8718,48.323,7.973419542395277e-07,-0.401,0.1648,154.25,0
18.8731,48.323,7.973419542395277e-07,-0.401,0.1648,154.241,0
18.8743,48.323,7.973419542395277e-07,-0.401,0.1648,154.22,0
18.8756,48.323,7.973419542395277e-07,-0.401,0.1648,154.231,0
18.8769,48.323,7.973419542395277e-07,-0.401,0.1648,154.267,0
18.8782,48.323,7.973419542395277e-07,-0.401,0.1648,154.246,0
18.8795,48.323,7.973419542395277e-07,-0.401,0.1648,154.268,0
18.8807,48.323,7.973419542395277e-07,-0.401,0.1648,154.264,0
18.882,48.323,7.973419542395277e-07,-0.401,0.1648,154.238,0
18.8833,48.323,7.973419542395277e-07,-0.401,0.1648,154.23,0
18.8845,48.323,7.973419542395277e-07,-0.401,0.1648,154.218,0
18.886,48.323,7.973419542395277e-07,-0.401,0.1648,154.247,0
18.8873,48.323,7.973419542395277e-07,-0.401,0.1648,154.24,0
18.8886,48.323,7.973419542395277e-07,-0.401,0.1648,154.216,0
18.8898,48.323,7.973419542395277e-07,-0.401,0.1648,154.26,0
18.8911,48.323,7.973419542395277e-07,-0.401,0.1648,154.255,0
18.8923,48.323,7.973419542395277e-07,-0.401,0.1648,154.251,0
18.8936,48.323,7.973419542395277e-07,-0.401,0.1648,154.258,0
18.8948,48.323,7.973419542395277e-07,-0.401,0.1648,154.253,0
18.8962,48.323,7.973419542395277e-07,-0.401,0.1648,154.25,0
18.8978,48.323,7.973419542395277e-07,-0.401,0.1648,154.231,0
18.8991,48.323,7.973419542395277e-07,-0.401,0.1648,154.254,0
18.9004,48.323,7.973419542395277e-07,-0.401,0.1648,154.267,0
18.9016,48.323,7.973419542395277e-07,-0.401,0.1648,154.244,0
18.903,48.323,7.973419542395277e-07,-0.401,0.1648,154.266,0
18.9043,48.323,7.973419542395277e-07,-0.401,0.1648,154.255,0
18.9056,48.323,7.973419542395277e-07,-0.401,0.1648,154.258,0
18.9069,48.323,7.973419542395277e-07,-0.401,0.1648,154.269,0
18.9081,48.323,7.973419542395277e-07,-0.401,0.1648,154.275,0
18.9093,48.323,7.973419542395277e-07,-0.401,0.1648,154.234,0
18.9106,48.323,7.973419542395277e-07,-0.401,0.1648,154.225,0
18.9119,48.323,7.973419542395277e-07,-0.401,0.1648,154.229,0
18.9132,48.323,7.973419542395277e-07,-0.401,0.1648,154.249,0
18.9144,48.323,7.973419542395277e-07,-0.401,0.1648,154.238,0
18.9157,48.323,7.973419542395277e-07,-0.401,0.1648,154.242,0
18.917,48.323,7.973419542395277e-07,-0.401,0.1648,154.239,0
18.9183,48.323,7.973419542395277e-07,-0.401,0.1648,154.212,0
18.9197,48.323,7.973419542395277e-07,-0.401,0.1648,154.242,0
18.921,48.323,7.973419542395277e-07,-0.401,0.1648,154.239,0
18.9223,48.323,7.973419542395277e-07,-0.401,0.1648,154.257,0
18.9235,48.323,7.973419542395277e-07,-0.401,0.1648,154.257,0
18.9249,48.323,7.973419542395277e-07,-0.401,0.1648,154.234,0
18.9261,48.323,7.973419542395277e-07,-0.401,0.1648,154.27,0
18.9273,48.323,7.973419542395277e-07,-0.401,0.1648,154.23,0
18.9287,48.323,7.973419542395277e-07,-0.401,0.1648,154.259,0
18.93,48.323,7.973419542395277e-07,-0.401,0.1648,154.272,0
18.9313,48.323,7.973419542395277e-07,-0.401,0.1648,154.264,0
18.9326,48.323,7.973419542395277e-07,-0.401,0.1648,154.247,0
18.9339,48.323,7.973419542395277e-07,-0.401,0.1648,154.226,0
18.9351,48.323,7.973419542395277e-07,-0.401,0.1648,154.254,0
18.9364,48.323,7.973419542395277e-07,-0.401,0.1648,154.225,0
18.9377,48.323,7.973419542395277e-07,-0.401,0.1648,154.251,0
18.939,48.323,7.973419542395277e-07,-0.401,0.1648,154.274,0
18.9403,48.323,7.973419542395277e-07,-0.401,0.1648,154.254,0
18.9416,48.323,7.973419542395277e-07,-0.401,0.1648,154.254,0
18.9428,48.323,7.973419542395277e-07,-0.401,0.1648,154.231,0
18.9441,48.323,7.973419542395277e-07,-0.401,0.1648,154.257,0
18.9454,48.323,0.00017354550072923303,-0.345,0.1648,154.247,0
18.9466,48.323,0.00022925097437109798,-0.327,0.1648,154.235,0
18.9478,48.323,0.00019276693637948483,-0.339,0.1648,154.239,0
18.9491,48.323,-6.609685442526825e-06,-0.403,0.1648,154.233,0
18.9504,48.323,-0.00013858878810424358,-0.446,0.1648,154.243,0
18.9516,48.323,-0.000140302799991332,-0.446,0.1648,154.252,0
18.953,48.323,-0.00010804260818986222,-0.436,0.1648,154.262,0
18.9544,48.323,-7.204832218121737e-05,-0.424,0.1648,154.233,0
18.9557,48.323,-4.6521749027306214e-05,-0.416,0.1648,154.258,0
18.9571,48.323,-2.8830672818003222e-05,-0.41,0.1648,154.234,0
18.9584,48.323,-1.683257687545847e-05,-0.407,0.1648,154.279,0
18.9597,48.323,-1.0037733773060609e-05,-0.404,0.1648,154.267,0
18.9611,48.323,-5.752698598371353e-06,-0.403,0.1648,154.248,0
18.9624,48.323,-3.4265362955920864e-06,-0.402,0.1648,154.248,0
18.9638,48.323,-1.7125214526458876e-06,-0.402,0.1648,154.26,0
18.965,48.323,-8.555140880162071e-07,-0.401,0.1648,154.251,0
18.9663,48.323,-5.972158589884202e-08,-0.401,0.1648,154.261,0
18.9677,48.323,7.360708309533948e-07,-0.401,0.1648,154.224,0
18.969,48.323,7.972856792548555e-07,-0.401,0.1648,154.23,0
18.9704,48.323,7.972856792548555e-07,-0.401,0.1648,154.274,0
18.9718,48.323,7.972856792548555e-07,-0.401,0.1648,154.203,0
18.9731,48.323,7.972856792548555e-07,-0.401,0.1648,154.278,0
18.9743,48.323,7.972856792548555e-07,-0.401,0.1648,154.246,0
18.9756,48.323,7.972856792548555e-07,-0.401,0.1648,154.286,0
18.9769,48.323,7.972856792548555e-07,-0.401,0.1648,154.28,0
18.9781,48.323,7.972856792548555e-07,-0.401,0.1648,154.249,0
18.9795,48.323,7.972856792548555e-07,-0.401,0.1648,154.235,0
18.9808,48.323,7.972856792548555e-07,-0.401,0.1648,154.257,0
18.9821,48.323,7.972856792548555e-07,-0.401,0.1648,154.22,0
18.9834,48.323,7.972856792548555e-07,-0.401,0.1648,154.262,0
18.9846,48.323,7.972856792548555e-07,-0.401,0.1648,154.211,0
18.9859,48.323,7.972856792548555e-07,-0.401,0.1648,154.274,0
18.9872,48.323,7.972856792548555e-07,-0.401,0.1648,154.242,0
18.9885,48.323,7.972856792548555e-07,-0.401,0.1648,154.249,0
18.9898,48.323,7.972856792548555e-07,-0.401,0.1648,154.216,0
18.9911,48.323,7.972856792548555e-07,-0.401,0.1648,154.254,0
18.9924,48.323,7.972856792548555e-07,-0.401,0.1648,154.258,0
18.9937,48.323,7.972856792548555e-07,-0.401,0.1648,154.246,0
18.9951,48.323,7.972856792548555e-07,-0.401,0.1648,154.271,0
18.9967,48.323,7.972856792548555e-07,-0.401,0.1648,154.255,0
18.998,48.323,7.972856792548555e-07,-0.401,0.1648,154.269,0
18.9993,48.323,7.972856792548555e-07,-0.401,0.1648,154.261,0
19.0006,48.323,7.972856792548555e-07,-0.401,0.1648,154.245,0
19.0018,48.323,7.972856792548555e-07,-0.401,0.1648,154.273,0
19.0031,48.323,7.972856792548555e-07,-0.401,0.1648,154.248,0
19.0044,48.323,7.972856792548555e-07,-0.401,0.1648,154.245,0
19.0057,48.323,7.972856792548555e-07,-0.401,0.1648,154.228,0
19.007,48.323,7.972856792548555e-07,-0.401,0.1648,154.26,0
19.0083,48.323,7.972856792548555e-07,-0.401,0.1648,154.255,0
19.0096,48.323,7.972856792548555e-07,-0.401,0.1648,154.241,0
19.0111,48.323,7.972856792548555e-07,-0.401,0.1648,154.247,0
19.0124,48.323,7.972856792548555e-07,-0.401,0.1648,154.276,0
19.0137,48.323,7.972856792548555e-07,-0.401,0.1648,154.227,0
19.015,48.323,7.972856792548555e-07,-0.401,0.1648,154.267,0
19.0164,48.323,7.972856792548555e-07,-0.401,0.1648,154.276,0
19.0176,48.323,7.972856792548555e-07,-0.401,0.1648,154.283,0
19.0188,48.323,7.972856792548555e-07,-0.401,0.1648,154.232,0
19.0202,48.323,7.972856792548555e-07,-0.401,0.1648,154.251,0
19.0214,48.323,7.972856792548555e-07,-0.401,0.1648,154.245,0
19.0226,48.323,7.972856792548555e-07,-0.401,0.1648,154.25,0
19.0238,48.323,7.972856792548555e-07,-0.401,0.1648,154.245,0
19.0251,48.323,7.972856792548555e-07,-0.401,0.1648,154.246,0
19.0264,48.323,7.972856792548555e-07,-0.401,0.1648,154.272,0
19.0278,48.323,7.972856792548555e-07,-0.401,0.1648,154.25,0
19.0291,48.323,7.972856792548555e-07,-0.401,0.1648,154.24,0
19.0303,48.323,7.972856792548555e-07,-0.401,0.1648,154.266,0
19.0315,48.323,7.972856792548555e-07,-0.401,0.1648,154.255,0
19.0327,48.323,7.972856792548555e-07,-0.401,0.1648,154.237,0
19.034,48.323,7.972856792548555e-07,-0.401,0.1648,154.268,0
19.0353,48.323,7.972856792548555e-07,-0.401,0.1648,154.236,0
19.0366,48.323,7.972856792548555e-07,-0.401,0.1648,154.26,0
19.0378,48.323,7.972856792548555e-07,-0.401,0.1648,154.245,0
19.0391,48.323,7.972856792548555e-07,-0.401,0.1648,154.194,0
19.0404,48.323,7.972856792548555e-07,-0.401,0.1648,154.259,0
19.0419,48.323,7.972856792548555e-07,-0.401,0.1648,154.258,0
19.0431,48.323,7.972856792548555e-07,-0.401,0.1648,154.286,0
19.0444,48.323,7.972856792548555e-07,-0.401,0.1648,154.235,0
19.0457,48.323,7.972856792548555e-07,-0.401,0.1648,154.234,0
19.047,48.323,7.972856792548555e-07,-0.401,0.1648,154.215,0
19.0482,48.323,7.972856792548555e-07,-0.401,0.1648,154.205,0
19.0495,48.323,7.972856792548555e-07,-0.401,0.1648,154.27,0
19.0508,48.323,7.972856792548555e-07,-0.401,0.1648,154.254,0
19.0521,48.323,7.972856792548555e-07,-0.401,0.1648,154.254,0
19.0533,48.323,7.972856792548555e-07,-0.401,0.1648,154.268,0
19.0546,48.323,7.972856792548555e-07,-0.401,0.1648,154.259,0
19.0558,48.323,7.972856792548555e-07,-0.401,0.1648,154.241,0
19.0571,48.323,7.972856792548555e-07,-0.401,0.1648,154.208,0
19.0583,48.323,7.972856792548555e-07,-0.401,0.1648,154.275,0
19.0595,48.323,7.972856792548555e-07,-0.401,0.1648,154.198,0
19.0609,48.323,7.972856792548555e-07,-0.401,0.1648,154.233,0
19.0622,48.323,7.972856792548555e-07,-0.401,0.1648,154.259,0
19.0635,48.323,7.972856792548555e-07,-0.401,0.1648,154.273,0
19.0647,48.323,7.972856792548555e-07,-0.401,0.1648,154.229,0
19.066,48.323,7.972856792548555e-07,-0.401,0.1648,154.254,0
19.0673,48.323,7.972856792548555e-07,-0.401,0.1648,154.229,0
19.0686,48.323,7.972856792548555e-07,-0.401,0.1648,154.24,0
19.0698,48.323,7.972856792548555e-07,-0.401,0.1648,154.277,0
19.0711,48.323,7.972856792548555e-07,-0.401,0.1648,154.232,0
19.0724,48.323,7.972856792548555e-07,-0.401,0.1648,154.26,0
19.0737,48.323,7.972856792548555e-07,-0.401,0.1648,154.25,0
19.0749,48.323,7.972856792548555e-07,-0.401,0.1648,154.24,0
19.0762,48.323,7.972856792548555e-07,-0.401,0.1648,154.226,0
19.0775,48.323,7.972856792548555e-07,-0.401,0.1648,154.265,0
19.0788,48.323,7.972856792548555e-07,-0.401,0.1648,154.263,0
19.08,48.323,7.972856792548555e-07,-0.401,0.1648,154.234,0
19.0813,48.323,7.972856792548555e-07,-0.401,0.1648,154.208,0
19.0825,48.323,7.972856792548555e-07,-0.401,0.1648,154.263,0
19.0839,48.323,7.972856792548555e-07,-0.401,0.1648,154.271,0
19.0851,48.323,7.972856792548555e-07,-0.401,0.1648,154.224,0
19.0864,48.323,7.972856792548555e-07,-0.401,0.1648,154.289,0
19.0876,48.323,7.972856792548555e-07,-0.401,0.1648,154.264,0
19.0891,48.323,7.972856792548555e-07,-0.401,0.1648,154.256,0
19.0904,48.323,7.972856792548555e-07,-0.401,0.1648,154.245,0
19.0916,48.323,7.972856792548555e-07,-0.401,0.1648,154.23,0
19.0928,48.323,7.972856792548555e-07,-0.401,0.1648,154.273,0
19.0941,48.323,7.972856792548555e-07,-0.401,0.1648,154.226,0
19.0953,48.323,7.972856792548555e-07,-0.401,0.1648,154.246,0
19.0965,48.323,7.972856792548555e-07,-0.401,0.1648,154.271,0
19.0978,48.323,7.972856792548555e-07,-0.401,0.1648,154.243,0
19.0993,48.323,7.972856792548555e-07,-0.401,0.1648,154.267,0
19.1006,48.323,7.972856792548555e-07,-0.401,0.1648,154.222,0
19.1021,48.323,7.972856792548555e-07,-0.401,0.1648,154.233,0
19.1035,48.323,7.972856792548555e-07,-0.401,0.1648,154.241,0
19.1047,48.323,7.972856792548555e-07,-0.401,0.1648,154.245,0
19.106,48.323,7.972856792548555e-07,-0.401,0.1648,154.245,0
19.1073,48.323,7.972856792548555e-07,-0.401,0.1648,154.224,0
19.1086,48.323,7.972856792548555e-07,-0.401,0.1648,154.262,0
19.1099,48.323,7.972856792548555e-07,-0.401,0.1648,154.24,0
19.1112,48.323,7.972856792548555e-07,-0.401,0.1648,154.258,0
19.1129,48.323,7.972856792548555e-07,-0.401,0.1648,154.247,0
19.1141,48.323,7.972856792548555e-07,-0.401,0.1648,154.21,0
19.1154,48.323,7.972856792548555e-07,-0.401,0.1648,154.217,0
19.1166,48.323,7.972856792548555e-07,-0.401,0.1648,154.246,0
19.1179,48.323,7.972856792548555e-07,-0.401,0.1648,154.239,0
19.1191,48.323,7.972856792548555e-07,-0.401,0.1648,154.231,0
19.1206,48.323,7.972856792548555e-07,-0.401,0.1648,154.246,0
19.1221,48.323,7.972856792548555e-07,-0.401,0.1648,154.296,0
19.1233,48.323,7.972856792548555e-07,-0.401,0.1648,154.251,0
19.1246,48.323,7.972856792548555e-07,-0.401,0.1648,154.259,0
19.1258,48.323,7.972856792548555e-07,-0.401,0.1648,154.266,0
19.1271,48.323,7.972856792548555e-07,-0.401,0.1648,154.25,0
19.1284,48.323,7.972856792548555e-07,-0.401,0.1648,154.239,0
19.1297,48.323,7.972856792548555e-07,-0.401,0.1648,154.273,0
19.131,48.323,7.972856792548555e-07,-0.401,0.1648,154.245,0
19.1323,48.323,7.972856792548555e-07,-0.401,0.1648,154.271,0
19.1335,48.323,7.972856792548555e-07,-0.401,0.1648,154.273,0
19.1349,48.323,7.972856792548555e-07,-0.401,0.1648,154.255,0
19.1363,48.323,7.972856792548555e-07,-0.401,0.1648,154.281,0
19.1376,48.323,7.972856792548555e-07,-0.401,0.1648,154.233,0
19.1391,48.323,7.972856792548555e-07,-0.401,0.1648,154.267,0
19.1404,48.323,7.972856792548555e-07,-0.401,0.1648,154.247,0
19.1417,48.323,7.972856792548555e-07,-0.401,0.1648,154.253,0
19.143,48.323,7.972856792548555e-07,-0.401,0.1648,154.256,0
19.1444,48.323,7.972856792548555e-07,-0.401,0.1648,154.269,0
19.1457,48.323,7.972856792548555e-07,-0.401,0.1648,154.22,0
19.1469,48.323,7.972856792548555e-07,-0.401,0.1648,154.245,0
19.1482,48.323,7.972856792548555e-07,-0.401,0.1648,154.257,0
19.1494,48.323,7.972856792548555e-07,-0.401,0.1648,154.234,0
19.1507,48.323,7.972856792548555e-07,-0.401,0.1648,154.226,0
19.1522,48.323,7.972856792548555e-07,-0.401,0.1648,154.244,0
19.1534,48.323,7.972856792548555e-07,-0.401,0.1648,154.254,0
19.1549,48.323,7.972856792548555e-07,-0.401,0.1648,154.275,0
19.1561,48.323,7.972856792548555e-07,-0.401,0.1648,154.288,0
19.1574,48.323,7.972856792548555e-07,-0.401,0.1648,154.268,0
19.1587,48.323,7.972856792548555e-07,-0.401,0.1648,154.239,0
19.1601,48.323,7.972856792548555e-07,-0.401,0.1648,154.265,0
19.1614,48.323,7.972856792548555e-07,-0.401,0.1648,154.239,0
19.1627,48.323,7.972856792548555e-07,-0.401,0.1648,154.228,0
19.164,48.323,7.972856792548555e-07,-0.401,0.1648,154.258,0
19.1653,48.323,7.972856792548555e-07,-0.401,0.1648,154.234,0
19.1666,48.323,7.972856792548555e-07,-0.401,0.1648,154.267,0
19.1679,48.323,7.972856792548555e-07,-0.401,0.1648,154.238,0
19.1691,48.323,7.972856792548555e-07,-0.401,0.1648,154.265,0
19.1704,48.323,7.972856792548555e-07,-0.401,0.1648,154.248,0
19.1716,48.323,7.972856792548555e-07,-0.401,0.1648,154.258,0
19.1728,48.323,7.972856792548555e-07,-0.401,0.1648,154.247,0
19.1741,48.323,7.972856792548555e-07,-0.401,0.1648,154.246,0
19.1754,48.323,7.972856792548555e-07,-0.401,0.1648,154.246,0
19.1766,48.323,7.972856792548555e-07,-0.401,0.1648,154.282,0
19.178,48.323,7.972856792548555e-07,-0.401,0.1648,154.271,0
19.1792,48.323,7.972856792548555e-07,-0.401,0.1648,154.262,0
19.1805,48.323,7.972856792548555e-07,-0.401,0.1648,154.229,0
19.1818,48.323,7.972856792548555e-07,-0.401,0.1648,154.24,0
19.1831,48.323,7.972856792548555e-07,-0.401,0.1648,154.244,0
19.1843,48.323,7.972856792548555e-07,-0.401,0.1648,154.25,0
19.1856,48.323,7.972856792548555e-07,-0.401,0.1648,154.267,0
19.1868,48.323,7.972856792548555e-07,-0.401,0.1648,154.267,0
19.1882,48.323,7.972856792548555e-07,-0.401,0.1648,154.218,0
19.1895,48.323,7.972856792548555e-07,-0.401,0.1648,154.248,0
19.1907,48.323,7.972856792548555e-07,-0.401,0.1648,154.25,0
19.192,48.323,7.972856792548555e-07,-0.401,0.1648,154.238,0
19.1932,48.323,7.972856792548555e-07,-0.401,0.1648,154.262,0
19.1945,48.323,7.972856792548555e-07,-0.401,0.1648,154.216,0
19.1958,48.323,7.972856792548555e-07,-0.401,0.1648,154.253,0
19.1971,48.323,7.972856792548555e-07,-0.401,0.1648,154.231,0
19.1983,48.323,7.972856792548555e-07,-0.401,0.1648,154.249,0
19.1996,48.323,7.972856792548555e-07,-0.401,0.1648,154.292,0
19.2008,48.323,7.972856792548555e-07,-0.401,0.1648,154.248,0
19.2023,48.323,7.972856792548555e-07,-0.401,0.1648,154.227,0
19.2036,48.323,7.972856792548555e-07,-0.401,0.1648,154.23,0
19.2048,48.323,7.972856792548555e-07,-0.401,0.1648,154.271,0
19.2061,48.323,7.972856792548555e-07,-0.401,0.1648,154.251,0
19.2073,48.323,7.972856792548555e-07,-0.401,0.1648,154.218,0
19.2086,48.323,7.972856792548555e-07,-0.401,0.1648,154.236,0
19.2099,48.323,7.972856792548555e-07,-0.401,0.1648,154.244,0
19.2113,48.323,7.972856792548555e-07,-0.401,0.1648,154.235,0
19.2125,48.323,7.972856792548555e-07,-0.401,0.1648,154.251,0
19.2137,48.323,7.972856792548555e-07,-0.401,0.1648,154.23,0
19.2151,48.323,7.972856792548555e-07,-0.401,0.1648,154.266,0
19.2164,48.323,7.972856792548555e-07,-0.401,0.1648,154.258,0
19.2176,48.323,7.972856792548555e-07,-0.401,0.1648,154.224,0
19.2188,48.323,7.972856792548555e-07,-0.401,0.1648,154.243,0
19.2201,48.323,7.972856792548555e-07,-0.401,0.1648,154.259,0
19.2213,48.323,7.972856792548555e-07,-0.401,0.1648,154.22,0
19.2225,48.323,7.972856792548555e-07,-0.401,0.1648,154.268,0
19.2238,48.323,7.972856792548555e-07,-0.401,0.1648,154.243,0
19.2252,48.323,7.972856792548555e-07,-0.401,0.1648,154.258,0
19.2264,48.323,7.972856792548555e-07,-0.401,0.1648,154.23,0
19.2276,48.323,7.972856792548555e-07,-0.401,0.1648,154.254,0
19.229,48.323,7.972856792548555e-07,-0.401,0.1648,154.236,0
19.2303,48.323,7.972856792548555e-07,-0.401,0.1648,154.267,0
19.2316,48.323,7.972856792548555e-07,-0.401,0.1648,154.228,0
19.2329,48.323,7.972856792548555e-07,-0.401,0.1648,154.236,0
19.2341,48.323,7.972856792548555e-07,-0.401,0.1648,154.253,0
19.2354,48.323,7.972856792548555e-07,-0.401,0.1648,154.284,0
19.2368,48.323,7.972856792548555e-07,-0.401,0.1648,154.213,0
19.2381,48.323,7.972856792548555e-07,-0.401,0.1648,154.242,0
19.2393,48.323,7.972856792548555e-07,-0.401,0.1648,154.284,0
19.2407,48.323,7.972856792548555e-07,-0.401,0.1648,154.252,0
19.2419,48.323,7.972856792548555e-07,-0.401,0.1648,154.214,0
19.2431,48.323,7.972856792548555e-07,-0.401,0.1648,154.225,0
19.2444,48.323,7.972856792548555e-07,-0.401,0.1648,154.238,0
19.2457,48.323,7.972856792548555e-07,-0.401,0.1648,154.272,0
19.2471,48.323,7.972856792548555e-07,-0.401,0.1648,154.264,0
19.2483,48.323,7.972856792548555e-07,-0.401,0.1648,154.245,0
19.2495,48.323,7.972856792548555e-07,-0.401,0.1648,154.251,0
19.2509,48.323,7.972856792548555e-07,-0.401,0.1648,154.243,0
19.2521,48.323,7.972856792548555e-07,-0.401,0.1648,154.274,0
19.2533,48.323,7.972856792548555e-07,-0.401,0.1648,154.254,0
19.2545,48.323,7.972856792548555e-07,-0.401,0.1648,154.232,0
19.2559,48.323,7.972856792548555e-07,-0.401,0.1648,154.298,0
19.2571,48.323,7.972856792548555e-07,-0.401,0.1648,154.217,0
19.2583,48.323,7.972856792548555e-07,-0.401,0.1648,154.23,0
19.2595,48.323,7.972856792548555e-07,-0.401,0.1648,154.244,0
19.2607,48.323,7.972856792548555e-07,-0.401,0.1648,154.259,0
19.262,48.323,7.972856792548555e-07,-0.401,0.1648,154.255,0
19.2633,48.323,7.972856792548555e-07,-0.401,0.1648,154.231,0
19.2646,48.323,7.972856792548555e-07,-0.401,0.1648,154.242,0
19.2658,48.323,7.972856792548555e-07,-0.401,0.1648,154.276,0
19.2671,48.323,7.972856792548555e-07,-0.401,0.1648,154.228,0
19.2683,48.323,7.972856792548555e-07,-0.401,0.1648,154.256,0
19.2695,48.323,7.972856792548555e-07,-0.401,0.1648,154.254,0
19.2708,48.323,7.972856792548555e-07,-0.401,0.1648,154.262,0
19.2721,48.323,7.972856792548555e-07,-0.401,0.1648,154.256,0
19.2734,48.323,7.972856792548555e-07,-0.401,0.1648,154.263,0
19.2746,48.323,7.972856792548555e-07,-0.401,0.1648,154.23,0
19.276,48.323,7.972856792548555e-07,-0.401,0.1648,154.229,0
19.2773,48.323,7.972856792548555e-07,-0.401,0.1648,154.254,0
19.2785,48.323,7.972856792548555e-07,-0.401,0.1648,154.267,0
19.2799,48.323,7.972856792548555e-07,-0.401,0.1648,154.263,0
19.2812,48.323,7.972856792548555e-07,-0.401,0.1648,154.255,0
19.2826,48.323,7.972856792548555e-07,-0.401,0.1648,154.264,0
19.2839,48.323,7.972856792548555e-07,-0.401,0.1648,154.25,0
19.2852,48.323,7.972856792548555e-07,-0.401,0.1648,154.233,0
19.2866,48.323,7.972856792548555e-07,-0.401,0.1648,154.233,0
19.2878,48.323,7.972856792548555e-07,-0.401,0.1648,154.254,0
19.2891,48.323,7.972856792548555e-07,-0.401,0.1648,154.216,0
19.2905,48.323,7.972856792548555e-07,-0.401,0.1648,154.262,0
19.2918,48.323,7.972856792548555e-07,-0.401,0.1648,154.25,0
19.2931,48.323,7.972856792548555e-07,-0.401,0.1648,154.252,0
19.2945,48.323,7.972856792548555e-07,-0.401,0.1648,154.263,0
19.2957,48.323,7.972856792548555e-07,-0.401,0.1648,154.263,0
19.2971,48.323,7.972856792548555e-07,-0.401,0.1648,154.246,0
19.2983,48.323,7.972856792548555e-07,-0.401,0.1648,154.238,0
19.2997,48.323,7.972856792548555e-07,-0.401,0.1648,154.25,0
19.3009,48.323,7.972856792548555e-07,-0.401,0.1648,154.24,0
19.3022,48.323,7.972856792548555e-07,-0.401,0.1648,154.238,0
19.3034,48.323,7.972856792548555e-07,-0.401,0.1648,154.235,0
19.3048,48.323,7.972856792548555e-07,-0.401,0.1648,154.253,0
19.3061,48.323,7.972856792548555e-07,-0.401,0.1648,154.245,0
19.3074,48.323,7.972856792548555e-07,-0.401,0.1648,154.234,0
19.3087,48.323,7.972856792548555e-07,-0.401,0.1648,154.286,0
19.3101,48.323,7.972856792548555e-07,-0.401,0.1648,154.259,0
19.3115,48.323,7.972856792548555e-07,-0.401,0.1648,154.245,0
19.3127,48.323,7.972856792548555e-07,-0.401,0.1648,154.283,0
19.314,48.323,7.972856792548555e-07,-0.401,0.1648,154.228,0
19.3153,48.323,7.972856792548555e-07,-0.401,0.1648,154.239,0
19.3165,48.323,7.972856792548555e-07,-0.401,0.1648,154.241,0
19.3179,48.323,7.972856792548555e-07,-0.401,0.1648,154.273,0
19.3191,48.323,7.972856792548555e-07,-0.401,0.1648,154.244,0
19.3204,48.323,7.972856792548555e-07,-0.401,0.1648,154.256,0
19.3217,48.323,7.972856792548555e-07,-0.401,0.1648,154.248,0
19.323,48.323,7.972856792548555e-07,-0.401,0.1648,154.233,0
19.3244,48.323,7.972856792548555e-07,-0.401,0.1648,154.249,0
19.3256,48.323,7.972856792548555e-07,-0.401,0.1648,154.283,0
19.3269,48.323,7.972856792548555e-07,-0.401,0.1648,154.259,0
19.3282,48.323,7.972856792548555e-07,-0.401,0.1648,154.221,0
19.3297,48.323,7.972856792548555e-07,-0.401,0.1648,154.275,0
19.3311,48.323,7.972856792548555e-07,-0.401,0.1648,154.271,0
19.3324,48.323,7.972856792548555e-07,-0.401,0.1648,154.229,0
19.3337,48.323,7.972856792548555e-07,-0.401,0.1648,154.27,0
19.3349,48.323,7.972856792548555e-07,-0.401,0.1648,154.254,0
19.3363,48.323,7.972856792548555e-07,-0.401,0.1648,154.219,0
19.3376,48.323,7.972856792548555e-07,-0.401,0.1648,154.258,0
19.3389,48.323,7.972856792548555e-07,-0.401,0.1648,154.217,0
19.3401,48.323,7.972856792548555e-07,-0.401,0.1648,154.256,0
19.3415,48.323,7.972856792548555e-07,-0.401,0.1648,154.243,0
19.3427,48.323,0.00022098689805716276,-0.33,0.1648,154.272,0
19.3441,48.323,0.00021847710013389587,-0.331,0.1648,154.253,0
19.3454,48.323,0.00016271037748083472,-0.349,0.1648,154.246,0
19.3466,48.323,0.00011080024705734104,-0.365,0.1648,154.24,0
19.348,48.323,7.131670281523839e-05,-0.378,0.1648,154.231,0
19.3494,48.323,-0.00013993556785862893,-0.446,0.1648,154.249,0
19.3506,48.323,-0.0002002321125473827,-0.466,0.1648,154.249,0
19.3518,48.323,-0.00017115508671849966,-0.456,0.1648,154.256,0
19.3532,48.323,-0.00012297905050218105,-0.441,0.1648,154.249,0
19.3544,48.323,-8.172026718966663e-05,-0.428,0.1648,154.253,0
19.3558,48.323,-5.025586506235413e-05,-0.417,0.1648,154.222,0
19.3571,48.323,-3.2258714782074094e-05,-0.412,0.1648,154.23,0
19.3583,48.323,-1.9587252609198913e-05,-0.407,0.1648,154.255,0
19.3596,48.323,-1.224147854372859e-05,-0.405,0.1648,154.243,0
19.3608,48.323,-7.1606496021559e-06,-0.403,0.1648,154.262,0
19.3622,48.323,-4.405982963362476e-06,-0.403,0.1648,154.264,0
19.3634,48.323,-2.5695392196212197e-06,-0.402,0.1648,154.251,0
19.3648,48.323,-1.2228134664837853e-06,-0.402,0.1648,154.241,0
19.3661,48.323,-4.270208364687278e-07,-0.401,0.1648,154.278,0
19.3674,48.323,3.687715093292354e-07,-0.401,0.1648,154.247,0
19.3687,48.323,7.972751632223662e-07,-0.401,0.1648,154.235,0
19.3701,48.323,7.972751632223662e-07,-0.401,0.1648,154.266,0
19.3713,48.323,7.972751632223662e-07,-0.401,0.1648,154.257,0
19.3728,48.323,7.972751632223662e-07,-0.401,0.1648,154.229,0
19.3741,48.323,7.972751632223662e-07,-0.401,0.1648,154.235,0
19.3753,48.323,7.972751632223662e-07,-0.401,0.1648,154.232,0
19.3765,48.323,7.972751632223662e-07,-0.401,0.1648,154.237,0
19.3779,48.323,7.972751632223662e-07,-0.401,0.1648,154.247,0
19.3792,48.323,7.972751632223662e-07,-0.401,0.1648,154.246,0
19.3804,48.323,7.972751632223662e-07,-0.401,0.1648,154.269,0
19.3817,48.323,7.972751632223662e-07,-0.401,0.1648,154.232,0
19.383,48.323,7.972751632223662e-07,-0.401,0.1648,154.241,0
19.3843,48.323,7.972751632223662e-07,-0.401,0.1648,154.239,0
19.3856,48.323,7.972751632223662e-07,-0.401,0.1648,154.216,0
19.3868,48.323,7.972751632223662e-07,-0.401,0.1648,154.238,0
19.3881,48.323,7.972751632223662e-07,-0.401,0.1648,154.247,0
19.3893,48.323,7.972751632223662e-07,-0.401,0.1648,154.232,0
19.3905,48.323,7.972751632223662e-07,-0.401,0.1648,154.238,0
19.3918,48.323,7.972751632223662e-07,-0.401,0.1648,154.24,0
19.3931,48.323,7.972751632223662e-07,-0.401,0.1648,154.257,0
19.3944,48.323,7.972751632223662e-07,-0.401,0.1648,154.244,0
19.3957,48.323,7.972751632223662e-07,-0.401,0.1648,154.254,0
19.397,48.323,7.972751632223662e-07,-0.401,0.1648,154.272,0
19.3982,48.323,7.972751632223662e-07,-0.401,0.1648,154.227,0
19.3995,48.323,7.972751632223662e-07,-0.401,0.1648,154.239,0
19.4008,48.323,7.972751632223662e-07,-0.401,0.1648,154.256,0
19.4022,48.323,7.972751632223662e-07,-0.401,0.1648,154.262,0
19.4035,48.323,7.972751632223662e-07,-0.401,0.1648,154.209,0
19.405,48.323,7.972751632223662e-07,-0.401,0.1648,154.244,0
19.4063,48.323,7.972751632223662e-07,-0.401,0.1648,154.25,0
19.4076,48.323,7.972751632223662e-07,-0.401,0.1648,154.254,0
19.4089,48.323,7.972751632223662e-07,-0.401,0.1648,154.213,0
19.4102,48.323,7.972751632223662e-07,-0.401,0.1648,154.284,0
19.4114,48.323,7.972751632223662e-07,-0.401,0.1648,154.243,0
19.413,48.323,7.972751632223662e-07,-0.401,0.1648,154.27,0
19.4142,48.323,7.972751632223662e-07,-0.401,0.1648,154.243,0
19.4155,48.323,0.00017354541341774166,-0.345,0.1648,154.241,0
19.4167,48.323,0.00023010789300315082,-0.327,0.1648,154.274,0
19.4181,48.323,0.00019276684906799346,-0.339,0.1648,154.247,0
19.4194,48.323,0.000137489871121943,-0.357,0.1648,154.254,0
19.4208,48.323,8.784468082012609e-05,-0.373,0.1648,154.258,0
19.4221,48.323,5.356438850867562e-05,-0.384,0.1648,154.257,0
19.4234,48.323,3.305743302917108e-05,-0.39,0.1648,154.236,0
19.4247,48.323,2.0018682334921323e-05,-0.395,0.1648,154.235,0
19.426,48.323,1.1999546586594079e-05,-0.397,0.1648,154.263,0
19.4273,48.323,6.918717645021388e-06,-0.399,0.1648,154.227,0
19.4287,48.323,4.164051460975315e-06,-0.4,0.1648,154.248,0
19.4299,48.323,2.388822167631588e-06,-0.4,0.1648,154.263,0
19.4315,48.323,1.1033112059521955e-06,-0.401,0.1648,154.245,0
19.433,48.323,6.265945273753459e-08,-0.401,0.1648,154.221,0
19.4343,48.323,-7.331329925364116e-07,-0.401,0.1648,154.252,0
19.4356,48.323,-7.943477839944535e-07,-0.401,0.1648,154.237,0
19.437,48.323,-7.943477839944535e-07,-0.401,0.1648,154.258,0
19.4382,48.323,-7.943477839944535e-07,-0.401,0.1648,154.239,0
19.4396,48.323,-7.943477839944535e-07,-0.401,0.1648,154.231,0
19.4408,48.323,-7.943477839944535e-07,-0.401,0.1648,154.244,0
19.4421,48.323,-7.943477839944535e-07,-0.401,0.1648,154.238,0
19.4434,48.323,-7.943477839944535e-07,-0.401,0.1648,154.232,0
19.4447,48.323,-7.943477839944535e-07,-0.401,0.1648,154.235,0
19.446,48.323,-7.943477839944535e-07,-0.401,0.1648,154.267,0
19.4472,48.323,-7.943477839944535e-07,-0.401,0.1648,154.286,0
19.4486,48.323,-7.943477839944535e-07,-0.401,0.1648,154.224,0
19.45,48.323,-7.943477839944535e-07,-0.401,0.1648,154.28,0
19.4513,48.323,-7.943477839944535e-07,-0.401,0.1648,154.258,0
19.4526,48.323,-7.943477839944535e-07,-0.401,0.1648,154.248,0
19.4541,48.323,-7.943477839944535e-07,-0.401,0.1648,154.256,0
19.4554,48.323,-7.943477839944535e-07,-0.401,0.1648,154.264,0
19.4567,48.323,-7.943477839944535e-07,-0.401,0.1648,154.262,0
19.458,48.323,-7.943477839944535e-07,-0.401,0.1648,154.238,0
19.4592,48.323,-7.943477839944535e-07,-0.401,0.1648,154.268,0
19.4605,48.323,-7.943477839944535e-07,-0.401,0.1648,154.247,0
19.4619,48.323,-7.943477839944535e-07,-0.401,0.1648,154.247,0
19.4631,48.323,-7.943477839944535e-07,-0.401,0.1648,154.237,0
19.4644,48.323,-7.943477839944535e-07,-0.401,0.1648,154.249,0
19.4657,48.323,-7.943477839944535e-07,-0.401,0.1648,154.249,0
19.4669,48.323,-7.943477839944535e-07,-0.401,0.1648,154.224,0
19.4682,48.323,-7.943477839944535e-07,-0.401,0.1648,154.246,0
19.4694,48.323,-7.943477839944535e-07,-0.401,0.1648,154.258,0
19.4707,48.323,-7.943477839944535e-07,-0.401,0.1648,154.238,0
19.4721,48.323,-0.00014489397290162742,-0.448,0.1648,154.252,0
19.4733,48.323,-0.00023010496806818992,-0.475,0.1648,154.254,0
19.4746,48.323,-0.0001927639386849478,-0.463,0.1648,154.207,0
19.4759,48.323,-0.00014158834528643638,-0.447,0.1648,154.251,0
19.4771,48.323,-9.402444266015664e-05,-0.431,0.1648,154.227,0
19.4785,48.323,-6.182546349009499e-05,-0.421,0.1648,154.255,0
19.4798,48.323,-3.703347101691179e-05,-0.413,0.1648,154.25,0
19.4811,48.323,-2.252556623716373e-05,-0.408,0.1648,154.24,0
19.4824,48.323,-1.3526992006518412e-05,-0.406,0.1648,154.259,0
19.4836,48.323,-8.201303899113555e-06,-0.404,0.1648,154.253,0
19.4849,48.323,-4.895704023510916e-06,-0.403,0.1648,154.231,0
19.4862,48.323,-2.875616473829723e-06,-0.402,0.1648,154.247,0
19.4875,48.323,-1.3452461189444875e-06,-0.402,0.1648,154.223,0
19.4888,48.323,-5.494535457728489e-07,-0.401,0.1648,154.269,0
19.4901,48.323,1.851240654104913e-07,-0.401,0.1648,154.229,0
19.4914,48.323,7.972721505211666e-07,-0.401,0.1648,154.264,0
19.4926,48.323,7.972721505211666e-07,-0.401,0.1648,154.238,0
19.4941,48.323,7.972721505211666e-07,-0.401,0.1648,154.268,0
19.4954,48.323,7.972721505211666e-07,-0.401,0.1648,154.243,0
19.4966,48.323,7.972721505211666e-07,-0.401,0.1648,154.281,0
19.4981,48.323,7.972721505211666e-07,-0.401,0.1648,154.25,0
19.4993,48.323,7.972721505211666e-07,-0.401,0.1648,154.254,0
19.5006,48.323,7.972721505211666e-07,-0.401,0.1648,154.252,0
19.502,48.323,7.972721505211666e-07,-0.401,0.1648,154.257,0
19.5032,48.323,7.972721505211666e-07,-0.401,0.1648,154.245,0
19.5045,48.323,7.972721505211666e-07,-0.401,0.1648,154.213,0
19.5059,48.323,7.972721505211666e-07,-0.401,0.1648,154.246,0
19.5071,48.323,7.972721505211666e-07,-0.401,0.1648,154.24,0
19.5084,48.323,7.972721505211666e-07,-0.401,0.1648,154.265,0
19.5097,48.323,7.972721505211666e-07,-0.401,0.1648,154.226,0
19.5111,48.323,7.972721505211666e-07,-0.401,0.1648,154.26,0
19.5124,48.323,7.972721505211666e-07,-0.401,0.1648,154.229,0
19.5136,48.323,7.972721505211666e-07,-0.401,0.1648,154.257,0
19.5151,48.323,7.972721505211666e-07,-0.401,0.1648,154.278,0
19.5165,48.323,7.972721505211666e-07,-0.401,0.1648,154.257,0
19.5179,48.323,7.972721505211666e-07,-0.401,0.1648,154.258,0
19.5194,48.323,7.972721505211666e-07,-0.401,0.1648,154.242,0
19.5208,48.323,7.972721505211666e-07,-0.401,0.1648,154.273,0
19.5221,48.323,7.972721505211666e-07,-0.401,0.1648,154.218,0
19.5234,48.323,7.972721505211666e-07,-0.401,0.1648,154.214,0
19.5248,48.323,7.972721505211666e-07,-0.401,0.1648,154.274,0
19.5261,48.323,7.972721505211666e-07,-0.401,0.1648,154.246,0
19.5275,48.323,7.972721505211666e-07,-0.401,0.1648,154.246,0
19.5289,48.323,7.972721505211666e-07,-0.401,0.1648,154.224,0
19.5301,48.323,7.972721505211666e-07,-0.401,0.1648,154.25,0
19.5313,48.323,7.972721505211666e-07,-0.401,0.1648,154.246,0
19.5327,48.323,7.972721505211666e-07,-0.401,0.1648,154.261,0
19.5341,48.323,7.972721505211666e-07,-0.401,0.1648,154.279,0
19.5356,48.323,7.972721505211666e-07,-0.401,0.1648,154.238,0
19.5371,48.323,7.972721505211666e-07,-0.401,0.1648,154.251,0
19.5385,48.323,7.972721505211666e-07,-0.401,0.1648,154.245,0
19.5398,48.323,7.972721505211666e-07,-0.401,0.1648,154.254,0
19.5411,48.323,7.972721505211666e-07,-0.401,0.1648,154.249,0
19.5424,48.323,7.972721505211666e-07,-0.401,0.1648,154.235,0
19.5437,48.323,7.972721505211666e-07,-0.401,0.1648,154.241,0
19.545,48.323,7.972721505211666e-07,-0.401,0.1648,154.21,0
19.5463,48.323,7.972721505211666e-07,-0.401,0.1648,154.258,0
19.5475,48.323,7.972721505211666e-07,-0.401,0.1648,154.227,0
19.5488,48.323,7.972721505211666e-07,-0.401,0.1648,154.246,0
19.5501,48.323,7.972721505211666e-07,-0.401,0.1648,154.241,0
19.5513,48.323,7.972721505211666e-07,-0.401,0.1648,154.27,0
19.5525,48.323,7.972721505211666e-07,-0.401,0.1648,154.259,0
19.5538,48.323,7.972721505211666e-07,-0.401,0.1648,154.236,0
19.555,48.323,7.972721505211666e-07,-0.401,0.1648,154.225,0
19.5563,48.323,7.972721505211666e-07,-0.401,0.1648,154.253,0
19.5576,48.323,7.972721505211666e-07,-0.401,0.1648,154.281,0
19.5589,48.323,7.972721505211666e-07,-0.401,0.1648,154.248,0
19.5601,48.323,7.972721505211666e-07,-0.401,0.1648,154.254,0
19.5615,48.323,7.972721505211666e-07,-0.401,0.1648,154.242,0
19.5629,48.323,7.972721505211666e-07,-0.401,0.1648,154.225,0
19.5641,48.323,7.972721505211666e-07,-0.401,0.1648,154.244,0
19.5655,48.323,7.972721505211666e-07,-0.401,0.1648,154.258,0
19.5669,48.323,7.972721505211666e-07,-0.401,0.1648,154.268,0
19.5682,48.323,7.972721505211666e-07,-0.401,0.1648,154.257,0
19.5696,48.323,7.972721505211666e-07,-0.401,0.1648,154.216,0
19.5709,48.323,7.972721505211666e-07,-0.401,0.1648,154.241,0
19.5723,48.323,7.972721505211666e-07,-0.401,0.1648,154.264,0
19.5736,48.323,7.972721505211666e-07,-0.401,0.1648,154.253,0
19.5751,48.323,7.972721505211666e-07,-0.401,0.1648,154.238,0
19.5764,48.323,7.972721505211666e-07,-0.401,0.1648,154.24,0
19.5777,48.323,7.972721505211666e-07,-0.401,0.1648,154.246,0
19.5791,48.323,7.972721505211666e-07,-0.401,0.1648,154.259,0
19.5804,48.323,7.972721505211666e-07,-0.401,0.1648,154.252,0
19.5817,48.323,7.972721505211666e-07,-0.401,0.1648,154.236,0
19.583,48.323,7.972721505211666e-07,-0.401,0.1648,154.257,0
19.5842,48.323,7.972721505211666e-07,-0.401,0.1648,154.27,0
19.5855,48.323,7.972721505211666e-07,-0.401,0.1648,154.267,0
19.5868,48.323,7.972721505211666e-07,-0.401,0.1648,154.261,0
19.5881,48.323,7.972721505211666e-07,-0.401,0.1648,154.261,0
19.5894,48.323,7.972721505211666e-07,-0.401,0.1648,154.26,0
19.5906,48.323,7.972721505211666e-07,-0.401,0.1648,154.247,0
19.592,48.323,7.972721505211666e-07,-0.401,0.1648,154.236,0
19.5934,48.323,7.972721505211666e-07,-0.401,0.1648,154.234,0
19.5948,48.323,7.972721505211666e-07,-0.401,0.1648,154.283,0
19.5961,48.323,7.972721505211666e-07,-0.401,0.1648,154.267,0
19.5973,48.323,7.972721505211666e-07,-0.401,0.1648,154.259,0
19.5987,48.323,7.972721505211666e-07,-0.401,0.1648,154.243,0
19.5999,48.323,7.972721505211666e-07,-0.401,0.1648,154.275,0
19.6011,48.323,7.972721505211666e-07,-0.401,0.1648,154.262,0
19.6024,48.323,7.972721505211666e-07,-0.401,0.1648,154.274,0
19.6037,48.323,7.972721505211666e-07,-0.401,0.1648,154.238,0
19.6049,48.323,7.972721505211666e-07,-0.401,0.1648,154.263,0
19.6061,48.323,7.972721505211666e-07,-0.401,0.1648,154.256,0
19.6073,48.323,7.972721505211666e-07,-0.401,0.1648,154.26,0
19.6086,48.323,7.972721505211666e-07,-0.401,0.1648,154.232,0
19.6099,48.323,7.972721505211666e-07,-0.401,0.1648,154.238,0
19.6113,48.323,7.972721505211666e-07,-0.401,0.1648,154.232,0
19.6125,48.323,7.972721505211666e-07,-0.401,0.1648,154.246,0
19.6138,48.323,7.972721505211666e-07,-0.401,0.1648,154.253,0
19.6152,48.323,7.972721505211666e-07,-0.401,0.1648,154.249,0
19.6165,48.323,7.972721505211666e-07,-0.401,0.1648,154.244,0
19.6176,48.323,7.972721505211666e-07,-0.401,0.1648,154.295,0
19.6189,48.323,7.972721505211666e-07,-0.401,0.1648,154.264,0
19.6201,48.323,7.972721505211666e-07,-0.401,0.1648,154.246,0
19.6213,48.323,7.972721505211666e-07,-0.401,0.1648,154.259,0
19.6225,48.323,7.972721505211666e-07,-0.401,0.1648,154.264,0
19.6238,48.323,7.972721505211666e-07,-0.401,0.1648,154.255,0
19.625,48.323,7.972721505211666e-07,-0.401,0.1648,154.214,0
19.6262,48.323,7.972721505211666e-07,-0.401,0.1648,154.235,0
19.6274,48.323,7.972721505211666e-07,-0.401,0.1648,154.241,0
19.6287,48.323,7.972721505211666e-07,-0.401,0.1648,154.237,0
19.63,48.323,7.972721505211666e-07,-0.401,0.1648,154.261,0
19.6313,48.323,7.972721505211666e-07,-0.401,0.1648,154.254,0
19.6326,48.323,7.972721505211666e-07,-0.401,0.1648,154.237,0
19.6339,48.323,7.972721505211666e-07,-0.401,0.1648,154.233,0
19.6351,48.323,7.972721505211666e-07,-0.401,0.1648,154.26,0
19.6363,48.323,7.972721505211666e-07,-0.401,0.1648,154.263,0
19.6376,48.323,7.972721505211666e-07,-0.401,0.1648,154.236,0
19.6388,48.323,7.972721505211666e-07,-0.401,0.1648,154.272,0
19.6401,48.323,7.972721505211666e-07,-0.401,0.1648,154.275,0
19.6414,48.323,7.972721505211666e-07,-0.401,0.1648,154.235,0
19.6426,48.323,7.972721505211666e-07,-0.401,0.1648,154.292,0
19.6439,48.323,7.972721505211666e-07,-0.401,0.1648,154.27,0
19.6451,48.323,7.972721505211666e-07,-0.401,0.1648,154.216,0
19.6464,48.323,7.972721505211666e-07,-0.401,0.1648,154.249,0
19.6477,48.323,7.972721505211666e-07,-0.401,0.1648,154.241,0
19.649,48.323,7.972721505211666e-07,-0.401,0.1648,154.279,0
19.6502,48.323,7.972721505211666e-07,-0.401,0.1648,154.278,0
19.6514,48.323,7.972721505211666e-07,-0.401,0.1648,154.25,0
19.6527,48.323,7.972721505211666e-07,-0.401,0.1648,154.285,0
19.6541,48.323,7.972721505211666e-07,-0.401,0.1648,154.222,0
19.6553,48.323,7.972721505211666e-07,-0.401,0.1648,154.245,0
19.6565,48.323,7.972721505211666e-07,-0.401,0.1648,154.279,0
19.6578,48.323,7.972721505211666e-07,-0.401,0.1648,154.211,0
19.6592,48.323,7.972721505211666e-07,-0.401,0.1648,154.231,0
19.6604,48.323,7.972721505211666e-07,-0.401,0.1648,154.27,0
19.6617,48.323,7.972721505211666e-07,-0.401,0.1648,154.239,0
19.6629,48.323,7.972721505211666e-07,-0.401,0.1648,154.254,0
19.6642,48.323,7.972721505211666e-07,-0.401,0.1648,154.266,0
19.6655,48.323,7.972721505211666e-07,-0.401,0.1648,154.266,0
19.6668,48.323,7.972721505211666e-07,-0.401,0.1648,154.235,0
19.6681,48.323,7.972721505211666e-07,-0.401,0.1648,154.244,0
19.6693,48.323,7.972721505211666e-07,-0.401,0.1648,154.212,0
19.6705,48.323,7.972721505211666e-07,-0.401,0.1648,154.272,0
19.6719,48.323,7.972721505211666e-07,-0.401,0.1648,154.229,0
19.6731,48.323,7.972721505211666e-07,-0.401,0.1648,154.249,0
19.6744,48.323,7.972721505211666e-07,-0.401,0.1648,154.26,0
19.6756,48.323,7.972721505211666e-07,-0.401,0.1648,154.25,0
19.6768,48.323,7.972721505211666e-07,-0.401,0.1648,154.25,0
19.6781,48.323,7.972721505211666e-07,-0.401,0.1648,154.238,0
19.6794,48.323,7.972721505211666e-07,-0.401,0.1648,154.246,0
19.6806,48.323,7.972721505211666e-07,-0.401,0.1648,154.259,0
19.6818,48.323,7.972721505211666e-07,-0.401,0.1648,154.255,0
19.6831,48.323,7.972721505211666e-07,-0.401,0.1648,154.239,0
19.6843,48.323,7.972721505211666e-07,-0.401,0.1648,154.266,0
19.6857,48.323,7.972721505211666e-07,-0.401,0.1648,154.229,0
19.6871,48.323,7.972721505211666e-07,-0.401,0.1648,154.236,0
19.6884,48.323,7.972721505211666e-07,-0.401,0.1648,154.289,0
19.6896,48.323,7.972721505211666e-07,-0.401,0.1648,154.25,0
19.691,48.323,7.972721505211666e-07,-0.401,0.1648,154.265,0
19.6923,48.323,7.972721505211666e-07,-0.401,0.1648,154.265,0
19.6936,48.323,7.972721505211666e-07,-0.401,0.1648,154.25,0
19.695,48.323,7.972721505211666e-07,-0.401,0.1648,154.259,0
19.6963,48.323,7.972721505211666e-07,-0.401,0.1648,154.257,0
19.6975,48.323,7.972721505211666e-07,-0.401,0.1648,154.267,0
19.6989,48.323,7.972721505211666e-07,-0.401,0.1648,154.256,0
19.7001,48.323,7.972721505211666e-07,-0.401,0.1648,154.224,0
19.7013,48.323,7.972721505211666e-07,-0.401,0.1648,154.259,0
19.7026,48.323,7.972721505211666e-07,-0.401,0.1648,154.247,0
19.7039,48.323,7.972721505211666e-07,-0.401,0.1648,154.227,0
19.7051,48.323,7.972721505211666e-07,-0.401,0.1648,154.257,0
19.7064,48.323,7.972721505211666e-07,-0.401,0.1648,154.259,0
19.7076,48.323,7.972721505211666e-07,-0.401,0.1648,154.257,0
19.709,48.323,7.972721505211666e-07,-0.401,0.1648,154.232,0
19.7103,48.323,7.972721505211666e-07,-0.401,0.1648,154.234,0
19.7116,48.323,7.972721505211666e-07,-0.401,0.1648,154.244,0
19.7128,48.323,7.972721505211666e-07,-0.401,0.1648,154.251,0
19.7141,48.323,7.972721505211666e-07,-0.401,0.1648,154.232,0
19.7154,48.323,7.972721505211666e-07,-0.401,0.1648,154.247,0
19.7166,48.323,7.972721505211666e-07,-0.401,0.1648,154.266,0
19.718,48.323,7.972721505211666e-07,-0.401,0.1648,154.237,0
19.7193,48.323,7.972721505211666e-07,-0.401,0.1648,154.25,0
19.7206,48.323,7.972721505211666e-07,-0.401,0.1648,154.261,0
19.7218,48.323,7.972721505211666e-07,-0.401,0.1648,154.231,0
19.7231,48.323,7.972721505211666e-07,-0.401,0.1648,154.261,0
19.7244,48.323,7.972721505211666e-07,-0.401,0.1648,154.23,0
19.7258,48.323,7.972721505211666e-07,-0.401,0.1648,154.272,0
19.7271,48.323,7.972721505211666e-07,-0.401,0.1648,154.241,0
19.7284,48.323,7.972721505211666e-07,-0.401,0.1648,154.245,0
19.7297,48.323,7.972721505211666e-07,-0.401,0.1648,154.252,0
19.731,48.323,7.972721505211666e-07,-0.401,0.1648,154.263,0
19.7323,48.323,7.972721505211666e-07,-0.401,0.1648,154.227,0
19.7337,48.323,7.972721505211666e-07,-0.401,0.1648,154.214,0
19.7351,48.323,7.972721505211666e-07,-0.401,0.1648,154.252,0
19.7366,48.323,7.972721505211666e-07,-0.401,0.1648,154.243,0
19.738,48.323,7.972721505211666e-07,-0.401,0.1648,154.266,0
19.7393,48.323,7.972721505211666e-07,-0.401,0.1648,154.242,0
19.7405,48.323,7.972721505211666e-07,-0.401,0.1648,154.267,0
19.7418,48.323,7.972721505211666e-07,-0.401,0.1648,154.252,0
19.7431,48.323,7.972721505211666e-07,-0.401,0.1648,154.242,0
19.7445,48.323,7.972721505211666e-07,-0.401,0.1648,154.225,0
19.746,48.323,7.972721505211666e-07,-0.401,0.1648,154.235,0
19.7472,48.323,7.972721505211666e-07,-0.401,0.1648,154.215,0
19.7485,48.323,7.972721505211666e-07,-0.401,0.1648,154.287,0
19.7499,48.323,7.972721505211666e-07,-0.401,0.1648,154.274,0
19.7511,48.323,7.972721505211666e-07,-0.401,0.1648,154.253,0
19.7524,48.323,7.972721505211666e-07,-0.401,0.1648,154.224,0
19.7538,48.323,7.972721505211666e-07,-0.401,0.1648,154.208,0
19.7551,48.323,7.972721505211666e-07,-0.401,0.1648,154.214,0
19.7563,48.323,7.972721505211666e-07,-0.401,0.1648,154.259,0
19.7576,48.323,7.972721505211666e-07,-0.401,0.1648,154.276,0
19.7588,48.323,7.972721505211666e-07,-0.401,0.1648,154.254,0
19.7601,48.323,7.972721505211666e-07,-0.401,0.1648,154.238,0
19.7614,48.323,7.972721505211666e-07,-0.401,0.1648,154.221,0
19.7626,48.323,7.972721505211666e-07,-0.401,0.1648,154.234,0
19.7639,48.323,7.972721505211666e-07,-0.401,0.1648,154.262,0
19.7651,48.323,7.972721505211666e-07,-0.401,0.1648,154.255,0
19.7664,48.323,7.972721505211666e-07,-0.401,0.1648,154.246,0
19.7677,48.323,7.972721505211666e-07,-0.401,0.1648,154.25,0
19.7691,48.323,7.972721505211666e-07,-0.401,0.1648,154.248,0
19.7704,48.323,7.972721505211666e-07,-0.401,0.1648,154.264,0
19.7716,48.323,7.972721505211666e-07,-0.401,0.1648,154.286,0
19.773,48.323,7.972721505211666e-07,-0.401,0.1648,154.251,0
19.7743,48.323,7.972721505211666e-07,-0.401,0.1648,154.23,0
19.7756,48.323,7.972721505211666e-07,-0.401,0.1648,154.253,0
19.7768,48.323,7.972721505211666e-07,-0.401,0.1648,154.234,0
19.7781,48.323,7.972721505211666e-07,-0.401,0.1648,154.239,0
19.7793,48.323,7.972721505211666e-07,-0.401,0.1648,154.202,0
19.7806,48.323,7.972721505211666e-07,-0.401,0.1648,154.209,0
19.7819,48.323,7.972721505211666e-07,-0.401,0.1648,154.249,0
19.7832,48.323,7.972721505211666e-07,-0.401,0.1648,154.27,0
19.7845,48.323,7.972721505211666e-07,-0.401,0.1648,154.259,0
19.7859,48.323,7.972721505211666e-07,-0.401,0.1648,154.25,0
19.7873,48.323,7.972721505211666e-07,-0.401,0.1648,154.261,0
19.7887,48.323,7.972721505211666e-07,-0.401,0.1648,154.25,0
19.7902,48.323,7.972721505211666e-07,-0.401,0.1648,154.276,0
19.7915,48.323,7.972721505211666e-07,-0.401,0.1648,154.278,0
19.7928,48.323,7.972721505211666e-07,-0.401,0.1648,154.285,0
19.7942,48.323,7.972721505211666e-07,-0.401,0.1648,154.234,0
19.7955,48.323,7.972721505211666e-07,-0.401,0.1648,154.242,0
19.7968,48.323,7.972721505211666e-07,-0.401,0.1648,154.256,0
19.7981,48.323,7.972721505211666e-07,-0.401,0.1648,154.216,0
19.7993,48.323,7.972721505211666e-07,-0.401,0.1648,154.24,0
19.8006,48.323,7.972721505211666e-07,-0.401,0.1648,154.256,0
19.8018,48.323,7.972721505211666e-07,-0.401,0.1648,154.238,0
19.8032,48.323,7.972721505211666e-07,-0.401,0.1648,154.288,0
19.8045,48.323,7.972721505211666e-07,-0.401,0.1648,154.267,0
19.8058,48.323,7.972721505211666e-07,-0.401,0.1648,154.224,0
19.8071,48.323,7.972721505211666e-07,-0.401,0.1648,154.262,0
19.8083,48.323,7.972721505211666e-07,-0.401,0.1648,154.237,0
19.8096,48.323,7.972721505211666e-07,-0.401,0.1648,154.239,0
19.811,48.323,7.972721505211666e-07,-0.401,0.1648,154.247,0
19.8124,48.323,7.972721505211666e-07,-0.401,0.1648,154.278,0
19.814,48.323,7.972721505211666e-07,-0.401,0.1648,154.247,0
19.8153,48.323,7.972721505211666e-07,-0.401,0.1648,154.246,0
19.8166,48.323,7.972721505211666e-07,-0.401,0.1648,154.228,0
19.8179,48.323,7.972721505211666e-07,-0.401,0.1648,154.254,0
19.8191,48.323,7.972721505211666e-07,-0.401,0.1648,154.24,0
19.8205,48.323,7.972721505211666e-07,-0.401,0.1648,154.25,0
19.8219,48.323,7.972721505211666e-07,-0.401,0.1648,154.231,0
19.8231,48.323,7.972721505211666e-07,-0.401,0.1648,154.226,0
19.8244,48.323,7.972721505211666e-07,-0.401,0.1648,154.245,0
19.8257,48.323,7.972721505211666e-07,-0.401,0.1648,154.268,0
19.8271,48.323,7.972721505211666e-07,-0.401,0.1648,154.24,0
19.8285,48.323,7.972721505211666e-07,-0.401,0.1648,154.242,0
19.8299,48.323,7.972721505211666e-07,-0.401,0.1648,154.268,0
19.8311,48.323,7.972721505211666e-07,-0.401,0.1648,154.259,0
19.8325,48.323,7.972721505211666e-07,-0.401,0.1648,154.22,0
19.8341,48.323,7.972721505211666e-07,-0.401,0.1648,154.26,0
19.8355,48.323,7.972721505211666e-07,-0.401,0.1648,154.259,0
19.837,48.323,7.972721505211666e-07,-0.401,0.1648,154.266,0
19.8383,48.323,7.972721505211666e-07,-0.401,0.1648,154.253,0
19.8396,48.323,7.972721505211666e-07,-0.401,0.1648,154.206,0
19.841,48.323,7.972721505211666e-07,-0.401,0.1648,154.262,0
19.8424,48.323,7.972721505211666e-07,-0.401,0.1648,154.244,0
19.8437,48.323,7.972721505211666e-07,-0.401,0.1648,154.226,0
19.845,48.323,7.972721505211666e-07,-0.401,0.1648,154.244,0
19.8463,48.323,7.972721505211666e-07,-0.401,0.1648,154.23,0
19.8476,48.323,7.972721505211666e-07,-0.401,0.1648,154.251,0
19.8489,48.323,7.972721505211666e-07,-0.401,0.1648,154.273,0
19.8503,48.323,7.972721505211666e-07,-0.401,0.1648,154.276,0
19.8516,48.323,7.972721505211666e-07,-0.401,0.1648,154.231,0
19.8531,48.323,7.972721505211666e-07,-0.401,0.1648,154.251,0
19.8545,48.323,7.972721505211666e-07,-0.401,0.1648,154.246,0
19.8559,48.323,7.972721505211666e-07,-0.401,0.1648,154.222,0
19.8572,48.323,7.972721505211666e-07,-0.401,0.1648,154.233,0
19.8585,48.323,7.972721505211666e-07,-0.401,0.1648,154.258,0
19.8597,48.323,7.972721505211666e-07,-0.401,0.1648,154.252,0
19.8611,48.323,7.972721505211666e-07,-0.401,0.1648,154.266,0
19.8624,48.323,7.972721505211666e-07,-0.401,0.1648,154.24,0
19.8641,48.323,7.972721505211666e-07,-0.401,0.1648,154.267,0
19.8659,48.323,7.972721505211666e-07,-0.401,0.1648,154.276,0
19.8675,48.323,7.972721505211666e-07,-0.401,0.1648,154.26,0
19.8693,48.323,7.972721505211666e-07,-0.401,0.1648,154.254,0
19.8706,48.323,7.972721505211666e-07,-0.401,0.1648,154.218,0
19.8721,48.323,7.972721505211666e-07,-0.401,0.1648,154.217,0
19.8734,48.323,7.972721505211666e-07,-0.401,0.1648,154.257,0
19.8748,48.323,7.972721505211666e-07,-0.401,0.1648,154.234,0
19.8764,48.323,7.972721505211666e-07,-0.401,0.1648,154.271,0
19.8781,48.323,7.972721505211666e-07,-0.401,0.1648,154.236,0
19.8797,48.323,7.972721505211666e-07,-0.401,0.1648,154.258,0
19.8812,48.323,7.972721505211666e-07,-0.401,0.1648,154.253,0
19.8826,48.323,7.972721505211666e-07,-0.401,0.1648,154.244,0
19.8841,48.323,7.972721505211666e-07,-0.401,0.1648,154.269,0
19.8855,48.323,7.972721505211666e-07,-0.401,0.1648,154.223,0
19.887,48.323,7.972721505211666e-07,-0.401,0.1648,154.254,0
19.8883,48.323,7.972721505211666e-07,-0.401,0.1648,154.265,0
19.8897,48.323,7.972721505211666e-07,-0.401,0.1648,154.246,0
19.8911,48.323,7.972721505211666e-07,-0.401,0.1648,154.224,0
19.8925,48.323,7.972721505211666e-07,-0.401,0.1648,154.242,0
19.8939,48.323,7.972721505211666e-07,-0.401,0.1648,154.223,0
19.8955,48.323,7.972721505211666e-07,-0.401,0.1648,154.289,0
19.8972,48.323,7.972721505211666e-07,-0.401,0.1648,154.228,0
19.8991,48.323,7.972721505211666e-07,-0.401,0.1648,154.235,0
19.9005,48.323,7.972721505211666e-07,-0.401,0.1648,154.271,0
19.9019,48.323,7.972721505211666e-07,-0.401,0.1648,154.268,0
19.9035,48.323,7.972721505211666e-07,-0.401,0.1648,154.241,0
19.9054,48.323,7.972721505211666e-07,-0.401,0.1648,154.235,0
19.9071,48.323,7.972721505211666e-07,-0.401,0.1648,154.271,0
19.9087,48.323,7.972721505211666e-07,-0.401,0.1648,154.247,0
19.9102,48.323,7.972721505211666e-07,-0.401,0.1648,154.248,0
19.9116,48.323,7.972721505211666e-07,-0.401,0.1648,154.263,0
19.9131,48.323,7.972721505211666e-07,-0.401,0.1648,154.242,0
19.9144,48.323,7.972721505211666e-07,-0.401,0.1648,154.27,0
19.916,48.323,7.972721505211666e-07,-0.401,0.1648,154.259,0
19.9174,48.323,7.972721505211666e-07,-0.401,0.1648,154.244,0
19.9187,48.323,7.972721505211666e-07,-0.401,0.1648,154.264,0
19.9203,48.323,7.972721505211666e-07,-0.401,0.1648,154.234,0
19.9218,48.323,7.972721505211666e-07,-0.401,0.1648,154.238,0
19.9233,48.323,7.972721505211666e-07,-0.401,0.1648,154.255,0
19.925,48.323,7.972721505211666e-07,-0.401,0.1648,154.251,0
19.9265,48.323,7.972721505211666e-07,-0.401,0.1648,154.273,0
19.9279,48.323,7.972721505211666e-07,-0.401,0.1648,154.262,0
19.9296,48.323,7.972721505211666e-07,-0.401,0.1648,154.246,0
19.9312,48.323,7.972721505211666e-07,-0.401,0.1648,154.285,0
19.9328,48.323,7.972721505211666e-07,-0.401,0.1648,154.252,0
19.9344,48.323,7.972721505211666e-07,-0.401,0.1648,154.257,0
19.936,48.323,7.972721505211666e-07,-0.401,0.1648,154.235,0
19.9373,48.323,7.972721505211666e-07,-0.401,0.1648,154.257,0
19.9385,48.323,7.972721505211666e-07,-0.401,0.1648,154.239,0
19.9398,48.323,7.972721505211666e-07,-0.401,0.1648,154.224,0
19.9411,48.323,7.972721505211666e-07,-0.401,0.1648,154.259,0
19.9424,48.323,7.972721505211666e-07,-0.401,0.1648,154.242,0
19.9436,48.323,7.972721505211666e-07,-0.401,0.1648,154.258,0
19.9448,48.323,7.972721505211666e-07,-0.401,0.1648,154.235,0
19.9461,48.323,7.972721505211666e-07,-0.401,0.1648,154.258,0
19.9474,48.323,7.972721505211666e-07,-0.401,0.1648,154.257,0
19.9486,48.323,7.972721505211666e-07,-0.401,0.1648,154.25,0
19.9499,48.323,7.972721505211666e-07,-0.401,0.1648,154.257,0
19.9512,48.323,7.972721505211666e-07,-0.401,0.1648,154.229,0
19.9526,48.323,7.972721505211666e-07,-0.401,0.1648,154.234,0
19.954,48.323,7.972721505211666e-07,-0.401,0.1648,154.235,0
19.9552,48.323,7.972721505211666e-07,-0.401,0.1648,154.246,0
19.9565,48.323,7.972721505211666e-07,-0.401,0.1648,154.254,0
19.9577,48.323,7.972721505211666e-07,-0.401,0.1648,154.209,0
19.959,48.323,7.972721505211666e-07,-0.401,0.1648,154.235,0
19.9602,48.323,7.972721505211666e-07,-0.401,0.1648,154.231,0
19.9614,48.323,7.972721505211666e-07,-0.401,0.1648,154.254,0
19.9626,48.323,7.972721505211666e-07,-0.401,0.1648,154.252,0
19.9638,48.323,7.972721505211666e-07,-0.401,0.1648,154.268,0
19.9651,48.323,7.972721505211666e-07,-0.401,0.1648,154.231,0
19.9663,48.323,7.972721505211666e-07,-0.401,0.1648,154.242,0
19.9675,48.323,7.972721505211666e-07,-0.401,0.1648,154.266,0
19.9688,48.323,7.972721505211666e-07,-0.401,0.1648,154.262,0
19.9701,48.323,7.972721505211666e-07,-0.401,0.1648,154.264,0
19.9715,48.323,7.972721505211666e-07,-0.401,0.1648,154.227,0
19.9728,48.323,7.972721505211666e-07,-0.401,0.1648,154.227,0
19.9743,48.323,7.972721505211666e-07,-0.401,0.1648,154.272,0
19.9756,48.323,7.972721505211666e-07,-0.401,0.1648,154.229,0
19.9768,48.323,7.972721505211666e-07,-0.401,0.1648,154.243,0
19.9781,48.323,7.972721505211666e-07,-0.401,0.1648,154.244,0
19.9793,48.323,7.972721505211666e-07,-0.401,0.1648,154.239,0
19.9806,48.323,7.972721505211666e-07,-0.401,0.1648,154.258,0
19.9818,48.323,7.972721505211666e-07,-0.401,0.1648,154.255,0
19.9832,48.323,7.972721505211666e-07,-0.401,0.1648,154.278,0
19.9844,48.323,7.972721505211666e-07,-0.401,0.1648,154.27,0
19.9857,48.323,7.972721505211666e-07,-0.401,0.1648,154.238,0
19.987,48.323,7.972721505211666e-07,-0.401,0.1648,154.258,0
19.9883,48.323,7.972721505211666e-07,-0.401,0.1648,154.213,0
19.9895,48.323,7.972721505211666e-07,-0.401,0.1648,154.257,0
19.9907,48.323,7.972721505211666e-07,-0.401,0.1648,154.243,0
19.992,48.323,7.972721505211666e-07,-0.401,0.1648,154.253,0
19.9932,48.323,7.972721505211666e-07,-0.401,0.1648,154.252,0
19.9945,48.323,7.972721505211666e-07,-0.401,0.1648,154.247,0
19.996,48.323,7.972721505211666e-07,-0.401,0.1648,154.264,0
19.9972,48.323,7.972721505211666e-07,-0.401,0.1648,154.256,0
19.9984,48.323,7.972721505211666e-07,-0.401,0.1648,154.269,0
19.9996,48.323,7.972721505211666e-07,-0.401,0.1648,154.27,0
20.0009,48.323,7.972721505211666e-07,-0.401,0.1648,154.26,0
20.0021,48.323,7.972721505211666e-07,-0.401,0.1648,154.242,0
20.0033,48.323,7.972721505211666e-07,-0.401,0.1648,154.237,0
20.0046,48.323,7.972721505211666e-07,-0.401,0.1648,154.223,0
20.0058,48.323,7.972721505211666e-07,-0.401,0.1648,154.24,0
20.0071,48.323,7.972721505211666e-07,-0.401,0.1648,154.242,0
20.0082,48.323,7.972721505211666e-07,-0.401,0.1648,154.262,0
20.0094,48.323,7.972721505211666e-07,-0.401,0.1648,154.228,0
20.0107,48.323,7.972721505211666e-07,-0.401,0.1648,154.239,0
20.012,48.323,7.972721505211666e-07,-0.401,0.1648,154.273,0
20.0132,48.323,7.972721505211666e-07,-0.401,0.1648,154.247,0
20.0144,48.323,7.972721505211666e-07,-0.401,0.1648,154.273,0
20.0157,48.323,7.972721505211666e-07,-0.401,0.1648,154.209,0
20.0169,48.323,7.972721505211666e-07,-0.401,0.1648,154.256,0
20.0182,48.323,7.972721505211666e-07,-0.401,0.1648,154.265,0
20.0196,48.323,7.972721505211666e-07,-0.401,0.1648,154.202,0
20.0209,48.323,7.972721505211666e-07,-0.401,0.1648,154.239,0
20.0221,48.323,7.972721505211666e-07,-0.401,0.1648,154.24,0
20.0234,48.323,7.972721505211666e-07,-0.401,0.1648,154.252,0
20.0246,48.323,7.972721505211666e-07,-0.401,0.1648,154.265,0
20.0258,48.323,7.972721505211666e-07,-0.401,0.1648,154.238,0
20.0271,48.323,7.972721505211666e-07,-0.401,0.1648,154.254,0
20.0284,48.323,7.972721505211666e-07,-0.401,0.1648,154.274,0
20.0297,48.323,7.972721505211666e-07,-0.401,0.1648,154.244,0
20.0309,48.323,7.972721505211666e-07,-0.401,0.1648,154.277,0
20.0322,48.323,7.972721505211666e-07,-0.401,0.1648,154.221,0
20.0334,48.323,7.972721505211666e-07,-0.401,0.1648,154.289,0
20.0347,48.323,7.972721505211666e-07,-0.401,0.1648,154.287,0
20.036,48.323,7.972721505211666e-07,-0.401,0.1648,154.237,0
20.0373,48.323,7.972721505211666e-07,-0.401,0.1648,154.235,0
20.0387,48.323,7.972721505211666e-07,-0.401,0.1648,154.283,0
20.04,48.323,7.972721505211666e-07,-0.401,0.1648,154.222,0
20.0413,48.323,7.972721505211666e-07,-0.401,0.1648,154.257,0
20.0425,48.323,7.972721505211666e-07,-0.401,0.1648,154.211,0
20.0437,48.323,7.972721505211666e-07,-0.401,0.1648,154.231,0
20.045,48.323,7.972721505211666e-07,-0.401,0.1648,154.25,0
20.0462,48.323,7.972721505211666e-07,-0.401,0.1648,154.255,0
20.0475,48.323,7.972721505211666e-07,-0.401,0.1648,154.231,0
20.0488,48.323,7.972721505211666e-07,-0.401,0.1648,154.251,0
20.0501,48.323,7.972721505211666e-07,-0.401,0.1648,154.272,0
20.0513,48.323,7.972721505211666e-07,-0.401,0.1648,154.24,0
20.0526,48.323,7.972721505211666e-07,-0.401,0.1648,154.231,0
20.0539,48.323,7.972721505211666e-07,-0.401,0.1648,154.252,0
20.0551,48.323,7.972721505211666e-07,-0.401,0.1648,154.227,0
20.0564,48.323,7.972721505211666e-07,-0.401,0.1648,154.251,0
20.0576,48.323,7.972721505211666e-07,-0.401,0.1648,154.256,0
20.0588,48.323,7.972721505211666e-07,-0.401,0.1648,154.237,0
20.0601,48.323,7.972721505211666e-07,-0.401,0.1648,154.25,0
20.0614,48.323,7.972721505211666e-07,-0.401,0.1648,154.247,0
20.0626,48.323,7.972721505211666e-07,-0.401,0.1648,154.259,0
20.0641,48.323,7.972721505211666e-07,-0.401,0.1648,154.242,0
20.0653,48.323,7.972721505211666e-07,-0.401,0.1648,154.257,0
20.0665,48.323,0.00020347944519016892,-0.335,0.1648,154.261,0
20.0678,48.323,0.00022392520622815937,-0.329,0.1648,154.245,0
20.0691,48.323,0.0001757491409080103,-0.344,0.1648,154.25,0
20.0705,48.323,0.00012181887723272666,-0.362,0.1648,154.248,0
20.0717,48.323,7.921338692540303e-05,-0.376,0.1648,154.255,0
20.073,48.323,5.166673145140521e-05,-0.384,0.1648,154.239,0
20.0743,48.323,3.183313674526289e-05,-0.391,0.1648,154.258,0
20.0755,48.323,1.9222890841774642e-05,-0.395,0.1648,154.274,0
20.0768,48.323,1.1509827345435042e-05,-0.397,0.1648,154.251,0
20.0781,48.323,6.918717645021388e-06,-0.399,0.1648,154.265,0
20.0794,48.323,4.164051460975315e-06,-0.4,0.1648,154.263,0
20.0806,48.323,2.388822167631588e-06,-0.4,0.1648,154.252,0
20.082,48.323,1.1033112059521955e-06,-0.401,0.1648,154.278,0
20.0833,48.323,3.075186327805568e-07,-0.401,0.1648,154.244,0
